id,segmentation
000001,0 30 38 116 157 6 174 111 293 127 429 112 548 128 682 114 803 129 936 116 1059 129 1191 117 1315 128 1446 117 1571 128 1701 118 1826 248 2082 248 2338 247 2593 247 2849 247 3105 247 3360 248 3616 248 3871 249 4127 249 4383 248 4639 248 4896 246 5152 245 5409 243 5665 243 5921 243 6178 242 6434 222 6657 19 6690 222 6913 19 6945 223 7169 19 7201 223 7425 19 7457 223 7681 19 7713 223 7938 18 7969 223 8194 18 8225 223 8451 16 8481 223 8708 15 8737 223 8964 15 8993 223 9221 14 9249 223 9477 16 9504 224 9735 16 9753 231 9994 246 10249 247 10503 249 10759 249 11014 250 11267 4625 15896 253 16153 253 16411 253 16667 254 16924 253 17180 253 17437 252 17693 251 17949 250 18205 248 18462 244 18718 243 18974 242 19231 239 19487 240 19743 188 19937 46 20000 183 20193 46 20256 182 20448 47 20512 179 20702 49 20768 177 20956 51 21023 171 21212 50 21279 132 21419 25 21467 50 21536 126 21678 20 21722 49 21793 124 21942 13 21978 47 22051 79 22131 42 22198 13 22233 47 22307 78 22388 40 22455 11 22489 45 22563 77 22645 38 22711 11 22744 45 22819 76 22900 36 22973 2 22985 2 23000 44 23074 77 23156 34 23240 4 23255 44 23330 75 23412 33 23497 3 23511 44 23586 75 23668 32 23767 42 23824 4 23841 76 23924 31 24023 41 24078 7 24096 77 24180 29 24278 42 24334 7 24350 54 24408 20 24436 29 24532 44 24589 8 24605 49 24665 19 24693 28 24788 44 24845 8 24860 50 24921 17 24951 26 25043 45 25091 4 25101 8 25116 40 25159 6 25177 16 25209 24 25299 45 25346 5 25357 10 25372 39 25416 3 25432 16 25466 23 25555 45 25601 7 25612 53 25688 15 25722 22 25810 54 25867 18 25890 28 25943 15 25979 21 26066 75 26149 24 26199 15 26235 21 26322 75 26407 23 26454 16 26491 21 26578 76 26664 22 26710 15 26747 21 26834 77 26921 22 26966 15 27003 20 27090 78 27178 22 27221 16 27259 15 27346 78 27435 21 27460 1 27477 15 27515 14 27602 78 27691 27 27734 11 27772 12 27857 80 27947 28 27991 7 28029 9 28113 80 28204 27 28248 4 28286 6 28370 80 28460 27 28544 1 28626 80 28717 26 28882 81 28974 26 29138 81 29231 25 29394 82 29489 23 29651 81 29747 21 29908 80 30003 21 30164 80 30261 19 30420 80 30521 15 30677 79 30779 12 30934 78 31035 12 31190 78 31291 11 31446 78 31547 11 31703 77 31802 12 31959 77 32058 11 32216 81 32314 11 32473 83 32571 9 32730 83 32827 9 32988 84 33083 8 33244 88 33339 7 33501 88 33596 5 33759 86 33853 2 34017 85 34274 85 34530 87 34787 87 34987 2 35043 89 35235 21 35299 90 35490 24 35555 91 35746 25 35811 92 36001 27 36067 93 36236 6 36257 28 36324 92 36491 7 36512 30 36581 92 36746 9 36767 32 36837 93 37000 11 37022 33 37093 94 37253 15 37278 35 37349 95 37505 21 37534 36 37605 95 37760 23 37789 43 37861 96 38016 25 38044 46 38117 97 38271 78 38373 97 38525 82 38629 97 38776 88 38885 98 39031 89 39142 97 39287 89 39399 96 39542 90 39656 95 39797 90 39913 94 40052 91 40170 93 40308 90 40428 91 40563 91 40685 90 40818 91 40943 87 41074 91 41201 85 41329 91 41458 84 41584 90 41714 83 41839 90 41971 82 42095 89 42228 82 42351 89 42485 81 42580 1 42607 91 42741 81 42834 5 42862 92 42996 82 43090 7 43118 86 43206 5 43241 93 43346 16 43373 83 43462 5 43495 95 43602 18 43626 83 43720 4 43750 96 43858 106 43976 4 44006 96 44114 87 44203 15 44261 96 44370 103 44517 96 44625 104 44773 96 44881 108 45029 95 45136 111 45285 95 45391 112 45541 93 45646 114 45797 92 45902 114 46053 90 46158 115 46307 90 46415 114 46563 88 46672 115 46818 88 46928 115 47074 88 47185 98 47285 13 47330 89 47441 98 47544 9 47586 89 47698 98 47800 8 47841 90 47954 98 48054 10 48097 89 48211 107 48352 90 48468 105 48608 91 48725 104 48863 93 48981 103 49117 103 49237 103 49372 106 49493 103 49626 111 49750 103 49882 112 50006 104 50137 113 50263 104 50390 116 50519 104 50643 119 50775 104 50897 121 51032 103 51149 124 51289 101 51404 125 51545 98 51658 126 51802 96 51911 129 52058 96 52165 132 52314 96 52419 135 52570 96 52672 139 52827 94 52926 141 53087 89 53182 142 53345 86 53437 144 53602 84 53693 144 53858 73 53937 2 53950 144 54115 71 54206 144 54371 70 54463 143 54628 68 54719 142 54885 7 54894 57 54976 141 55142 4 55153 54 55232 141 55411 52 55488 142 55668 51 55743 143 55925 50 55999 145 56182 48 56244 6 56255 146 56439 47 56498 8 56512 146 56699 43 56752 11 56768 146 56958 39 57007 12 57024 147 57215 38 57263 13 57280 148 57470 39 57519 13 57537 149 57725 40 57774 15 57793 149 57980 42 58029 16 58049 151 58235 44 58285 17 58305 152 58489 46 58540 173 58745 47 58795 174 59001 222 59256 214 59471 5 59513 212 59769 212 60025 213 60239 2 60282 218 60538 219 60766 6 60795 219 61021 7 61053 219 61275 10 61311 231 61569 229 61829 227 62086 232 62348 228 62605 114 62720 113 62862 93 62956 18 62976 113 63118 91 63213 16 63232 114 63352 1 63374 91 63470 15 63488 114 63606 6 63630 91 63725 16 63744 115 63861 8 63884 95 63980 16 64000 127 64139 112 64256 129 64394 112 64512 130 64650 112 64768 131 64906 112 65024 131 65162 112 65280 132 65419 111
000002,0 251 256 251 512 251 768 251 1024 251 1280 250 1536 250 1792 249 2048 248 2304 248 2560 247 2816 247 3072 247 3327 248 3583 249 3838 251 4094 252 4349 254 4605 60931
000003,0 65536
000004,0 65536
000005,0 65536
000006,153 8 192 56 411 5 447 57 702 57 958 57 1213 58 1468 59 1724 59 1979 60 2235 60 2491 61 2747 61 3003 60 3259 60 3512 63 3759 71 4014 71 4269 73 4525 75 4780 28 4810 47 5035 28 5067 49 5290 28 5324 51 5544 30 5580 52 5800 29 5836 52 6055 28 6092 52 6311 27 6349 51 6567 25 6604 52 6822 25 6860 52 7079 23 7115 53 7335 22 7370 54 7592 19 7625 55 7848 7 7858 7 7881 54 8107 1 8116 1 8136 51 8392 49 8647 49 8902 50 9155 54 9410 56 9665 57 9920 59 10176 59 10431 59 10688 58 10944 55 11200 53 11457 51 11714 49 11766 10 11971 47 12021 11 12227 39 12271 17 12484 36 12527 17 12742 32 12782 18 13000 29 13037 19 13256 30 13292 20 13513 30 13548 20 13769 33 13804 20 14026 54 14282 54 14538 54 14795 53 15053 51 15317 43 15574 42 15830 42 16074 4 16085 43 16329 7 16340 44 16584 9 16596 44 16839 10 16851 45 17094 58 17349 12 17363 45 17604 12 17620 44 17860 12 17875 45 18116 11 18131 45 18373 10 18386 46 18630 8 18642 46 18888 5 18897 11 18914 30 19152 11 19171 29 19408 10 19428 28 19663 11 19684 9 19695 17 19919 10 19940 9 19953 15 20176 8 20197 8 20212 2 20454 6 20711 4 21721 5 21972 10 22227 11 22482 13 22737 14 22992 15 23247 16 23502 17 23758 16 24014 16 24063 1 24270 15 24309 3 24317 3 24527 13 24545 1 24564 5 24572 4 24784 11 24800 2 24820 12 25040 10 25077 11 25296 9 25333 11 25553 6 25589 11 25810 4 25845 11 26101 11 26357 11 26612 12 26868 12 27124 12 27379 13 27635 13 27890 14 28146 14 28402 14 28658 14 28914 14 29169 15 29425 15 29680 16 29936 16 30193 11 30449 10 30706 8 30963 6 31222 2 42862 6 42870 1 43118 9 43373 10 43629 10 43885 10 44141 9 44397 9 44653 8 44909 7 45166 5 45422 4
000007,0 65536
000008,32 43 106 8 153 8 194 49 288 43 361 9 409 7 450 49 544 44 617 9 666 6 705 50 800 44 872 11 961 50 1056 45 1127 12 1217 51 1312 46 1383 11 1473 52 1569 45 1639 11 1729 53 1825 47 1895 11 1985 54 2082 48 2151 11 2241 54 2339 48 2407 11 2497 54 2595 49 2663 10 2752 56 2851 50 2920 8 3008 55 3106 52 3176 7 3264 55 3354 61 3433 6 3520 55 3607 65 3689 5 3776 55 3861 68 3946 3 4032 56 4116 70 4223 4 4288 58 4371 73 4477 7 4521 2 4544 59 4626 76 4732 9 4775 7 4799 60 4882 78 4986 12 5029 13 5054 61 5137 81 5241 14 5278 24 5310 62 5393 84 5496 17 5532 28 5565 62 5649 86 5751 18 5788 30 5820 63 5905 87 6006 20 6043 96 6162 87 6261 21 6298 96 6418 87 6517 20 6554 95 6674 87 6772 21 6809 96 6930 86 7029 20 7064 96 7186 86 7285 19 7319 97 7430 3 7442 85 7541 19 7574 97 7685 7 7697 86 7797 19 7829 98 7940 99 8054 17 8085 98 8192 102 8310 12 8324 1 8340 99 8448 103 8565 12 8596 99 8704 103 8820 12 8851 99 8960 103 9076 12 9107 99 9216 104 9332 6 9340 1 9362 99 9472 104 9588 4 9618 98 9728 104 9846 1 9874 97 9984 104 10129 97 10240 104 10386 95 10496 103 10642 94 10752 103 10898 93 11008 102 11155 92 11264 101 11412 91 11520 100 11669 90 11776 99 11926 89 12032 98 12183 88 12288 98 12439 89 12544 98 12696 89 12800 98 12952 90 13056 98 13209 89 13312 98 13466 89 13568 99 13723 88 13824 99 13980 88 14080 99 14236 87 14336 99 14492 86 14592 100 14748 84 14848 100 15004 83 15104 101 15222 4 15259 83 15360 102 15470 14 15515 83 15616 104 15725 21 15771 83 15872 106 15980 24 16027 82 16128 133 16283 82 16384 134 16539 82 16640 135 16795 83 16896 136 17052 82 17152 137 17309 80 17408 138 17567 78 17664 139 17823 78 17920 139 18080 76 18176 140 18319 5 18334 78 18432 149 18589 79 18688 150 18844 79 18944 151 19100 78 19200 151 19355 78 19456 152 19611 76 19712 152 19866 77 19960 3 19968 230 20215 5 20224 230 20471 5 20480 229 20726 5 20736 229 20982 5 20992 229 21238 4 21248 229 21484 2 21493 6 21504 230 21738 6 21749 6 21760 240 22006 5 22016 241 22262 5 22272 241 22518 6 22528 241 22774 6 22784 242 23030 6 23040 243 23286 7 23296 244 23544 4 23552 244 23808 244 24064 244 24320 244 24576 243 24832 243 25088 243 25344 242 25600 242 25856 241 26112 240 26368 239 26624 238 26880 237 27136 237 27392 237 27648 236 27904 236 28160 236 28416 236 28672 236 28928 235 29184 126 29315 104 29440 126 29571 104 29696 125 29827 104 29952 124 30082 104 30208 123 30338 104 30464 122 30593 104 30720 120 30849 103 30976 119 31104 103 31232 117 31359 104 31488 117 31613 106 31744 117 31867 108 32000 118 32122 110 32241 7 32256 118 32377 114 32496 9 32512 118 32632 115 32751 11 32768 235 33005 13 33024 234 33261 13 33280 233 33517 13 33536 232 33773 13 33793 95 33895 128 34029 14 34048 94 34153 125 34286 13 34304 94 34410 120 34544 11 34560 84 34645 8 34666 118 34801 10 34816 76 34922 117 35058 9 35072 72 35177 117 35314 9 35328 72 35432 117 35570 10 35584 71 35687 117 35826 10 35840 70 35942 117 36082 9 36096 66 36197 118 36339 11 36352 64 36453 118 36596 74 36709 119 36853 72 36965 119 37114 66 37210 5 37220 120 37370 65 37465 7 37476 120 37613 4 37625 65 37721 7 37732 120 37868 6 37881 65 37977 6 37988 120 38124 6 38136 3 38140 61 38233 3 38244 120 38380 6 38392 2 38400 57 38501 118 38636 5 38645 4 38656 56 38757 102 38865 9 38893 3 38898 68 39014 101 39154 66 39270 100 39410 65 39515 4 39526 99 39665 65 39764 1 39769 7 39781 100 39921 64 40017 16 40037 100 40176 64 40271 19 40293 101 40432 61 40525 125 40682 66 40780 127 40937 23 40961 39 41035 127 41191 25 41217 37 41291 127 41445 27 41473 35 41547 127 41700 28 41730 33 41803 128 41956 28 41987 30 42059 128 42213 27 42243 29 42315 128 42471 25 42501 25 42571 129 42728 24 42760 20 42827 130 42984 24 43018 16 43084 129 43239 25 43275 13 43341 128 43492 28 43531 8 43599 127 43747 29 43788 5 43856 126 44003 29 44113 124 44259 29 44370 10 44384 108 44516 5 44523 21 44628 7 44641 106 44781 19 44886 3 44897 106 45038 18 45154 105 45294 18 45410 104 45550 18 45666 105 45807 17 45923 105 46063 12 46079 1 46180 105 46320 5 46437 105 46693 105 46949 105 47165 4 47175 5 47205 105 47359 1 47418 20 47461 104 47615 1 47671 23 47717 101 47871 1 47925 26 47972 101 48127 1 48179 29 48227 101 48434 31 48481 103 48689 32 48734 107 48885 5 48944 34 48989 111 49140 7 49150 2 49199 34 49245 112 49389 19 49455 34 49501 112 49644 20 49711 33 49757 112 49899 21 49966 33 50013 111 50153 23 50219 35 50269 111 50407 25 50464 4 50473 36 50525 110 50661 27 50718 46 50781 109 50915 29 50973 47 51036 109 51171 29 51229 47 51290 110 51427 29 51478 54 51543 112 51683 29 51731 57 51795 115 51939 29 51986 58 52050 116 52195 29 52237 62 52305 118 52451 29 52492 63 52561 119 52704 32 52746 64 52817 122 52950 42 53001 65 53073 126 53205 43 53257 65 53329 128 53461 43 53513 65 53585 130 53717 43 53769 65 53841 175 54025 65 54097 175 54281 65 54351 177 54537 65 54605 179 54793 247 55049 247 55304 248 55560 248 55816 248 56072 248 56328 248 56583 249 56839 249 57095 249 57351 249 57608 248 57864 248 58121 247 58378 246 58635 245 58892 244 59149 243 59406 242 59662 242 59920 240 60184 232 60441 231 60697 231 60952 232 61208 232 61464 232 61721 231 61978 230 62235 229 62492 228 62749 227 63006 226 63263 225 63521 223 63778 222 64034 222 64291 221 64547 221 64803 221 65053 227 65308 228
000009,0 25 38 24 106 5 153 128 293 25 362 4 409 128 548 26 665 128 803 26 921 118 1041 7 1059 26 1177 116 1299 5 1314 28 1433 115 1557 2 1569 29 1636 10 1663 2 1690 113 1823 32 1891 12 1946 113 2077 35 2147 13 2203 112 2331 38 2402 15 2458 112 2585 41 2658 15 2714 112 2840 45 2913 17 2969 113 3095 47 3169 17 3225 113 3351 48 3425 17 3481 112 3606 50 3681 17 3737 112 3860 52 3937 16 3993 112 4115 53 4193 15 4249 112 4370 55 4448 16 4506 110 4626 56 4703 16 4762 110 4882 56 4959 15 5019 109 5138 57 5215 15 5276 108 5394 58 5459 4 5471 15 5532 112 5650 58 5713 8 5728 14 5790 112 5904 74 5985 12 6047 189 6242 11 6303 190 6499 9 6559 191 6755 8 6816 190 7012 7 7072 104 7178 84 7269 4 7328 103 7434 84 7584 103 7690 84 7840 103 7946 84 8096 96 8194 4 8202 84 8352 96 8458 84 8609 95 8714 84 8865 95 8971 84 9121 95 9227 84 9377 95 9484 83 9632 96 9739 84 9887 97 9995 84 10124 116 10251 84 10378 118 10507 29 10539 52 10633 119 10764 28 10796 51 10889 119 11020 27 11052 51 11145 119 11277 26 11308 51 11400 120 11533 25 11564 52 11655 121 11789 24 11821 51 11910 122 12045 24 12077 52 12165 123 12301 23 12334 52 12421 123 12558 21 12591 51 12676 124 12815 19 12851 47 12931 125 13075 14 13108 46 13185 127 13334 9 13366 44 13440 128 13623 44 13695 129 13880 43 13951 129 14135 44 14207 129 14391 44 14464 128 14647 44 14720 128 14904 43 14977 127 15160 44 15233 127 15417 43 15489 127 15673 45 15744 128 15928 46 16000 128 16185 46 16255 129 16441 47 16511 129 16697 46 16767 129 16954 45 17024 128 17209 47 17279 129 17464 48 17534 130 17718 50 17789 131 17972 52 18045 131 18223 58 18301 131 18476 61 18557 131 18730 63 18814 130 18985 63 19075 125 19241 63 19332 124 19497 63 19588 124 19752 65 19845 123 20008 66 20101 123 20263 68 20357 123 20518 70 20614 122 20773 71 20869 123 21029 72 21125 123 21285 72 21381 123 21541 33 21575 37 21636 124 21796 72 21892 124 22052 70 22148 124 22309 69 22404 124 22565 68 22660 124 22821 69 22916 124 23078 68 23172 124 23334 69 23425 127 23590 70 23680 128 23846 70 23935 129 24102 70 24191 129 24358 71 24447 129 24613 72 24703 129 24838 4 24869 72 24960 128 25092 8 25125 73 25217 127 25347 11 25380 73 25475 125 25602 14 25636 73 25731 125 25858 15 25891 75 25988 124 26113 16 26147 76 26244 124 26370 15 26403 77 26500 124 26626 14 26659 78 26756 124 26883 12 26916 78 27012 124 27142 6 27174 76 27267 125 27401 1 27430 76 27523 125 27672 1 27686 77 27778 126 27927 2 27943 76 28034 126 28183 3 28199 77 28289 127 28456 77 28545 127 28712 78 28799 129 28969 215 29226 214 29484 212 29745 207 30003 205 30260 204 30517 203 30775 201 31033 199 31291 197 31548 196 31805 195 32061 195 32316 196 32572 196 32828 196 33084 196 33341 195 33600 58 33659 133 33859 55 33915 133 34116 188 34373 187 34629 187 34885 187 35075 6 35141 187 35330 15 35397 187 35585 17 35653 187 35841 18 35908 188 36097 18 36164 188 36353 18 36420 188 36609 26 36677 101 36781 83 36865 27 36933 101 37038 82 37121 27 37189 101 37294 82 37378 26 37445 101 37550 82 37634 27 37701 101 37806 82 37891 26 37957 101 38062 82 38150 23 38213 101 38317 83 38409 20 38468 188 38666 19 38724 188 38923 19 38980 188 39179 19 39237 187 39435 18 39494 186 39691 18 39751 185 39947 18 40007 185 40203 18 40262 186 40458 18 40498 1 40518 96 40618 86 40714 18 40752 5 40773 97 40874 86 40970 19 41008 6 41029 97 41129 87 41225 22 41263 8 41286 97 41385 87 41481 25 41519 9 41544 63 41609 119 41737 30 41775 9 41801 61 41866 118 41992 32 42031 12 42058 50 42109 7 42122 118 42248 33 42287 14 42313 51 42367 4 42379 117 42503 34 42543 16 42569 51 42635 117 42758 35 42800 15 42824 51 42892 116 43014 34 43057 14 43079 52 43149 115 43270 34 43315 12 43329 58 43405 115 43526 34 43571 11 43585 58 43662 114 43783 33 43828 10 43841 59 43918 114 44039 33 44085 7 44097 59 44175 14 44193 95 44296 33 44342 5 44353 61 44431 14 44450 94 44552 34 44589 6 44598 5 44609 62 44687 13 44706 94 44808 51 44865 64 44943 13 44963 93 45063 52 45121 65 45198 14 45218 94 45319 53 45377 66 45454 15 45474 94 45573 57 45632 68 45711 13 45729 95 45827 130 45969 10 45985 95 46082 132 46226 8 46240 96 46337 134 46483 8 46496 232 46739 9 46751 233 46995 10 47007 233 47252 244 47509 1 47511 241 47769 239 48028 236 48285 235 48542 233 48798 233 49054 232 49310 231 49567 229 49823 228 50079 227 50335 225 50590 221 50847 219 51103 219 51359 220 51616 220 51873 221 52130 4 52138 214 52394 215 52650 215 52905 217 53161 217 53418 217 53674 218 53932 219 54157 8 54170 5 54189 220 54411 23 54445 246 54702 246 54956 2207 57165 253 57422 4 57427 246 57684 22 57710 219 57942 20 57968 217 58199 18 58225 216 58456 17 58481 216 58715 13 58738 14 58754 199 58972 12 58994 13 59013 195 59229 13 59251 10 59270 195 59476 3 59486 18 59508 8 59528 1 59531 190 59731 5 59742 19 59765 5 59788 190 59987 4 59998 19 60023 2 60046 188 60243 4 60254 20 60303 190 60512 1 60515 15 60559 191 60772 15 60814 193 61028 15 61070 194 61283 14 61326 195 61541 9 61585 1 61588 190 61848 4 61859 176 62116 176 62295 8 62328 1 62373 186 62589 3 62597 5 62629 186 62845 5 62851 9 62885 186 63101 15 63141 186 63358 14 63397 187 63614 14 63653 188 63871 13 63909 188 64129 12 64165 189 64386 12 64421 188 64630 3 64642 14 64678 187 64885 4 64897 17 64934 187 65141 4 65153 17 65191 89 65288 89 65398 3 65409 17 65448 88
000010,0 65536
000011, 
000012,618 5 872 9 1128 10 1384 10 1639 12 1895 12 2152 11 2170 3 2408 10 2423 7 2664 9 2677 10 2922 21 3183 17 3438 18 3693 19 3948 21 4204 21 4459 21 4715 21 4971 19 5226 18 5483 16 5739 14 5995 12 6252 10 6509 9 6765 9 7022 7 7281 2 12427 2 12677 12 12931 15 13185 18 13440 19 13696 20 13951 21 14207 22 14463 22 14720 21 14976 21 15233 19 15490 17 15749 12 17810 3 18066 4 18321 6 18576 8 18832 8 19087 9 19345 6 19602 3 20733 3 20987 5 21243 5 21498 6 21754 6 22010 6 22266 6 22522 6 22779 5 23039 1 31606 1 31827 5 31859 6 32082 13 32114 8 32334 18 32369 10 32588 21 32625 11 32843 23 32881 11 33098 24 33137 11 33353 26 33395 8 33608 27 33651 8 33864 27 33908 5 34120 27 34157 11 34376 24 34412 9 34633 21 34666 10 34890 14 34915 17 35148 11 35171 16 35427 15 35683 14 35939 13 36195 12 36451 11 36708 9 36968 3 39500 3 39755 6 40009 9 40264 11 40518 14 40772 16 41027 17 41283 17 41537 18 41792 19 42047 20 42303 21 42558 23 42814 24 43069 25 43325 25 43581 26 43836 28 44088 32 44343 33 44598 35 44853 36 45109 37 45365 37 45621 37 45878 36 46098 5 46134 36 46350 11 46390 36 46605 12 46646 35 46860 14 46902 35 47116 15 47157 36 47371 18 47413 36 47627 19 47670 34 47882 20 47926 34 48137 20 48183 32 48393 19 48440 30 48640 3 48648 20 48698 2 48701 24 48896 5 48904 19 48959 22 49152 27 49216 21 49408 27 49472 21 49664 27 49728 22 49920 26 49984 23 50176 26 50239 24 50432 5 50439 18 50495 24 50688 20 50711 1 50751 25 50943 16 51007 25 51197 7 51205 8 51262 26 51452 7 51462 6 51517 27 51707 7 51720 4 51773 26 51962 6 52029 26 52218 6 52285 26 52474 6 52541 25 52730 6 52798 24 52986 6 53055 23 53242 6 53311 22 53350 4 53498 6 53568 20 53606 5 53753 7 53824 20 53862 5 54007 9 54080 19 54118 5 54263 9 54336 18 54375 4 54386 4 54518 10 54592 18 54632 3 54641 6 54774 10 54823 2 54849 13 54897 7 55030 10 55078 6 55105 12 55153 8 55286 10 55333 9 55361 11 55409 9 55542 10 55588 11 55617 11 55659 3 55666 9 55799 9 55842 14 55874 9 55914 6 55922 10 56056 8 56097 17 56115 4 56131 7 56170 6 56179 10 56314 5 56349 29 56387 6 56426 20 56605 30 56644 3 56681 22 56860 31 56937 22 57115 33 57193 23 57371 32 57449 23 57627 32 57706 6 57715 13 57884 31 57962 4 57971 14 58140 31 58220 1 58228 13 58396 31 58440 1 58483 15 58653 30 58695 4 58739 16 58909 30 58948 8 58976 3 58995 17 59165 30 59203 10 59232 5 59239 4 59251 19 59422 29 59459 11 59487 13 59506 22 59657 2 59685 22 59714 13 59743 13 59762 24 59912 6 59940 22 59969 14 59999 13 60019 24 60167 8 60195 22 60225 15 60255 13 60276 23 60422 9 60446 27 60480 16 60511 10 60533 23 60678 9 60701 28 60736 16 60760 3 60767 9 60790 22 60934 10 60955 30 60991 17 61016 4 61023 9 61047 21 61189 11 61209 32 61247 16 61272 5 61279 8 61303 21 61444 53 61503 15 61529 4 61536 7 61559 21 61699 54 61759 15 61786 2 61793 4 61814 22 61954 55 62016 13 62069 23 62209 56 62273 10 62325 23 62465 56 62531 7 62580 23 62720 57 62835 23 62976 57 63084 5 63091 23 63232 56 63339 31 63488 56 63595 31 63744 56 63850 31 64000 55 64105 32 64256 55 64360 32 64512 55 64616 32 64768 54 64871 33 65024 54 65128 32 65280 54 65385 28
000013,198 13 454 13 711 12 968 9 6536 5 6791 8 7046 9 7301 10 7555 13 7810 14 8065 15 8321 15 8578 14 8834 13 9091 6 9873 2 9906 4 10128 4 10161 6 10371 6 10384 5 10417 7 10622 13 10640 4 10672 8 10877 16 10896 4 10927 9 11132 24 11181 12 11387 25 11436 15 11456 9 11643 26 11692 30 11899 27 11947 32 12156 26 12202 33 12412 26 12457 33 12668 26 12713 32 12923 27 12968 32 13179 27 13224 30 13435 26 13480 29 13690 26 13736 29 13946 26 13992 30 14202 25 14248 30 14457 25 14504 31 14713 25 14760 31 14969 25 15016 32 15224 25 15271 34 15480 25 15527 18 15547 15 15736 23 15782 18 15803 15 15991 23 16037 18 16059 16 16078 3 16247 23 16293 18 16315 16 16332 7 16503 22 16549 18 16572 24 16759 21 16806 17 16828 26 17015 19 17062 16 17085 27 17271 18 17319 14 17341 31 17527 17 17576 12 17597 32 17784 15 17832 13 17853 33 18041 13 18089 12 18109 33 18298 8 18346 11 18358 2 18365 33 18602 11 18614 2 18621 34 18860 7 18870 2 18877 34 19118 2 19128 39 19383 40 19639 40 19894 41 20150 41 20406 41 20662 41 20918 41 21175 40 21431 39 21687 38 21943 37 22199 37 22454 37 22710 37 22965 37 23221 37 23476 37 23732 36 23988 36 24243 36 24500 34 24756 34 25012 33 25268 31 25524 31 25780 31 26036 31 26293 31 26550 31 26807 8 26817 21 27064 6 27074 19 27321 4 27331 18 27587 19 27844 18 28102 17 28360 16 28617 15 28873 16 29130 15 29386 15 29644 12 29901 10 30159 6
000014,183 7 254 2 439 8 510 2 695 7 765 3 900 1 951 7 1020 4 1154 5 1208 5 1276 4 1410 6 1531 5 1666 7 1786 6 1922 8 2042 6 2177 9 2298 6 2432 11 2554 6 2688 11 2810 6 2943 13 3010 6 3066 6 3197 15 3234 2 3264 9 3322 6 3448 21 3478 4 3488 5 3519 11 3578 6 3702 24 3734 4 3743 7 3774 12 3835 5 3956 27 3990 4 3998 8 4030 12 4091 5 4212 28 4246 4 4254 8 4286 13 4349 3 4467 38 4510 8 4542 13 4607 1 4723 36 4766 9 4798 14 4978 37 5023 9 5054 15 5233 38 5279 9 5310 16 5488 39 5532 13 5566 17 5743 40 5786 15 5822 17 5998 42 6041 16 6078 17 6253 59 6334 17 6508 60 6589 18 6763 61 6845 18 7018 61 7101 17 7272 62 7357 17 7528 54 7613 16 7710 6 7783 52 7869 15 7964 12 8038 52 8126 14 8218 15 8294 52 8383 13 8417 3 8473 17 8549 53 8639 14 8673 4 8728 18 8805 53 8896 13 8928 6 8984 18 9061 53 9152 14 9184 6 9239 19 9318 52 9408 14 9440 6 9494 20 9574 52 9664 13 9696 4 9750 20 9830 52 9921 12 9953 1 10005 21 10087 51 10177 11 10260 21 10343 51 10433 11 10516 20 10600 50 10689 10 10771 20 10857 49 10946 7 11027 8 11038 9 11114 47 11203 4 11283 7 11295 8 11370 47 11539 7 11552 7 11627 46 11795 7 11809 5 11884 44 12051 7 12065 5 12142 42 12308 6 12323 2 12401 39 12565 5 12658 39 12821 5 12916 37 13079 2 13173 37 13315 4 13429 37 13570 6 13685 37 13825 8 13941 37 14081 9 14197 37 14336 12 14453 37 14580 5 14592 14 14709 37 14834 9 14848 15 14912 1 14966 36 15089 11 15104 17 15167 6 15222 35 15343 13 15360 19 15422 9 15479 12 15496 17 15598 14 15616 22 15678 10 15736 8 15753 15 15853 15 15872 23 15934 11 16011 11 16108 15 16128 23 16189 12 16268 9 16364 14 16384 23 16445 12 16525 6 16620 14 16640 22 16701 11 16876 13 16896 22 16958 9 17132 13 17152 23 17215 7 17388 13 17408 24 17643 14 17664 25 17897 15 17921 24 18151 16 18178 23 18407 15 18435 22 18663 14 18691 22 18920 12 18948 21 19177 10 19205 19 19332 2 19433 9 19463 17 19587 4 19689 8 19719 17 19841 6 19868 4 19946 7 19975 17 20096 7 20111 4 20122 8 20203 4 20231 17 20352 7 20366 6 20375 12 20486 18 20607 8 20621 23 20742 17 20863 8 20876 24 20997 18 21119 8 21131 26 21253 18 21376 7 21387 26 21509 18 21632 7 21643 27 21765 18 21887 9 21899 29 22021 18 22142 10 22156 30 22277 18 22398 10 22413 30 22533 18 22654 10 22669 31 22789 18 22910 9 22925 31 23045 18 23166 8 23182 31 23301 17 23422 8 23438 31 23558 15 23678 6 23694 32 23815 13 23935 5 23951 31 24072 8 24194 1 24207 32 24332 1 24464 32 24721 32 24978 39 25236 38 25493 38 25749 39 26006 38 26111 1 26263 38 26366 2 26520 37 26620 4 26776 37 26876 4 27033 36 27131 5 27289 35 27386 6 27546 29 27641 7 27803 27 27897 7 28060 4 28066 20 28152 8 28324 17 28407 9 28582 14 28659 2 28662 10 28840 8 28914 14 29169 15 29424 16 29680 16 29936 16 30193 6 30200 8 30451 1 30458 6 30714 6 30970 6 31227 5 31485 3 31742 2 31998 2 32253 3 32509 3 32764 4 33020 4 33276 4 33532 4 33788 4 34044 4 34300 4 34557 3 34814 2 35070 2 35325 3 35578 6 35832 8 36087 9 36343 9 36598 10 36853 11 37108 12 37364 12 37620 12 37876 12 38132 12 38387 13 38643 13 38730 4 38899 13 38985 6 39155 13 39241 7 39411 13 39496 10 39668 12 39752 10 39924 12 40008 10 40181 11 40264 11 40437 11 40520 12 40693 11 40776 13 40949 11 41032 14 41205 11 41288 14 41451 8 41460 12 41544 15 41704 24 41800 15 41957 27 42057 15 42211 29 42313 16 42466 30 42570 16 42721 31 42827 15 42977 31 43083 15 43233 31 43339 15 43489 31 43594 16 43745 31 43850 15 44001 31 44105 15 44257 31 44362 10 44514 30 44619 5 44770 30 45026 30 45282 30 45538 30 45795 29 46052 28 46308 28 46564 28 46820 28 47073 31 47328 32 47584 32 47839 33 48095 33 48351 33 48607 33 48863 33 49119 33 49375 33 49631 33 49885 35 50140 36 50396 36 50651 37 50906 38 51161 39 51415 41 51670 42 51924 44 52179 45 52378 7 52435 45 52633 9 52690 46 52888 10 52945 47 53143 11 53180 8 53200 48 53398 12 53436 9 53454 50 53654 12 53691 11 53708 52 53909 13 53945 71 54165 12 54200 72 54421 12 54456 72 54677 11 54712 72 54933 11 54967 73 55189 10 55223 73 55446 9 55479 73 55702 8 55735 73 55960 4 55992 72 56249 71 56505 71 56762 70 57019 56 57076 12 57103 5 57275 54 57332 12 57357 8 57532 52 57588 12 57601 5 57611 11 57792 47 57844 21 57866 12 58050 45 58100 35 58307 44 58356 36 58568 39 58613 36 58826 37 58871 34 59083 37 59127 34 59345 31 59382 35 59602 32 59636 37 59860 4 59869 1 59871 12 59888 41 60129 10 60145 40 60386 8 60402 39 60642 9 60655 41 60898 9 60908 44 61152 56 61404 60 61659 61 61915 61 62170 62 62425 64 62680 65 62936 65 63192 65 63448 40 63489 24 63705 39 63746 23 63962 38 64003 23 64218 38 64260 22 64474 38 64516 23 64729 39 64771 24 64984 40 65026 25 65240 67 65495 41
000015,7 20 30 5 38 8 225 31 263 19 286 5 295 7 481 31 519 19 542 5 551 6 737 30 776 17 799 4 810 1 993 30 1032 17 1056 2 1250 29 1289 16 1507 28 1545 16 1764 27 1792 1 1801 16 1835 5 2022 24 2048 2 2057 15 2088 9 2278 24 2304 3 2313 12 2342 11 2535 21 2560 3 2569 11 2597 12 2791 20 2816 4 2825 9 2842 1 2852 14 3047 19 3072 6 3080 10 3097 4 3107 15 3303 18 3328 18 3352 6 3363 16 3560 17 3584 18 3607 7 3619 17 3816 17 3840 7 3850 8 3862 8 3876 16 4072 16 4096 7 4107 19 4131 17 4328 16 4352 6 4364 18 4386 18 4584 15 4608 5 4626 13 4641 19 4841 11 4864 3 4882 35 5098 8 5137 36 5356 5 5393 37 5612 5 5649 38 5869 3 5906 38 6162 39 6419 39 6675 39 6931 40 7187 41 7443 41 7697 44 7951 46 8207 46 8462 46 8718 45 8974 38 9014 2 9230 37 9487 36 9743 36 9999 35 10142 4 10255 34 10396 13 10511 32 10576 4 10651 16 10766 32 10831 8 10902 22 10999 1 11022 31 11087 12 11110 4 11140 3 11158 23 11255 1 11279 28 11342 16 11365 6 11395 5 11413 24 11511 1 11535 27 11597 19 11620 7 11652 4 11668 25 11792 26 11852 21 11876 8 11908 3 11922 15 11940 9 12051 9 12061 13 12107 22 12131 9 12171 23 12197 7 12308 7 12318 13 12363 23 12387 8 12427 24 12456 3 12566 4 12575 12 12619 23 12644 7 12683 24 12832 12 12874 24 12939 25 13089 11 13130 25 13188 3 13193 27 13345 12 13386 26 13443 34 13601 13 13641 27 13698 36 13832 2 13857 12 13895 29 13954 37 14080 4 14086 5 14115 9 14150 30 14209 38 14336 11 14374 4 14406 31 14463 40 14592 10 14662 31 14718 40 14848 9 14919 31 14973 41 15104 7 15176 30 15230 39 15360 6 15437 26 15486 39 15616 6 15695 24 15744 37 15872 5 15952 23 16001 36 16128 5 16209 21 16258 35 16384 6 16467 18 16515 35 16551 4 16640 7 16724 16 16771 41 16896 8 16954 3 16982 13 17027 41 17152 9 17209 5 17240 11 17283 41 17408 10 17465 5 17500 6 17540 41 17664 12 17678 3 17719 7 17796 40 17920 17 17971 12 18052 40 18176 18 18227 13 18309 38 18432 18 18482 14 18565 34 18688 18 18739 14 18821 34 18944 18 18996 14 19077 34 19200 14 19215 2 19254 12 19332 36 19456 12 19512 10 19587 37 19712 11 19769 9 19842 39 19968 3 20025 9 20096 41 20282 9 20351 42 20539 8 20607 42 20795 9 20863 42 21051 9 21119 30 21152 9 21305 11 21376 28 21409 8 21556 1 21560 13 21633 27 21666 6 21809 20 21891 25 21923 5 22065 20 22148 24 22180 3 22320 20 22405 23 22576 19 22661 22 22832 17 22918 20 23088 13 23174 18 23346 10 23430 17 23604 8 23686 15 23863 3 23943 14 24199 13 24456 12 24712 12 24968 12 25069 6 25225 11 25324 9 25481 10 25579 11 25737 10 25834 12 25995 7 26090 13 26254 1 26345 14 26596 19 26851 20 27106 21 27362 21 27618 21 27874 21 28130 21 28386 21 28642 20 28899 19 29155 19 29412 17 29668 17 29925 15 30181 8 30190 5 30437 7 30693 6 30949 6 31206 4 31281 4 31534 8 31789 10 32043 15 32298 20 32511 1 32553 22 32766 2 32809 23 33021 3 33064 25 33277 3 33320 26 33532 4 33575 28 33786 6 33831 29 34040 8 34085 31 34293 11 34339 33 34548 12 34594 34 34803 13 34850 33 35058 14 35106 33 35314 14 35362 32 35570 13 35618 32 35826 13 35873 33 36083 11 36128 33 36340 9 36383 34 36598 2 36639 34 36894 35 37150 34 37406 34 37663 33 37919 32 38175 32 38397 3 38432 24 38636 12 38652 4 38688 24 38892 13 38907 5 38946 23 39147 21 39204 22 39402 22 39461 23 39653 27 39722 18 39908 28 39980 16 40067 3 40162 30 40239 13 40318 12 40418 30 40500 7 40572 16 40667 2 40674 30 40758 2 40828 16 40923 3 40931 29 41083 17 41179 3 41187 29 41339 17 41444 28 41595 17 41700 28 41851 17 41956 28 42109 16 42212 28 42368 10 42380 1 42468 28 42625 9 42725 27 42881 9 42899 7 42981 27 43137 9 43155 9 43236 28 43394 7 43411 9 43491 29 43650 6 43667 10 43746 30 43907 4 43923 10 44002 30 44179 11 44258 30 44435 11 44515 29 44691 10 44774 26 44947 10 45032 24 45203 9 45289 23 45459 8 45546 22 45716 6 45803 21 45972 5 46060 20 46316 20 46573 19 46829 19 47086 18 47342 18 47599 17 47856 16 48113 15 48370 14 48627 13 48884 5 48893 3 49143 1 49151 1 52532 2 52786 7 53041 9 53297 9 53550 13 53802 18 53933 5 54057 19 54186 10 54271 1 54312 20 54432 4 54439 13 54526 2 54567 21 54688 20 54781 3 54822 23 54943 21 55033 7 55077 24 55199 21 55288 8 55333 24 55454 22 55480 3 55542 10 55588 25 55710 31 55798 10 55844 25 55966 32 56052 12 56100 24 56221 33 56302 3 56306 14 56356 24 56477 33 56555 21 56612 24 56732 34 56809 23 56870 22 56988 32 57063 25 57128 20 57244 28 57318 26 57384 20 57506 22 57574 26 57640 21 57764 9 57776 8 57829 27 57896 22 58022 5 58034 5 58085 27 58151 23 58291 4 58342 26 58407 24 58598 26 58663 25 58856 24 58919 25 59112 24 59175 25 59369 23 59431 25 59625 23 59687 25 59882 22 59943 25 60138 22 60198 25 60395 21 60453 25 60651 21 60709 24 60787 2 60907 21 60964 25 61041 9 61162 22 61220 25 61296 21 61417 23 61477 24 61552 23 61673 23 61734 23 61808 23 61929 23 61990 23 62065 22 62186 22 62246 22 62322 21 62447 17 62502 9 62516 7 62579 21 62664 12 62704 16 62758 7 62836 21 62919 14 62960 16 63016 3 63093 21 63174 15 63217 15 63349 21 63429 16 63474 14 63604 22 63685 16 63730 14 63859 24 63940 18 63987 13 64114 25 64195 19 64244 12 64370 26 64450 20 64500 12 64626 25 64705 21 64757 11 64882 25 64961 22 65014 10 65139 23 65216 23 65271 9 65395 23 65472 23 65528 8
000016,3473 3 3726 8 3981 16 4236 19 4492 21 4748 23 5004 26 5260 27 5492 6 5516 28 5747 8 5772 28 6003 10 6028 28 6259 11 6284 27 6515 15 6538 28 6772 48 7028 45 7285 43 7541 42 7799 39 8056 37 8313 35 8570 33 8827 32 9084 31 9341 30 9598 29 9854 29 10111 29 10367 29 10623 29 10879 29 11135 29 11392 27 11648 26 11904 25 12160 25 12416 25 12672 27 12928 28 13185 28 13441 29 13698 27 13955 26 14214 22 14472 17 14733 10 14990 7 15250 1 28302 8 28556 11 28811 13 29067 13 29322 15 29578 15 29834 15 30091 14 30349 11 30606 9 30862 8 31119 6 31377 2 61183 1 61437 3 61692 4 61946 6 62198 10 62453 11 62709 11 62964 12 63220 12 63476 12 63731 13 63987 13 64243 13 64498 14 64755 13 65011 13 65267 13 65523 13
000017,214 7 225 31 470 6 482 30 726 5 738 30 982 4 995 29 1237 4 1251 29 1494 3 1508 28 1750 3 1765 27 2021 27 2276 28 2530 30 2786 30 3043 4 3048 24 3299 4 3306 22 3553 5 3562 22 3807 4 3818 22 4062 5 4074 22 4318 5 4330 22 4574 5 4587 21 4830 5 4844 20 5086 4 5102 18 5342 3 5358 18 5615 17 5871 17 6129 15 6387 13 6644 12 6900 12 7143 1 7156 12 7398 3 7409 1 7413 11 7653 4 7672 8 7909 4 7928 8 8184 8 8440 8 8696 8 8952 8 9203 1 9208 8 9458 3 9465 7 9714 3 9722 6 9970 4 9978 6 10226 5 10235 5 10479 8 10492 4 10735 9 10748 4 10989 11 11005 3 11243 13 11261 3 11498 14 11517 3 11755 13 11772 4 12011 13 12028 4 12267 15 12284 4 12523 21 12780 19 13041 14 13297 1 13302 9 13559 7 13803 1 13809 1 13817 4 14058 3 14065 1 14074 3 14314 4 14321 1 14330 6 14562 4 14570 4 14577 1 14587 5 14818 5 14844 4 15074 6 15100 4 15330 6 15586 6 15843 6 15858 2 16093 2 16100 6 16111 6 16356 6 16366 7 16380 4 16612 5 16621 9 16636 4 16870 2 16876 10 16892 2 17132 10 17388 9 17645 7 17902 5 18158 5 18415 3 18423 1 18671 1 18679 1 18927 1 18934 2 19190 2 19197 3 19445 3 19453 3 19686 3 19701 1 19709 3 19941 5 19957 4 19965 1 20194 9 20212 6 20449 10 20462 13 20705 22 20728 3 20732 2 20960 21 21216 20 21466 2 21472 20 21499 3 21720 5 21727 21 21755 4 21976 27 22011 5 22232 27 22267 5 22487 28 22523 5 22743 28 22779 5 22999 29 23035 5 23255 22 23278 7 23292 4 23511 31 23548 4 23768 32 23805 3 24025 32 24060 4 24281 32 24314 6 24538 38 24794 38 25052 36 25310 34 25566 34 25822 34 26079 33 26344 24 26601 23 26858 22 27115 21 27373 19 27632 16 27890 14 28146 14 28404 12 28660 12 28903 6 28916 12 29158 7 29172 12 29413 8 29426 14 29668 11 29680 16 29923 22 29946 6 30178 23 30202 6 30433 24 30458 6 30690 30 30947 29 31204 28 31461 27 31718 26 31974 26 32230 26 32487 25 32742 26 32998 26 33254 26 33509 27 33765 2 33768 24 34021 1 34024 17 34042 6 34285 11 34300 4 34542 3 34546 5 34803 3 39281 5 39536 6 39561 2 39792 6 39813 8 39838 1 40068 14 40083 18 40106 1 40324 41 40370 2 40378 4 40580 49 40630 8 40837 57 41095 55 41353 53 41610 52 41867 51 42122 52 42378 52 42632 54 42887 56 43142 59 43399 5 43406 53 43655 5 43662 53 43912 4 43918 54 44168 4 44174 54 44425 3 44431 55 44489 4 44514 2 44681 3 44686 63 44765 9 44937 3 44941 65 45020 12 45193 23 45218 46 45269 1 45274 19 45311 1 45452 19 45475 46 45522 5 45528 22 45567 1 45708 19 45732 15 45752 55 45965 20 45989 13 46009 56 46071 3 46221 22 46245 12 46266 70 46478 28 46510 2 46522 70 46735 25 46777 71 46992 23 47033 71 47247 26 47289 71 47501 29 47545 71 47756 32 47805 67 48011 36 48062 66 48264 41 48318 66 48520 45 48574 66 48776 46 48829 67 49032 46 49084 68 49288 46 49339 69 49544 47 49594 70 49800 120 50055 121 50311 121 50567 121 50823 121 51079 121 51335 121 51591 121 51847 112 51960 8 52103 111 52217 7 52359 110 52474 6 52615 110 52730 6 52871 112 52984 8 53127 121 53384 120 53641 119 53898 118 54156 116 54413 115 54673 10 54684 100 54932 6 54942 2 54947 93 55190 3 55205 91 55462 90 55719 89 55976 88 56223 2 56233 1 56236 84 56469 2 56493 83 56723 5 56750 82 56980 3 57007 81 57173 2 57237 1 57263 81 57428 3 57520 80 57684 3 57776 80 57941 2 58033 7 58042 70 58298 70 58554 70 58810 70 59067 69 59324 68 59580 68 59836 5 59842 62 60091 6 60098 62 60347 6 60354 62 60603 6 60610 62 60859 6 60866 62 61115 69 61369 71 61624 72 61880 72 62136 53 62191 17 62392 7 62400 45 62450 14 62648 52 62706 14 62904 52 62963 13 63159 7 63169 42 63222 10 63415 6 63426 39 63481 7 63682 38 63735 9 63938 38 63991 9 64194 41 64236 4 64246 10 64450 11 64464 33 64502 3 64506 6 64707 9 64721 32 64756 12 64959 1 64963 8 64979 30 65011 13 65220 7 65236 44 65478 5 65492 44
000018,137 53 202 17 220 12 392 55 458 17 477 11 646 57 714 17 734 10 758 3 900 59 969 19 990 10 1013 6 1156 65 1222 23 1247 9 1268 8 1411 91 1505 6 1524 9 1667 91 1762 4 1780 9 1923 92 2035 10 2179 94 2291 11 2434 95 2547 11 2690 96 2803 12 2946 97 3057 15 3202 97 3312 16 3459 95 3567 17 3715 95 3822 18 3971 94 4078 18 4228 92 4332 20 4484 90 4585 23 4740 89 4839 25 4997 87 5094 26 5253 85 5349 27 5510 82 5604 28 5766 81 5859 29 6023 80 6115 29 6280 79 6370 30 6536 79 6626 30 6793 78 6882 30 7051 76 7138 30 7308 74 7394 30 7565 73 7651 29 7822 72 7907 29 8079 71 8164 28 8336 70 8420 28 8572 5 8592 71 8676 28 8825 9 8848 71 8924 2 8932 28 9076 16 9104 112 9331 17 9360 112 9587 18 9616 112 9842 20 9871 113 10098 20 10126 114 10353 21 10381 115 10608 20 10636 116 10863 20 10892 116 11118 20 11148 116 11374 18 11405 115 11631 16 11661 115 11888 12 11918 114 12145 9 12174 106 12282 6 12429 106 12539 5 12684 105 12794 6 12938 105 13050 6 13193 104 13306 6 13449 103 13563 5 13704 104 13820 4 13960 104 14077 3 14216 103 14471 104 14728 102 14984 102 15240 101 15497 100 15753 99 16010 97 16266 96 16522 94 16779 92 17036 89 17294 86 17554 82 17811 80 18068 79 18324 79 18581 79 18838 78 19104 69 19363 66 19620 66 19877 66 20134 65 20390 66 20646 67 20902 67 21159 67 21416 66 21674 64 21931 44 21980 14 22188 42 22239 10 22445 41 22495 10 22704 37 22752 10 22961 35 23008 10 23218 31 23263 11 23475 55 23732 54 23989 54 24247 53 24503 54 24760 54 24831 1 25018 53 25085 3 25275 13 25290 37 25340 4 25533 4 25538 4 25548 36 25596 4 25806 35 25851 5 26062 35 26101 4 26106 6 26318 50 26574 50 26829 51 27083 53 27338 54 27593 55 27848 56 28104 56 28360 56 28615 57 28870 58 29126 58 29371 5 29382 58 29627 7 29638 58 29882 10 29893 59 30138 70 30394 70 30650 70 30832 2 30907 69 31087 5 31163 69 31341 8 31420 68 31597 8 31677 67 31853 8 31934 66 32108 9 32190 66 32364 8 32446 66 32619 9 32702 66 32873 11 32958 66 33128 13 33214 66 33384 15 33470 66 33639 16 33726 66 33894 17 33985 63 34149 18 34244 60 34405 18 34500 60 34661 18 34757 59 34916 18 35014 58 35172 18 35270 58 35428 17 35527 57 35683 18 35784 56 35937 21 36043 53 36190 24 36300 45 36348 4 36445 26 36556 43 36604 4 36701 26 36812 42 36861 3 36957 27 37068 41 37119 1 37213 27 37323 41 37469 27 37578 41 37725 27 37834 41 37982 26 38090 41 38238 25 38345 43 38494 25 38600 45 38751 23 38853 48 39008 22 39108 49 39267 19 39364 49 39524 19 39619 50 39780 19 39875 50 40037 18 40130 51 40293 18 40386 51 40549 17 40642 51 40806 14 40898 50 41064 1 41068 2 41153 51 41324 1 41409 50 41665 50 41803 2 41921 49 41993 4 42058 3 42177 49 42248 5 42313 5 42434 48 42503 6 42569 5 42691 47 42760 5 42825 5 42884 4 42949 45 43017 3 43080 6 43137 9 43207 43 43336 5 43388 15 43464 42 43593 4 43643 17 43721 40 43850 1 43898 21 43977 40 44050 4 44154 23 44232 41 44304 10 44409 26 44488 40 44558 14 44665 27 44744 40 44813 16 44920 29 44999 41 45068 19 45177 29 45255 40 45323 21 45433 29 45511 39 45579 22 45689 29 45767 37 45835 23 45946 28 46022 23 46046 8 46091 24 46202 28 46279 21 46303 7 46347 24 46457 29 46535 20 46560 5 46604 23 46712 30 46792 18 46817 4 46860 23 46967 31 47048 18 47116 23 47223 32 47306 14 47372 22 47478 33 47567 6 47628 22 47734 33 47885 20 47990 32 48142 19 48246 32 48399 18 48502 31 48657 16 48759 28 48916 2 48921 9 49015 25 49177 9 49271 23 49434 8 49528 21 49690 8 49784 18 49946 7 50040 16 50203 6 50298 14 50460 3 50555 13 50813 10 51070 8 51327 5 51806 1 52060 4 52315 6 52571 6 52826 8 53082 8 53337 9 53593 9 53849 8 54105 7 54361 6 54618 4 55382 2 55636 7 55870 4 55888 15 56125 6 56141 19 56379 9 56395 22 56632 13 56648 25 56887 43 57143 43 57397 46 57650 50 57905 51 58160 53 58415 54 58671 54 58927 53 59183 53 59439 53 59695 53 59951 53 60209 51 60467 49 60723 52 60979 55 61235 55 61491 56 61747 56 62004 55 62260 55 62515 55 62771 55 63027 55 63283 54 63540 10 63551 41 63797 8 63809 15 63835 13 64057 2 64066 9 64092 11 64350 8 64580 1 64610 3 64836 3 65092 4 65347 6
000019,0 65536
000020,0 65536
000021,0 102 256 62 321 37 512 60 578 36 768 59 835 34 1024 59 1092 33 1280 59 1352 27 1536 58 1610 22 1792 57 1870 18 2048 57 2129 15 2304 55 2384 16 2560 41 2603 11 2640 16 2816 41 2860 6 2896 15 3072 41 3152 15 3328 41 3408 14 3584 41 3664 10 3840 41 3921 5 4096 41 4352 41 4608 40 4864 39 5120 39 5376 38 5632 37 5888 36 6144 36 6400 35 6656 34 6912 18 6931 13 7168 17 7187 12 7424 16 7445 9 7680 16 7702 7 7936 16 8192 16 8448 16 8704 16 8960 16 9216 16 9472 16 9728 16 9984 15 10240 15 10496 15 10752 15 11008 14 11264 14 11520 13 11776 12 12032 7 12288 4 12544 2 17000 5 17253 9 17492 3 17504 14 17748 3 17757 18 18004 3 18012 20 18036 3 18259 4 18267 29 18515 4 18521 32 18770 40 19025 41 19280 43 19535 44 19791 44 20046 46 20301 48 20556 50 20811 52 21066 54 21322 54 21577 56 21833 56 22088 58 22343 58 22599 58 22854 60 23110 60 23366 61 23621 63 23876 66 24131 69 24387 69 24643 70 24899 70 25155 71 25411 71 25668 70 25924 70 26181 69 26437 69 26693 68 26949 68 27204 69 27460 69 27716 69 27972 69 28229 7 28237 60 28493 59 28749 58 29005 58 29261 58 29517 57 29773 57 30029 56 30285 55 30540 55 30796 53 31052 52 31309 51 31566 49 31824 2 31829 41 32086 39 32343 36 32599 32 32856 29 33113 5 33121 19 33378 17 33635 15 33891 14 34147 7 34404 5 48376 2 48625 10 48880 13 49135 14 49391 14 49648 14 49882 5 49888 7 49904 14 50136 16 50160 16 50390 19 50416 16 50645 20 50672 16 50900 21 50928 16 51156 22 51183 17 51412 23 51439 17 51668 44 51923 45 52179 45 52434 46 52690 46 52946 46 53202 46 53460 44 53720 40 53976 40 54232 40 54488 20 54511 17 54744 18 54769 15 55000 13 55028 12 55256 12 55285 11 55512 11 55541 11 55767 11 55797 11 56023 9 56052 12 56280 7 56308 12 56537 5 56564 12 56795 1 56820 12 57077 11 57335 9 57592 8 57848 8 58104 8 58360 8 58615 9 58871 9 59128 8 59384 8 59642 6 59828 1 59900 4 60156 4 60412 4 60668 4 60925 3 61180 4 61436 4 61692 4 61948 4 62204 4 62459 5 62716 4 62972 4 63229 3
000022,46061 1 46311 9 46565 13 46820 25 47075 29 47331 29 47586 30 47842 30 48098 30 48355 29 48612 28 48869 27 49125 27 49382 26 49638 26 49895 25 50151 25 50408 24 50664 16 50682 6 50921 12 50938 6 51178 10 51194 6 51435 8 51450 11 51695 1 51706 12 51963 11 52001 5 52188 6 52219 10 52255 9 52443 8 52458 4 52475 10 52510 12 52523 4 52698 11 52713 11 52732 8 52763 22 52891 4 52954 28 52988 8 53019 23 53145 7 53205 3 53210 29 53244 8 53274 25 53398 10 53459 39 53500 8 53530 14 53545 10 53653 11 53714 50 53787 13 53801 10 53907 13 53970 49 54043 12 54057 9 54161 14 54225 11 54238 37 54299 12 54314 8 54415 16 54479 14 54494 36 54555 12 54570 7 54670 17 54731 53 54811 12 54825 7 54926 17 54985 55 55067 20 55140 1 55181 19 55237 59 55323 20 55392 8 55437 25 55492 60 55567 3 55580 19 55647 11 55690 29 55747 61 55821 35 55901 14 55943 32 56002 62 56076 38 56156 15 56198 34 56256 64 56331 23 56356 15 56411 17 56454 34 56510 66 56587 19 56612 16 56666 18 56709 37 56764 68 56843 19 56867 17 56922 18 56964 40 57019 69 57098 42 57178 17 57219 41 57274 70 57354 43 57434 17 57470 47 57530 70 57609 44 57691 15 57725 49 57786 70 57863 46 57916 1 57948 22 57979 51 58042 70 58118 48 58170 5 58206 21 58233 53 58297 71 58373 49 58427 4 58461 23 58486 56 58553 71 58628 51 58684 3 58716 82 58806 74 58883 52 58971 84 59059 77 59138 53 59199 10 59225 167 59394 53 59454 11 59479 169 59650 53 59710 11 59735 169 59906 53 59965 12 59989 171 60161 54 60221 12 60245 171 60417 55 60478 11 60500 228 60735 9 60754 109 60865 118 60994 6 61007 111 61122 117 61262 111 61379 115 61517 113 61635 115 61773 115 61891 114 62029 117 62147 113 62285 231 62540 230 62795 228 63048 228 63303 228 63557 226 63812 226 64067 226 64322 226 64577 226 64833 224 65089 219 65345 191
000023,1 38 78 16 97 54 241 15 257 39 334 16 352 55 496 16 513 40 591 15 607 56 705 1 752 16 769 41 848 70 951 3 958 6 1008 16 1026 41 1106 5 1116 58 1206 16 1264 16 1282 42 1372 19 1393 37 1461 17 1520 16 1539 41 1627 17 1650 37 1716 19 1777 15 1797 40 1880 20 1906 37 1971 20 2034 14 2054 39 2136 20 2162 38 2227 20 2290 14 2310 39 2391 19 2419 37 2482 22 2547 13 2566 39 2647 18 2675 37 2738 23 2804 12 2822 39 2903 15 2932 35 2993 24 3060 12 3078 40 3159 14 3188 34 3249 25 3317 11 3334 6 3344 30 3416 9 3445 32 3504 27 3534 4 3572 12 3591 4 3601 29 3673 5 3701 31 3756 40 3827 13 3857 30 3958 30 4012 45 4083 13 4114 29 4214 30 4267 48 4339 13 4371 28 4471 29 4523 51 4595 13 4628 27 4727 29 4779 52 4851 13 4885 26 4982 30 5035 53 5090 4 5107 13 5142 25 5238 29 5290 61 5364 12 5399 24 5493 29 5546 62 5619 13 5657 23 5749 28 5801 64 5875 13 5913 23 6005 27 6057 65 6131 13 6170 5 6179 13 6261 26 6313 66 6387 13 6436 13 6516 26 6569 68 6643 13 6694 11 6772 26 6825 68 6899 13 6952 8 7027 27 7081 69 7156 12 7210 5 7283 27 7338 68 7412 12 7539 28 7594 22 7618 44 7668 12 7794 30 7838 2 7850 21 7874 43 7924 12 8050 30 8093 5 8107 20 8130 43 8180 12 8305 31 8349 6 8364 19 8386 41 8435 13 8561 32 8605 6 8621 18 8644 38 8692 12 8817 32 8861 6 8880 16 8901 35 8948 12 9073 32 9117 6 9137 15 9160 32 9205 11 9329 33 9374 5 9394 14 9417 31 9462 10 9555 5 9585 33 9630 5 9651 13 9674 30 9720 8 9810 7 9842 32 9887 3 9908 12 9931 29 9977 7 10066 8 10099 30 10144 6 10165 11 10187 29 10233 7 10322 13 10357 28 10401 8 10423 7 10443 29 10490 6 10577 16 10614 26 10656 12 10698 30 10746 6 10833 17 10871 24 10912 13 10954 30 11003 5 11088 22 11128 22 11168 18 11210 30 11260 4 11283 3 11342 25 11385 3 11389 16 11424 20 11467 30 11517 3 11538 5 11597 28 11652 8 11680 22 11723 31 11794 5 11852 31 11910 3 11936 22 11979 32 12050 5 12107 33 12192 23 12235 32 12306 5 12363 34 12448 23 12492 38 12619 38 12704 23 12748 39 12876 38 12960 23 13004 22 13030 14 13133 39 13214 25 13262 18 13287 14 13389 39 13469 26 13546 11 13645 40 13724 27 13802 12 13901 40 13979 28 14044 4 14058 13 14157 40 14233 30 14298 8 14314 13 14412 41 14485 34 14553 11 14570 13 14668 40 14740 34 14807 15 14825 14 14855 1 14924 40 14995 35 15062 17 15080 14 15179 41 15251 35 15317 33 15435 40 15506 36 15572 34 15690 41 15762 35 15828 35 15946 39 16017 34 16084 36 16202 39 16272 31 16340 37 16458 39 16528 31 16597 36 16715 39 16783 32 16854 35 16930 7 16971 39 17039 33 17110 35 17185 11 17227 39 17295 36 17367 33 17441 12 17483 38 17551 38 17625 29 17696 14 17738 39 17807 42 17883 24 17951 16 17994 39 18064 43 18141 21 18207 16 18250 39 18320 46 18398 20 18462 16 18506 39 18576 47 18654 20 18718 28 18762 41 18832 48 18911 20 18973 30 19019 43 19088 48 19168 20 19229 31 19275 45 19344 48 19397 1 19425 21 19485 31 19531 45 19601 48 19652 4 19681 22 19740 17 19758 15 19788 45 19857 55 19938 21 19996 17 20015 14 20044 46 20113 56 20194 21 20251 18 20271 15 20301 19 20323 23 20369 56 20451 20 20507 18 20527 15 20558 17 20581 21 20625 56 20708 19 20763 36 20815 14 20839 20 20861 4 20881 56 20964 18 21019 36 21073 5 21097 25 21138 55 21221 15 21242 3 21275 37 21353 24 21394 56 21477 13 21497 5 21531 38 21609 24 21650 37 21689 17 21734 10 21752 7 21786 39 21864 24 21904 39 21946 16 21990 10 22008 6 22041 40 22120 19 22159 39 22204 14 22245 11 22264 6 22296 41 22375 20 22414 41 22460 14 22501 12 22520 4 22551 42 22631 20 22669 43 22716 14 22756 14 22806 44 22887 19 22924 62 23012 15 23061 45 23143 11 23156 6 23179 62 23267 17 23316 22 23344 18 23400 10 23414 1 23432 64 23520 21 23572 21 23601 17 23656 8 23686 63 23773 25 23828 21 23856 18 23913 6 23943 54 23998 5 24027 27 24084 21 24112 18 24170 1 24200 52 24282 29 24341 20 24368 18 24456 52 24538 28 24597 20 24624 18 24713 51 24793 29 24854 18 24880 17 24970 10 24982 38 25048 30 25111 16 25137 16 25228 5 25239 36 25304 31 25369 13 25394 14 25476 1 25496 35 25559 34 25628 9 25651 10 25728 7 25753 34 25815 35 25886 6 25907 8 25982 9 26012 30 26071 36 26164 5 26236 12 26270 5 26278 20 26327 36 26421 3 26490 14 26535 18 26583 37 26744 16 26800 7 26839 38 26995 20 27025 5 27057 5 27096 38 27248 21 27270 1 27280 6 27299 5 27352 38 27501 23 27536 6 27554 9 27609 37 27756 23 27793 5 27810 10 27865 37 28011 23 28050 4 28066 11 28121 37 28267 23 28322 11 28378 35 28473 6 28524 23 28578 10 28635 32 28677 4 28728 8 28781 22 28835 8 28892 30 28932 6 28983 10 29038 24 29093 4 29149 28 29188 7 29238 11 29295 24 29405 28 29444 7 29493 12 29552 24 29661 29 29695 1 29700 7 29748 13 29809 23 29918 29 29950 2 29956 7 30004 12 30065 23 30174 29 30207 1 30213 6 30260 10 30313 5 30321 22 30430 30 30469 6 30517 8 30556 7 30568 31 30685 21 30708 8 30726 4 30811 9 30823 31 30941 20 30965 7 31057 4 31067 9 31079 30 31197 20 31222 6 31312 48 31452 20 31480 2 31567 47 31708 21 31823 46 31964 22 32079 48 32221 22 32335 54 32477 22 32591 59 32734 22 32846 62 32992 20 33102 63 33250 18 33357 39 33400 22 33508 16 33614 36 33656 23 33696 3 33764 17 33870 34 33912 24 33950 6 34019 18 34126 33 34167 27 34205 8 34274 19 34383 31 34422 29 34459 10 34529 21 34639 30 34677 31 34712 13 34785 21 34895 29 34932 32 34966 20 35041 22 35151 29 35187 33 35221 21 35296 22 35373 5 35406 30 35442 56 35552 22 35628 9 35661 31 35698 55 35808 21 35884 11 35917 29 35954 55 36064 20 36131 4 36140 14 36175 26 36210 56 36271 2 36320 20 36385 8 36396 15 36431 23 36466 49 36519 11 36549 2 36576 19 36638 11 36652 16 36688 21 36723 47 36773 16 36797 3 36804 5 36832 19 36893 31 36946 17 36980 46 37028 21 37053 14 37088 19 37148 32 37211 7 37237 69 37309 14 37344 19 37404 32 37494 68 37566 14 37600 18 37660 32 37750 69 37822 15 37857 17 37916 31 38006 87 38099 1 38113 16 38172 31 38261 40 38303 46 38353 6 38370 14 38428 29 38517 39 38560 45 38608 9 38627 12 38670 3 38684 28 38773 39 38816 45 38864 10 38885 9 38926 4 38941 26 39029 39 39072 46 39120 10 39146 2 39182 4 39197 26 39285 14 39307 18 39328 59 39438 3 39453 26 39541 12 39563 18 39584 60 39677 3 39694 3 39709 26 39797 11 39818 20 39840 62 39932 4 39966 24 40054 8 40074 20 40096 62 40188 4 40222 26 40251 12 40311 6 40329 21 40352 62 40444 4 40478 43 40585 20 40609 62 40700 4 40735 8 40746 31 40841 19 40866 60 40957 3 40992 5 41004 30 41097 18 41123 59 41213 3 41262 28 41354 16 41380 58 41465 7 41519 27 41612 14 41637 56 41720 8 41776 26 41869 12 41895 26 41924 24 41974 10 42033 26 42125 12 42152 24 42182 21 42229 11 42290 25 42382 10 42408 24 42438 21 42485 11 42547 28 42638 8 42663 24 42693 21 42740 12 42804 28 42895 5 42918 25 42949 21 42996 12 43061 29 43171 26 43205 20 43252 12 43318 14 43337 12 43426 22 43461 20 43508 12 43575 13 43593 13 43666 2 43681 18 43716 20 43764 12 43833 11 43849 14 43921 5 43937 16 43971 20 44020 12 44090 10 44105 15 44151 6 44176 8 44193 15 44225 22 44276 12 44346 10 44361 15 44406 9 44432 14 44449 15 44481 21 44532 12 44601 11 44617 15 44662 10 44676 1 44687 16 44705 14 44736 22 44788 12 44856 12 44873 15 44917 17 44942 32 44992 22 45044 12 45111 12 45129 15 45173 18 45198 32 45249 21 45300 12 45367 11 45385 15 45429 18 45454 24 45481 4 45506 13 45520 6 45535 4 45557 10 45623 10 45641 15 45684 18 45709 24 45763 8 45778 4 45790 7 45814 7 45879 9 45898 14 45938 20 45965 24 46020 4 46035 2 46045 8 46073 1 46136 6 46155 13 46194 19 46221 24 46300 11 46393 3 46411 12 46449 20 46478 23 46555 12 46667 12 46705 19 46734 23 46810 13 46923 12 46961 18 46990 23 47063 16 47179 11 47217 17 47245 23 47318 17 47435 10 47473 15 47501 23 47574 17 47691 8 47730 6 47757 23 47831 16 47947 6 47986 5 48012 23 48088 14 48184 1 48204 1 48268 23 48345 12 48434 8 48524 23 48602 9 48689 10 48780 23 48860 5 48943 12 49037 21 49119 1 49198 14 49213 6 49250 3 49293 21 49375 1 49451 26 49505 10 49550 20 49631 3 49706 28 49759 14 49807 7 49818 14 49834 6 49886 4 49962 28 50015 15 50064 4 50076 21 50107 4 50142 4 50218 28 50271 15 50322 2 50332 37 50399 3 50475 27 50526 16 50588 38 50656 2 50731 25 50782 16 50843 39 50988 23 51038 16 51097 42 51248 17 51294 15 51351 44 51505 8 51550 14 51605 45 51763 4 51806 12 51860 45 52062 11 52115 45 52319 9 52371 45 52575 8 52626 45 52832 7 52881 46 53089 5 53136 46 53392 45 53648 44 53904 44 54160 43 54417 42 54674 41 54931 39 55189 37 55445 36 55702 33 55959 29 56215 28 56364 1 56472 26 56618 4 56729 23 56846 4 56873 6 56896 4 56985 21 57101 6 57123 13 57150 9 57242 18 57339 1 57356 12 57377 16 57406 13 57498 16 57593 4 57611 14 57632 17 57661 20 57754 14 57849 5 57867 14 57887 19 57917 21 58011 12 58105 5 58122 16 58142 23 58173 23 58268 8 58362 4 58371 3 58377 17 58397 25 58428 26 58624 25 58652 28 58683 30 58880 24 58908 28 58939 31 59136 23 59164 63 59333 2 59392 22 59420 63 59580 13 59648 20 59676 63 59834 17 59904 16 59932 63 60087 21 60160 11 60187 64 60339 26 60416 10 60443 64 60593 28 60672 8 60698 64 60848 30 60928 7 60954 64 61103 31 61185 3 61209 65 61359 31 61466 64 61615 22 61638 5 61722 64 61871 20 61903 2 61979 63 62127 20 62158 13 62235 62 62382 20 62413 15 62435 4 62492 40 62533 20 62637 20 62666 20 62689 7 62749 10 62762 16 62781 5 62790 18 62893 20 62921 31 63005 8 63020 13 63038 3 63047 17 63148 21 63176 33 63261 7 63278 10 63307 13 63403 21 63431 34 63517 6 63535 8 63565 11 63659 21 63687 35 63774 3 63791 7 63822 9 63914 22 63942 36 64048 4 64079 7 64169 22 64197 38 64306 1 64338 1 64424 23 64452 39 64680 22 64708 39 64936 20 64964 39 65192 18 65220 37 65451 12 65476 32
000024,0 130 153 26 206 179 410 24 462 179 668 22 719 177 927 5 937 6 975 177 1232 175 1496 167 1752 167 1996 3 2007 168 2250 6 2263 168 2503 10 2521 167 2758 13 2778 166 3014 186 3270 186 3526 25 3552 159 3783 24 3810 156 3968 7 3991 5 4039 24 4066 155 4223 10 4246 7 4295 26 4322 169 4501 9 4552 195 4757 10 4808 194 5012 12 5064 193 5268 13 5321 190 5524 13 5577 189 5780 14 5834 188 6036 15 6090 187 6292 15 6331 2 6347 22 6372 161 6549 15 6568 4 6585 6 6603 21 6628 161 6805 16 6823 5 6840 8 6859 20 6883 162 7059 26 7094 10 7115 19 7139 161 7314 27 7349 12 7371 16 7395 160 7568 29 7604 16 7628 14 7651 158 7823 31 7858 20 7885 12 7906 158 8078 33 8112 23 8142 10 8162 132 8297 22 8333 59 8400 7 8418 131 8554 20 8588 60 8674 131 8810 19 8843 62 8930 131 9066 18 9098 63 9186 130 9323 16 9354 63 9443 128 9579 16 9610 63 9699 128 9836 14 9866 63 9956 127 10093 13 10122 63 10212 127 10351 10 10378 63 10469 126 10634 64 10724 128 10890 64 10980 128 11145 66 11236 129 11400 68 11492 130 11655 69 11748 131 11911 69 12005 131 12166 70 12261 132 12399 4 12422 70 12518 132 12653 7 12678 69 12774 132 12908 8 12934 68 13030 143 13191 66 13286 144 13436 1 13448 64 13543 143 13690 4 13707 61 13799 151 13968 55 14057 149 14224 55 14313 149 14480 37 14519 15 14569 149 14735 37 14776 14 14826 149 14991 37 15033 12 15082 149 15248 36 15289 12 15338 149 15504 36 15546 11 15593 150 15762 34 15802 11 15849 138 15992 6 16019 33 16058 11 16106 129 16237 4 16250 3 16275 32 16314 11 16362 128 16532 30 16571 11 16619 127 16788 29 16827 10 16876 125 17045 26 17084 9 17133 123 17302 24 17342 6 17391 119 17559 16 17650 114 17815 15 17908 94 18003 6 18012 6 18071 14 18166 87 18272 1 18328 13 18424 83 18584 13 18684 78 18841 12 18881 2 18941 77 19098 10 19135 6 19200 74 19356 7 19390 8 19456 74 19633 5 19646 9 19712 74 19888 8 19901 10 19968 74 20143 9 20157 10 20224 75 20383 5 20395 14 20412 11 20480 76 20638 7 20648 31 20736 76 20894 41 20992 76 21149 42 21248 76 21405 43 21504 76 21660 45 21760 76 21914 49 22016 77 22160 2 22169 51 22272 77 22386 4 22416 5 22424 53 22528 77 22641 6 22671 63 22784 78 22897 7 22928 63 23040 78 23152 9 23185 63 23296 78 23408 10 23443 63 23552 78 23664 11 23701 62 23807 79 23920 12 23959 60 24062 81 24176 14 24217 59 24316 83 24433 17 24475 57 24572 83 24689 17 24747 41 24828 83 24945 21 25002 42 25084 83 25201 22 25258 42 25340 83 25457 23 25514 41 25596 83 25714 22 25770 40 25852 82 25970 22 26026 39 26108 82 26226 23 26283 38 26364 81 26483 23 26539 38 26620 80 26740 22 26795 37 26876 79 26996 21 27052 36 27132 61 27199 11 27252 20 27308 35 27388 59 27455 12 27507 21 27564 34 27643 57 27712 12 27750 3 27763 21 27820 32 27898 58 27967 16 28004 6 28018 22 28075 31 28153 58 28223 17 28259 7 28273 23 28330 30 28409 58 28478 18 28514 9 28527 25 28586 30 28664 59 28733 21 28769 40 28841 31 28919 60 28989 21 29023 42 29097 31 29175 61 29244 22 29278 43 29352 32 29430 62 29499 25 29533 44 29608 32 29679 3 29685 64 29754 26 29789 44 29864 32 29933 72 30010 26 30044 45 30120 32 30188 73 30266 26 30300 45 30377 31 30443 73 30522 26 30556 45 30633 20 30654 10 30699 73 30778 26 30811 45 30890 12 30912 9 30954 73 31034 26 31067 45 31147 11 31169 8 31210 72 31290 27 31322 46 31405 9 31426 8 31466 72 31546 28 31578 46 31662 8 31682 8 31722 71 31803 27 31834 46 31919 7 31938 8 31978 71 32060 76 32176 6 32194 7 32234 72 32317 75 32433 5 32450 6 32491 71 32573 75 32690 3 32707 4 32747 72 32829 33 32865 39 33004 72 33085 33 33121 39 33260 72 33341 33 33379 37 33516 73 33597 33 33636 35 33773 72 33853 38 33893 34 34030 72 34110 37 34149 34 34287 71 34367 36 34405 34 34544 70 34624 72 34735 6 34800 70 34884 69 34990 8 35007 1 35016 2 35056 70 35141 68 35246 9 35261 5 35271 5 35313 68 35399 67 35502 10 35516 7 35526 6 35569 68 35656 28 35685 36 35758 10 35772 8 35781 8 35826 66 35912 28 35942 35 36015 9 36027 18 36083 65 36164 32 36198 34 36272 9 36282 9 36292 9 36340 64 36419 32 36455 31 36529 8 36538 9 36549 8 36596 65 36674 33 36711 30 36772 3 36786 6 36794 9 36806 7 36853 65 36929 34 36967 20 36990 3 37027 6 37050 9 37062 6 37111 64 37183 37 37222 21 37282 7 37306 9 37318 6 37376 56 37435 41 37478 21 37531 14 37563 7 37573 6 37632 123 37785 16 37820 4 37828 7 37888 124 38037 20 38083 8 38144 124 38292 20 38338 9 38400 124 38547 21 38593 11 38656 125 38798 25 38849 12 38912 125 39051 28 39104 14 39167 126 39306 28 39360 15 39423 127 39561 29 39615 17 39678 129 39817 28 39871 18 39933 135 40072 29 40125 21 40189 168 40380 23 40444 170 40631 29 40701 168 40884 32 40957 168 41138 35 41216 165 41394 36 41472 165 41650 38 41728 164 41905 40 41984 163 42161 41 42240 163 42418 41 42496 162 42675 40 42752 162 42932 39 43008 162 43190 16 43208 19 43264 162 43447 14 43464 19 43517 166 43703 13 43720 19 43747 5 43772 168 43960 8 43976 19 44001 8 44028 170 44218 4 44231 19 44257 8 44283 171 44475 1 44487 19 44512 9 44538 172 44744 18 44767 10 44787 3 44794 173 45000 17 45023 10 45040 183 45256 16 45279 10 45295 184 45513 8 45535 10 45550 185 45771 2 45791 10 45806 185 46048 11 46060 187 46305 198 46562 198 46819 197 47076 197 47333 197 47589 199 47844 201 48099 202 48354 203 48610 203 48865 203 49121 203 49376 204 49632 204 49888 205 50145 204 50401 30 50432 176 50643 3 50658 27 50688 182 50898 6 50915 25 50944 183 51154 9 51172 23 51200 184 51409 12 51429 21 51456 185 51665 12 51687 18 51712 185 51920 14 51944 16 51968 185 52176 15 52200 15 52224 122 52351 59 52432 15 52456 15 52480 120 52612 54 52688 16 52712 14 52736 119 52868 55 52945 17 52968 13 52992 119 53124 55 53201 18 53225 12 53248 119 53380 55 53456 20 53482 11 53504 119 53635 55 53711 22 53739 10 53760 119 53891 55 53967 22 53996 9 54016 118 54147 54 54223 22 54253 8 54272 118 54403 54 54479 22 54509 9 54528 118 54659 53 54735 22 54765 10 54784 117 54915 53 54991 21 55021 11 55040 117 55170 54 55247 20 55276 12 55296 117 55426 54 55502 20 55532 12 55552 117 55681 55 55758 19 55788 13 55808 118 55936 56 56013 20 56044 13 56064 119 56192 56 56268 22 56301 13 56320 119 56448 55 56516 31 56557 14 56576 120 56705 54 56771 33 56814 14 56832 120 56962 51 57026 35 57070 15 57088 120 57219 48 57282 35 57327 14 57344 119 57476 46 57537 36 57585 11 57600 118 57734 43 57793 36 57842 10 57856 118 57991 41 58049 37 58100 6 58112 117 58248 39 58305 37 58368 117 58504 38 58562 36 58624 116 58761 36 58819 36 58880 114 59017 36 59074 37 59136 108 59273 36 59329 39 59392 107 59529 35 59584 41 59648 106 59786 34 59839 42 59904 104 60043 32 60095 42 60160 103 60300 30 60349 44 60416 102 60557 28 60600 49 60672 102 60814 26 60854 50 60928 103 61071 25 61102 4 61109 50 61184 104 61328 24 61357 57 61440 104 61584 25 61613 56 61696 105 61840 25 61868 56 61939 4 61952 105 62095 26 62124 56 62194 5 62208 105 62350 28 62379 57 62449 7 62464 105 62605 87 62705 7 62720 105 62860 88 62961 7 62976 105 63115 89 63217 8 63232 103 63371 89 63473 8 63488 101 63608 2 63626 91 63730 8 63744 100 63862 6 63876 4 63881 92 63986 9 64000 100 64117 9 64131 98 64242 9 64256 100 64373 11 64385 101 64498 9 64512 101 64629 113 64755 7 64768 101 64884 114 65012 6 65024 101 65140 113 65269 3 65280 101 65396 111
000025,32755 3 33010 5 33266 6 33522 6 33534 2 33780 4 33789 3 34037 3 34044 4 34299 5 34555 5 34811 5 35067 5 35323 5 35580 4 35836 4 36093 3 36349 3 36605 3 36861 3 37116 4 37372 4 37628 4 37884 4 38140 4 38393 7 38648 8 38904 8 39160 8 39415 9 39671 9 39927 9 40184 8 40440 8 40697 7 40954 6 41211 5 41469 3 49141 5 49396 7 49652 8 49908 9 50164 9 50417 1 50420 9 50672 3 50677 8 50927 6 50934 7 51182 15 51437 17 51693 18 51949 19 52204 20 52461 19 52717 19 52975 17 53232 16 53489 15 53746 14 54002 14 54259 13 54516 12 54773 11 55030 10 55288 8 55544 8 55800 8 56056 8 56312 8 56568 8 56824 8 57080 8 57336 8 57592 8 57848 8 58104 8 58360 8 58616 8 58872 8 59128 8 59384 8 59641 7 59897 7 60153 7 60409 7 60665 7 60921 7 61177 7 61434 6 61688 8 61943 9 62198 10 62454 10 62710 10 62966 10 63221 11 63477 11 63733 11 63988 12 64244 12 64500 12 64756 12 65013 11 65269 11 65526 10
000026,61855 6 62109 9 62364 11 62619 13 62874 15 63130 16 63386 17 63620 7 63642 17 63875 10 63898 18 64129 13 64154 19 64385 14 64410 20 64641 15 64666 21 64897 16 64922 21 65154 15 65178 21 65410 15 65434 21
000027,150 13 407 12 663 12 921 9 1178 7 1436 4 4956 4 5210 8 5464 11 5719 13 5974 17 6230 17 6486 18 6743 18 6999 18 7255 18 7511 19 7767 19 8023 18 8279 18 8535 17 8792 14 9048 13 9305 9 9562 7 9572 1 9818 4 9827 2 10084 1 10174 4 10216 4 10340 1 10429 7 10469 7 10684 9 10723 10 10940 10 10978 11 11189 3 11194 13 11234 11 11443 20 11488 12 11695 25 11741 15 11950 26 11997 15 12205 27 12252 16 12461 27 12508 15 12678 1 12716 28 12763 16 12785 2 12931 7 12972 27 13018 18 13039 5 13185 11 13227 28 13274 27 13440 13 13483 28 13530 28 13668 2 13695 14 13739 30 13785 29 13922 6 13950 14 13996 30 14041 29 14177 8 14206 14 14252 31 14296 31 14433 9 14461 15 14508 33 14552 31 14688 10 14717 15 14764 38 14808 31 14844 4 14944 10 14972 16 15020 39 15067 28 15099 5 15200 8 15217 6 15226 19 15276 40 15324 28 15354 6 15456 7 15470 31 15532 40 15581 35 15714 3 15724 33 15787 42 15838 34 15979 34 16043 42 16095 33 16235 33 16299 42 16353 31 16491 32 16554 44 16612 28 16747 31 16808 47 16868 28 17003 31 17062 49 17125 27 17260 30 17317 51 17382 26 17517 28 17572 53 17640 24 17773 28 17826 53 17897 23 18029 28 18082 52 18153 23 18284 28 18337 52 18408 24 18540 28 18592 52 18663 25 18796 28 18848 51 18918 26 19052 28 19104 51 19174 26 19294 4 19309 27 19360 51 19429 27 19549 6 19566 8 19575 17 19616 51 19685 27 19805 8 19824 5 19833 15 19872 51 19940 28 20061 9 20089 16 20128 51 20196 28 20317 10 20345 16 20385 50 20451 29 20573 11 20601 15 20642 11 20655 36 20706 29 20829 11 20857 14 20898 10 20912 35 20962 28 21062 4 21085 12 21114 9 21155 9 21168 35 21217 28 21315 8 21340 13 21371 5 21413 5 21426 33 21473 27 21571 9 21596 13 21686 28 21730 25 21826 10 21852 14 21944 26 21987 23 22082 10 22108 14 22201 25 22245 16 22338 10 22364 14 22458 24 22502 15 22594 10 22620 13 22716 22 22759 12 22850 10 22877 11 22972 22 23015 11 23106 10 23134 9 23228 22 23272 5 23363 9 23391 6 23484 24 23620 7 23739 26 23879 3 23995 26 24250 28 24319 1 24506 27 24572 4 24700 2 24761 28 24825 7 24942 4 25017 28 25079 9 25197 6 25273 28 25334 10 25452 8 25529 27 25588 12 25708 8 25785 27 25843 13 25963 9 26039 29 26099 13 26218 11 26285 5 26293 30 26354 14 26472 13 26540 40 26611 13 26728 13 26795 19 26816 20 26867 13 26983 14 27050 19 27072 20 27124 12 27239 13 27305 19 27328 20 27380 12 27496 13 27561 17 27584 20 27637 11 27752 13 27816 15 27839 20 27893 11 28009 13 28072 15 28093 22 28150 10 28265 13 28328 15 28348 23 28412 4 28521 14 28578 2 28584 43 28777 14 28833 3 28839 44 29033 15 29089 3 29095 44 29289 15 29352 43 29545 14 29608 43 29801 14 29864 43 30056 14 30121 41 30312 14 30377 38 30569 12 30633 34 30825 12 30890 32 31081 12 31146 32 31337 12 31407 6 31417 17 31594 10 31674 15 31850 9 31930 15 32107 6 32187 13 32364 4 32444 10 32701 7 34382 7 34636 11 34891 13 35147 14 35402 16 35658 16 35914 16 36169 17 36426 16 36682 16 36938 15 37194 15 37451 12 37709 9 37969 3 38883 6 39137 12 39383 23 39629 34 39741 5 39883 36 39996 8 40138 38 40251 11 40394 38 40507 14 40649 39 40763 15 40905 39 41019 16 41160 39 41276 15 41416 39 41533 14 41672 39 41789 14 41927 40 42046 13 42182 40 42302 12 42438 40 42518 4 42559 9 42693 41 42774 4 42816 3 42949 41 43030 5 43205 41 43288 2 43326 3 43460 42 43582 5 43716 43 43838 5 43972 43 44094 6 44228 43 44350 6 44484 43 44607 5 44740 43 44863 4 44997 42 45254 40 45511 38 45768 32 46025 30 46281 30 46537 30 46793 30 47048 31 47304 32 47559 33 47815 34 48071 34 48327 34 48583 34 48839 34 49095 34 49351 34 49606 35 49862 35 50117 36 50372 37 50627 39 50882 41 51137 42 51391 26 51418 17 51646 25 51680 10 51901 26 51938 6 52157 25 52375 10 52412 26 52630 12 52668 25 52885 14 52924 25 53141 15 53180 24 53396 16 53436 24 53528 2 53652 16 53692 25 53783 5 53907 17 53947 26 54039 5 54163 17 54203 27 54291 9 54418 18 54459 31 54546 10 54673 19 54715 32 54801 10 54926 22 54954 1 54972 33 55057 10 55181 24 55208 5 55230 32 55313 10 55437 24 55464 5 55487 31 55569 10 55692 25 55720 4 55744 30 55825 9 55948 17 55970 2 55976 4 56000 30 56080 10 56202 19 56233 2 56256 30 56298 7 56336 9 56452 26 56505 5 56513 29 56552 12 56592 7 56707 27 56760 7 56770 27 56808 13 56848 6 56961 30 57016 8 57026 27 57064 14 57104 6 57216 32 57271 9 57283 25 57320 15 57361 4 57472 33 57528 7 57539 25 57576 15 57727 35 57785 6 57795 25 57832 16 57983 35 58042 4 58052 24 58088 16 58239 36 58308 24 58343 18 58494 37 58565 11 58578 10 58599 19 58750 38 58821 10 58835 8 58855 22 59006 38 59078 8 59093 4 59111 25 59263 37 59334 7 59368 24 59519 37 59591 5 59624 24 59776 36 59848 4 59879 25 60032 36 60134 26 60289 36 60389 27 60546 34 60644 28 60803 33 60899 29 61060 8 61073 19 61155 29 61318 4 61331 16 61411 29 61588 14 61667 29 61847 2 61854 2 61923 29 62179 29 62435 29 62691 29 62946 30 63202 30 63458 30 63714 30 63970 30 64225 31 64481 31 64737 31 64994 30 65250 30 65507 29
000028,0 65536
000029, 
000030,0 65536
000031, 
000032,0 65536
000033, 
000034,199 57 453 59 709 59 964 60 1220 60 1477 59 1733 59 1989 59 2246 58 2502 58 2758 58 3013 59 3269 59 3524 60 3779 61 4034 62 4289 63 4544 64 4800 64 5055 65 5310 66 5566 66 5822 66 6079 65 6336 64 6592 64 6848 64 7103 65 7352 3 7358 66 7597 4 7608 3 7614 66 7850 8 7864 72 8099 18 8120 72 8354 94 8610 94 8865 95 9121 95 9378 94 9634 94 9890 94 10146 94 10402 94 10658 94 10913 95 11169 95 11424 96 11680 96 11935 97 12190 98 12446 98 12701 99 12956 100 13212 100 13467 101 13723 101 13979 101 14234 102 14490 102 14746 102 15001 103 15256 104 15512 104 15767 105 16023 105 16279 105 16535 105 16791 105 17047 105 17303 105 17559 105 17815 105 18071 105 18327 105 18584 104 18840 104 19096 104 19352 104 19608 104 19864 104 20120 104 20376 104 20632 104 20889 103 21145 103 21401 103 21657 103 21913 103 22169 103 22424 104 22680 104 22936 104 23192 104 23447 105 23703 105 23958 106 24214 106 24469 107 24725 107 24981 107 25237 107 25492 108 25747 109 26003 109 26259 109 26515 109 26770 110 27026 110 27281 111 27537 111 27793 111 28050 110 28306 110 28562 110 28818 110 29074 110 29330 110 29585 111 29841 111 30098 110 30354 65 30426 38 30611 63 30683 37 30867 61 30940 36 31123 59 31197 35 31378 59 31454 34 31634 55 31712 32 31890 54 31968 32 32146 52 32225 31 32402 44 32451 1 32481 31 32658 39 32738 30 32914 30 32995 29 33170 19 33252 28 33426 17 33508 28 33682 13 33771 21 33938 12 34030 18 34195 9 34287 17 34451 3 34544 16 34807 9 35064 8 35321 7 35577 7 35834 6 36090 6 36347 5 36604 4 36861 3 37118 2 37375 1 54841 2 55096 3 55352 3 55608 3
000035,32 124 170 42 228 28 285 128 426 43 484 28 540 129 683 45 739 29 790 136 939 47 995 29 1040 143 1196 47 1251 29 1295 144 1453 47 1506 30 1549 147 1709 47 1762 30 1793 159 1966 49 2016 193 2222 244 2479 244 2736 244 2993 244 3249 245 3506 249 3764 249 4021 249 4278 249 4537 246 4794 245 5050 246 5306 246 5562 247 5818 254 6075 254 6331 255 6588 1097 7687 11 7699 242 7945 8 7956 236 8193 4 8203 4 8213 235 8449 5 8469 242 8725 243 8981 244 9238 244 9495 243 9753 231 9985 10 10011 229 10242 9 10267 229 10500 7 10523 229 10757 7 10778 230 11015 5 11031 233 11274 3 11285 235 11539 237 11794 238 12050 238 12305 239 12560 240 12816 240 13072 240 13328 241 13585 241 13841 242 14097 244 14353 246 14610 246 14866 252 15122 254 15378 3716 19097 253 19352 254 19607 2342 21950 253 22208 250 22465 248 22721 247 22978 245 23234 243 23490 235 23745 224 24001 185 24189 32 24256 185 24447 7 24457 19 24512 184 24718 13 24768 185 24975 11 25024 185 25231 10 25279 188 25489 7 25536 187 25747 3 25792 188 26048 188 26304 189 26560 189 26815 190 27070 190 27326 190 27521 2 27582 188 27776 5 27838 188 28031 7 28095 186 28287 8 28352 186 28543 17 28609 185 28799 19 28865 187 29055 20 29121 187 29312 20 29377 188 29569 20 29632 191 29825 21 29888 215 30144 215 30399 217 30656 217 30912 219 31169 223 31426 224 31682 226 31937 229 32193 230 32449 231 32704 234 32960 236 33215 238 33471 239 33727 241 33982 244 34237 247 34492 249 34748 250 35003 251 35259 252 35515 252 35771 254 36027 255 36283 1278 37563 3829 41396 250 41654 248 41911 247 42168 246 42425 245 42683 243 42939 243 43195 243 43450 244 43706 244 43962 244 44218 243 44474 243 44730 243 44986 242 45241 243 45497 243 45751 246 46004 1416 47421 254 47678 1 47682 249 47939 248 48196 247 48453 247 48710 246 48966 246 49223 245 49479 245 49735 245 49992 197 50194 42 50249 193 50451 41 50506 191 50707 42 50763 190 50964 42 51020 188 51221 40 51278 4 51283 181 51477 40 51539 180 51734 38 51795 178 51991 37 52052 172 52249 34 52308 172 52506 33 52564 172 52763 32 52820 172 53019 32 53077 171 53275 32 53332 172 53531 33 53588 172 53787 33 53844 172 54043 34 54099 173 54300 35 54355 173 54556 36 54610 174 54790 1 54814 36 54865 175 55044 7 55071 35 55120 176 55299 9 55329 33 55375 177 55554 12 55586 33 55631 177 55809 18 55841 34 55886 178 56065 22 56097 34 56140 206 56353 35 56394 209 56609 36 56649 211 56865 252 57121 2619 59741 255 59997 423 60425 247 60683 245 60939 245 61185 3098 64291 248 64548 248 64805 247 65061 247 65317 219
000036,0 65536
000037,7217 5 7472 8 7728 9 7984 9 8240 9 8497 8 8754 6 9012 2 46154 1 46409 5 46664 6 46920 7 47176 7 47432 7 47689 5 47946 3
000038,38656 1 38912 3 39168 3 39424 3 39680 3 39936 3 40192 2 40448 2 46875 1 47131 1
000039,0 65536
000040,0 65536
000041,0 65536
000042,0 6 91 19 147 12 177 3 241 20 347 19 404 10 432 4 496 20 603 19 660 9 687 6 752 19 856 21 918 3 942 8 1007 18 1112 21 1198 9 1260 20 1371 17 1453 15 1515 21 1629 15 1709 33 1771 21 1895 4 1965 34 2003 1 2026 22 2220 36 2258 4 2282 22 2476 47 2538 22 2732 48 2794 22 2988 48 3048 24 3245 46 3304 24 3503 44 3559 25 3760 43 3814 26 3891 7 4016 43 4070 26 4146 9 4272 43 4326 26 4402 11 4528 44 4582 26 4658 17 4784 44 4839 25 4915 17 5040 45 5096 24 5171 19 5192 1 5296 45 5352 24 5428 25 5553 44 5609 23 5684 26 5809 44 5865 23 5940 26 6064 46 6123 21 6195 28 6319 47 6380 20 6450 29 6571 51 6638 18 6705 31 6826 52 6896 16 6959 33 7081 53 7152 16 7214 34 7336 54 7408 16 7470 34 7592 54 7664 16 7726 34 7847 55 7920 16 7982 34 8096 2 8102 55 8177 15 8239 33 8351 62 8434 14 8495 34 8608 60 8690 14 8751 35 8864 59 8947 13 9007 35 9121 56 9204 12 9263 35 9377 55 9461 11 9520 34 9634 53 9718 10 9777 33 9891 51 9974 10 10034 32 10148 48 10230 10 10291 31 10405 46 10486 10 10548 29 10661 44 10742 10 10806 26 10918 39 10998 10 11065 20 11175 37 11254 10 11321 16 11433 34 11510 10 11578 14 11695 26 11767 9 11835 12 11952 23 12023 9 12093 9 12209 20 12281 7 12352 5 12466 17 12540 4 12723 16 12980 4 12987 7 13136 8 13244 6 13388 13 13501 3 13507 3 13643 15 13757 15 13898 16 14013 16 14095 2 14144 2 14151 19 14269 17 14341 5 14349 6 14399 5 14405 22 14524 18 14595 16 14655 28 14689 2 14780 19 14851 17 14911 29 14945 3 15036 20 15106 18 15167 29 15201 2 15292 20 15361 19 15422 31 15548 21 15616 21 15677 33 15805 20 15872 21 15932 34 16062 20 16128 21 16185 38 16318 20 16384 21 16440 39 16575 19 16640 21 16695 41 16831 18 16896 21 16951 41 17085 1 17087 18 17152 21 17207 40 17339 21 17408 20 17462 40 17529 2 17544 5 17552 3 17595 20 17664 20 17717 40 17783 5 17798 14 17850 21 17920 19 17972 40 18037 8 18053 16 18106 8 18118 7 18176 20 18227 35 18293 9 18309 16 18362 7 18432 20 18483 30 18548 11 18564 17 18618 7 18688 20 18739 29 18805 11 18820 18 18874 7 18944 20 18994 30 19061 33 19131 5 19200 20 19250 29 19317 33 19456 19 19505 30 19568 1 19574 22 19599 7 19712 19 19761 30 19822 6 19831 22 19855 7 19968 17 20016 30 20077 7 20088 21 20112 6 20224 17 20271 30 20333 33 20369 9 20480 17 20527 30 20588 34 20628 13 20736 18 20782 31 20844 35 20884 15 20992 18 21038 27 21068 1 21100 35 21140 16 21248 19 21294 26 21324 3 21356 35 21394 20 21504 19 21551 24 21581 2 21612 36 21649 21 21760 20 21808 22 21836 3 21868 58 22016 20 22065 19 22091 4 22124 59 22272 20 22321 19 22344 2 22349 1 22358 3 22380 58 22528 20 22578 16 22597 6 22612 6 22636 58 22784 20 22834 16 22851 10 22867 7 22892 58 23040 19 23091 27 23123 8 23149 57 23296 19 23347 40 23405 57 23552 18 23603 40 23661 58 23754 6 23808 17 23858 42 23917 59 24008 9 24023 1 24069 12 24114 42 24173 60 24262 13 24276 6 24327 8 24370 42 24429 61 24518 21 24626 42 24685 63 24773 23 24883 41 24941 51 24999 3 25029 24 25139 41 25197 50 25285 24 25395 40 25453 51 25541 25 25652 39 25710 51 25798 24 25909 38 25966 54 26054 24 26166 36 26223 53 26312 21 26422 36 26479 54 26568 21 26679 33 26736 53 26827 18 26934 33 26993 53 27084 16 27184 34 27250 52 27341 15 27439 37 27511 47 27597 14 27695 38 27768 47 27853 13 27952 41 28024 47 28110 11 28208 43 28280 47 28366 10 28465 43 28536 47 28624 7 28722 42 28792 46 28979 41 29047 47 29236 40 29303 46 29494 39 29559 46 29755 5 29763 26 29815 45 30017 28 30071 45 30273 27 30327 45 30528 28 30584 44 30783 29 30840 44 31038 29 31097 42 31293 30 31353 41 31549 31 31609 41 31805 39 31865 40 32062 38 32120 41 32319 37 32375 41 32576 36 32630 42 32832 35 32886 39 33089 34 33142 37 33345 33 33398 36 33602 32 33655 34 33860 30 33912 33 34117 29 34169 31 34375 26 34427 27 34637 20 34685 16 34902 11 34943 11 35159 10 35202 7 35416 9 35673 8 35821 11 35929 8 36075 14 36186 6 36329 17 36443 4 36583 20 36827 3 36838 26 37082 6 37093 27 37338 7 37348 28 37593 8 37604 28 37748 3 37843 4 37848 11 37860 28 38001 7 38098 46 38257 8 38353 47 38512 10 38608 48 38766 13 38864 48 39020 18 39120 48 39275 20 39377 47 39531 20 39633 47 39787 20 39890 46 40043 20 40146 46 40300 19 40402 46 40556 19 40658 46 40812 19 40914 46 41068 20 41170 46 41321 23 41426 46 41575 25 41682 46 41830 26 41938 46 42086 26 42194 46 42341 27 42449 46 42505 2 42595 29 42704 38 42745 5 42760 4 42849 30 42960 37 43003 1 43016 5 43104 31 43216 37 43271 6 43359 32 43472 37 43526 7 43615 32 43728 37 43780 9 43870 8 43879 24 43984 38 44035 11 44126 6 44137 23 44240 38 44290 12 44382 6 44393 22 44496 38 44546 13 44638 6 44650 20 44751 39 44801 14 44894 6 44907 17 45006 40 45057 14 45151 5 45163 13 45261 39 45312 15 45407 5 45420 12 45516 34 45568 15 45664 5 45677 11 45772 11 45786 19 45824 15 45912 3 45921 3 45934 9 46028 9 46045 15 46080 15 46168 3 46191 7 46284 7 46303 12 46337 14 46424 3 46449 3 46541 4 46560 11 46572 8 46593 15 46680 3 46818 20 46849 14 47075 4 47080 15 47102 2 47105 14 47336 16 47356 18 47592 17 47610 18 47848 34 48104 31 48361 28 48617 23 48872 24 49128 24 49384 24 49640 24 49897 23 50152 24 50408 24 50663 25 50918 26 51173 27 51428 28 51684 28 51827 5 51939 29 52081 8 52195 29 52336 10 52451 29 52591 11 52707 28 52846 13 52964 25 53102 13 53220 22 53358 12 53476 19 53614 12 53732 13 53870 10 53987 9 54126 9 54244 6 54383 7 54614 3 54640 4 54868 9 55123 12 55144 3 55376 16 55397 9 55631 32 55887 34 56142 36 56398 36 56654 37 56910 38 57165 39 57222 2 57422 38 57477 3 57678 38 57732 5 57935 37 57986 7 58191 37 58240 9 58448 36 58496 9 58705 35 58751 10 58962 32 59007 10 59123 3 59219 29 59264 8 59378 4 59474 29 59520 5 59635 3 59729 29 59778 1 59980 2 59983 30 60234 33 60401 1 60490 32 60655 5 60746 30 60910 7 61002 31 61166 7 61258 31 61422 7 61514 32 61678 7 61770 32 61934 7 62026 32 62190 7 62283 32 62446 7 62540 32 62703 6 62797 33 62960 5 63054 33 63218 2 63311 32 63567 32 63824 32 64005 6 64081 31 64260 8 64338 30 64516 9 64594 30 64771 10 64851 29 65027 10 65107 28 65283 9 65362 27
000043,0 65536
000044, 
000045, 
000046,107 19 362 21 618 22 873 24 1129 24 1385 25 1640 26 1896 29 2152 29 2408 30 2665 28 2921 28 3177 27 3433 26 3472 3 3688 27 3728 4 3945 25 3984 4 4201 25 4240 3 4457 24 4713 24 4927 5 4970 23 5014 6 5088 4 5182 7 5226 22 5270 6 5343 7 5439 6 5482 22 5526 6 5598 10 5694 7 5739 21 5782 6 5854 10 5949 9 5995 21 6038 6 6110 11 6201 14 6251 21 6295 3 6366 12 6446 5 6455 18 6507 21 6622 13 6701 28 6763 20 6877 14 6951 34 7018 20 7133 15 7205 36 7274 18 7389 15 7459 38 7530 16 7645 14 7714 40 7786 16 7902 13 7968 42 8042 15 8161 9 8223 43 8299 13 8419 6 8479 39 8519 2 8557 7 8677 2 8734 38 8989 38 9197 1 9207 2 9244 39 9451 16 9498 40 9706 18 9753 41 9961 20 10009 40 10215 22 10264 41 10470 24 10519 42 10725 25 10775 42 10981 25 11030 43 11237 26 11286 42 11493 27 11541 43 11749 27 11797 43 12005 27 12052 43 12261 26 12308 43 12518 24 12564 42 12774 23 12820 42 13030 21 13077 41 13287 20 13334 40 13497 2 13544 11 13557 5 13592 38 13751 5 13801 9 13815 1 13849 37 14007 5 14059 6 14105 37 14263 5 14316 4 14361 36 14519 4 14618 5 14628 25 14885 24 15142 22 15399 20 15656 18 15914 15 16171 14 16423 2 16428 12 16680 1 16685 4 18944 1 19572 2 19828 3 19876 1 19971 2 20076 1 20083 4 20130 7 20224 7 20332 1 20340 2 20384 9 20480 7 20588 1 20640 10 20736 7 20895 11 20992 7 21151 12 21249 5 21407 13 21507 2 21663 14 21919 16 22176 16 22432 16 22688 16 22944 15 23200 15 23456 14 23713 13 23970 10 24227 7 24485 2 24664 3 24920 3 25176 2 26453 3 26708 5 26963 6 27219 6 27476 4 35072 2 35328 3 35584 2 35840 2 36096 1 40229 5 40482 9 40737 11 40993 12 41249 12 41505 12 41761 12 42017 11 42273 11 42529 11 42786 10 43042 10 43299 9 43556 8 43812 8 43946 6 44068 8 44200 15 44324 8 44456 18 44579 9 44711 23 44835 9 44967 28 45091 10 45223 29 45348 8 45479 35 45605 7 45735 38 45861 7 45991 38 46246 40 46501 41 46756 41 47012 41 47268 41 47523 44 47779 46 48035 47 48291 48 48547 50 48711 4 48803 52 48966 8 49059 53 49220 14 49316 53 49475 16 49572 55 49730 17 49829 55 49985 18 50086 54 50241 18 50343 54 50496 19 50599 54 50752 18 50855 53 51008 18 51111 53 51264 17 51367 52 51520 17 51623 50 51777 16 51879 47 52033 15 52135 45 52254 3 52290 14 52391 44 52509 6 52548 12 52647 31 52682 8 52764 8 52807 9 52903 30 53020 9 53064 8 53159 29 53275 10 53321 7 53415 29 53531 10 53578 6 53672 28 53787 10 53835 4 53928 27 54042 10 54184 27 54297 11 54441 25 54553 10 54699 23 54809 10 54957 20 55065 8 55215 17 55321 8 55471 17 55578 7 55728 16 55834 7 55984 15 56090 7 56241 13 56345 8 56499 9 56600 9 56853 12 57108 13 57363 14 57619 14 57875 13 58132 11 58388 10 58644 9 58901 8 59159 5 63127 4 63382 6 63637 8 63893 8 64149 8 64404 10 64568 1 64660 11 64821 6 64917 12 65077 5 65173 12 65333 5 65430 12
000047,0 65536
000048, 
000049, 
000050, 
000051,12 30 55 5 154 14 238 9 268 30 311 5 399 26 493 10 523 31 566 6 654 28 749 10 779 31 821 7 910 29 1005 10 1034 32 1077 7 1166 30 1260 11 1290 32 1332 7 1422 31 1516 11 1546 31 1588 7 1677 32 1772 11 1803 30 1844 7 1933 33 2028 12 2060 29 2100 6 2188 34 2285 11 2317 27 2357 5 2444 34 2541 11 2574 25 2615 3 2700 34 2798 10 2830 24 2872 1 2957 33 3056 7 3086 19 3213 33 3313 6 3341 18 3469 33 3597 18 3725 34 3852 19 3982 34 4108 18 4239 33 4363 19 4500 28 4619 20 4757 23 4875 24 5014 20 5131 25 5167 4 5270 19 5387 26 5422 6 5527 18 5643 29 5677 8 5784 16 5899 31 5934 7 6042 13 6155 32 6190 7 6299 11 6411 33 6447 4 6555 9 6667 34 6811 8 6924 33 7068 5 7181 32 7325 3 7437 33 7693 33 7949 15 7965 17 8205 13 8221 17 8451 4 8461 12 8477 18 8707 4 8717 10 8733 19 8963 4 8975 7 8989 20 9218 5 9245 20 9472 8 9501 20 9728 8 9758 19 9984 9 10015 18 10240 9 10272 17 10496 8 10521 3 10528 17 10752 7 10775 5 10785 16 10854 4 11008 7 11030 6 11041 16 11110 6 11264 7 11285 7 11299 13 11365 9 11520 7 11540 8 11557 10 11621 23 11776 8 11791 13 11815 7 11876 25 12032 29 12071 7 12132 26 12288 29 12327 7 12388 26 12544 30 12584 5 12644 27 12800 30 12842 1 12900 28 13056 30 13156 28 13312 31 13412 28 13568 31 13668 29 13824 31 13924 30 14080 31 14179 32 14336 31 14435 33 14592 32 14691 33 14848 33 14947 32 15104 35 15204 31 15360 36 15460 30 15616 39 15717 31 15872 41 15974 30 16128 41 16230 31 16384 42 16486 31 16640 42 16741 32 16896 42 16996 33 17152 42 17251 34 17408 43 17506 35 17664 43 17762 35 17920 43 18017 36 18176 43 18273 36 18432 15 18450 25 18528 37 18688 14 18706 26 18784 37 18944 14 18963 25 19039 37 19200 14 19219 25 19295 37 19456 15 19475 25 19542 6 19550 38 19712 43 19797 47 19968 42 20052 48 20224 41 20308 48 20480 40 20564 48 20736 40 20820 48 20992 40 21077 47 21248 43 21333 47 21504 45 21590 45 21760 40 21845 46 22016 40 22101 46 22272 39 22357 46 22528 38 22613 45 22784 39 22869 45 23040 39 23126 44 23296 40 23382 44 23552 40 23638 50 23808 40 23888 57 24064 41 24143 58 24320 40 24398 60 24576 40 24653 61 24817 5 24832 40 24909 50 24961 10 25072 7 25087 41 25164 50 25217 11 25327 9 25341 43 25420 50 25473 11 25527 10 25581 59 25675 49 25729 11 25781 16 25836 60 25932 47 25986 10 26035 21 26091 61 26188 46 26243 9 26290 23 26346 62 26444 46 26500 8 26545 25 26602 34 26638 26 26701 44 26758 5 26799 28 26858 34 26895 25 26957 15 26975 22 27015 2 27025 4 27054 29 27114 34 27151 25 27213 15 27231 20 27279 7 27309 31 27370 34 27408 23 27454 1 27469 15 27487 20 27534 16 27564 33 27626 34 27665 22 27708 7 27725 15 27744 19 27789 18 27820 33 27881 35 27921 22 27963 9 27981 15 28000 19 28044 20 28076 34 28130 42 28178 17 28218 10 28237 15 28256 19 28299 21 28332 34 28384 32 28419 9 28435 15 28474 10 28493 15 28512 18 28554 22 28588 34 28638 34 28676 8 28691 14 28729 11 28748 15 28768 17 28809 24 28845 33 28894 34 28933 7 28948 12 28985 11 29004 15 29024 17 29061 28 29101 33 29149 35 29189 6 29205 10 29241 12 29261 13 29280 16 29316 29 29358 32 29402 38 29447 3 29462 8 29497 12 29517 13 29536 16 29572 29 29614 32 29657 20 29678 18 29719 6 29752 13 29782 2 29793 15 29828 29 29870 32 29913 18 29935 17 29975 6 30008 13 30049 14 30075 4 30083 30 30126 32 30169 17 30192 16 30233 2 30264 12 30305 14 30330 6 30338 31 30382 31 30432 7 30449 15 30520 12 30562 13 30585 40 30638 31 30706 14 30776 12 30818 12 30841 40 30894 30 30962 14 31031 14 31073 13 31096 40 31150 29 31219 13 31286 16 31329 11 31352 40 31398 2 31406 29 31476 12 31542 16 31586 9 31607 41 31662 29 31732 12 31797 19 31842 8 31863 40 31918 29 31988 12 32053 20 32099 6 32118 40 32174 30 32245 11 32308 23 32374 40 32430 30 32479 4 32503 9 32561 25 32630 39 32686 30 32733 6 32762 6 32815 23 32886 38 32942 30 32988 8 33020 4 33068 25 33142 37 33199 28 33240 13 33276 4 33322 27 33398 37 33456 26 33495 16 33516 5 33526 3 33532 4 33577 28 33653 37 33713 24 33750 18 33772 20 33831 31 33909 37 33970 22 34006 19 34028 20 34087 31 34165 37 34226 22 34261 21 34283 21 34343 32 34410 1 34421 37 34482 22 34517 43 34599 31 34676 37 34738 22 34773 42 34855 31 34932 37 34994 22 35029 42 35112 30 35188 36 35250 22 35285 42 35369 29 35443 37 35496 6 35506 22 35541 42 35626 28 35699 37 35751 8 35763 21 35797 42 35881 29 35954 37 36006 9 36019 21 36053 42 36137 31 36211 36 36261 11 36276 20 36309 43 36389 36 36468 35 36516 12 36533 19 36565 43 36643 39 36725 34 36772 13 36791 6 36804 3 36821 43 36898 40 36983 32 37028 13 37077 43 37153 41 37241 30 37284 13 37331 23 37356 20 37409 41 37499 26 37541 13 37586 24 37613 19 37665 41 37756 24 37798 13 37841 25 37870 18 37921 41 38013 22 38055 12 38096 26 38127 16 38177 41 38276 1 38285 5 38313 11 38351 28 38385 14 38432 42 38570 11 38606 30 38642 13 38687 43 38826 11 38862 31 38899 12 38942 43 39083 9 39118 31 39156 12 39197 44 39339 8 39374 31 39412 12 39453 37 39493 4 39597 4 39630 31 39669 10 39709 37 39749 5 39885 33 39926 8 39965 36 40006 5 40141 33 40221 37 40261 7 40397 32 40477 48 40653 32 40733 48 40909 31 40988 48 41164 31 41244 48 41420 30 41500 47 41676 29 41756 46 41932 28 42012 47 42188 28 42269 46 42444 28 42525 46 42700 28 42781 45 42956 28 43037 44 43212 28 43293 44 43468 27 43549 43 43724 27 43806 42 43980 27 44062 41 44236 26 44319 39 44493 23 44575 36 44750 9 44766 5 44831 33 45006 7 45087 32 45264 4 45344 30 45600 29 45856 28 46112 27 46369 25 46625 25 46880 26 47136 26 47353 7 47391 26 47609 7 47647 26 47864 8 47903 24 48120 8 48160 5 48171 10 48376 8 48429 7 48632 8 48662 7 48684 8 48888 8 48916 9 48940 8 49144 8 49172 10 49195 9 49400 8 49428 10 49451 8 49656 8 49685 9 49707 8 49912 8 49942 8 49964 6 50168 8 50199 6 50222 2 50424 8 50680 8 50937 7 51193 7 51450 6 51707 5 56417 2 56671 5 56926 7 57180 11 57435 13 57688 17 57943 19 58198 21 58453 24 58709 25 58964 27 59219 29 59475 30 59730 31 59986 33 60241 35 60423 6 60497 36 60678 11 60752 38 60933 14 61008 39 61188 17 61264 40 61444 18 61520 40 61700 20 61778 39 61955 23 62035 38 62211 23 62291 38 62467 24 62547 38 62722 25 62803 37 62978 26 63059 37 63235 25 63315 37 63492 25 63571 36 63749 24 63826 36 64005 25 64082 35 64262 24 64338 35 64519 23 64595 33 64776 21 64852 32 65032 21 65108 32 65289 19 65366 29
000052,0 65536
000053,0 65536
000054,0 65536
000055,0 65536
000056,0 65536
000057,0 65536
000058,0 65536
000059,0 65536
000060, 
000061,0 65536
000062, 
000063, 
000064,0 65536
000065, 
000066, 
000067,0 65536
000068,0 65536
000069,0 65536
000070,0 65536
000071,18695 2 18950 4 19207 3
000072,0 65536
000073,0 65536
000074,0 65536
000075,0 65536
000076,0 65536
000077,0 2 101 15 117 34 256 2 352 56 512 1 607 57 863 57 1119 58 1374 59 1629 59 1885 59 2141 59 2396 60 2652 60 2909 59 3162 63 3416 66 3672 68 3742 3 3927 76 4183 77 4439 78 4695 83 4951 85 5207 85 5464 84 5720 6 5731 73 5987 72 6243 71 6499 71 6754 71 7012 68 7271 65 7527 65 7783 65 7918 6 8039 65 8171 10 8183 6 8295 65 8427 20 8551 64 8682 22 8807 64 8939 21 9063 63 9173 4 9195 21 9319 62 9427 6 9452 20 9576 60 9681 7 9708 20 9832 60 9937 7 9965 19 10087 60 10192 7 10220 20 10342 5 10349 54 10447 8 10471 1 10475 21 10594 10 10605 54 10703 9 10726 3 10730 22 10846 14 10861 54 10959 9 10981 27 11101 69 11216 9 11237 27 11356 70 11473 8 11494 26 11611 70 11728 11 11752 24 11866 70 11982 14 12009 23 12121 70 12237 16 12266 22 12377 68 12492 17 12522 22 12631 70 12748 18 12778 22 12887 70 13004 19 13034 22 13141 71 13261 19 13290 22 13397 68 13518 19 13545 23 13652 69 13777 1 13780 18 13800 24 13907 70 14038 42 14162 72 14293 43 14417 74 14549 43 14671 77 14803 45 14925 79 15058 46 15180 80 15314 46 15436 80 15570 46 15692 80 15826 46 15948 80 16083 45 16205 78 16339 45 16461 77 16588 3 16597 43 16718 75 16842 7 16854 42 16974 73 17097 10 17110 42 17230 73 17353 11 17366 42 17486 72 17609 55 17741 74 17864 56 17997 75 18120 56 18252 79 18375 57 18508 80 18630 58 18765 67 18834 10 18886 58 19021 63 19091 9 19142 58 19277 23 19308 30 19347 9 19398 58 19533 22 19565 29 19603 9 19654 58 19790 20 19821 28 19858 10 19910 58 20046 19 20077 27 20113 10 20161 63 20303 18 20334 25 20369 11 20416 64 20560 17 20590 23 20625 11 20672 64 20817 16 20847 13 20865 3 20881 12 20929 63 21074 15 21105 9 21137 12 21185 63 21330 16 21361 7 21394 10 21442 62 21588 15 21618 4 21651 9 21698 62 21845 7 21857 2 21909 7 21954 62 22114 1 22166 4 22211 61 22467 66 22723 74 22950 8 22978 76 23204 13 23228 82 23319 3 23460 106 23574 6 23715 107 23829 7 23970 109 24085 7 24226 109 24341 7 24482 110 24597 7 24738 110 24853 7 24993 112 25110 6 25249 112 25366 7 25504 114 25622 8 25760 126 26016 127 26272 127 26528 127 26784 88 26880 31 27041 85 27136 31 27297 82 27392 31 27553 81 27648 31 27810 79 27904 31 28064 81 28160 31 28319 83 28416 30 28574 84 28672 29 28830 85 28928 28 29086 85 29184 26 29342 85 29440 25 29598 84 29696 24 29854 84 29952 23 30110 84 30208 13 30366 83 30464 12 30621 83 30720 11 30876 79 30976 10 31131 79 31232 6 31387 77 31488 6 31644 75 31744 5 31900 74 32000 4 32157 72 32256 4 32413 71 32512 3 32669 70 32768 2 32925 70 33019 1 33024 2 33148 1 33180 71 33273 5 33280 2 33402 5 33435 71 33529 6 33536 1 33657 7 33686 76 33785 6 33911 9 33940 78 34043 5 34165 12 34195 79 34282 2 34300 4 34420 14 34450 79 34538 3 34557 3 34675 16 34705 80 34794 5 34810 6 34922 4 34928 20 34959 81 35051 5 35064 8 35178 4 35183 23 35215 64 35282 8 35292 3 35306 7 35317 11 35435 27 35470 64 35547 4 35562 22 35692 27 35726 63 35802 7 35817 23 35949 27 35982 63 36057 10 36071 25 36207 25 36238 63 36312 40 36465 23 36493 63 36568 40 36722 23 36748 64 36824 40 36979 90 37080 40 37221 4 37236 140 37476 6 37494 2 37500 94 37597 35 37731 9 37760 90 37855 33 37987 10 38018 88 38112 32 38242 12 38277 86 38368 32 38498 12 38534 122 38754 12 38789 123 39010 11 39044 124 39266 11 39296 128 39523 10 39552 128 39779 10 39808 127 40035 7 40064 124 40290 6 40320 123 40546 4 40576 123 40802 3 40832 122 41089 120 41345 112 41458 6 41601 110 41856 109 42111 113 42366 115 42621 116 42876 118 43132 93 43227 23 43387 93 43484 23 43643 93 43740 23 43899 92 43997 22 44155 92 44253 22 44412 91 44509 22 44667 91 44766 21 44923 91 45022 21 45179 90 45279 10 45292 6 45435 88 45536 8 45550 3 45691 87 45793 5 45947 86 46204 84 46460 83 46717 81 46973 39 47014 12 47028 26 47229 37 47270 5 47286 24 47486 36 47529 2 47543 23 47742 35 47801 20 47998 35 48059 16 48257 32 48291 3 48324 4 48514 31 48546 4 48769 32 48802 5 49025 40 49281 50 49339 1 49537 51 49593 5 49793 51 49848 6 50049 51 50103 8 50306 61 50563 60 50819 60 51075 60 51331 61 51588 60 51824 4 51844 62 51963 5 52079 8 52101 64 52211 13 52324 21 52357 67 52464 16 52579 23 52613 68 52718 18 52834 28 52868 76 52972 20 53089 31 53124 76 53226 22 53345 112 53481 23 53594 4 53600 113 53737 23 53849 121 53993 23 54103 123 54249 23 54358 123 54506 22 54613 124 54762 22 54867 111 54982 11 55018 22 55122 111 55240 8 55274 22 55376 112 55496 7 55530 22 55631 110 55753 5 55786 22 55884 111 56009 5 56042 22 56139 110 56263 8 56298 22 56393 111 56518 11 56556 20 56648 111 56773 13 56814 18 56902 112 57029 13 57076 12 57156 114 57284 13 57334 10 57411 114 57537 16 57591 9 57666 114 57792 16 57831 3 57848 8 57922 114 58047 18 58087 5 58104 8 58178 113 58303 18 58343 5 58361 7 58433 114 58559 17 58599 5 58618 6 58688 115 58816 16 58856 4 58877 1 58944 116 59072 15 59113 2 59199 118 59328 14 59455 119 59586 11 59711 119 59846 6 59967 120 60224 120 60487 114 60744 113 61001 112 61258 110 61516 107 61695 1 61778 100 61949 3 62035 99 62205 3 62294 96 62460 4 62554 92 62716 4 62811 91 62972 4 63069 88 63229 3 63326 86 63583 81 63840 79 64097 78 64354 77 64611 76 64868 75 65124 46 65171 27 65387 15 65405 20 65428 26
000078,0 65536
000079,28 52 285 54 541 55 797 58 1053 60 1310 60 1567 60 1823 60 2079 60 2335 59 2591 59 2844 1 2847 57 3074 4 3100 1 3104 10 3117 42 3328 9 3361 8 3373 41 3584 11 3629 40 3840 12 3857 2 3885 40 4096 13 4111 12 4141 37 4352 30 4398 36 4608 32 4642 5 4655 33 4864 41 4912 32 5120 42 5170 29 5376 43 5427 18 5449 4 5632 44 5685 15 5888 45 5941 14 6144 45 6199 12 6400 45 6455 13 6656 46 6711 14 6912 46 6967 14 7168 46 7222 15 7424 47 7478 14 7680 47 7734 14 7936 48 7990 13 8192 50 8245 4 8253 4 8448 56 8704 56 8960 56 9216 56 9472 55 9728 53 9984 51 10240 50 10496 49 10752 47 11008 47 11264 46 11520 45 11776 45 12033 44 12290 42 12546 41 12802 40 13058 40 13312 42 13568 42 13824 43 14080 45 14336 46 14592 46 14848 46 15104 46 15360 46 15616 45 15872 10 15884 33 16128 10 16141 12 16154 19 16384 9 16397 11 16411 18 16440 1 16640 9 16654 10 16667 18 16896 9 16911 7 16924 17 17152 7 17168 30 17408 6 17425 29 17664 5 17683 27 17920 5 17939 26 18176 5 18195 26 18432 4 18451 25 18688 6 18707 24 18944 7 18963 23 19200 8 19219 21 19456 9 19476 19 19712 11 19733 9 19745 5 19968 12 19991 6 20002 3 20224 14 20248 4 20480 16 20497 1 20736 19 20992 19 21248 20 21504 21 21760 22 22016 24 22272 24 22528 25 22784 25 23040 25 23269 2 23296 26 23524 3 23552 26 23777 1 23780 3 23808 28 24033 4 24064 29 24289 3 24320 30 24545 4 24576 30 24803 2 24832 30 25058 6 25088 30 25313 8 25344 30 25402 4 25569 9 25600 30 25655 12 25825 10 25856 31 25900 24 26081 10 26112 31 26153 28 26272 4 26336 12 26368 32 26408 29 26528 4 26592 12 26624 32 26662 31 26784 3 26848 12 26880 69 27040 3 27104 11 27136 69 27296 4 27360 8 27392 69 27552 4 27617 5 27648 69 27808 3 27820 2 27873 3 27904 70 28063 4 28074 6 28160 71 28318 5 28328 9 28416 71 28574 6 28582 12 28672 71 28829 21 28928 71 29085 21 29184 71 29340 22 29440 71 29596 23 29696 71 29851 24 29952 72 30106 26 30208 72 30361 28 30464 72 30617 28 30720 72 30874 28 30976 72 31130 29 31232 71 31386 30 31422 4 31488 66 31642 32 31677 7 31744 65 31898 45 32000 65 32154 46 32256 38 32297 25 32411 45 32512 37 32555 23 32673 40 32768 36 32812 22 32929 41 33024 36 33071 19 33184 43 33280 36 33328 17 33440 44 33536 35 33588 12 33695 46 33792 34 33845 10 33951 46 34048 34 34102 8 34207 46 34304 25 34333 3 34358 7 34462 48 34560 24 34598 3 34616 3 34718 48 34816 24 34851 8 34974 48 35072 24 35105 10 35230 48 35328 25 35358 13 35485 48 35584 43 35741 48 35840 42 35997 48 36096 42 36253 47 36352 42 36510 46 36608 42 36766 46 36864 41 37022 45 37120 41 37278 44 37376 40 37534 44 37632 39 37790 43 37888 38 38046 43 38144 37 38302 42 38403 29 38559 40 38661 26 38815 40 38870 5 38928 11 39051 4 39072 39 39125 7 39186 7 39306 6 39328 39 39380 9 39443 4 39562 6 39584 39 39624 2 39635 10 39817 8 39840 44 39890 11 40073 8 40096 45 40146 10 40328 9 40352 46 40401 10 40583 10 40608 58 40838 11 40864 57 41093 12 41121 55 41349 13 41377 54 41605 13 41634 45 41695 1 41862 13 41890 44 41947 7 42119 13 42146 42 42202 9 42375 13 42403 40 42457 11 42632 13 42660 38 42713 11 42889 13 42919 34 42969 11 43145 16 43176 31 43225 10 43401 16 43433 29 43481 9 43657 15 43689 28 43737 8 43913 14 43946 26 43993 7 44169 13 44202 24 44250 5 44424 14 44458 21 44506 4 44646 4 44680 15 44714 21 44901 6 44936 15 44970 21 45157 10 45193 13 45226 20 45413 11 45449 14 45483 18 45669 12 45705 14 45740 15 45925 12 45962 13 45997 13 46181 11 46218 14 46255 9 46439 8 46474 14 46512 7 46695 7 46730 14 46769 5 46952 6 46987 12 47209 2 47243 12 47500 11 47756 11 48012 11 48268 11 48524 11 48780 12 49037 12 49294 17 49330 4 49552 17 49585 7 49809 16 49840 10 50066 16 50095 11 50321 19 50349 14 50576 20 50601 18 50764 3 50832 20 50856 20 51019 5 51087 21 51112 20 51274 7 51343 22 51367 20 51530 8 51599 42 51785 9 51855 41 52041 9 52111 40 52297 9 52367 40 52552 11 52623 39 52808 11 52879 39 53065 10 53136 38 53321 11 53393 37 53578 11 53650 36 53834 11 53906 36 54090 11 54163 35 54346 10 54419 35 54602 10 54674 36 54858 9 54930 36 55115 4 55186 36 55442 2 55449 28 55707 25 55967 20 56224 18 56480 16 56736 11 56993 9 57250 8 57507 6 57764 4 58021 3 63857 7 64112 9 64368 9 64623 10 64651 6 64878 11 64905 15 65135 10 65161 12 65174 1 65391 10 65416 13
000080,58470 4 58724 7 58978 9 59234 10 59490 10 59747 9 60004 7 60261 5
000081,0 65536
000082,0 116 244 128 501 127 757 126 1013 20 1036 103 1269 20 1293 101 1525 19 1549 100 1781 19 1807 98 2038 18 2065 95 2295 17 2322 62 2385 31 2552 16 2579 57 2641 32 2808 17 2836 57 2897 32 3064 17 3094 54 3152 33 3319 18 3351 50 3407 34 3573 20 3609 47 3665 33 3826 23 3867 41 3921 33 4080 26 4126 35 4178 32 4334 18 4354 8 4383 33 4435 31 4587 21 4611 8 4621 2 4639 34 4692 30 4841 23 4869 11 4895 35 4949 28 5079 1 5095 25 5126 11 5150 37 5206 26 5332 7 5348 28 5385 8 5405 39 5463 25 5587 10 5603 29 5641 8 5660 41 5704 3 5720 24 5842 13 5858 30 5897 8 5915 43 5959 4 5977 22 6097 47 6153 8 6170 49 6234 20 6353 50 6410 7 6426 50 6492 1 6499 5 6507 2 6608 52 6666 7 6682 50 6864 52 6922 6 6937 53 7120 52 7179 4 7193 54 7375 53 7449 55 7629 55 7685 1 7705 55 7884 52 7939 5 7961 55 8140 52 8195 5 8217 55 8322 4 8395 53 8452 5 8473 55 8575 9 8650 54 8709 4 8729 55 8829 12 8905 55 8966 2 8986 54 9083 16 9161 55 9242 53 9339 17 9417 55 9498 53 9589 3 9593 23 9673 55 9755 52 9844 31 9928 56 10011 57 10100 31 10185 55 10267 59 10356 32 10441 55 10523 65 10597 8 10612 33 10696 56 10779 68 10851 11 10868 34 10952 56 11035 69 11105 14 11123 37 11208 56 11291 3 11299 77 11378 38 11464 56 11546 3 11556 117 11723 53 11800 5 11813 116 11980 52 12054 6 12069 116 12236 52 12310 6 12326 115 12493 51 12565 9 12575 2 12582 115 12751 49 12821 132 13008 48 13076 133 13264 48 13330 136 13519 49 13585 138 13776 48 13840 140 14032 48 14095 142 14288 48 14351 142 14545 5 14555 37 14607 142 14811 195 15067 195 15321 104 15427 91 15575 105 15684 90 15831 105 15941 88 16087 198 16343 196 16600 194 16857 192 17113 191 17369 190 17626 189 17882 186 18070 2 18139 184 18396 110 18507 7 18518 61 18653 107 18764 5 18774 61 18909 106 19030 60 19165 105 19286 60 19419 107 19541 62 19675 108 19797 62 19931 37 19969 71 20052 63 20187 37 20225 72 20308 64 20443 37 20481 73 20564 64 20700 36 20737 73 20821 63 20955 37 20993 5 21000 67 21079 60 21210 38 21251 1 21256 67 21337 58 21463 41 21512 67 21594 57 21718 42 21768 68 21851 39 21891 15 21973 43 22023 69 22107 34 22142 3 22149 12 22229 43 22279 69 22364 35 22407 7 22485 43 22535 70 22621 34 22740 44 22792 69 22877 34 22996 44 23048 70 23133 35 23252 44 23305 70 23389 35 23508 44 23562 70 23645 35 23757 51 23819 70 23901 35 24012 52 24075 71 24156 36 24268 52 24331 72 24412 35 24524 52 24588 72 24667 36 24780 52 24844 73 24923 36 25036 52 25100 73 25179 35 25294 50 25355 75 25435 35 25550 50 25611 75 25692 34 25808 48 25867 76 25948 35 26064 48 26124 76 26204 36 26321 47 26381 75 26461 38 26577 47 26637 75 26717 39 26834 6 26845 35 26893 76 26973 40 27090 5 27103 33 27150 76 27230 39 27347 3 27360 32 27406 76 27486 40 27616 32 27662 77 27742 40 27873 31 27919 76 27998 40 28129 31 28177 73 28255 40 28386 30 28434 72 28511 40 28643 29 28691 71 28768 39 28900 28 28947 71 29025 38 29157 27 29203 71 29281 38 29415 25 29459 71 29538 36 29672 24 29715 71 29795 35 29929 23 29972 70 30052 34 30185 23 30228 69 30314 28 30441 23 30484 69 30571 27 30697 23 30741 67 30829 24 30954 22 30997 66 31087 21 31209 23 31254 58 31313 2 31346 17 31465 23 31510 57 31602 16 31721 23 31766 55 31859 13 31977 23 32022 53 32115 10 32233 23 32278 52 32358 6 32373 5 32489 23 32535 51 32613 8 32746 22 32791 50 32868 9 33002 22 33047 50 33123 11 33258 22 33303 47 33379 11 33515 21 33559 46 33634 13 33771 21 33815 44 33889 15 34028 20 34071 43 34145 15 34284 20 34327 42 34401 16 34541 19 34583 42 34657 16 34798 18 34838 43 34914 14 35056 9 35093 44 35171 13 35313 7 35349 44 35427 12 35605 44 35683 11 35861 43 35940 8 36118 41 36196 6 36375 39 36454 2 36632 36 36889 4 36897 25 37155 23 37412 22 37669 22 37925 22 38182 21 38439 19 38697 16 38955 11 39212 10 39469 8 39726 7 39984 3 51296 6 51551 8 51807 10 52062 12 52318 12 52573 14 52829 15 52855 6 53085 15 53110 10 53339 17 53366 12 53593 19 53621 13 53711 4 53847 21 53877 15 53963 9 54102 23 54132 17 54217 12 54357 25 54387 22 54466 19 54612 27 54642 24 54720 21 54790 6 54867 28 54897 26 54976 20 55045 8 55123 28 55153 26 55231 21 55301 10 55378 28 55409 26 55487 21 55556 12 55628 3 55633 29 55665 27 55743 20 55812 12 55884 34 55920 27 55999 20 56064 16 56143 29 56175 28 56255 20 56320 16 56401 27 56431 28 56512 18 56576 17 56657 27 56685 31 56768 18 56832 18 56914 59 57025 16 57088 20 57171 59 57281 15 57344 21 57429 58 57537 12 57600 22 57687 11 57700 43 57793 10 57856 24 57942 58 58050 8 58112 26 58196 60 58308 4 58368 28 58450 65 58624 28 58706 67 58880 28 58961 69 59136 28 59217 77 59392 27 59473 78 59557 4 59648 26 59728 80 59812 6 59904 25 59980 84 60068 6 60160 24 60234 87 60325 6 60416 23 60478 1 60489 102 60672 17 60733 5 60745 103 60928 17 60989 5 60999 104 61184 17 61238 4 61245 113 61440 17 61478 3 61493 7 61502 112 61696 18 61733 5 61749 7 61759 111 61952 19 61989 6 62005 7 62015 111 62208 19 62244 8 62261 7 62271 110 62464 20 62501 8 62517 120 62720 20 62758 7 62773 121 62976 20 63015 7 63026 124 63232 26 63271 9 63281 125 63417 9 63488 27 63527 136 63672 12 63744 28 63784 136 63928 13 64000 28 64041 135 64184 13 64256 28 64301 131 64440 13 64512 27 64558 131 64696 14 64768 25 64814 132 64953 13 65024 24 65071 131 65209 12 65280 22 65327 131 65465 12
000083,0 65536
000084,0 65536
000085,61133 3 61387 7 61642 8 61897 10 62152 12 62408 12 62664 12 62920 11 63177 7 64665 4 64920 6 65176 6 65433 5
000086, 
000087,0 65536
000088,0 65536
000089,0 18 60 19 88 47 231 43 313 3 317 18 344 47 487 44 568 22 599 49 743 46 816 5 822 23 854 50 914 3 999 47 1049 2 1071 30 1109 51 1169 6 1255 55 1326 32 1364 53 1425 7 1511 57 1581 34 1619 54 1678 10 1768 58 1836 93 1931 14 2024 58 2091 111 2280 59 2346 112 2536 59 2598 117 2792 58 2854 117 3048 58 3111 117 3304 57 3367 117 3559 58 3624 117 3814 59 3880 117 4069 59 4137 117 4324 61 4393 116 4579 64 4649 116 4834 66 4905 116 5090 68 5159 118 5346 188 5602 188 5858 188 6114 188 6369 189 6623 192 6879 192 7134 193 7389 195 7644 197 7899 199 8155 199 8411 199 8668 198 8924 190 9117 5 9180 27 9212 157 9374 4 9436 27 9469 155 9692 26 9726 152 9947 25 9982 150 10203 24 10238 149 10458 24 10493 150 10714 24 10748 151 10969 25 11004 151 11225 25 11260 150 11480 27 11515 151 11736 28 11771 151 11992 29 12026 151 12249 29 12283 148 12506 29 12539 144 12762 29 12795 143 12983 3 13019 29 13051 14 13067 129 13237 9 13252 4 13275 29 13306 14 13326 118 13447 6 13492 11 13507 6 13531 30 13562 13 13584 32 13617 78 13698 1 13702 8 13748 24 13787 44 13842 30 13873 76 13958 9 14004 25 14041 45 14098 30 14129 75 14214 9 14260 27 14295 6 14305 34 14355 28 14385 72 14470 9 14516 27 14550 7 14562 30 14611 27 14641 71 14727 9 14773 28 14802 11 14821 27 14866 13 14883 11 14897 49 14949 19 14984 8 15006 3 15029 41 15080 24 15122 12 15141 8 15153 47 15207 10 15241 7 15261 5 15283 42 15345 15 15378 9 15398 7 15410 44 15463 9 15498 6 15517 5 15537 43 15601 15 15635 7 15655 5 15666 42 15720 7 15756 2 15774 4 15792 44 15856 16 15892 5 15922 40 15977 5 16030 4 16047 45 16111 17 16178 40 16233 5 16303 46 16367 17 16434 39 16490 3 16558 48 16622 18 16690 38 16744 5 16815 50 16879 17 16947 37 17000 6 17071 51 17136 16 17204 35 17256 6 17328 51 17392 16 17461 34 17512 6 17585 50 17649 15 17716 34 17768 5 17842 49 17907 13 17972 33 18026 2 18099 48 18164 12 18227 35 18295 2 18356 47 18421 11 18482 37 18549 5 18613 46 18677 11 18738 39 18805 6 18869 45 18933 11 18993 41 19060 7 19125 43 19189 11 19249 41 19315 8 19381 42 19446 10 19505 42 19571 8 19637 42 19702 7 19761 41 19826 9 19893 41 19960 3 20017 41 20082 10 20149 40 20273 40 20338 10 20406 28 20439 4 20529 30 20594 10 20662 28 20747 6 20786 28 20850 10 20919 27 21001 9 21042 27 21105 11 21176 25 21256 10 21298 27 21362 10 21433 25 21503 1 21511 12 21553 28 21619 8 21691 23 21757 3 21767 13 21808 29 21878 1 21940 31 21972 4 22011 5 22023 14 22063 29 22195 38 22267 5 22279 14 22319 28 22448 42 22522 6 22534 16 22576 3 22583 18 22702 45 22777 7 22790 19 22814 2 22841 9 22956 47 23032 8 23045 29 23098 5 23211 48 23288 8 23301 30 23467 48 23543 9 23557 30 23722 49 23799 9 23813 30 23978 49 24055 9 24070 29 24234 49 24310 10 24326 29 24489 50 24566 10 24582 29 24745 51 24821 11 24838 29 24989 3 24994 58 25075 13 25095 28 25244 64 25329 15 25351 29 25499 66 25584 16 25607 29 25755 67 25840 16 25864 28 26011 67 26096 16 26120 28 26268 67 26352 16 26377 28 26525 66 26608 16 26634 27 26761 2 26781 66 26865 15 26890 27 27015 7 27035 68 27121 15 27146 27 27270 10 27289 70 27378 14 27402 26 27525 12 27543 72 27635 13 27658 26 27720 1 27780 91 27892 12 27915 24 27973 6 28035 92 28151 9 28171 24 28228 7 28291 92 28409 7 28427 24 28482 10 28546 92 28666 6 28683 24 28737 12 28802 92 28923 5 28940 22 28993 12 29058 92 29179 5 29196 22 29249 13 29313 93 29436 4 29453 21 29505 13 29570 91 29692 4 29709 20 29761 13 29826 90 29948 4 29967 17 30017 13 30082 90 30204 4 30225 14 30273 13 30329 4 30339 20 30361 65 30460 4 30484 10 30529 12 30584 29 30617 65 30716 4 30742 6 30786 11 30838 30 30873 64 30972 4 30999 5 31043 9 31093 31 31128 65 31229 3 31257 2 31304 4 31348 32 31384 65 31487 1 31562 1 31602 34 31639 66 31857 36 31895 65 32112 104 32368 104 32623 105 32879 104 33135 104 33391 103 33647 103 33882 6 33904 102 34137 8 34160 101 34393 10 34415 102 34648 12 34671 102 34903 15 34919 7 34927 101 35157 124 35412 123 35667 124 35922 125 36177 126 36433 126 36689 126 36945 127 37201 127 37457 127 37713 112 37827 12 37969 110 38225 109 38481 108 38736 107 38991 107 39245 90 39337 17 39500 89 39594 15 39755 89 39852 13 40009 91 40110 10 40264 91 40367 8 40519 92 40775 92 41030 92 41286 92 41541 92 41797 92 42053 91 42304 96 42559 67 42627 30 42815 65 42884 29 43071 55 43128 3 43141 28 43327 55 43397 28 43582 55 43652 29 43838 55 43907 30 44095 54 44163 29 44351 53 44418 29 44608 51 44674 28 44864 44 44912 1 44930 28 45121 43 45185 28 45378 42 45441 28 45634 42 45697 27 45890 42 45943 5 45952 27 46148 39 46198 31 46405 37 46454 30 46663 34 46710 30 46919 32 46966 30 47176 12 47191 5 47201 2 47222 31 47434 8 47448 3 47478 31 47619 2 47734 31 47872 7 47906 1 47990 31 48128 7 48159 6 48177 4 48246 31 48384 7 48414 8 48427 19 48502 31 48640 8 48668 36 48758 31 48896 8 48923 37 49015 30 49152 8 49178 39 49271 30 49408 8 49433 41 49528 29 49664 8 49687 43 49784 29 49920 8 49942 44 50041 28 50176 8 50197 45 50299 26 50432 8 50452 47 50558 23 50688 8 50708 47 50816 20 50944 8 50964 47 51073 18 51200 9 51219 47 51330 15 51456 10 51474 48 51588 4 51712 68 51900 4 51968 69 52155 6 52224 70 52409 9 52480 72 52664 11 52736 74 52919 12 52992 75 53175 12 53248 76 53431 13 53504 77 53686 14 53711 3 53760 78 53942 15 53966 5 54016 78 54198 20 54222 7 54230 5 54272 78 54453 24 54478 14 54528 79 54709 40 54784 79 54964 41 55040 80 55220 42 55296 74 55373 3 55388 1 55476 42 55552 73 55630 1 55644 2 55660 1 55732 42 55808 73 55898 6 55914 6 55988 41 56064 73 56154 6 56169 9 56244 41 56320 74 56409 9 56422 15 56500 41 56576 74 56665 30 56756 41 56832 75 56920 32 57013 39 57088 76 57176 33 57271 37 57344 77 57432 33 57527 36 57600 77 57688 33 57783 35 57856 78 57944 32 58039 33 58095 2 58112 78 58199 33 58295 27 58331 3 58349 6 58368 79 58456 31 58551 26 58586 5 58604 8 58624 80 58712 30 58807 26 58842 10 58859 10 58880 81 58968 30 59063 25 59098 12 59112 14 59136 81 59225 29 59319 25 59354 29 59392 82 59481 29 59575 29 59609 31 59648 82 59737 29 59832 64 59904 82 59993 29 60088 64 60160 82 60249 30 60344 65 60416 82 60504 31 60601 64 60672 82 60759 34 60858 64 60928 81 61015 37 61115 63 61184 81 61270 39 61372 9 61383 51 61440 81 61526 41 61629 7 61639 51 61696 81 61782 42 61866 5 61894 52 61952 82 62038 44 62120 10 62150 52 62208 82 62294 44 62375 12 62405 53 62464 83 62551 44 62630 14 62658 56 62720 18 62740 64 62808 44 62886 15 62909 62 62976 17 62997 63 63065 43 63142 17 63163 56 63220 6 63232 16 63254 62 63324 1 63328 37 63397 76 63478 4 63488 15 63510 62 63584 37 63653 76 63744 14 63765 63 63840 39 63909 76 64000 13 64021 63 64088 5 64095 43 64165 76 64256 13 64276 64 64343 52 64421 77 64512 12 64532 120 64676 79 64768 11 64788 121 64932 79 65024 11 65043 123 65188 79 65280 10 65299 123 65444 79
000090, 
000091,58283 2 58539 3 58794 4 59050 4 59306 4 59562 3 59818 3
000092,0 65536
000093,0 65536
000094,0 65536
000095,0 65536
000096,0 65536
000097, 
000098,248 8 504 8 760 8 1016 8 1272 8 1528 8 1784 8 2040 8 2296 8 2552 8 2808 8 3064 8 3321 7 3577 7 3833 7 4088 8 4343 9 4598 10 4854 10 5110 10 5367 9 5624 8 5880 8 6136 8 6392 8 6647 9 6903 9 7159 9 7414 10 7671 9 7922 2 7927 9 8184 8 8442 6
000099,0 8 26 33 67 26 99 12 150 24 182 74 257 7 282 32 324 24 352 16 407 22 437 75 538 32 581 23 606 18 663 21 693 75 794 31 838 43 919 14 949 75 1050 30 1095 42 1171 13 1205 38 1244 36 1305 31 1352 41 1426 12 1461 37 1504 32 1561 15 1579 13 1609 40 1681 13 1717 37 1761 31 1817 15 1836 12 1866 38 1936 14 1973 12 1994 16 2018 30 2073 14 2094 10 2123 37 2192 14 2229 10 2250 16 2275 29 2329 13 2355 3 2380 36 2448 15 2485 9 2508 14 2532 28 2585 12 2636 36 2704 16 2742 7 2765 12 2788 28 2840 10 2892 37 2960 18 2999 5 3025 6 3045 27 3097 7 3147 38 3200 3 3217 18 3301 27 3354 5 3404 38 3455 5 3475 16 3558 26 3660 39 3710 6 3732 16 3814 26 3915 41 3966 6 3989 15 4070 26 4170 44 4221 7 4245 16 4326 26 4426 46 4473 11 4501 16 4582 26 4662 2 4681 59 4757 16 4838 26 4916 6 4937 60 5013 15 5094 26 5171 9 5193 64 5269 13 5351 25 5427 10 5448 66 5524 12 5608 24 5682 12 5704 67 5780 11 5864 24 5937 14 5962 65 6036 10 6057 5 6121 23 6193 14 6219 64 6288 1 6291 10 6312 8 6326 3 6350 2 6377 23 6449 14 6477 80 6567 19 6605 6 6635 3 6642 14 6705 13 6734 78 6823 20 6861 7 6900 12 6962 10 6991 77 7078 22 7117 8 7157 11 7218 6 7248 75 7334 22 7373 9 7414 10 7505 26 7541 37 7590 22 7629 9 7671 9 7763 24 7799 34 7846 22 7885 9 7927 9 8019 24 8060 28 8101 23 8141 8 8183 9 8276 23 8318 20 8346 4 8357 23 8398 7 8439 9 8532 24 8575 19 8600 36 8654 6 8696 8 8789 23 8831 18 8856 35 8912 1 8952 8 9045 9 9059 10 9087 17 9111 35 9208 8 9302 8 9319 6 9343 17 9367 30 9435 1 9456 15 9472 6 9548 3 9559 8 9576 6 9599 15 9622 32 9690 5 9711 12 9728 8 9803 5 9815 8 9832 6 9855 14 9878 32 9945 7 9967 11 9984 9 10058 7 10071 9 10089 5 10111 10 10134 33 10190 4 10201 9 10223 11 10240 10 10314 8 10326 11 10346 4 10366 10 10390 33 10445 6 10458 9 10470 6 10479 11 10496 10 10570 9 10581 13 10602 4 10609 5 10622 10 10646 33 10690 6 10699 9 10714 19 10735 10 10752 10 10826 25 10858 5 10865 6 10878 11 10903 32 10945 20 10971 6 10979 12 10992 9 11008 9 11082 27 11112 6 11120 7 11133 12 11159 32 11201 21 11229 3 11234 13 11248 9 11264 9 11338 36 11376 7 11389 12 11415 32 11456 23 11490 23 11520 8 11595 35 11632 7 11645 12 11671 31 11712 23 11746 23 11776 7 11852 34 11888 8 11900 13 11927 30 11967 25 12002 24 12032 6 12109 33 12145 26 12183 31 12223 27 12258 24 12288 5 12371 27 12402 26 12438 32 12479 28 12513 25 12544 5 12627 27 12662 25 12694 32 12735 28 12769 24 12800 4 12884 26 12919 24 12949 34 12991 28 13025 23 13056 4 13100 1 13141 24 13175 24 13205 37 13246 29 13281 23 13312 4 13354 5 13398 23 13431 24 13461 38 13502 28 13537 23 13568 4 13610 6 13656 22 13687 14 13703 8 13716 70 13794 21 13824 4 13866 7 13914 20 13944 11 13959 9 13971 71 14050 21 14080 4 14122 8 14172 20 14202 9 14215 10 14227 71 14307 20 14336 4 14377 9 14430 19 14459 7 14471 83 14563 20 14592 4 14633 10 14687 19 14716 5 14727 84 14819 20 14848 4 14889 11 14944 20 14972 4 14983 67 15052 15 15075 19 15104 3 15144 12 15201 19 15239 62 15309 13 15331 19 15360 3 15400 12 15457 19 15495 59 15566 12 15588 18 15616 2 15655 14 15714 17 15751 56 15823 6 15843 18 15911 14 15970 16 16006 14 16024 39 16099 17 16166 16 16227 13 16262 13 16280 38 16355 17 16422 16 16483 9 16518 11 16536 38 16611 16 16659 4 16680 14 16774 10 16792 36 16867 17 16914 6 16938 12 17030 9 17048 33 17122 19 17170 6 17194 12 17286 8 17305 28 17378 21 17411 3 17427 5 17450 12 17542 8 17562 26 17624 2 17633 23 17666 6 17682 5 17704 14 17800 4 17819 25 17877 7 17888 24 17921 9 17937 5 17959 15 18077 22 18129 39 18177 10 18192 7 18214 16 18284 3 18333 22 18382 43 18432 11 18447 10 18470 16 18540 5 18590 19 18637 44 18688 12 18701 13 18725 17 18795 8 18846 19 18892 45 18944 27 18981 18 19051 9 19102 18 19127 1 19148 46 19200 28 19237 20 19306 13 19359 17 19382 3 19404 46 19456 28 19494 21 19562 16 19615 18 19638 4 19659 47 19712 29 19750 21 19817 19 19872 18 19895 2 19915 47 19968 29 20007 21 20072 20 20129 17 20171 47 20224 31 20263 11 20279 7 20325 24 20387 15 20426 47 20480 32 20520 6 20536 8 20579 27 20644 14 20682 43 20736 33 20776 10 20793 8 20834 29 20901 14 20938 42 20992 35 21033 10 21049 9 21089 30 21158 13 21194 42 21248 36 21289 12 21305 9 21345 32 21415 11 21449 34 21486 6 21504 37 21545 13 21561 10 21600 34 21672 10 21705 33 21744 3 21760 38 21801 27 21835 8 21855 36 21928 10 21961 31 22016 69 22089 11 22109 39 22185 8 22218 12 22235 8 22272 133 22443 5 22474 12 22493 4 22528 134 22731 10 22784 134 22988 8 23040 135 23296 135 23552 135 23808 135 24064 134 24214 3 24320 67 24389 65 24466 9 24576 66 24646 64 24719 13 24832 66 24903 64 24974 14 25088 65 25160 63 25230 15 25344 64 25417 62 25486 15 25600 63 25673 62 25743 14 25856 62 25929 61 25999 13 26112 60 26185 60 26255 13 26368 59 26442 59 26512 12 26624 57 26698 59 26769 10 26881 55 26956 57 27029 5 27137 53 27215 54 27395 51 27471 54 27659 43 27727 54 27916 41 27984 53 28175 38 28240 53 28432 37 28497 52 28689 36 28753 52 28945 36 29010 51 29201 36 29268 49 29360 6 29457 36 29525 48 29615 9 29714 35 29781 48 29870 11 29970 35 30037 48 30126 11 30227 34 30290 48 30381 13 30485 31 30544 49 30637 14 30743 29 30800 48 30893 14 30999 29 31055 37 31093 10 31148 15 31256 27 31311 35 31351 6 31404 16 31514 25 31566 34 31609 2 31660 16 31771 22 31822 26 31916 18 32000 4 32028 21 32078 25 32171 20 32227 1 32256 5 32285 7 32298 6 32333 25 32427 21 32456 7 32480 6 32512 5 32543 3 32589 25 32682 22 32711 9 32734 8 32768 5 32845 25 32937 24 32966 11 32982 17 33024 5 33102 24 33192 24 33221 12 33237 18 33280 4 33358 23 33446 26 33476 14 33492 19 33536 3 33614 23 33702 26 33732 36 33839 4 33869 22 33958 26 33988 37 34089 12 34125 23 34151 5 34214 27 34242 40 34343 16 34381 32 34470 69 34544 2 34599 17 34637 33 34726 69 34799 3 34851 23 34893 34 34983 68 35055 3 35105 25 35149 35 35240 67 35360 26 35406 34 35497 67 35614 28 35650 6 35663 34 35753 67 35868 30 35905 8 35922 34 36010 67 36123 31 36160 10 36179 34 36266 67 36378 32 36416 10 36435 35 36522 67 36633 33 36671 11 36691 35 36778 68 36889 34 36927 11 36947 35 37034 68 37145 49 37196 4 37203 35 37291 67 37401 57 37459 35 37548 66 37657 57 37715 35 37806 64 37913 93 38066 60 38169 67 38243 18 38323 59 38425 59 38485 5 38499 15 38579 9 38589 49 38681 59 38755 14 38836 7 38846 48 38937 59 39011 13 39094 4 39102 48 39193 59 39268 12 39358 48 39449 59 39525 10 39614 48 39705 59 39781 9 39870 48 39942 11 39961 59 40038 3 40126 49 40192 19 40217 58 40382 49 40439 4 40448 19 40473 57 40637 65 40704 19 40729 55 40893 66 40960 19 40985 54 41090 14 41150 85 41241 53 41345 16 41406 85 41498 52 41600 18 41661 86 41755 50 41855 19 41917 87 42014 46 42110 20 42173 67 42241 19 42272 43 42365 21 42429 45 42478 18 42498 19 42528 30 42559 10 42619 23 42686 41 42734 18 42754 19 42784 28 42815 8 42873 25 42942 40 42991 17 43011 18 43040 27 43072 6 43124 30 43200 37 43247 17 43267 18 43296 25 43328 5 43378 32 43457 36 43503 17 43524 17 43552 23 43586 1 43632 34 43730 19 43759 17 43780 9 43792 5 43809 20 43884 37 43986 19 44015 17 44036 10 44052 2 44066 18 44138 38 44242 18 44271 17 44291 12 44307 7 44324 14 44387 45 44498 18 44525 19 44545 27 44581 10 44641 47 44754 17 44780 20 44801 27 44838 8 44895 50 45010 16 45036 49 45095 5 45151 52 45267 13 45292 49 45406 54 45524 10 45548 48 45615 3 45661 58 45781 6 45803 49 45871 4 45915 63 46039 1 46059 49 46128 2 46170 65 46314 49 46385 2 46425 67 46570 22 46593 26 46641 5 46657 2 46680 68 46797 3 46826 22 46849 25 46897 6 46912 4 46935 69 47052 5 47082 22 47105 25 47152 8 47169 3 47190 69 47308 5 47338 22 47361 24 47408 9 47426 1 47445 70 47563 6 47594 22 47617 24 47665 8 47690 4 47700 71 47820 5 47849 23 47873 23 47921 9 47945 6 47955 72 48076 4 48104 47 48177 7 48201 6 48212 71 48333 1 48359 48 48457 6 48468 71 48614 49 48687 4 48710 1 48715 3 48724 72 48870 50 48940 9 48963 12 48980 72 49126 26 49153 23 49191 15 49215 93 49381 27 49409 23 49438 4 49446 17 49470 95 49637 51 49693 6 49701 19 49725 96 49893 51 49950 26 49981 97 50149 51 50206 27 50236 98 50405 49 50468 123 50661 48 50724 124 50918 45 50980 124 51174 45 51236 125 51431 44 51493 126 51687 14 51702 29 51749 128 51944 11 51959 29 52005 130 52201 8 52216 28 52261 131 52431 5 52460 3 52472 28 52518 131 52684 9 52729 28 52773 132 52939 13 52986 27 53029 133 53195 15 53248 22 53284 134 53450 19 53504 22 53539 135 53700 26 53760 23 53795 135 53955 28 54016 23 54051 136 54210 29 54272 23 54307 139 54466 29 54528 23 54563 141 54722 29 54784 23 54819 143 54978 29 55040 23 55074 145 55234 29 55296 23 55329 147 55490 30 55552 22 55585 149 55747 29 55810 20 55840 152 56004 28 56039 1 56067 19 56096 154 56260 28 56293 5 56323 18 56352 155 56517 28 56548 8 56581 2 56587 10 56608 156 56774 27 56802 13 56818 5 56844 8 56863 159 57031 49 57101 5 57119 159 57290 47 57375 161 57546 48 57631 167 57803 3 57809 42 57888 168 58066 44 58144 169 58323 44 58400 170 58579 45 58656 170 58836 44 58901 4 58912 169 59091 45 59156 6 59167 169 59347 45 59411 180 59603 45 59666 98 59765 82 59859 45 59922 95 60026 77 60115 45 60177 93 60284 75 60371 45 60434 88 60539 75 60627 45 60690 82 60795 75 60883 45 60947 80 61050 66 61118 7 61140 44 61204 78 61306 65 61376 3 61396 44 61460 78 61552 3 61562 65 61651 45 61717 77 61805 7 61819 63 61906 46 61973 77 62052 17 62075 63 62162 46 62229 65 62296 8 62307 18 62331 62 62418 46 62485 64 62553 6 62561 21 62588 60 62674 46 62742 10 62756 48 62810 4 62817 22 62844 60 62910 3 62930 46 62998 9 63020 38 63071 24 63101 59 63166 4 63186 46 63255 6 63277 36 63327 25 63359 57 63421 5 63441 47 63533 34 63583 25 63616 59 63678 4 63696 48 63790 29 63839 25 63873 7 63884 48 63934 2 63952 48 64048 25 64095 24 64131 3 64142 46 64208 48 64316 12 64350 20 64401 43 64465 47 64572 12 64606 19 64658 42 64721 48 64829 12 64861 19 64915 41 64977 48 65085 12 65116 20 65171 41 65232 49 65341 11 65371 20 65428 39 65487 49
104502,0 819 825 250 1081 248 1338 246 1593 245 1847 239 2103 240 2359 240 2603 3 2614 249 2869 250 3125 249 3379 250 3635 249 3890 249 4145 250 4401 250 4657 250 4912 251 5167 252 5420 55012 60433 252 60691 248 60947 244 61205 242 61462 239 61719 238 61975 238 62232 237 62492 233 62749 232 63005 232 63262 231 63519 230 63775 230 64032 230 64287 232 64535 4 64542 237 64790 247 65047 247 65304 232
106940,0 107 117 248 373 248 629 251 883 26124 27011 252 27267 252 27525 250 27781 249 28037 249 28293 248 28551 246 28807 246 29064 245 29320 246 29577 245 29833 246 30090 245 30346 245 30603 244 30860 244 31117 243 31373 243 31628 244 31883 247 32137 250 32393 251 32648 253 32903 1842 34749 253 35005 254 35261 254 35517 3331 38854 249 39111 247 39371 242 39627 240 39882 241 40138 239 40393 240 40649 240 40903 242 41159 242 41414 243 41669 245 41924 247 42179 248 42433 251 42689 253 42944 732 43677 254 43935 251 44191 252 44448 251 44704 251 44961 250 45217 250 45477 246 45732 246 45987 246 46243 247 46501 245 46759 244 47015 244 47271 244 47528 243 47784 243 48042 240 48299 238 48557 236 48813 236 49069 236 49325 236 49581 236 49837 237 50093 237 50349 238 50605 238 50861 239 51117 239 51373 240 51629 240 51884 242 52139 243 52395 244 52651 244 52907 245 53162 246 53419 246 53675 246 53932 245 54189 245 54445 245 54701 245 54956 246 55212 246 55467 248 55723 248 55979 249 56235 250 56491 252 56747 254 57003 256 57262 254 57518 255 57776 253 58033 252 58288 254 58544 252 58802 249 59061 244 59318 243 59574 238 59830 237 60086 238 60343 238 60599 238 60855 238 61112 238 61369 237 61625 238 61882 237 62138 238 62394 238 62650 239 62905 241 63161 242 63416 243 63673 243 63933 240 64190 239 64448 238 64705 237 64962 236 65218 236 65475 61
112782,0 65536
123643,0 65536
126000,0 65536
126135,0 113 123 113 243 64 309 60 380 115 500 61 565 59 637 114 757 60 822 57 893 116 1014 59 1078 56 1149 116 1270 118 1405 116 1525 119 1661 116 1781 78 1861 38 1915 118 2037 76 2119 36 2170 119 2293 77 2375 36 2423 123 2549 78 2632 35 2678 124 2805 78 2888 34 2932 207 3144 33 3188 207 3400 31 3443 208 3655 32 3699 244 3955 243 4211 242 4468 241 4726 2 4734 132 4871 93 4993 128 5127 90 5250 126 5385 84 5507 125 5640 85 5763 125 5895 85 6019 125 6151 85 6275 125 6407 84 6526 130 6663 84 6781 131 6919 84 7037 131 7175 84 7293 220 7549 220 7805 52 7859 104 7965 58 8063 49 8115 104 8221 56 8319 49 8371 103 8479 53 8576 49 8627 102 8735 52 8832 49 8883 102 8991 52 9088 49 9138 102 9247 52 9344 151 9504 29 9538 17 9563 1 9600 150 9760 29 9795 16 9818 3 9857 143 10017 25 10050 17 10073 7 10113 142 10273 23 10305 18 10327 10 10369 127 10499 12 10529 22 10561 18 10580 14 10625 127 10756 11 10785 20 10817 6 10834 17 10881 127 11014 11 11042 11 11064 1 11073 4 11091 17 11137 127 11271 11 11299 9 11319 4 11347 18 11393 127 11533 6 11557 6 11573 7 11602 19 11649 127 11789 6 11815 3 11829 8 11858 19 11905 130 12046 5 12085 8 12113 20 12161 131 12303 5 12341 8 12369 20 12417 131 12559 4 12597 8 12623 22 12659 8 12673 48 12723 81 12816 1 12853 8 12878 23 12914 11 12928 47 12981 78 13111 5 13133 24 13169 62 13239 73 13369 2 13389 24 13424 63 13495 73 13643 27 13679 68 13754 70 13899 27 13934 71 14010 70 14155 26 14189 147 14411 26 14444 148 14666 27 14699 149 14922 27 14955 67 15024 80 15178 27 15210 64 15281 79 15434 27 15465 64 15537 79 15689 29 15719 66 15792 80 15944 96 16048 80 16201 96 16303 81 16457 96 16558 82 16713 183 16970 182 17226 182 17482 182 17738 182 17994 182 18251 181 18509 52 18565 123 18771 45 18821 123 19027 45 19077 123 19283 45 19333 123 19538 45 19589 123 19793 46 19847 121 20049 46 20103 121 20305 47 20361 119 20560 31 20597 11 20618 118 20815 32 20855 10 20875 117 21069 34 21111 10 21131 117 21323 8 21332 28 21367 13 21387 117 21579 37 21623 14 21642 118 21835 37 21879 93 21973 43 22091 37 22134 94 22229 43 22348 33 22389 74 22465 63 22605 31 22645 74 22723 61 22786 1 22861 30 22901 66 22969 6 22980 18 23000 40 23041 3 23055 2 23119 27 23156 66 23227 4 23237 18 23256 45 23309 7 23363 1 23376 25 23411 67 23484 4 23494 17 23513 44 23565 8 23618 3 23632 25 23667 67 23739 6 23749 17 23770 45 23821 12 23873 4 23889 24 23922 67 23995 26 24027 44 24077 13 24129 5 24145 24 24178 67 24251 26 24285 28 24315 13 24335 12 24386 4 24401 24 24432 69 24506 29 24541 26 24573 12 24593 11 24642 4 24658 25 24687 71 24761 30 24798 24 24831 10 24851 9 24899 2 24903 3 24914 134 25054 22 25088 9 25108 9 25159 5 25170 135 25309 22 25344 9 25365 8 25415 9 25427 110 25538 23 25563 19 25600 9 25621 8 25671 122 25795 2 25801 16 25819 20 25857 7 25877 8 25926 117 26063 10 26075 20 26114 5 26133 8 26179 118 26319 9 26331 21 26390 7 26405 2 26435 118 26577 6 26588 19 26647 6 26660 3 26691 118 26833 5 26844 19 26904 5 26915 6 26945 118 27101 17 27160 6 27172 5 27201 117 27357 13 27419 4 27428 7 27454 117 27596 2 27614 7 27677 2 27684 7 27709 118 27851 3 27871 3 27939 11 27965 116 28106 4 28195 12 28220 82 28303 34 28361 5 28451 14 28476 81 28559 36 28617 4 28707 15 28732 80 28815 36 28874 3 28963 17 28988 78 29071 38 29116 4 29221 16 29244 77 29327 40 29371 6 29479 16 29500 77 29584 50 29736 16 29756 77 29840 50 29993 15 30011 78 30095 51 30250 15 30267 78 30351 51 30506 14 30525 76 30607 51 30762 14 30782 11 30797 60 30863 51 31018 14 31041 6 31054 59 31119 52 31274 15 31299 1 31311 58 31375 53 31486 2 31530 17 31567 56 31631 54 31741 3 31786 18 31823 55 31887 55 31997 3 32046 1 32052 9 32080 53 32140 58 32251 5 32293 2 32309 8 32337 52 32395 6 32402 53 32507 5 32567 6 32593 53 32650 7 32659 56 32753 15 32824 4 32849 53 32905 8 32915 58 33009 15 33106 63 33173 46 33222 7 33263 17 33361 66 33430 45 33478 7 33519 17 33603 2 33614 69 33687 42 33734 7 33774 18 33858 3 33869 70 33943 42 33991 5 34029 19 34113 5 34122 73 34202 39 34249 2 34285 19 34369 6 34378 73 34459 38 34541 19 34610 6 34625 4 34633 74 34717 36 34796 20 34865 8 34889 75 34974 35 35051 21 35118 11 35145 76 35231 34 35305 23 35366 1 35372 13 35400 15 35420 57 35487 34 35560 24 35621 20 35655 14 35677 57 35744 31 35813 27 35876 22 35911 13 35933 57 36000 30 36042 1 36069 27 36130 33 36166 12 36189 46 36241 5 36256 29 36325 27 36385 48 36445 46 36497 5 36512 19 36537 4 36569 1 36582 26 36639 50 36701 46 36754 5 36768 17 36825 2 36838 26 36895 49 36957 47 37011 5 37023 17 37081 4 37094 26 37151 48 37214 47 37267 6 37279 14 37336 6 37350 26 37407 48 37470 49 37522 7 37535 12 37593 4 37605 27 37663 48 37729 56 37792 8 37849 4 37860 28 37904 3 37919 48 37989 52 38048 7 38106 1 38115 29 38175 48 38247 50 38304 9 38371 29 38431 48 38504 49 38560 10 38627 29 38686 48 38761 30 38796 13 38816 12 38884 28 38941 49 39018 28 39053 12 39072 13 39141 27 39197 48 39281 20 39311 10 39329 13 39397 27 39453 48 39537 20 39567 10 39585 13 39652 28 39708 47 39795 18 39825 6 39843 12 39907 29 39964 47 40051 18 40081 6 40099 12 40161 31 40220 46 40309 16 40357 10 40416 32 40476 45 40566 14 40614 9 40672 32 40733 42 40829 6 40871 6 40927 33 40981 1 40990 39 41129 1 41183 33 41234 5 41251 27 41439 33 41491 4 41509 25 41695 33 41748 3 41767 6 41778 11 41840 4 41951 33 42005 2 42024 5 42034 11 42094 7 42208 32 42291 12 42346 11 42465 31 42547 12 42601 12 42722 30 42805 10 42856 13 42979 29 43063 7 43112 13 43237 27 43368 13 43497 23 43624 13 43754 22 43881 11 44011 21 44137 11 44267 21 44393 11 44523 21 44649 12 44779 21 44905 14 45036 20 45162 13 45293 19 45419 13 45550 18 45676 12 45807 17 45934 9 46066 14 46192 7 46325 11 46450 3 46585 7 46841 7 47100 4 47357 3 47564 3 47820 1 47986 9 48241 12 48497 13 48753 13 49010 11 49267 8 50627 5 50882 8 51085 6 51093 5 51136 17 51191 4 51341 14 51391 18 51413 6 51446 5 51595 38 51641 35 51701 7 51850 42 51897 36 51956 8 52105 83 52212 7 52361 83 52468 7 52618 83 52725 6 52874 70 52947 10 52982 3 53130 67 53203 18 53386 66 53458 20 53641 66 53712 23 53897 48 53946 17 53968 22 54151 64 54225 21 54401 68 54481 21 54649 75 54738 19 54903 66 54970 9 54995 18 55158 67 55227 8 55251 18 55413 68 55483 8 55502 23 55669 66 55741 5 55757 23 55925 65 55997 4 56013 23 56182 59 56269 22 56439 57 56526 21 56701 52 56783 20 56959 50 57039 19 57217 49 57279 4 57297 20 57427 4 57473 51 57534 5 57553 20 57681 8 57730 3 57739 43 57789 6 57811 5 57822 6 57936 9 57995 44 58045 7 58067 4 58081 2 58191 10 58241 3 58250 61 58447 11 58496 5 58506 63 58703 16 58751 7 58761 72 58955 22 59007 86 59208 25 59262 87 59464 26 59519 88 59719 27 59775 91 59867 6 59885 4 59975 27 60031 100 60141 6 60232 27 60289 100 60398 7 60488 27 60546 100 60655 7 60744 9 60758 15 60803 102 60911 6 61000 7 61016 14 61059 105 61166 6 61255 6 61279 8 61315 112 61509 8 61535 7 61571 111 61761 11 61782 4 61791 6 61828 107 62013 14 62037 6 62048 4 62085 106 62265 18 62293 7 62343 104 62521 18 62548 8 62601 100 62703 4 62776 19 62805 8 62857 97 62958 9 63031 20 63061 8 63113 96 63212 10 63287 20 63317 9 63370 90 63468 4 63543 20 63573 10 63595 2 63626 90 63724 3 63798 21 63830 9 63849 5 63881 90 64054 21 64087 9 64105 5 64137 90 64309 22 64345 6 64362 4 64394 90 64565 22 64619 2 64650 91 64820 23 64907 91 65076 23 65163 91 65332 23 65421 90
136374,0 65536
142027,3 10 31 4 72 14 87 7 95 4 105 7 123 11 135 10 259 10 294 4 329 26 363 4 380 21 515 10 549 6 585 26 636 21 771 10 805 7 841 26 893 20 1027 10 1062 6 1096 27 1149 19 1281 12 1319 6 1351 28 1405 19 1537 16 1575 5 1606 29 1662 18 1792 20 1861 30 1919 17 2048 21 2117 30 2176 16 2304 21 2373 30 2434 15 2561 20 2619 8 2628 30 2691 14 2817 20 2873 40 2949 12 3073 21 3128 30 3159 10 3207 10 3284 1 3329 22 3383 30 3418 5 3464 9 3539 3 3585 22 3639 31 3721 8 3795 4 3841 22 3895 31 3977 8 4051 4 4097 22 4151 32 4234 7 4307 5 4353 22 4407 33 4494 1 4563 5 4608 23 4663 34 4819 5 4864 23 4920 33 5075 5 5120 22 5176 34 5332 4 5376 19 5433 33 5489 4 5632 19 5689 33 5745 4 5888 19 5945 34 6003 1 6144 19 6202 33 6243 2 6400 19 6458 32 6499 4 6656 19 6714 32 6755 4 6912 18 6968 33 7011 4 7168 17 7222 35 7267 4 7424 11 7477 36 7523 2 7680 11 7733 36 7779 2 7783 4 7936 11 7988 37 8035 10 8192 11 8243 38 8291 10 8448 11 8498 39 8547 11 8704 10 8753 39 8804 11 8960 10 9007 40 9061 10 9187 8 9216 9 9263 36 9317 10 9440 11 9472 8 9518 35 9573 9 9694 14 9728 7 9773 35 9830 8 9950 14 9969 4 9984 5 10029 34 10087 6 10205 28 10240 4 10285 32 10344 4 10461 28 10492 6 10535 36 10716 37 10791 34 10971 37 11046 33 11227 37 11302 33 11482 38 11559 30 11735 41 11815 30 11990 42 12075 24 12246 42 12334 20 12502 42 12591 18 12757 43 12849 8 12860 5 13013 43 13087 7 13268 44 13343 8 13524 44 13599 10 13779 45 13854 12 14035 45 14110 15 14290 46 14366 16 14545 47 14622 17 14801 47 14878 17 15056 48 15119 5 15134 17 15169 4 15311 49 15375 6 15390 16 15424 6 15567 49 15630 7 15646 15 15669 18 15822 50 15886 7 15902 15 15924 19 16077 51 16141 8 16157 15 16179 22 16334 50 16397 8 16413 14 16435 23 16590 50 16645 18 16667 18 16689 29 16846 50 16899 76 17103 49 17153 80 17359 27 17392 16 17409 80 17615 28 17649 15 17665 80 17871 28 17906 14 17921 81 18128 27 18163 102 18385 28 18417 60 18478 44 18647 132 18905 130 19161 86 19256 9 19269 22 19417 32 19451 52 19513 7 19527 20 19673 87 19771 4 19784 19 19930 3 19939 77 20029 2 20041 18 20195 77 20297 17 20447 81 20553 17 20702 86 20810 15 20833 4 20949 4 20957 88 21053 2 21066 15 21089 6 21204 97 21308 5 21323 12 21345 6 21459 98 21563 7 21579 12 21601 6 21715 99 21818 8 21835 8 21857 7 21969 102 22073 10 22113 7 22225 102 22329 10 22347 3 22369 8 22481 102 22585 10 22602 4 22625 8 22736 104 22841 9 22858 4 22880 11 22991 49 23041 65 23114 4 23136 11 23245 51 23299 34 23335 26 23371 3 23390 13 23406 3 23499 53 23556 33 23593 24 23627 4 23645 14 23663 3 23755 53 23813 8 23823 21 23851 21 23885 3 23900 15 23920 9 24010 54 24069 4 24081 19 24109 19 24141 4 24155 16 24176 10 24265 55 24338 18 24367 16 24396 7 24410 17 24430 13 24521 55 24595 4 24602 9 24625 14 24651 10 24666 17 24685 14 24778 54 24861 5 24889 7 24906 12 24919 20 24941 15 25034 54 25120 1 25147 5 25161 13 25175 37 25290 54 25404 5 25415 52 25546 54 25661 5 25669 54 25802 54 25917 61 26057 55 26174 59 26258 5 26313 55 26431 57 26513 9 26560 6 26567 57 26688 55 26768 11 26815 65 26943 52 27022 15 27069 67 27196 55 27277 16 27325 66 27407 3 27451 55 27530 19 27579 65 27663 3 27706 56 27785 21 27835 66 27920 1 27961 56 28041 25 28091 69 28209 62 28297 25 28347 69 28461 62 28553 25 28603 69 28715 64 28809 25 28859 69 28971 62 29065 25 29115 69 29227 62 29321 25 29370 70 29484 60 29578 23 29621 75 29740 60 29835 23 29876 76 29996 59 30091 23 30131 77 30252 48 30305 5 30347 24 30387 77 30508 47 30603 24 30645 75 30763 47 30859 24 30901 63 30966 10 31019 46 31115 24 31158 61 31223 9 31276 44 31371 24 31405 4 31414 60 31480 8 31533 41 31628 13 31644 7 31660 7 31670 49 31737 7 31789 40 31884 11 31901 6 31916 8 31925 50 31994 6 32045 32 32141 8 32159 6 32171 38 32213 19 32250 6 32302 21 32324 9 32397 6 32416 5 32427 37 32471 18 32506 6 32559 29 32654 4 32671 8 32683 36 32728 17 32763 5 32815 29 32910 2 32927 48 32985 16 33019 5 33071 28 33182 48 33241 16 33278 2 33327 23 33352 1 33423 1 33438 48 33497 16 33583 22 33679 4 33693 48 33754 13 33839 22 33935 4 33949 48 34010 13 34092 25 34190 9 34200 41 34242 10 34266 12 34347 26 34446 51 34499 8 34521 13 34603 25 34701 50 34758 5 34777 14 34859 25 34957 49 35017 1 35032 15 35115 24 35206 43 35251 2 35288 15 35371 24 35461 45 35543 16 35628 22 35669 5 35715 48 35799 16 35885 20 35925 6 35959 2 35971 48 36053 17 36143 18 36180 9 36227 48 36305 20 36400 14 36435 11 36483 48 36560 20 36661 6 36689 14 36739 48 36792 3 36807 8 36816 19 36944 15 36995 48 37048 5 37063 8 37073 18 37199 16 37221 8 37252 47 37304 6 37317 10 37331 15 37455 17 37475 10 37509 46 37560 7 37573 10 37587 15 37711 31 37765 46 37816 8 37829 11 37843 14 37967 32 38022 46 38072 8 38086 11 38099 14 38221 34 38278 45 38327 8 38343 18 38477 34 38535 44 38583 8 38599 18 38731 36 38791 44 38839 7 38856 15 38986 37 39047 44 39095 7 39113 14 39240 39 39302 45 39352 5 39371 11 39495 40 39558 44 39609 4 39629 8 39749 42 39814 42 40003 44 40070 41 40173 3 40259 44 40325 40 40427 6 40514 45 40581 39 40682 8 40769 46 40837 38 40934 13 41024 47 41093 38 41188 15 41279 47 41349 38 41442 16 41535 46 41605 38 41698 16 41791 44 41862 37 41955 15 42047 44 42118 37 42211 15 42303 44 42374 37 42466 19 42559 44 42611 2 42630 36 42722 20 42816 42 42866 6 42885 37 42977 22 43073 40 43121 8 43140 38 43233 22 43330 39 43377 10 43394 41 43473 3 43485 27 43587 38 43633 11 43649 41 43729 3 43737 31 43844 36 43890 55 43985 4 43991 32 44101 34 44146 55 44241 38 44358 20 44382 7 44402 53 44497 38 44615 18 44639 4 44658 51 44752 39 44874 14 44914 49 45008 39 45131 12 45170 49 45263 40 45390 7 45425 34 45460 15 45519 39 45646 7 45681 32 45717 14 45775 39 45905 3 45937 32 45975 9 46031 39 46193 32 46232 7 46287 39 46448 33 46544 39 46704 33 46801 38 46960 32 47057 40 47217 31 47315 38 47476 27 47589 21 47713 7 47733 26 47845 21 47965 14 47991 22 48102 20 48221 14 48248 19 48359 19 48476 17 48505 16 48615 19 48732 19 48761 14 48871 19 48987 23 49018 11 49127 18 49243 24 49274 10 49383 18 49499 30 49531 4 49638 17 49755 32 49894 17 50011 33 50150 17 50267 33 50406 17 50522 34 50663 16 50778 35 50919 16 51033 36 51177 14 51290 35 51433 13 51546 35 51690 12 51803 4 51811 26 51946 11 52069 24 52203 10 52325 24 52459 9 52582 22 52715 8 52839 21 52971 8 53098 17 53228 5 53356 15 53485 4 53509 6 53565 7 53617 10 53761 11 53821 8 53874 9 54016 13 54072 14 54133 4 54272 13 54327 16 54528 14 54581 19 54784 15 54837 19 55040 15 55082 31 55251 5 55296 15 55321 6 55338 31 55505 8 55552 15 55575 9 55593 33 55761 10 55808 15 55831 10 55849 34 56016 11 56064 17 56086 13 56105 34 56272 11 56320 17 56342 53 56528 11 56576 75 56785 9 56832 75 57041 9 57088 75 57302 3 57344 75 57600 74 57856 73 58112 72 58368 72 58624 71 58880 72 59079 2 59136 72 59333 6 59392 72 59574 7 59589 6 59648 73 59827 12 59842 11 59904 73 60083 26 60160 73 60339 26 60416 73 60595 27 60672 73 60849 29 60928 73 61105 30 61184 73 61359 32 61440 73 61615 33 61696 73 61871 33 61952 73 62127 34 62208 74 62385 32 62464 74 62643 30 62721 3 62729 66 62883 2 62899 30 62976 4 62985 66 63136 6 63155 29 63232 4 63241 66 63390 9 63411 28 63488 4 63498 65 63646 9 63667 28 63744 5 63755 65 63902 9 63922 27 64000 5 64012 64 64158 9 64177 13 64192 12 64256 6 64269 63 64413 11 64432 13 64512 7 64525 62 64669 12 64687 13 64768 7 64782 61 64925 12 64943 13 65024 8 65039 59 65182 11 65200 11 65280 10 65296 57 65438 11 65457 10
143150,0 65536
144284,35 18 156 13 197 58 293 16 411 14 453 56 550 15 667 14 709 56 807 14 922 15 966 36 1003 17 1065 11 1178 15 1222 35 1260 15 1433 15 1478 33 1519 10 1689 15 1734 32 1775 10 1792 6 1943 17 1990 31 2033 5 2047 8 2199 17 2245 31 2303 10 2417 2 2454 17 2502 29 2548 1 2559 12 2672 5 2710 15 2758 29 2804 1 2814 23 2926 9 2966 14 2996 3 3015 28 3072 23 3181 12 3222 13 3251 5 3271 28 3328 24 3427 24 3478 13 3507 7 3527 28 3584 24 3683 26 3734 13 3763 6 3783 27 3840 24 3937 28 3990 13 4020 4 4039 25 4096 24 4191 31 4246 13 4295 24 4352 24 4446 33 4500 15 4549 26 4608 24 4701 34 4756 15 4805 25 4864 23 4957 34 5011 15 5060 27 5120 23 5213 34 5267 14 5315 28 5376 22 5469 34 5523 14 5571 28 5632 22 5725 34 5779 14 5827 28 5888 23 5980 33 6035 14 6083 29 6144 23 6236 32 6291 14 6339 29 6400 24 6444 3 6492 31 6545 17 6595 29 6656 24 6689 3 6699 5 6748 30 6799 20 6851 29 6912 25 6943 7 6953 14 7004 29 7053 22 7107 28 7168 25 7199 24 7260 28 7309 22 7363 28 7424 24 7454 26 7516 27 7565 22 7619 28 7658 1 7680 24 7710 26 7772 26 7821 22 7876 27 7913 4 7936 24 7965 26 8029 24 8076 23 8132 27 8169 4 8192 24 8220 27 8254 3 8285 23 8332 23 8388 26 8425 4 8448 23 8476 27 8510 4 8540 23 8588 23 8644 25 8704 23 8731 28 8766 4 8796 23 8844 24 8899 26 8960 24 8987 28 9022 4 9052 24 9100 24 9155 25 9216 26 9243 28 9307 26 9356 23 9411 24 9472 48 9522 3 9563 29 9612 23 9667 24 9722 1 9728 47 9819 29 9868 23 9923 23 9977 5 9984 47 10081 24 10126 19 10180 16 10233 54 10337 25 10383 16 10436 14 10488 54 10593 30 10642 12 10692 12 10744 53 10849 30 10899 9 10947 12 10999 54 11104 32 11159 3 11203 10 11255 54 11360 32 11459 9 11512 51 11616 32 11715 9 11769 50 11872 32 11971 8 12025 50 12127 34 12216 6 12227 8 12283 48 12383 34 12471 8 12483 8 12541 46 12639 36 12723 12 12800 43 12895 38 12978 13 13056 4 13067 33 13150 40 13232 15 13312 2 13324 32 13405 41 13487 16 13581 32 13658 45 13742 17 13839 30 13911 48 13989 6 13997 18 14080 1 14097 28 14163 52 14243 28 14336 2 14355 26 14419 53 14499 28 14592 3 14613 25 14673 55 14753 31 14848 3 14869 25 14929 55 15009 31 15104 3 15125 26 15183 57 15264 32 15360 3 15382 25 15439 57 15520 32 15616 1 15639 24 15681 10 15692 60 15776 32 15872 1 15895 24 15936 72 16031 33 16153 22 16191 73 16287 32 16378 1 16409 22 16447 73 16542 31 16634 3 16667 19 16703 72 16798 31 16925 17 16958 73 17054 31 17185 12 17213 74 17297 1 17311 30 17442 11 17469 74 17552 3 17567 30 17699 11 17725 74 17806 5 17824 28 17955 11 17981 74 18061 6 18080 28 18211 12 18236 76 18317 6 18337 26 18467 12 18491 78 18573 6 18593 26 18724 11 18745 80 18829 6 18851 22 18944 1 18981 10 19000 83 19085 6 19107 22 19200 2 19237 10 19255 85 19341 5 19370 14 19456 3 19494 9 19511 84 19597 3 19626 15 19712 4 19753 10 19767 84 19883 14 19968 5 20010 9 20023 84 20140 13 20224 5 20265 12 20279 84 20397 12 20480 5 20521 12 20535 84 20653 12 20736 6 20776 15 20793 80 20909 12 20992 8 21031 17 21051 78 21165 12 21248 9 21287 17 21308 77 21419 14 21504 10 21543 18 21564 77 21675 13 21760 11 21798 19 21821 76 21931 12 22016 11 22053 21 22077 76 22187 12 22272 11 22310 21 22335 74 22446 7 22528 13 22566 21 22591 74 22784 16 22822 21 22849 30 22886 37 23040 15 23077 22 23105 30 23149 30 23296 15 23332 23 23363 25 23410 29 23552 16 23588 23 23617 27 23666 29 23808 16 23843 22 23870 30 23922 31 24064 16 24099 21 24125 31 24178 31 24320 16 24355 20 24380 31 24430 36 24576 16 24611 20 24636 31 24683 40 24832 15 24867 19 24892 31 24938 41 25088 15 25123 18 25147 30 25193 44 25344 13 25380 17 25403 26 25448 46 25559 4 25600 13 25637 16 25658 26 25703 48 25815 4 25856 14 25895 14 25912 26 25959 49 26070 5 26112 14 26151 14 26167 26 26214 50 26325 6 26368 15 26410 39 26470 51 26581 6 26624 15 26667 36 26727 50 26836 6 26871 6 26880 16 26926 2 26929 28 26983 51 27092 5 27125 10 27136 16 27187 26 27239 51 27348 5 27380 11 27392 15 27444 21 27496 51 27605 4 27635 28 27700 22 27752 51 27862 3 27891 28 27957 22 28008 51 28118 4 28145 30 28213 22 28264 51 28374 5 28401 29 28470 21 28520 51 28631 4 28655 30 28727 20 28776 50 28887 4 28910 31 28984 19 29031 50 29144 3 29165 32 29240 19 29287 50 29401 2 29420 31 29498 15 29542 50 29675 32 29754 15 29797 51 29930 32 30012 11 30051 53 30184 32 30273 5 30307 53 30439 34 30526 9 30561 55 30695 35 30781 10 30817 54 30951 35 31037 12 31072 55 31207 35 31292 15 31328 55 31462 36 31547 20 31583 55 31717 37 31803 20 31839 56 31899 4 31973 38 32059 21 32095 65 32227 40 32315 22 32351 65 32483 28 32512 11 32571 22 32607 65 32739 22 32768 12 32827 22 32863 64 32994 23 33024 13 33084 22 33119 64 33249 23 33280 13 33341 21 33375 64 33506 22 33536 14 33597 22 33631 64 33763 22 33792 14 33854 21 33887 63 34019 22 34048 14 34111 20 34144 38 34187 19 34276 21 34304 14 34367 20 34400 37 34443 19 34533 20 34560 13 34624 18 34657 36 34703 15 34789 20 34816 13 34881 16 34914 35 34959 15 35045 20 35072 13 35139 13 35171 33 35215 14 35301 20 35328 15 35395 12 35427 35 35471 14 35557 19 35584 15 35656 1 35683 37 35727 14 35815 16 35840 16 35939 37 35983 14 36071 15 36096 16 36195 38 36237 15 36329 11 36352 16 36437 7 36451 40 36492 16 36587 8 36608 16 36629 9 36691 11 36708 55 36844 6 36864 16 36885 10 36946 13 36964 54 37101 4 37120 33 37201 14 37221 36 37258 15 37376 33 37457 15 37477 36 37515 12 37632 34 37713 15 37734 31 37775 4 37888 34 37970 15 37990 28 38144 35 38226 47 38400 35 38483 45 38656 35 38740 45 38912 36 38997 44 39079 1 39168 37 39255 42 39333 5 39364 2 39424 37 39513 41 39590 4 39680 37 39773 38 39846 4 39936 37 40029 38 40091 3 40102 4 40192 39 40287 35 40344 19 40448 39 40543 35 40599 20 40704 41 40799 34 40855 20 40960 43 41055 25 41083 6 41110 21 41216 45 41311 24 41365 22 41472 45 41567 24 41617 1 41620 23 41728 47 41823 24 41869 30 41984 47 42078 25 42125 30 42240 49 42332 26 42367 6 42381 30 42496 49 42587 27 42623 6 42636 31 42752 50 42843 27 42877 9 42891 32 43008 51 43098 27 43132 12 43146 33 43264 51 43353 28 43387 49 43520 51 43609 28 43642 49 43776 51 43864 29 43895 52 44032 51 44120 29 44151 52 44288 50 44375 84 44544 49 44631 84 44800 49 44886 85 45057 47 45141 85 45315 44 45395 86 45571 44 45651 85 45829 42 45907 84 46085 41 46162 85 46341 41 46387 2 46419 83 46597 41 46641 6 46675 83 46853 52 46932 82 47109 52 47188 82 47365 53 47443 82 47616 2 47619 54 47699 82 47872 57 47953 32 47991 44 48100 4 48128 56 48209 31 48247 44 48355 6 48384 55 48464 31 48502 43 48606 12 48640 55 48720 31 48758 43 48860 14 48896 55 48976 31 49013 42 49115 16 49152 55 49231 33 49269 42 49371 17 49408 54 49487 33 49524 42 49626 20 49664 53 49743 33 49780 41 49882 21 49920 52 49999 34 50036 41 50138 23 50176 49 50255 34 50291 41 50394 23 50432 48 50510 35 50547 41 50649 24 50688 48 50766 78 50905 24 50944 48 51021 79 51159 26 51200 48 51277 78 51415 25 51456 47 51533 78 51670 25 51712 48 51790 77 51926 25 51968 49 52047 75 52181 25 52224 49 52304 9 52314 9 52325 52 52437 25 52480 51 52576 1 52585 8 52595 37 52673 5 52690 29 52736 51 52842 6 52851 36 52926 9 52945 30 52992 51 53107 35 53181 11 53200 32 53248 51 53363 35 53435 14 53455 33 53504 51 53563 4 53619 34 53684 1 53691 14 53709 36 53760 51 53819 4 53876 23 53903 6 53940 2 53947 14 53963 38 54016 52 54073 8 54092 6 54132 21 54203 54 54272 53 54329 9 54347 8 54388 20 54459 55 54528 67 54603 8 54645 16 54715 56 54784 69 54859 9 54901 14 54971 56 55040 69 55114 11 55157 12 55225 58 55296 70 55370 11 55413 12 55481 58 55552 72 55625 11 55669 12 55736 60 55808 85 55925 11 55991 10 56006 46 56064 85 56181 11 56243 8 56263 46 56320 85 56436 12 56499 7 56519 46 56576 85 56694 9 56775 37 56816 4 56832 86 56953 2 57031 36 57074 1 57089 86 57287 36 57345 88 57543 36 57602 94 57799 36 57859 94 58055 36 58116 94 58310 37 58373 94 58565 38 58629 94 58821 37 58886 93 59077 37 59143 91 59332 37 59399 90 59588 36 59656 87 59843 34 59912 86 60099 33 60169 84 60354 31 60425 84 60607 34 60681 31 60713 52 60767 3 60859 37 60937 29 60970 51 61023 3 61114 38 61193 26 61227 55 61368 40 61450 24 61483 50 61535 3 61623 45 61670 3 61706 24 61739 50 61878 52 61963 22 61995 49 62133 53 62220 11 62235 7 62251 48 62387 54 62478 7 62492 6 62507 48 62643 54 62749 5 62762 49 62897 55 63006 3 63018 49 63152 56 63273 50 63407 56 63529 50 63662 57 63743 1 63785 50 63917 58 63997 3 64041 50 64173 58 64253 3 64298 48 64429 58 64507 5 64554 48 64685 58 64763 5 64810 47 64940 59 65019 5 65067 44 65195 60 65275 5 65325 36 65362 2 65451 59 65531 5
149617, 
157706,0 56 115 78 256 55 373 76 512 54 629 75 768 53 887 74 1024 53 1143 74 1280 51 1401 72 1536 50 1657 72 1792 49 1847 6 1859 4 1914 71 2048 48 2103 6 2115 4 2171 70 2304 47 2358 9 2371 4 2427 70 2560 46 2614 9 2627 4 2685 68 2816 45 2869 12 2882 5 2941 69 3072 45 3125 16 3198 69 3328 45 3380 16 3455 68 3584 46 3637 14 3710 69 3840 47 3893 14 3964 72 4096 47 4149 14 4219 73 4352 47 4406 12 4475 74 4608 47 4662 11 4731 74 4864 46 4919 10 4987 74 5120 46 5175 10 5243 74 5376 45 5431 9 5500 74 5632 43 5687 8 5757 73 5888 41 6013 74 6144 41 6270 73 6400 39 6526 73 6656 39 6782 73 6912 38 7038 73 7168 37 7295 73 7424 37 7551 73 7680 36 7807 73 7936 35 8057 80 8192 29 8224 1 8308 85 8448 27 8562 87 8704 26 8817 88 8960 24 9061 100 9216 23 9317 100 9472 21 9572 102 9728 19 9828 102 9984 13 10085 102 10240 12 10341 102 10496 11 10597 102 10752 10 10853 102 11008 8 11102 110 11264 7 11357 112 11597 7 11611 114 11852 9 11867 114 12032 1 12105 14 12121 116 12288 2 12360 134 12544 3 12615 135 12800 4 12869 137 13056 5 13123 139 13312 5 13379 140 13568 5 13634 141 13824 5 13889 142 14080 7 14144 143 14336 7 14399 144 14592 8 14653 114 14770 30 14848 8 14908 115 15027 29 15104 9 15163 115 15284 28 15360 9 15419 116 15540 28 15616 9 15673 118 15796 29 15872 9 15929 120 16052 29 16128 9 16185 153 16384 9 16441 153 16640 10 16695 156 16896 11 16951 156 17152 11 17207 156 17408 11 17463 156 17664 11 17719 156 17920 11 17975 156 18176 11 18228 159 18432 11 18483 161 18688 11 18734 167 18944 10 18989 24 19015 142 19200 9 19243 24 19272 141 19456 8 19499 24 19527 142 19712 5 19753 25 19783 143 19968 4 20009 24 20039 143 20224 4 20265 23 20296 143 20480 4 20521 23 20552 105 20658 37 20736 3 20776 23 20810 9 20820 93 20916 35 20992 3 21031 23 21067 6 21077 91 21173 35 21248 1 21287 22 21335 88 21430 34 21504 1 21543 21 21591 88 21687 34 21799 20 21848 85 21944 33 22055 18 22105 84 22201 32 22311 17 22362 37 22401 42 22458 31 22568 15 22619 19 22639 14 22658 41 22715 30 22823 12 22876 15 22901 6 22914 41 22973 29 23079 12 23132 15 23167 44 23229 29 23333 12 23389 13 23421 47 23487 28 23589 12 23645 12 23676 48 23743 28 23847 8 23900 11 23926 54 23999 28 24104 7 24155 11 24180 55 24255 28 24411 8 24433 59 24513 26 24660 14 24689 59 24769 26 24913 14 24942 63 25027 25 25169 12 25196 65 25283 25 25423 14 25450 68 25542 23 25679 14 25705 69 25799 22 25934 16 25959 71 26055 23 26189 18 26215 71 26311 23 26446 20 26469 74 26568 23 26702 98 26824 23 26933 7 26959 98 27081 22 27188 8 27215 98 27337 22 27439 14 27472 97 27593 23 27693 17 27728 98 27849 23 27947 20 27983 100 28105 23 28203 20 28239 102 28361 23 28427 7 28458 23 28488 108 28618 22 28681 10 28714 25 28743 108 28875 21 28935 12 28969 138 29131 22 29184 1 29190 14 29226 138 29387 22 29440 21 29482 138 29644 21 29696 21 29739 138 29901 20 29952 22 29999 135 30157 20 30208 22 30255 136 30414 20 30464 23 30511 137 30671 19 30720 23 30767 138 30927 19 30976 23 31024 137 31184 18 31232 23 31280 138 31440 17 31488 22 31536 139 31696 17 31744 21 31792 139 31952 17 32000 20 32046 141 32209 18 32256 19 32301 142 32465 18 32512 19 32557 142 32725 16 32768 19 32812 90 32903 52 32983 14 33024 19 33065 92 33159 52 33241 12 33280 19 33318 94 33415 52 33497 13 33536 19 33570 97 33670 53 33753 14 33792 21 33825 98 33926 54 34009 14 34048 26 34079 100 34181 56 34266 13 34304 131 34437 56 34523 3 34528 7 34560 131 34692 58 34773 5 34785 4 34816 190 35009 4 35028 7 35072 201 35283 8 35328 149 35479 50 35539 8 35584 145 35735 50 35794 10 35840 145 35992 49 36050 10 36096 139 36248 49 36307 14 36352 138 36500 1 36505 48 36563 15 36608 137 36756 1 36761 50 36821 15 36864 136 37012 1 37017 50 37077 16 37120 135 37268 1 37274 50 37333 18 37376 134 37530 51 37589 20 37632 133 37786 52 37843 24 37888 133 38042 52 38099 24 38144 134 38298 81 38400 134 38554 82 38656 135 38810 81 38912 136 39066 81 39168 137 39322 79 39424 137 39578 79 39680 138 39836 77 39936 138 40093 25 40121 48 40192 139 40347 26 40378 47 40448 139 40603 25 40634 47 40704 140 40859 25 40889 48 40960 140 41115 26 41145 49 41216 142 41365 4 41371 5 41378 20 41399 53 41472 143 41627 2 41635 74 41728 143 41894 71 41984 143 42154 68 42240 145 42410 68 42496 146 42666 68 42752 147 42921 69 43008 147 43177 71 43264 147 43433 74 43520 147 43689 74 43776 147 43945 74 44032 147 44201 75 44288 147 44457 75 44544 147 44713 76 44800 147 44970 75 45056 146 45225 76 45312 145 45481 77 45568 144 45736 78 45824 143 45992 78 46080 142 46248 78 46336 142 46494 1 46503 78 46592 142 46750 2 46759 78 46848 143 47016 78 47104 143 47272 79 47360 143 47528 19 47549 58 47616 144 47784 20 47805 59 47872 145 48041 80 48128 145 48297 80 48384 147 48553 80 48640 149 48809 81 48896 54 48958 87 49066 80 49152 53 49215 87 49322 81 49408 53 49476 83 49580 79 49664 52 49734 81 49837 79 49920 52 49991 80 50095 77 50176 51 50249 78 50353 76 50432 51 50505 81 50609 76 50688 51 50761 82 50866 75 50944 50 51018 81 51123 75 51200 49 51275 81 51381 74 51456 49 51532 83 51617 4 51638 73 51712 49 51789 88 51895 120 52048 11 52060 33 52095 39 52153 118 52305 10 52317 31 52352 38 52409 117 52561 8 52575 28 52609 37 52665 114 52817 8 52833 24 52866 35 52922 107 53074 6 53093 17 53122 35 53178 106 53330 5 53349 17 53377 36 53434 105 53606 17 53632 37 53691 104 53861 18 53887 38 53948 103 54116 19 54143 37 54205 102 54372 19 54399 32 54432 2 54461 102 54627 24 54653 32 54718 101 54883 56 54974 88 55065 9 55139 56 55229 88 55322 8 55395 56 55485 88 55578 4 55651 57 55740 89 55834 3 55907 57 55996 89 56161 59 56252 89 56416 60 56509 88 56671 61 56764 89 56927 61 57020 88 57181 64 57271 1 57275 89 57437 65 57526 93 57693 69 57781 94 57949 70 58037 97 58205 69 58291 100 58461 69 58547 103 58717 72 58803 104 58973 78 59058 107 59230 193 59486 193 59743 193 59999 194 60223 8 60255 53 60311 139 60478 9 60511 52 60568 139 60733 12 60767 52 60823 140 60989 13 61023 51 61079 140 61244 15 61280 47 61328 2 61334 140 61500 16 61536 51 61589 138 61756 17 61792 189 62011 18 62048 189 62268 21 62303 190 62524 24 62559 190 62780 26 62814 192 63036 27 63069 194 63293 27 63324 195 63549 28 63580 197 63806 227 64063 225 64319 225 64575 224 64832 223 65089 191 65281 18 65302 5 65309 1 65345 79 65428 108
158770,7 110 265 107 521 107 705 1 778 106 959 6 972 5 1041 98 1213 9 1226 9 1299 96 1463 31 1556 95 1717 34 1817 91 1971 38 2034 3 2074 90 2226 39 2290 3 2331 88 2481 42 2557 3 2587 88 2737 42 2810 6 2840 90 2991 46 3065 7 3095 92 3247 47 3320 8 3349 10 3361 82 3502 49 3575 9 3605 10 3617 82 3757 50 3831 9 3861 11 3875 80 4011 54 4088 8 4117 11 4131 80 4263 58 4344 8 4373 10 4388 78 4515 62 4600 8 4631 7 4644 77 4771 62 4856 8 4888 4 4901 75 5027 62 5098 6 5113 7 5157 75 5282 63 5353 8 5368 8 5413 73 5538 63 5609 8 5624 8 5671 71 5794 62 5865 9 5880 8 5929 70 6051 61 6121 9 6136 8 6186 69 6307 61 6377 9 6392 8 6443 68 6563 60 6635 6 6649 7 6699 68 6818 56 6891 6 6905 7 6933 6 6955 68 7074 53 7161 7 7189 8 7211 67 7329 52 7418 5 7444 12 7467 67 7585 49 7700 13 7723 67 7840 49 7952 19 7979 66 8096 49 8206 22 8235 66 8352 49 8453 2 8457 30 8491 66 8608 51 8704 40 8747 66 8864 51 8960 41 9004 69 9120 52 9216 42 9260 69 9377 51 9472 43 9516 69 9634 51 9728 43 9772 69 9891 50 9984 43 10031 66 10149 48 10240 43 10287 66 10405 48 10496 41 10544 65 10664 44 10752 40 10800 65 10927 37 11008 39 11050 3 11056 65 11184 36 11264 39 11305 72 11441 10 11453 23 11520 113 11700 3 11712 21 11776 113 11969 20 12032 113 12225 20 12288 113 12482 20 12527 7 12544 113 12738 21 12780 13 12800 114 12993 22 13033 20 13056 115 13249 23 13287 140 13504 25 13543 140 13759 6 13768 17 13797 34 13837 102 14015 5 14025 16 14053 33 14092 103 14285 9 14311 31 14347 104 14568 31 14603 104 14825 31 14859 104 15082 32 15115 18 15142 75 15339 48 15398 74 15513 1 15594 49 15655 71 15766 8 15848 50 15911 70 16021 10 16103 51 16167 70 16276 18 16357 52 16424 68 16531 20 16613 60 16680 69 16787 20 16868 62 16937 68 17042 21 17123 64 17193 68 17297 22 17379 64 17448 69 17553 22 17635 139 17810 22 17851 12 17889 141 18066 22 18105 15 18143 97 18243 30 18276 9 18323 21 18358 19 18399 94 18499 29 18533 8 18579 21 18612 21 18655 92 18757 27 18792 3 18836 20 18864 25 18910 92 19013 26 19092 20 19119 26 19166 90 19269 26 19349 18 19373 28 19423 88 19525 26 19605 18 19629 28 19679 86 19781 21 19861 17 19883 30 19936 85 20037 18 20117 16 20139 31 20193 85 20282 4 20293 17 20373 16 20396 30 20449 85 20537 6 20549 17 20629 16 20652 30 20706 93 20806 15 20886 15 20910 29 20963 92 21062 15 21142 14 21167 28 21219 93 21321 10 21399 12 21426 25 21475 93 21577 10 21656 9 21682 25 21731 93 21833 10 21939 25 21987 93 22089 10 22195 26 22243 95 22348 8 22451 26 22499 96 22604 9 22708 25 22755 98 22859 10 22965 26 23012 98 23111 15 23221 30 23268 116 23479 29 23524 116 23735 29 23779 117 23993 28 24035 22 24059 93 24250 27 24291 20 24315 93 24509 23 24546 23 24571 92 24767 21 24802 24 24827 92 25024 19 25058 118 25280 19 25314 120 25535 20 25570 120 25791 19 25827 120 25949 4 26047 18 26083 128 26303 16 26339 10 26352 115 26559 14 26595 10 26606 118 26816 12 26851 10 26862 118 27073 10 27109 7 27117 119 27329 9 27367 2 27372 120 27587 5 27628 110 27740 7 27844 3 27884 108 27997 5 28011 1 28139 109 28265 4 28395 108 28518 8 28649 110 28773 9 28904 110 29029 10 29159 110 29284 12 29413 112 29539 14 29603 4 29665 115 29794 15 29857 8 29921 114 30050 15 30110 13 30173 117 30305 16 30365 15 30428 117 30561 16 30612 3 30621 16 30683 117 30815 18 30867 6 30877 17 30938 117 31064 25 31122 30 31193 118 31319 26 31378 30 31449 117 31574 28 31633 32 31705 117 31830 29 31889 32 31961 116 32086 30 32145 32 32217 116 32342 31 32400 33 32474 115 32599 30 32651 39 32731 114 32855 30 32906 41 32988 113 33113 28 33161 43 33245 111 33370 12 33383 14 33416 44 33502 71 33575 10 33589 22 33629 6 33646 5 33671 44 33759 70 33831 9 33848 19 33887 2 33904 2 33927 44 34016 67 34088 6 34107 14 34180 47 34272 66 34365 11 34435 47 34528 64 34623 7 34690 48 34784 63 34880 4 34946 49 35041 60 35201 58 35297 59 35458 57 35553 58 35715 58 35809 58 35972 58 36066 58 36230 58 36323 57 36487 57 36579 34 36614 23 36744 57 36836 33 36871 22 37000 57 37094 29 37127 23 37257 56 37353 26 37383 24 37513 56 37610 23 37639 24 37769 58 37868 20 37895 24 38025 58 38125 19 38153 21 38281 66 38381 19 38410 19 38537 66 38639 17 38670 15 38793 67 38895 17 38926 15 39049 68 39152 16 39183 13 39305 68 39418 1 39422 2 39439 13 39561 68 39647 1 39663 1 39674 2 39677 3 39697 11 39816 69 39896 10 39918 3 39929 7 39953 11 39972 3 40072 69 40151 12 40174 3 40185 7 40211 7 40224 11 40328 69 40407 13 40431 2 40441 7 40469 2 40479 13 40584 68 40663 13 40687 2 40697 7 40733 17 40834 3 40840 68 40917 16 40943 2 40952 8 40989 18 41089 5 41096 69 41173 16 41198 3 41208 8 41244 21 41345 6 41355 66 41426 20 41452 5 41461 11 41499 22 41600 8 41611 67 41682 20 41707 6 41716 12 41755 23 41856 9 41869 90 41963 7 41971 13 42011 23 42111 10 42125 90 42219 7 42227 13 42265 24 42367 10 42380 116 42520 25 42621 131 42775 26 42872 136 43030 27 43128 136 43285 26 43383 137 43539 29 43639 137 43795 29 43895 137 44050 30 44150 138 44306 29 44406 138 44562 29 44662 138 44818 29 44918 138 45075 28 45174 138 45331 28 45430 138 45587 28 45687 137 45843 27 45943 137 46099 27 46143 4 46199 137 46356 29 46391 14 46455 137 46613 48 46711 137 46873 46 46965 139 47131 44 47211 1 47217 143 47395 38 47465 108 47579 37 47651 39 47719 110 47835 37 47908 39 47969 116 48091 37 48164 39 48225 116 48347 37 48421 39 48479 119 48603 37 48677 39 48735 119 48859 37 48934 39 48989 122 49115 37 49185 4 49190 39 49244 123 49371 37 49439 46 49499 124 49627 37 49695 46 49755 124 49883 37 49951 45 50011 124 50140 36 50207 45 50266 125 50397 35 50462 47 50521 126 50653 35 50717 48 50777 126 50909 35 50973 49 51032 127 51165 35 51229 50 51287 128 51421 35 51485 51 51542 129 51677 35 51741 51 51797 130 51932 36 52000 49 52053 130 52184 40 52258 47 52309 171 52518 43 52567 169 52775 42 52823 169 53031 41 53081 20 53111 137 53287 40 53339 11 53368 136 53545 36 53626 134 53801 34 53883 133 54057 34 54141 131 54314 32 54397 131 54570 32 54612 7 54655 129 54826 32 54867 10 54911 129 55083 31 55123 13 55169 127 55339 31 55378 16 55425 127 55596 31 55633 23 55681 127 55853 30 55888 25 55937 127 56110 59 56193 94 56288 32 56367 22 56393 32 56449 94 56546 30 56625 57 56706 93 56803 29 56882 57 56962 93 57061 27 57113 8 57139 56 57219 91 57319 25 57369 9 57396 55 57476 90 57576 24 57623 13 57653 54 57733 87 57835 21 57879 14 57909 54 57989 84 58091 21 58131 18 58165 53 58245 80 58346 22 58387 19 58421 53 58502 77 58602 22 58642 20 58679 50 58757 74 58857 23 58897 21 58936 48 59013 72 59113 23 59153 20 59199 38 59269 63 59368 24 59409 20 59455 37 59525 63 59624 18 59645 3 59665 19 59711 33 59781 62 59880 15 59902 2 59921 18 59967 32 60037 62 60136 15 60157 3 60179 15 60224 31 60293 61 60393 23 60435 14 60480 30 60550 58 60650 22 60692 12 60737 28 60808 48 60892 4 60908 20 60949 10 60994 9 61005 15 61065 43 61148 5 61165 19 61251 4 61263 10 61323 40 61403 6 61421 19 61509 1 61519 10 61580 39 61659 5 61678 18 61777 6 61837 37 61916 3 61935 17 62035 2 62095 34 62172 2 62191 18 62239 6 62301 2 62353 32 62449 16 62493 8 62555 4 62612 29 62705 17 62748 11 62811 4 62869 26 62963 15 63003 12 63067 4 63125 26 63219 14 63258 14 63323 4 63382 25 63475 14 63513 15 63581 2 63638 24 63732 12 63766 19 63895 22 63988 12 64002 2 64021 21 64153 7 64165 8 64244 12 64277 22 64404 1 64411 4 64419 10 64501 12 64533 25 64657 6 64667 3 64675 10 64757 12 64789 26 64913 6 64931 11 65012 12 65045 24 65168 8 65186 12 65268 12 65300 23 65423 10 65441 14 65472 4 65481 2 65524 12
169327,0 65536
187649,210 9 463 14 717 17 737 2 972 24 1227 25 1483 26 1739 26 1995 27 2251 27 2507 28 2763 28 2832 2 3019 28 3088 5 3275 28 3344 6 3531 27 3600 5 3787 27 3858 2 4043 26 4298 26 4554 25 4809 26 5047 2 5065 25 5302 7 5322 23 5558 7 5578 22 5814 8 5834 22 6069 10 6090 21 6217 4 6325 11 6346 20 6472 6 6582 11 6602 19 6728 6 6839 10 6857 20 6984 5 7095 10 7112 19 7137 2 7241 4 7353 8 7367 21 7393 3 7402 3 7499 1 7621 23 7649 6 7657 6 7877 23 7905 6 7913 6 8133 24 8161 4 8169 6 8388 25 8417 4 8425 6 8644 25 8681 8 8900 26 8938 7 9155 27 9195 8 9409 29 9451 10 9663 31 9707 12 9917 33 9963 12 10171 34 10220 13 10427 34 10476 13 10682 34 10733 13 10938 34 10990 13 11027 4 11193 34 11247 12 11283 4 11448 35 11505 10 11539 4 11703 34 11763 7 11795 5 11959 34 12021 4 12050 6 12213 36 12306 6 12469 36 12561 6 12725 36 12817 6 12981 37 13073 6 13237 37 13329 5 13494 36 13586 2 13752 34 14009 32 14266 24 14291 6 14523 22 14779 20 15035 20 15246 7 15291 18 15502 7 15547 18 15759 4 15803 15 16015 4 16059 14 16271 3 16316 11 16573 8 18351 4 18606 7 18861 10 19117 11 19373 12 19412 5 19629 12 19667 8 19884 13 19923 8 20139 14 20178 10 20395 14 20433 11 20650 14 20689 11 20781 3 20789 6 20905 14 20945 11 21037 4 21045 8 21161 13 21201 10 21291 20 21416 11 21457 10 21547 20 21672 10 21714 9 21804 21 21928 8 21973 3 22061 21 22185 6 22321 18 22442 3 22579 16 22835 16 23091 16 23195 2 23345 12 23360 1 23449 5 23601 12 23705 6 23855 14 23961 8 24107 18 24217 8 24361 26 24473 12 24599 2 24616 29 24729 14 24854 4 24871 31 24985 14 25110 4 25126 32 25241 14 25319 6 25341 3 25365 4 25381 11 25395 20 25422 1 25428 3 25469 10 25498 14 25574 10 25593 7 25621 4 25637 11 25652 20 25675 5 25683 4 25725 11 25754 14 25829 12 25848 8 25878 3 25893 12 25911 32 25979 13 26010 15 26085 27 26135 2 26150 11 26169 26 26235 13 26266 15 26340 28 26391 4 26406 10 26425 26 26490 15 26522 15 26593 31 26646 6 26663 9 26681 26 26746 15 26778 16 26849 31 26900 17 26918 10 26937 25 27001 16 27034 16 27104 32 27155 29 27191 26 27257 17 27291 15 27359 33 27395 6 27410 31 27447 25 27511 20 27547 15 27615 33 27651 6 27666 28 27695 4 27700 28 27767 20 27803 14 27871 32 27908 3 27921 28 27951 33 28020 23 28060 13 28127 33 28165 2 28176 29 28207 33 28275 25 28317 12 28383 33 28421 5 28431 64 28530 25 28573 12 28639 33 28677 74 28768 1 28786 25 28829 11 28895 33 28932 74 29024 2 29042 25 29086 9 29151 34 29187 75 29298 10 29309 13 29343 7 29407 110 29554 9 29567 10 29663 110 29810 9 29824 8 29919 110 30067 7 30083 2 30175 111 30432 111 30688 111 30945 111 31092 1 31135 6 31201 110 31389 8 31457 109 31641 13 31714 107 31897 13 31970 106 32152 14 32226 105 32408 14 32482 106 32663 12 32738 107 32919 10 32994 107 33175 8 33252 105 33431 8 33509 105 33687 5 33769 101 33943 4 34025 100 34273 6 34284 97 34410 3 34527 9 34541 96 34664 7 34713 1 34782 11 34798 95 34920 7 34964 1 34968 5 35037 15 35054 95 35163 1 35174 10 35218 15 35293 112 35419 1 35429 12 35473 17 35549 112 35672 5 35684 13 35728 19 35805 111 35928 5 35940 13 35983 21 36061 110 36187 1 36196 15 36239 22 36315 112 36452 15 36494 24 36570 113 36709 15 36749 26 36825 113 36965 16 37005 27 37081 112 37221 17 37259 31 37298 3 37336 114 37478 15 37515 33 37555 2 37592 115 37735 14 37771 37 37811 2 37848 116 37991 14 38026 39 38068 1 38104 115 38247 14 38282 39 38361 114 38489 3 38503 14 38538 39 38618 113 38745 4 38759 14 38795 40 38839 3 38875 112 39001 3 39015 15 39051 40 39094 5 39131 112 39257 3 39272 14 39307 41 39349 6 39390 3 39395 104 39529 13 39563 49 39653 101 39766 1 39785 12 39819 50 39910 85 39996 13 40022 1 40035 1 40041 12 40076 50 40166 85 40252 10 40291 3 40295 14 40331 50 40425 9 40439 68 40508 10 40546 19 40587 50 40683 6 40696 67 40764 9 40803 17 40843 50 40921 2 40954 75 41059 2 41064 11 41099 50 41175 6 41211 74 41288 1 41322 8 41354 50 41429 11 41471 71 41543 3 41578 8 41611 50 41683 14 41728 74 41835 5 41867 50 41939 16 41984 49 42034 25 42092 3 42123 50 42194 17 42240 48 42291 6 42301 13 42381 32 42418 10 42449 19 42496 47 42548 4 42559 10 42637 32 42674 9 42705 19 42752 47 42821 4 42894 31 42931 6 42961 20 43008 47 43077 4 43152 29 43217 20 43264 48 43333 3 43411 27 43473 21 43520 47 43590 1 43667 27 43729 21 43776 47 43925 24 43985 21 44032 47 44182 23 44241 21 44288 47 44439 22 44498 21 44544 47 44640 1 44696 20 44755 20 44800 47 44851 4 44891 6 44953 17 45012 19 45056 47 45106 6 45143 6 45210 15 45269 18 45312 47 45361 8 45397 8 45467 12 45525 22 45568 57 45653 8 45724 10 45781 22 45824 58 45907 9 45982 5 46036 14 46057 2 46080 59 46158 14 46241 1 46292 13 46313 1 46336 59 46411 16 46548 11 46592 59 46666 17 46804 9 46848 59 46921 17 47061 6 47104 58 47176 17 47360 58 47431 17 47583 4 47616 58 47686 17 47841 1 47872 59 47940 15 48083 6 48128 59 48195 16 48337 9 48384 61 48450 15 48593 11 48640 62 48705 16 48848 13 48896 81 49070 4 49103 15 49152 81 49326 5 49359 16 49408 61 49473 17 49582 5 49614 17 49664 61 49729 17 49838 5 49870 19 49920 61 49984 18 50096 2 50125 21 50176 61 50240 19 50262 1 50381 21 50432 83 50517 4 50637 23 50688 83 50773 5 50894 23 50944 83 51028 6 51150 24 51200 90 51406 23 51456 89 51631 6 51661 24 51712 89 51886 7 51917 24 51968 75 52044 11 52141 8 52173 22 52224 74 52301 10 52397 8 52429 22 52480 75 52557 10 52653 9 52684 21 52736 75 52812 11 52909 9 52940 20 52992 87 53165 9 53196 17 53248 87 53421 9 53453 15 53504 88 53678 7 53760 89 53935 6 54016 91 54193 1 54272 91 54371 2 54379 4 54528 91 54627 16 54784 92 54883 16 55040 92 55139 17 55296 92 55395 17 55552 91 55651 18 55808 91 55906 19 56064 93 56159 23 56320 99 56420 19 56576 99 56676 20 56832 99 56932 20 57088 99 57188 21 57344 97 57444 21 57600 97 57701 20 57856 97 57957 21 58112 97 58213 21 58340 3 58368 97 58470 20 58595 5 58609 2 58624 98 58727 19 58852 5 58864 4 58880 98 58984 19 59108 5 59119 6 59136 98 59240 19 59369 12 59392 99 59496 19 59625 13 59648 99 59751 19 59881 14 59904 99 60007 18 60137 14 60160 99 60261 15 60310 4 60394 13 60416 113 60550 5 60565 7 60650 13 60672 112 60793 1 60805 24 60841 4 60907 12 60928 112 61047 4 61060 26 61094 9 61163 12 61184 111 61301 9 61314 29 61349 12 61419 12 61440 111 61557 44 61604 13 61675 12 61696 111 61813 60 61931 12 61952 111 62069 60 62188 11 62208 113 62327 58 62444 12 62464 113 62584 57 62701 11 62720 113 62841 56 62907 5 62957 11 62976 113 63097 56 63161 9 63213 11 63232 113 63354 54 63414 15 63469 12 63488 113 63611 54 63669 16 63725 12 63744 114 63868 75 63980 13 64000 114 64128 71 64235 14 64256 114 64383 73 64491 14 64512 114 64639 74 64747 13 64768 114 64895 74 65001 14 65024 114 65151 74 65256 15 65280 113 65407 74 65510 16
190259,0 216 229 23 256 216 487 20 512 216 743 20 768 216 1000 18 1024 217 1257 16 1280 217 1513 6 1524 4 1536 217 1769 6 1782 2 1792 216 2025 5 2048 216 2282 3 2304 217 2560 217 2816 219 3072 219 3328 220 3584 220 3840 220 4096 220 4352 221 4608 221 4843 2 4864 223 5093 11 5120 241 5376 241 5632 242 5888 242 6144 242 6400 242 6656 242 6912 242 7168 242 7424 243 7680 243 7936 243 8192 243 8448 244 8704 244 8960 245 9216 245 9472 245 9728 245 9984 244 10240 244 10496 243 10752 243 11008 242 11264 207 11472 34 11520 206 11729 32 11776 206 11985 19 12006 10 12032 206 12240 16 12265 6 12288 206 12496 15 12521 4 12544 205 12752 14 12800 161 12962 43 13008 13 13056 161 13221 39 13264 12 13312 161 13477 39 13521 10 13568 161 13735 36 13779 7 13824 161 13991 34 14037 4 14080 161 14248 33 14336 161 14505 31 14592 161 14762 29 14848 161 15018 29 15104 160 15274 28 15360 160 15531 27 15616 160 15787 28 15872 159 16044 27 16128 159 16309 18 16384 159 16565 18 16640 158 16823 15 16896 158 17081 12 17152 158 17408 158 17664 158 17920 158 18176 159 18432 159 18688 159 18944 160 19185 2 19200 161 19439 5 19456 162 19694 6 19712 163 19940 17 19968 163 20188 1 20195 18 20223 164 20445 1 20448 20 20479 164 20701 23 20735 163 20957 22 20991 163 21214 21 21247 163 21471 16 21489 2 21503 163 21726 17 21745 5 21759 162 21981 18 22000 9 22015 162 22237 18 22256 9 22271 162 22493 28 22527 161 22749 28 22783 114 22900 45 23005 28 23039 113 23157 44 23261 28 23296 111 23415 7 23425 34 23517 12 23533 13 23552 112 23672 5 23682 33 23773 12 23789 13 23808 112 23938 33 24030 11 24046 12 24063 114 24194 33 24287 10 24302 11 24318 115 24450 33 24545 8 24560 7 24575 114 24706 33 24801 8 24818 4 24832 113 24961 34 25059 6 25088 113 25217 34 25316 7 25344 87 25433 24 25472 34 25572 7 25600 86 25690 23 25728 33 25828 7 25856 84 25946 22 25983 32 26085 6 26112 81 26203 20 26239 32 26341 6 26368 81 26459 16 26477 2 26495 31 26624 81 26715 14 26734 1 26750 31 26880 81 26971 14 27006 31 27136 80 27227 14 27262 31 27392 80 27484 12 27519 30 27648 80 27740 12 27775 30 27904 79 27997 10 28031 29 28121 9 28160 79 28253 10 28287 28 28377 10 28416 78 28510 7 28544 27 28631 15 28672 78 28767 6 28801 26 28887 15 28928 77 29059 24 29142 17 29184 45 29231 30 29315 23 29397 18 29440 45 29489 28 29573 20 29652 21 29696 45 29745 28 29829 20 29908 23 29952 44 30002 28 30083 21 30164 25 30208 44 30259 27 30339 20 30419 26 30464 43 30515 26 30594 21 30676 26 30720 42 30772 25 30849 21 30932 26 30976 41 31036 16 31105 20 31189 24 31232 41 31294 13 31362 9 31373 8 31445 24 31488 41 31619 5 31702 21 31744 41 31875 4 31959 20 32000 40 32221 14 32256 40 32478 13 32512 39 32695 4 32735 11 32768 39 32949 8 32991 10 33024 25 33053 1 33202 13 33249 7 33280 25 33457 15 33508 1 33536 25 33711 18 33792 25 33967 18 34048 26 34225 16 34304 27 34481 16 34560 27 34738 15 34816 27 34995 14 35072 31 35251 14 35328 33 35508 13 35584 35 35767 10 35840 35 36025 7 36096 36 36284 1 36352 37 36608 37 36864 37 37120 37 37376 37 37632 37 37888 37 38144 37 38400 36 38656 34 38912 33 39168 28 39424 24 39680 21 39936 19 40187 2 40192 9 40204 6 40442 1 40448 8 40464 1 40698 1 40704 7 40960 7 41073 8 41216 5 41327 12 41472 5 41582 14 41728 5 41837 17 41984 5 42093 18 42236 1 42240 5 42307 6 42348 19 42496 5 42562 7 42603 20 42752 5 42810 17 42859 21 42885 3 43008 5 43065 18 43115 21 43141 5 43264 5 43318 23 43371 21 43397 9 43495 2 43520 5 43573 24 43627 22 43652 11 43750 5 43776 5 43827 26 43883 37 44003 8 44032 5 44083 26 44139 38 44258 10 44276 2 44288 5 44338 27 44395 38 44509 15 44544 5 44593 28 44651 38 44764 16 44800 5 44849 28 44907 38 45019 18 45056 5 45105 28 45163 38 45275 18 45312 5 45361 27 45419 38 45531 19 45568 5 45597 5 45615 28 45675 39 45786 22 45824 5 45851 9 45871 23 45932 39 46041 26 46080 5 46106 11 46126 23 46189 39 46295 29 46336 5 46361 13 46380 23 46446 39 46548 32 46592 5 46617 15 46635 22 46703 39 46802 35 46848 5 46866 44 46961 38 47030 2 47049 2 47057 36 47104 5 47121 44 47218 37 47286 1 47305 4 47312 37 47359 5 47375 44 47478 33 47558 46 47613 7 47631 43 47735 32 47813 47 47869 6 47885 44 47993 30 48066 13 48080 35 48125 5 48141 43 48251 27 48320 15 48337 34 48381 4 48397 43 48508 26 48569 59 48636 4 48653 43 48764 27 48825 60 48892 4 48909 44 49021 26 49071 2 49081 61 49147 5 49165 44 49277 27 49327 4 49337 62 49403 5 49421 45 49534 27 49583 8 49592 65 49659 5 49675 47 49791 26 49837 77 49915 5 49928 51 50048 35 50092 12 50107 69 50183 52 50305 36 50347 13 50363 69 50439 53 50562 55 50619 69 50695 53 50818 55 50874 70 50949 56 51075 125 51205 56 51331 125 51459 60 51594 118 51715 61 51850 118 51972 61 52105 119 52228 61 52361 57 52426 54 52485 62 52561 4 52594 5 52614 58 52683 53 52741 62 52816 6 52849 7 52870 58 52939 52 52999 60 53071 9 53104 10 53125 59 53195 52 53255 61 53327 12 53359 12 53381 60 53451 53 53513 60 53583 14 53611 16 53637 60 53707 53 53770 59 53839 14 53866 17 53893 60 53962 54 54033 52 54096 13 54121 19 54148 60 54216 56 54289 51 54353 13 54377 19 54404 59 54471 57 54547 49 54611 11 54631 88 54726 58 54803 48 54868 9 54886 90 54982 58 55060 45 55125 6 55136 96 55237 59 55317 43 55382 4 55391 98 55493 59 55573 32 55607 6 55645 100 55749 59 55829 31 55867 1 55901 163 56085 29 56156 164 56341 27 56409 110 56520 56 56598 18 56664 111 56779 53 56855 16 56920 111 57035 53 57111 13 57175 112 57293 51 57368 9 57431 112 57549 51 57688 111 57805 51 57945 110 58062 16 58082 30 58202 109 58319 4 58341 27 58459 108 58575 4 58598 26 58715 108 58854 26 58971 65 59037 42 59110 26 59219 72 59295 40 59366 26 59459 1 59475 70 59552 39 59621 27 59714 86 59808 39 59877 27 59969 86 60064 3 60069 34 60133 27 60227 84 60319 39 60389 27 60485 82 60575 38 60645 27 60743 80 60830 37 60901 27 60999 80 61085 38 61157 27 61255 81 61341 37 61413 27 61511 82 61597 37 61668 28 61767 82 61851 39 61923 29 62023 123 62179 29 62273 4 62279 122 62435 20 62459 5 62528 115 62645 12 62692 18 62715 5 62782 113 62903 10 62948 17 62972 4 63036 114 63159 10 63204 17 63229 3 63289 117 63415 12 63459 17 63487 1 63545 117 63671 14 63716 16 63743 1 63800 118 63927 16 63972 15 64055 119 64183 16 64228 15 64311 120 64437 20 64485 14 64567 120 64693 20 64741 14 64823 146 64998 11 65079 147 65255 9 65325 2 65334 149 65513 3
191621,0 65536
191853,0 65536
192744,0 59 75 240 331 240 586 241 841 242 1093 2 1097 244 1346 251 1602 252 1857 253 2111 8 2121 245 2371 251 2628 250 2885 249 3141 249 3397 249 3653 251 3908 253 4163 42218 46385 247 46643 242 46900 239 47156 229 47386 1 47413 226 47647 4 47669 224 47900 11 47925 2 47929 219 48156 13 48179 3 48187 216 48411 29 48445 213 48665 32 48703 208 48919 35 48965 200 49173 38 49221 188 49429 38 49478 186 49685 39 49734 186 49941 38 49991 185 50197 38 50247 185 50453 36 50503 185 50709 34 50759 185 50964 33 51017 183 51220 34 51275 181 51475 35 51535 177 51731 35 51793 175 51987 36 52049 175 52244 35 52305 175 52500 35 52561 175 52756 35 52817 175 53013 34 53072 176 53269 34 53328 176 53535 22 53584 170 53755 5 53792 20 53841 168 54011 5 54049 18 54098 164 54267 5 54305 16 54355 160 54523 5 54561 18 54613 151 54778 6 54799 6 54817 18 54869 151 55033 7 55048 15 55072 20 55125 152 55288 8 55303 22 55327 21 55381 154 55536 16 55557 48 55637 171 55813 30 55844 17 55893 171 56068 31 56100 17 56148 172 56324 48 56403 173 56579 48 56657 175 56835 48 56912 176 57089 30 57123 16 57167 207 57379 16 57422 207 57635 16 57677 208 57890 18 57933 210 58145 20 58188 233 58444 233 58700 234 58956 235 59212 235 59468 236 59724 237 59980 236 60237 235 60493 234 60749 233 61006 231 61265 228 61522 225 61779 223 62035 26 62064 48 62115 142 62291 24 62321 46 62371 141 62547 23 62578 43 62627 134 62803 22 62835 41 62881 137 63060 21 63090 41 63137 95 63233 41 63317 20 63346 39 63393 95 63492 39 63574 19 63601 39 63649 95 63754 33 63833 15 63857 39 63905 95 64011 32 64091 12 64113 39 64160 96 64267 32 64348 11 64367 145 64523 32 64605 9 64623 145 64779 32 64865 4 64879 145 65035 32 65123 2 65135 145 65291 31 65390 146
196973,0 65536
217771,0 65536
222553,0 65536
222596,0 65536
227391,0 65536
232617,20 37 140 1 223 18 276 37 395 5 479 17 531 38 651 5 735 16 787 37 907 6 992 15 1043 36 1163 15 1248 15 1288 3 1298 35 1419 18 1504 13 1544 4 1554 35 1675 18 1761 12 1799 6 1809 34 1931 19 2019 9 2055 8 2065 33 2187 20 2275 8 2321 21 2346 7 2443 21 2533 6 2578 19 2603 4 2699 21 2789 6 2834 19 2891 2 2955 22 3049 1 3090 18 3141 13 3211 22 3346 7 3357 6 3395 16 3467 23 3603 5 3613 6 3651 16 3723 23 3861 1 3871 2 3906 19 3979 24 4128 1 4161 20 4235 24 4411 26 4492 23 4666 27 4748 23 4921 29 5005 22 5176 30 5261 22 5429 33 5519 24 5684 35 5776 23 5888 1 5939 37 6033 16 6051 2 6144 1 6194 39 6291 14 6400 1 6449 41 6547 14 6656 1 6705 41 6804 13 6961 42 7061 12 7217 42 7319 8 7473 42 7534 10 7577 3 7729 42 7789 12 7984 45 8042 16 8239 46 8295 19 8495 48 8549 21 8751 74 8989 4 9009 72 9247 2 9265 71 9503 3 9515 1 9523 68 9760 2 9779 68 10016 1 10035 67 10292 66 10549 66 10805 67 11062 67 11318 68 11575 68 11831 68 12087 67 12343 66 12545 2 12600 65 12800 4 12857 63 13056 4 13115 59 13312 4 13373 6 13383 46 13568 3 13640 45 13897 43 14116 3 14128 1 14153 43 14371 5 14383 3 14410 41 14625 8 14666 41 14881 9 14922 41 15137 10 15177 40 15393 9 15433 40 15649 8 15688 39 15877 1 15890 2 15905 8 15943 39 16133 1 16145 4 16163 4 16199 36 16389 1 16401 4 16455 36 16657 3 16711 35 16966 35 17222 34 17478 34 17734 33 17990 33 18247 32 18503 32 18760 29 18951 2 19016 29 19206 6 19272 29 19461 6 19528 29 19717 4 19785 30 19973 3 20041 30 20297 32 20553 33 20589 2 20809 42 21065 42 21321 44 21577 44 21833 45 22078 3 22089 46 22333 5 22343 48 22587 8 22599 48 22841 63 23097 63 23165 2 23351 74 23606 75 23861 77 24115 79 24369 81 24456 1 24625 69 24695 12 24709 6 24879 70 24952 20 25135 70 25208 21 25390 70 25465 1 25473 13 25645 71 25719 4 25729 14 25901 71 25973 6 25984 16 26157 70 26228 7 26240 17 26413 78 26495 19 26669 79 26751 20 26925 102 27181 102 27438 102 27694 102 27950 103 28206 103 28462 103 28718 103 28974 103 29230 103 29449 13 29486 103 29703 16 29743 101 29957 18 29999 100 30213 19 30255 100 30468 20 30512 3 30519 93 30723 21 30749 2 30759 4 30775 94 30979 21 31002 8 31012 9 31032 94 31235 20 31258 9 31268 11 31289 94 31491 18 31513 10 31524 12 31545 95 31747 18 31770 22 31802 94 32003 18 32026 23 32058 95 32259 18 32283 22 32314 95 32515 48 32569 96 32771 150 33026 152 33281 153 33536 154 33792 154 34048 153 34304 153 34560 153 34816 153 35073 152 35329 152 35585 151 35840 151 36096 150 36352 149 36608 147 36864 146 37120 139 37376 139 37632 139 37888 139 38144 141 38400 141 38656 141 38912 141 39168 141 39424 139 39680 136 39936 135 40192 133 40448 131 40704 130 40960 130 41216 129 41472 129 41728 128 41984 116 42105 7 42240 116 42363 2 42496 116 42752 115 43008 115 43264 115 43520 115 43776 115 44032 114 44288 115 44544 115 44800 115 45056 115 45312 115 45568 114 45824 113 46080 113 46336 96 46434 14 46592 95 46690 13 46848 94 46947 9 47104 93 47205 3 47360 93 47616 93 47872 93 48128 93 48384 93 48640 93 48896 93 49152 93 49408 93 49664 93 49920 94 50176 5 50182 5 50191 79 50432 3 50447 82 50530 3 50688 1 50704 23 50729 62 50961 20 50986 63 51219 18 51243 62 51466 3 51478 13 51499 63 51721 5 51737 10 51755 64 51977 6 51995 7 52013 62 52233 6 52251 6 52271 60 52489 5 52528 59 52746 3 52785 58 53042 57 53298 37 53338 17 53555 34 53595 14 53812 33 53852 13 54069 32 54109 9 54327 29 54365 8 54584 19 54607 4 54623 4 54841 13 54863 4 55102 5 55119 3 57088 9 57344 11 57407 2 57600 19 57660 9 57856 20 57915 12 58112 20 58171 13 58368 20 58410 3 58426 15 58624 20 58665 6 58681 16 58880 20 58920 7 58937 15 59136 19 59176 7 59193 14 59393 16 59432 7 59448 15 59651 10 59689 6 59703 16 59908 7 59945 6 59959 16 60201 7 60213 21 60456 9 60469 22 60711 38 60966 39 61221 40 61478 39 61734 39 61991 38 62247 39 62503 28 62532 11 62760 25 62789 9 63018 23 63046 8 63279 18 63303 6 63536 16 63559 5 63794 9 63804 3 64051 4
238364,0 210 213 252 469 252 726 251 982 11928 12912 252 13169 250 13425 250 13681 250 13937 250 14192 251 14448 251 14703 252 14958 194 15155 253 15411 252 15667 252 15923 251 16180 250 16439 247 16702 240 16959 239 17215 238 17471 238 17718 1 17725 240 17974 1 17980 242 18235 244 18491 244 18747 244 19002 247 19258 248 19514 253 19770 254 20026 1756 21785 252 22041 251 22297 250 22553 250 22811 2 22814 245 23070 245 23327 245 23583 245 23836 248 24091 250 24345 252 24601 251 24856 247 25111 244 25366 245 25623 243 25879 243 26135 244 26384 1 26391 244 26639 2 26647 246 26895 2 26903 246 27150 3 27158 252 27413 254 27668 1777 29446 255 29703 254 29960 253 30217 252 30473 252 30728 253 30984 253 31239 254 31494 250 31745 4 31750 255 32006 252 32262 252 32517 2284 34807 249 35063 248 35319 250 35573 24 35599 254 35855 252 36111 250 36366 251 36622 252 36879 252 37135 252 37391 252 37646 253 37902 252 38159 250 38415 250 38672 249 38928 250 39184 250 39440 251 39695 254 39950 3082 43038 248 43295 247 43551 247 43807 247 44063 248 44320 249 44577 250 44833 251 45089 222 45312 29 45345 221 45568 29 45601 222 45824 29 45857 252 46113 252 46369 252 46625 252 46881 252 47137 252 47391 254 47647 254 47903 254 48159 252 48414 251 48670 249 48925 250 49181 250 49437 251 49692 253 49947 3581 53529 4079 57613 250 57875 242 58132 237 58388 236 58644 236 58900 236 59157 235 59413 235 59666 2 59671 233 59921 3 59929 231 60177 5 60185 231 60433 5 60442 230 60689 6 60698 230 60945 7 60954 230 61201 9 61212 228 61456 11 61468 228 61698 1 61712 244 61968 240 62224 7 62241 223 62481 4 62498 222 62733 2 62737 4 62755 221 62988 3 62993 4 63013 219 63233 3 63243 4 63249 4 63270 222 63500 3 63505 4 63526 222 63757 2 63761 6 63782 222 64013 2 64017 8 64038 221 64273 7 64288 1 64295 220 64528 8 64542 4 64551 217 64786 7 64799 3 64807 217 65043 2 65046 3 65059 2 65062 69 65135 145 65303 3 65315 72 65394 142
243578,30205 3 30460 4 30714 6 30967 9 31220 12 31475 13 31726 18 31981 19 32233 23 32486 26 32741 27 32995 29 33245 35 33497 39 33750 42 34005 43 34257 47 34511 49 34763 53 35015 57 35267 61 35521 63 35774 66 36029 67 36284 68 36539 69 36789 75 37043 77 37294 82 37549 83 37803 85 38055 89 38308 92 38563 93 38815 97 39069 99 39322 102 39573 107 39826 110 40078 114 40329 119 40583 121 40837 123 41091 125 41343 129 41599 129 41851 133 42105 135 42357 139 42611 141 42862 146 43117 147 43369 151 43623 153 43875 157 44127 161 44381 163 44637 163 44887 169 45142 170 45392 176 45647 177 45899 181 46153 183 46407 185 46661 187 46916 188 47169 191 47417 2 47420 196 47670 202 47923 205 48177 207 48432 208 48687 209 48940 212 49193 215 49442 222 49697 223 49950 226 50201 231 50453 235 50707 237 50959 241 51212 244 51464 248 51718 13818
246195,0 169 174 253 430 254 686 803 1491 252 1747 250 2003 250 2259 250 2517 247 2773 247 3039 237 3296 236 3553 236 3810 235 4067 234 4324 235 4579 236 4835 240 5091 244 5336 3 5347 251 5603 252 5859 254 6115 254 6371 255 6627 257 6885 255 7141 12662 19804 253 20061 250 20317 248 20573 245 20829 244 21085 244 21340 245 21595 244 21851 244 22107 243 22363 243 22619 242 22876 241 23132 239 23388 239 23643 238 23896 240 24151 240 24406 75 24482 165 24662 74 24739 163 24917 75 24995 162 25173 74 25251 25 25279 133 25428 75 25506 24 25535 132 25683 75 25763 22 25791 127 25939 72 26019 22 26047 124 26194 71 26275 22 26303 122 26449 70 26532 21 26559 121 26705 69 26789 20 26815 120 26960 58 27048 19 27071 119 27214 59 27307 137 27468 60 27565 134 27723 61 27822 131 27979 60 28078 131 28235 60 28334 130 28492 59 28590 130 28727 6 28748 59 28845 130 28981 10 29004 59 29100 130 29238 9 29259 60 29354 127 29494 9 29513 63 29609 125 29751 8 29769 63 29864 125 30010 3 30023 65 30119 126 30277 67 30373 127 30534 65 30627 128 30790 64 30881 129 31046 62 31137 128 31301 63 31393 125 31557 62 31649 124 31812 64 31905 122 32066 75 32162 120 32321 77 32419 115 32575 82 32676 111 32830 85 32932 107 33082 91 33189 91 33285 7 33338 93 33445 91 33544 1 33595 94 33691 2 33699 93 33851 197 34108 196 34365 195 34621 116 34739 77 34869 3 34877 115 34997 75 35091 5 35097 5 35122 9 35132 114 35255 73 35345 14 35377 124 35511 73 35599 17 35628 126 35770 70 35854 19 35883 126 36037 59 36110 20 36139 127 36301 51 36366 20 36395 128 36559 11 36574 34 36621 22 36651 128 36816 10 36831 33 36877 23 36906 116 37023 13 37043 8 37072 11 37088 32 37125 32 37161 116 37281 13 37296 18 37329 10 37349 27 37380 33 37417 116 37537 35 37577 4 37585 11 37606 183 37794 59 37862 183 38051 58 38118 184 38307 60 38373 185 38563 60 38628 187 38819 252 39075 254 39330 7737 47073 30 47104 218 47331 28 47360 211 47588 25 47616 210 47845 23 47872 207 48104 12 48117 4 48128 206 48361 8 48384 206 48640 206 48896 183 49086 16 49152 183 49343 15 49408 73 49488 103 49600 13 49664 73 49743 105 49857 10 49920 184 50176 185 50432 184 50688 184 50944 183 51200 183 51456 183 51712 184 51968 186 52224 187 52415 4 52480 189 52673 1 52736 189 52992 189 53248 189 53504 188 53760 188 54016 187 54272 187 54528 177 54706 7 54784 176 54964 5 55040 175 55296 175 55552 175 55808 174 56064 77 56143 94 56320 75 56399 94 56576 75 56656 92 56832 75 56913 90 57088 77 57170 89 57344 171 57600 83 57689 81 57856 83 57945 81 58112 83 58201 81 58368 83 58457 80 58624 84 58714 80 58880 84 58970 80 59136 84 59226 80 59392 84 59483 78 59648 84 59740 75 59904 84 59996 73 60160 85 60253 71 60416 85 60509 70 60672 85 60765 70 60928 85 61022 68 61184 85 61279 16 61313 32 61440 85 61535 16 61572 29 61696 85 61793 9 61830 23 61952 84 62049 6 62086 21 62208 83 62341 19 62464 83 62597 17 62720 82 62853 14 62976 81 63109 12 63232 79 63366 8 63488 79 63623 6 63744 77 64009 68 64267 66 64524 65 64781 4 64789 38 64828 17 65045 38 65084 17 65301 36 65341 16
246347,47 11 89 21 159 16 303 12 346 19 416 15 559 12 602 19 672 15 814 14 858 18 929 14 1070 14 1114 17 1185 13 1326 14 1370 15 1442 11 1582 14 1625 16 1699 10 1829 5 1838 13 1881 15 1956 5 2083 7 2095 12 2113 3 2137 14 2213 3 2341 22 2369 3 2393 14 2598 21 2626 2 2649 12 2767 1 2855 19 2905 8 2979 2 3022 3 3112 17 3161 8 3233 5 3277 4 3369 14 3417 8 3488 7 3533 4 3625 12 3673 8 3744 7 3790 3 3880 12 3929 8 4000 6 4135 13 4185 8 4256 6 4387 16 4441 7 4537 2 4642 17 4698 5 4785 1 4792 5 4897 18 5041 13 5152 19 5297 13 5407 19 5553 13 5663 18 5809 13 5919 14 6065 13 6175 13 6321 12 6433 8 6577 12 6690 7 6833 12 6949 1 7089 11 7345 11 7601 10 7858 9 8117 2 8643 2 8809 1 8897 5 9064 3 9151 7 9178 4 9320 4 9406 7 9433 6 9577 4 9661 8 9689 7 9833 3 9917 8 9945 8 10123 2 10173 7 10200 9 10379 3 10429 7 10456 9 10611 7 10635 3 10685 7 10711 10 10866 9 10891 3 10939 9 10967 10 11121 12 11158 2 11193 12 11223 8 11376 12 11403 4 11414 2 11448 13 11479 8 11631 13 11657 7 11700 18 11735 6 11887 13 11913 8 11953 22 11991 5 12143 13 12169 8 12208 23 12399 13 12424 9 12463 24 12656 11 12679 9 12718 25 12913 10 12935 8 12961 1 12973 25 13170 9 13193 6 13217 1 13228 26 13427 6 13452 1 13473 1 13483 27 13737 28 13913 4 13923 2 13993 28 14167 13 14249 27 14423 12 14505 27 14678 13 14745 6 14761 26 14933 14 14961 3 14999 8 15016 27 15189 15 15215 6 15254 9 15271 27 15445 15 15471 7 15509 10 15527 26 15701 16 15728 7 15747 4 15764 10 15781 27 15957 16 15984 6 16002 6 16019 11 16037 27 16213 15 16255 9 16275 11 16293 27 16469 15 16511 10 16531 12 16548 28 16729 10 16767 10 16787 12 16802 30 16881 2 16989 5 17023 9 17043 12 17057 31 17133 8 17280 7 17300 45 17353 5 17388 10 17537 6 17556 10 17570 31 17609 4 17644 10 17814 3 17829 27 17865 2 17900 8 18085 27 18156 7 18342 25 18413 5 18427 5 18598 25 18669 4 18681 7 18854 13 18870 9 18925 7 18936 8 19111 11 19127 8 19181 19 19367 10 19385 7 19437 19 19624 8 19642 5 19692 20 19881 4 19946 22 20201 23 20456 24 20711 25 20967 25 21223 25 21479 25 21735 25 21991 25 22247 25 22507 21 22765 19 23024 16 23281 15 23537 15 23794 11 25600 1 25856 1 26055 5 26112 2 26310 7 26368 3 26566 7 26624 3 26822 7 26880 4 27078 8 27136 5 27333 9 27392 5 27589 9 27648 5 27845 9 27904 5 28103 4 28160 5 28416 5 28426 3 28672 5 28681 5 28928 5 28936 7 29179 10 29192 7 29434 11 29447 10 29686 15 29704 9 29941 16 29961 8 30196 17 30218 6 30451 18 30707 18 30963 18 31219 18 31475 18 31731 6 31743 6 31988 3 32000 5 32256 5 32512 6 32744 3 32768 7 32999 4 33024 7 33255 5 33280 8 33511 5 33536 9 33767 5 33792 9 34023 5 34048 9 34281 2 34304 9 34560 9 34816 9 35072 9 35328 9 35584 9 35840 9 36096 9 36352 9 36608 9 36864 9 37120 10 37376 10 37632 11 37888 11 38144 11 38400 11 38656 11 38912 11 39168 11 39424 11 39680 12 39936 12 40192 12 40448 12 40704 13 40960 13 41216 13 41472 13 41728 14 41984 15 42240 15 42496 15 42752 17 43008 18 43264 19 43520 19 43776 20 44032 20 44288 21 44544 21 44800 21 45056 21 45312 21 45568 21 45824 21 46080 20 46336 20 46592 20 46848 19 47104 19 47360 19 47616 19 47872 18 48128 17 48387 13 48643 12 48901 10 49158 8 50709 4 50963 7 51219 8 51475 9 51731 8 51989 4 52253 2 53760 1 54016 3 54272 4 54528 5 54784 6 55040 7 55296 8 55552 8 55808 8 56064 8 56320 8 56576 9 56832 10 57088 12 57344 13 57600 14 57856 14 58112 15 58368 15 58624 15 58880 14 59136 14 59392 14 59648 4 59654 7 59904 4 59910 7 60160 13 60416 13 60672 13 60928 12 61184 12 61440 12 61696 13 61952 13 62208 13 62251 3 62464 14 62505 7 62720 15 62760 11 62976 15 63015 14 63232 17 63271 20 63488 17 63527 20 63744 17 63783 19 64000 17 64040 17 64256 18 64297 12 64512 18 64542 4 64556 9 64689 4 64768 18 64797 6 64814 5 64943 7 65024 18 65053 5 65071 3 65199 7 65280 17 65309 2 65431 3 65453 10
250616,0 65536
252446, 
254228,0 65536
255130,0 65536
255132,0 73 91 71 200 23 256 73 346 71 455 23 512 73 602 71 711 22 768 74 849 4 857 70 966 23 1024 75 1103 6 1113 69 1222 23 1280 86 1367 48 1420 16 1477 24 1536 86 1623 48 1676 15 1733 23 1792 134 1932 15 1989 23 2048 134 2188 14 2245 22 2304 134 2445 12 2501 22 2560 133 2701 11 2757 21 2816 133 2957 9 3013 20 3072 133 3212 9 3269 20 3328 133 3468 7 3525 10 3584 134 3723 9 3782 8 3840 135 3978 11 4041 2 4096 149 4352 151 4608 151 4864 151 5120 151 5376 150 5632 150 5888 149 6119 1 6144 81 6227 65 6373 4 6400 81 6485 62 6629 4 6656 81 6742 61 6885 4 6912 81 6999 60 7141 4 7168 81 7255 59 7397 4 7424 81 7511 59 7680 81 7767 58 7936 143 8192 143 8448 141 8704 141 8960 139 9216 139 9460 1 9472 137 9713 7 9728 137 9965 12 9984 137 10219 16 10240 137 10475 16 10496 136 10729 20 10752 136 10985 20 11008 136 11239 23 11264 135 11495 24 11520 134 11751 24 11776 134 12007 24 12032 133 12265 21 12288 133 12521 21 12544 133 12765 4 12778 19 12800 133 13019 6 13033 17 13056 133 13272 11 13290 15 13312 133 13527 12 13546 14 13568 132 13781 15 13803 11 13824 131 14037 16 14061 6 14080 98 14180 29 14293 16 14336 96 14437 26 14548 17 14592 93 14694 23 14804 17 14848 91 14951 20 15060 17 15104 91 15316 17 15360 91 15571 18 15616 91 15827 18 15872 91 15967 4 16082 19 16128 101 16337 20 16384 102 16591 22 16640 103 16845 25 16875 3 16896 103 17101 34 17151 104 17273 1 17355 38 17407 105 17527 6 17611 38 17662 107 17781 10 17867 39 17917 108 18037 10 18057 4 18123 39 18173 110 18291 27 18379 39 18429 111 18546 29 18635 39 18685 113 18799 31 18891 38 18940 146 19147 38 19196 145 19402 39 19451 145 19658 39 19707 143 19913 40 19963 142 20167 43 20219 128 20350 11 20421 44 20475 128 20607 9 20677 44 20731 128 20865 6 20933 44 20987 128 21190 43 21243 128 21447 40 21499 128 21703 40 21754 130 21959 40 22009 132 22215 41 22265 131 22471 41 22523 129 22726 42 22779 128 22982 42 23036 127 23239 41 23293 62 23359 60 23495 40 23552 59 23616 59 23751 40 23807 59 23874 56 24011 36 24062 60 24131 55 24267 36 24318 61 24383 50 24524 34 24573 115 24780 34 24829 114 25037 33 25084 115 25294 33 25340 55 25396 58 25551 33 25595 115 25807 33 25851 115 26062 35 26107 114 26318 35 26363 101 26468 10 26566 42 26618 101 26724 10 26821 43 26873 101 26981 9 27076 43 27129 101 27238 8 27331 44 27384 102 27495 6 27582 49 27640 102 27752 5 27825 4 27837 49 27896 102 28079 62 28153 101 28333 63 28409 102 28589 62 28665 103 28844 63 28921 103 29100 62 29179 102 29356 62 29429 2 29435 102 29611 62 29683 6 29691 101 29867 62 29937 8 29947 100 30123 62 30192 111 30379 62 30447 110 30634 61 30701 111 30883 2 30890 61 30956 111 31137 5 31146 61 31209 114 31392 7 31402 60 31465 114 31646 71 31721 114 31901 72 31977 114 32157 69 32232 115 32412 69 32488 114 32668 65 32743 114 32924 63 32996 114 33180 61 33251 114 33436 61 33507 111 33692 59 33761 112 33947 60 34017 112 34201 61 34273 112 34456 61 34528 93 34623 18 34711 58 34783 92 34879 18 34967 56 35039 91 35135 18 35223 45 35294 91 35391 19 35479 45 35550 89 35648 18 35736 43 35806 89 35905 17 35992 43 36061 88 36163 6 36173 3 36249 41 36317 88 36419 4 36506 40 36572 87 36763 39 36827 87 37019 39 37083 86 37275 39 37339 85 37531 39 37595 84 37787 39 37851 84 38043 39 38108 83 38297 41 38365 83 38551 43 38622 82 38806 43 38879 81 39062 43 39136 80 39318 42 39392 79 39575 40 39649 78 39807 6 39833 36 39907 74 40062 7 40091 34 40165 69 40317 9 40348 32 40421 68 40573 9 40605 30 40677 66 40829 10 40861 30 40933 66 41084 11 41117 30 41189 66 41339 12 41372 32 41445 66 41590 17 41628 33 41700 68 41842 21 41884 33 41955 69 42097 22 42141 32 42211 69 42352 23 42397 33 42467 69 42607 24 42654 33 42723 68 42862 25 42911 32 42979 68 43117 26 43167 32 43236 66 43370 29 43424 31 43492 65 43625 31 43679 32 43747 66 43881 32 43918 5 43935 33 44001 67 44136 43 44190 34 44257 68 44393 41 44445 34 44512 69 44637 4 44649 40 44701 34 44767 70 44891 8 44905 39 44955 36 45023 70 45145 10 45161 39 45211 35 45280 70 45397 15 45417 38 45466 35 45537 70 45653 16 45673 38 45722 29 45793 70 45908 17 45929 39 45978 27 46051 68 46164 17 46185 39 46234 26 46308 67 46419 62 46491 23 46564 67 46675 63 46747 21 46819 68 46931 63 47004 4 47012 10 47075 68 47187 64 47269 8 47331 68 47443 64 47526 6 47549 6 47587 68 47699 63 47783 4 47804 10 47843 68 47955 62 48058 14 48099 68 48211 61 48313 16 48355 68 48468 59 48561 24 48611 68 48725 58 48816 25 48867 68 48970 3 48981 56 49071 28 49123 68 49206 1 49226 3 49237 56 49326 30 49379 68 49460 6 49482 3 49493 55 49581 33 49636 69 49715 7 49738 3 49749 54 49837 34 49892 71 49970 8 50005 54 50092 35 50148 73 50225 8 50261 54 50347 36 50404 86 50517 54 50603 36 50661 97 50773 55 50859 36 50917 99 51028 12 51042 42 51116 34 51174 99 51284 10 51299 41 51373 32 51431 100 51540 9 51557 38 51629 32 51692 95 51796 9 51813 38 51885 31 51949 96 52052 9 52069 37 52140 31 52205 97 52308 9 52325 37 52395 32 52462 111 52581 36 52649 34 52719 16 52736 93 52837 36 52903 36 52975 14 52992 93 53093 36 53158 36 53233 8 53248 92 53349 26 53381 4 53414 37 53489 6 53504 92 53605 26 53670 38 53760 92 53861 26 53926 39 54016 92 54117 27 54181 18 54207 15 54272 92 54373 27 54437 17 54467 11 54528 91 54631 25 54692 17 54723 11 54784 91 54887 26 54947 16 54979 11 55040 89 55143 26 55199 18 55235 10 55296 81 55399 25 55454 19 55491 10 55552 81 55653 27 55701 28 55747 10 55808 80 55909 26 55956 29 56003 10 56064 79 56163 28 56213 28 56259 10 56320 79 56418 28 56469 28 56515 10 56576 77 56673 28 56726 26 56771 10 56832 77 56928 29 56983 23 57025 12 57088 77 57181 30 57240 12 57253 6 57281 12 57344 77 57436 31 57497 11 57510 1 57537 12 57600 77 57687 36 57753 6 57793 12 57856 77 57941 39 58010 3 58020 1 58049 12 58112 78 58195 42 58265 12 58305 12 58368 78 58450 43 58521 12 58562 11 58624 78 58706 9 58717 2 58730 19 58777 13 58818 11 58880 77 58962 8 58987 18 59033 14 59051 5 59074 11 59136 74 59220 5 59244 17 59288 26 59330 11 59392 71 59477 2 59501 16 59543 27 59585 12 59648 67 59760 13 59799 28 59839 14 59904 67 60017 12 60055 28 60095 14 60160 70 60275 8 60311 28 60351 14 60416 71 60531 8 60568 27 60606 14 60672 72 60829 21 60863 12 60928 72 61085 20 61119 12 61184 73 61342 18 61375 12 61440 73 61599 2 61602 15 61631 12 61696 73 61861 12 61888 10 61952 73 62118 12 62144 10 62208 73 62375 34 62464 73 62632 32 62720 73 62888 30 62976 73 63144 29 63232 71 63400 28 63488 71 63656 27 63744 70 63912 27 64000 69 64168 27 64256 69 64424 27 64512 69 64681 27 64768 69 64937 27 65024 69 65193 27 65277 1 65280 69 65451 26 65530 6
255544,0 17922 17923 253 18179 253 18435 253 18692 252 18948 252 19205 251 19461 251 19717 251 19974 250 20230 250 20486 250 20742 250 20999 249 21255 249 21511 249 21768 248 22024 248 22281 247 22537 247 22793 247 23049 247 23305 247 23561 247 23818 246 24074 246 24331 245 24587 245 24844 244 25100 244 25357 243 25613 243 25870 242 26126 242 26382 242 26639 241 26895 241 27151 241 27408 240 27664 240 27921 239 28177 239 28433 239 28690 238 28947 237 29203 237 29459 237 29715 237 29971 237 30227 237 30484 236 30740 236 30996 236 31253 235 31509 235 31765 235 32022 234 32279 233 32535 233 32791 233 33047 233 33303 233 33560 232 33816 232 34073 231 34329 231 34585 231 34841 231 35097 231 35353 231 35610 230 35867 229 36123 229 36379 229 36635 229 36891 229 37148 228 37404 228 37660 228 37916 228 38173 227 38429 227 38685 227 38941 227 39197 227 39454 226 39711 225 39967 225 40223 225 40480 224 40737 223 40993 223 41249 223 41505 223 41762 222 42019 221 42275 221 42531 221 42788 220 43044 220 43300 220 43556 220 43813 219 44069 219 44325 219 44582 218 44838 218 45094 218 45351 217 45607 217 45863 217 46119 217 46376 216 46633 215 46889 215 47145 215 47401 215 47657 215 47914 214 48170 214 48427 213 48683 213 48939 213 49195 213 49452 212 49708 212 49965 211 50221 211 50477 211 50734 210 50990 210 51246 210 51503 209 51759 209 52015 209 52272 208 52529 207 52785 207 53041 207 53297 207 53553 207 53810 206 54067 205 54323 205 54579 205 54836 204 55092 204 55348 204 55604 204 55861 203 56117 203 56374 202 56631 201 56887 201 57143 201 57399 201 57655 201 57911 201 58168 200 58425 199 58681 199 58937 199 59193 199 59449 199 59705 199 59962 198 60219 197 60475 197 60732 196 60988 196 61244 196 61500 196 61757 195 62013 195 62269 195 62526 194 62783 193 63039 193 63295 193 63551 193 63807 193 64063 193 64320 192 64576 192 64832 192 65088 192 65344 192
260940,0 115 231 7 256 113 488 5 512 112 745 4 768 110 1001 2 1024 109 1280 106 1536 106 1767 1 1792 105 2019 8 2048 96 2146 6 2275 9 2304 96 2401 8 2529 12 2560 95 2657 8 2783 16 2816 105 3039 17 3072 105 3294 19 3328 105 3549 20 3584 105 3805 20 3840 104 3967 8 4061 20 4096 103 4220 11 4317 20 4352 101 4467 21 4581 11 4608 100 4722 22 4839 8 4864 99 4976 25 5099 2 5120 99 5231 27 5376 99 5483 32 5584 4 5632 99 5739 32 5839 6 5888 99 5993 34 6093 10 6144 99 6248 35 6349 12 6400 139 6605 12 6656 139 6861 12 6912 139 7119 8 7168 139 7377 3 7424 139 7601 4 7680 139 7857 4 7936 139 8111 8 8192 138 8367 8 8448 85 8537 50 8617 14 8704 83 8793 50 8872 15 8924 1 8960 82 9050 49 9127 16 9180 1 9216 81 9306 49 9382 17 9472 78 9561 50 9637 16 9728 77 9817 50 9893 16 9984 74 10067 2 10071 51 10149 15 10240 35 10278 35 10322 56 10405 14 10496 32 10536 35 10575 58 10661 14 10752 31 10792 96 10917 13 10973 3 11008 29 11048 95 11174 10 11226 8 11264 29 11303 96 11432 7 11482 9 11520 29 11559 95 11737 11 11776 29 11813 96 11992 12 12032 30 12065 58 12127 38 12246 15 12288 90 12385 36 12501 16 12544 91 12639 37 12756 17 12800 91 12895 36 13012 17 13056 131 13267 18 13312 131 13523 18 13568 134 13779 18 13824 135 14035 18 14080 82 14166 51 14292 17 14336 79 14424 50 14549 16 14592 75 14683 48 14807 15 14848 74 14941 46 15064 15 15104 71 15199 46 15259 2 15323 12 15360 70 15457 49 15515 2 15579 12 15616 69 15697 6 15721 3 15727 37 15769 5 15837 10 15872 8 15881 59 15953 6 15983 38 16023 7 16095 8 16128 8 16139 26 16167 26 16209 7 16241 45 16352 7 16384 8 16395 24 16425 7 16439 8 16465 7 16497 45 16596 1 16608 7 16640 9 16653 21 16683 4 16723 4 16754 45 16849 6 16864 8 16892 3 16896 9 16909 20 16940 3 16980 3 17011 44 17104 8 17119 8 17147 4 17152 9 17167 18 17197 4 17269 43 17358 25 17402 5 17408 9 17423 18 17453 4 17525 44 17613 26 17657 16 17682 5 17694 3 17708 6 17781 45 17866 29 17913 16 17941 1 17950 3 17963 8 18038 45 18121 30 18169 16 18205 4 18219 7 18253 2 18294 47 18373 34 18424 17 18461 4 18475 6 18507 4 18549 49 18628 34 18679 17 18717 5 18733 4 18763 5 18805 50 18883 34 18935 8 18944 8 18973 5 18989 2 19019 5 19061 51 19139 33 19191 8 19200 8 19221 5 19227 8 19275 5 19315 54 19395 32 19447 7 19456 8 19475 16 19532 5 19572 53 19650 32 19703 6 19712 8 19727 21 19789 6 19829 4 19840 49 19906 31 19961 3 19968 8 19983 22 20045 7 20085 3 20097 16 20115 31 20161 31 20224 7 20239 22 20301 8 20353 16 20370 33 20417 30 20480 7 20495 22 20558 7 20590 1 20609 16 20626 33 20673 29 20736 6 20751 22 20814 8 20846 3 20865 16 20883 33 20928 29 20992 4 21007 23 21070 8 21102 3 21121 16 21139 33 21184 29 21247 1 21264 23 21326 9 21359 4 21377 16 21397 32 21439 28 21503 1 21521 22 21583 7 21633 15 21654 31 21696 27 21758 2 21779 22 21890 13 21911 31 21953 21 21977 1 22013 3 22035 22 22146 12 22167 31 22209 20 22269 3 22291 22 22404 9 22423 32 22466 18 22526 2 22548 21 22661 6 22679 32 22723 17 22782 2 22805 20 22935 34 22979 16 23039 1 23061 20 23191 34 23236 14 23295 1 23318 19 23447 37 23498 4 23563 4 23575 18 23703 38 23818 7 23831 17 23961 38 24073 8 24087 16 24218 37 24330 7 24345 14 24459 2 24479 32 24586 7 24601 13 24715 4 24735 31 24843 6 24859 10 24877 4 24971 3 24991 32 25099 6 25116 9 25132 7 25247 42 25357 2 25373 9 25387 11 25503 45 25613 2 25630 9 25642 14 25672 2 25759 46 25869 2 25886 10 25897 20 25926 7 26015 48 26125 2 26142 31 26180 10 26271 48 26381 1 26398 33 26434 13 26526 49 26653 51 26782 49 26903 57 27037 50 27159 58 27293 50 27415 58 27549 50 27671 58 27805 50 27928 57 28061 52 28184 57 28316 53 28429 4 28439 59 28573 53 28685 5 28695 60 28829 54 28940 71 29085 54 29196 73 29342 52 29450 75 29598 51 29705 76 29855 50 29960 77 30111 46 30216 78 30367 43 30472 78 30623 42 30728 78 30880 41 30984 78 31137 40 31240 77 31393 39 31497 76 31584 4 31642 5 31651 36 31753 76 31839 5 31897 6 31907 36 32011 72 32096 4 32153 6 32165 34 32269 70 32374 4 32409 6 32421 34 32529 65 32629 8 32663 8 32679 32 32787 62 32884 15 32919 8 32936 31 33045 60 33139 28 33174 10 33195 28 33302 59 33395 29 33430 11 33451 28 33563 53 33644 1 33649 32 33685 13 33709 25 33817 55 33899 40 33941 14 33965 24 34071 56 34155 57 34222 22 34326 57 34412 57 34478 21 34505 3 34582 56 34668 59 34735 19 34759 7 34837 56 34924 60 34991 18 35014 9 35093 56 35179 32 35213 28 35247 16 35269 10 35349 56 35435 33 35469 28 35503 15 35526 9 35604 56 35691 34 35727 26 35759 14 35783 10 35859 56 35947 35 35983 26 36015 13 36039 10 36115 56 36202 63 36270 8 36296 9 36371 56 36458 63 36525 7 36553 8 36563 2 36626 57 36713 64 36781 5 36809 4 36819 2 36882 57 36967 66 37035 5 37075 2 37138 57 37221 68 37290 5 37394 56 37477 73 37650 53 37731 75 37877 4 37906 51 37986 76 38133 6 38161 52 38240 69 38315 2 38388 9 38416 8 38425 43 38495 69 38572 1 38643 11 38671 8 38683 40 38749 69 38899 11 38927 9 38940 39 39004 59 39155 11 39183 9 39196 39 39258 58 39412 9 39439 10 39452 39 39513 59 39660 2 39667 10 39695 12 39708 38 39763 64 39915 6 39923 9 39951 50 40019 62 40171 17 40208 48 40273 64 40361 4 40426 18 40465 46 40529 64 40617 4 40681 19 40720 45 40785 65 40872 5 40937 19 40975 44 41041 66 41128 5 41192 20 41230 45 41298 65 41367 3 41384 6 41447 20 41484 47 41554 4 41561 58 41623 4 41640 6 41703 20 41738 49 41811 1 41818 57 41879 4 41897 4 41959 19 41993 50 42074 57 42134 5 42153 4 42215 19 42249 50 42330 55 42392 2 42473 16 42505 50 42585 56 42730 15 42761 50 42839 58 42987 14 43017 50 43095 58 43243 14 43273 48 43347 62 43499 13 43529 48 43602 63 43755 13 43786 45 43857 69 44010 13 44042 43 44113 70 44266 12 44297 43 44368 73 44523 10 44551 44 44623 74 44779 10 44804 47 44879 63 44943 10 45036 9 45058 49 45134 63 45200 9 45292 9 45313 49 45390 62 45457 9 45548 9 45568 49 45646 62 45714 8 45804 9 45824 49 45902 61 45971 6 46060 9 46080 49 46158 61 46227 6 46316 9 46336 47 46415 60 46485 3 46572 10 46592 46 46671 60 46741 2 46827 11 46848 41 46927 58 47083 12 47104 39 47183 56 47337 14 47360 38 47439 54 47593 15 47616 38 47695 54 47848 16 47872 39 47951 54 48103 18 48128 39 48207 53 48359 18 48384 40 48462 54 48614 19 48640 40 48718 54 48870 19 48896 41 48973 54 49084 4 49125 20 49152 41 49229 54 49329 2 49340 3 49381 20 49408 41 49477 2 49485 54 49583 4 49595 4 49637 20 49664 41 49732 3 49741 54 49839 4 49851 4 49893 20 49920 41 49987 5 49997 53 50094 5 50107 4 50141 3 50148 20 50176 41 50242 7 50253 53 50349 6 50363 3 50395 7 50403 21 50432 41 50497 10 50508 50 50601 2 50605 6 50651 28 50688 41 50753 60 50857 2 50861 5 50906 27 50944 41 51007 62 51113 2 51118 2 51161 26 51200 41 51263 62 51417 26 51456 42 51517 62 51670 27 51712 43 51773 62 51925 28 51968 43 52029 62 52102 3 52106 2 52178 23 52224 43 52285 61 52357 8 52431 24 52480 43 52541 59 52612 9 52687 25 52736 44 52795 59 52868 9 52942 26 52992 47 53050 59 53124 10 53198 26 53248 49 53306 59 53379 11 53454 26 53504 50 53561 60 53635 12 53709 27 53760 50 53817 60 53881 5 53890 14 53965 16 53984 8 54016 49 54073 61 54135 27 54189 7 54222 14 54244 3 54272 49 54329 90 54445 8 54478 14 54505 2 54528 49 54585 6 54593 82 54701 10 54735 13 54761 2 54789 44 54841 5 54848 83 54956 13 54992 12 55049 40 55098 3 55103 83 55211 16 55250 10 55307 38 55353 4 55359 82 55467 16 55507 9 55564 38 55606 89 55716 3 55723 16 55764 7 55820 37 55861 90 55971 6 55978 17 56021 6 56077 35 56116 89 56227 24 56262 1 56281 1 56333 34 56371 90 56482 25 56517 2 56567 1 56589 33 56627 16 56647 68 56737 25 56817 8 56845 32 56883 16 56903 68 56993 24 57071 10 57101 32 57139 16 57159 68 57249 22 57327 11 57357 32 57395 16 57415 68 57505 21 57582 13 57613 32 57651 16 57672 66 57761 17 57838 13 57869 33 57907 16 57928 65 58019 14 58093 15 58126 53 58183 13 58203 44 58277 12 58349 16 58382 53 58439 12 58461 42 58534 10 58605 16 58639 52 58694 11 58719 39 58791 9 58810 6 58860 19 58895 52 58950 11 58975 40 59048 9 59065 7 59116 20 59151 51 59207 10 59231 40 59305 9 59321 8 59371 21 59407 51 59463 10 59487 40 59561 10 59577 8 59626 22 59664 50 59721 6 59743 41 59819 9 59833 7 59881 23 59920 50 59977 4 59999 42 60075 9 60089 7 60136 24 60175 52 60256 41 60330 9 60348 1 60391 25 60429 55 60513 40 60586 9 60647 25 60683 26 60713 28 60771 38 60843 6 60903 25 60940 25 60970 26 61029 36 61100 4 61159 25 61197 23 61226 26 61287 32 61415 25 61453 22 61482 25 61543 20 61568 7 61671 27 61721 10 61739 24 61799 18 61926 28 61979 7 61995 23 62055 18 62181 28 62236 4 62250 23 62310 19 62436 28 62493 2 62506 21 62566 19 62692 28 62755 26 62821 20 62949 27 63011 25 63077 21 63206 26 63265 18 63332 23 63464 24 63521 14 63588 23 63720 24 63777 12 63843 25 63975 25 64033 12 64099 26 64231 25 64290 11 64352 29 64487 25 64546 11 64573 2 64601 36 64742 26 64773 5 64802 11 64829 2 64851 42 64997 27 65029 6 65059 11 65106 43 65250 30 65285 8 65315 12 65361 44 65505 31
263633,0 29 41 10 256 29 298 9 512 31 554 8 768 35 809 9 1024 35 1064 10 1280 50 1340 10 1536 51 1595 12 1792 53 1850 14 2048 53 2106 15 2147 1 2304 73 2560 73 2816 74 3072 75 3329 75 3585 75 3842 63 3913 4 4099 62 4169 4 4355 60 4426 3 4612 58 4683 2 4869 52 4939 1 5125 51 5381 50 5637 49 5892 48 6148 46 6404 38 6660 37 6915 38 7171 38 7425 41 7540 4 7681 41 7795 5 7936 42 8051 6 8192 41 8307 6 8448 41 8563 13 8704 41 8818 15 8960 40 9073 18 9216 41 9329 18 9472 41 9585 19 9728 41 9841 20 9984 43 10097 20 10240 43 10354 20 10496 44 10610 21 10752 45 10867 20 11008 46 11123 21 11264 46 11380 19 11520 48 11640 14 11776 49 11896 13 12032 50 12153 10 12288 51 12409 10 12544 51 12667 6 12800 51 13062 44 13318 44 13574 42 13830 41 14086 42 14342 42 14596 45 14851 46 14998 1 15105 50 15163 3 15251 6 15360 51 15412 9 15507 6 15616 61 15749 5 15761 10 15872 61 16005 6 16017 10 16128 61 16262 5 16272 12 16305 6 16384 61 16519 5 16526 15 16561 7 16640 61 16775 22 16816 11 16896 61 17030 23 17072 11 17153 60 17275 2 17286 23 17327 13 17409 61 17531 2 17542 23 17583 13 17665 70 17797 24 17836 16 17921 72 18053 23 18091 17 18177 73 18309 21 18347 17 18433 73 18561 1 18565 14 18582 2 18603 17 18623 4 18689 73 18815 4 18822 12 18859 24 18946 72 19070 5 19081 8 19115 25 19203 6 19213 60 19325 7 19341 3 19371 26 19460 4 19469 60 19581 7 19598 1 19628 25 19712 3 19725 60 19837 8 19885 24 19968 3 19981 59 20093 4 20098 5 20142 23 20224 5 20237 59 20349 3 20397 24 20480 5 20493 59 20605 3 20651 26 20736 8 20749 59 20849 1 20857 6 20904 29 20992 10 21003 61 21105 2 21111 8 21159 29 21248 72 21361 15 21413 31 21504 72 21623 8 21669 31 21760 72 21879 6 21925 31 22016 72 22136 3 22181 31 22272 73 22437 30 22528 73 22694 29 22784 73 22951 28 23040 73 23207 28 23296 4 23304 65 23463 20 23552 5 23560 66 23719 20 23809 8 23824 60 23976 17 24065 8 24083 2 24091 50 24233 15 24321 8 24347 50 24490 13 24577 9 24603 50 24747 12 24833 10 24859 50 25004 9 25089 10 25115 50 25261 8 25345 12 25371 50 25518 7 25601 12 25627 49 25775 6 25857 12 25882 49 26033 3 26113 12 26137 50 26289 2 26369 9 26393 49 26625 3 26649 49 26880 2 26905 48 27136 2 27161 48 27392 2 27419 45 27648 3 27675 44 27904 3 27934 41 28160 3 28191 38 28416 3 28448 36 28672 3 28705 35 28928 3 28963 33 29219 34 29452 5 29476 33 29532 5 29707 6 29732 33 29787 7 29955 14 29987 34 30043 9 30210 15 30243 34 30299 11 30312 2 30465 16 30498 35 30554 17 30720 17 30754 36 30810 17 30976 18 31010 36 31066 17 31232 18 31266 36 31322 17 31489 17 31523 35 31578 17 31745 17 31779 35 31833 18 31969 3 32000 19 32036 34 32087 22 32223 8 32256 19 32293 32 32343 24 32479 8 32512 19 32549 32 32599 27 32734 10 32768 19 32803 32 32855 28 32991 10 33024 20 33059 30 33111 28 33247 10 33280 21 33313 31 33367 28 33503 10 33536 63 33623 28 33760 9 33792 63 33880 27 34016 8 34048 62 34137 25 34273 5 34304 61 34394 23 34532 1 34560 61 34650 21 34817 60 34907 20 35074 58 35163 19 35331 57 35420 18 35589 55 35662 3 35681 13 35846 54 35917 5 35938 12 36103 58 36171 8 36195 12 36360 35 36397 22 36425 10 36452 11 36617 34 36656 35 36709 10 36802 7 36874 34 36914 33 36965 10 37057 9 37131 22 37156 9 37174 29 37223 8 37312 12 37387 72 37481 5 37567 13 37643 72 37823 14 37899 71 38078 15 38155 70 38335 15 38411 69 38591 16 38667 67 38848 15 38922 68 39105 15 39177 69 39362 14 39432 51 39487 14 39618 14 39687 46 39745 10 39875 13 39943 45 40003 8 40131 12 40199 44 40261 2 40455 44 40711 44 40877 8 40967 44 41131 12 41223 45 41386 17 41479 46 41641 20 41737 45 41897 21 41993 46 42153 22 42251 45 42409 24 42509 44 42665 26 42766 43 42921 28 43022 43 43177 28 43279 43 43433 28 43535 43 43689 28 43791 43 43944 29 44047 42 44200 29 44306 39 44456 27 44566 34 44712 27 44824 32 44968 27 45081 31 45224 27 45337 31 45480 27 45593 31 45736 27 45849 32 45992 27 46105 32 46248 27 46359 34 46505 27 46614 35 46761 27 46869 37 47018 27 47106 2 47124 38 47275 27 47360 7 47379 39 47430 1 47532 28 47616 7 47634 40 47686 1 47787 30 47872 7 47888 41 48043 31 48128 8 48143 42 48299 31 48384 7 48397 44 48551 36 48631 4 48640 7 48652 46 48704 5 48806 37 48886 7 48896 7 48905 62 49061 39 49141 8 49152 5 49161 62 49317 39 49397 8 49408 3 49415 66 49572 40 49653 7 49664 2 49671 66 49828 40 49909 6 49920 1 49928 66 50085 39 50161 8 50184 66 50341 38 50415 9 50441 66 50597 38 50671 8 50698 11 50711 52 50853 38 50927 8 50955 7 50970 49 51109 37 51183 6 51213 4 51227 48 51365 37 51439 5 51485 48 51622 35 51695 4 51741 48 51803 1 51873 2 51878 34 51951 3 51997 48 52058 5 52125 41 52253 47 52314 7 52380 41 52509 47 52569 8 52633 43 52765 46 52825 9 52889 43 53021 46 53081 10 53144 43 53278 45 53336 12 53400 43 53535 44 53585 4 53591 14 53656 44 53791 44 53840 22 53912 45 54049 41 54095 24 54169 21 54197 16 54255 4 54305 40 54351 25 54425 20 54454 15 54510 7 54561 40 54607 26 54682 18 54712 3 54765 9 54816 41 54863 26 54939 16 55021 10 55045 1 55072 45 55119 26 55195 15 55277 10 55301 3 55327 74 55452 13 55533 10 55557 6 55583 74 55682 5 55711 9 55788 11 55813 6 55839 74 55936 8 55967 9 56044 11 56069 8 56082 7 56095 73 56186 15 56223 10 56299 12 56325 8 56337 9 56353 71 56441 17 56479 10 56491 2 56555 13 56580 9 56592 87 56697 18 56736 17 56811 21 56836 9 56847 87 56953 18 56992 17 57065 23 57092 97 57209 20 57241 1 57249 17 57319 25 57348 96 57465 20 57495 4 57504 19 57537 12 57573 27 57604 94 57721 20 57749 38 57790 17 57828 28 57860 93 57977 20 58005 58 58071 4 58083 29 58117 91 58233 18 58261 60 58325 8 58340 28 58373 91 58490 15 58517 74 58596 28 58629 90 58746 15 58773 74 58851 29 58885 88 59002 14 59029 74 59107 29 59141 85 59259 14 59285 73 59363 29 59397 84 59515 16 59541 73 59619 29 59654 81 59773 20 59796 74 59875 29 59910 81 60029 97 60131 29 60167 6 60174 71 60288 93 60387 29 60425 3 60431 70 60545 91 60644 28 60688 8 60699 57 60801 90 60899 29 60955 56 61057 90 61155 29 61211 56 61313 80 61401 2 61411 29 61467 55 61568 81 61666 30 61724 47 61824 80 61921 31 61980 46 62079 81 62176 32 62235 46 62335 80 62431 33 62491 46 62589 82 62687 33 62747 45 62843 83 62942 34 63002 46 63098 83 63198 34 63257 46 63353 84 63454 34 63513 46 63607 85 63710 34 63769 47 63861 79 63966 34 64025 47 64116 79 64221 35 64281 48 64369 82 64475 37 64537 48 64625 82 64730 38 64793 49 64880 80 64974 4 64985 39 65049 49 65136 79 65230 5 65242 38 65305 48 65392 75 65486 6 65499 37
268600,0 55352 55353 72 55426 180 55610 69 55683 179 55866 69 55939 178 56123 68 56195 178 56379 68 56451 178 56634 69 56707 178 56890 69 56964 177 57145 72 57219 178 57401 8135
269087,0 27478 27479 254 27735 254 27991 255 28247 16553 44801 255 45058 254 45315 253 45571 253 45827 253 46083 253 46339 253 46595 253 46851 253 47105 2303 49409 255 49665 255 49921 255 50177 255 50433 255 50689 255 50945 255 51201 255 51457 2303 53761 255 54017 255 54273 255 54529 255 54785 255 55041 255 55297 255 55554 254 55810 254 56066 254 56322 254 56577 255 56833 255 57089 255 57345 255 57601 7935
270495,0 11 40 47 91 4 121 6 129 14 157 4 173 69 255 12 297 46 350 1 378 5 390 1 413 3 429 39 477 22 511 11 553 46 634 5 659 2 670 2 685 39 734 21 767 10 809 46 890 5 913 6 925 12 939 41 991 20 1023 10 1065 47 1139 2 1146 4 1169 10 1181 55 1247 20 1279 10 1321 47 1392 5 1401 5 1425 68 1505 18 1534 11 1576 48 1647 7 1657 6 1681 68 1761 18 1790 11 1831 49 1902 8 1912 8 1937 69 2015 20 2044 13 2087 26 2117 5 2124 12 2157 20 2193 69 2271 20 2299 14 2343 25 2384 7 2411 22 2449 69 2526 21 2554 15 2599 24 2666 26 2705 69 2781 22 2809 15 2856 23 2921 28 2961 68 3038 3 3043 16 3065 14 3113 20 3177 27 3218 67 3301 14 3323 8 3370 9 3433 25 3474 37 3512 27 3559 11 3581 6 3627 8 3689 24 3730 37 3768 27 3816 10 3838 4 3944 24 3986 64 4073 9 4096 2 4200 24 4242 63 4329 9 4352 3 4364 3 4373 4 4456 23 4497 64 4585 9 4608 4 4619 18 4712 22 4753 64 4841 10 4864 7 4875 22 4967 22 5009 63 5099 7 5111 4 5120 8 5131 23 5223 22 5264 64 5357 4 5366 5 5376 35 5479 22 5520 53 5620 8 5632 34 5735 22 5775 54 5876 8 5888 33 5992 21 6031 44 6079 7 6132 8 6144 32 6248 19 6287 42 6336 7 6388 8 6400 31 6505 17 6543 44 6594 3 6645 5 6656 31 6763 14 6799 44 6852 1 6903 2 6912 31 6995 2 7022 10 7056 43 7168 31 7251 1 7281 4 7313 42 7424 13 7438 17 7571 40 7627 2 7680 31 7828 39 7881 6 7936 31 8085 39 8136 11 8192 31 8342 38 8392 11 8448 30 8599 37 8647 14 8704 29 8857 6 8866 25 8903 14 8960 29 9126 21 9159 14 9216 28 9383 20 9415 14 9472 25 9534 2 9555 4 9639 20 9672 12 9727 24 9789 16 9810 6 9896 19 9929 10 9982 21 10043 36 10153 18 10187 6 10235 24 10297 38 10410 17 10491 23 10551 42 10666 17 10748 22 10807 43 10923 16 11005 21 11062 45 11179 6 11187 3 11261 21 11318 45 11435 5 11518 21 11574 45 11691 4 11775 20 11830 45 11948 2 12031 20 12085 44 12288 20 12341 43 12544 19 12595 44 12668 6 12800 19 12850 44 12923 8 13058 17 13105 44 13178 13 13315 15 13361 44 13433 22 13571 14 13616 44 13680 3 13687 26 13799 6 13827 14 13872 43 13918 1 13935 35 14055 8 14082 14 14127 48 14190 37 14310 12 14337 14 14383 50 14445 39 14565 16 14593 14 14637 54 14699 42 14821 18 14849 14 14893 54 14953 44 14999 4 15077 20 15105 15 15148 113 15300 7 15331 23 15361 15 15404 113 15555 8 15575 1 15587 23 15618 11 15659 114 15809 11 15829 4 15843 24 15875 10 15915 114 16064 13 16085 4 16099 24 16130 3 16144 1 16171 114 16317 17 16340 6 16355 25 16386 3 16399 3 16427 114 16573 18 16595 7 16611 26 16642 3 16655 4 16684 113 16809 3 16818 31 16851 8 16867 26 16897 4 16911 5 16942 111 17065 52 17122 27 17152 10 17167 5 17199 111 17319 86 17408 10 17424 4 17456 110 17575 86 17664 10 17681 4 17713 50 17769 54 17830 87 17920 10 17938 3 17970 48 18027 53 18085 88 18176 9 18193 3 18225 48 18285 53 18341 88 18432 9 18448 4 18479 50 18541 144 18688 9 18705 2 18733 52 18797 144 18944 9 18987 54 19052 146 19200 10 19241 56 19307 148 19456 10 19497 56 19561 150 19712 10 19751 58 19815 163 20007 58 20070 164 20261 62 20324 141 20469 8 20480 10 20515 206 20726 5 20737 8 20771 182 20955 20 20983 2 20995 6 21027 182 21211 19 21283 180 21468 16 21539 180 21724 16 21795 180 21981 12 22025 3 22051 131 22184 47 22238 9 22253 3 22277 8 22307 131 22441 45 22494 5 22509 12 22533 9 22563 131 22697 45 22751 2 22765 13 22789 10 22819 131 22953 44 23007 1 23021 14 23045 10 23076 130 23209 44 23275 17 23301 10 23332 130 23464 43 23530 19 23556 10 23588 173 23785 21 23811 10 23843 172 24039 24 24067 9 24099 171 24295 24 24322 9 24355 170 24549 26 24577 10 24611 170 24805 26 24833 10 24867 170 25056 31 25090 9 25124 168 25309 35 25346 10 25365 6 25380 69 25453 94 25563 37 25603 9 25619 9 25636 68 25709 94 25819 37 25859 9 25871 14 25893 46 25943 16 25967 66 26038 21 26073 39 26116 8 26127 14 26150 45 26201 13 26224 65 26295 20 26329 39 26373 3 26380 17 26405 44 26459 8 26482 62 26549 21 26584 40 26636 17 26661 43 26739 61 26805 21 26840 39 26891 20 26916 43 26997 58 27059 22 27096 35 27146 22 27170 45 27253 59 27314 23 27351 34 27398 63 27463 3 27510 83 27607 32 27654 63 27765 84 27863 32 27911 60 28021 84 28119 31 28167 58 28277 84 28375 30 28423 57 28534 82 28631 28 28680 55 28769 2 28791 81 28886 29 28936 51 29025 1 29047 80 29142 28 29192 50 29304 54 29361 21 29397 28 29448 49 29561 28 29594 19 29625 11 29653 27 29704 49 29819 26 29851 16 29882 9 29909 26 29960 49 30016 1 30077 14 30111 2 30140 7 30157 4 30165 26 30216 49 30272 1 30335 11 30398 2 30413 5 30422 25 30472 51 30595 6 30667 9 30678 25 30717 3 30728 53 30852 4 30923 10 30935 24 30972 5 30984 54 31177 12 31192 23 31227 10 31239 56 31433 13 31448 22 31483 73 31688 14 31705 19 31738 75 31944 14 31962 17 31993 81 32201 14 32218 15 32248 82 32352 3 32457 14 32474 15 32503 82 32608 3 32713 14 32730 15 32759 80 32864 3 32970 30 33015 78 33115 2 33120 2 33227 28 33271 78 33365 3 33371 2 33484 13 33499 11 33528 64 33593 9 33619 10 33637 4 33743 10 33757 8 33785 61 33850 7 33875 10 33893 5 33999 9 34013 7 34041 7 34049 53 34131 9 34149 6 34257 5 34298 6 34305 53 34387 8 34406 5 34513 3 34555 5 34561 54 34643 8 34661 8 34811 60 34900 7 34917 8 35067 61 35142 4 35157 6 35173 10 35323 61 35397 4 35413 6 35429 10 35579 5 35590 51 35651 6 35668 9 35679 2 35684 12 35710 1 35834 6 35847 50 35907 5 35924 14 35940 12 35965 3 36090 6 36103 50 36161 6 36182 27 36219 7 36359 50 36417 6 36439 26 36475 9 36615 50 36673 5 36711 10 36730 14 36871 49 36929 4 36968 9 36985 16 37127 49 37225 8 37239 20 37384 48 37481 8 37490 25 37641 48 37737 5 37744 28 37792 11 37898 47 37993 4 38001 28 38046 13 38155 23 38183 18 38259 27 38300 16 38327 7 38413 20 38441 15 38515 28 38555 17 38583 8 38678 10 38700 12 38772 31 38810 19 38837 15 38935 9 38957 10 39028 33 39065 21 39093 16 39194 5 39213 7 39285 58 39348 19 39451 2 39471 3 39541 82 39797 82 40053 82 40248 14 40309 82 40503 16 40564 83 40758 19 40819 56 40879 24 41013 21 41075 56 41135 24 41210 1 41215 1 41269 23 41331 54 41391 23 41465 7 41524 24 41587 54 41647 24 41721 7 41779 25 41843 54 41904 23 41928 10 41977 7 42035 25 42099 54 42160 35 42233 7 42291 25 42355 53 42416 35 42489 7 42547 25 42612 52 42672 36 42723 9 42745 7 42804 23 42869 50 42928 37 42976 17 43001 7 43061 21 43125 48 43185 36 43231 18 43257 7 43320 18 43383 44 43442 36 43481 24 43513 9 43577 16 43640 43 43698 36 43737 25 43768 15 43835 14 43883 2 43897 42 43955 36 43992 27 44024 15 44092 11 44137 5 44154 41 44211 64 44280 17 44348 10 44392 7 44411 40 44468 63 44536 17 44605 8 44647 8 44667 6 44675 32 44725 62 44792 18 44902 11 44933 4 44938 25 44981 61 45049 17 45157 20 45190 2 45194 15 45210 9 45237 60 45305 17 45409 25 45450 13 45467 7 45492 60 45568 10 45646 5 45665 26 45706 14 45724 6 45748 57 45824 10 45897 12 45920 29 45963 13 46004 55 46080 9 46152 13 46175 30 46221 11 46259 56 46336 9 46408 14 46428 35 46473 15 46517 28 46550 21 46592 9 46664 14 46683 36 46729 15 46773 27 46807 20 46848 8 46919 57 46985 4 46993 6 47031 24 47068 13 47104 7 47176 56 47241 3 47251 4 47289 21 47332 3 47360 7 47432 56 47497 2 47547 18 47616 7 47688 55 47753 2 47803 18 47872 6 47945 54 48008 4 48061 16 48128 5 48202 51 48264 4 48317 16 48384 5 48459 50 48520 4 48575 12 48640 5 48716 49 48777 2 48832 9 48896 5 48972 49 49033 1 49152 5 49221 3 49227 49 49408 4 49475 56 49664 4 49731 56 49920 5 49983 60 50176 5 50236 63 50432 5 50493 62 50688 6 50749 62 50911 4 50944 7 50956 7 51005 66 51166 6 51200 7 51211 10 51260 71 51423 5 51456 8 51465 15 51513 77 51679 6 51711 27 51769 78 51935 6 51967 32 52021 82 52191 6 52223 33 52275 85 52447 6 52479 34 52529 87 52705 3 52735 34 52784 88 52961 2 52991 34 53038 90 53248 33 53294 89 53504 33 53550 89 53761 32 53805 89 54018 32 54061 88 54275 31 54317 88 54530 32 54573 88 54786 32 54828 90 55041 33 55084 91 55297 33 55340 93 55553 34 55596 95 55809 34 55852 95 56065 37 56108 97 56322 38 56364 97 56577 140 56833 140 57088 141 57344 141 57600 141 57856 141 58112 141 58270 15 58342 7 58368 37 58407 101 58524 17 58591 16 58624 137 58776 22 58845 19 58880 137 59031 23 59100 21 59136 135 59285 25 59355 22 59392 135 59541 25 59609 24 59648 136 59797 25 59863 26 59904 137 60053 25 60118 27 60160 138 60308 25 60373 28 60416 138 60564 25 60629 27 60672 140 60819 25 60884 27 60928 141 61075 25 61139 28 61184 142 61331 24 61395 27 61440 143 61588 22 61651 27 61696 143 61845 19 61907 27 61952 143 62101 18 62163 27 62208 143 62359 15 62418 29 62464 143 62615 14 62674 29 62720 144 62872 11 62929 30 62976 145 63129 9 63185 30 63232 147 63387 4 63441 31 63488 54 63548 87 63697 32 63744 49 63794 3 63809 83 63953 33 64000 48 64051 1 64069 80 64209 34 64256 47 64324 78 64465 34 64512 47 64566 1 64580 77 64722 34 64768 46 64822 5 64835 78 64979 33 65024 46 65079 6 65091 76 65235 34 65280 45 65335 87 65491 34
271746,4268 1 8431 4 8687 4 8943 4 9198 5 9453 6 9709 6 9965 6 10221 8 10477 9 10734 8 10991 8 11248 7 11504 7 11761 4 12018 3 12527 1 12779 8 13034 9 13288 12 13543 13 13799 13 14055 13 14311 13 14568 12 14825 11 15081 10 15337 10 15593 10 15850 7 16107 6 21248 3 21504 3 21760 4 22016 5 22272 4 22528 3 22784 2 23040 1 29924 1 30179 7 30435 8 30690 9 30946 9 31202 9 31459 8 31715 8 31972 7 42743 4 42998 6 43253 7 43509 7 43765 6 44021 4 44277 4 45543 5 45799 6 46054 9 46310 9 46565 11 46821 12 47063 9 47075 13 47318 11 47331 13 47360 3 47573 26 47616 5 47829 26 47872 5 48081 2 48089 20 48128 5 48337 2 48345 20 48384 5 48602 7 48615 4 48640 5 48804 3 48858 7 48896 5 49060 4 49115 5 49152 4 49316 4 49371 4 49408 3 49573 3 49628 1 49664 2 49828 4 49963 1 50084 4 50133 6 50217 6 50339 5 50388 7 50473 8 50596 2 50643 8 50729 9 50857 1 50899 8 50985 10 51113 1 51155 8 51241 10 51369 1 51411 8 51497 10 51625 1 51667 8 51753 10 51881 1 51924 7 52010 8 52137 1 52266 8 52393 1 52524 5 52783 2 53246 2 53501 3 53754 6 54009 7 54263 9 54518 10 54773 11 55028 12 55283 13 55539 13 55795 13 56051 13 56307 13 56563 13 56820 12 57077 11 57335 9 57593 7 57673 2 57929 2 58368 3 58624 9 58880 10 59136 11 59392 11 59648 12 59904 12 60160 12 60416 12 60672 12 60841 4 60928 12 61097 4 61184 11 61352 9 61381 3 61440 11 61608 10 61636 5 61696 11 61863 12 61885 14 61952 10 62119 12 62140 15 62208 9 62374 14 62396 15 62464 9 62629 16 62652 15 62720 7 62885 16 62909 14 63142 15 63165 14 63399 14 63422 13 63655 14 63678 12 63912 11 63935 10 64168 9 64193 7 64425 4 64932 3 65188 3 65425 2 65443 5
274444,0 54272 54273 255 54529 255 54786 254 55045 251 55301 251 55559 249 55816 248 56073 247 56329 247 56586 246 56842 246 57090 2 57099 245 57346 2 57355 245 57603 2 57613 243 57859 2 57871 241 58117 1 58127 241 58373 1 58383 241 58629 2 58639 241 58884 7 58896 240 59140 7 59153 239 59396 7 59410 238 59652 8 59667 237 59908 8 59923 237 60164 7 60180 236 60420 7 60436 236 60677 5 60693 235 60933 4 60949 235 61189 2 61205 235 61461 235 61717 235 61972 236 62227 237 62483 240 62739 241 62995 242 63251 242 63507 242 63763 242 64020 242 64277 241 64534 240 64790 241 65045 243 65295 241
280079,0 65536
283388,14 223 270 224 526 224 782 225 1015 2 1038 227 1271 3 1295 229 1525 6 1551 236 1807 232 2041 2 2063 232 2298 1 2321 230 2577 230 2835 232 3071 1 3093 231 3327 1 3357 8 3368 216 3613 8 3625 215 3881 215 4137 215 4394 214 4651 213 4907 80 4991 129 5163 79 5248 128 5420 74 5505 127 5677 72 5762 126 5933 72 6019 125 6189 71 6275 125 6417 9 6445 70 6531 125 6671 13 6702 33 6742 29 6788 124 6927 22 6961 29 7001 24 7045 123 7183 23 7218 29 7257 23 7301 123 7437 26 7474 29 7514 17 7557 106 7667 13 7693 27 7730 29 7770 16 7813 104 7922 14 7945 31 7985 30 8027 14 8071 100 8177 15 8200 32 8241 30 8283 13 8328 99 8433 15 8453 36 8493 34 8541 8 8587 93 8690 14 8708 39 8749 34 8844 91 8946 14 8963 76 9101 88 9204 12 9218 77 9357 87 9461 11 9473 78 9614 84 9721 7 9729 78 9871 82 9978 6 9985 80 10093 5 10128 79 10237 3 10241 80 10349 6 10385 77 10494 2 10498 8 10508 69 10604 7 10640 77 10751 1 10755 4 10766 67 10860 7 10895 77 11025 64 11116 13 11151 76 11282 62 11373 13 11406 77 11539 10 11553 44 11630 13 11662 75 11795 9 11809 39 11889 10 11918 74 12032 1 12051 9 12069 34 12147 12 12176 6 12185 62 12288 2 12307 8 12327 32 12403 14 12444 57 12544 6 12563 8 12585 7 12596 18 12659 14 12701 54 12800 7 12821 6 12843 2 12853 16 12915 14 12957 52 13056 9 13109 15 13172 13 13213 44 13261 3 13312 9 13365 14 13429 12 13469 42 13568 9 13621 12 13685 12 13726 37 13824 10 13877 11 13942 11 13982 37 14069 4 14080 10 14135 5 14199 10 14239 37 14323 9 14336 10 14455 10 14495 39 14578 11 14592 10 14711 9 14753 43 14834 12 14848 10 14967 9 15011 42 15065 2 15089 14 15104 9 15224 7 15279 32 15318 6 15345 14 15360 9 15479 8 15541 8 15551 17 15573 8 15601 14 15616 7 15733 10 15798 4 15808 32 15857 14 15872 7 15989 10 16054 3 16064 33 16113 14 16128 7 16171 4 16245 11 16309 6 16319 35 16369 22 16427 4 16501 12 16565 6 16575 36 16625 22 16682 6 16757 12 16819 48 16881 21 16937 8 17013 13 17075 48 17137 20 17193 8 17269 13 17331 49 17393 6 17404 9 17449 8 17525 14 17587 50 17649 6 17661 6 17705 7 17780 15 17843 50 17919 1 17962 6 18036 15 18099 50 18292 15 18355 50 18548 15 18612 49 18805 14 18831 6 18869 48 19061 14 19087 6 19126 47 19317 14 19342 8 19385 4 19394 35 19574 12 19598 11 19651 35 19831 11 19854 17 19909 33 20087 11 20110 17 20167 31 20344 9 20365 21 20422 32 20601 6 20621 22 20677 33 20877 22 20933 33 21133 23 21164 2 21188 34 21389 24 21418 6 21444 35 21645 24 21674 7 21700 35 21901 25 21929 9 21955 38 22157 25 22185 10 22211 38 22413 26 22440 11 22467 39 22583 2 22671 36 22723 40 22838 5 22928 35 22980 39 23093 8 23185 24 23210 9 23237 38 23349 8 23445 20 23467 8 23493 38 23605 8 23701 19 23723 8 23749 38 23862 7 23961 13 24005 38 24118 7 24225 3 24261 37 24375 6 24518 36 24632 5 24775 35 25032 34 25288 34 25545 33 25801 33 25859 6 26058 31 26113 10 26315 30 26368 13 26573 27 26624 14 26831 24 26880 15 27089 21 27136 15 27170 5 27346 19 27392 15 27424 8 27605 16 27648 15 27679 10 27861 15 27904 15 27934 11 28119 13 28160 15 28189 13 28377 10 28416 17 28445 13 28595 4 28635 6 28672 19 28702 12 28850 6 28928 20 28958 12 29105 8 29184 20 29215 11 29360 9 29440 21 29471 11 29615 10 29696 21 29728 9 29871 10 29952 21 29987 1 30126 11 30208 22 30382 11 30464 23 30638 11 30720 23 30894 10 30976 24 31151 8 31234 22 31407 7 31493 7 31505 8 31763 6 32021 5 32277 6 32533 6 32789 6 33045 6 33301 6 33558 5 33815 3 38309 5 38539 4 38562 9 38795 6 38813 14 38849 2 39050 9 39067 17 39105 4 39305 14 39322 18 39360 5 39562 15 39578 19 39616 5 39819 38 39871 6 40075 40 40126 7 40332 41 40383 6 40588 42 40639 6 40843 44 40895 6 41099 46 41151 7 41353 50 41407 7 41609 52 41663 8 41863 56 41920 7 42118 57 42177 6 42373 65 42629 65 42697 1 42885 69 43141 69 43233 4 43397 68 43487 13 43650 69 43743 14 43902 71 43998 17 44157 72 44253 18 44412 72 44509 18 44667 72 44765 19 44923 72 45021 19 45179 72 45277 19 45436 70 45533 19 45589 2 45693 68 45789 19 45843 6 45949 68 46046 17 46098 7 46205 68 46302 16 46353 8 46461 68 46559 12 46609 8 46716 68 46815 9 46865 8 46971 69 47071 5 47121 7 47227 69 47329 2 47378 3 47482 71 47555 3 47561 9 47738 89 47994 91 48250 68 48319 22 48505 93 48761 94 49016 97 49272 98 49528 99 49784 100 50041 100 50297 100 50552 103 50659 4 50808 105 50914 7 51063 116 51318 117 51573 118 51829 118 52085 120 52341 120 52597 120 52854 119 53113 116 53372 113 53629 112 53886 111 54143 110 54399 110 54656 108 54913 107 55171 104 55429 102 55687 10 55710 76 55944 6 55969 73 56226 73 56483 72 56738 75 56817 5 56859 2 56993 86 57112 9 57249 87 57367 12 57505 88 57623 14 57761 89 57879 14 58017 89 58133 16 58273 89 58388 17 58530 88 58643 18 58787 88 58899 18 59044 87 59154 19 59303 84 59410 18 59565 80 59666 17 59823 79 59922 17 60080 79 60178 17 60337 79 60434 16 60594 78 60691 14 60719 8 60851 77 60947 14 60974 9 61108 76 61205 10 61228 12 61366 74 61461 10 61484 13 61623 73 61739 14 61880 72 61995 15 62137 71 62251 15 62395 69 62507 15 62535 2 62652 68 62763 15 62789 7 62911 65 63019 16 63045 7 63169 63 63275 16 63293 2 63300 9 63426 62 63531 34 63681 63 63788 33 63937 63 64044 33 64193 63 64300 34 64449 63 64556 35 64705 63 64813 34 64961 63 65069 34 65217 63 65330 29 65475 61
283877,208 11 238 18 465 8 495 17 721 8 751 17 979 3 1008 16 1265 15 1522 14 1779 13 1985 4 2035 13 2241 4 2291 13 2496 6 2548 12 2751 7 2805 11 3007 7 3061 11 3264 5 3318 10 3521 4 3576 8 3832 8 4088 8 4344 8 4601 7 4857 7 5114 6 5372 4 5631 1 22272 4 22528 5 22784 5 23040 5 23296 6 23552 7 23808 7 24064 7 24320 7 24576 7 24832 6 25033 4 25088 5 25289 4 25545 5 25801 5 26057 4 26313 4 31132 1 31385 7 31599 6 31639 10 31853 10 31895 10 32107 13 32150 13 32362 15 32405 14 32617 18 32661 15 32872 19 32916 17 33127 20 33171 19 33383 21 33427 22 33637 24 33683 25 33893 24 33939 28 34148 26 34195 30 34403 27 34452 29 34659 27 34707 32 34772 4 34915 28 34963 32 35027 6 35171 28 35219 32 35281 9 35427 28 35475 32 35537 10 35683 28 35731 33 35791 12 35939 28 35987 33 36047 12 36194 29 36242 38 36303 12 36450 28 36498 39 36559 12 36705 28 36753 42 36815 11 36961 27 37009 42 37071 10 37218 23 37265 42 37327 10 37475 22 37521 42 37584 9 37732 18 37777 43 37840 8 37989 16 38033 43 38097 6 38251 7 38289 44 38546 43 38802 44 39058 43 39315 42 39571 42 39827 6 39841 26 40083 5 40098 25 40354 24 40611 22 40867 9 40880 7 41122 9 41378 9 41635 8 41891 6 42148 4 43019 1 43273 6 43422 3 43529 6 43657 2 43677 5 43783 8 43913 4 43933 5 44039 8 44168 5 44189 6 44295 8 44425 4 44445 5 44551 7 44681 4 44701 5 44807 6 44958 2 46030 3 46285 5 46538 9 46793 10 47044 16 47299 17 47550 23 47602 6 47805 24 47857 8 48059 25 48109 16 48314 26 48365 18 48569 26 48620 20 48825 26 48876 20 49080 27 49132 20 49336 27 49389 19 49593 26 49645 19 49849 26 49901 19 50107 24 50158 18 50323 2 50363 23 50414 18 50577 4 50620 20 50671 17 50832 5 50876 19 50927 17 51087 5 51133 16 51184 16 51337 5 51343 4 51389 15 51439 17 51591 8 51645 14 51695 17 51847 8 51901 12 51951 17 52103 8 52114 3 52159 8 52207 17 52359 7 52369 9 52415 6 52463 17 52622 15 52718 18 52878 16 52974 18 53134 17 53230 17 53389 20 53487 14 53645 22 53744 9 53901 23 54001 8 54156 25 54259 4 54412 25 54516 1 54668 26 54925 25 55181 25 55437 25 55693 26 55949 26 56205 26 56462 25 56719 22 56975 20 57143 6 57235 6 57398 7 57652 11 57907 13 58163 14 58419 20 58675 22 58931 22 59187 23 59443 24 59700 24 59956 24 60212 25 60467 26 60671 1 60723 26 60979 26 61234 28 61271 6 61490 28 61523 11 61745 46 62001 46 62257 47 62513 48 62769 48 63025 48 63281 26 63311 19 63537 26 63567 19 63793 18 63815 3 63823 18 64049 18 64079 18 64305 16 64337 16 64561 14 64593 15 64818 13 64850 13 65074 11 65106 13 65331 8 65363 12
291134,0 65536
293458,148 42 405 40 661 40 918 39 1173 40 1429 39 1685 39 1939 40 2096 1 2195 22 2218 16 2448 25 2475 11 2597 2 2697 32 2731 8 2853 5 2951 42 3109 6 3207 42 3364 9 3454 51 3620 9 3709 52 3876 9 3956 62 4132 9 4185 1 4211 64 4389 7 4439 6 4466 65 4645 6 4695 6 4722 65 4903 2 4926 6 4949 9 4977 66 5181 8 5205 9 5233 66 5375 1 5437 8 5461 9 5489 11 5506 50 5630 2 5692 9 5716 10 5745 11 5761 53 5869 3 5886 2 5947 10 5971 10 6002 12 6015 60 6119 12 6143 1 6189 2 6202 11 6227 10 6258 73 6375 12 6457 13 6481 12 6514 74 6631 12 6713 14 6737 12 6771 73 6886 13 6903 2 6968 16 6991 14 7027 74 7142 12 7158 10 7223 18 7245 16 7283 74 7399 10 7413 11 7479 38 7539 74 7656 3 7669 11 7735 38 7795 75 7923 13 7991 38 8051 75 8177 15 8247 38 8307 75 8430 18 8503 38 8562 77 8684 20 8760 37 8818 77 8939 21 9017 37 9073 21 9095 56 9195 21 9273 40 9329 20 9352 54 9450 22 9529 42 9584 21 9610 51 9705 23 9785 42 9840 20 9867 48 9960 24 10040 45 10096 19 10131 32 10211 29 10296 45 10353 18 10389 22 10413 5 10466 30 10553 45 10609 18 10652 11 10721 31 10809 45 10866 16 10910 7 10976 32 11067 44 11122 15 11231 33 11323 44 11376 17 11487 33 11580 45 11629 20 11743 33 11836 45 11882 23 11999 33 12093 42 12138 23 12254 34 12349 42 12394 23 12510 34 12606 39 12650 23 12765 35 12863 38 12906 23 13021 35 13087 4 13098 3 13119 37 13161 24 13209 4 13254 2 13278 34 13342 7 13351 12 13375 37 13417 25 13465 4 13510 1 13534 34 13587 5 13594 28 13633 36 13672 19 13696 3 13721 4 13791 33 13842 37 13891 2 13895 29 13928 17 13952 3 13977 4 14017 4 14047 33 14098 37 14151 29 14183 18 14209 5 14272 5 14305 31 14354 38 14407 28 14439 16 14465 8 14527 6 14561 31 14610 38 14665 25 14695 15 14721 12 14783 6 14804 7 14818 30 14866 38 14921 24 14951 14 14977 12 15039 6 15059 9 15074 30 15122 39 15181 18 15209 10 15233 12 15295 5 15313 13 15331 29 15378 39 15445 8 15465 10 15489 12 15551 5 15569 14 15587 29 15635 20 15660 14 15721 10 15743 14 15808 3 15822 20 15848 24 15891 16 15917 14 15977 9 15999 14 16077 22 16105 23 16147 14 16174 13 16233 7 16251 18 16330 27 16365 19 16403 13 16431 13 16490 5 16506 19 16585 28 16621 19 16659 13 16689 11 16747 2 16761 19 16835 36 16877 19 16915 13 16946 11 17017 18 17091 36 17133 19 17172 12 17204 9 17273 16 17347 61 17429 10 17461 8 17529 14 17602 62 17686 9 17719 6 17787 5 17858 62 17943 8 17975 6 18043 3 18114 62 18369 63 18623 65 18878 66 19133 67 19389 64 19644 63 19899 62 20155 62 20411 61 20667 60 20923 61 21179 61 21279 4 21436 61 21534 6 21693 60 21788 9 21950 59 22043 11 22207 58 22300 10 22463 58 22556 9 22719 58 22813 7 22975 57 23070 3 23231 57 23488 55 23745 54 24001 54 24184 4 24259 51 24438 7 24515 50 24693 9 24772 49 24940 18 25029 46 25195 19 25285 46 25450 20 25542 43 25705 22 25799 41 25955 30 26057 36 26210 31 26314 33 26465 34 26571 23 26720 35 26827 17 26975 36 27083 15 27231 37 27340 11 27486 39 27597 6 27742 39 27855 3 27997 41 28253 42 28509 42 28765 42 29021 42 29277 42 29533 43 29789 43 30045 42 30301 42 30557 43 30813 43 31071 41 31327 41 31571 4 31585 39 31827 6 31841 38 32080 55 32335 55 32589 55 32844 54 33099 24 33139 10 33355 24 33395 9 33611 24 33653 3 33867 23 34125 20 34382 18 34641 10 34652 3 34898 9 34910 1 35155 7 35411 6
295041, 
303895,0 33536 33537 255 33803 245 34065 239 34323 237 34587 229 34847 225 35108 220 35367 217 35626 214 35885 211 36148 204 36406 202 36669 195 36927 193 37191 185 37450 182 37710 178 37970 174 38232 168 38492 164 38754 158 39011 157 39273 151 39533 147 39797 139 40055 137 40317 131 40577 127 40839 121 41097 119 41360 112 41619 109 41884 100 42143 97 42404 92 42667 85 42927 81 43187 77 43448 72 43705 71 43965 67 44225 63 44487 57 44745 55 45009 47 45267 45 45531 37 45789 35 46052 28 46311 25 46571 21 46830 18 47090 14 47350 10 47611 5 47867 5 48125 3 48382 2 48639 1
304629,0 15098 15099 4 15104 249 15360 250 15616 241 15861 252 16118 250 16377 247 16633 248 16889 248 17145 248 17401 248 17657 248 17913 5 17920 240 18169 4 18176 236 18425 3 18432 236 18681 3 18688 235 18937 2 18944 234 19193 2 19200 231 19441 1 19449 2 19456 231 19706 1 19712 231 19968 229 20224 228 20480 228 20736 227 20992 226 21248 223 21477 4 21504 223 21733 3 21760 222 21988 3 22016 222 22243 3 22272 221 22499 4 22516 7 22528 221 22755 4 22766 2 22771 9 22784 220 23012 3 23021 16 23040 220 23277 16 23296 220 23527 1 23532 17 23552 224 23783 1 23787 18 23808 225 24040 21 24064 226 24296 21 24320 254 24576 1019 25600 251 25856 251 26112 251 26368 251 26623 252 26879 252 27134 18925 46064 251 46321 250 46577 250 46833 249 47090 8 47099 239 47345 9 47355 238 47601 9 47615 234 47856 9 47872 13 47889 216 48109 1 48112 8 48128 12 48145 216 48364 3 48368 8 48384 11 48401 216 48624 4 48640 10 48657 216 48881 2 48896 10 48913 216 49138 1 49152 10 49169 216 49408 10 49425 218 49664 10 49680 219 49920 11 49936 218 50176 11 50191 219 50432 12 50447 219 50688 13 50703 219 50944 234 51188 2 51200 234 51443 4 51456 233 51699 6 51712 233 51955 6 51968 233 52211 4 52224 231 52467 4 52480 231 52722 5 52736 230 52978 8 52992 229 53235 8 53248 229 53478 1 53491 8 53504 232 53747 8 53760 232 54004 7 54016 228 54247 1 54260 7 54272 228 54516 3 54520 3 54528 227 54777 2 54784 227 55040 226 55296 227 55552 228 55808 229 56064 229 56320 229 56576 227 56832 226 57088 225 57343 226 57600 226 57856 227 58112 227 58368 227 58624 227 58880 226 59136 225 59364 4 59392 225 59620 5 59648 222 59876 7 59903 222 60133 6 60157 223 60390 7 60411 224 60647 8 60666 224 60903 13 60919 227 61160 242 61417 241 61675 240 61932 239 62189 238 62446 237 62703 235 62960 234 63199 1 63216 233 63455 9 63473 232 63710 11 63729 233 63965 12 63985 233 64221 13 64240 1296
305222,0 65536
308936,0 65536
315120,0 8393 8395 256 8654 254 8911 254 9168 56368
317877,1573 1 1825 9 2080 10 2335 14 2591 18 2846 21 3102 21 3358 22 3614 22 3871 20 4127 20 4384 15 4643 1 6950 5 7205 6 7460 7 7716 8 7971 11 8226 15 8481 20 8737 20 8992 22 9247 23 9503 22 9759 22 10015 23 10270 24 10525 26 10781 26 11037 27 11293 27 11549 27 11805 26 12063 24 12319 24 12575 24 12831 25 13085 28 13341 28 13596 31 13852 31 14109 31 14365 31 14623 29 14884 23 15142 21 15399 19 15657 16 15914 15 16172 11 16431 6 16516 3 16771 5 17026 6 17281 8 17537 8 17793 8 18049 8 18307 4 19520 1 19775 4 19783 4 19808 5 19910 4 20031 4 20037 8 20054 1 20063 6 20165 6 20284 19 20308 3 20317 10 20422 5 20539 44 20678 5 20792 48 20935 3 21040 2 21047 50 21295 58 21550 59 21805 61 22061 61 22318 59 22576 57 22833 56 23089 55 23345 53 23601 53 23807 1 23858 51 24060 4 24115 50 24315 5 24372 49 24564 2 24570 6 24629 48 24818 14 24887 46 25073 16 25143 46 25329 19 25400 45 25584 20 25656 45 25841 20 25913 43 26097 12 26112 5 26170 42 26313 3 26353 12 26368 5 26427 41 26569 4 26609 10 26624 5 26684 40 26825 4 26865 10 26880 4 26940 41 27122 7 27136 3 27195 42 27379 6 27392 2 27451 42 27648 1 27708 41 27970 4 27977 28 28227 1 28233 28 28489 27 28744 27 28999 23 29253 24 29508 25 29764 25 30019 26 30063 6 30275 27 30317 9 30531 30 30569 15 30787 31 30825 16 31043 32 31079 20 31299 35 31335 20 31553 58 31809 59 32063 62 32319 62 32575 62 32831 62 33087 62 33343 22 33367 38 33600 18 33623 39 33856 15 33879 39 34114 3 34135 40 34391 40 34647 40 34903 40 35159 39 35414 40 35669 41 35925 40 36181 41 36437 41 36693 42 36749 5 36949 43 37003 8 37205 62 37461 63 37717 63 37973 64 38228 66 38482 68 38734 73 38989 75 39244 77 39441 4 39500 78 39692 11 39756 80 39947 12 40012 81 40203 12 40270 79 40459 11 40529 77 40716 9 40787 75 40972 9 41043 76 41228 7 41299 77 41484 7 41557 75 41739 6 41814 74 41995 5 42070 75 42251 4 42318 3 42326 74 42507 4 42573 6 42581 74 42828 83 43083 84 43337 84 43593 84 43848 84 44103 85 44285 3 44359 12 44372 71 44536 8 44615 12 44629 70 44790 10 44871 12 44887 69 44964 6 45043 13 45127 86 45219 8 45291 6 45299 13 45383 89 45474 11 45545 23 45639 102 45801 23 45895 103 46055 25 46152 102 46311 25 46409 102 46567 25 46665 103 46822 26 46922 103 47078 26 47178 103 47334 26 47435 34 47471 68 47589 27 47691 34 47727 68 47845 27 47947 32 47983 68 48101 27 48203 32 48239 68 48356 28 48460 30 48495 70 48612 28 48717 28 48751 72 48869 27 48973 28 49007 74 49125 27 49229 28 49263 75 49381 10 49392 16 49486 27 49520 76 49615 4 49640 5 49649 14 49743 26 49776 78 49871 6 49897 2 49905 13 49999 27 50031 83 50125 12 50163 7 50255 27 50287 84 50377 2 50381 13 50419 5 50512 27 50542 111 50657 4 50769 26 50797 121 51025 25 51053 122 51282 23 51309 123 51539 22 51566 67 51634 55 51795 22 51822 67 51891 54 52050 23 52078 65 52147 55 52306 23 52334 65 52403 55 52561 24 52590 64 52659 56 52817 24 52846 64 52915 57 53073 24 53101 65 53171 58 53328 25 53357 66 53428 58 53584 25 53613 68 53685 58 53840 25 53869 70 53941 58 54096 25 54126 69 54201 54 54352 25 54382 69 54458 53 54608 25 54639 69 54714 52 54864 25 54895 69 54969 53 55121 25 55151 69 55224 53 55377 25 55408 68 55480 53 55633 25 55665 66 55735 53 55814 3 55889 25 55921 66 55991 53 56064 12 56143 27 56177 66 56246 53 56320 13 56399 27 56433 64 56502 53 56576 13 56653 29 56688 65 56758 51 56832 13 56909 30 56943 67 57015 50 57088 12 57164 103 57271 47 57344 12 57420 103 57527 46 57600 11 57676 32 57709 70 57783 44 57856 11 57932 104 58039 42 58112 10 58189 146 58368 10 58445 145 58624 10 58701 143 58880 10 58957 142 59136 9 59214 141 59392 9 59470 141 59648 9 59727 139 59904 9 59983 106 60090 32 60160 10 60239 104 60347 30 60416 10 60494 105 60603 30 60672 9 60751 103 60860 30 60928 9 61007 103 61117 30 61184 9 61263 7 61271 28 61300 37 61341 25 61375 4 61384 20 61440 8 61519 36 61556 36 61598 24 61643 17 61696 5 61777 16 61800 14 61815 31 61856 23 61903 14 61952 5 62033 16 62057 4 62064 5 62071 30 62113 22 62161 12 62288 16 62329 27 62371 20 62418 7 62544 16 62585 27 62627 20 62675 5 62801 16 62842 28 62873 1 62883 20 63057 16 63098 32 63140 19 63313 17 63353 34 63397 17 63569 18 63609 34 63653 17 63825 18 63865 34 63911 14 64067 2 64081 18 64121 34 64167 14 64320 7 64336 19 64357 7 64377 34 64428 7 64575 8 64591 20 64613 8 64633 34 64689 1 64831 10 64847 20 64869 8 64889 21 64911 12 65087 10 65104 19 65125 8 65145 19 65169 10 65343 11 65361 16 65381 8 65403 16 65426 9
326172,0 65536
331069,26 22 62 59 126 7 144 8 159 20 186 70 281 22 317 60 403 2 419 16 443 69 537 22 573 60 675 16 699 47 747 21 791 23 829 60 932 14 955 69 1047 22 1085 60 1189 13 1211 69 1302 20 1342 58 1453 6 1466 53 1523 13 1558 20 1599 57 1709 6 1722 70 1813 21 1856 57 1926 4 1967 68 2039 2 2043 5 2069 21 2113 56 2181 6 2223 68 2299 5 2324 23 2370 57 2433 12 2477 74 2555 5 2579 25 2610 1 2626 57 2687 15 2733 75 2812 4 2823 5 2835 35 2883 78 2989 76 3069 4 3077 8 3090 38 3139 79 3244 76 3326 18 3345 43 3396 11 3415 60 3499 70 3584 61 3652 9 3672 59 3754 71 3831 1 3840 74 3929 59 4009 70 4087 1 4096 73 4186 58 4265 70 4343 3 4352 74 4442 58 4521 72 4599 8 4608 75 4698 58 4777 72 4855 55 4913 29 4943 3 4954 59 5032 76 5109 56 5169 36 5210 59 5288 133 5425 100 5544 133 5681 100 5800 134 5939 98 6057 133 6195 43 6241 52 6313 133 6451 43 6497 52 6568 134 6707 43 6754 17 6774 31 6824 134 6964 44 7012 15 7032 29 7080 134 7219 48 7268 15 7289 28 7336 133 7475 63 7548 24 7592 133 7731 63 7805 23 7848 133 7987 64 8063 20 8105 132 8243 64 8320 17 8361 132 8497 68 8578 12 8617 132 8753 69 8872 133 9007 73 9127 216 9383 217 9639 218 9895 218 10151 220 10408 223 10665 223 10922 223 11179 223 11436 224 11692 225 11948 225 12203 227 12435 2 12440 2 12458 243 12711 248 12967 249 13224 249 13481 253 13740 250 13997 249 14252 249 14508 251 14763 560 15329 79 15409 170 15585 79 15665 169 15843 77 15921 169 16099 247 16355 247 16611 249 16864 4639 21504 255 21760 255 22016 255 22272 676 22954 249 23211 246 23468 83 23552 161 23725 80 23808 161 23984 75 24064 131 24199 26 24241 73 24320 129 24464 17 24499 69 24576 128 24721 16 24755 67 24832 125 24977 16 25012 64 25088 62 25153 60 25233 16 25269 64 25344 60 25411 56 25488 17 25525 64 25600 59 25667 56 25743 18 25782 63 25856 59 25923 46 25998 17 26039 61 26112 59 26179 45 26253 17 26297 59 26368 59 26433 48 26491 6 26509 16 26561 50 26624 59 26689 48 26747 8 26765 15 26819 48 26880 59 26945 49 27001 12 27022 14 27075 48 27136 59 27201 50 27255 14 27278 14 27331 47 27393 57 27457 70 27534 15 27585 48 27650 6 27661 44 27713 72 27789 16 27841 48 27908 2 27921 34 27969 8 27983 80 28095 49 28179 30 28226 7 28240 79 28350 49 28435 28 28481 9 28497 79 28605 50 28691 27 28737 10 28753 79 28861 48 28946 25 28993 10 29009 80 29115 49 29202 24 29249 10 29265 80 29371 48 29457 17 29505 12 29519 83 29622 44 29713 16 29761 97 29877 42 29952 1 29970 16 30018 97 30133 40 30208 1 30226 16 30274 97 30389 38 30464 1 30483 14 30529 99 30643 38 30720 2 30739 14 30785 99 30898 37 30961 2 30976 4 30983 10 30996 13 31039 102 31151 39 31213 8 31232 18 31253 10 31295 102 31405 40 31462 16 31488 19 31549 105 31659 42 31713 22 31744 19 31805 107 31914 43 31968 23 31996 23 32061 151 32222 53 32317 150 32478 53 32573 150 32733 54 32829 149 32987 56 33085 148 33243 56 33341 148 33498 57 33598 146 33753 58 33840 5 33854 146 34008 61 34094 9 34111 146 34261 64 34349 10 34368 213 34603 13 34625 212 34858 15 34877 216 35113 26 35140 208 35369 234 35625 118 35744 115 35881 116 36001 95 36097 16 36137 71 36209 44 36257 95 36355 4 36365 2 36393 71 36466 43 36513 100 36649 116 36769 102 36905 116 37025 104 37161 115 37281 105 37415 117 37536 108 37667 121 37791 110 37920 123 38047 111 38173 126 38304 111 38429 125 38560 111 38685 124 38817 111 38941 111 39053 11 39072 113 39196 110 39328 113 39452 109 39583 115 39707 108 39839 115 39963 107 40095 118 40217 111 40349 236 40589 3 40605 246 40861 247 41117 249 41373 10 41386 7 41394 229 41629 9 41642 239 41898 239 42155 242 42411 242 42668 741 43415 250 43671 249 43927 248 44183 250 44439 113 44553 136 44695 111 44809 138 44949 112 45065 247 45318 250 45572 1799 47375 250 47630 249 47885 249 48141 249 48396 250 48652 249 48907 245 49163 245 49419 245 49675 245 49931 245 50187 245 50444 244 50701 243 50958 242 51215 241 51472 240 51729 239 51987 237 52244 236 52501 235 52758 234 53015 233 53271 233 53506 1 53526 234 53761 3 53780 241 54033 246 54288 252 54542 1035 55581 251 55841 248 56100 245 56358 244 56617 241 56873 242 57130 241 57386 243 57641 244 57893 250 58146 539 58687 252 58943 251 59200 251 59456 251 59713 250 59970 249 60226 250 60482 251 60738 253 60993 1317 62317 249 62573 147 62723 98 62830 146 62979 98 63087 145 63237 94 63344 144 63493 94 63600 144 63753 90 63858 142 64010 88 64115 239 64373 237 64630 236 64889 150 65041 80 65145 149 65303 74 65403 133
332934,44 6 85 156 254 2 299 8 341 157 510 2 555 8 597 157 766 2 811 8 852 159 1021 3 1067 9 1108 160 1277 3 1322 13 1363 162 1533 3 1575 18 1619 163 1788 4 1825 28 1875 165 2043 5 2079 32 2131 166 2299 5 2333 38 2389 171 2589 39 2645 171 2844 41 2901 171 3099 43 3157 171 3354 45 3413 171 3610 46 3670 170 3865 48 3927 169 4120 49 4183 169 4376 49 4440 168 4632 49 4697 69 4769 95 4888 49 4957 63 5026 94 5145 48 5213 62 5282 94 5401 48 5470 60 5539 93 5656 49 5727 58 5795 93 5912 49 5984 57 6051 93 6168 49 6240 57 6308 92 6423 50 6498 56 6565 91 6679 50 6755 55 6821 91 6935 50 7012 55 7077 91 7191 49 7268 55 7333 91 7447 49 7525 54 7589 91 7703 50 7781 54 7845 91 7958 52 8037 54 8101 91 8214 53 8294 53 8357 91 8469 56 8550 53 8613 91 8725 58 8806 53 8869 91 8981 60 9061 54 9124 92 9237 61 9317 55 9380 92 9493 62 9573 56 9636 92 9749 62 9829 56 9891 93 10006 65 10085 57 10147 93 10262 66 10341 58 10403 93 10518 68 10596 59 10658 94 10774 69 10851 157 11030 234 11286 234 11542 234 11798 234 12053 235 12309 235 12565 235 12821 235 13076 236 13332 236 13587 237 13843 237 14100 236 14357 235 14613 235 14869 235 15125 235 15379 237 15631 241 15886 242 16140 29 16174 210 16395 28 16431 209 16650 28 16688 208 16905 28 16945 207 17161 27 17206 202 17417 27 17463 201 17672 27 17719 201 17928 27 17976 200 18185 25 18233 199 18441 24 18489 199 18697 17 18745 199 18953 16 19001 199 19209 16 19255 201 19465 15 19511 201 19719 16 19749 10 19765 203 19975 16 20004 13 20021 203 20229 18 20260 220 20485 18 20515 221 20740 20 20771 221 20995 21 21027 221 21251 21 21282 222 21507 21 21538 222 21763 21 21794 222 22019 21 22050 222 22275 20 22307 221 22530 21 22563 221 22785 22 22819 221 23041 22 23075 221 23297 21 23331 242 23586 241 23839 244 24094 244 24348 246 24603 248 24857 250 25113 252 25367 2758 28129 252 28385 31 28420 216 28643 29 28680 212 28899 29 28938 210 29156 28 29194 210 29413 27 29451 208 29671 25 29707 208 29927 25 29963 208 30185 23 30219 208 30442 22 30474 210 30699 21 30730 210 30955 21 30985 23 31010 187 31212 20 31241 23 31265 188 31468 20 31496 213 31725 19 31752 213 31981 19 32007 214 32236 20 32263 214 32492 20 32519 214 32748 20 32775 214 33003 21 33032 213 33259 21 33291 211 33515 21 33551 208 33771 21 33808 209 34027 21 34063 138 34202 73 34283 21 34319 138 34461 70 34539 21 34575 138 34722 66 34795 21 34831 138 34978 66 35051 21 35088 141 35234 67 35307 21 35344 134 35481 76 35564 20 35601 129 35737 77 35820 20 35858 6 35865 118 35993 78 36076 20 36123 113 36248 79 36333 19 36379 112 36504 79 36589 19 36635 112 36759 80 36847 17 36892 111 37014 82 37104 16 37149 110 37269 84 37361 15 37404 111 37523 86 37617 15 37660 111 37777 90 37874 14 37916 111 38033 91 38131 13 38171 112 38288 93 38387 13 38427 113 38544 94 38643 13 38683 112 38800 95 38899 13 38940 111 39056 95 39155 13 39196 60 39269 37 39312 97 39411 13 39453 58 39525 36 39568 112 39709 55 39783 34 39824 112 39966 53 40039 34 40080 112 40223 52 40295 33 40336 112 40480 51 40551 32 40592 112 40737 62 40808 31 40848 112 40993 63 41064 30 41104 112 41249 64 41320 30 41361 111 41505 64 41575 31 41617 111 41762 65 41829 33 41875 109 42018 100 42131 109 42275 100 42388 108 42531 100 42645 107 42787 81 42869 18 42901 107 43044 79 43127 16 43157 107 43301 77 43383 16 43414 106 43557 76 43638 18 43671 105 43813 62 43876 11 43893 20 43928 104 44069 62 44132 9 44149 21 44184 104 44325 70 44405 22 44441 103 44581 69 44660 23 44697 103 44837 9 44849 53 44916 24 44954 102 45094 7 45107 52 45172 25 45211 101 45351 5 45365 50 45429 25 45467 101 45608 3 45623 48 45685 26 45723 101 45882 46 45943 25 45979 101 46139 46 46200 25 46235 101 46399 42 46456 27 46491 101 46656 41 46712 28 46747 101 46914 38 46968 29 47003 101 47171 36 47224 30 47260 100 47428 35 47480 31 47517 99 47685 33 47736 31 47772 100 47941 32 47991 137 48197 31 48247 137 48454 29 48502 138 48711 28 48757 139 48967 22 48993 10 49011 51 49064 88 49224 17 49249 12 49267 48 49323 85 49481 15 49505 13 49523 46 49581 83 49738 14 49761 14 49780 43 49837 83 49995 12 50017 15 50037 39 50093 83 50251 12 50273 15 50293 37 50349 83 50508 9 50529 56 50604 84 50765 8 50785 55 50859 85 51022 4 51041 54 51115 85 51297 53 51371 85 51553 53 51626 86 51808 54 51882 86 52063 55 52138 86 52318 56 52395 85 52574 55 52651 85 52829 56 52907 85 53086 55 53163 85 53342 55 53407 4 53419 85 53600 53 53661 9 53674 86 53857 53 53917 10 53930 86 54116 156 54373 155 54629 155 54885 155 55141 155 55397 155 55653 155 55909 155 56164 156 56420 156 56675 157 56926 162 57181 163 57437 163 57693 163 57949 163 58205 163 58461 163 58718 162 58974 162 59230 162 59487 161 59743 161 59999 161 60255 161 60511 161 60766 162 61022 162 61278 162 61533 163 61789 163 62045 163 62301 163 62557 163 62813 163 63069 163 63325 163 63581 163 63836 16 63856 144 64091 16 64113 143 64347 14 64369 143 64602 13 64625 143 64858 11 64881 143 65114 11 65137 143 65370 9 65393 143
337798, 
349461,0 65536
372637,0 59 70 171 249 67 327 170 504 68 583 169 759 70 840 245 1097 246 1353 247 1610 247 1868 9 1879 234 2124 8 2137 147 2285 86 2381 6 2394 233 2637 6 2650 235 2893 5 2907 234 3150 4 3163 237 3418 241 3673 246 3926 249 4180 252 4433 7228 11667 250 11923 251 12179 252 12435 254 12690 15733 28428 250 28685 248 28941 242 29184 7 29195 244 29440 255 29696 255 29952 1023 30976 56 31033 198 31232 1423 32656 254 32915 251 33173 96 33273 150 33429 96 33531 149 33686 94 33791 126 33920 16 33942 94 34048 124 34177 15 34198 95 34304 123 34433 15 34453 96 34560 122 34689 14 34709 96 34816 121 34945 13 34965 96 35072 121 35201 11 35218 99 35328 123 35457 11 35472 101 35584 140 35727 102 35840 244 36096 244 36352 243 36608 243 36864 243 37120 243 37376 243 37632 243 37888 243 38144 243 38400 242 38656 241 38912 241 39168 240 39424 240 39680 239 39936 239 40192 94 40292 139 40448 93 40548 139 40704 93 40804 139 40960 94 41060 139 41215 96 41316 138 41470 98 41571 139 41726 239 41970 1 41983 238 42225 4 42239 208 42450 26 42481 3 42496 205 42707 17 42729 2 42737 3 42752 153 42909 47 42963 16 42993 2 43008 153 43166 46 43218 17 43264 153 43423 44 43473 18 43520 153 43680 43 43728 20 43776 153 43936 69 44032 153 44193 41 44235 26 44288 45 44335 106 44449 43 44493 26 44544 43 44591 106 44705 42 44749 27 44800 43 44847 106 44961 42 45005 28 45055 44 45103 106 45217 43 45261 28 45311 44 45359 103 45472 73 45568 147 45728 73 45824 145 45984 59 46049 6 46065 4 46080 145 46240 57 46306 3 46320 6 46336 145 46496 57 46575 8 46592 145 46753 57 46831 8 46848 145 47009 58 47087 9 47104 145 47265 59 47344 8 47360 145 47521 60 47587 6 47602 7 47616 145 47777 60 47843 6 47859 6 47872 145 48033 10 48045 50 48096 11 48125 1 48128 145 48289 10 48301 62 48380 151 48546 10 48558 64 48637 150 48803 10 48815 68 48893 142 49037 6 49061 10 49072 69 49149 140 49293 6 49318 79 49405 140 49549 6 49575 80 49662 139 49806 6 49831 80 49918 139 50062 8 50087 80 50174 139 50319 9 50343 80 50431 137 50575 12 50597 82 50687 137 50831 12 50853 82 50943 134 51087 14 51108 81 51199 132 51343 102 51455 46 51502 85 51598 102 51711 46 51758 85 51853 103 51967 246 52221 248 52477 249 52733 249 52989 174 53166 73 53244 173 53423 72 53500 99 53602 70 53679 73 53755 98 53858 71 53935 75 54011 88 54107 2 54111 244 54363 2 54367 243 54617 249 54873 248 55128 213 55343 33 55384 213 55600 31 55641 212 55857 30 55896 213 56113 252 56369 255 56625 2896 59525 250 59783 248 60041 246 60296 246 60551 247 60807 248 61063 248 61319 248 61575 249 61830 250 62086 231 62319 20 62341 232 62576 253 62833 252 63089 1687 64777 255 65035 251 65293 243
373056,0 214 231 2 235 236 484 243 739 246 988 4589 5581 250 5837 249 6093 248 6349 248 6606 247 6862 247 7119 246 7375 247 7631 248 7887 250 8143 250 8399 57137
386606,0 65536
391427,7 20 93 10 170 21 247 9 263 20 349 12 425 24 451 5 504 8 519 20 605 13 681 32 760 8 776 18 861 14 934 36 1017 7 1033 17 1116 17 1189 38 1272 8 1290 15 1371 18 1444 41 1528 8 1547 14 1627 18 1699 42 1783 6 1790 2 1806 9 1883 19 1955 44 2038 5 2063 8 2139 19 2211 44 2293 6 2323 1 2393 21 2467 45 2549 5 2646 24 2709 6 2723 45 2805 4 2900 26 2961 12 2981 44 3063 2 3154 28 3216 14 3237 44 3408 14 3423 14 3470 17 3496 41 3663 15 3679 14 3725 18 3752 31 3784 9 3919 29 3979 22 4008 30 4041 9 4173 30 4233 24 4263 31 4297 9 4424 33 4489 24 4521 28 4554 7 4679 33 4744 26 4777 28 4810 7 4935 32 4999 28 5034 26 5067 5 5081 2 5191 32 5255 28 5289 27 5324 3 5336 3 5437 1 5446 32 5511 29 5545 27 5591 6 5690 6 5702 31 5767 30 5801 27 5847 6 5943 11 5959 22 5987 1 6022 32 6056 27 6103 5 6199 11 6215 22 6278 61 6359 5 6455 12 6471 21 6533 62 6710 13 6727 20 6789 34 6824 27 6966 13 6985 18 7045 34 7082 23 7221 14 7241 18 7301 34 7338 23 7477 14 7497 18 7556 35 7595 21 7733 14 7753 10 7764 6 7801 4 7812 36 7852 19 7988 13 8009 10 8043 22 8068 21 8090 14 8109 17 8243 14 8265 10 8299 22 8324 21 8346 14 8365 16 8499 14 8522 9 8554 47 8603 12 8621 14 8756 12 8778 10 8810 47 8861 10 8877 12 9013 10 9035 9 9066 26 9096 17 9120 5 9133 11 9269 10 9291 9 9323 25 9352 17 9379 2 9389 11 9526 9 9549 7 9581 8 9593 11 9608 17 9645 11 9783 8 9805 7 9838 5 9850 10 9864 17 9901 10 10041 1 10064 3 10107 8 10119 19 10157 10 10363 8 10375 20 10409 14 10621 5 10632 19 10663 14 10747 4 10878 1 10888 19 10919 12 11001 7 11145 19 11175 8 11255 9 11401 19 11431 7 11511 9 11658 19 11687 7 11765 11 11915 18 11944 5 12020 12 12147 2 12172 17 12201 1 12273 15 12402 5 12429 16 12529 15 12656 8 12685 14 12784 16 12855 4 12911 10 12941 14 13041 15 13111 5 13165 12 13198 11 13297 15 13367 6 13421 12 13454 11 13552 16 13623 6 13675 14 13710 8 13808 16 13879 6 13931 13 13966 7 14063 17 14135 5 14187 13 14223 5 14319 17 14391 5 14442 13 14479 3 14575 17 14698 13 14830 18 14954 13 14971 4 15086 18 15209 25 15342 18 15465 26 15598 18 15721 26 15854 18 15976 28 16110 18 16231 31 16366 18 16486 33 16623 17 16741 35 16879 17 16997 35 17137 15 17252 37 17398 3 17508 37 17765 35 18021 35 18276 35 18532 35 18787 36 19043 36 19283 9 19299 34 19539 10 19554 35 19671 2 19795 10 19810 32 19925 10 20050 12 20065 32 20181 11 20306 12 20321 31 20436 15 20562 12 20577 30 20692 16 20819 11 20833 23 20947 18 21075 11 21089 22 21203 19 21280 3 21333 34 21459 20 21504 3 21535 3 21589 33 21715 20 21760 4 21790 4 21833 5 21846 8 21855 21 21918 2 21971 20 22016 5 22045 5 22087 8 22104 5 22111 20 22173 4 22227 20 22272 4 22343 8 22371 2 22377 8 22429 6 22484 19 22528 4 22599 7 22685 6 22741 18 22784 5 22855 6 22941 6 22998 17 23040 5 23111 6 23197 6 23254 17 23296 9 23367 4 23454 4 23511 15 23552 9 23624 3 23767 15 23808 10 23880 2 24024 13 24064 10 24280 13 24320 10 24537 10 24576 10 24648 1 24794 9 24832 11 24904 1 25088 11 25344 11 25600 12 25856 13 26097 2 26112 14 26351 6 26368 13 26562 8 26607 10 26623 14 26817 10 26863 28 27071 12 27119 27 27325 14 27374 23 27579 16 27630 24 27669 1 27835 16 27886 27 27922 7 28091 16 28141 28 28177 9 28347 16 28397 31 28433 10 28451 1 28604 15 28643 3 28655 44 28706 3 28861 4 28866 10 28897 6 28911 56 29125 10 29152 9 29169 54 29383 10 29407 10 29425 55 29639 10 29661 13 29681 56 29895 10 29917 13 29937 58 30021 11 30151 11 30171 15 30192 59 30276 13 30407 12 30425 17 30447 62 30531 14 30663 13 30678 19 30703 16 30720 45 30786 15 30920 33 30959 15 30976 46 31041 16 31064 5 31120 5 31176 32 31215 14 31232 46 31296 17 31319 7 31375 8 31433 30 31471 14 31488 47 31551 40 31630 11 31691 25 31728 10 31744 47 31807 40 31885 15 31948 23 31984 9 32000 47 32063 42 32141 22 32207 18 32243 3 32256 47 32319 42 32374 13 32397 23 32463 16 32512 47 32575 42 32629 14 32653 24 32720 14 32768 47 32831 42 32884 15 32908 25 32976 14 33024 46 33087 42 33138 18 33163 27 33233 13 33280 45 33343 42 33393 20 33419 27 33489 13 33536 44 33599 42 33649 23 33673 30 33745 12 33792 43 33855 42 33905 54 34002 11 34048 43 34109 44 34161 56 34259 10 34304 42 34365 44 34417 56 34515 9 34560 42 34620 46 34673 56 34773 6 34816 42 34875 47 34929 56 35030 3 35072 43 35130 49 35185 56 35328 43 35386 49 35441 56 35584 42 35642 49 35700 53 35840 39 35898 49 35957 52 36096 37 36155 48 36214 51 36352 35 36411 48 36471 50 36608 33 36668 47 36729 47 36864 32 36924 46 36987 45 37121 29 37180 35 37222 1 37247 41 37377 28 37437 33 37505 38 37634 27 37693 32 37762 36 37891 26 37949 32 38019 35 38149 2 38155 18 38206 31 38275 31 38415 14 38463 6 38474 3 38481 11 38531 28 38676 8 38719 5 38737 10 38788 25 38933 7 38975 4 38994 8 39044 24 39231 2 39251 2 39301 22 39484 6 39558 20 39739 7 39994 8 40249 9 40265 1 40444 4 40504 10 40520 10 40699 5 40760 9 40774 13 40953 7 41016 9 41029 14 41209 7 41272 9 41284 15 41464 8 41528 31 41720 8 41785 32 41975 10 42032 1 42042 32 42231 12 42283 10 42297 34 42487 13 42538 50 42743 13 42793 52 42999 13 43048 53 43255 13 43303 54 43512 12 43559 17 43578 35 43768 11 43813 18 43836 33 44023 11 44068 19 44092 34 44279 9 44321 22 44349 32 44411 3 44536 8 44576 22 44605 32 44665 6 44767 4 44792 8 44831 23 44862 31 44921 6 45021 7 45049 7 45087 23 45118 31 45176 6 45277 8 45289 7 45305 7 45343 23 45375 30 45431 6 45530 23 45561 7 45599 24 45631 30 45685 8 45785 24 45818 6 45855 25 45887 29 45939 8 45958 7 46038 28 46078 2 46111 25 46143 28 46194 9 46213 9 46293 29 46365 29 46398 29 46449 11 46466 13 46489 4 46548 31 46621 30 46653 30 46705 12 46720 16 46744 6 46803 32 46876 63 46960 34 46997 10 47058 34 47132 63 47216 48 47311 38 47387 9 47399 51 47471 50 47565 40 47644 7 47655 50 47727 50 47820 42 47902 1 47911 49 47981 55 48075 44 48168 47 48237 56 48331 44 48423 34 48463 8 48493 59 48588 43 48678 33 48721 6 48749 60 48845 42 48933 34 48979 3 48991 4 49007 59 49102 41 49189 33 49234 5 49247 4 49263 60 49360 39 49445 32 49490 7 49501 6 49520 61 49619 36 49701 32 49745 10 49756 8 49776 61 49875 36 49957 32 50001 21 50033 62 50131 36 50213 32 50256 23 50289 62 50386 37 50469 32 50512 27 50546 63 50641 37 50725 32 50768 27 50802 63 50896 37 50981 32 51023 30 51059 62 51151 32 51237 32 51279 31 51315 62 51406 31 51495 30 51535 32 51571 61 51661 31 51751 30 51791 96 51917 30 52008 11 52020 17 52047 96 52167 29 52279 14 52303 95 52422 27 52535 14 52561 93 52678 27 52791 14 52818 92 52934 26 53047 14 53076 89 53190 26 53221 4 53303 14 53333 88 53446 27 53476 5 53560 12 53589 88 53702 37 53816 11 53845 87 53958 37 54063 5 54073 10 54103 84 54213 39 54319 6 54330 7 54360 83 54468 40 54575 6 54588 3 54618 80 54723 42 54831 6 54875 78 54978 44 55087 4 55131 78 55233 46 55388 76 55488 49 55645 73 55743 50 55901 72 55999 51 56097 6 56158 69 56255 52 56353 10 56414 69 56511 52 56608 11 56675 61 56766 55 56863 12 56931 58 57022 55 57119 12 57188 55 57277 56 57346 3 57368 1 57375 12 57444 19 57465 34 57533 56 57600 43 57701 16 57729 26 57783 63 57856 43 57958 14 57989 7 57997 14 58039 63 58112 42 58219 7 58257 10 58293 62 58368 42 58477 4 58513 10 58549 61 58624 41 58769 10 58804 61 58880 39 59025 10 59059 61 59136 37 59281 10 59315 60 59392 36 59538 9 59571 60 59648 35 59794 9 59826 60 59904 35 60051 8 60082 59 60160 35 60308 4 60337 59 60416 35 60593 58 60672 34 60847 58 60928 34 61101 59 61184 33 61355 60 61440 33 61611 60 61696 32 61865 61 61951 33 62121 39 62167 14 62207 33 62376 41 62427 6 62462 34 62632 41 62717 34 62888 36 62926 2 62973 34 63145 33 63229 34 63401 32 63484 35 63657 32 63741 34 63913 30 63998 32 64169 30 64255 1 64259 26 64425 29 64511 1 64516 25 64682 27 64773 24 64939 25 65029 24 65196 24 65285 24 65456 19
398196,51711 1 51967 1
398477, 
399102,107 10 121 41 364 56 620 57 877 59 1133 60 1231 3 1389 61 1484 7 1645 62 1741 6 1901 62 1998 5 2157 63 2255 5 2412 65 2668 66 2923 68 3179 70 3435 70 3691 71 3947 72 4203 72 4459 72 4715 72 4971 73 5226 74 5482 75 5738 75 5994 77 6250 77 6506 77 6762 78 7018 78 7167 1 7274 78 7401 2 7423 1 7531 78 7655 7 7679 1 7787 78 7911 6 8045 52 8098 23 8130 5 8151 4 8166 5 8301 52 8356 21 8385 6 8406 5 8422 5 8559 49 8613 20 8641 6 8661 6 8815 49 8869 20 8897 6 8916 7 9074 45 9126 19 9153 6 9171 8 9185 3 9331 44 9382 19 9409 4 9425 9 9441 4 9589 42 9639 18 9679 9 9695 8 9845 41 9895 18 9935 8 9951 9 9967 2 10101 40 10151 16 10193 2 10207 21 10357 40 10408 13 10463 22 10613 39 10665 11 10718 24 10869 39 10924 7 10974 24 11126 38 11184 3 11230 25 11382 38 11441 1 11486 26 11638 38 11712 7 11741 30 11895 37 11967 9 11995 32 12151 37 12223 9 12248 33 12374 1 12388 7 12407 37 12479 10 12503 33 12629 2 12643 57 12737 8 12759 32 12885 2 12899 57 12997 4 13015 31 13142 1 13154 58 13255 1 13261 6 13271 31 13397 2 13410 58 13511 2 13517 6 13527 31 13650 5 13666 28 13700 24 13763 6 13771 8 13785 30 13823 1 13871 2 13905 7 13921 29 13957 23 14017 19 14041 30 14078 2 14128 1 14157 12 14177 31 14213 24 14273 20 14296 33 14331 5 14384 1 14412 13 14433 31 14469 25 14527 65 14640 1 14667 14 14689 32 14726 24 14783 65 14896 1 14923 14 14945 14 14961 18 14983 23 15038 66 15152 1 15179 14 15201 13 15217 19 15241 20 15289 2 15293 67 15436 13 15457 12 15473 20 15498 18 15545 71 15693 4 15713 11 15729 20 15756 11 15799 73 15950 1 15969 11 15985 21 16013 10 16055 73 16226 9 16241 22 16270 9 16311 73 16483 8 16497 22 16526 10 16567 73 16739 8 16753 23 16783 9 16823 73 16997 5 17009 24 17039 9 17080 72 17266 23 17296 9 17337 71 17522 23 17552 9 17593 71 17778 23 17809 6 17823 2 17850 70 18034 23 18065 5 18077 5 18106 70 18283 30 18333 4 18362 70 18539 30 18589 4 18617 71 18794 31 18845 3 18874 70 19050 31 19100 3 19130 70 19248 6 19259 1 19305 32 19356 1 19387 69 19504 7 19513 3 19561 32 19643 69 19759 14 19818 31 19899 69 20015 14 20075 30 20156 68 20277 8 20336 24 20412 68 20533 8 20594 21 20668 68 20789 8 20851 18 20925 67 21044 10 21107 18 21182 66 21299 12 21372 7 21440 64 21555 13 21627 8 21696 64 21809 18 21882 9 21953 63 22059 1 22065 19 22137 10 22177 2 22209 63 22313 29 22393 10 22432 6 22465 63 22568 31 22649 9 22688 7 22702 1 22721 63 22817 38 22905 9 22944 17 22977 63 23075 36 23161 8 23200 17 23233 63 23332 36 23419 6 23456 18 23489 63 23587 37 23675 5 23713 17 23745 63 23843 36 23969 16 24001 63 24098 37 24226 15 24257 63 24354 37 24473 6 24482 15 24514 62 24610 36 24729 22 24771 61 24848 3 24865 37 24939 2 24985 22 25028 60 25103 6 25121 38 25195 4 25241 22 25279 2 25285 59 25358 8 25377 39 25450 5 25497 22 25534 5 25543 57 25613 9 25633 39 25707 4 25753 22 25790 6 25799 57 25869 9 25889 40 26010 21 26036 1 26046 9 26056 56 26125 10 26145 40 26244 4 26266 21 26291 3 26301 10 26313 55 26381 10 26401 43 26483 1 26497 8 26523 19 26546 6 26557 10 26568 56 26637 10 26656 45 26739 2 26751 12 26779 19 26802 7 26813 67 26895 8 26912 46 26993 27 27036 16 27056 80 27168 46 27249 28 27294 14 27312 79 27425 46 27504 30 27553 11 27567 44 27615 32 27682 45 27759 31 27793 1 27809 1 27813 8 27823 44 27871 32 27939 44 28015 32 28048 2 28072 52 28126 33 28195 45 28271 35 28329 86 28453 43 28527 32 28571 5 28585 85 28709 43 28784 31 28826 6 28840 85 28967 42 29041 14 29060 10 29081 8 29091 88 29225 40 29297 14 29317 9 29339 96 29482 39 29559 8 29573 9 29600 90 29738 38 29816 7 29830 8 29856 90 29995 37 30073 7 30087 6 30113 92 30251 36 30329 7 30344 5 30369 92 30507 36 30585 17 30627 6 30638 82 30763 35 30841 16 30883 3 30895 81 31019 32 31096 17 31152 80 31276 31 31352 18 31408 80 31533 30 31607 20 31664 10 31680 43 31729 15 31795 24 31863 20 31921 8 31936 43 31987 13 32054 21 32116 23 32179 4 32191 41 32244 12 32271 2 32311 10 32330 2 32371 24 32447 40 32501 11 32527 2 32569 4 32625 26 32702 39 32757 11 32784 1 32880 27 32958 38 33013 11 33134 30 33213 38 33268 12 33390 30 33470 37 33522 17 33646 31 33697 4 33727 34 33775 21 33903 30 33953 5 33983 22 34011 5 34031 22 34159 21 34181 10 34209 10 34247 13 34286 23 34416 19 34437 10 34464 11 34503 12 34542 23 34673 18 34693 10 34719 14 34761 10 34797 24 34932 15 34949 10 34969 2 34975 15 35017 10 35041 2 35053 24 35189 14 35205 11 35221 26 35276 6 35293 9 35307 25 35445 14 35461 10 35477 27 35532 5 35549 10 35563 24 35702 13 35717 10 35733 28 35769 4 35789 4 35803 40 35958 12 35974 10 35988 29 36024 5 36045 4 36059 38 36215 12 36231 10 36243 31 36280 5 36301 4 36315 37 36471 12 36487 44 36535 6 36558 3 36571 37 36728 13 36743 44 36792 5 36814 3 36827 37 36989 54 37070 3 37083 37 37247 51 37327 2 37339 37 37503 51 37582 4 37594 38 37760 50 37838 5 37849 39 38016 50 38094 7 38104 40 38276 46 38349 51 38477 2 38533 45 38605 51 38733 2 38789 42 38861 51 38989 2 39046 40 39117 51 39302 39 39373 51 39469 2 39558 39 39629 51 39723 7 39814 39 39885 51 39979 8 40070 39 40141 51 40235 7 40325 41 40395 53 40491 7 40581 41 40636 3 40649 55 40749 2 40836 42 40891 7 40905 47 40955 5 41092 42 41146 9 41160 11 41176 31 41211 5 41269 2 41347 44 41401 26 41435 7 41443 20 41468 4 41526 2 41603 44 41657 26 41691 7 41699 20 41724 4 41782 3 41823 4 41859 44 41906 33 41951 24 41981 3 42039 2 42078 7 42115 44 42160 35 42209 22 42238 2 42334 7 42344 2 42371 42 42416 36 42463 24 42492 4 42589 9 42599 4 42627 41 42672 37 42719 25 42747 5 42846 14 42882 41 42928 37 42974 34 43103 14 43138 41 43184 14 43203 18 43231 33 43364 9 43393 42 43441 12 43461 16 43490 30 43619 10 43649 42 43697 12 43717 16 43747 29 43875 11 43905 42 43953 11 43973 16 44004 28 44131 11 44161 42 44209 11 44230 15 44261 27 44387 11 44417 44 44465 10 44485 16 44517 27 44643 11 44674 43 44720 11 44740 17 44773 27 44898 13 44930 55 44994 19 45027 29 45154 12 45187 55 45248 22 45277 35 45408 14 45443 56 45502 25 45531 37 45663 15 45699 57 45758 66 45919 15 45954 126 46174 15 46209 127 46429 16 46464 128 46685 16 46719 129 46942 15 46974 130 47198 15 47229 131 47454 15 47485 131 47711 14 47741 131 47967 13 47997 131 48223 13 48253 131 48481 10 48507 133 48738 9 48763 133 48997 3 49016 136 49270 138 49525 139 49780 140 50036 140 50291 141 50547 141 50803 141 51046 1 51059 141 51302 3 51315 8 51327 129 51557 5 51572 7 51585 127 51813 5 51829 5 51842 126 52069 5 52099 108 52208 16 52326 4 52355 108 52465 15 52582 3 52611 108 52723 13 52838 1 52866 111 52979 13 53122 126 53377 127 53633 127 53889 127 54144 128 54399 129 54655 129 54911 129 55169 127 55304 3 55425 129 55559 6 55683 13 55699 112 55815 6 55939 12 55955 114 56070 7 56195 11 56211 114 56326 7 56451 10 56467 122 56707 8 56722 123 56962 8 56978 123 57218 7 57234 123 57474 6 57491 121 57729 7 57747 121 57985 6 58003 118 58241 6 58259 117 58497 5 58516 107 58624 7 58753 4 58773 106 58880 7 59009 5 59029 106 59136 6 59239 4 59265 8 59278 2 59286 32 59325 66 59392 5 59493 8 59521 10 59532 5 59543 30 59583 64 59741 22 59778 15 59800 27 59841 62 59995 26 60034 16 60056 27 60098 61 60251 28 60290 17 60312 13 60333 12 60355 61 60495 3 60507 29 60546 18 60568 11 60591 11 60611 61 60750 5 60763 30 60801 32 60838 3 60847 12 60867 61 61005 7 61020 29 61056 32 61092 8 61103 13 61122 62 61253 2 61261 8 61277 30 61309 34 61347 28 61376 64 61508 4 61517 8 61533 66 61603 93 61763 8 61772 9 61790 162 62019 18 62047 161 62274 11 62287 6 62304 160 62530 11 62544 5 62560 160 62785 12 62800 6 62817 159 63041 13 63056 7 63073 159 63297 22 63330 158 63553 22 63587 157 63810 14 63827 4 63844 156 64067 13 64083 4 64101 155 64332 3 64357 155 64613 155 64869 155 65124 156 65379 157
402143,32 28 65 52 209 10 221 30 290 28 319 54 466 5 477 30 547 82 723 3 733 30 805 81 990 29 1061 82 1246 28 1319 82 1502 28 1574 83 1757 28 1829 85 2010 29 2085 86 2265 28 2341 14 2360 67 2519 30 2597 12 2616 67 2775 30 2853 9 2872 66 3031 31 3110 7 3128 66 3287 32 3384 65 3544 31 3583 1 3641 64 3800 32 3837 3 3898 63 4057 39 4154 63 4313 39 4411 62 4569 39 4667 62 4825 39 4924 61 5082 38 5181 60 5339 37 5438 58 5603 29 5694 58 5859 29 5950 43 5998 7 6115 29 6205 44 6255 6 6371 29 6467 38 6628 28 6724 37 6884 28 6982 35 7141 14 7157 11 7239 34 7398 12 7414 10 7495 34 7656 7 7670 10 7751 34 7913 4 7926 10 8007 34 8183 9 8264 32 8439 9 8521 29 8697 7 8777 28 8953 7 9033 26 9211 5 9289 26 9468 4 9545 26 9727 1 9801 26 10057 25 10313 24 10569 10 10584 7 10826 9 10842 3 11083 7 11155 3 11340 6 11409 6 11598 3 11633 3 11663 9 11829 2 11889 5 11919 10 12083 6 12143 9 12173 12 12222 6 12339 7 12398 10 12429 13 12477 8 12593 9 12653 12 12685 14 12722 7 12730 14 12847 11 12909 13 12941 14 12977 24 13101 13 13165 15 13197 15 13232 25 13357 14 13421 16 13453 15 13488 27 13612 15 13677 17 13709 14 13744 28 13868 15 13932 18 13965 14 14000 29 14123 16 14187 19 14221 14 14256 31 14379 16 14442 20 14477 14 14512 31 14635 18 14697 28 14735 11 14769 31 14891 19 14953 32 14994 7 15026 30 15147 22 15208 35 15251 2 15286 27 15403 22 15464 35 15542 27 15659 23 15720 36 15799 26 15915 23 15975 37 16055 26 16170 25 16231 37 16311 26 16425 26 16487 38 16567 26 16679 27 16744 37 16823 29 16935 6 16943 19 17000 37 17078 32 17190 5 17201 16 17259 34 17333 35 17408 1 17445 6 17457 16 17517 32 17589 35 17664 5 17701 6 17713 15 17775 31 17843 38 17920 5 17956 7 17969 14 18031 31 18099 38 18176 5 18213 6 18226 13 18287 32 18354 36 18432 5 18469 5 18482 11 18543 32 18609 33 18688 4 18726 3 18739 5 18796 35 18863 32 18944 3 19047 40 19119 32 19302 40 19375 31 19503 3 19558 40 19631 30 19756 8 19814 39 19886 27 20012 9 20071 36 20142 26 20267 10 20327 34 20397 27 20523 10 20583 32 20653 27 20779 11 20835 1 20839 16 20858 10 20909 28 20956 3 21034 13 21086 7 21095 16 21115 8 21165 28 21211 7 21289 14 21341 9 21351 14 21372 5 21421 28 21463 12 21541 20 21597 24 21629 2 21676 30 21711 1 21719 12 21796 26 21853 24 21931 40 21974 13 22052 27 22109 24 22187 40 22230 13 22308 29 22365 23 22442 58 22564 29 22621 23 22698 59 22820 30 22878 22 22954 62 23077 29 23120 5 23134 23 23211 62 23333 30 23374 9 23391 22 23467 64 23588 30 23629 11 23647 23 23724 63 23793 7 23842 4 23849 25 23883 14 23903 24 23981 80 24097 5 24107 23 24139 14 24159 24 24237 82 24350 9 24365 20 24394 15 24417 24 24491 85 24605 10 24621 19 24650 16 24675 22 24700 3 24747 85 24860 11 24878 17 24905 18 24937 22 25001 87 25115 13 25135 16 25162 18 25195 20 25256 88 25365 20 25391 15 25418 19 25456 15 25511 89 25620 21 25648 14 25675 18 25713 14 25767 89 25875 24 25905 13 25932 17 25971 14 26022 90 26130 25 26161 13 26189 17 26227 16 26278 90 26384 29 26418 12 26447 15 26484 17 26533 71 26606 18 26639 32 26675 11 26703 15 26741 16 26789 71 26863 17 26895 34 26932 9 26959 15 26997 16 27044 72 27118 18 27151 35 27188 9 27215 14 27253 16 27301 91 27407 36 27444 9 27470 14 27508 17 27557 14 27577 71 27662 37 27701 9 27725 14 27761 20 27813 12 27835 69 27918 37 27957 12 27981 12 28016 20 28071 10 28093 67 28174 37 28215 10 28237 11 28271 20 28329 7 28350 66 28430 36 28473 9 28493 11 28526 20 28587 3 28607 65 28685 37 28729 9 28750 9 28782 20 28864 64 28941 36 28987 7 29007 8 29037 20 29121 36 29159 25 29197 36 29243 6 29263 8 29293 19 29377 35 29416 24 29454 34 29501 2 29520 7 29547 20 29633 34 29673 23 29710 33 29777 6 29803 20 29889 34 29931 21 29967 28 30033 7 30059 22 30145 32 30188 20 30224 21 30290 7 30315 22 30400 33 30445 19 30481 18 30547 8 30571 23 30655 32 30701 19 30739 15 30804 7 30827 24 30911 30 30957 19 30997 12 31061 6 31086 2 31089 19 31167 25 31213 19 31254 10 31317 7 31345 20 31424 23 31469 19 31574 9 31601 21 31682 19 31725 19 31830 9 31857 21 31939 16 31980 20 32083 2 32087 8 32113 21 32198 8 32236 20 32337 5 32343 8 32369 21 32456 4 32491 21 32592 14 32624 21 32713 2 32745 23 32848 13 32879 22 32994 30 33103 12 33134 23 33249 31 33359 10 33389 24 33479 4 33503 33 33615 8 33643 24 33735 5 33756 36 33871 8 33899 24 33991 5 34011 37 34128 5 34153 27 34247 4 34266 38 34385 4 34409 28 34503 4 34521 39 34664 30 34777 39 34920 31 35032 40 35176 32 35288 40 35432 33 35544 40 35688 35 35799 41 35944 35 36055 41 36100 4 36115 9 36199 15 36215 22 36311 41 36355 6 36369 12 36455 12 36473 21 36567 52 36623 14 36711 11 36729 22 36823 70 36967 11 36985 22 37079 40 37120 30 37222 11 37241 22 37336 37 37376 31 37478 11 37498 22 37592 36 37632 31 37733 11 37755 21 37849 35 37888 32 37988 11 38011 21 38087 3 38105 34 38144 33 38246 9 38269 20 38341 6 38361 33 38400 33 38502 8 38527 18 38583 3 38597 6 38617 32 38656 34 38785 16 38839 3 38852 8 38874 23 38899 5 38912 35 39042 15 39095 3 39108 8 39131 20 39156 2 39168 36 39299 16 39365 8 39424 36 39556 15 39621 8 39680 36 39813 16 39877 8 39936 37 40069 16 40133 8 40192 37 40327 14 40389 8 40448 37 40585 12 40645 8 40704 37 40845 6 40901 7 40960 37 41102 5 41157 7 41216 37 41361 2 41414 5 41472 37 41671 3 41728 37 41984 36 42240 36 42496 36 42752 37 42912 3 42918 4 43008 37 43167 13 43264 38 43422 15 43520 39 43677 17 43776 40 43849 4 43933 18 44032 40 44103 8 44188 19 44288 40 44357 12 44443 20 44544 40 44612 14 44699 20 44800 39 44867 16 44954 21 45056 39 45123 15 45210 21 45312 37 45379 15 45466 21 45568 37 45635 15 45722 21 45824 18 45843 17 45890 15 45978 21 46080 16 46100 16 46146 15 46234 22 46336 35 46401 17 46491 20 46592 34 46657 17 46747 20 46848 32 46913 18 47003 4 47012 11 47104 31 47147 3 47169 18 47271 6 47360 29 47402 5 47426 18 47616 31 47658 5 47682 18 47872 34 47913 6 47938 17 48128 35 48169 6 48195 16 48384 36 48425 8 48451 16 48640 37 48681 8 48707 16 48896 37 48937 8 48963 16 49152 37 49193 8 49219 16 49335 4 49408 37 49449 7 49477 14 49507 2 49581 17 49664 37 49706 6 49733 13 49762 3 49837 18 49920 37 49965 2 49991 10 50017 4 50093 20 50176 36 50248 9 50273 4 50349 20 50432 36 50507 2 50528 5 50604 22 50688 36 50781 8 50860 22 50944 37 51034 11 51115 24 51200 37 51287 15 51371 24 51456 37 51540 19 51626 25 51712 37 51795 20 51882 25 51968 37 52049 23 52137 26 52224 37 52305 23 52393 26 52480 37 52559 24 52649 26 52736 36 52815 24 52904 27 52992 35 53069 26 53160 28 53248 35 53323 27 53416 28 53504 11 53519 19 53577 28 53671 29 53760 12 53775 19 53833 28 53927 28 54016 13 54033 17 54089 28 54180 23 54208 2 54272 13 54291 15 54346 26 54435 22 54528 13 54551 10 54602 25 54692 19 54784 13 54808 8 54858 24 54893 2 54949 16 55040 13 55066 4 55114 21 55148 5 55205 13 55296 13 55362 3 55370 21 55403 6 55461 12 55552 15 55616 6 55625 21 55659 6 55719 8 55808 15 55871 9 55881 21 55915 6 55975 7 56051 6 56064 16 56127 33 56171 4 56305 12 56320 17 56381 36 56559 15 56576 17 56636 39 56812 19 56832 17 56892 40 57068 38 57148 41 57323 40 57404 41 57579 42 57661 39 57833 45 57918 37 58088 48 58175 35 58257 1 58338 54 58395 3 58431 23 58459 6 58511 3 58593 62 58689 4 58697 11 58766 5 58849 62 58954 9 59022 4 59105 62 59212 4 59279 3 59360 63 59535 3 59616 63 59871 64 60127 62 60305 1 60383 62 60560 2 60639 60 60816 3 60894 61 61072 3 61150 59 61328 3 61406 59 61583 5 61661 60 61839 6 61917 60 62094 8 62173 59 62350 8 62428 60 62605 10 62684 59 62861 8 62940 59 63119 6 63195 60 63369 4 63451 60 63625 2 63707 35 63744 22 63963 30 64000 22 64195 5 64219 28 64256 21 64415 3 64448 9 64475 27 64512 21 64669 7 64703 12 64731 27 64768 21 64923 10 64945 9 64958 13 64986 27 65024 21 65179 11 65199 12 65214 13 65241 28 65280 20 65351 3 65409 4 65435 48 65497 28
402654,0 65536
403524,16 41 68 4 271 42 324 4 527 43 581 4 782 44 837 4 1036 47 1093 3 1290 49 1349 3 1545 50 1605 2 1801 51 1861 2 2056 52 2117 2 2313 52 2373 2 2569 52 2629 2 2825 52 3081 53 3337 54 3593 54 3848 57 4047 1 4104 57 4302 2 4359 59 4558 2 4615 59 4813 4 4870 61 5041 2 5069 4 5126 61 5297 2 5326 2 5381 62 5554 5 5637 62 5893 62 6149 62 6222 4 6405 63 6478 3 6660 65 6734 3 6914 67 6991 2 7168 69 7247 3 7424 70 7503 5 7680 70 7759 5 7936 69 8015 4 8153 2 8192 69 8271 4 8409 3 8448 69 8528 2 8665 4 8673 5 8704 69 8921 3 8929 5 8960 70 9185 5 9216 71 9441 4 9472 73 9728 73 9984 73 10240 72 10496 72 10752 72 11008 72 11264 73 11469 2 11520 75 11723 6 11776 75 11979 6 12032 76 12231 12 12288 76 12486 14 12544 77 12741 16 12800 77 12996 17 13056 77 13251 19 13312 78 13507 19 13568 79 13763 18 13824 81 14019 18 14080 81 14276 15 14336 81 14532 15 14592 81 14789 12 14848 81 15047 9 15104 83 15360 85 15616 87 15872 87 16128 89 16384 91 16640 91 16896 91 17152 91 17408 91 17664 90 17920 89 18176 89 18432 90 18688 90 18944 91 19200 91 19456 91 19712 94 19968 98 20223 104 20479 105 20734 107 20989 107 21245 89 21338 14 21501 89 21593 14 21760 103 22016 101 22272 101 22528 100 22683 6 22784 100 22898 3 22938 10 22949 2 22964 1 23040 99 23153 6 23185 4 23192 11 23205 3 23219 4 23296 99 23408 9 23439 20 23462 5 23475 4 23552 100 23663 11 23695 20 23717 8 23729 7 23808 101 23919 14 23939 2 23950 42 24064 102 24173 17 24194 4 24206 43 24320 137 24461 43 24576 184 24832 183 25088 183 25344 183 25600 183 25856 183 26112 93 26207 88 26368 93 26463 87 26624 93 26719 86 26880 180 27136 178 27392 175 27648 174 27904 171 28160 169 28416 168 28672 167 28928 147 29077 19 29184 146 29336 17 29440 144 29596 1 29599 12 29696 143 29857 10 29952 142 30116 7 30208 141 30373 6 30464 141 30622 13 30720 141 30877 13 30976 140 31129 13 31232 141 31384 15 31488 147 31636 20 31744 169 31919 1 32000 178 32256 179 32512 179 32768 181 33024 129 33157 49 33280 129 33411 44 33456 6 33536 173 33713 5 33792 169 33962 3 33969 6 34048 169 34219 11 34304 169 34475 11 34560 169 34731 11 34816 182 35072 182 35328 182 35518 1 35584 183 35773 3 35840 183 36029 3 36096 185 36285 3 36352 186 36542 3 36608 185 36797 6 36864 185 37053 6 37120 185 37309 6 37376 185 37564 7 37632 195 37837 6 37888 195 38092 7 38144 188 38333 6 38348 7 38400 187 38589 6 38603 8 38656 112 38769 72 38860 4 38912 110 39025 72 39168 107 39281 70 39424 107 39537 69 39680 86 39767 20 39794 61 39857 1 39936 85 40023 20 40051 2 40060 49 40192 105 40316 45 40369 2 40448 105 40571 45 40625 3 40629 3 40641 1 40704 104 40827 43 40881 8 40891 8 40960 103 41083 38 41122 3 41136 19 41216 101 41340 36 41379 2 41391 8 41400 11 41472 103 41593 40 41634 3 41647 20 41728 99 41828 5 41845 22 41869 12 41882 13 41901 22 41984 97 42085 4 42091 1 42097 2 42100 23 42125 12 42139 12 42157 22 42240 97 42338 11 42351 30 42383 24 42412 24 42496 97 42594 12 42607 30 42640 23 42667 27 42752 96 42850 23 42886 8 42896 23 42923 29 43008 96 43106 22 43141 10 43153 23 43179 29 43264 96 43362 21 43397 10 43410 23 43434 30 43520 119 43653 11 43666 14 43682 7 43690 30 43776 118 43910 11 43922 14 43940 36 44032 117 44166 26 44197 35 44288 110 44422 11 44434 53 44544 103 44651 2 44678 11 44691 52 44800 102 44927 3 44934 9 44948 45 45056 102 45181 7 45191 4 45204 41 45312 103 45436 10 45460 40 45568 103 45691 11 45715 41 45824 83 45912 11 45944 14 45969 28 45999 15 46084 79 46168 10 46200 14 46225 26 46256 17 46283 6 46294 2 46340 92 46438 2 46455 24 46484 21 46513 19 46537 17 46595 92 46693 5 46711 26 46743 18 46770 20 46792 19 46851 92 46949 5 46967 25 47006 11 47026 43 47107 93 47205 5 47225 22 47263 10 47283 42 47362 96 47461 4 47469 4 47483 18 47522 9 47539 44 47617 96 47718 1 47725 4 47739 18 47779 8 47795 44 47872 97 47980 3 47997 14 48035 10 48051 44 48128 96 48227 1 48235 4 48253 13 48292 9 48308 43 48384 97 48491 2 48509 10 48549 8 48565 42 48640 99 48747 2 48758 1 48764 9 48808 5 48821 42 48896 99 49003 1 49013 3 49019 4 49057 2 49078 40 49152 99 49269 4 49274 4 49312 5 49334 40 49408 99 49521 13 49568 7 49581 4 49590 39 49664 100 49777 13 49823 10 49837 4 49846 39 49920 4 49929 71 50002 19 50033 12 50078 19 50103 39 50176 2 50185 71 50258 19 50289 12 50334 19 50359 39 50441 71 50515 18 50543 14 50589 14 50605 4 50617 38 50697 71 50775 14 50799 15 50836 1 50845 13 50873 38 50953 74 51032 12 51054 16 51092 1 51101 12 51129 6 51139 28 51209 76 51287 13 51310 15 51357 11 51385 6 51396 27 51465 90 51565 14 51615 6 51643 3 51652 26 51721 90 51819 16 51843 1 51899 3 51908 26 51977 80 52061 8 52073 13 52163 26 52233 80 52317 8 52328 12 52419 26 52489 80 52577 4 52583 10 52675 26 52745 80 52835 1 52839 9 52931 26 53001 80 53096 4 53187 26 53257 80 53443 28 53513 80 53661 3 53699 30 53769 80 53916 4 53955 32 54025 76 54171 5 54211 33 54281 76 54366 1 54390 1 54426 6 54467 34 54537 76 54621 4 54645 2 54683 4 54701 6 54721 36 54793 76 54877 5 54901 2 54939 2 54956 7 54977 35 55049 76 55133 6 55157 3 55211 9 55231 36 55305 76 55389 6 55398 1 55413 3 55467 9 55487 36 55562 75 55645 6 55653 4 55668 6 55723 9 55742 34 55818 75 55901 6 55909 4 55924 6 55979 10 55998 31 56075 74 56157 6 56164 6 56181 6 56235 10 56254 28 56332 73 56411 3 56415 11 56437 7 56489 12 56510 25 56589 72 56664 16 56695 5 56748 10 56766 25 56845 90 56951 5 57007 9 57022 24 57101 88 57208 3 57268 9 57279 22 57357 67 57427 17 57464 3 57524 7 57535 22 57613 62 57687 4 57692 7 57780 5 57792 19 57869 62 57943 4 57948 6 58051 16 58126 60 58201 8 58238 5 58308 13 58382 59 58457 7 58493 6 58564 12 58639 61 58734 1 58750 5 58820 10 58897 4 58903 54 58988 3 59007 4 59076 9 59160 55 59242 5 59332 7 59417 54 59498 5 59591 2 59673 58 59753 4 59930 60 60010 2 60185 64 60251 4 60441 72 60697 72 60951 74 61206 67 61274 7 61463 64 61531 6 61719 56 61975 56 62166 3 62232 53 62489 52 62746 50 63002 14 63017 35 63259 5 63274 33 63423 6 63515 5 63530 28 63559 4 63678 7 63772 5 63786 27 63933 8 64029 4 64042 27 64139 2 64189 8 64283 6 64296 29 64393 4 64445 8 64538 8 64551 29 64649 4 64701 8 64794 11 64806 30 64904 5 64945 1 64957 7 65050 43 65160 4 65201 1 65214 5 65306 43 65415 4 65433 4 65457 2
403905,0 43 67 151 219 20 256 5 262 38 324 139 466 7 475 20 518 39 580 138 723 4 731 21 775 38 837 137 985 24 1031 38 1093 137 1240 25 1290 35 1351 135 1495 28 1547 34 1606 137 1750 29 1803 35 1861 138 2005 31 2060 34 2117 138 2261 32 2317 33 2373 174 2573 32 2629 174 2817 3 2830 31 2885 172 3073 4 3087 30 3141 172 3329 4 3347 22 3397 171 3585 6 3604 21 3653 170 3840 7 3862 17 3899 180 4096 8 4119 13 4154 181 4352 8 4376 10 4410 36 4447 63 4511 80 4599 4 4608 7 4633 8 4666 31 4703 61 4770 7 4778 69 4854 6 4864 8 4892 3 4922 29 4959 60 5037 66 5109 8 5120 8 5178 28 5215 59 5293 66 5365 10 5376 9 5435 26 5471 57 5550 65 5620 21 5691 26 5727 56 5805 66 5876 21 5947 25 5982 51 6057 70 6131 22 6204 23 6238 51 6312 71 6387 21 6460 23 6493 51 6567 71 6643 21 6716 23 6749 50 6822 72 6899 20 6972 22 7005 44 7077 74 7152 23 7228 21 7261 41 7333 99 7435 8 7484 19 7517 34 7589 112 7709 1 7740 19 7774 31 7845 125 7997 17 8031 28 8101 126 8253 17 8288 25 8357 126 8508 17 8543 26 8609 131 8764 17 8798 8 8807 18 8865 132 9019 18 9053 6 9063 20 9120 25 9151 10 9164 32 9199 54 9275 18 9308 32 9376 25 9409 6 9421 30 9455 56 9532 15 9563 34 9632 23 9680 25 9712 55 9788 15 9818 36 9862 1 9888 23 9937 24 9968 55 10045 19 10073 40 10114 7 10145 20 10193 24 10223 56 10301 20 10329 50 10401 18 10449 23 10479 9 10493 42 10558 20 10584 52 10641 4 10659 9 10704 25 10736 6 10752 39 10815 19 10840 54 10895 7 10918 5 10959 27 10993 4 11008 7 11020 26 11073 18 11095 65 11213 32 11249 3 11264 5 11277 25 11329 18 11351 65 11469 33 11505 4 11533 25 11585 18 11607 65 11724 35 11761 4 11790 24 11841 18 11861 68 11979 42 12047 23 12096 19 12116 69 12235 43 12303 23 12352 90 12491 43 12559 23 12607 93 12746 43 12816 21 12863 94 13001 44 13073 20 13117 98 13257 42 13329 20 13373 99 13513 42 13585 20 13627 102 13770 41 13841 20 13883 103 14026 37 14064 3 14098 19 14139 104 14283 34 14355 18 14395 104 14539 33 14611 18 14650 106 14797 30 14867 18 14906 107 15053 30 15126 15 15161 109 15311 27 15379 19 15417 110 15568 27 15631 24 15673 115 15827 26 15887 24 15929 116 16083 28 16141 26 16183 120 16339 30 16383 1 16397 26 16439 120 16594 33 16639 1 16652 27 16695 122 16849 33 16893 3 16908 26 16951 124 17104 33 17145 7 17163 26 17206 126 17356 37 17399 9 17419 26 17462 127 17611 53 17675 27 17717 130 17866 54 17931 27 17973 130 18121 55 18187 29 18228 133 18377 55 18443 29 18484 133 18633 55 18699 30 18737 136 18888 56 18955 31 18991 138 19144 56 19211 32 19245 141 19392 64 19467 176 19646 66 19723 245 19979 245 20235 245 20491 245 20745 247 21001 247 21257 72 21333 171 21513 71 21590 170 21769 66 21847 169 22025 66 22103 169 22280 66 22361 167 22535 67 22618 169 22791 67 22876 169 23046 68 23133 236 23390 235 23646 235 23902 235 24158 235 24406 1 24415 235 24661 4 24671 236 24917 6 24929 236 25173 6 25187 235 25429 8 25446 233 25685 8 25701 237 25941 9 25954 196 26156 39 26197 254 26454 253 26711 252 26968 251 27225 251 27481 251 27738 250 27995 249 28251 250 28508 249 28765 248 29021 248 29277 248 29535 246 29791 246 30047 246 30304 247 30559 249 30814 3002 33817 252 34075 250 34331 250 34587 250 34843 250 35099 250 35355 248 35610 178 35792 67 35866 178 36049 66 36121 249 36377 248 36632 249 36888 248 37143 249 37399 249 37655 249 37911 249 38167 248 38423 248 38679 247 38935 245 39191 244 39447 243 39702 244 39957 245 40209 249 40464 250 40719 60 40781 189 40975 58 41037 189 41230 51 41295 187 41486 52 41551 188 41740 54 41806 245 42061 249 42318 249 42574 251 42830 252 43086 253 43341 1025 44367 255 44624 253 44880 254 45135 255 45391 3070 48465 251 48722 249 48979 248 49236 247 49492 246 49749 245 50005 245 50261 73 50335 170 50517 72 50591 170 50774 71 50847 154 51012 3 51031 69 51103 153 51287 69 51359 151 51544 68 51615 151 51801 67 51871 151 52061 5 52068 56 52133 145 52325 55 52391 144 52583 57 52649 142 52840 57 52907 140 53097 57 53164 13 53192 111 53354 57 53421 12 53447 112 53611 58 53678 11 53702 113 53867 58 53935 10 53957 116 54123 59 54193 8 54213 116 54343 3 54379 60 54449 9 54468 119 54597 6 54635 61 54705 10 54723 121 54852 8 54891 62 54961 10 54979 122 55106 11 55146 65 55218 10 55233 125 55361 12 55401 67 55475 9 55487 144 55655 71 55735 152 55911 72 55995 116 56114 30 56167 72 56253 114 56370 30 56423 73 56509 113 56626 31 56679 75 56765 113 56882 31 56935 76 57021 113 57137 32 57178 3 57191 79 57277 114 57393 32 57433 4 57447 81 57533 148 57688 6 57701 84 57789 148 57943 7 57956 86 58045 148 58197 100 58303 146 58453 100 58559 250 58816 249 59072 249 59329 248 59585 247 59842 246 60099 246 60356 245 60613 246 60870 246 61126 247 61383 246 61639 247 61895 247 62151 247 62408 246 62664 247 62921 246 63177 55 63234 190 63433 55 63491 191 63689 55 63753 186 63944 56 64011 185 64200 56 64267 245 64525 243 64784 79 64867 157 65040 77 65123 5 65129 81 65211 69 65297 74 65379 3 65385 79 65471 65
409913,0 17 42 125 256 15 298 124 512 13 555 123 768 12 811 122 1024 11 1066 123 1280 10 1321 123 1536 10 1577 123 1792 10 1833 124 2048 10 2089 124 2304 9 2347 121 2560 9 2604 120 2816 9 2861 118 3072 8 3119 115 3328 8 3375 114 3584 7 3631 114 3840 7 3887 113 4096 7 4143 112 4352 7 4399 110 4608 6 4655 110 4864 5 4912 107 5120 5 5168 107 5376 3 5425 106 5632 1 5681 106 5938 104 6195 82 6280 17 6452 79 6537 16 6708 79 6796 13 6965 76 7054 10 7222 23 7247 49 7311 9 7481 17 7505 45 7568 7 7737 16 7762 44 7817 1 7825 6 7995 13 8020 41 8073 2 8255 7 8278 39 8329 4 8537 36 8794 35 9051 34 9307 34 9563 16 9581 16 9607 3 9819 15 9839 14 9862 4 10075 14 10095 13 10118 4 10331 14 10352 12 10374 4 10589 12 10609 10 10631 3 10845 12 10867 7 10887 3 11103 10 11144 2 11360 8 11401 1 24831 1 25085 3 25340 4 25595 5 25850 6 26105 7 26360 8 26613 11 26869 11 27124 12 27380 12 27635 13 27891 13 28147 13 28348 4 28365 2 28402 14 28585 1 28603 9 28617 8 28658 14 28840 3 28859 24 28913 15 29094 8 29114 26 29167 17 29350 9 29365 31 29423 17 29605 48 29679 17 29861 48 29935 17 30117 48 30199 9 30373 48 30455 9 30630 47 30712 8 30887 45 30969 7 31143 44 31225 7 31400 43 31480 8 31543 3 31657 42 31736 8 31795 1 31799 4 31913 41 31992 8 32051 2 32170 38 32237 2 32246 10 32305 4 32426 36 32491 6 32501 11 32558 3 32683 32 32745 23 32813 4 32939 32 33001 23 33069 4 33195 32 33256 24 33325 3 33452 5 33461 22 33511 24 33581 2 33710 2 33720 19 33766 17 33838 1 33853 1 33967 1 33977 18 34021 18 34109 2 34222 2 34243 8 34277 16 34365 2 34478 2 34499 7 34533 16 34732 5 34789 15 34987 6 35044 16 35242 7 35289 2 35300 15 35498 7 35556 15 35754 6 35813 14 36010 6 36069 14 36325 14 36580 15 36674 2 36835 16 36929 4 37091 16 37185 4 37345 18 37441 4 37601 18 37627 5 37697 3 37857 16 37881 7 37953 1 38113 16 38136 8 38297 4 38369 14 38391 9 38551 6 38625 14 38647 9 38804 11 38881 12 38902 10 39059 12 39138 11 39157 11 39313 16 39395 10 39413 11 39569 16 39652 8 39668 12 39823 18 39923 13 39981 3 40079 18 40175 2 40178 14 40235 6 40251 4 40336 23 40428 20 40490 8 40507 6 40592 24 40684 20 40745 10 40761 10 40849 23 40939 21 41000 11 41016 12 41035 6 41105 24 41196 20 41255 44 41361 24 41452 20 41510 45 41617 24 41708 20 41765 48 41872 25 41915 10 41965 19 42020 49 42119 4 42128 25 42171 11 42221 19 42274 52 42373 35 42424 15 42477 19 42529 53 42591 5 42629 34 42678 17 42732 20 42785 54 42845 8 42883 36 42932 20 42988 20 43041 54 43099 11 43139 36 43188 20 43244 20 43297 54 43354 12 43371 4 43395 37 43443 22 43500 20 43554 54 43609 13 43625 7 43650 39 43699 22 43756 20 43811 79 43905 40 43955 22 44011 21 44067 79 44161 40 44211 22 44267 21 44322 81 44416 41 44467 23 44522 22 44578 81 44672 41 44723 23 44778 22 44833 82 44928 44 44979 24 45033 23 45089 82 45184 75 45288 24 45345 82 45441 74 45542 26 45601 82 45697 74 45797 27 45858 81 45952 76 46049 31 46114 81 46208 76 46303 33 46370 80 46463 77 46555 37 46627 78 46718 78 46811 37 46883 78 46974 79 47065 39 47139 78 47229 80 47319 41 47396 77 47485 131 47653 80 47741 131 47909 82 47997 131 48165 83 48251 133 48422 218 48679 88 48770 126 48935 88 49026 126 49191 217 49411 3 49448 216 49665 7 49704 230 49960 231 50216 233 50473 233 50731 233 50989 233 51245 54 51303 176 51509 45 51559 176 51766 44 51816 176 52026 40 52072 23 52100 148 52282 40 52329 20 52357 147 52539 39 52586 19 52615 145 52795 38 52842 19 52872 144 53051 38 53098 19 53129 143 53307 39 53353 22 53386 143 53564 39 53608 27 53643 9 53653 131 53821 38 53863 30 53901 139 54079 72 54159 136 54335 73 54417 134 54593 73 54673 133 54849 74 54929 132 55107 72 55185 132 55363 72 55441 133 55619 72 55697 133 55875 72 55953 134 56121 82 56210 133 56375 84 56466 133 56628 87 56723 133 56883 88 56980 132 57139 88 57237 53 57297 16 57315 53 57395 88 57493 52 57553 17 57572 52 57650 88 57751 50 57810 17 57832 10 57843 37 57906 88 58007 49 58066 17 58089 8 58101 34 58164 86 58264 48 58322 16 58346 45 58421 85 58520 49 58578 15 58603 43 58678 84 58777 46 58833 15 58859 42 58937 81 59033 46 59087 16 59115 41 59197 77 59289 44 59342 14 59371 42 59454 76 59546 41 59598 15 59627 43 59711 76 59807 35 59854 17 59877 50 59968 75 60064 33 60110 17 60131 67 60225 74 60319 33 60366 91 60481 75 60575 32 60622 103 60734 79 60830 32 60879 104 60989 80 61085 33 61135 20 61157 84 61244 82 61341 32 61394 15 61415 167 61596 33 61655 10 61671 168 61851 34 61915 6 61927 168 62106 34 62172 5 62183 168 62360 37 62421 186 62616 37 62675 188 62871 38 62925 194 63127 39 63180 193 63382 41 63435 195 63637 42 63691 198 63890 46 63945 247 64201 248 64455 250 64711 251 64965 252 65221 252 65477 59
416208,6655 1 6910 2 7164 4 7419 5 7670 10 7923 13 8174 18 8428 20 8680 24 8933 27 9186 30 9441 31 9694 34 9947 37 10201 39 10453 43 10705 47 10961 47 11215 49 11471 49 11725 51 11981 51 12237 51 12493 51 12748 52 13004 52 13259 53 13515 53 13769 55 14023 57 14273 63 14529 63 14784 64 15039 65 15295 65 15550 66 15803 69 16059 69 16311 73 16566 74 16821 75 17077 75 17276 4 17331 77 17529 8 17587 77 17782 13 17815 1 17843 77 18037 14 18070 4 18099 77 18290 20 18327 1 18354 78 18543 26 18610 78 18797 30 18866 78 19052 32 19123 77 19303 38 19379 77 19557 40 19635 77 19809 45 19891 77 20063 47 20147 77 20317 50 20403 77 20571 52 20659 77 20822 57 20917 75 21077 58 21173 75 21331 59 21429 75 21583 63 21685 75 21837 64 21943 73 22092 65 22200 72 22343 69 22456 72 22598 69 22712 72 22852 70 22968 72 23105 73 23224 72 23349 84 23481 71 23603 87 23737 71 23854 93 23993 71 24108 95 24248 72 24362 97 24504 72 24617 99 24737 1 24760 72 24869 104 24993 2 25012 76 25123 107 25249 1 25267 77 25377 114 25494 1 25500 1 25510 11 25522 7 25531 69 25628 119 25749 3 25755 2 25766 19 25786 70 25881 128 26010 4 26023 89 26135 136 26279 89 26387 237 26641 239 26891 245 27145 247 27394 6813 34211 249 34469 248 34725 248 34980 249 35235 250 35490 10 35501 239 35744 11 35759 234 35999 12 36016 232 36257 10 36275 229 36513 8 36531 228 36769 7 36788 227 37025 6 37044 226 37300 226 37556 226 37811 226 38067 226 38311 8 38322 227 38567 238 38821 241 39076 243 39332 245 39587 4366 43954 255 44210 1819 46032 252 46289 248 46547 246 46803 245 47060 243 47317 242 47575 239 47831 239 48088 237 48344 235 48600 235 48856 223 49081 1 49113 222 49369 220 49627 218 49884 217 50141 216 50398 214 50654 214 50911 213 51167 213 51423 213 51681 211 51937 210 52193 210 52449 210 52706 209 52963 206 53197 3 53220 205 53451 5 53477 205 53701 11 53734 204 53956 12 53990 205 54211 12 54247 204 54466 13 54505 204 54720 14 54762 205 54975 14 55019 206 55230 14 55277 204 55486 13 55533 204 55742 13 55791 202 55997 14 56047 220 56303 220 56559 219 56816 217 57073 216 57329 6 57337 207 57585 5 57594 203 57841 4 57851 202 58097 4 58109 198 58354 3 58367 192 58611 3 58623 191 58868 2 58879 190 59124 1 59129 2 59135 188 59385 2 59391 187 59636 2 59641 2 59647 186 59891 3 59898 1 59904 184 60147 3 60160 185 60403 4 60416 185 60625 6 60659 4 60672 183 60881 10 60914 5 60928 183 61137 15 61170 5 61184 183 61393 17 61425 7 61440 183 61649 17 61682 5 61696 182 61905 18 61938 2 61952 182 62161 18 62194 1 62208 181 62417 18 62464 180 62673 17 62720 180 62928 18 62976 180 63184 17 63232 180 63439 18 63488 180 63694 19 63744 180 63939 8 63949 20 64000 181 64195 9 64205 18 64256 181 64448 33 64512 181 64703 34 64768 181 64959 35 65024 182 65215 36 65280 184 65470 1 65475 32
416662,56 7 74 11 112 22 161 90 311 9 329 12 368 22 417 90 567 9 582 15 624 22 673 90 821 12 835 18 879 22 930 88 1076 34 1133 24 1187 87 1329 37 1388 25 1445 84 1585 36 1644 25 1702 83 1839 38 1900 24 1958 83 2094 39 2156 23 2214 83 2348 41 2411 23 2470 85 2557 3 2603 42 2667 22 2726 90 2859 42 2923 20 2981 91 3115 43 3179 20 3237 91 3370 45 3435 19 3492 92 3619 4 3625 49 3691 18 3748 92 3873 60 3938 6 3947 18 4005 91 4129 61 4193 8 4203 18 4261 91 4383 73 4461 15 4517 18 4539 69 4639 72 4717 14 4774 17 4797 67 4895 72 4975 10 5031 15 5054 66 5151 71 5231 9 5288 14 5311 65 5407 68 5491 1 5547 8 5575 13 5589 43 5663 69 5803 8 5831 57 5919 70 6057 13 6088 56 6175 70 6313 14 6344 17 6363 37 6432 70 6516 5 6569 16 6599 18 6621 35 6689 69 6772 7 6825 17 6855 19 6877 35 6947 68 7027 8 7080 20 7111 20 7133 35 7204 68 7283 10 7335 22 7367 21 7389 35 7461 69 7536 13 7591 24 7622 58 7717 70 7790 15 7847 10 7858 14 7884 52 7974 88 8103 8 8115 15 8144 48 8230 88 8359 7 8371 16 8401 47 8486 88 8615 6 8629 14 8659 6 8671 33 8742 89 8871 6 8885 14 8915 4 8927 33 8998 89 9129 2 9141 14 9183 33 9254 89 9385 1 9397 14 9439 33 9510 89 9653 14 9695 33 9766 89 9909 15 9951 33 10023 88 10165 15 10205 35 10279 88 10421 15 10454 42 10535 88 10678 14 10708 44 10790 89 10935 12 10963 45 11043 92 11193 10 11218 46 11299 92 11450 7 11474 46 11553 95 11730 46 11809 95 11986 46 12066 93 12175 4 12243 45 12323 92 12431 5 12500 44 12581 60 12651 20 12686 7 12757 43 12838 59 12909 18 12931 4 12942 7 13013 43 13095 57 13165 28 13197 10 13269 43 13351 57 13422 49 13524 44 13609 54 13678 51 13779 45 13865 55 13934 52 14035 45 14121 60 14191 52 14291 45 14378 59 14448 51 14547 45 14633 4 14641 52 14704 51 14803 45 14888 5 14897 52 14960 51 15059 45 15141 8 15155 40 15199 5 15216 51 15315 45 15396 9 15411 40 15472 51 15571 45 15651 10 15669 14 15690 17 15728 50 15827 45 15906 11 15926 10 15948 14 15984 49 16083 45 16161 12 16205 12 16241 46 16339 45 16416 13 16461 10 16497 45 16595 45 16671 14 16755 42 16850 46 16926 15 17011 43 17106 46 17179 19 17273 2 17276 35 17361 47 17434 20 17531 36 17617 47 17688 22 17765 8 17787 37 17873 47 17943 23 18008 21 18043 37 18129 47 18199 22 18235 2 18242 6 18260 27 18299 36 18384 48 18455 22 18489 16 18515 29 18554 37 18640 48 18710 22 18743 18 18769 32 18810 37 18895 49 18966 22 18999 19 19025 32 19066 37 19151 49 19222 20 19255 20 19279 34 19322 37 19407 49 19477 22 19511 20 19533 37 19578 37 19663 49 19732 23 19767 60 19835 37 19919 49 19988 23 20023 60 20091 37 20175 49 20244 23 20279 60 20348 36 20431 49 20500 23 20535 60 20605 35 20687 34 20725 11 20749 5 20756 23 20791 60 20861 35 20942 34 20983 6 20991 1 21005 30 21047 60 21117 34 21198 34 21239 6 21259 33 21303 60 21373 34 21453 30 21487 1 21495 2 21500 2 21515 33 21559 60 21629 34 21700 1 21709 29 21751 1 21772 32 21815 60 21885 32 21954 5 21965 28 22028 32 22071 60 22142 31 22209 6 22221 26 22283 32 22327 59 22398 29 22465 38 22539 32 22584 8 22595 47 22655 28 22720 38 22796 31 22860 37 22911 27 22975 38 23053 13 23069 13 23116 37 23167 26 23229 41 23310 10 23327 9 23372 36 23424 24 23484 43 23567 8 23585 6 23629 34 23680 23 23741 42 23885 33 23937 17 23997 42 24142 31 24194 13 24253 42 24401 26 24452 9 24509 42 24660 22 24709 8 24765 42 24919 18 25020 43 25176 16 25275 44 25440 7 25524 51 25698 5 25779 53 26033 55 26287 58 26543 58 26798 59 26993 1 27053 59 27247 4 27309 59 27501 7 27565 59 27756 9 27820 60 28011 10 28075 61 28267 10 28331 61 28522 12 28586 61 28778 13 28840 63 29005 6 29034 13 29091 68 29179 5 29232 2 29260 9 29289 15 29338 77 29435 5 29486 11 29514 13 29545 16 29591 80 29689 7 29742 13 29769 15 29792 1 29800 17 29844 82 29944 8 29999 13 30025 28 30055 18 30090 6 30101 81 30198 10 30255 14 30281 48 30345 7 30357 80 30453 11 30511 15 30537 52 30601 7 30613 84 30701 19 30767 15 30792 53 30857 6 30869 107 31023 15 31047 55 31114 4 31125 107 31279 15 31303 55 31371 2 31381 107 31505 6 31536 13 31560 55 31637 107 31760 7 31792 13 31816 55 31893 107 32016 7 32048 13 32073 53 32151 105 32271 9 32304 13 32329 53 32407 105 32527 9 32559 14 32585 52 32663 105 32783 9 32815 14 32840 53 32919 105 33039 10 33071 14 33095 47 33143 4 33176 104 33295 10 33327 14 33351 46 33433 103 33551 10 33583 15 33605 47 33691 101 33807 10 33839 15 33861 30 33892 16 33948 100 34064 8 34095 15 34117 14 34139 4 34149 14 34208 5 34218 41 34263 41 34320 8 34351 15 34372 13 34405 14 34465 2 34475 40 34519 41 34576 8 34605 17 34628 11 34663 10 34734 35 34774 42 34832 8 34861 16 34884 11 34919 9 34991 28 35030 42 35088 8 35116 17 35141 8 35179 2 35254 19 35286 42 35344 8 35371 17 35397 8 35511 18 35542 42 35600 7 35625 18 35652 9 35767 16 35798 42 35856 7 35881 17 35908 9 36024 14 36054 42 36112 7 36136 17 36164 10 36281 11 36309 43 36368 6 36391 17 36420 11 36538 9 36565 43 36626 2 36647 17 36675 13 36795 6 36821 43 36903 17 36930 15 37052 4 37075 45 37159 17 37185 17 37329 47 37416 17 37441 18 37585 47 37672 17 37695 22 37840 48 37928 17 37951 22 38095 49 38185 16 38207 23 38351 49 38441 16 38463 24 38607 49 38698 14 38719 24 38863 49 38955 12 38975 25 39119 49 39213 8 39231 25 39375 49 39469 6 39488 24 39632 48 39726 1 39745 23 39889 47 40001 22 40145 47 40231 7 40258 21 40403 45 40486 8 40514 21 40659 45 40741 10 40771 20 40919 41 40996 11 41027 19 41176 34 41214 2 41251 12 41284 17 41434 30 41470 2 41507 13 41540 16 41690 27 41726 2 41762 14 41795 10 41946 21 41981 3 42018 14 42051 9 42202 21 42237 3 42274 16 42306 10 42455 9 42467 14 42491 5 42529 18 42562 9 42711 7 42725 13 42747 5 42786 17 42817 10 42965 8 42981 27 43042 17 43073 10 43115 3 43221 9 43237 27 43299 16 43328 11 43369 7 43468 18 43493 27 43555 15 43584 12 43623 10 43723 19 43749 27 43814 11 43841 12 43878 11 43895 9 43978 20 44004 28 44073 6 44091 4 44098 11 44133 13 44151 9 44233 21 44259 29 44347 1 44355 9 44389 28 44488 56 44611 9 44645 29 44743 57 44868 7 44900 31 44999 15 45021 35 45125 6 45156 31 45255 14 45277 35 45381 3 45411 32 45513 12 45532 36 45624 2 45667 32 45773 7 45787 37 45875 10 45922 34 46043 37 46130 11 46177 35 46299 38 46385 16 46431 37 46555 39 46641 17 46686 38 46811 40 46897 18 46939 41 47067 40 47153 18 47195 40 47323 40 47409 18 47438 1 47449 42 47579 41 47665 18 47694 2 47703 44 47835 44 47920 19 47949 54 48091 46 48176 18 48204 54 48348 47 48396 3 48432 17 48459 54 48604 51 48689 16 48714 55 48860 52 48933 4 48944 17 48969 55 49116 52 49188 6 49200 17 49225 54 49372 53 49443 10 49455 18 49481 54 49629 52 49699 10 49711 18 49737 54 49883 18 49908 29 49954 31 49993 54 50138 17 50173 20 50210 31 50249 54 50393 17 50430 20 50465 32 50506 10 50519 39 50606 3 50648 16 50687 20 50721 32 50763 8 50775 39 50861 5 50903 15 50943 20 50977 32 51021 3 51033 36 51111 12 51159 14 51199 20 51233 32 51290 33 51366 14 51415 14 51456 20 51489 31 51548 30 51605 4 51620 16 51671 15 51712 19 51745 31 51805 28 51861 5 51875 17 51927 17 51959 2 51968 19 52002 30 52061 28 52118 5 52129 20 52183 19 52213 30 52258 17 52279 8 52307 4 52318 27 52374 5 52383 22 52440 18 52468 31 52515 15 52539 4 52562 5 52575 32 52616 5 52629 32 52695 19 52723 33 52771 14 52797 1 52817 7 52833 30 52871 7 52884 33 52950 20 52978 35 53028 13 53072 8 53091 29 53126 47 53198 27 53233 38 53285 12 53327 9 53348 29 53381 49 53453 28 53489 39 53542 12 53583 9 53605 11 53619 67 53708 29 53744 40 53799 11 53839 10 53861 10 53877 65 53964 29 54000 41 54057 9 54095 11 54117 11 54135 63 54219 30 54255 42 54313 9 54350 12 54374 10 54391 64 54475 29 54511 43 54571 6 54606 14 54631 79 54731 79 54827 4 54863 14 54887 79 54988 79 55119 14 55144 77 55245 77 55375 15 55400 76 55502 76 55627 19 55656 75 55765 59 55825 9 55881 21 55912 75 56023 66 56136 22 56168 74 56281 6 56289 54 56391 23 56424 74 56546 51 56635 2 56645 25 56679 74 56803 49 56890 7 56899 26 56935 74 57059 48 57145 34 57188 77 57315 46 57399 31 57441 80 57570 45 57652 33 57695 81 57825 46 57907 34 57951 81 58081 44 58161 35 58207 80 58296 3 58337 43 58416 35 58463 76 58551 5 58592 40 58671 36 58717 74 58805 7 58848 39 58926 37 58973 74 59059 9 59104 38 59181 38 59227 76 59313 12 59359 39 59437 38 59482 77 59569 12 59615 38 59691 39 59737 78 59825 15 59871 38 59947 39 59992 57 60051 21 60080 17 60127 37 60203 39 60247 56 60309 19 60336 21 60384 35 60458 40 60503 55 60567 12 60581 3 60592 23 60640 32 60713 42 60757 56 60823 13 60848 25 60896 32 60969 42 61013 55 61079 14 61104 25 61153 31 61225 98 61334 15 61360 25 61409 31 61480 43 61524 55 61589 17 61615 27 61666 30 61736 41 61780 55 61845 19 61870 28 61923 29 61992 41 62037 54 62100 21 62125 30 62179 29 62248 40 62293 52 62355 56 62436 28 62504 39 62549 52 62611 56 62693 27 62761 38 62805 52 62867 57 62951 25 63018 37 63062 51 63123 57 63208 24 63275 35 63319 50 63378 59 63465 23 63531 35 63573 52 63633 62 63721 23 63787 35 63827 54 63887 68 63978 22 64043 35 64083 54 64143 69 64234 22 64299 34 64339 130 64491 21 64553 36 64595 130 64747 21 64809 36 64851 130 65003 21 65066 34 65108 129 65259 21 65322 33 65365 128 65515 21
417960,0 65536
418853,0 65536
421383,47 52 101 30 162 18 182 2 196 4 202 45 303 52 357 30 418 21 440 2 451 51 559 52 613 30 673 22 696 2 707 51 815 52 869 29 927 27 962 51 1071 51 1125 29 1182 28 1217 52 1309 2 1327 50 1381 28 1436 30 1473 52 1565 2 1583 49 1637 28 1692 30 1729 52 1821 2 1829 4 1839 11 1860 28 1893 28 1948 30 1983 53 2085 6 2093 12 2117 26 2148 28 2204 30 2239 53 2341 4 2348 14 2375 26 2402 29 2459 31 2491 57 2597 2 2604 15 2631 56 2715 30 2746 58 2858 17 2887 12 2905 34 2969 91 3110 21 3143 12 3161 34 3223 93 3365 23 3399 9 3417 32 3478 95 3621 24 3654 11 3672 33 3733 96 3876 25 3906 17 3927 31 3988 96 4132 49 4183 30 4244 95 4384 83 4499 90 4640 82 4755 90 4895 82 5011 89 5151 82 5267 90 5363 2 5406 83 5524 98 5661 84 5780 99 5916 85 6036 100 6165 92 6292 101 6420 93 6548 101 6669 100 6805 101 6925 99 7061 101 7180 100 7317 101 7436 99 7574 100 7692 98 7831 99 7948 95 8088 37 8128 57 8204 94 8345 35 8385 56 8460 91 8604 32 8639 58 8717 89 8816 3 8861 30 8894 59 8975 80 9071 6 9117 31 9149 59 9232 78 9327 6 9364 1 9373 91 9489 74 9583 8 9597 5 9619 4 9629 90 9745 74 9839 8 9853 6 9875 5 9886 89 9999 76 10095 9 10107 10 10130 7 10145 86 10242 1 10254 76 10352 8 10362 11 10386 7 10401 86 10497 4 10503 83 10611 3 10617 13 10641 6 10659 84 10752 90 10873 13 10897 2 10915 84 11010 87 11129 14 11151 3 11171 84 11267 86 11386 13 11405 5 11427 84 11524 85 11612 7 11642 24 11681 86 11780 85 11868 8 11898 24 11937 86 12036 85 12125 8 12155 24 12193 87 12291 85 12381 8 12412 23 12448 9 12464 73 12547 85 12637 8 12667 26 12703 10 12721 72 12803 85 12893 8 12923 27 12959 10 12979 71 13059 84 13150 6 13177 30 13214 11 13238 69 13316 83 13406 4 13433 31 13469 13 13495 2 13499 64 13573 84 13690 31 13723 16 13755 68 13829 84 13946 31 13978 18 14010 69 14086 83 14201 53 14262 74 14343 82 14457 54 14518 74 14599 83 14714 53 14774 74 14854 59 14919 19 14971 52 15030 74 15109 13 15123 44 15176 18 15227 52 15286 74 15364 13 15379 43 15432 18 15485 50 15542 74 15619 13 15636 9 15646 31 15690 15 15742 49 15799 73 15873 16 15893 7 15903 30 15946 15 15999 49 16055 92 16159 29 16201 17 16256 17 16275 29 16311 92 16415 28 16457 17 16513 16 16531 30 16568 91 16672 25 16713 18 16769 16 16788 29 16825 90 16929 23 16968 19 17025 16 17045 28 17081 92 17185 20 17224 19 17282 15 17301 28 17338 37 17378 51 17441 19 17480 19 17538 17 17557 28 17594 37 17635 50 17699 15 17736 27 17795 17 17813 28 17851 35 17891 50 17956 14 17992 27 18051 46 18107 35 18147 51 18216 9 18249 28 18307 46 18363 36 18403 51 18475 6 18505 29 18564 45 18620 35 18659 13 18675 12 18688 21 18761 30 18821 45 18877 35 18917 7 18934 7 18944 21 19019 29 19077 46 19132 37 19174 5 19192 3 19200 21 19277 28 19333 47 19387 4 19394 31 19456 20 19533 28 19588 48 19642 5 19651 30 19712 19 19788 29 19844 51 19896 8 19909 29 19968 19 20043 29 20100 60 20167 28 20224 19 20299 29 20356 60 20423 26 20480 19 20554 29 20612 60 20680 23 20736 20 20809 30 20868 48 20917 12 20937 20 20992 21 21066 29 21124 45 21173 12 21193 19 21248 21 21322 28 21380 45 21429 12 21450 16 21487 2 21504 21 21578 28 21637 44 21685 14 21706 15 21741 6 21760 21 21834 43 21893 43 21941 20 21963 13 21992 12 22016 21 22090 44 22150 16 22170 22 22197 20 22221 10 22247 13 22272 23 22345 48 22408 13 22426 21 22453 22 22479 7 22502 16 22528 25 22601 49 22665 10 22682 21 22709 22 22737 2 22758 17 22784 28 22857 50 22921 9 22938 21 22965 23 23013 18 23040 30 23111 51 23178 8 23194 21 23221 24 23269 18 23296 31 23363 55 23434 10 23448 23 23477 24 23526 19 23552 31 23619 55 23690 37 23733 24 23782 19 23808 32 23874 57 23946 37 23989 24 24036 20 24064 32 24129 62 24193 8 24202 38 24244 25 24291 21 24320 32 24384 111 24500 27 24545 23 24576 33 24639 112 24755 28 24801 23 24832 33 24883 2 24894 111 25011 30 25057 24 25088 33 25138 5 25149 111 25267 30 25313 24 25344 33 25393 7 25403 112 25523 32 25568 26 25600 33 25649 8 25658 113 25779 32 25824 26 25856 33 25905 123 26036 31 26080 27 26112 32 26160 124 26292 30 26336 27 26368 34 26417 69 26488 53 26548 11 26563 14 26591 29 26623 36 26673 69 26744 53 26804 10 26819 14 26847 29 26879 38 26929 4 26935 62 27001 52 27061 8 27076 11 27102 30 27135 41 27181 72 27257 52 27317 7 27332 10 27357 31 27390 119 27513 52 27574 4 27588 7 27613 30 27645 120 27770 50 27845 6 27869 30 27901 56 27961 23 27985 34 28026 49 28101 4 28125 88 28217 22 28241 34 28283 48 28358 2 28381 86 28473 21 28497 34 28539 46 28637 86 28730 20 28753 32 28795 44 28893 86 28987 19 29009 30 29051 33 29088 3 29148 86 29243 18 29265 29 29307 34 29404 78 29485 4 29500 17 29521 28 29563 35 29659 79 29741 3 29756 16 29777 27 29819 36 29914 23 29939 55 30013 14 30033 26 30077 37 30167 19 30196 53 30271 11 30289 26 30333 38 30421 21 30453 52 30529 7 30545 24 30590 39 30672 24 30708 54 30801 23 30847 38 30927 22 30963 53 31017 4 31057 21 31104 38 31181 24 31219 52 31274 3 31313 20 31361 37 31437 24 31474 51 31530 4 31569 19 31618 36 31692 25 31729 52 31786 4 31825 18 31874 35 31948 26 31985 53 32042 4 32083 16 32130 35 32202 30 32240 55 32298 4 32339 16 32386 35 32451 38 32495 63 32601 8 32643 33 32704 43 32750 64 32859 4 32899 33 32959 45 33005 66 33156 31 33214 113 33413 30 33469 115 33669 30 33725 115 33926 29 33980 117 34183 28 34235 118 34441 26 34491 118 34699 24 34747 119 34955 25 35003 120 35187 4 35213 24 35259 120 35443 4 35467 26 35515 121 35700 4 35720 29 35770 123 35957 3 35975 30 36026 123 36214 1 36228 34 36282 123 36483 35 36539 123 36683 2 36738 36 36795 124 36923 1 36936 7 36993 37 37051 125 37177 5 37191 8 37241 44 37308 123 37433 5 37446 10 37497 44 37565 121 37690 5 37701 13 37752 44 37823 119 37946 6 37957 14 38008 43 38081 115 38203 26 38265 42 38338 112 38463 23 38521 41 38594 61 38656 47 38719 23 38777 38 38850 60 38912 46 38975 23 39033 36 39106 59 39168 44 39231 24 39289 35 39362 56 39424 43 39487 24 39517 2 39545 34 39619 54 39680 43 39731 37 39772 7 39788 4 39800 35 39875 34 39919 4 39936 42 39986 39 40027 10 40043 6 40056 35 40131 33 40192 43 40240 66 40313 35 40387 32 40446 116 40569 35 40643 32 40701 91 40793 26 40825 38 40899 30 40956 90 41049 26 41081 40 41155 30 41211 88 41305 28 41338 41 41411 28 41465 89 41562 28 41593 42 41667 27 41720 8 41731 78 41819 74 41922 26 41964 1 41973 11 41987 77 42075 74 42178 25 42218 7 42227 13 42244 76 42333 74 42434 25 42473 23 42500 76 42589 74 42690 23 42729 23 42757 75 42847 72 42946 23 42983 25 43013 75 43103 72 43203 23 43235 29 43270 6 43280 63 43359 72 43460 23 43487 33 43528 1 43536 63 43615 72 43715 61 43793 4 43799 54 43871 72 43971 61 44050 2 44055 54 44127 72 44227 61 44311 52 44383 71 44483 61 44567 52 44639 71 44739 61 44824 49 44894 72 44995 61 45081 48 45150 71 45251 61 45337 47 45406 70 45507 61 45594 46 45662 70 45763 61 45851 45 45918 69 46019 61 46107 44 46175 65 46275 61 46363 45 46429 64 46533 59 46619 45 46685 63 46790 58 46875 45 46940 64 47048 56 47130 46 47195 65 47306 54 47386 46 47451 14 47467 50 47566 50 47643 45 47706 67 47823 49 47899 45 47961 69 48080 48 48155 45 48217 70 48336 48 48411 44 48473 73 48593 47 48667 44 48729 75 48850 46 48924 41 48985 78 49110 42 49180 41 49241 79 49367 41 49437 37 49498 20 49521 7 49530 47 49625 39 49693 37 49755 19 49778 5 49786 47 49881 39 49951 38 50013 17 50042 47 50138 38 50208 39 50277 9 50297 48 50395 37 50468 4 50473 32 50511 3 50533 9 50554 48 50651 37 50731 31 50767 4 50789 10 50810 49 50908 36 50987 34 51023 4 51045 10 51066 49 51167 33 51243 40 51301 9 51321 50 51424 32 51499 39 51553 12 51577 51 51681 31 51755 39 51808 13 51833 52 51937 31 52011 40 52063 12 52088 53 52194 30 52268 39 52318 13 52344 53 52451 29 52524 40 52571 16 52600 53 52709 27 52780 41 52825 19 52856 53 52967 25 53036 65 53112 53 53225 23 53292 65 53368 53 53482 22 53548 66 53624 53 53700 1 53739 21 53803 67 53880 52 53955 4 53996 20 54059 67 54137 51 54199 4 54205 22 54253 19 54315 67 54394 50 54453 30 54510 18 54570 67 54651 50 54707 33 54748 3 54766 18 54826 67 54907 4 54915 82 55003 5 55022 18 55081 68 55173 81 55258 7 55279 17 55337 68 55429 82 55513 8 55536 16 55593 68 55686 93 55793 15 55849 68 55943 92 56049 15 56105 68 56200 95 56307 13 56361 68 56456 98 56565 10 56619 66 56713 101 56823 7 56875 66 56969 102 57080 5 57133 64 57225 104 57389 64 57482 103 57645 64 57738 105 57901 63 57994 105 58159 60 58251 106 58415 60 58509 104 58672 7 58683 47 58768 102 58929 5 58939 47 59026 101 59196 45 59287 96 59452 45 59544 96 59699 40 59743 10 59801 96 59955 18 59975 20 60001 7 60057 96 60211 18 60233 17 60259 4 60286 5 60314 97 60467 18 60491 14 60541 10 60571 96 60723 18 60748 7 60756 4 60796 13 60829 95 60979 18 61004 13 61051 15 61087 94 61235 18 61260 14 61305 18 61348 89 61491 18 61515 15 61559 20 61604 89 61745 42 61813 22 61860 90 62001 42 62069 22 62116 91 62255 44 62324 23 62373 90 62510 46 62580 23 62629 90 62765 48 62835 24 62885 90 63020 50 63091 24 63140 91 63275 52 63347 23 63395 11 63407 81 63532 53 63604 21 63651 93 63789 53 63861 19 63907 93 64045 54 64117 18 64162 94 64301 56 64374 15 64417 95 64556 57 64631 12 64671 97 64812 21 64841 28 64889 8 64927 97 65068 20 65097 28 65147 5 65183 97 65323 20 65354 28 65438 30 65477 59
423047,66 20 87 12 176 8 323 32 433 6 579 32 690 5 834 34 1085 2 1089 26 1116 8 1312 1 1337 34 1372 9 1405 2 1567 4 1592 35 1629 8 1661 3 1823 10 1842 41 1885 7 1915 5 1923 1 2079 12 2097 42 2143 5 2171 6 2179 2 2233 1 2334 66 2426 11 2556 4 2589 67 2682 11 2811 5 2843 69 2937 12 3067 5 3091 77 3194 11 3323 5 3345 79 3450 10 3580 4 3601 74 3677 2 3707 8 3837 3 3857 74 3964 6 4112 59 4172 14 4222 2 4368 73 4624 73 4880 72 5136 71 5392 71 5649 69 5907 66 6164 65 6420 64 6676 64 6932 64 7025 4 7035 2 7188 64 7281 4 7291 3 7443 65 7536 15 7697 67 7792 16 7951 68 8047 18 8205 10 8217 58 8303 18 8459 13 8473 59 8557 22 8714 74 8813 23 8896 2 8969 75 9067 28 9148 8 9225 75 9323 28 9404 8 9481 75 9579 28 9660 8 9669 4 9736 76 9837 26 9916 8 9925 4 9992 75 10103 16 10172 8 10181 5 10248 75 10361 14 10428 5 10437 6 10505 74 10620 10 10684 5 10692 7 10761 74 10876 9 10940 5 10947 8 11018 73 11133 8 11196 5 11203 7 11274 73 11390 7 11452 5 11460 5 11530 72 11647 6 11708 4 11716 1 11786 71 11904 5 11964 4 12041 67 12161 4 12221 1 12297 64 12417 4 12550 68 12675 2 12805 69 12993 1 13059 70 13249 2 13314 68 13568 70 13727 6 13824 69 13983 6 13998 1 14080 69 14237 10 14310 4 14336 69 14493 11 14565 6 14592 69 14742 3 14749 11 14821 6 14848 69 14964 3 14998 5 15005 11 15078 5 15104 69 15219 6 15254 18 15335 4 15360 69 15475 6 15510 17 15591 3 15616 69 15731 7 15766 16 15795 2 15807 1 15872 69 15987 7 16022 15 16051 2 16063 1 16128 69 16243 6 16277 14 16306 5 16351 6 16384 69 16500 5 16533 14 16562 5 16607 8 16640 69 16758 1 16788 14 16817 5 16862 11 16878 5 16896 69 17044 14 17072 5 17119 10 17133 8 17152 68 17299 16 17317 7 17326 7 17375 23 17408 68 17556 32 17631 24 17664 67 17735 4 17813 30 17888 23 17920 65 17987 9 18069 30 18144 24 18176 77 18326 29 18401 24 18432 77 18583 28 18657 25 18688 77 18840 27 18912 27 18944 77 19096 23 19167 28 19200 76 19353 20 19421 30 19456 76 19609 20 19676 31 19712 75 19867 18 19931 32 19968 75 20047 3 20124 17 20186 33 20224 83 20385 12 20441 34 20480 83 20641 13 20697 34 20736 84 20901 9 20953 34 20992 84 21157 9 21208 36 21247 86 21416 6 21464 124 21673 4 21719 124 21975 49 22027 72 22231 48 22285 68 22487 48 22541 66 22743 48 22799 63 22998 49 23055 64 23254 50 23311 64 23510 51 23567 64 23767 52 23823 65 23977 7 24023 26 24051 25 24079 66 24233 8 24279 26 24309 92 24488 9 24536 26 24563 12 24576 82 24743 10 24792 26 24819 11 24832 83 24999 10 25049 35 25088 83 25243 22 25305 34 25344 83 25496 25 25561 34 25600 83 25752 24 25817 34 25856 87 26007 25 26071 35 26112 87 26251 8 26261 26 26327 34 26368 89 26505 39 26583 34 26624 89 26757 44 26838 34 26880 90 27012 46 27094 27 27124 2 27136 90 27268 47 27350 27 27392 90 27523 49 27601 30 27648 90 27779 48 27857 29 27904 90 28036 47 28111 30 28160 89 28292 47 28367 28 28416 89 28547 46 28623 27 28672 89 28803 44 28879 26 28928 20 28950 67 29058 43 29135 25 29184 19 29207 66 29313 42 29391 24 29440 19 29463 66 29566 43 29648 21 29695 20 29719 66 29820 45 29904 21 29951 20 29977 63 30073 48 30153 28 30205 24 30233 62 30315 2 30329 47 30409 28 30461 90 30571 1 30584 50 30644 1 30664 30 30718 89 30840 50 30899 4 30910 4 30919 31 30975 46 31034 27 31095 52 31154 5 31164 43 31232 44 31290 26 31351 64 31420 42 31488 41 31546 24 31605 63 31676 42 31744 40 31803 23 31861 63 31933 41 32000 37 32059 22 32116 33 32157 22 32189 40 32256 36 32315 22 32371 33 32417 18 32446 39 32512 36 32572 7 32581 11 32627 20 32652 9 32675 16 32702 39 32768 35 32829 3 32839 9 32883 19 32909 8 32932 14 32958 39 33024 35 33097 6 33139 19 33165 9 33189 10 33213 40 33280 36 33395 20 33421 10 33445 10 33469 41 33536 13 33551 21 33618 3 33643 2 33651 20 33678 10 33701 10 33724 43 33792 13 33809 19 33873 5 33899 2 33906 21 33934 10 33957 10 33979 44 34048 14 34065 20 34117 6 34127 9 34153 5 34161 22 34190 11 34213 12 34234 45 34304 14 34321 20 34372 21 34409 5 34417 22 34446 13 34469 12 34489 46 34560 37 34628 27 34664 32 34702 16 34725 15 34743 49 34816 37 34884 28 34920 32 34958 17 34981 67 35072 37 35140 29 35176 8 35185 23 35215 17 35235 70 35328 37 35397 11 35410 16 35433 6 35442 21 35471 18 35490 71 35584 37 35653 10 35667 16 35691 2 35699 20 35728 89 35840 37 35909 10 35924 15 35958 17 35984 89 36096 38 36167 8 36181 14 36216 13 36242 87 36352 38 36424 6 36437 15 36473 11 36499 86 36608 38 36683 1 36693 16 36759 82 36864 39 36949 16 37015 82 37120 39 37205 16 37271 81 37376 40 37461 16 37527 82 37632 41 37691 1 37717 16 37770 3 37782 83 37888 41 37946 3 37973 16 38025 5 38038 83 38144 44 38203 1 38229 16 38280 6 38293 84 38400 47 38459 1 38486 16 38535 7 38549 85 38656 49 38743 14 38769 1 38790 7 38805 85 38912 49 39001 12 39017 2 39023 5 39045 8 39061 85 39168 50 39262 2 39271 6 39279 7 39301 7 39316 87 39405 8 39424 51 39528 3 39535 8 39558 5 39572 99 39680 53 39791 8 39827 102 39936 53 40047 9 40083 104 40192 54 40303 9 40339 104 40448 54 40558 11 40595 105 40704 55 40814 11 40850 107 40960 55 41060 3 41069 12 41106 108 41216 56 41315 4 41325 12 41361 110 41472 57 41572 3 41582 11 41618 109 41728 59 41822 5 41839 8 41874 169 42077 6 42095 8 42130 170 42331 7 42353 6 42387 170 42586 8 42611 4 42643 170 42841 5 42869 2 42899 170 43098 3 43155 171 43411 171 43667 172 43921 174 44134 1 44176 176 44389 6 44431 178 44645 6 44687 131 44823 43 44899 9 44943 130 45079 44 45155 10 45199 129 45335 45 45411 10 45455 16 45475 108 45591 46 45667 10 45712 15 45731 108 45848 45 45923 10 45970 15 46005 89 46104 45 46180 9 46227 14 46261 83 46359 48 46438 7 46483 16 46517 81 46613 50 46695 6 46739 17 46773 80 46865 54 46952 6 46995 8 47005 7 47028 81 47121 54 47209 6 47251 6 47262 6 47284 81 47375 14 47390 41 47467 7 47507 3 47519 4 47540 80 47631 14 47647 40 47726 5 47763 2 47777 2 47795 80 47887 14 47903 40 48019 2 48044 87 48143 14 48159 40 48243 1 48275 2 48299 86 48398 16 48415 25 48441 13 48556 84 48652 18 48673 10 48687 7 48697 12 48812 84 48907 20 48929 9 48955 9 49069 83 49163 20 49185 8 49212 7 49325 83 49418 22 49441 7 49469 2 49583 82 49674 29 49840 81 49931 28 49991 6 50097 80 50187 27 50247 6 50286 2 50355 77 50443 26 50503 6 50541 5 50593 1 50614 74 50699 26 50759 6 50797 5 50849 2 50871 73 50955 25 51016 4 51053 6 51103 4 51127 73 51211 25 51309 6 51360 3 51382 74 51467 23 51565 11 51637 75 51726 19 51821 16 51892 76 51983 16 52077 16 52133 91 52239 15 52280 2 52333 16 52389 91 52495 8 52514 2 52535 4 52590 15 52643 93 52752 5 52769 4 52791 4 52847 14 52899 93 53026 3 53046 6 53081 1 53097 4 53103 13 53142 5 53154 94 53283 1 53302 6 53352 19 53397 9 53408 96 53546 9 53558 7 53608 19 53652 108 53802 19 53864 19 53907 109 54058 23 54120 18 54162 110 54314 24 54376 17 54417 111 54570 24 54632 16 54671 47 54719 65 54827 23 54888 16 54927 47 54976 64 55056 6 55083 5 55090 3 55095 11 55144 14 55167 3 55183 113 55312 7 55339 5 55352 5 55359 4 55400 14 55423 3 55439 113 55568 9 55597 2 55608 1 55616 5 55651 2 55655 19 55678 5 55697 111 55824 9 55853 2 55873 5 55907 3 55911 20 55933 6 55953 111 56081 10 56109 2 56130 5 56162 33 56210 110 56338 9 56366 1 56386 5 56418 33 56467 109 56595 8 56642 5 56676 12 56695 12 56723 109 56852 7 56898 5 56933 10 56952 11 56979 109 57109 6 57139 3 57143 2 57154 5 57190 3 57210 8 57234 110 57367 2 57394 7 57411 4 57469 4 57489 111 57649 8 57741 115 57905 8 57994 118 58162 7 58247 121 58419 5 58503 121 58676 3 58757 123 59013 123 59183 2 59269 123 59440 2 59525 123 59683 3 59696 4 59781 123 59938 5 59953 4 60037 123 60194 4 60293 123 60450 3 60549 123 60707 1 60805 123 61060 124 61315 125 61570 126 61819 133 62073 135 62328 136 62584 136 62840 136 63096 136 63353 135 63609 135 63871 129 64128 128 64385 127 64573 3 64642 126 64827 8 64899 125 65081 11 65155 125 65336 13 65412 124
423050,0 65536
432006,0 1516 1518 11941 13462 249 13725 242 13981 240 14233 244 14489 244 14745 243 15001 242 15256 243 15513 242 15769 242 16025 241 16282 240 16539 237 16795 236 17051 234 17308 233 17565 231 17821 231 18078 227 18335 226 18593 223 18850 222 19107 220 19365 218 19621 219 19877 220 20133 221 20390 221 20646 64 20712 155 20903 60 20969 31 21001 123 21161 57 21225 30 21259 124 21421 51 21481 30 21516 125 21677 51 21737 30 21773 125 21933 50 21993 30 22029 127 22189 50 22249 30 22287 128 22445 50 22505 30 22543 129 22701 50 22761 31 22802 128 22957 49 23015 33 23059 128 23213 48 23271 33 23315 130 23469 46 23526 35 23571 130 23725 46 23782 36 23827 132 23983 41 24038 37 24083 132 24239 40 24295 38 24340 132 24496 37 24550 40 24597 131 24753 35 24806 42 24853 132 25009 34 25062 43 25109 132 25265 33 25319 44 25366 132 25522 29 25575 46 25622 132 25778 29 25831 180 26035 27 26087 181 26291 26 26343 182 26547 25 26599 182 26803 24 26855 183 27059 22 27111 184 27315 11 27331 4 27368 183 27571 10 27624 183 27827 9 27881 183 28085 6 28137 183 28393 184 28650 183 28906 183 29162 183 29418 183 29675 182 29931 182 30187 14 30206 162 30443 13 30464 22 30489 104 30596 27 30701 10 30720 21 30746 103 30853 24 30958 9 30976 21 31003 101 31110 22 31215 7 31232 23 31261 100 31365 23 31474 3 31488 24 31517 127 31677 4 31744 24 31773 128 31931 10 32000 25 32029 128 32187 24 32256 25 32285 128 32442 25 32511 26 32541 129 32689 2 32698 26 32767 26 32797 129 32944 4 32953 27 33022 28 33053 129 33199 7 33209 28 33278 28 33310 128 33455 8 33464 29 33534 29 33567 127 33711 38 33791 28 33824 127 33967 38 34047 28 34082 125 34223 39 34304 28 34339 126 34480 38 34560 29 34595 133 34736 40 34816 29 34851 134 34993 40 35072 29 35107 135 35250 41 35328 30 35363 136 35507 41 35584 31 35618 138 35765 41 35840 32 35873 140 36021 41 36096 176 36279 40 36352 177 36537 39 36608 179 36793 40 36864 181 37049 42 37120 235 37376 38 37417 195 37632 37 37675 196 37888 37 37931 196 38144 37 38185 200 38400 38 38439 203 38656 243 38912 244 39168 245 39424 246 39680 247 39936 247 40192 247 40448 247 40704 247 40960 247 41216 247 41472 247 41728 55 41788 187 41984 55 42045 186 42240 55 42301 186 42496 56 42556 187 42752 248 43008 248 43264 249 43520 249 43776 249 44032 249 44288 248 44544 247 44800 246 45056 245 45312 243 45568 243 45824 243 46080 243 46336 243 46592 244 46848 245 47104 245 47360 25 47391 215 47616 25 47648 214 47872 25 47905 214 48128 24 48161 214 48384 24 48415 216 48640 23 48671 217 48896 23 48925 220 49152 24 49180 221 49408 25 49435 222 49664 26 49691 223 49920 26 49948 223 50176 26 50204 223 50432 25 50460 197 50659 25 50688 24 50716 196 50915 25 50944 21 50972 195 51171 26 51200 19 51228 195 51428 25 51456 17 51484 195 51684 25 51712 18 51740 194 51941 24 51968 19 51996 173 52171 18 52197 23 52224 19 52253 172 52428 16 52453 23 52480 19 52511 170 52689 11 52710 21 52736 19 52768 170 52945 12 52967 19 52992 19 53026 170 53201 12 53225 15 53248 19 53283 186 53483 12 53504 19 53539 186 53729 2 53740 9 53760 19 53795 186 53983 6 53997 8 54016 26 54051 210 54272 28 54307 204 54512 5 54528 29 54563 204 54769 2 54784 29 54819 204 55040 30 55075 204 55296 30 55331 205 55552 30 55588 204 55808 30 55845 204 56064 30 56103 202 56320 30 56361 200 56576 31 56619 164 56786 32 56832 31 56876 162 57043 31 57088 33 57133 161 57301 30 57344 35 57390 160 57557 14 57575 12 57600 35 57648 158 57813 9 57834 9 57856 35 57905 157 58069 8 58090 9 58112 35 58162 157 58327 10 58344 10 58368 35 58419 157 58584 9 58599 10 58624 19 58649 10 58667 4 58675 16 58695 138 58841 10 58855 10 58880 19 58905 10 58922 23 58952 137 59097 11 59111 10 59136 19 59161 10 59177 20 59210 139 59353 21 59378 6 59392 19 59417 10 59433 20 59466 140 59609 12 59627 4 59632 9 59648 18 59674 10 59690 19 59723 154 59885 12 59904 17 59930 10 59946 19 59979 154 60141 12 60160 21 60185 12 60201 19 60236 6 60248 142 60397 13 60416 37 60457 18 60493 4 60505 141 60653 13 60672 37 60713 18 60765 124 60891 12 60912 9 60928 37 60969 19 61023 120 61147 16 61168 9 61184 38 61223 24 61281 118 61405 14 61426 6 61440 63 61537 118 61663 5 61673 2 61684 2 61696 65 61793 118 61919 5 61949 30 61980 37 62048 118 62176 4 62204 69 62303 118 62461 68 62559 117 62717 38 62757 28 62815 116 62976 35 63017 23 63071 117 63232 35 63273 17 63327 118 63488 34 63529 10 63540 5 63583 119 63744 34 63785 9 63840 118 63993 41 64040 10 64097 117 64245 46 64296 8 64353 117 64499 50 64551 8 64608 118 64753 60 64864 117 65001 66 65120 117 65257 65 65376 117 65510 26
432339,0 65536
433193,0 1209 1213 250 1469 249 1726 247 1983 237 2223 4 2239 246 2495 246 2751 246 3007 247 3262 249 3517 250 3773 250 4029 250 4285 250 4541 250 4797 250 5053 250 5309 251 5565 252 5821 670 6492 254 6750 253 7007 519 7527 255 7783 255 8040 254 8297 253 8551 1543 10098 251 10354 251 10610 251 10866 251 11122 251 11378 252 11633 1455 13097 247 13347 250 13601 251 13857 245 14111 246 14367 246 14621 24 14647 221 14877 24 14903 220 15131 26 15161 206 15369 9 15387 26 15417 204 15629 2 15642 27 15675 202 15898 28 15931 203 16154 27 16188 202 16410 27 16445 202 16665 28 16701 202 16920 29 16957 202 17173 17 17193 12 17213 202 17429 10 17442 2 17449 12 17469 202 17682 12 17705 12 17724 203 17937 13 17961 12 17979 202 18188 22 18215 14 18233 204 18443 43 18487 204 18697 247 18953 247 19208 248 19464 248 19719 249 19975 249 20231 249 20486 250 20741 96 20839 153 20997 97 21095 153 21251 253 21507 253 21763 253 22018 254 22274 254 22530 254 22786 254 23042 254 23299 253 23555 253 23813 251 24071 249 24331 220 24555 21 24589 218 24812 20 24845 217 25069 19 25101 218 25327 17 25356 7 25364 211 25589 11 25611 221 25846 10 25867 224 26103 9 26121 228 26360 8 26369 238 26616 247 26871 6377 33253 250 33509 239 33749 10 33766 236 34007 7 34022 235 34278 234 34533 233 34789 224 35045 223 35300 221 35556 217 35811 214 36067 212 36322 212 36578 211 36835 210 37091 198 37293 6 37349 190 37553 1 37606 187 37864 183 38120 179 38303 6 38376 177 38559 6 38632 177 38814 8 38888 176 39070 8 39144 175 39326 8 39400 174 39583 6 39656 173 39841 2 39913 172 40169 172 40423 174 40678 175 40933 177 41189 177 41444 178 41701 177 41957 177 42214 175 42469 176 42725 176 42979 178 43235 178 43488 181 43743 182 43971 6 43998 184 44225 12 44254 185 44480 16 44509 186 44735 18 44765 186 44990 19 45021 186 45231 4 45246 19 45275 189 45484 15 45502 20 45527 192 45740 15 45759 19 45783 191 45995 16 46017 18 46037 192 46251 16 46274 7 46283 199 46507 15 46541 192 46764 13 46799 188 47021 8 47057 186 47279 4 47313 185 47569 182 47824 179 48079 180 48271 5 48333 182 48523 10 48585 186 48778 11 48840 186 49033 12 49094 187 49289 12 49349 186 49545 12 49604 185 49801 12 49859 184 50061 6 50115 176 50371 175 50625 176 50879 176 51132 178 51387 176 51641 178 51897 177 52123 7 52151 178 52377 10 52405 180 52630 16 52658 183 52883 22 52906 191 53136 217 53391 218 53645 220 53901 210 54117 4 54157 209 54413 208 54668 209 54923 208 55177 210 55432 212 55687 115 55806 95 55942 116 56064 95 56197 116 56320 96 56453 116 56576 97 56706 119 56832 97 56961 120 57088 97 57215 123 57344 97 57469 125 57600 97 57723 128 57856 97 57978 129 58112 101 58233 129 58368 104 58488 130 58624 111 58743 249 58999 250 59255 250 59512 249 59771 1 59780 237 60037 179 60219 55 60295 176 60475 58 60552 174 60731 62 60809 172 60986 63 61065 170 61241 65 61323 7 61333 158 61494 68 61579 6 61589 156 61749 70 61846 155 62004 71 62102 155 62260 71 62355 157 62516 71 62610 158 62772 73 62866 157 63028 74 63123 156 63284 77 63363 2 63394 141 63539 84 63650 231 63907 230 64163 232 64419 236 64676 235 64933 234 65189 234 65445 91
435772,0 166 192 21 256 165 448 20 512 165 704 19 768 165 960 19 1024 165 1216 20 1280 163 1472 20 1536 163 1729 20 1792 163 1985 21 2048 163 2241 22 2304 162 2497 23 2560 162 2754 22 2816 161 3011 22 3072 160 3267 10 3280 9 3328 158 3525 6 3538 6 3584 158 3782 5 3796 2 3840 157 4039 3 4096 157 4352 157 4551 6 4608 156 4807 7 4864 155 5062 10 5120 155 5317 12 5376 153 5573 12 5632 153 5829 12 5888 151 6085 12 6144 150 6341 12 6400 149 6597 12 6656 148 6853 12 6912 144 7109 10 7168 143 7366 7 7424 102 7527 38 7680 101 7783 38 7936 99 8039 38 8192 99 8296 36 8448 99 8553 34 8704 98 8809 33 8960 98 9065 30 9216 98 9321 27 9472 98 9578 15 9728 98 9835 9 9984 97 10240 97 10496 98 10752 99 11008 101 11264 3 11271 96 11532 95 11791 93 12049 92 12305 93 12562 99 12819 100 13076 100 13332 101 13589 100 13845 101 14103 100 14359 100 14616 99 14873 98 15131 96 15360 3 15388 95 15616 6 15645 95 15872 7 15902 11 15917 80 16128 7 16162 5 16175 79 16384 7 16433 78 16640 7 16690 78 16896 7 16946 79 17152 7 17203 78 17408 8 17459 79 17664 9 17715 79 17920 9 17971 79 18176 10 18227 80 18432 11 18483 80 18688 11 18739 81 18944 14 18995 81 19200 17 19251 82 19456 19 19507 82 19712 23 19761 85 19968 24 20017 86 20224 26 20271 89 20480 26 20525 91 20736 27 20779 94 20992 27 21036 92 21248 28 21292 92 21504 27 21549 91 21760 25 21806 89 22016 25 22063 88 22272 23 22321 85 22528 23 22578 83 22784 22 22836 80 23040 22 23093 79 23296 21 23351 76 23552 21 23607 75 23808 20 23861 76 24064 19 24116 75 24320 21 24370 76 24576 23 24625 76 24832 26 24879 77 25088 27 25135 77 25344 37 25388 79 25600 38 25643 80 25856 123 26112 123 26368 123 26624 123 26880 123 27136 123 27392 122 27648 122 27904 120 28160 117 28416 116 28672 115 28928 115 29184 115 29440 115 29696 114 29952 114 30208 113 30464 113 30720 112 30976 110 31232 109 31488 105 31744 103 32000 101 32256 101 32512 99 32768 99 33024 97 33280 96 33536 81 33623 4 33792 81 34048 83 34304 84 34560 86 34816 87 35072 87 35328 87 35584 87 35840 87 36096 87 36352 87 36608 87 36820 1 36864 87 37074 4 37120 87 37329 6 37376 87 37585 8 37632 87 37841 13 37888 87 38097 14 38144 86 38353 16 38400 86 38609 16 38656 86 38865 16 38912 86 39121 17 39168 87 39379 16 39424 87 39635 16 39680 89 39892 16 39936 89 40149 16 40192 89 40405 16 40448 89 40661 16 40704 87 40917 17 40960 87 41173 17 41216 86 41428 19 41472 86 41684 19 41728 85 41939 20 41984 85 42195 20 42240 87 42421 5 42451 20 42496 88 42677 6 42708 19 42752 91 42930 9 42963 20 43008 93 43185 11 43219 21 43264 96 43441 11 43457 6 43473 24 43520 101 43697 13 43711 12 43729 24 43776 108 43953 57 44032 109 44209 57 44288 111 44465 58 44544 113 44661 2 44721 58 44800 120 44975 61 45056 121 45228 66 45312 121 45483 71 45568 121 45738 74 45824 122 45993 77 46080 122 46249 78 46336 123 46503 81 46592 123 46758 83 46848 124 47013 84 47104 125 47269 85 47360 125 47525 86 47616 125 47780 87 47872 126 48035 91 48128 126 48291 92 48384 126 48543 222 48799 222 49054 223 49309 225 49565 225 49821 225 50076 226 50331 228 50587 228 50843 229 51092 1 51098 230 51347 238 51601 240 51857 142 52005 92 52105 1 52112 142 52262 92 52359 4 52368 142 52519 92 52614 8 52623 143 52775 92 52871 152 53032 91 53128 151 53287 92 53385 151 53543 91 53643 150 53799 91 53899 150 54053 92 54155 151 54308 93 54411 162 54578 79 54667 160 54835 78 54922 159 55091 79 55177 160 55346 80 55433 158 55595 1 55602 81 55688 149 55839 7 55850 3 55857 82 55943 150 56105 90 56198 150 56361 90 56453 150 56616 243 56871 242 57126 244 57381 247 57636 248 57891 250 58147 250 58402 250 58658 93 58753 154 58915 92 59009 148 59159 2 59171 92 59264 149 59427 240 59684 239 59940 239 60196 239 60453 238 60709 84 60795 151 60966 82 61051 150 61223 80 61307 150 61479 80 61563 133 61697 14 61736 77 61819 133 61954 13 61993 76 62074 134 62211 12 62249 76 62330 134 62467 12 62505 76 62586 134 62723 11 62762 74 62841 135 62979 10 63018 74 63097 139 63239 5 63274 74 63353 137 63495 4 63530 73 63609 136 63786 73 63864 137 64042 73 64120 136 64298 73 64376 136 64554 73 64632 136 64811 71 64888 136 65067 70 65144 136 65324 69 65400 136
442157,5 35 262 34 519 33 777 31 1036 28 1295 26 1551 26 1808 25 2065 24 2095 4 2323 2 2328 18 2349 6 2587 15 2604 7 2844 22 3101 11 3114 7 3357 10 3371 6 3613 10 3627 5 3867 10 3882 6 4121 12 4137 7 4375 15 4393 7 4631 16 4649 7 4886 18 4905 8 5141 28 5397 29 5533 6 5653 29 5788 8 5909 30 6043 15 6165 30 6299 15 6421 31 6555 15 6677 31 6811 15 6933 31 7067 14 7189 30 7323 14 7445 30 7579 14 7701 29 7835 14 7957 28 8091 15 8213 28 8347 16 8469 27 8603 16 8725 26 8859 16 8981 26 9017 1 9115 18 9237 24 9371 18 9493 18 9629 18 9749 18 9885 19 10005 17 10140 21 10263 14 10396 22 10522 11 10651 23 10779 10 10907 24 11039 4 11163 24 11296 1 11419 24 11676 23 11932 22 12189 20 12445 20 12701 20 12957 19 13215 17 13468 20 13722 21 13978 21 14233 22 14489 22 14747 10 15003 10 15263 6 15521 5 15780 4 16037 3 16233 2 16489 6 16745 6 17001 6 17257 6 17513 6 17773 2 19033 1 19289 6 19545 6 19800 7 20056 7 26046 3 26051 6 26301 14 26563 8 26820 7 27077 7 27333 6 27591 4 28561 1 28815 4 29070 5 29139 8 29327 3 29393 11 29642 19 29898 19 30153 18 30409 17 30665 14 30921 12 31178 7 31399 1 31436 2 31654 5 31910 7 32134 1 32166 7 32389 4 32423 6 32606 4 32641 8 32681 4 32861 6 32877 7 32895 10 32939 2 33115 8 33131 13 33149 13 33371 9 33387 16 33404 15 33626 11 33644 31 33882 11 33900 32 34139 10 34156 33 34397 8 34412 33 34477 4 34657 2 34668 33 34732 6 34924 34 34987 8 35180 34 35243 8 35436 34 35499 8 35691 35 35755 8 35947 35 36011 8 36061 4 36203 35 36262 1 36315 9 36459 34 36517 3 36570 11 36715 34 36826 11 36971 34 37083 8 37227 8 37239 22 37485 4 37495 22 37753 20 38010 18 38267 16 38524 14 38781 11 39037 10 39293 9 39549 8 41381 11 41636 12 41892 11 42148 11 42407 1 50143 6 50399 7 50655 8 50911 8 51167 8 51423 8 51461 7 51681 6 51716 9 51938 4 51969 13 52225 13 52480 15 52727 4 52736 15 52982 5 52992 15 53237 6 53248 15 53493 5 53504 15 53750 3 53760 15 53981 4 54007 1 54016 15 54233 10 54272 15 54489 10 54528 15 54745 10 54784 15 55001 10 55040 15 55258 9 55296 15 55515 8 55552 15 55773 5 55808 15 56031 2 56064 15 56320 14 56576 13 56832 13 57088 13 57344 13 57600 13 57856 13 58112 7 58368 5 62051 2 62306 9 62319 4 62561 19 62817 20 63072 20 63328 20 63584 19 63840 19 64096 18 64353 16 64610 15 64867 14 65125 11 65382 9
442220,0 65536
447372,18 8 79 92 180 17 203 22 277 4 335 92 435 17 459 21 535 2 591 92 691 16 716 20 847 92 946 17 974 18 1103 92 1202 16 1233 15 1359 91 1458 15 1492 12 1616 90 1714 15 1749 11 1872 90 1970 15 2005 12 2129 89 2227 14 2261 12 2384 91 2483 14 2517 11 2640 91 2739 15 2773 10 2831 3 2896 91 2995 16 3029 10 3087 4 3151 93 3252 15 3285 9 3343 4 3407 93 3510 14 3540 8 3599 4 3663 94 3766 14 3797 7 3855 5 3917 97 4023 14 4054 5 4111 6 4173 97 4279 14 4310 5 4367 6 4428 98 4535 14 4624 4 4684 98 4791 15 4939 99 5047 16 5196 97 5303 16 5453 95 5558 17 5709 92 5815 16 5965 84 6050 4 6074 13 6221 83 6308 1 6332 11 6477 84 6591 6 6733 85 6990 85 7247 84 7503 85 7759 85 8015 84 8271 84 8527 70 8603 7 8783 69 9039 69 9294 70 9548 71 9803 72 10057 74 10312 74 10539 4 10566 75 10773 1 10795 5 10822 74 11023 8 11050 6 11077 74 11278 9 11306 7 11334 71 11533 10 11561 8 11591 62 11789 9 11817 8 11847 58 12045 8 12062 20 12103 58 12301 7 12317 22 12359 57 12571 24 12615 58 12827 24 12871 58 13081 26 13128 58 13336 28 13384 57 13591 30 13641 56 13845 32 13897 56 14097 36 14155 52 14351 38 14413 25 14439 23 14605 40 14671 21 14696 20 14860 41 14928 6 14939 4 14952 19 15115 42 15209 16 15371 42 15465 16 15628 41 15721 14 15885 40 15977 14 16141 41 16199 2 16233 13 16397 42 16453 5 16489 13 16654 42 16709 6 16747 10 16911 41 16957 2 16964 6 17003 10 17154 6 17167 59 17263 3 17408 9 17423 58 17664 11 17679 58 17920 11 17935 44 17980 13 18176 11 18193 58 18432 11 18449 62 18688 11 18707 6 18721 48 18944 11 18978 47 19200 10 19237 45 19456 11 19495 43 19712 12 19753 42 19911 4 19968 13 20009 42 20167 4 20224 16 20241 2 20266 41 20422 5 20480 20 20523 40 20678 5 20736 20 20779 41 20933 6 20992 20 21035 40 21190 5 21248 19 21281 1 21291 40 21447 3 21456 3 21504 20 21547 40 21703 1 21711 4 21760 23 21802 29 21967 6 22016 23 22058 25 22223 6 22272 27 22314 23 22479 6 22528 28 22571 21 22736 5 22784 31 22827 20 22980 1 22993 4 23040 31 23083 18 23249 4 23296 33 23338 9 23504 5 23525 5 23552 51 23761 4 23780 7 23808 49 23865 4 23907 4 24035 10 24065 46 24120 6 24161 7 24291 11 24320 46 24377 7 24413 16 24546 17 24576 46 24633 8 24668 17 24793 2 24801 19 24832 45 24890 5 24923 18 25047 7 25056 21 25088 45 25178 19 25303 30 25344 44 25433 20 25557 33 25600 44 25688 21 25811 36 25857 43 25943 22 26065 39 26113 43 26198 23 26319 42 26371 42 26453 24 26572 46 26627 44 26709 24 26827 48 26885 45 26963 27 27083 49 27141 46 27219 27 27339 49 27400 43 27474 29 27595 50 27656 43 27729 30 27851 51 27913 30 27945 10 27976 2 27983 32 28105 54 28169 30 28201 10 28231 4 28239 31 28361 55 28425 30 28457 8 28486 5 28492 34 28616 56 28681 15 28699 12 28713 6 28742 5 28748 34 28871 57 28937 14 28957 9 28998 5 29004 32 29040 3 29127 57 29193 14 29213 8 29255 4 29260 31 29295 6 29382 58 29450 13 29471 2 29516 29 29551 9 29637 59 29706 13 29727 3 29773 28 29807 9 29893 59 29961 16 29983 4 30029 27 30063 9 30143 1 30147 61 30217 16 30239 4 30285 27 30319 9 30397 67 30471 18 30495 5 30541 27 30575 8 30651 69 30727 18 30752 5 30796 28 30831 8 30851 2 30907 70 30983 18 31009 4 31051 29 31089 4 31106 3 31159 75 31239 18 31266 4 31307 29 31363 1 31417 73 31495 18 31523 4 31563 29 31673 74 31752 15 31779 4 31819 29 31929 75 32012 6 32035 4 32076 28 32186 75 32269 4 32291 3 32332 28 32443 74 32589 27 32700 75 32845 26 32957 76 33102 25 33214 76 33359 24 33470 76 33619 19 33725 78 33876 18 33981 79 34133 17 34237 79 34389 17 34493 80 34647 16 34748 81 34904 15 35003 82 35106 3 35113 3 35161 15 35259 50 35313 28 35351 3 35361 12 35418 14 35515 51 35570 26 35605 8 35615 15 35677 11 35771 52 35829 23 35861 25 35937 6 36027 52 36087 20 36116 26 36193 6 36283 52 36343 19 36371 27 36449 1 36452 3 36483 1 36538 53 36599 18 36627 28 36737 5 36793 55 36855 17 36882 29 36993 6 37049 55 37111 15 37130 2 37136 31 37241 4 37249 7 37302 58 37367 56 37497 4 37505 8 37556 60 37623 57 37761 9 37809 63 37879 57 38018 8 38063 65 38135 58 38277 5 38319 66 38391 59 38534 3 38574 67 38647 60 38829 68 38905 58 39085 68 39161 59 39341 69 39418 58 39523 4 39597 68 39681 52 39779 4 39853 48 39907 14 39939 50 40035 4 40109 45 40163 14 40194 51 40292 4 40365 44 40419 12 40450 51 40549 7 40622 10 40637 27 40675 12 40706 51 40807 6 40825 1 40831 8 40879 7 40895 26 40931 12 40962 51 41065 4 41081 1 41086 9 41135 6 41150 27 41186 13 41217 52 41323 2 41337 1 41341 10 41406 27 41441 15 41473 52 41593 2 41597 9 41663 27 41696 17 41729 52 41848 13 41919 28 41951 18 41985 52 42104 13 42175 29 42205 20 42241 50 42360 13 42434 47 42497 50 42616 13 42692 13 42709 28 42752 49 42871 15 42951 7 42966 27 43008 47 43126 15 43222 27 43264 45 43381 16 43401 1 43407 3 43478 27 43520 44 43638 15 43656 2 43663 3 43735 26 43778 27 43807 12 43897 17 43920 2 43991 25 44034 11 44046 13 44065 9 44153 17 44176 2 44248 24 44291 7 44302 13 44323 6 44412 11 44431 4 44505 22 44549 3 44558 12 44581 4 44670 3 44674 4 44687 4 44761 22 44810 16 44943 4 45017 21 45064 17 45200 3 45273 21 45319 9 45331 6 45457 4 45530 21 45575 9 45587 6 45713 4 45787 19 45829 12 45844 5 45970 3 46043 18 46084 13 46100 4 46227 2 46300 17 46339 14 46357 2 46483 2 46557 14 46594 15 46613 2 46739 2 46813 14 46849 16 46993 4 47071 10 47105 16 47246 7 47327 9 47362 15 47497 20 47618 15 47752 21 47875 14 48006 21 48131 14 48261 22 48302 1 48387 14 48517 18 48557 4 48643 14 48773 18 48813 4 48898 14 49029 18 49068 6 49153 14 49285 19 49324 6 49408 15 49541 20 49580 6 49664 15 49797 20 49836 5 49920 14 50053 20 50094 1 50176 14 50285 4 50309 21 50432 13 50541 8 50565 22 50688 13 50796 10 50821 22 50944 13 51051 13 51076 25 51200 11 51307 14 51332 27 51419 6 51456 6 51563 18 51588 28 51673 11 51712 5 51819 18 51844 29 51929 12 51968 5 52075 19 52100 29 52185 12 52224 5 52331 20 52357 28 52441 12 52480 5 52587 22 52612 30 52699 11 52736 5 52847 51 52955 11 52992 5 53103 52 53212 11 53248 4 53359 52 53469 5 53475 4 53504 4 53615 52 53760 3 53871 52 54016 1 54118 5 54127 52 54373 8 54383 52 54614 4 54629 62 54869 12 54885 62 55125 78 55380 78 55635 79 55891 79 56147 78 56402 79 56657 64 56725 11 56912 65 56984 7 57167 64 57423 64 57679 64 57934 65 58189 68 58426 3 58445 68 58680 6 58699 72 58935 8 58945 7 58953 74 59189 96 59445 96 59701 96 59957 96 60214 95 60471 93 60726 94 60904 3 60921 4 60981 95 61159 6 61175 8 61237 95 61384 8 61412 10 61429 11 61493 95 61631 1 61641 8 61667 12 61684 12 61749 94 61886 2 61897 9 61919 33 62005 94 62142 3 62153 11 62165 43 62260 91 62398 2 62407 57 62515 90 62654 2 62663 57 62725 1 62770 90 62909 6 62919 57 62981 1 63020 3 63025 91 63165 7 63175 10 63186 46 63237 1 63274 97 63419 11 63433 4 63443 45 63529 98 63667 20 63699 45 63782 101 63921 22 63956 44 64037 102 64176 23 64212 44 64272 1 64292 104 64432 24 64467 45 64526 5 64547 106 64687 25 64722 46 64781 9 64801 108 64943 27 64977 47 65036 14 65056 109 65200 27 65232 48 65289 132 65457 79
451709,9 42 53 51 111 97 266 41 309 54 367 96 522 41 565 56 623 96 779 196 1035 196 1291 195 1547 195 1803 195 2047 1 2059 195 2302 2 2315 195 2558 2 2570 196 2814 2 2825 197 3065 7 3081 197 3320 8 3335 199 3573 11 3590 200 3827 13 3844 203 4081 15 4099 204 4336 16 4354 204 4590 224 4846 223 5101 224 5357 224 5613 224 5869 224 6125 223 6382 223 6641 220 6887 1 6899 220 7139 10 7155 220 7395 11 7409 224 7650 239 7905 241 8161 241 8417 241 8673 240 8928 240 9183 240 9439 238 9694 239 9950 240 10207 178 10386 61 10463 177 10643 60 10721 172 10899 60 10977 171 11155 60 11234 170 11410 61 11490 171 11665 21 11688 39 11747 170 11920 20 11945 38 12003 191 12202 37 12261 179 12445 4 12458 37 12523 174 12702 2 12713 40 12780 173 12958 2 12968 42 13037 30 13071 138 13214 5 13221 46 13295 28 13327 139 13469 54 13551 28 13583 198 13809 26 13840 197 14065 24 14097 197 14323 22 14355 195 14580 21 14614 193 14843 14 14870 193 15101 13 15127 193 15359 10 15383 194 15615 8 15641 136 15783 50 15872 6 15897 136 16039 50 16128 5 16154 135 16295 50 16384 4 16410 135 16551 50 16640 3 16667 134 16807 51 16896 3 16923 136 17061 53 17152 1 17180 190 17408 1 17437 190 17694 189 17952 188 18207 191 18463 196 18719 198 18943 1 18975 198 19199 1 19231 199 19455 1 19487 200 19744 199 20000 5 20006 193 20263 192 20519 192 20775 192 20992 1 21032 191 21248 3 21288 191 21504 3 21545 190 21760 5 21801 195 22016 5 22029 1 22058 195 22272 13 22314 198 22528 13 22569 200 22784 13 22811 2 22833 192 23040 13 23067 2 23090 191 23296 14 23324 3 23348 87 23437 100 23552 15 23579 4 23604 87 23693 100 23808 16 23835 4 23861 84 23950 99 24064 17 24091 4 24117 84 24207 98 24320 17 24346 7 24374 82 24462 101 24576 17 24601 13 24631 80 24718 101 24835 17 24857 14 24887 79 24973 104 25091 13 25105 22 25145 76 25229 105 25347 13 25361 24 25403 70 25485 31 25521 71 25604 39 25659 68 25741 31 25778 71 25861 38 25915 68 25998 30 26035 6 26051 56 26117 38 26171 68 26255 29 26291 4 26308 55 26375 36 26426 11 26439 55 26511 29 26546 6 26563 56 26631 36 26682 9 26695 55 26767 29 26802 6 26819 56 26888 35 26938 9 26951 54 27023 29 27057 8 27073 58 27143 37 27194 67 27280 27 27312 9 27327 58 27399 38 27451 54 27510 5 27537 26 27567 12 27581 58 27655 38 27707 54 27794 25 27823 72 27906 43 27965 53 28052 99 28161 44 28221 53 28309 98 28418 43 28477 46 28566 98 28675 42 28733 44 28823 98 28933 40 28989 42 29079 8 29090 87 29190 39 29246 42 29335 98 29447 37 29503 41 29589 99 29703 37 29759 42 29845 98 29960 35 30015 42 30100 99 30217 34 30271 43 30356 41 30400 55 30473 34 30527 44 30614 40 30657 54 30730 33 30783 44 30873 37 30913 19 30935 32 30987 32 31039 12 31057 29 31131 38 31170 16 31192 40 31243 32 31296 8 31313 29 31387 38 31426 15 31449 39 31492 3 31501 30 31555 1 31569 30 31641 41 31685 12 31705 39 31748 4 31758 29 31825 30 31897 41 31941 12 31961 39 32005 3 32012 31 32081 30 32153 43 32197 12 32216 40 32261 4 32268 31 32337 30 32408 57 32471 41 32525 30 32593 30 32663 58 32725 43 32781 30 32849 31 32919 59 32979 45 33037 29 33105 31 33163 117 33293 29 33361 32 33417 119 33549 28 33617 32 33671 121 33805 28 33873 32 33926 122 34065 24 34115 4 34121 41 34179 73 34255 49 34321 24 34366 53 34432 76 34511 49 34577 25 34620 55 34686 79 34768 48 34830 30 34875 57 34941 80 35025 47 35085 37 35130 148 35282 46 35341 40 35385 150 35537 47 35597 243 35852 224 36078 18 36108 244 36363 245 36619 245 36875 245 37130 231 37363 13 37385 232 37619 13 37641 233 37875 13 37897 233 38133 11 38153 247 38409 247 38665 247 38922 246 39179 245 39435 245 39692 244 39949 243 40205 243 40461 243 40717 126 40846 114 40973 125 41103 113 41228 23 41253 100 41360 112 41485 22 41509 100 41615 113 41741 20 41764 61 41829 35 41871 113 41997 19 42020 61 42086 34 42127 113 42261 12 42280 57 42341 35 42382 114 42519 10 42536 96 42637 115 42757 5 42777 7 42793 96 42892 116 43013 5 43034 6 43048 97 43146 118 43268 7 43291 4 43304 201 43507 13 43524 6 43547 4 43560 200 43764 12 43779 6 43803 1 43815 200 44022 10 44035 6 44069 202 44279 9 44292 3 44314 3 44323 204 44537 7 44549 1 44569 4 44578 205 44793 7 44825 4 44832 209 45052 4 45078 7 45086 211 45310 2 45333 221 45589 221 45845 222 46088 5 46101 223 46342 11 46357 222 46583 1 46597 14 46612 223 46839 2 46851 239 47095 2 47107 239 47350 7 47362 239 47604 11 47617 241 47859 3084 50944 142 51089 109 51200 141 51345 109 51456 141 51601 109 51712 141 51857 108 51968 253 52224 253 52480 253 52736 251 52992 248 53248 247 53504 231 53760 229 54016 214 54237 6 54269 3 54273 144 54419 67 54495 4 54524 4 54529 146 54677 66 54779 5 54785 146 54933 66 55035 5 55041 146 55189 66 55291 5 55297 214 55549 7 55563 204 55808 4 55820 203 56064 5 56072 207 56320 5 56327 207 56576 213 56832 210 57088 209 57344 209 57600 176 57781 28 57856 167 58027 2 58037 28 58112 167 58294 29 58353 2 58368 166 58551 28 58607 8 58617 6 58624 166 58812 23 58863 7 58873 174 59069 22 59119 6 59130 174 59325 22 59376 4 59387 174 59581 5 59589 13 59633 2 59643 176 59838 3 59848 8 59889 2 59901 174 60095 1 60105 5 60146 1 60158 173 60402 1 60415 173 60672 172 60914 1 60928 172 61170 3 61184 173 61426 5 61440 173 61683 4 61696 174 61940 4 61952 174 62187 4 62197 4 62208 175 62453 5 62464 175 62709 6 62720 175 62966 5 62976 175 63222 5 63232 123 63359 48 63479 4 63488 123 63615 48 63735 4 63744 121 63869 50 63992 3 64000 121 64125 50 64249 2 64256 119 64381 50 64512 119 64637 50 64768 116 64893 50 65024 115 65149 50 65280 112 65405 49
455136,0 65536
460549,17487 2 17742 5 17998 6 18256 2 19334 10 19590 13 19846 19 20102 20 20358 19 20614 17 20814 1 20870 15 21069 3 21125 16 21325 6 21380 18 21582 4 21636 19 21671 3 21891 21 21926 5 22147 22 22181 6 22403 22 22437 8 22659 23 22693 8 22709 2 22915 24 22949 10 22963 5 23170 25 23205 11 23219 5 23424 27 23461 19 23680 29 23717 19 23935 56 24190 57 24446 53 24703 52 24959 52 25215 52 25473 50 25729 50 25991 44 26249 42 26506 40 26763 38 27020 33 27276 33 27533 31 27603 4 27789 30 28045 15 28066 9 28294 1 28301 15 28323 8 28556 16 28581 8 28812 17 28837 8 29067 18 29093 9 29323 19 29349 9 29580 18 29604 11 29836 19 29859 12 30093 34 30349 34 30606 39 30863 38 31122 37 31379 36 31637 34 31893 34 31932 1 32150 35 32186 6 32406 43 32663 43 32919 44 33177 42 33434 41 33581 2 33691 40 33837 2 33875 2 33947 40 34091 4 34131 4 34203 32 34328 4 34347 4 34387 4 34459 32 34583 6 34601 12 34616 1 34645 2 34716 30 34839 7 34854 20 34901 2 34972 29 35095 10 35109 23 35228 29 35352 37 35484 29 35587 5 35609 22 35635 10 35741 26 35842 7 35865 21 35891 10 35997 26 36052 1 36098 11 36121 19 36147 11 36255 24 36308 1 36354 12 36377 18 36403 12 36511 24 36564 1 36609 13 36633 17 36659 11 36768 24 36865 13 36889 17 36915 11 37025 24 37121 14 37146 15 37171 10 37281 27 37377 14 37401 17 37427 9 37537 28 37601 2 37632 16 37655 35 37794 29 37855 6 37888 16 37905 40 38051 6 38061 19 38111 6 38144 57 38319 18 38367 6 38400 57 38577 16 38623 6 38656 58 38759 11 38835 14 38880 5 38912 59 39015 13 39093 12 39136 5 39168 61 39271 14 39350 11 39393 4 39424 62 39526 16 39607 10 39650 1 39680 64 39781 25 39864 7 39894 5 39936 64 40037 26 40121 5 40149 7 40192 65 40293 26 40405 9 40448 66 40549 26 40661 10 40704 67 40806 27 40917 10 40960 67 41063 27 41174 9 41216 67 41319 30 41431 8 41472 67 41581 2 41589 3 41594 11 41687 7 41728 67 41851 10 41942 7 41984 67 42107 10 42198 7 42240 67 42363 10 42452 7 42496 67 42619 10 42660 1 42707 7 42752 66 42874 11 42913 8 42963 8 43008 66 43129 11 43167 11 43219 8 43264 67 43384 11 43422 14 43475 9 43520 67 43640 11 43669 3 43677 16 43731 9 43776 67 43895 12 43923 27 43988 9 44032 68 44151 12 44179 28 44244 12 44288 69 44407 12 44435 28 44501 12 44544 71 44663 12 44690 29 44757 12 44800 71 44883 9 44919 12 44945 31 45014 11 45056 72 45138 12 45175 11 45201 32 45270 10 45312 73 45393 15 45432 10 45456 33 45527 8 45568 74 45649 16 45688 10 45712 34 45783 7 45824 75 45904 17 45947 7 45967 37 46039 6 46080 75 46160 18 46204 6 46223 38 46295 5 46336 77 46415 20 46479 39 46553 2 46592 78 46671 20 46735 40 46809 2 46848 99 46991 40 47104 99 47248 39 47360 7 47371 88 47504 40 47616 7 47627 16 47646 69 47760 39 47872 5 47886 12 47904 66 48016 39 48128 5 48146 7 48161 65 48271 40 48384 4 48405 2 48417 65 48527 40 48640 4 48674 63 48782 41 48931 62 49036 42 49187 62 49289 45 49445 60 49544 45 49701 60 49799 46 49957 62 50055 44 50214 62 50312 42 50471 64 50569 40 50727 65 50825 22 50848 16 50984 68 51081 20 51109 10 51241 67 51338 19 51365 9 51498 66 51595 18 51755 64 51851 18 52013 60 52103 1 52108 17 52176 4 52273 56 52359 1 52364 17 52431 6 52535 49 52619 19 52686 11 52795 44 52875 20 52922 4 52941 12 53052 42 53131 6 53145 2 53149 2 53177 8 53197 14 53307 43 53387 5 53405 2 53433 8 53452 15 53563 40 53606 3 53661 2 53681 5 53691 8 53707 17 53819 38 53861 8 53916 3 53937 6 53947 8 53963 17 54075 33 54117 10 54171 4 54193 18 54219 18 54331 19 54373 10 54427 4 54449 18 54474 19 54587 17 54629 11 54683 4 54704 19 54731 18 54843 17 54884 12 54903 5 54934 3 54938 4 54960 15 54987 19 55099 16 55140 13 55157 9 55188 9 55209 22 55244 19 55355 16 55396 13 55413 9 55443 11 55463 24 55499 20 55611 17 55651 16 55669 10 55699 12 55715 30 55754 25 55867 16 55907 17 55925 10 55955 12 55971 30 56009 27 56125 5 56132 7 56163 17 56185 6 56211 12 56226 31 56263 30 56381 4 56389 5 56419 17 56443 3 56467 13 56482 31 56519 31 56638 2 56645 2 56677 15 56723 44 56775 31 56894 1 56899 3 56933 14 56979 44 57031 31 57154 3 57197 6 57239 1 57242 36 57288 30 57411 1 57455 4 57499 35 57545 29 57679 4 57712 3 57741 4 57756 21 57778 12 57803 5 57810 20 57934 6 57969 2 57997 4 58012 21 58034 12 58059 3 58066 19 58189 9 58270 19 58290 13 58323 12 58336 3 58445 10 58526 33 58580 9 58700 11 58782 33 58823 1 58837 8 58957 10 59038 33 59077 4 59093 9 59213 9 59294 33 59330 15 59349 10 59469 9 59550 32 59586 29 59726 7 59805 31 59842 30 59982 7 60061 31 60098 30 60236 11 60317 30 60355 29 60489 17 60573 30 60611 29 60743 28 60830 29 60866 28 60999 30 61086 29 61119 30 61235 4 61255 32 61342 61 61491 4 61511 32 61599 18 61623 35 61767 34 61860 12 61884 9 61899 14 62022 35 62117 10 62141 8 62156 13 62277 36 62369 1 62373 10 62399 6 62411 12 62533 37 62624 3 62629 10 62657 2 62667 12 62789 37 62875 18 62923 10 63045 38 63129 20 63179 10 63209 4 63301 38 63383 21 63423 1 63434 9 63461 8 63557 38 63638 23 63689 10 63813 38 63888 2 63893 28 63945 7 64069 38 64142 5 64149 29 64201 6 64325 40 64399 4 64405 31 64457 2 64571 50 64652 1 64655 38 64825 54 64912 37 65081 54 65169 2 65173 32 65336 55 65429 32 65495 1
461675,0 65536
468422,0 65536
470274,0 27 81 50 256 27 338 49 512 26 595 48 768 25 851 55 1024 25 1108 55 1280 24 1314 4 1365 56 1536 24 1569 6 1621 57 1756 2 1792 23 1824 8 1877 58 2011 4 2048 21 2079 10 2133 58 2267 5 2304 21 2335 10 2357 5 2385 62 2524 2 2560 21 2591 10 2608 1 2612 8 2640 64 2816 20 2843 15 2860 17 2893 68 3072 19 3098 35 3149 68 3328 19 3353 37 3400 73 3584 18 3609 38 3655 74 3840 17 3864 39 3910 5 3916 71 4096 16 4119 41 4166 5 4174 71 4352 17 4375 40 4432 72 4608 63 4689 72 4768 2 4864 13 4879 48 4946 73 5021 6 5120 13 5135 47 5202 81 5376 11 5390 46 5459 80 5588 4 5632 11 5647 45 5715 80 5844 5 5888 11 5904 45 5971 78 6100 5 6144 11 6161 44 6227 78 6356 5 6400 12 6419 44 6469 8 6484 77 6612 6 6656 12 6676 58 6740 77 6869 5 6912 13 6934 57 6996 77 7125 4 7168 13 7190 57 7252 77 7382 2 7424 13 7446 57 7508 77 7651 3 7679 14 7702 57 7764 76 7892 1 7907 3 7935 14 7958 57 8020 75 8145 5 8164 1 8191 14 8214 58 8275 76 8400 7 8426 1 8447 14 8471 58 8531 75 8655 8 8681 2 8704 13 8727 58 8787 74 8911 8 8936 3 8960 13 8984 59 9044 73 9166 10 9184 3 9191 4 9216 13 9240 59 9301 72 9422 10 9439 12 9472 13 9496 59 9559 70 9679 8 9695 12 9728 13 9752 59 9815 69 9935 8 9951 12 9984 15 10008 59 10071 69 10190 9 10203 16 10240 15 10264 60 10328 67 10445 10 10459 15 10496 17 10519 63 10583 68 10700 13 10714 11 10752 17 10775 132 10956 25 11008 18 11032 131 11211 24 11264 18 11289 130 11467 24 11520 18 11549 126 11723 24 11776 18 11807 123 11978 27 12032 17 12063 123 12234 29 12288 17 12319 122 12490 29 12544 17 12575 62 12639 60 12746 30 12800 17 12831 62 12897 58 13002 30 13056 17 13086 63 13154 13 13169 42 13259 30 13312 16 13341 64 13411 11 13426 41 13515 30 13568 13 13596 65 13669 8 13684 13 13698 25 13745 7 13771 30 13823 13 13852 66 13926 7 13941 12 13955 24 14001 8 14028 30 14079 12 14107 69 14199 10 14212 22 14256 9 14285 30 14333 13 14363 69 14457 8 14469 20 14511 10 14542 29 14588 13 14617 72 14717 2 14724 19 14768 9 14798 29 14843 12 14873 72 14980 19 15025 7 15054 29 15097 13 15127 74 15236 18 15311 27 15351 14 15383 74 15491 18 15567 27 15607 12 15639 75 15747 18 15823 27 15863 10 15894 76 16003 18 16080 26 16119 9 16151 76 16257 20 16338 24 16373 11 16407 77 16513 20 16595 23 16628 12 16664 77 16769 20 16853 22 16883 13 16921 76 17025 20 17110 21 17138 14 17177 58 17236 17 17281 20 17367 20 17391 17 17434 57 17492 17 17537 20 17623 41 17690 57 17754 10 17793 20 17879 41 17946 57 18011 8 18049 19 18135 41 18201 59 18266 15 18305 18 18391 41 18457 60 18522 17 18561 18 18646 42 18713 83 18808 1 18816 19 18903 19 18925 19 18955 1 18969 83 19063 3 19072 18 19127 4 19159 18 19181 39 19225 84 19319 26 19380 8 19398 3 19417 16 19437 40 19481 84 19575 26 19635 10 19653 4 19676 13 19693 42 19738 83 19831 25 19890 13 19909 6 19934 3 19947 44 19994 84 20087 25 20145 14 20165 6 20191 1 20202 132 20344 7 20355 12 20400 17 20421 7 20458 132 20601 5 20611 12 20655 19 20677 8 20713 134 20869 8 20911 20 20933 8 20971 132 21126 7 21166 21 21189 7 21228 93 21322 38 21422 22 21485 92 21580 36 21678 22 21703 1 21741 92 21839 32 21934 21 21959 1 21998 92 22095 32 22190 21 22215 2 22254 61 22318 28 22351 31 22387 4 22446 21 22510 61 22575 28 22606 31 22643 6 22702 21 22766 61 22833 25 22861 31 22899 8 22957 22 23022 61 23090 21 23117 32 23154 10 23213 22 23278 62 23347 16 23373 32 23408 13 23468 22 23534 63 23604 15 23629 48 23724 22 23789 65 23861 14 23885 48 23980 22 24017 5 24045 66 24117 14 24141 48 24236 21 24273 6 24301 67 24375 11 24398 48 24492 21 24529 7 24557 69 24632 9 24654 48 24749 20 24785 8 24813 71 24889 7 24900 4 24911 25 24939 26 25005 20 25040 11 25068 74 25146 7 25155 7 25167 24 25195 26 25261 19 25296 13 25324 76 25404 15 25423 23 25453 25 25517 18 25551 16 25580 76 25659 17 25680 22 25709 25 25773 18 25807 17 25836 19 25856 56 25915 18 25938 21 25965 25 26029 17 26063 19 26092 19 26112 56 26170 19 26194 21 26221 25 26286 15 26318 21 26348 18 26368 77 26451 22 26476 26 26543 14 26574 22 26605 14 26624 77 26707 50 26799 13 26830 23 26861 12 26880 77 26963 50 27056 12 27081 2 27085 25 27119 9 27136 77 27219 50 27312 12 27338 29 27376 7 27389 48 27439 11 27452 17 27475 50 27569 12 27594 33 27644 49 27696 9 27708 17 27731 50 27825 12 27849 35 27899 51 27951 7 27964 21 27988 41 28082 9 28105 36 28155 58 28221 22 28244 33 28279 4 28340 7 28360 38 28411 55 28471 59 28598 2 28617 38 28667 54 28727 58 28873 38 28923 54 28982 32 29015 25 29129 39 29179 54 29238 57 29385 39 29434 56 29493 56 29641 42 29690 56 29749 55 29898 41 29946 55 30007 51 30155 40 30202 55 30263 50 30404 3 30411 40 30459 52 30521 47 30659 49 30715 48 30778 45 30914 50 30973 46 31036 42 31169 51 31230 45 31292 41 31425 51 31487 43 31539 1 31548 39 31682 50 31744 42 31794 4 31804 39 31939 49 32000 42 32049 50 32195 50 32256 41 32305 50 32452 49 32512 40 32561 50 32709 49 32768 39 32816 40 32857 9 32965 51 33025 35 33072 37 33113 8 33221 53 33281 34 33327 38 33369 8 33477 56 33537 33 33583 39 33623 9 33734 57 33793 34 33839 39 33880 7 33897 3 33991 57 34049 38 34092 42 34139 4 34153 4 34247 56 34305 38 34347 43 34395 2 34409 4 34503 56 34560 40 34602 45 34665 4 34760 55 34816 40 34858 45 34921 4 35016 55 35072 40 35113 46 35178 2 35271 70 35342 74 35527 57 35585 10 35599 38 35638 35 35737 2 35783 57 35841 10 35856 37 35894 36 35992 3 36038 58 36097 10 36113 36 36150 13 36164 23 36247 6 36257 2 36293 59 36354 9 36371 35 36407 12 36421 22 36503 14 36549 59 36611 8 36631 13 36647 14 36665 8 36676 23 36761 11 36804 60 36867 8 36887 12 36904 13 36924 3 36931 24 37017 10 37060 60 37139 2 37143 11 37163 9 37187 24 37274 9 37315 61 37394 15 37421 6 37442 25 37531 8 37571 61 37649 14 37698 25 37787 6 37827 60 37905 13 37954 25 38043 6 38084 59 38161 12 38210 25 38299 10 38340 59 38417 11 38467 23 38554 11 38596 3 38603 52 38673 10 38723 13 38740 5 38809 12 38852 2 38860 52 38929 10 38980 11 38997 4 39065 12 39108 2 39116 52 39185 8 39237 8 39254 1 39304 9 39321 12 39348 5 39364 2 39378 46 39441 9 39493 6 39560 11 39577 12 39605 5 39620 1 39635 45 39695 11 39815 13 39832 15 39861 7 39891 45 39951 11 40071 14 40088 15 40117 8 40148 44 40205 13 40326 16 40345 15 40375 8 40405 43 40461 14 40582 16 40601 15 40631 8 40661 43 40717 14 40838 17 40857 15 40887 9 40918 42 40973 13 41094 34 41143 9 41175 41 41229 13 41350 34 41400 9 41433 3 41441 31 41487 2 41495 2 41606 34 41656 8 41697 31 41863 32 41913 6 41953 31 42119 32 42169 5 42209 31 42374 33 42426 3 42465 31 42629 33 42684 1 42722 30 42885 33 42939 2 42979 16 42999 9 43142 32 43194 5 43236 13 43255 9 43399 32 43449 8 43493 10 43513 7 43655 32 43705 8 43752 3 43769 7 43911 32 43961 9 44025 7 44168 31 44218 9 44281 7 44423 32 44474 10 44538 6 44679 32 44731 10 44795 5 44935 32 44987 11 45051 5 45191 32 45244 11 45307 5 45447 31 45503 8 45563 5 45703 31 45759 8 45819 5 45935 6 45960 29 46016 7 46066 2 46075 5 46190 7 46216 29 46272 7 46321 5 46331 5 46445 10 46472 29 46529 4 46577 6 46585 7 46700 11 46728 29 46785 4 46833 6 46840 8 46955 12 46984 29 47041 2 47089 15 47210 13 47240 29 47297 2 47345 15 47463 15 47496 29 47603 13 47718 15 47752 29 47859 13 47971 18 48009 28 48047 3 48114 14 48227 18 48255 2 48265 26 48302 5 48370 14 48483 18 48522 18 48558 6 48577 1 48625 15 48739 18 48778 17 48814 7 48833 1 48881 15 48995 18 49035 16 49071 6 49084 6 49136 16 49251 18 49293 12 49326 8 49339 7 49392 16 49480 2 49507 18 49552 6 49582 11 49594 8 49647 17 49735 4 49763 2 49767 14 49809 4 49838 11 49850 8 49903 17 49991 5 50023 14 50093 20 50159 17 50247 6 50279 14 50349 20 50415 17 50501 8 50536 13 50606 18 50671 16 50756 9 50793 12 50863 16 50927 16 51011 12 51049 12 51120 15 51183 16 51266 13 51305 12 51376 15 51439 16 51521 14 51562 11 51633 11 51645 6 51657 1 51693 16 51777 14 51818 11 51889 19 51913 2 51949 16 52005 4 52033 14 52074 11 52145 26 52205 14 52261 5 52289 14 52330 11 52401 26 52460 15 52516 6 52545 14 52585 11 52659 23 52716 14 52772 5 52802 13 52840 12 52915 20 52972 13 53028 5 53059 12 53095 12 53172 19 53228 12 53285 4 53316 4 53323 4 53351 12 53429 18 53484 13 53579 4 53608 11 53687 16 53741 12 53865 10 53943 15 53973 4 53997 12 54122 7 54200 13 54226 10 54253 12 54379 4 54457 12 54481 20 54510 11 54713 10 54737 22 54767 10 54970 9 54992 25 55023 10 55158 1 55245 29 55281 7 55414 1 55499 31 55754 33 56009 34 56265 34 56427 2 56521 10 56533 22 56683 2 56768 6 56776 35 56939 2 57023 44 57088 1 57195 1 57279 44 57344 2 57535 44 57600 3 57791 45 57856 4 58046 46 58112 3 58302 47 58368 2 58558 47 58813 49 59067 52 59320 55 59575 56 59830 56 60085 57 60341 57 60597 57 60849 3 60855 56 61105 3 61112 61 61360 5 61368 62 61616 6 61623 63 61871 72 62127 72 62382 73 62638 73 62895 46 62945 23 63151 25 63179 17 63202 22 63407 20 63436 15 63458 21 63663 20 63692 14 63714 22 63899 2 63921 18 63950 8 63970 23 64153 5 64177 18 64207 1 64226 23 64408 9 64435 16 64461 8 64481 24 64663 10 64693 14 64715 10 64736 25 64919 11 64951 7 64959 4 64971 11 64989 28 65175 12 65209 2 65217 1 65227 12 65245 28 65415 3 65430 13 65483 14 65499 30
474754,19 4 76 10 226 7 275 4 332 9 484 3 531 4 588 9 787 4 844 8 1044 4 1066 3 1099 8 1300 5 1321 6 1354 7 1372 4 1556 5 1577 6 1611 5 1628 4 1641 1 1812 5 1833 5 1870 1 1885 4 1897 2 2068 5 2089 5 2141 5 2152 3 2324 6 2398 4 2408 3 2580 6 2655 3 2664 3 2836 5 2920 3 3092 5 3349 4 3605 2 5107 5 5362 9 5380 3 5617 14 5636 3 5873 14 5892 3 6130 14 6149 2 6386 14 6405 2 6459 1 6643 13 6661 2 6715 2 6899 13 6917 2 6930 5 6970 5 7157 11 7173 2 7185 8 7226 5 7417 7 7429 1 7440 10 7481 11 7579 5 7617 2 7675 5 7685 1 7697 10 7736 13 7835 5 7872 3 7905 4 7932 4 7954 9 7992 5 7999 6 8089 8 8127 4 8161 5 8188 4 8211 8 8247 6 8255 6 8345 9 8361 1 8383 5 8417 6 8444 4 8471 2 8511 6 8598 13 8640 3 8673 6 8700 4 8767 6 8800 2 8853 14 8896 3 8929 6 8957 3 9022 7 9055 3 9108 16 9153 2 9167 4 9185 5 9215 1 9278 7 9311 3 9364 16 9409 1 9423 4 9441 3 9534 7 9567 4 9620 17 9679 4 9705 2 9791 5 9824 3 9876 17 9935 4 10048 3 10132 17 10388 17 10645 17 10902 16 11165 9 11421 8 11678 7 11935 6 15822 2 16077 4 16108 2 16333 5 16363 3 16589 5 16619 3 16845 5 16875 3 17102 3 17131 3 17359 1 17387 2 17644 1 20435 3 20691 3 20947 3 21204 1 21283 3 21538 5 21793 6 21811 3 22049 6 22066 5 22306 5 22322 5 22563 4 22578 5 22759 4 22821 2 22835 4 23015 4 23271 4 23417 1 23673 1 24163 2 24187 1 24195 4 24437 8 24449 6 24692 9 24705 6 24948 9 24961 6 25205 6 25217 6 25461 6 25473 5 25718 4 25730 4 29653 3 29909 4 30165 4 30421 4 37854 5 38109 14 38334 5 38365 17 38397 3 38589 6 38621 18 38652 4 38844 15 38875 21 38905 7 39100 16 39131 22 39157 11 39355 69 39611 69 39865 71 40121 71 40376 72 40568 3 40632 72 40822 7 40887 73 41078 9 41143 73 41333 17 41399 73 41590 16 41655 73 41782 3 41847 15 41912 72 42037 5 42103 15 42169 71 42285 14 42358 15 42427 69 42539 17 42614 14 42683 33 42719 33 42794 19 42869 14 42940 31 42978 30 43050 19 43125 14 43195 31 43237 1 43240 24 43305 20 43331 5 43381 14 43449 32 43500 14 43519 1 43561 21 43586 7 43637 14 43705 32 43757 14 43818 7 43826 23 43889 1 43893 14 43961 2 43967 26 44016 11 44075 6 44082 24 44144 3 44151 12 44217 2 44224 25 44272 12 44332 30 44381 2 44400 3 44407 11 44479 26 44529 11 44589 29 44636 4 44656 3 44663 10 44735 26 44785 11 44846 28 44891 6 44919 7 44979 7 44991 26 45043 5 45101 29 45145 8 45234 10 45246 28 45347 6 45357 29 45399 10 45488 45 45589 2 45602 9 45612 30 45655 9 45743 48 45845 4 45857 41 45912 6 45999 49 46101 4 46113 41 46168 5 46254 51 46356 26 46383 27 46510 52 46612 25 46641 25 46766 55 46867 26 46898 19 47022 61 47123 26 47154 17 47279 62 47378 27 47410 16 47536 63 47634 27 47666 16 47793 62 47895 23 47921 16 47972 6 48049 64 48151 25 48177 16 48227 8 48273 1 48306 63 48407 42 48483 8 48563 65 48663 41 48739 8 48803 3 48819 66 48918 42 48996 9 49057 6 49076 67 49174 41 49252 11 49313 7 49332 67 49429 42 49508 11 49567 16 49589 68 49685 41 49764 12 49824 19 49845 68 49941 40 50021 10 50081 89 50197 40 50277 10 50337 24 50362 65 50453 8 50463 29 50534 9 50594 91 50709 8 50720 28 50791 6 50853 89 50965 7 50978 11 50993 10 51092 6 51112 87 51221 6 51235 10 51249 10 51347 8 51369 87 51477 5 51491 5 51505 10 51603 11 51629 83 51732 6 51748 3 51761 11 51859 12 51889 79 51988 7 52003 1 52017 11 52117 12 52148 76 52245 7 52259 1 52274 10 52374 12 52405 75 52501 8 52531 10 52631 14 52663 73 52757 8 52787 10 52887 15 52919 73 53013 10 53044 9 53144 15 53175 73 53268 11 53301 9 53401 14 53431 73 53523 12 53560 7 53665 6 53686 74 53779 12 53817 6 53922 5 53941 75 54035 11 54074 6 54179 2 54197 75 54290 12 54331 6 54436 1 54453 75 54547 10 54589 3 54708 76 54803 9 54846 1 54964 76 55059 8 55220 76 55314 9 55475 77 55570 9 55730 78 55826 8 55985 79 56071 4 56083 7 56107 6 56158 2 56239 81 56327 5 56339 7 56362 8 56413 4 56494 82 56583 6 56597 4 56617 16 56669 5 56750 82 56839 6 56853 4 56871 20 56926 4 57006 82 57095 5 57125 22 57183 3 57263 81 57351 4 57381 22 57438 4 57519 81 57605 4 57636 23 57693 4 57778 78 57860 5 57891 24 57949 4 58035 86 58147 24 58291 85 58403 24 58517 2 58547 84 58658 25 58771 7 58793 4 58803 84 58914 25 59027 8 59049 5 59059 84 59169 26 59281 10 59304 7 59315 84 59425 30 59537 11 59559 96 59681 37 59792 13 59813 98 59937 38 60048 14 60067 100 60192 40 60303 120 60448 40 60559 118 60704 41 60813 115 60960 42 61069 115 61217 41 61323 117 61473 42 61579 117 61730 41 61833 119 61987 40 62089 119 62243 40 62343 121 62499 40 62597 123 62755 40 62851 125 63010 41 63107 125 63265 42 63361 127 63521 42 63617 127 63777 41 63826 3 63871 129 64033 41 64081 5 64123 133 64290 40 64337 6 64375 137 64546 40 64593 7 64630 138 64803 38 64849 8 64885 139 65059 38 65105 8 65141 139 65317 36 65361 8 65397 139
478603,0 65536
487585,0 74 123 38 208 27 253 77 380 37 466 25 510 53 565 21 636 37 723 24 766 77 893 35 982 22 1023 77 1149 35 1239 22 1279 80 1407 7 1415 24 1496 22 1534 81 1664 5 1672 23 1751 24 1789 82 1931 20 2005 29 2038 89 2191 16 2260 123 2447 16 2514 125 2703 16 2769 126 2961 12 3021 130 3217 12 3276 130 3474 10 3530 132 3731 9 3785 94 3881 37 3989 6 4040 94 4139 35 4245 4 4295 96 4394 36 4551 97 4650 35 4808 133 5065 132 5321 131 5577 131 5833 130 6091 128 6347 128 6605 126 6861 126 7117 126 7374 126 7631 126 7887 129 8143 130 8399 132 8655 132 8911 132 9045 4 9161 2 9167 132 9300 6 9310 3 9416 4 9424 85 9510 63 9671 6 9680 85 9766 63 9927 7 9936 150 10183 7 10193 150 10439 7 10450 150 10695 7 10707 150 10951 7 10963 122 11087 26 11207 7 11221 120 11343 28 11464 6 11477 120 11599 28 11721 4 11735 2 11738 115 11855 28 11977 4 11995 113 12111 28 12233 4 12252 111 12367 29 12489 2 12509 110 12623 29 12765 108 12879 28 13021 107 13135 28 13279 104 13391 28 13535 103 13646 29 13792 101 13902 29 14049 68 14119 31 14156 33 14306 66 14375 70 14563 65 14631 70 14819 65 14888 69 15077 64 15144 69 15336 61 15399 70 15533 3 15593 132 15786 9 15849 133 16041 10 16106 133 16294 14 16363 133 16549 16 16619 133 16803 18 16875 133 17057 20 17132 132 17309 24 17389 130 17564 25 17645 129 17819 26 17901 128 18074 27 18158 126 18330 27 18415 125 18585 27 18671 124 18839 28 18928 123 19094 29 19185 123 19349 30 19441 123 19605 30 19697 42 19743 77 19860 32 19953 42 19999 47 20047 2 20056 20 20116 32 20209 41 20256 46 20312 20 20373 31 20465 40 20513 44 20568 20 20629 30 20721 38 20770 42 20821 23 20887 28 20977 38 21026 40 21075 25 21144 27 21231 36 21283 10 21296 21 21329 26 21402 24 21483 40 21539 10 21553 20 21583 28 21659 23 21737 40 21797 7 21810 18 21838 29 21915 22 21993 40 22053 7 22067 16 22093 29 22171 20 22248 42 22310 5 22325 13 22349 29 22427 15 22471 7 22502 44 22568 1 22587 7 22605 29 22684 12 22726 9 22756 46 22845 4 22861 30 22941 9 22979 14 23009 49 23101 4 23117 30 23198 8 23233 17 23265 49 23372 31 23488 20 23510 9 23520 50 23629 30 23743 82 23885 30 23998 83 24141 29 24253 84 24397 29 24508 85 24653 30 24763 85 24909 30 25018 86 25165 31 25267 3 25272 87 25421 32 25520 95 25677 33 25776 95 25934 34 26032 94 26191 33 26288 93 26448 33 26544 93 26705 38 26801 92 26964 39 27057 92 27221 38 27301 6 27312 92 27479 37 27555 9 27568 92 27685 5 27735 38 27810 12 27823 92 27938 10 27992 39 28049 2 28055 116 28191 14 28249 180 28444 17 28486 5 28504 183 28699 18 28741 8 28760 184 28954 19 28997 8 29015 186 29209 20 29252 10 29271 188 29465 20 29506 13 29527 58 29586 155 29761 15 29783 58 29842 155 30012 23 30036 218 30267 244 30523 244 30779 244 31035 242 31291 241 31546 241 31802 241 32057 241 32312 243 32567 245 32823 103 32929 142 33077 104 33187 140 33331 106 33444 249 33702 71 33776 173 33959 69 34033 173 34215 70 34296 166 34471 70 34553 168 34726 71 34811 153 34965 88 35069 150 35221 88 35328 147 35477 88 35584 146 35733 88 35840 145 35989 88 36099 142 36245 89 36356 20 36377 120 36501 89 36613 16 36634 59 36698 56 36757 90 36871 14 36891 57 36954 58 37013 90 37127 13 37147 56 37211 148 37384 12 37401 60 37466 150 37641 10 37655 218 37898 7 37910 219 38155 4 38163 223 38419 224 38675 224 38931 224 39187 224 39443 225 39696 228 39952 228 40208 228 40464 228 40720 227 40977 226 41235 223 41491 26 41519 195 41747 24 41777 193 42003 24 42034 192 42259 24 42291 193 42515 24 42547 194 42771 22 42803 194 43027 22 43059 194 43280 1 43284 20 43316 193 43535 24 43572 193 43790 25 43827 194 44045 26 44083 194 44301 25 44338 195 44557 25 44594 196 44812 26 44849 197 45069 24 45105 197 45325 24 45360 199 45581 24 45613 202 45837 24 45869 201 46093 23 46124 202 46349 22 46380 201 46604 23 46636 201 46860 21 46891 53 46947 146 47116 21 47147 53 47204 145 47371 22 47403 52 47462 142 47627 21 47658 54 47719 141 47883 21 47913 55 47977 139 48139 21 48168 56 48233 139 48384 7 48393 24 48423 58 48489 140 48640 33 48678 59 48745 140 48896 34 48933 60 49000 143 49152 35 49189 61 49255 145 49408 7 49417 240 49664 7 49673 240 49920 35 49956 213 50181 30 50212 214 50436 31 50469 58 50530 151 50691 32 50727 55 50786 151 50945 33 50983 55 51041 152 51201 34 51240 54 51296 153 51456 27 51485 6 51497 207 51712 26 51741 6 51753 207 51968 26 51998 6 52009 208 52224 26 52255 5 52265 208 52480 27 52511 6 52523 206 52736 27 52767 6 52781 204 52992 27 53023 7 53041 14 53063 178 53248 29 53278 9 53297 12 53319 177 53504 39 53556 7 53575 35 53615 132 53760 40 53812 7 53824 41 53873 126 54016 41 54068 9 54079 44 54131 123 54272 41 54324 55 54388 122 54528 43 54577 59 54643 123 54784 43 54831 62 54899 123 55040 238 55296 238 55552 237 55808 237 56064 235 56320 195 56517 36 56576 180 56757 12 56776 32 56832 180 57013 12 57033 31 57088 182 57271 10 57291 28 57344 191 57548 27 57600 183 57806 3 57813 18 57856 183 58071 16 58112 184 58331 11 58368 185 58589 9 58624 185 58880 186 59136 187 59392 188 59648 189 59904 189 60160 127 60290 60 60416 126 60546 60 60672 127 60802 61 60928 191 61184 191 61440 191 61696 191 61952 191 62208 191 62464 191 62720 193 62976 193 63232 195 63488 195 63744 197 64000 197 64256 198 64512 198 64768 198 65024 198 65281 196
487629,0 16 31 13 55 80 141 130 285 15 312 5 319 71 398 129 540 16 569 2 575 71 655 128 794 18 831 62 901 2 913 126 1049 19 1087 61 1157 4 1171 123 1305 18 1343 60 1413 5 1427 122 1561 18 1600 59 1669 5 1683 122 1815 20 1857 57 1925 5 1938 123 2069 22 2113 56 2181 6 2193 124 2321 26 2370 54 2449 123 2576 26 2627 43 2672 7 2705 122 2830 27 2883 42 2961 151 3140 40 3217 150 3397 38 3473 149 3653 38 3729 147 3909 38 3985 113 4101 5 4107 24 4166 37 4241 111 4365 19 4423 36 4497 111 4621 18 4679 35 4753 111 4878 15 4935 34 5009 111 5134 15 5191 34 5265 111 5391 10 5447 8 5462 18 5521 111 5646 11 5704 6 5719 16 5776 112 5901 14 5961 4 5976 15 6031 113 6156 15 6232 14 6287 113 6411 18 6489 12 6541 115 6667 18 6747 4 6797 115 6923 19 7051 117 7179 20 7232 4 7307 117 7435 20 7486 9 7563 117 7691 20 7742 11 7819 117 7949 18 7997 14 8074 118 8211 12 8252 16 8329 119 8469 8 8507 18 8585 119 8727 4 8763 19 8841 119 9019 20 9096 120 9275 20 9352 120 9533 18 9579 4 9608 120 9789 18 9835 6 9844 3 9863 121 10047 16 10089 14 10117 123 10303 14 10345 14 10371 125 10559 13 10601 16 10621 131 10815 12 10858 15 10876 132 11071 10 11116 148 11327 10 11373 147 11583 9 11630 146 11839 9 11886 146 12097 6 12143 145 12354 4 12399 145 12552 1 12655 145 12807 3 12912 144 13063 3 13168 144 13320 1 13422 146 13677 147 13933 147 14188 148 14443 149 14699 149 14956 148 15213 147 15470 146 15728 144 15985 143 16190 1 16252 132 16444 4 16509 131 16699 6 16765 131 16954 7 17020 132 17209 8 17266 5 17274 134 17465 8 17521 143 17722 6 17775 145 17978 5 18031 145 18287 145 18542 146 18797 147 19053 147 19307 149 19562 150 19817 151 20072 152 20329 151 20585 151 20829 3 20841 151 21084 5 21097 151 21339 7 21354 150 21594 8 21610 150 21849 10 21864 152 22105 10 22119 153 22360 168 22616 168 22871 169 23127 169 23383 169 23639 169 23896 168 24152 168 24409 167 24665 167 24922 166 25179 165 25435 165 25691 165 25947 165 26203 165 26459 165 26714 166 26969 167 27225 167 27481 167 27738 166 27995 165 28224 2 28251 165 28509 163 28766 162 29023 161 29280 160 29537 159 29793 159 30051 157 30307 157 30563 157 30820 156 31077 155 31333 155 31589 155 31844 156 32075 2 32079 4 32099 157 32329 12 32355 157 32583 25 32610 158 32839 26 32866 158 33095 185 33351 185 33607 185 33863 185 34121 183 34383 177 34641 175 34898 174 35104 6 35155 173 35359 9 35411 173 35588 6 35612 14 35669 12 35684 156 35843 10 35867 16 35927 9 35940 177 36122 17 36185 4 36196 179 36377 18 36452 200 36707 202 36963 202 37219 202 37475 203 37732 202 37988 203 38245 202 38502 201 38759 4 38767 193 39024 192 39281 191 39537 191 39792 192 40048 192 40303 193 40559 194 40815 194 41072 195 41328 195 41585 194 41842 193 42100 193 42360 189 42617 190 42875 189 43131 190 43394 58 43455 122 43651 49 43702 5 43712 123 43911 34 43971 120 44167 33 44229 119 44424 33 44469 2 44487 118 44680 33 44724 4 44745 116 44937 34 44980 4 45003 114 45192 37 45237 3 45259 115 45448 38 45493 3 45517 114 45704 39 45773 115 45960 41 46031 113 46216 41 46288 47 46336 66 46473 40 46544 114 46730 40 46800 115 46988 39 47057 114 47245 39 47314 113 47503 39 47572 4 47581 102 47737 4 47749 4 47759 39 47838 25 47865 74 47992 7 48003 8 48014 40 48096 23 48122 73 48247 8 48258 10 48269 41 48353 22 48378 73 48503 62 48613 18 48635 72 48759 62 48870 17 48891 72 49015 61 49127 15 49149 71 49271 60 49384 13 49406 71 49527 59 49640 13 49664 69 49782 60 49896 12 49920 69 50037 60 50153 10 50176 69 50292 29 50325 28 50409 9 50432 70 50546 32 50581 28 50665 7 50688 70 50801 33 50837 28 50922 5 50944 71 51055 36 51093 29 51200 73 51311 37 51349 29 51456 74 51567 67 51712 75 51822 69 51968 75 52075 72 52224 75 52330 73 52480 75 52586 73 52736 75 52843 72 52992 75 53099 72 53248 76 53356 71 53504 77 53613 71 53760 77 53869 72 54016 31 54051 42 54124 74 54272 30 54308 41 54379 76 54528 31 54565 40 54633 78 54784 32 54822 38 54889 78 55040 33 55079 36 55144 79 55296 35 55336 34 55399 79 55519 1 55552 37 55594 31 55655 78 55772 5 55808 39 55851 30 55910 79 56028 6 56064 42 56110 27 56165 78 56284 6 56320 42 56368 24 56421 78 56540 6 56576 41 56626 21 56676 79 56798 3 56832 41 56883 19 56932 79 57088 39 57140 17 57188 79 57344 31 57379 1 57397 14 57443 80 57600 28 57699 80 57860 6 57869 14 57955 80 58211 79 58354 4 58467 78 58609 6 58723 78 58864 8 58979 78 59120 8 59235 77 59375 9 59491 77 59632 8 59748 75 59888 7 60005 74 60145 4 60267 69 60525 68 60783 68 61039 70 61295 71 61551 72 61808 71 62064 71 62319 72 62575 72 62831 72 63087 72 63344 71 63601 70 63857 70 64114 69 64372 67 64629 66 64869 7 64887 63 65125 8 65143 63 65379 11 65400 61
489967,0 65536
490941,15 40 77 2 105 21 135 45 198 58 271 40 363 13 391 45 455 57 527 39 621 10 647 45 711 57 783 40 878 9 903 45 966 58 1034 2 1039 41 1134 9 1159 46 1222 58 1287 6 1295 44 1391 8 1415 46 1477 59 1543 56 1648 7 1672 46 1733 59 1799 59 1861 6 1877 5 1891 4 1905 6 1929 46 1989 59 2055 69 2131 8 2147 4 2162 5 2186 45 2244 60 2312 84 2402 8 2417 6 2441 46 2499 62 2569 84 2658 9 2671 8 2697 46 2755 65 2825 85 2913 24 2952 47 3011 66 3081 85 3169 26 3207 48 3267 95 3363 89 3461 50 3523 95 3619 90 3717 50 3779 186 3970 52 4035 186 4225 53 4291 244 4549 242 4805 242 5062 241 5319 240 5576 239 5832 238 6087 239 6343 238 6599 238 6855 237 7111 237 7367 148 7525 78 7624 147 7783 76 7880 135 8019 6 8042 72 8137 132 8299 71 8393 132 8555 70 8649 137 8810 71 8905 138 9065 72 9161 138 9321 72 9417 138 9576 83 9675 136 9833 83 9931 136 10092 82 10188 135 10348 83 10445 136 10605 82 10702 136 10861 82 10958 137 11117 82 11215 137 11373 82 11471 138 11629 83 11727 139 11884 83 11983 144 12140 69 12213 10 12239 146 12395 70 12469 9 12495 147 12652 69 12726 7 12751 148 12908 69 12983 5 13007 148 13165 68 13264 147 13421 68 13520 147 13678 68 13777 10 13793 130 13934 69 14033 9 14050 129 14191 68 14292 5 14305 130 14447 68 14549 3 14561 134 14705 18 14725 46 14815 137 14961 18 14981 32 15015 13 15069 143 15219 16 15237 30 15273 12 15324 145 15473 50 15529 12 15579 199 15786 11 15805 4 15835 198 16043 10 16059 8 16073 1 16090 200 16299 34 16346 200 16556 39 16601 202 16813 246 17069 246 17325 246 17579 248 17833 249 18088 251 18343 253 18597 46939
491029,0 53610 53613 252 53870 249 54127 248 54383 248 54639 247 54895 246 55151 245 55407 242 55663 241 55919 237 56174 235 56429 234 56685 234 56939 234 57194 235 57450 235 57705 236 57961 234 58216 235 58471 236 58727 235 58984 234 59241 234 59498 233 59756 232 60012 243 60267 245 60523 251 60779 252 61035 254 61290 4246
494025,17 27 131 116 255 1 273 27 387 115 511 1 528 28 643 114 783 29 899 114 1037 31 1155 114 1290 34 1410 113 1545 35 1666 113 1798 38 1921 114 2053 39 2177 113 2309 42 2433 113 2565 43 2689 113 2821 44 2943 115 3077 44 3199 115 3332 45 3431 4 3454 116 3587 46 3686 7 3709 116 3843 46 3941 12 3965 116 4099 46 4197 12 4221 96 4319 18 4355 46 4453 14 4477 96 4575 18 4611 46 4709 16 4733 96 4832 17 4867 46 4964 18 4988 97 5089 16 5123 47 5220 19 5244 97 5345 16 5380 47 5471 26 5499 98 5603 13 5636 47 5728 25 5754 98 5861 11 5893 46 5987 121 6149 46 6245 118 6405 46 6503 115 6661 46 6759 114 6918 45 7011 118 7174 45 7267 117 7430 44 7523 116 7680 3 7686 44 7778 117 7936 50 8033 116 8192 50 8288 117 8448 50 8539 38 8578 81 8704 7 8717 36 8793 40 8835 80 8960 7 8975 32 9048 40 9093 77 9177 6 9216 6 9231 30 9303 41 9349 78 9433 6 9472 5 9503 12 9558 42 9605 81 9688 7 9728 4 9759 12 9798 1 9811 46 9861 80 9944 7 9994 5 10014 11 10053 5 10065 125 10202 4 10249 7 10268 13 10309 6 10321 124 10459 2 10505 8 10564 134 10761 9 10820 133 11013 14 11063 3 11075 133 11269 15 11319 4 11331 132 11523 18 11573 9 11585 90 11679 40 11779 18 11829 102 11935 40 12034 19 12086 104 12191 40 12290 19 12343 144 12545 22 12599 144 12802 21 12856 143 13058 22 13113 142 13314 23 13370 140 13570 24 13627 139 13826 25 13883 138 14081 29 14139 138 14336 31 14395 137 14592 33 14651 137 14848 35 14906 137 15104 37 15161 108 15273 26 15360 37 15417 108 15530 25 15616 39 15673 96 15773 8 15788 23 15868 2 15872 40 15929 95 16031 6 16045 22 16123 4 16128 41 16185 93 16301 21 16377 50 16441 92 16557 11 16570 7 16633 52 16698 89 16814 8 16828 4 16889 55 16954 89 17071 6 17144 58 17210 85 17329 1 17399 59 17467 82 17654 61 17723 80 17907 66 17979 80 18161 69 18234 79 18417 71 18489 78 18673 146 18929 145 19185 144 19441 144 19697 144 19953 144 20208 143 20461 146 20717 145 20972 145 21228 143 21483 144 21740 141 21997 34 22033 103 22253 23 22291 99 22507 25 22547 98 22762 25 22803 92 23015 29 23059 92 23271 29 23315 92 23525 31 23572 91 23781 31 23828 39 23887 32 24036 32 24084 38 24143 32 24291 29 24321 3 24339 38 24401 30 24546 30 24577 4 24595 16 24614 18 24657 30 24802 30 24835 2 24851 15 24871 16 24914 29 25057 31 25106 17 25127 12 25171 29 25313 31 25349 1 25361 32 25427 29 25548 7 25569 31 25605 1 25617 33 25684 27 25803 8 25825 31 25861 1 25872 36 25941 12 25954 12 26057 10 26081 31 26116 3 26127 38 26199 7 26212 10 26313 10 26337 31 26371 4 26383 40 26456 6 26470 7 26569 11 26593 31 26627 4 26638 43 26713 4 26728 4 26825 11 26849 31 26883 6 26892 47 26970 3 27081 11 27094 2 27106 30 27138 8 27147 49 27227 1 27337 15 27362 30 27393 61 27594 14 27618 93 27850 13 27875 94 28097 2 28106 11 28131 94 28353 2 28362 11 28388 28 28417 66 28610 3 28618 11 28645 27 28674 67 28866 5 28873 13 28901 27 28931 68 29123 25 29158 26 29187 69 29379 26 29415 25 29444 70 29635 14 29653 12 29673 21 29701 70 29892 11 29909 14 29929 20 29957 70 30048 4 30148 10 30164 17 30187 17 30213 71 30303 6 30405 8 30420 18 30445 14 30470 70 30559 7 30661 9 30675 20 30703 11 30727 69 30815 7 30918 8 30931 21 30961 8 30983 69 31071 7 31174 9 31187 22 31239 69 31329 3 31431 8 31443 22 31487 1 31496 67 31687 10 31699 22 31742 2 31751 17 31769 50 31943 35 31998 2 32005 69 32198 36 32255 1 32261 68 32454 36 32511 1 32517 66 32708 38 32767 1 32773 66 32942 3 32963 39 33023 1 33029 65 33197 6 33218 40 33285 65 33453 8 33475 39 33541 64 33709 9 33731 38 33797 52 33852 9 33899 4 33964 10 33987 38 34052 51 34109 8 34156 5 34217 13 34244 37 34308 50 34365 8 34412 6 34469 18 34501 35 34563 50 34621 8 34667 7 34723 20 34758 35 34814 2 34819 48 34877 8 34923 8 34978 21 35015 34 35069 3 35075 17 35096 26 35135 6 35179 8 35233 22 35271 34 35325 3 35331 16 35353 26 35392 4 35435 8 35489 22 35527 34 35581 3 35587 16 35610 26 35691 8 35723 2 35745 22 35782 36 35837 3 35843 16 35866 27 35947 8 35979 3 35990 2 36001 21 36038 36 36093 3 36101 12 36122 27 36202 11 36216 5 36234 18 36257 22 36293 38 36351 1 36359 10 36378 27 36457 13 36471 7 36490 19 36514 21 36549 38 36607 1 36633 30 36710 25 36746 20 36771 20 36805 38 36889 30 36963 28 37003 20 37027 20 37061 38 37143 32 37217 31 37260 19 37285 18 37317 38 37399 33 37473 30 37516 20 37541 18 37573 38 37648 41 37729 30 37773 42 37829 37 37900 46 37984 31 38029 42 38085 37 38145 62 38241 20 38286 41 38341 36 38400 64 38497 19 38543 40 38597 36 38656 64 38755 16 38801 38 38853 38 38912 64 39011 16 39057 39 39110 38 39168 63 39269 12 39313 39 39366 39 39424 63 39525 12 39569 39 39621 41 39680 63 39781 10 39824 40 39877 42 39936 62 40037 9 40080 40 40133 42 40192 61 40273 8 40293 8 40336 38 40388 43 40448 61 40527 12 40549 8 40592 32 40644 44 40704 61 40782 13 40805 6 40848 39 40900 45 40960 61 41038 13 41062 1 41104 39 41157 44 41216 29 41250 26 41293 13 41315 2 41360 40 41413 45 41472 29 41507 24 41549 13 41571 4 41616 40 41669 45 41728 29 41765 14 41804 13 41826 6 41873 38 41925 46 41984 29 42023 12 42059 14 42081 8 42129 38 42182 45 42239 31 42282 7 42316 12 42338 7 42383 40 42438 44 42493 34 42573 9 42594 7 42636 43 42694 43 42749 37 42851 6 42888 46 42949 43 43004 39 43107 6 43143 47 43205 38 43260 41 43398 48 43459 39 43516 41 43611 1 43654 49 43715 38 43772 42 43845 12 43866 4 43909 50 43971 37 44027 44 44097 18 44117 10 44165 50 44227 36 44283 46 44349 25 44377 4 44421 50 44483 36 44537 50 44605 25 44635 1 44677 50 44739 35 44793 52 44859 27 44933 50 44997 32 45049 52 45114 28 45145 3 45188 51 45253 32 45304 54 45368 36 45443 51 45512 28 45559 55 45624 36 45672 2 45699 51 45769 26 45815 56 45879 38 45925 8 45955 49 46035 15 46071 56 46135 38 46181 8 46195 4 46211 48 46291 14 46327 58 46391 38 46437 8 46451 5 46465 49 46549 11 46581 61 46647 38 46693 8 46707 6 46719 50 46805 8 46836 95 46935 6 46949 8 46962 63 47063 4 47088 99 47191 6 47205 8 47218 62 47341 102 47449 3 47462 6 47474 61 47596 102 47718 5 47730 61 47852 101 47973 6 47987 60 48066 6 48110 98 48229 6 48244 59 48321 8 48368 96 48485 5 48499 60 48577 8 48625 95 48742 3 48755 60 48833 10 48881 95 49009 5 49015 57 49088 12 49137 95 49264 5 49272 56 49344 17 49392 97 49517 8 49529 56 49600 19 49645 100 49772 9 49785 56 49856 19 49898 105 50027 10 50041 55 50112 19 50148 111 50283 10 50297 54 50369 19 50403 112 50535 15 50552 31 50586 20 50625 18 50657 114 50789 17 50807 32 50843 18 50881 18 50913 114 51040 54 51100 12 51137 17 51167 115 51295 55 51357 7 51394 15 51423 66 51492 45 51548 55 51614 4 51650 15 51676 69 51749 9 51760 33 51803 51 51907 13 51931 69 52018 30 52057 54 52163 13 52184 72 52274 30 52313 54 52419 12 52439 72 52531 28 52568 57 52676 10 52693 74 52788 27 52824 57 52933 8 52949 71 53045 26 53079 28 53111 12 53125 15 53189 7 53203 72 53300 27 53334 28 53369 8 53382 17 53446 5 53459 70 53555 29 53589 16 53611 6 53638 19 53714 70 53791 2 53810 30 53845 16 53869 3 53894 20 53969 70 54046 5 54058 3 54065 52 54149 22 54211 3 54225 70 54302 7 54311 29 54343 30 54405 22 54467 4 54480 70 54559 38 54598 31 54661 22 54723 6 54733 51 54785 20 54815 71 54916 24 54979 9 54989 51 55043 16 55071 71 55161 6 55171 26 55235 61 55300 15 55327 72 55415 38 55491 61 55557 14 55583 73 55669 41 55747 61 55820 6 55839 74 55924 43 56003 61 56095 74 56179 45 56259 61 56351 74 56435 46 56515 61 56608 72 56691 46 56770 62 56864 71 56947 46 57026 62 57120 68 57203 46 57281 63 57377 66 57457 48 57537 63 57633 64 57709 48 57794 63 57889 64 57965 47 58049 68 58145 64 58221 46 58305 69 58401 64 58476 47 58560 71 58657 62 58733 45 58815 72 58913 62 58989 44 59071 72 59169 61 59246 43 59327 72 59425 61 59503 42 59550 2 59583 73 59681 60 59759 42 59803 8 59837 75 59937 60 60016 41 60059 10 60093 75 60193 59 60271 66 60349 76 60448 59 60527 68 60605 78 60695 68 60783 71 60861 86 60948 71 61038 73 61117 158 61293 76 61375 156 61548 78 61630 158 61803 242 62058 241 62313 239 62557 2 62569 238 62813 2 62825 238 63070 1 63081 5 63087 232 63337 4 63346 229 63603 228 63859 22 63889 198 64116 19 64146 198 64373 16 64402 198 64603 1 64631 13 64658 203 64915 202 65171 202 65427 109
500314,63 44 144 9 161 4 321 42 399 22 577 42 655 24 775 2 834 12 847 28 911 30 1029 6 1092 9 1105 26 1167 32 1283 10 1362 25 1423 34 1538 11 1618 25 1679 36 1756 1 1792 15 1875 22 1936 37 2009 6 2048 15 2132 21 2192 37 2265 7 2304 16 2389 20 2449 36 2520 11 2560 16 2647 18 2705 37 2775 14 2816 17 2903 17 2962 37 3024 21 3072 17 3160 16 3219 36 3277 25 3328 18 3417 14 3476 36 3532 27 3584 19 3674 13 3733 35 3788 27 3840 19 3990 34 4043 28 4096 19 4247 33 4299 28 4352 20 4503 34 4555 28 4608 20 4760 33 4811 28 4864 21 5016 33 5066 29 5120 21 5272 33 5321 30 5376 21 5528 32 5577 30 5633 20 5783 32 5833 30 5890 19 6039 30 6088 29 6147 18 6295 30 6344 27 6405 16 6550 30 6599 26 6662 14 6805 31 6855 26 6919 12 7060 31 7111 23 7176 9 7315 32 7367 22 7571 32 7623 18 7800 4 7827 32 7879 18 8054 8 8084 29 8121 2 8130 20 8309 10 8341 25 8377 5 8385 20 8565 10 8597 23 8631 29 8821 10 8853 23 8885 31 9077 11 9108 24 9139 33 9333 12 9364 23 9395 33 9588 13 9620 23 9651 32 9844 13 9875 24 9907 32 10074 5 10100 15 10131 6 10141 12 10163 33 10328 7 10355 17 10387 5 10397 12 10419 33 10583 9 10611 24 10643 3 10655 8 10675 33 10839 10 10867 24 10899 2 10913 5 10931 33 11094 11 11123 26 11187 33 11349 12 11380 25 11443 32 11605 13 11637 24 11699 32 11860 14 11893 24 11955 32 12115 16 12149 24 12211 31 12370 17 12406 22 12467 30 12625 19 12663 21 12723 30 12881 20 12921 20 12979 30 13135 22 13183 14 13235 30 13387 26 13439 14 13492 28 13641 28 13696 13 13757 18 13897 28 13952 13 14015 16 14150 31 14209 12 14273 6 14405 31 14465 12 14661 30 14721 11 14916 31 14978 9 15091 6 15171 30 15235 7 15339 21 15427 30 15491 6 15593 23 15684 29 15747 6 15847 25 15941 27 16003 6 16103 25 16198 25 16259 6 16356 28 16456 22 16515 6 16612 28 16714 17 16772 5 16793 1 16867 29 16971 14 17029 3 17047 3 17123 29 17231 7 17299 7 17378 30 17489 4 17551 10 17634 30 17695 3 17806 9 17889 31 17951 4 18061 10 18145 31 18205 8 18259 2 18317 10 18396 1 18401 31 18461 9 18512 7 18573 10 18649 39 18717 10 18766 10 18829 12 18893 51 18973 10 19021 12 19085 12 19148 52 19229 10 19277 12 19341 13 19403 53 19485 11 19533 12 19597 14 19659 53 19741 12 19789 12 19853 14 19914 54 19997 12 20045 12 20109 14 20170 54 20232 1 20253 14 20301 12 20365 12 20425 55 20488 1 20510 13 20557 12 20621 12 20681 24 20708 28 20743 4 20767 12 20813 11 20879 10 20937 24 20967 7 20976 16 20999 4 21023 12 21069 10 21135 9 21193 24 21225 4 21232 16 21255 5 21281 10 21327 7 21395 2 21449 24 21488 16 21510 7 21537 10 21583 6 21705 24 21745 15 21764 11 21795 7 21961 24 22010 6 22020 11 22052 6 22217 24 22271 18 22310 1 22474 23 22528 18 22730 22 22784 19 22986 21 23040 19 23242 21 23296 20 23497 19 23522 7 23552 21 23751 21 23777 8 23808 23 24006 21 24031 13 24064 23 24261 20 24286 16 24320 24 24516 19 24542 17 24576 24 24681 4 24771 20 24798 18 24832 25 24935 8 25027 20 25054 19 25088 24 25190 11 25283 20 25310 19 25344 24 25445 14 25540 18 25566 19 25600 24 25701 15 25796 18 25822 20 25856 24 25936 3 25957 16 26053 17 26078 21 26112 24 26191 5 26214 16 26310 16 26334 21 26368 23 26447 6 26471 15 26567 16 26589 22 26624 23 26703 6 26727 16 26824 15 26845 22 26880 8 26889 14 26959 6 26984 15 27081 14 27101 22 27134 10 27145 13 27215 6 27241 13 27337 16 27357 22 27387 14 27404 9 27472 5 27497 12 27565 6 27594 16 27613 23 27638 19 27660 8 27729 3 27754 11 27821 8 27850 17 27869 50 28016 5 28073 12 28107 17 28125 48 28328 14 28363 17 28381 51 28529 4 28582 16 28621 15 28637 51 28780 11 28838 16 28877 15 28894 51 29035 22 29093 17 29134 14 29152 7 29161 41 29291 23 29349 17 29391 13 29409 5 29418 42 29546 25 29605 17 29647 13 29674 44 29802 25 29861 17 29903 13 29930 46 30057 26 30117 16 30161 10 30187 46 30313 26 30373 16 30417 9 30443 48 30569 26 30629 14 30699 49 30815 2 30825 26 30886 12 30955 50 31070 4 31082 25 31211 50 31326 3 31338 25 31467 50 31582 3 31595 24 31723 50 31790 3 31838 3 31852 23 31979 50 32041 10 32093 4 32109 22 32235 50 32295 14 32349 4 32365 22 32491 50 32550 21 32605 6 32621 22 32747 50 32805 23 32862 5 32878 21 33003 49 33060 25 33118 6 33135 20 33259 20 33280 28 33315 26 33375 4 33391 20 33515 20 33536 28 33570 27 33649 18 33717 6 33773 16 33792 28 33825 28 33905 18 33973 6 34029 16 34048 27 34081 28 34162 15 34228 9 34288 9 34304 27 34337 28 34401 1 34419 14 34484 9 34546 5 34560 28 34593 27 34655 6 34675 12 34739 11 34816 28 34848 28 34910 8 34932 10 34995 12 35072 59 35165 12 35251 12 35328 59 35421 13 35455 4 35506 14 35584 58 35677 18 35709 9 35761 16 35840 57 35933 20 35965 12 35979 4 36016 17 36096 56 36189 24 36219 21 36264 25 36352 55 36445 25 36474 23 36519 26 36608 55 36700 59 36772 28 36864 23 36889 30 36956 61 37026 29 37120 21 37145 31 37210 65 37280 27 37376 21 37401 31 37466 66 37535 28 37632 19 37657 32 37722 96 37888 18 37913 32 37978 96 38144 14 38169 32 38235 96 38400 12 38425 33 38493 94 38656 9 38681 34 38716 11 38751 63 38815 28 38912 8 38937 50 39007 62 39071 28 39192 52 39264 61 39327 30 39448 53 39519 62 39583 32 39633 4 39679 1 39704 53 39774 64 39839 34 39886 9 39935 1 39960 54 40030 100 40141 10 40190 2 40215 56 40285 70 40358 29 40395 14 40445 3 40471 56 40540 71 40616 27 40651 14 40701 3 40727 56 40796 71 40877 22 40907 14 40957 3 40983 56 41052 71 41135 20 41163 14 41213 3 41239 56 41307 74 41392 19 41419 14 41471 1 41496 55 41563 73 41648 18 41675 14 41727 1 41753 54 41819 72 41905 14 41931 12 42009 54 42076 53 42131 16 42161 13 42187 12 42266 53 42333 52 42388 13 42417 12 42443 11 42522 53 42589 51 42644 12 42674 10 42698 11 42779 51 42845 50 42901 10 42932 6 42953 12 43037 48 43101 48 43158 8 43209 11 43294 15 43310 31 43358 43 43416 5 43465 10 43551 45 43614 43 43691 2 43721 10 43808 43 43871 42 43944 7 43977 10 44066 40 44127 40 44200 7 44232 11 44323 40 44383 40 44454 11 44487 12 44579 40 44640 39 44709 12 44742 13 44834 41 44899 36 44958 21 44997 14 45089 42 45157 41 45213 22 45253 14 45344 43 45415 6 45429 28 45469 23 45508 15 45599 44 45673 2 45686 28 45724 25 45764 15 45855 44 45944 27 45977 28 46019 16 46110 44 46200 28 46231 31 46275 15 46365 45 46456 65 46531 14 46621 45 46712 65 46787 13 46877 44 46968 70 47043 12 47133 44 47224 73 47299 12 47389 29 47421 12 47480 75 47557 9 47646 28 47679 8 47736 75 47813 8 47903 27 47992 26 48021 46 48074 3 48160 26 48249 24 48277 46 48417 24 48506 23 48533 46 48675 22 48763 21 48789 46 48934 20 49021 18 49045 46 49191 19 49277 15 49301 47 49450 3 49455 15 49533 12 49556 48 49712 15 49789 12 49813 48 49967 10 49981 1 50047 10 50070 49 50223 10 50259 1 50304 9 50327 52 50480 9 50513 8 50561 8 50583 53 50711 3 50736 8 50768 11 50817 8 50839 54 50962 12 50993 6 51023 15 51075 6 51095 55 51216 15 51250 5 51279 16 51331 4 51351 56 51471 18 51507 1 51522 5 51532 20 51607 57 51726 19 51777 32 51863 58 51962 6 51982 20 52031 35 52117 61 52215 9 52237 21 52286 37 52373 62 52470 10 52493 22 52541 38 52629 62 52725 11 52749 22 52796 39 52884 63 52981 11 53005 23 53049 42 53139 64 53237 11 53261 23 53304 44 53395 63 53493 11 53517 23 53558 47 53651 62 53749 11 53772 24 53814 47 53907 62 54005 11 54027 25 54071 48 54163 63 54263 9 54283 24 54327 48 54420 62 54521 7 54537 26 54583 49 54677 61 54792 26 54839 49 54933 61 55047 26 55096 49 55189 61 55303 25 55351 50 55445 61 55559 24 55607 51 55701 61 55815 23 55853 4 55863 52 55957 61 56071 22 56107 64 56213 61 56327 22 56363 64 56469 62 56583 22 56618 64 56727 60 56839 22 56874 63 56985 2 56993 2 56997 48 57094 23 57130 63 57256 45 57350 23 57387 62 57512 45 57605 24 57643 62 57736 4 57769 44 57861 24 57901 3 57905 56 57991 6 58025 44 58117 25 58164 61 58246 7 58281 44 58373 26 58421 60 58501 9 58537 43 58630 25 58677 61 58756 10 58793 42 58887 25 58934 61 59011 11 59049 42 59144 24 59191 60 59266 11 59306 41 59401 23 59448 59 59522 11 59563 42 59657 22 59705 59 59776 13 59819 44 59913 22 59962 59 60031 14 60076 44 60169 21 60222 59 60285 16 60335 8 60347 31 60385 2 60425 20 60480 77 60606 29 60639 6 60679 21 60738 76 60867 25 60893 10 60934 21 60994 77 61122 38 61189 21 61251 76 61375 43 61445 22 61507 76 61629 46 61700 24 61765 75 61883 52 61956 25 62021 75 62139 52 62211 28 62242 8 62277 76 62394 56 62467 42 62534 75 62649 58 62723 44 62791 74 62903 63 62980 43 63047 74 63158 65 63236 45 63304 73 63413 68 63493 44 63561 72 63669 68 63751 42 63817 71 63925 7 63935 59 64010 40 64074 69 64181 6 64191 59 64268 39 64331 68 64439 1 64447 59 64525 38 64587 67 64703 59 64781 38 64844 65 64912 6 64959 58 65037 38 65100 64 65167 8 65215 58 65280 1 65293 38 65357 62 65423 9 65471 57
504868,0 65536
513583,26 28 140 13 160 69 233 16 254 2 280 29 397 12 417 62 480 4 492 13 510 2 536 29 654 10 675 60 737 2 749 12 766 2 790 31 912 7 931 66 1005 12 1022 2 1044 33 1187 66 1262 11 1277 3 1298 35 1443 66 1518 12 1533 3 1553 36 1700 66 1774 12 1789 3 1809 36 1956 67 2031 10 2046 2 2064 37 2213 66 2287 10 2302 2 2321 36 2468 67 2544 9 2559 1 2577 35 2651 4 2723 68 2801 8 2815 1 2833 34 2905 8 2979 70 3057 7 3070 2 3091 31 3161 8 3235 72 3313 7 3325 3 3356 21 3415 12 3491 19 3514 55 3579 5 3613 3 3617 16 3671 12 3747 18 3771 58 3835 6 3881 6 3914 5 3925 14 4003 16 4027 59 4091 7 4138 5 4170 7 4180 15 4259 14 4283 59 4346 12 4425 25 4515 12 4539 76 4681 25 4727 5 4771 11 4795 78 4937 24 4981 8 5027 10 5048 82 5179 2 5192 25 5237 8 5283 8 5303 84 5433 6 5447 26 5491 12 5540 4 5559 85 5689 6 5703 26 5747 12 5815 86 5902 4 5943 8 5957 29 6003 14 6071 92 6198 9 6211 31 6258 16 6327 93 6453 45 6513 18 6583 94 6709 44 6769 19 6840 93 6964 45 7024 21 7096 93 7219 46 7279 22 7352 93 7475 46 7534 25 7609 92 7731 46 7789 26 7865 91 7987 46 8044 29 8121 17 8141 52 8197 15 8243 46 8299 30 8377 17 8398 50 8451 18 8491 1 8498 47 8554 34 8633 16 8658 46 8707 18 8746 5 8753 48 8809 39 8890 15 8916 44 8963 18 9001 56 9064 43 9147 14 9172 44 9219 18 9257 56 9319 44 9403 14 9428 44 9475 19 9513 57 9575 45 9660 12 9684 66 9769 58 9830 46 9917 10 9940 66 10025 58 10085 47 10197 65 10281 58 10341 47 10453 65 10537 107 10712 62 10792 108 10969 61 11048 108 11226 60 11304 109 11417 1 11483 58 11561 115 11740 57 11817 115 11997 56 12073 116 12253 56 12329 31 12362 84 12509 56 12579 4 12587 30 12619 84 12766 55 12823 2 12834 5 12845 28 12876 83 13023 58 13089 7 13105 26 13133 82 13248 8 13280 57 13345 7 13363 108 13503 10 13537 56 13601 7 13620 95 13725 5 13757 13 13794 15 13813 11 13825 24 13857 7 13877 93 13981 6 14012 15 14051 8 14070 10 14081 24 14113 7 14133 94 14236 8 14267 16 14328 8 14338 23 14370 5 14389 24 14414 69 14492 9 14523 16 14585 7 14595 22 14627 4 14647 20 14671 36 14711 29 14747 10 14779 18 14842 6 14851 22 14903 20 14927 34 14970 26 15003 11 15033 20 15099 5 15109 11 15148 4 15160 17 15184 30 15235 18 15258 13 15287 24 15355 5 15366 9 15403 6 15416 17 15441 13 15455 15 15491 19 15513 14 15542 26 15611 5 15626 2 15647 7 15655 10 15673 15 15699 9 15717 3 15725 3 15746 38 15797 28 15867 5 15902 19 15929 14 15981 4 16001 40 16052 29 16121 7 16157 21 16186 13 16237 5 16257 41 16305 32 16375 9 16412 22 16443 12 16493 5 16513 42 16558 35 16630 10 16668 22 16700 10 16749 6 16769 80 16884 12 16924 23 16957 8 17006 5 17025 80 17140 12 17181 22 17214 7 17263 6 17280 81 17395 13 17437 22 17471 5 17520 7 17536 81 17651 13 17693 24 17777 12 17793 79 17907 13 17949 24 18033 13 18048 80 18163 13 18205 25 18287 96 18419 13 18462 24 18543 96 18675 13 18719 23 18799 96 18932 12 18975 23 19054 97 19189 11 19231 22 19310 96 19447 9 19488 21 19566 97 19703 9 19746 19 19822 97 19961 7 20004 17 20078 97 20217 7 20261 16 20335 96 20473 7 20518 14 20592 95 20730 6 20774 14 20851 92 20988 4 21027 18 21108 91 21247 1 21280 21 21366 33 21403 52 21533 24 21623 30 21662 49 21787 26 21881 26 21920 46 21975 1 22043 26 22137 26 22176 46 22229 5 22299 26 22393 24 22432 46 22484 7 22555 26 22649 23 22688 46 22739 8 22811 26 22905 21 22944 46 22995 9 23067 26 23161 21 23200 46 23251 9 23323 26 23416 22 23456 45 23506 11 23540 3 23578 28 23671 23 23712 44 23761 14 23795 5 23830 35 23924 26 23969 42 24016 26 24049 8 24065 4 24084 38 24179 27 24225 42 24271 29 24302 11 24320 7 24338 40 24432 30 24482 41 24527 43 24576 7 24594 40 24687 32 24739 40 24782 45 24831 10 24849 42 24940 35 24995 41 25037 61 25105 42 25195 37 25252 103 25361 42 25448 41 25510 101 25617 42 25703 43 25766 102 25873 43 25956 47 26024 11 26039 86 26129 43 26211 48 26281 8 26295 86 26385 43 26467 50 26540 3 26552 85 26641 43 26723 50 26809 84 26899 42 26979 51 27067 4 27075 74 27156 42 27235 51 27333 72 27414 47 27490 52 27589 72 27670 49 27746 52 27845 72 27927 50 28000 55 28101 72 28183 50 28256 55 28357 72 28439 51 28511 57 28612 73 28695 51 28767 57 28867 73 28950 51 29023 58 29122 74 29206 51 29279 58 29375 76 29461 52 29535 58 29627 80 29715 54 29792 57 29880 145 30051 53 30126 158 30308 51 30381 160 30565 50 30635 163 30821 50 30891 165 31079 48 31146 166 31335 48 31402 97 31501 68 31593 46 31658 97 31759 66 31849 46 31914 97 32018 64 32106 44 32171 96 32277 61 32362 43 32427 98 32535 60 32618 42 32684 98 32792 59 32874 41 32941 98 33048 59 33131 38 33198 99 33305 59 33387 38 33454 14 33477 59 33538 16 33561 60 33645 34 33713 10 33735 57 33795 16 33817 60 33901 34 33971 8 33991 57 34054 13 34073 61 34150 1 34159 32 34230 3 34251 53 34311 12 34330 60 34404 4 34416 31 34508 52 34569 10 34586 61 34658 7 34673 30 34707 3 34766 50 34825 9 34842 61 34913 8 34931 29 34962 6 35023 49 35083 6 35098 61 35168 9 35189 37 35280 48 35340 5 35354 61 35424 9 35445 38 35494 5 35536 48 35611 60 35679 12 35702 23 35727 13 35748 11 35793 47 35867 60 35935 14 35959 20 35983 13 36003 13 36049 47 36125 56 36192 14 36217 16 36239 15 36258 15 36307 45 36381 55 36449 14 36473 16 36495 16 36514 16 36564 44 36637 54 36705 16 36730 14 36750 37 36821 43 36893 53 36961 16 36986 15 37005 38 37077 43 37149 34 37187 14 37217 16 37242 15 37260 40 37335 41 37406 33 37444 13 37472 17 37498 15 37514 43 37590 42 37663 33 37701 11 37727 18 37755 60 37844 44 37920 32 37958 9 37983 19 38011 61 38099 45 38179 29 38239 20 38267 65 38353 47 38437 27 38494 21 38524 65 38609 47 38694 27 38750 23 38783 64 38864 48 38950 27 39006 23 39042 61 39120 48 39207 26 39262 24 39303 58 39375 10 39389 35 39463 26 39517 25 39560 57 39631 10 39646 34 39720 23 39773 26 39817 18 39839 36 39886 11 39903 33 39977 11 39992 6 40028 27 40073 18 40096 35 40142 11 40159 33 40234 8 40284 27 40330 17 40354 35 40399 49 40493 2 40540 27 40586 17 40610 35 40655 49 40741 3 40795 29 40843 15 40867 35 40911 49 40997 5 41051 29 41099 14 41123 36 41168 48 41252 7 41306 30 41355 14 41379 38 41426 46 41509 6 41562 31 41611 14 41635 38 41683 45 41766 4 41817 32 41869 11 41892 37 41941 13 41955 29 42073 32 42125 11 42148 37 42199 10 42212 28 42286 9 42328 32 42383 7 42405 36 42456 8 42471 25 42541 12 42584 32 42661 36 42713 6 42729 23 42794 19 42821 2 42839 32 42918 35 42990 18 43048 22 43075 8 43095 32 43174 35 43247 17 43300 41 43351 31 43430 37 43505 13 43555 42 43607 30 43687 36 43763 8 43809 45 43863 30 43943 37 44064 47 44119 30 44199 38 44320 47 44375 29 44454 38 44576 48 44631 29 44710 38 44832 48 44887 28 44966 38 45019 4 45087 50 45143 28 45222 37 45271 8 45343 50 45399 28 45477 37 45524 13 45599 50 45654 29 45733 35 45779 14 45855 50 45909 10 45921 13 45947 6 45989 32 46035 15 46111 50 46165 8 46179 9 46203 7 46245 31 46291 16 46368 62 46437 6 46451 4 46457 11 46501 29 46547 17 46624 62 46707 18 46757 22 46782 2 46803 18 46881 61 46963 18 47013 21 47059 18 47111 5 47137 61 47209 4 47218 20 47269 20 47315 18 47365 9 47393 61 47464 31 47525 19 47572 18 47620 11 47649 61 47720 31 47780 19 47829 17 47875 14 47906 59 47976 39 48035 20 48086 15 48130 16 48163 58 48233 39 48285 26 48342 15 48385 20 48420 57 48491 38 48538 27 48598 15 48641 21 48677 56 48747 38 48793 28 48854 14 48897 22 48935 54 49003 73 49110 13 49152 23 49193 52 49259 72 49366 13 49408 23 49451 50 49514 72 49621 14 49664 23 49707 50 49770 71 49877 13 49920 22 49964 49 50025 72 50133 12 50176 22 50221 8 50233 35 50281 71 50367 2 50389 11 50432 23 50490 33 50537 72 50621 7 50643 12 50688 25 50747 32 50793 72 50876 9 50899 12 50944 27 51004 13 51018 15 51050 73 51131 12 51155 12 51200 28 51261 11 51275 13 51307 72 51387 12 51410 13 51456 29 51519 6 51532 11 51565 72 51643 37 51712 29 51789 10 51823 71 51899 36 51968 29 52045 10 52081 110 52224 30 52301 10 52337 110 52480 31 52559 6 52594 108 52736 32 52817 1 52850 108 52992 34 53107 106 53248 35 53363 106 53504 37 53620 45 53666 59 53759 38 53877 42 53922 59 54014 41 54133 42 54178 59 54267 44 54390 41 54434 59 54522 46 54647 39 54691 58 54777 48 54903 39 54947 58 55022 5 55033 50 55159 39 55203 6 55212 50 55270 15 55289 50 55415 38 55459 5 55468 50 55524 17 55545 51 55671 38 55715 3 55725 50 55776 78 55927 37 55972 1 55981 132 56185 35 56237 133 56441 34 56493 133 56698 19 56720 11 56749 133 56955 18 56977 10 57005 133 57212 16 57234 9 57259 135 57469 15 57490 9 57514 136 57728 11 57747 8 57769 137 57985 10 58003 8 58025 137 58242 9 58281 136 58499 8 58537 136 58755 7 58793 12 58807 122 59013 4 59049 11 59064 121 59304 12 59323 118 59559 13 59579 121 59813 16 59837 119 60068 17 60093 67 60161 51 60321 21 60349 67 60417 51 60577 21 60605 67 60674 51 60833 22 60861 23 60887 41 60931 50 61088 23 61118 21 61144 40 61188 51 61259 2 61343 24 61376 17 61401 39 61444 52 61514 3 61599 25 61632 16 61658 38 61700 53 61768 5 61853 28 61887 4 61915 37 61956 53 62023 6 62109 28 62142 5 62171 37 62212 54 62277 9 62364 30 62397 9 62427 37 62468 54 62533 9 62619 33 62653 10 62683 37 62724 41 62769 8 62788 12 62874 45 62939 37 62981 40 63025 8 63044 14 63130 46 63196 36 63237 35 63283 6 63299 18 63385 47 63453 32 63494 33 63541 2 63555 18 63641 47 63709 33 63751 31 63810 21 63897 32 63933 10 63966 33 64008 29 64066 23 64153 32 64189 10 64223 33 64272 17 64321 28 64409 32 64448 6 64482 30 64530 12 64577 28 64665 32 64705 4 64739 29 64789 6 64832 31 64920 33 64995 29 65047 2 65089 30 65176 32 65252 28 65345 30 65432 31 65512 24
516869,0 65536
521139,0 65536
524214,0 65536
529350, 
534313,4 49 173 12 260 51 430 11 517 50 686 11 773 50 942 11 1028 51 1166 4 1199 10 1283 52 1420 8 1455 9 1503 1 1510 4 1539 52 1675 10 1711 8 1757 4 1765 6 1795 38 1839 8 1931 10 1969 4 2012 6 2019 8 2050 37 2096 5 2187 11 2226 3 2268 16 2306 37 2351 4 2443 11 2525 16 2562 37 2607 3 2699 12 2781 4 2787 10 2819 37 2857 9 2956 11 3043 11 3075 47 3213 10 3299 11 3331 48 3470 10 3556 10 3587 48 3726 11 3813 9 3845 45 3982 16 4072 6 4101 44 4238 18 4329 4 4357 42 4493 20 4551 6 4613 42 4749 21 4807 7 4864 1 4870 39 5005 22 5061 23 5120 45 5261 22 5316 25 5376 46 5518 21 5571 28 5632 35 5669 8 5774 20 5827 29 5888 33 5926 7 6031 18 6083 29 6144 32 6182 7 6289 16 6339 29 6400 31 6437 7 6499 2 6503 3 6550 11 6595 23 6656 30 6693 7 6753 12 6807 9 6836 1 6851 22 6912 29 6949 7 7009 14 7063 8 7089 8 7108 21 7168 29 7205 6 7264 15 7319 8 7345 8 7365 20 7424 29 7461 5 7510 26 7575 8 7601 10 7621 20 7680 29 7717 4 7766 27 7831 7 7857 10 7877 20 7937 28 8021 29 8087 6 8113 9 8133 20 8193 28 8277 30 8343 6 8369 9 8389 21 8450 13 8474 3 8533 30 8601 2 8627 6 8645 22 8707 12 8731 1 8789 30 8883 5 8902 21 8965 10 9046 29 9159 20 9222 9 9302 29 9418 13 9479 9 9537 4 9558 29 9681 2 9735 10 9790 1 9793 4 9814 29 9991 11 10046 7 10070 29 10247 11 10301 6 10326 28 10503 11 10560 2 10564 3 10583 27 10759 11 10817 1 10820 3 10839 26 11015 11 11045 2 11073 7 11097 24 11272 9 11301 1 11328 9 11353 22 11529 8 11584 10 11609 20 11785 7 11840 11 11854 5 11865 20 12095 12 12109 9 12123 17 12351 12 12364 10 12379 16 12603 2 12607 24 12635 16 12859 29 12891 16 13113 50 13369 15 13386 33 13625 8 13643 17 13663 13 13882 6 13899 16 13920 12 14139 6 14156 15 14176 12 14395 6 14413 14 14433 11 14653 6 14669 12 14689 11 14909 6 14925 12 14945 10 15166 5 15183 8 15201 10 15424 2 15439 8 15458 8 15695 6 15715 4 15951 6 16421 2 16675 5 16931 5 17187 5 17443 5 17701 2 17917 3 17957 2 18172 4 18427 5 18683 5 18939 5 19195 5 19451 5 19707 5 19963 5 20220 4 20248 4 20274 2 20478 2 20503 5 20528 5 20755 9 20783 6 21011 8 21039 7 21238 3 21267 7 21296 6 21484 4 21492 7 21525 4 21552 6 21741 2 21748 8 21776 1 21783 2 21808 6 22003 10 22032 2 22064 5 22258 11 22293 2 22515 10 22549 2 22771 11 22805 2 23028 12 23061 2 23283 13 23314 4 23538 14 23571 3 23794 14 23829 1 23867 1 24055 9 24121 4 24313 7 24377 3 24571 5 24633 2 24827 5 24861 2 24888 1 25083 5 25112 7 25144 1 25339 5 25367 8 25400 1 25595 5 25623 6 25798 1 25852 4 25880 3 26052 3 26109 3 26136 3 26307 4 26564 1 29101 2 30489 4 30744 6 30999 9 31255 10 31510 12 31765 14 32021 22 32277 23 32533 24 32790 23 33047 23 33303 23 33558 25 33813 26 34067 28 34322 29 34577 30 34832 31 35087 32 35343 32 35598 33 35854 33 36109 34 36241 1 36365 34 36497 6 36621 33 36752 8 36878 31 37008 8 37035 4 37135 29 37264 9 37289 7 37364 5 37391 28 37521 8 37545 7 37620 6 37648 26 37778 9 37800 8 37871 1 37875 8 37905 24 38035 8 38056 8 38127 12 38163 22 38291 13 38312 9 38383 12 38421 19 38548 14 38568 10 38640 4 38645 6 38684 11 38789 7 38804 15 38825 10 38895 6 38943 6 39038 1 39043 11 39059 16 39081 10 39150 7 39291 22 39314 17 39337 10 39405 8 39547 41 39594 9 39660 9 39808 37 39851 8 39915 10 40065 36 40107 8 40171 9 40313 5 40320 37 40365 6 40427 9 40568 7 40576 37 40622 5 40683 9 40824 45 40939 9 41079 46 41196 8 41335 10 41346 33 41453 6 41591 44 41710 5 41759 2 41846 45 41969 3 42013 4 42102 13 42117 30 42225 4 42271 2 42357 46 42478 8 42527 2 42613 47 42733 9 42868 48 42987 11 43124 48 43242 12 43380 18 43402 26 43497 13 43636 17 43658 25 43753 13 43891 16 43915 24 44009 14 44147 16 44171 24 44265 14 44384 5 44401 18 44428 23 44522 22 44631 15 44657 18 44685 22 44778 22 44884 19 44912 19 44941 21 45035 21 45139 21 45167 20 45198 9 45208 10 45292 8 45302 10 45394 25 45422 22 45455 6 45467 6 45485 3 45551 2 45558 10 45650 49 45712 4 45723 5 45741 4 45815 9 45897 2 45907 48 45995 7 46071 9 46152 3 46163 48 46251 8 46328 8 46400 4 46407 4 46418 48 46505 12 46585 7 46655 6 46663 4 46674 48 46761 14 46841 7 46911 6 46930 49 47017 16 47097 7 47167 5 47186 49 47273 16 47353 7 47405 2 47422 5 47443 53 47529 17 47608 8 47661 2 47678 5 47699 54 47785 18 47864 8 47917 2 47933 6 47956 53 48046 15 48120 8 48173 2 48182 1 48189 7 48213 52 48303 14 48376 8 48429 4 48444 8 48469 52 48558 15 48633 7 48685 5 48700 8 48724 53 48814 15 48889 7 48941 7 48956 9 48979 54 49069 16 49115 2 49147 5 49196 10 49213 7 49235 54 49324 16 49371 2 49403 5 49448 15 49469 7 49489 56 49579 17 49628 1 49659 5 49704 15 49727 4 49745 56 49833 19 49867 2 49915 5 49959 18 50000 56 50088 21 50122 5 50171 5 50215 18 50256 56 50343 22 50378 7 50428 4 50470 21 50509 59 50597 24 50632 11 50684 4 50725 22 50763 60 50851 26 50887 12 50939 5 50979 24 51011 1 51019 59 51107 26 51142 14 51167 1 51195 5 51229 30 51266 3 51274 52 51363 27 51397 15 51423 1 51450 6 51485 30 51519 62 51618 29 51649 19 51677 3 51705 7 51740 31 51774 62 51874 50 51933 3 51960 8 51992 99 52130 51 52190 2 52216 8 52247 100 52373 2 52386 51 52471 9 52503 89 52597 4 52642 52 52702 2 52728 8 52758 89 52899 51 52958 3 52984 8 53013 88 53155 52 53213 6 53241 7 53269 86 53411 52 53469 7 53497 7 53525 84 53669 50 53725 12 53753 7 53781 82 53925 50 53981 12 54009 7 54037 78 54182 49 54237 12 54264 8 54294 77 54439 47 54494 11 54519 9 54551 76 54695 47 54749 19 54774 10 54807 77 54951 46 55005 20 55029 11 55063 78 55207 46 55261 21 55283 13 55319 78 55463 46 55515 23 55539 13 55575 79 55719 89 55831 80 55975 88 56080 5 56086 81 56232 31 56271 44 56335 88 56488 30 56529 42 56589 90 56744 29 56787 4 56793 34 56843 92 57000 29 57051 32 57099 92 57254 31 57307 32 57355 92 57509 32 57564 31 57612 91 57765 32 57821 30 57868 91 58021 32 58077 30 58124 91 58277 32 58333 13 58353 10 58380 91 58533 32 58588 13 58611 7 58629 68 58699 29 58790 32 58843 14 58869 4 58885 68 58957 28 59046 33 59099 14 59140 68 59214 17 59233 8 59303 32 59345 2 59354 15 59395 70 59470 27 59559 30 59599 5 59610 15 59650 71 59726 16 59743 10 59816 28 59854 7 59867 11 59905 72 59982 16 59999 10 60072 28 60110 7 60123 10 60160 73 60241 24 60328 28 60366 7 60380 8 60416 73 60501 19 60584 28 60622 7 60636 7 60652 1 60672 74 60759 17 60840 27 60879 4 60897 1 60928 74 61017 15 61096 27 61137 2 61184 75 61276 13 61352 17 61371 8 61440 75 61532 13 61608 16 61628 7 61696 75 61789 13 61865 15 61885 6 61952 75 62045 13 62121 14 62141 6 62208 75 62297 2 62300 13 62328 4 62377 15 62397 6 62464 75 62552 17 62583 6 62633 15 62653 6 62720 75 62808 6 62815 9 62839 7 62889 15 62909 5 62976 75 63064 5 63073 7 63095 8 63145 15 63165 5 63232 74 63320 4 63331 4 63349 10 63400 16 63421 4 63488 73 63577 2 63587 4 63605 10 63656 15 63744 73 63861 11 63912 14 64000 72 64116 12 64168 13 64256 70 64371 20 64424 13 64512 69 64627 21 64679 14 64768 68 64882 22 64934 14 65024 67 65138 23 65189 15 65280 65 65357 2 65393 24 65443 17 65532 3
534649,12 54 271 50 527 50 783 48 1038 48 1291 50 1547 49 1802 49 2058 48 2313 49 2569 48 2825 49 3081 50 3136 1 3337 52 3391 3 3593 56 3848 57 4101 60 4359 55 4415 2 4615 55 4671 2 4864 3 4871 53 5120 5 5127 52 5376 7 5385 49 5632 6 5641 49 5888 5 5897 48 6144 5 6153 48 6400 5 6409 47 6656 5 6663 49 6912 5 6919 49 7168 5 7175 50 7424 58 7680 58 7936 54 8192 53 8448 48 8497 4 8704 29 8735 6 8742 8 8960 27 9001 4 9216 19 9257 4 9472 10 9483 8 9514 3 9728 19 9759 5 9771 2 9984 19 10014 10 10240 19 10269 12 10496 18 10526 10 10752 18 10782 9 11008 17 11038 9 11264 18 11295 8 11520 18 11552 4 11776 18 12032 18 12071 2 12288 1 12292 13 12327 2 12550 7 12583 2 12807 6 12840 1 13065 4 13320 5 13576 5 13832 5 14090 2 59135 1 59391 1 59647 1 59902 2 60158 2 60414 2 60671 1 60927 1
535798,0 10 88 1 140 10 175 7 256 10 399 3 431 8 512 10 688 10 762 1 768 10 944 16 1017 3 1024 10 1199 18 1272 5 1280 9 1453 20 1525 8 1536 9 1709 20 1781 9 1792 9 1965 20 1993 7 2036 10 2048 9 2221 20 2249 8 2291 12 2304 9 2477 39 2547 10 2560 9 2733 40 2803 10 2816 9 2989 41 3060 8 3072 9 3245 41 3316 8 3328 10 3501 41 3572 7 3584 9 3757 41 3818 1 3827 8 3842 7 3907 6 3996 6 4014 40 4073 2 4083 8 4100 4 4163 7 4251 8 4271 38 4329 3 4339 8 4419 6 4507 11 4525 38 4585 3 4594 9 4675 6 4763 22 4786 31 4841 4 4849 10 4931 4 5019 22 5042 29 5097 4 5104 9 5187 1 5275 52 5354 5 5360 8 5531 51 5611 12 5787 51 5868 11 6035 2 6043 50 6127 8 6289 7 6299 41 6344 3 6383 8 6540 13 6555 40 6795 14 6811 40 7044 1 7051 14 7067 40 7307 14 7323 39 7510 1 7563 14 7579 39 7766 1 7821 12 7835 39 8079 10 8091 39 8335 9 8346 40 8394 3 8466 4 8533 2 8592 5 8603 40 8648 6 8722 4 8788 3 8849 2 8859 40 8903 7 8977 4 8985 3 9044 3 9115 51 9234 3 9242 1 9301 2 9371 51 9491 1 9545 2 9558 1 9627 50 9800 4 9883 50 10055 5 10129 2 10141 45 10310 6 10385 4 10397 44 10641 4 10655 40 10897 3 10912 39 11168 37 11423 38 11627 1 11677 36 11883 1 11932 37 12187 35 12254 4 12443 28 12510 5 12698 28 12766 5 12954 27 13022 5 13210 26 13279 4 13466 27 13535 4 13595 6 13722 27 13850 7 13978 27 14105 8 14233 28 14361 8 14489 28 14619 6 14745 28 15001 28 15257 27 15513 26 15771 16 16027 16 16283 16 16540 15 16797 14 17054 13 17311 10 17569 4 18900 5 19156 7 19411 10 19667 12 19921 17 20177 18 20432 19 20681 26 20937 26 21193 26 21447 27 21525 1 21703 27 21736 3 21778 7 21959 26 21991 5 22033 8 22215 26 22246 6 22277 21 22472 25 22502 7 22533 21 22728 25 22758 8 22787 26 22984 25 23014 9 23043 28 23240 25 23269 12 23297 31 23496 27 23525 15 23553 32 23753 44 23808 34 24009 46 24064 34 24265 46 24320 34 24522 45 24576 34 24779 44 24832 34 24985 1 25035 44 25088 33 25239 4 25291 44 25344 33 25493 8 25547 44 25600 33 25749 8 25802 45 25856 34 25989 2 26005 9 26019 4 26057 45 26112 35 26245 3 26261 9 26274 6 26307 51 26368 35 26501 3 26517 9 26529 8 26562 53 26624 36 26757 3 26774 8 26784 10 26817 54 26875 3 26880 37 27013 3 27031 6 27040 11 27073 5 27080 93 27269 2 27287 4 27295 12 27330 3 27337 93 27524 3 27542 3 27551 12 27595 91 27797 5 27807 12 27851 91 28051 8 28064 11 28109 89 28306 10 28320 11 28367 88 28497 3 28561 11 28577 10 28625 86 28752 5 28815 13 28833 8 28881 89 28993 6 29007 8 29069 15 29089 8 29139 88 29249 7 29263 9 29325 15 29346 6 29397 88 29503 26 29579 17 29603 4 29654 87 29759 27 29827 2 29835 17 29860 1 29911 32 29945 52 30014 29 30070 5 30082 28 30169 30 30203 50 30269 30 30310 3 30324 7 30338 28 30425 30 30460 51 30523 32 30563 10 30579 8 30594 29 30681 30 30717 54 30778 33 30817 12 30836 7 30850 29 30937 30 30973 56 31033 34 31073 14 31092 7 31106 29 31193 30 31230 54 31288 34 31329 15 31347 8 31362 29 31448 31 31486 52 31543 34 31585 26 31618 9 31633 14 31703 32 31742 51 31799 34 31841 27 31875 8 31890 13 31959 32 31998 50 32055 34 32097 27 32131 8 32147 12 32216 30 32255 48 32310 35 32352 28 32389 6 32403 11 32473 29 32511 50 32565 38 32606 30 32644 8 32659 12 32729 29 32767 52 32820 71 32899 9 32915 13 32991 23 33021 3 33029 119 33153 12 33169 16 33248 14 33264 7 33273 7 33285 119 33407 15 33423 19 33504 13 33520 16 33543 156 33711 1 33761 12 33777 15 33799 156 33967 3 34017 12 34034 14 34055 21 34081 132 34222 7 34280 4 34289 15 34310 22 34339 94 34435 34 34477 11 34537 2 34545 15 34566 22 34596 92 34691 35 34733 12 34794 1 34799 10 34813 3 34822 22 34852 87 34946 36 34989 13 35054 9 35078 22 35109 85 35202 37 35243 15 35310 6 35334 22 35365 85 35458 37 35498 16 35567 1 35591 20 35621 85 35713 57 35781 2 35847 19 35877 84 35969 57 36036 5 36104 11 36133 84 36225 37 36263 20 36291 7 36360 10 36390 83 36481 36 36520 19 36547 8 36619 6 36645 84 36737 28 36775 21 36803 9 36900 85 36993 28 37031 22 37059 10 37155 85 37249 28 37286 24 37315 12 37411 85 37505 29 37541 25 37571 12 37590 2 37666 85 37760 62 37827 13 37843 6 37922 82 38016 62 38084 13 38099 6 38177 82 38261 2 38271 63 38341 11 38355 4 38432 82 38517 3 38527 62 38598 9 38611 3 38673 94 38783 62 38857 4 38898 1 38928 95 39039 62 39154 1 39183 95 39294 61 39409 2 39439 95 39550 61 39695 96 39805 61 39875 2 39951 96 40061 60 40130 3 40207 96 40317 60 40383 7 40463 96 40573 59 40638 9 40718 97 40828 61 40893 10 40973 54 41028 43 41083 42 41127 18 41147 12 41227 56 41285 39 41339 40 41384 30 41481 45 41527 12 41541 37 41595 39 41640 30 41735 46 41786 9 41799 29 41851 38 41896 30 41953 1 41990 47 42043 8 42055 28 42108 37 42153 29 42209 2 42246 47 42303 3 42316 21 42364 36 42411 26 42465 2 42503 46 42573 20 42620 35 42669 24 42720 3 42759 45 42829 18 42876 30 42925 20 42975 4 43015 45 43085 18 43132 29 43181 19 43229 6 43270 39 43315 2 43340 19 43387 28 43432 23 43484 7 43503 3 43525 40 43570 5 43596 19 43643 29 43687 24 43740 5 43781 42 43825 6 43851 21 43891 37 43943 23 43997 4 44037 42 44081 6 44107 22 44146 38 44199 23 44253 4 44293 51 44346 10 44361 25 44401 38 44455 23 44509 2 44549 51 44601 12 44617 27 44657 38 44711 23 44805 96 44913 36 44967 25 45061 95 45169 35 45224 25 45317 94 45425 27 45481 25 45573 94 45681 27 45737 25 45829 36 45869 49 45939 24 45994 23 46085 35 46125 48 46195 24 46250 23 46342 33 46380 47 46453 22 46507 22 46598 33 46635 48 46709 22 46763 22 46855 32 46890 47 46966 19 47019 20 47112 31 47145 48 47223 18 47275 18 47369 28 47399 60 47479 17 47532 15 47585 4 47625 28 47655 62 47735 17 47788 15 47841 4 47883 26 47911 66 47992 15 48043 16 48097 4 48140 25 48167 66 48248 14 48299 15 48354 3 48398 23 48423 68 48505 12 48555 15 48606 7 48655 22 48679 69 48761 12 48810 16 48861 8 48913 20 48935 72 49017 10 49065 17 49116 9 49169 94 49274 9 49322 15 49372 9 49426 95 49531 6 49579 14 49627 11 49682 95 49788 3 49837 12 49883 12 49938 95 50097 6 50140 11 50195 95 50353 5 50396 11 50419 3 50453 93 50653 9 50673 5 50709 93 50909 9 50927 7 50965 94 51166 7 51182 7 51221 94 51423 6 51437 9 51476 95 51679 5 51693 9 51732 49 51783 45 51936 4 51949 9 51975 2 51987 46 52039 46 52208 5 52229 4 52243 45 52295 47 52485 4 52498 44 52551 48 52741 4 52753 42 52807 49 53008 41 53063 50 53264 41 53319 50 53520 42 53573 53 53776 42 53827 55 54032 29 54065 9 54081 58 54166 3 54288 29 54321 9 54336 59 54421 6 54433 1 54543 29 54578 9 54591 60 54676 7 54688 5 54795 32 54834 9 54847 60 54932 7 54944 6 55050 33 55091 10 55102 61 55187 8 55199 8 55306 33 55347 71 55444 7 55455 8 55561 34 55602 71 55701 7 55709 10 55793 7 55817 34 55858 71 55957 18 56048 8 56073 33 56113 71 56213 17 56302 11 56328 34 56369 71 56469 16 56555 14 56575 1 56585 32 56625 70 56725 14 56810 15 56841 32 56881 69 56980 14 57067 15 57097 32 57137 68 57235 14 57323 16 57353 32 57393 68 57491 16 57513 1 57580 14 57610 32 57649 68 57745 28 57837 12 57867 31 57905 68 58001 28 58094 9 58125 29 58161 68 58257 29 58352 6 58381 29 58418 68 58513 29 58610 1 58639 26 58675 72 58768 31 58897 24 58933 70 59024 31 59142 3 59155 22 59193 67 59280 31 59399 2 59412 20 59451 5 59463 54 59536 31 59671 16 59721 53 59791 33 59929 14 59977 54 60047 34 60189 8 60235 53 60301 36 60445 7 60493 51 60557 36 60751 50 60812 39 61009 48 61067 40 61266 47 61323 42 61523 46 61579 42 61779 34 61819 6 61837 41 61940 4 62036 31 62076 5 62093 41 62196 4 62293 27 62332 5 62347 44 62452 2 62550 25 62589 5 62601 46 62809 18 62830 1 62844 6 62856 47 62962 1 63068 15 63099 6 63111 48 63217 2 63327 10 63348 3 63353 8 63366 50 63473 2 63584 8 63594 4 63603 14 63621 50 63727 5 63843 2 63849 76 63949 4 63982 7 64105 74 64205 4 64238 7 64360 72 64462 3 64494 8 64516 9 64615 22 64642 37 64718 3 64751 7 64768 15 64857 1 64871 19 64899 34 64975 2 65007 8 65024 15 65113 1 65127 10 65138 7 65155 29 65263 9 65280 17 65368 3 65383 9 65395 2 65411 27 65523 6
544420,1 4 7 64499 64507 254 64763 254 65019 254 65275 244 65520 7 65531 5
548413,0 65536
562305, 
563581,0 3511 3512 166 3687 247 3944 3 3951 239 4201 1 4208 238 4463 239 4719 239 4973 241 5227 242 5481 244 5736 243 5991 242 6247 240 6503 240 6759 240 7015 241 7271 153 7425 89 7528 152 7682 90 7783 153 7940 89 8039 153 8197 88 8294 154 8454 88 8549 155 8711 87 8805 157 8967 88 9060 159 9222 90 9315 5197 14514 253 14771 252 15027 252 15283 252 15539 254 15794 3437 19233 255 19489 5324 24818 234 25054 9 25075 233 25309 10 25332 241 25589 240 25844 241 26097 28 26129 213 26351 25 26385 140 26528 4 26533 66 26605 26 26641 138 26785 2 26790 96 26897 135 27048 93 27153 135 27305 90 27410 133 27562 89 27666 132 27818 86 27921 132 28074 86 28177 132 28329 87 28433 133 28584 88 28688 134 28839 90 28943 136 29094 91 29199 136 29349 92 29453 73 29527 3 29533 59 29601 97 29708 74 29783 3 29789 59 29857 97 29963 80 30045 60 30115 95 30219 80 30301 60 30371 95 30474 143 30629 93 30730 143 30885 94 30986 144 31142 93 31242 144 31397 96 31497 145 31653 246 31909 246 32165 246 32422 103 32526 141 32678 103 32782 141 32934 103 33039 140 33190 103 33295 140 33447 102 33551 140 33705 43 33749 56 33806 141 33962 39 34005 198 34219 37 34263 196 34476 16 34496 15 34519 196 34733 14 34755 8 34778 193 34989 13 35012 6 35037 191 35243 14 35295 189 35496 17 35551 46 35601 140 35751 18 35808 45 35857 140 36006 19 36064 45 36114 141 36260 21 36320 45 36371 142 36514 23 36576 47 36626 142 36771 23 36832 48 36881 141 37027 24 37088 29 37118 158 37283 24 37344 29 37376 155 37539 25 37600 29 37630 157 37796 25 37856 187 38051 26 38112 189 38306 28 38368 191 38561 30 38625 222 38881 27 38910 193 39137 26 39168 193 39392 25 39424 194 39647 26 39680 196 39903 26 39936 197 40159 26 40192 198 40413 28 40448 198 40669 28 40704 199 40924 29 40960 199 41179 29 41216 199 41435 24 41472 199 41687 1 41690 25 41728 200 41939 28 41984 200 42194 28 42240 201 42449 30 42496 201 42705 30 42752 202 42960 32 43008 203 43215 34 43264 242 43508 7 43520 251 43776 252 44032 252 44288 253 44544 253 44800 253 45056 252 45312 100 45415 148 45568 100 45671 148 45824 99 45929 37 45970 104 46080 99 46185 36 46227 102 46336 101 46441 35 46485 101 46592 101 46697 34 46741 101 46848 101 46952 28 46997 101 47104 101 47207 29 47254 100 47360 102 47463 29 47522 88 47616 101 47719 29 47774 92 47872 95 47975 30 48027 94 48128 93 48232 31 48279 1 48283 94 48384 93 48489 30 48538 95 48640 93 48746 29 48794 95 48896 93 49003 28 49049 96 49152 93 49259 28 49305 96 49407 95 49515 27 49561 96 49661 97 49771 27 49816 96 49917 98 50026 29 50071 93 50173 98 50281 30 50327 90 50429 76 50508 21 50534 35 50581 90 50685 75 50764 63 50836 89 50941 74 51021 64 51091 89 51197 74 51277 66 51346 92 51453 74 51533 140 51678 19 51709 74 51789 140 51934 20 51965 74 52045 140 52190 25 52219 76 52301 140 52446 28 52475 76 52558 248 52814 236 53054 7 53071 234 53311 4 53327 119 53448 110 53583 20 53607 94 53705 108 53840 19 53863 95 53962 107 54096 119 54218 107 54335 2 54352 119 54475 106 54590 4 54606 121 54731 108 54846 5 54861 122 54986 109 55102 5 55116 236 55358 5 55371 237 55613 6 55625 240 55870 4 55881 240 56128 1 56136 241 56392 243 56639 1168 57809 254 58067 222 58291 2 58299 20 58324 220 58555 21 58581 215 58813 19 58838 213 59069 19 59096 210 59327 17 59360 202 59584 16 59617 200 59841 14 59875 75 59951 122 60098 11 60131 78 60211 118 60388 76 60469 116 60644 77 60727 114 60900 78 60983 114 61156 79 61240 113 61412 79 61495 114 61668 197 61923 198 62179 198 62436 198 62693 198 62899 2 62949 199 63149 9 63205 210 63462 166 63632 41 63717 162 63890 39 63931 4 63973 160 64146 46 64218 1 64228 159 64403 46 64473 168 64659 47 64729 166 64915 48 64984 167 65171 48 65240 166 65427 50 65496 40
563999,0 6 129 29 187 2 206 55 385 36 463 34 499 18 641 36 720 32 755 18 855 7 895 40 976 33 1011 20 1111 8 1149 42 1233 56 1366 11 1390 8 1399 50 1489 40 1532 13 1621 13 1645 59 1746 38 1789 13 1877 14 1899 60 2003 36 2047 12 2066 2 2132 15 2155 60 2259 36 2303 13 2321 4 2387 16 2409 61 2515 34 2560 13 2577 4 2642 18 2665 60 2771 34 2817 12 2830 8 2897 84 3015 7 3028 32 3074 20 3153 84 3270 9 3284 33 3330 21 3409 64 3475 18 3525 12 3539 34 3585 22 3630 3 3665 64 3731 18 3780 49 3840 23 3885 6 3921 64 3986 20 4035 50 4096 24 4140 7 4177 85 4289 53 4352 23 4391 14 4433 85 4544 54 4608 23 4646 16 4689 86 4799 55 4864 23 4897 22 4944 91 5054 57 5120 23 5151 24 5201 92 5309 58 5376 21 5403 28 5457 96 5555 68 5632 21 5659 28 5713 166 5888 19 5915 27 5970 165 6144 19 6172 26 6226 165 6400 19 6429 23 6482 165 6656 19 6686 21 6738 164 6912 20 6942 21 6994 163 7168 21 7198 21 7250 92 7343 70 7424 23 7452 23 7506 90 7599 71 7680 51 7763 89 7855 71 7936 52 8021 87 8111 72 8192 53 8277 87 8366 73 8448 53 8535 161 8704 54 8793 159 8960 54 9049 160 9216 54 9305 160 9472 55 9539 4 9561 160 9728 55 9795 4 9817 160 9984 55 10073 160 10240 55 10329 160 10496 55 10585 159 10752 54 10841 158 11008 54 11079 4 11097 158 11264 54 11334 5 11353 157 11520 53 11590 7 11603 2 11610 155 11776 53 11845 8 11858 3 11866 155 12032 53 12101 6 12114 3 12123 153 12288 53 12357 5 12369 4 12379 153 12544 53 12637 151 12800 53 12894 149 13056 53 13152 147 13312 53 13375 2 13408 147 13568 54 13629 5 13665 135 13824 55 13885 6 13921 132 14080 59 14140 8 14178 131 14336 69 14434 130 14592 21 14614 48 14690 129 14848 19 14871 48 14946 129 15104 18 15130 47 15202 128 15360 17 15387 47 15458 127 15616 16 15645 46 15713 123 15872 15 15902 45 15969 122 16128 14 16156 47 16221 124 16384 13 16411 48 16475 126 16640 13 16667 48 16731 126 16896 13 16923 48 16987 126 17152 12 17178 49 17242 127 17408 13 17434 48 17498 127 17664 13 17691 46 17754 128 17920 13 17947 45 18010 128 18176 13 18203 44 18266 129 18428 3 18432 13 18460 41 18522 129 18683 18 18717 40 18778 129 18938 19 18974 39 19034 129 19193 20 19231 40 19281 1 19290 15 19306 114 19449 19 19487 40 19546 15 19562 114 19705 18 19743 42 19803 14 19819 114 19960 18 19999 30 20031 10 20059 14 20079 110 20216 16 20251 46 20314 13 20336 109 20471 16 20505 48 20570 13 20593 107 20727 14 20760 49 20825 13 20853 103 20983 3 20987 9 21016 50 21081 12 21109 102 21239 10 21271 52 21337 11 21365 102 21494 11 21527 57 21593 11 21621 102 21749 11 21783 73 21877 101 22004 12 22039 66 22107 2 22133 101 22260 12 22296 69 22390 99 22515 13 22552 69 22647 98 22771 13 22809 69 22903 97 23027 13 23065 69 23159 97 23283 13 23322 69 23415 96 23539 13 23578 71 23670 97 23795 13 23823 3 23833 76 23924 99 24051 13 24077 6 24089 77 24179 100 24307 13 24333 7 24343 80 24436 101 24563 13 24589 8 24598 81 24693 102 24819 13 24845 90 24949 104 25074 14 25101 90 25205 105 25330 14 25360 89 25461 106 25585 15 25615 90 25718 105 25841 15 25869 92 25974 108 26097 15 26125 93 26230 109 26352 16 26379 97 26487 108 26606 18 26633 99 26744 107 26861 20 26889 100 27001 106 27117 20 27143 102 27257 106 27373 129 27513 91 27608 9 27631 128 27769 91 27865 6 27888 127 28025 60 28090 26 28146 126 28281 58 28346 26 28403 126 28538 57 28603 26 28659 126 28794 57 28859 27 28915 128 29051 56 29114 29 29171 129 29307 57 29370 29 29427 130 29563 92 29683 130 29819 6 29826 85 29939 126 30066 3 30075 4 30083 85 30197 122 30323 2 30331 3 30339 86 30431 4 30453 122 30579 3 30586 3 30597 96 30710 121 30834 9 30853 96 30967 120 31090 9 31111 95 31224 119 31346 9 31367 95 31481 117 31603 9 31623 96 31740 114 31859 8 31879 96 31997 112 32117 5 32136 95 32256 109 32373 5 32393 2 32397 90 32512 107 32648 97 32768 105 32903 99 33024 105 33159 100 33280 105 33416 36 33453 63 33536 104 33673 7 33685 20 33713 60 33792 104 33929 6 33943 18 33969 18 33990 39 34048 103 34200 17 34226 15 34247 38 34304 102 34457 16 34482 15 34503 39 34560 101 34713 14 34739 14 34759 40 34816 100 34969 13 34997 11 35015 40 35072 96 35226 9 35253 11 35271 42 35328 95 35482 8 35509 10 35527 43 35584 93 35739 5 35765 9 35783 54 35840 92 35996 3 36021 8 36039 56 36096 90 36276 9 36295 146 36532 8 36551 145 36763 2 36788 9 36807 145 37017 5 37045 9 37063 145 37263 16 37301 11 37319 146 37518 19 37557 12 37574 149 37773 22 37813 171 38029 22 38069 174 38285 23 38324 175 38541 23 38580 176 38797 25 38825 4 38836 177 39053 33 39091 178 39308 35 39347 179 39563 36 39602 180 39798 5 39819 220 40053 7 40074 220 40307 11 40329 221 40563 11 40584 222 40818 15 40838 224 41073 245 41327 247 41581 250 41835 252 42089 347 42443 42 42487 203 42700 39 42744 201 42957 36 43001 200 43213 34 43259 4 43264 193 43469 32 43520 193 43725 32 43776 193 43982 30 44032 194 44238 30 44288 194 44495 28 44544 195 44751 28 44800 195 45007 28 45056 195 45263 27 45303 6 45312 195 45518 27 45555 208 45773 28 45810 209 46028 31 46063 212 46283 32 46318 213 46539 249 46795 249 47051 248 47307 248 47563 248 47819 248 48075 248 48331 248 48587 247 48843 247 49098 248 49353 249 49608 250 49864 251 50117 97 50217 252 50473 252 50729 1879 52612 252 52871 249 53129 247 53385 248 53641 248 53897 247 54153 110 54264 136 54409 107 54521 136 54665 8 54674 97 54777 136 54920 7 54931 96 55033 136 55175 6 55187 97 55289 136 55431 6 55443 97 55546 136 55686 7 55699 98 55803 136 55941 7 55955 98 56059 136 56213 98 56314 137 56469 237 56726 106 56833 128 56983 105 57090 125 57239 13 57253 14 57269 75 57345 125 57495 12 57509 14 57525 200 57746 15 57765 13 57781 200 58001 16 58021 14 58037 199 58252 22 58277 215 58506 25 58533 215 58761 26 58789 215 59016 27 59046 215 59271 30 59303 214 59523 34 59560 253 59821 248 60078 246 60333 247 60589 247 60846 246 61102 246 61358 247 61615 246 61872 245 62128 245 62384 246 62640 248 62895 250 63151 147 63301 101 63406 149 63556 101 63661 247 63909 3 63917 245 64173 252 64427 574 65003 252 65259 188 65451 58 65514 22
565798,170 8 3339 2 3594 4 3850 5 4105 6 4134 3 4362 3 20883 3 21139 6 21395 7 21650 8 21906 7 22161 8 22391 7 22417 8 22645 13 22672 9 22901 14 22926 10 23118 1 23157 14 23181 10 23373 3 23413 15 23436 11 23628 5 23669 15 23692 11 23883 8 23925 16 23947 12 24138 10 24180 17 24203 12 24393 10 24437 33 24648 11 24693 33 24903 11 24950 32 25159 10 25205 33 25414 4 25420 5 25461 32 25670 4 25677 3 25707 2 25717 32 25923 6 25933 3 25961 6 25973 32 26178 7 26189 2 26216 8 26229 32 26433 7 26445 4 26465 1 26471 10 26485 32 26688 7 26701 4 26721 2 26727 10 26741 32 26943 8 26956 6 26977 16 26997 32 27199 7 27212 7 27233 16 27253 31 27451 8 27467 10 27490 16 27509 31 27707 8 27723 12 27746 17 27764 32 27961 12 27978 14 28001 50 28217 32 28256 51 28469 37 28511 51 28704 6 28723 40 28767 50 28959 8 28976 96 29215 8 29231 97 29471 9 29485 99 29726 10 29739 100 29982 9 29994 101 30237 10 30250 101 30493 8 30504 103 30748 8 30759 103 30999 8 31015 102 31255 6 31270 103 31509 6 31524 41 31567 60 31765 5 31780 42 31823 60 32021 2 32035 104 32276 3 32290 106 32397 2 32544 108 32799 108 33054 107 33309 107 33562 107 33818 107 34071 110 34326 94 34421 16 34581 94 34679 14 34836 96 34935 15 35091 98 35193 13 35347 97 35450 12 35604 95 35707 11 35860 95 35963 10 36117 60 36181 30 36377 56 36438 29 36633 55 36695 28 36889 55 36951 29 37141 1 37145 36 37185 14 37207 30 37395 5 37401 28 37442 13 37463 30 37649 32 37699 13 37719 32 37905 31 37955 13 37975 32 38161 30 38212 13 38227 34 38417 29 38468 49 38673 26 38725 41 38929 21 38981 40 39184 19 39239 10 39251 23 39441 14 39495 9 39507 22 39697 10 39735 5 39751 8 39763 21 39935 1 39953 9 39991 6 40008 5 40020 19 40189 3 40209 8 40247 6 40267 1 40280 7 40430 3 40465 7 40504 5 40673 2 40684 5 40720 6 40762 2 40929 4 40939 12 40976 5 41175 2 41186 5 41193 14 41231 5 41429 7 41443 22 41487 5 41685 8 41699 22 41741 6 41795 6 41939 12 41955 21 41996 5 42024 1 42051 7 42195 14 42211 21 42307 7 42451 14 42467 20 42563 7 42585 1 42706 36 42822 4 42840 3 42870 2 42961 35 43079 2 43095 4 43117 2 43125 8 43217 34 43275 2 43350 9 43368 25 43473 32 43605 11 43623 26 43728 33 43840 1 43850 8 43860 47 43981 36 44094 5 44106 57 44237 36 44349 6 44358 62 44491 38 44605 6 44613 64 44747 38 44860 7 44869 64 45001 39 45115 8 45124 65 45251 3 45256 39 45312 3 45369 76 45502 27 45531 20 45568 2 45625 76 45757 50 45881 75 46011 50 46137 75 46267 46 46393 75 46523 46 46648 75 46779 46 46904 75 47035 10 47048 33 47160 76 47289 12 47304 33 47417 75 47535 22 47560 33 47673 75 47790 59 47929 75 48044 21 48068 37 48185 75 48292 4 48299 20 48324 37 48439 78 48547 29 48579 38 48695 78 48803 30 48834 40 48951 79 49059 73 49207 79 49314 74 49463 80 49569 75 49719 80 49825 75 49975 80 50080 75 50231 80 50335 76 50485 83 50591 76 50741 83 50846 77 50994 86 51089 90 51249 86 51346 90 51505 12 51521 69 51593 2 51597 2 51603 91 51761 10 51777 68 51851 4 51859 91 52018 8 52035 64 52108 1 52111 96 52275 7 52293 61 52364 1 52367 96 52531 6 52551 58 52620 1 52623 95 52787 4 52807 58 52875 2 52879 95 53043 2 53063 58 53131 3 53135 94 53319 58 53387 98 53575 58 53643 90 53754 1 53831 58 53899 88 54087 57 54154 87 54342 58 54409 86 54598 57 54666 83 54854 57 54922 81 55023 1 55110 56 55178 71 55278 3 55365 57 55434 71 55533 4 55552 4 55621 56 55691 68 55789 6 55808 4 55876 57 55947 68 56045 6 56064 5 56132 57 56203 68 56303 3 56320 5 56389 56 56460 66 56559 2 56577 4 56642 58 56716 66 56834 2 56898 58 56973 65 57154 58 57229 66 57410 59 57484 67 57667 59 57739 71 57923 59 57995 72 58180 57 58250 73 58436 56 58505 74 58692 55 58766 69 58947 56 59024 68 59201 58 59283 54 59338 10 59463 52 59539 28 59571 22 59595 8 59723 46 59795 26 59829 7 59838 11 59851 8 59979 46 60051 26 60085 6 60095 10 60107 7 60235 46 60308 1 60311 22 60343 4 60350 11 60362 7 60491 46 60567 11 60583 1 60587 2 60601 1 60606 18 60747 46 60825 8 60863 1 60875 4 61003 46 61081 9 61132 1 61260 44 61337 9 61516 44 61594 8 61771 44 61853 4 62026 44 62110 2 62283 42 62367 1 62539 42 62623 1 62795 42 62884 1 63051 42 63139 2 63308 41 63395 3 63564 42 63652 1 63821 11 63833 30 64078 9 64090 29 64335 6 64347 31 64591 5 64603 33 64860 34 65117 34 65375 32 65473 2
566885,151 52 219 22 249 7 407 52 475 20 507 5 663 52 730 21 763 5 907 9 917 55 983 25 1021 3 1161 67 1239 26 1278 2 1405 80 1493 28 1535 1 1659 83 1749 30 1912 32 1954 45 2005 32 2167 33 2212 44 2261 37 2299 4 2423 38 2479 34 2517 43 2679 39 2736 80 2935 43 2992 80 3191 48 3247 81 3444 53 3499 20 3523 61 3686 2 3697 78 3780 60 3941 4 3950 81 4037 59 4196 5 4205 82 4293 59 4451 5 4462 81 4550 58 4695 4 4706 6 4719 82 4806 58 4944 3 4948 20 4975 145 5199 25 5232 144 5452 28 5489 143 5707 29 5745 143 5958 34 6000 144 6212 37 6256 144 6467 39 6510 146 6722 41 6764 148 6976 192 7229 195 7482 198 7730 206 7981 211 8236 212 8491 213 8747 5 8753 14 8772 188 9001 5 9029 187 9256 5 9285 187 9511 6 9540 149 9693 35 9767 6 9796 149 9949 35 10023 6 10051 151 10205 29 10235 5 10278 7 10305 154 10461 29 10492 4 10535 6 10557 195 10791 5 10813 195 11069 195 11325 195 11555 1 11581 195 11837 195 12093 195 12349 195 12585 8 12605 195 12840 9 12861 195 13095 11 13116 196 13351 13 13372 196 13606 16 13627 197 13858 22 13882 198 14111 225 14367 225 14623 225 14879 225 15117 4 15135 225 15373 4 15391 225 15629 4 15647 225 15884 5 15903 236 16140 5 16159 236 16397 4 16414 243 16669 245 16924 251 17177 7655 24833 255 25089 255 25345 2432 27778 254 28037 251 28293 252 28549 254 28805 1154 29961 254 30217 253 30474 251 30730 251 30987 249 31243 246 31501 243 31757 243 32014 242 32270 242 32527 241 32783 241 33029 4 33039 241 33285 4 33295 152 33448 87 33542 3 33551 151 33705 85 33798 4 33807 152 33960 85 34053 7 34063 232 34297 3 34309 8 34318 233 34565 241 34822 239 35079 52 35135 182 35335 52 35391 182 35592 52 35647 183 35848 53 35903 183 36105 53 36159 183 36362 52 36417 180 36619 51 36676 177 36875 51 36933 176 37132 49 37191 50 37242 101 37347 17 37388 49 37447 50 37498 121 37645 38 37687 4 37703 50 37754 119 37901 37 37959 50 38010 119 38157 36 38215 169 38414 8 38425 24 38471 162 38637 2 38671 6 38683 21 38728 159 38927 6 38940 20 38985 157 39185 4 39196 20 39242 153 39443 1 39452 21 39477 4 39498 152 39707 31 39753 46 39801 100 39963 31 40009 45 40057 99 40217 32 40263 47 40314 98 40472 31 40517 49 40570 98 40727 24 40755 3 40771 51 40826 97 40983 24 41027 51 41082 97 41239 24 41283 52 41338 95 41495 24 41539 52 41594 95 41753 22 41794 53 41850 95 42010 20 42049 55 42106 94 42273 14 42293 6 42303 154 42530 13 42548 165 42787 182 43043 182 43300 182 43557 180 43813 180 44069 180 44327 176 44583 175 44791 1 44840 89 44931 75 45009 1 45044 6 45051 5 45097 87 45189 74 45300 12 45353 84 45446 73 45555 13 45609 83 45702 75 45811 13 45866 71 45957 80 46067 13 46123 29 46158 1 46163 30 46213 82 46323 13 46381 21 46419 29 46468 19 46490 64 46576 16 46638 19 46675 29 46724 19 46747 64 46830 18 46895 16 46931 28 46979 19 47005 63 47083 21 47152 15 47187 28 47235 19 47261 6 47269 56 47339 21 47410 13 47443 26 47491 18 47527 56 47593 23 47667 11 47700 25 47747 17 47783 56 47843 29 47925 8 47958 5 47967 14 48003 15 48041 87 48183 5 48223 14 48259 14 48297 30 48329 55 48483 10 48517 11 48554 27 48587 53 48744 4 48773 10 48810 27 48844 52 49032 5 49067 25 49100 52 49323 25 49356 52 49579 24 49611 53 49836 23 49867 53 50073 3 50093 20 50123 53 50328 5 50349 20 50379 53 50583 7 50606 17 50636 52 50834 13 50863 15 50892 52 51087 17 51121 10 51148 52 51342 19 51382 2 51404 52 51597 21 51661 51 51853 22 51917 51 52109 22 52173 51 52365 22 52429 51 52620 25 52684 52 52876 25 52939 53 53131 26 53190 58 53387 26 53445 59 53643 26 53701 59 53899 26 53956 60 54155 26 54186 6 54211 61 54411 27 54441 8 54467 61 54669 37 54723 61 54925 38 54979 61 55181 38 55233 63 55438 37 55489 63 55695 14 55713 18 55744 64 55951 13 55969 18 55999 65 56209 10 56225 16 56255 65 56465 10 56481 15 56511 65 56722 8 56736 14 56768 64 56979 6 56991 15 57024 64 57238 1 57246 15 57281 63 57501 16 57537 63 57755 17 57795 61 58011 16 58039 4 58051 61 58267 16 58294 10 58306 62 58522 17 58550 68 58621 3 58777 18 58807 66 59017 5 59033 18 59063 64 59261 5 59272 8 59289 19 59320 61 59517 6 59528 9 59545 20 59577 60 59771 10 59783 12 59800 23 59833 59 60025 13 60039 12 60056 24 60089 58 60278 59 60344 59 60533 60 60599 59 60788 61 60853 61 61043 62 61109 61 61296 65 61363 63 61551 66 61619 63 61805 68 61875 63 62061 133 62317 132 62573 132 62828 132 63084 131 63339 127 63595 127 63850 128 64105 129 64360 131 64616 132 64871 133 65127 42 65172 88 65383 40 65429 87
567096,0 65536
567220, 
567636,0 7 26 13 44 47 256 7 281 16 300 47 349 4 512 8 535 18 556 46 605 4 768 10 789 22 812 46 860 7 1024 11 1043 24 1068 55 1280 99 1495 4 1536 100 1711 3 1751 4 1792 101 1963 9 2007 4 2048 101 2217 12 2263 4 2304 101 2469 17 2519 4 2560 102 2725 18 2775 4 2816 102 2949 8 2980 19 3031 4 3072 103 3203 10 3236 19 3287 4 3328 104 3458 13 3492 20 3544 2 3584 103 3713 14 3748 21 3801 1 3840 103 3969 16 4004 21 4096 103 4225 16 4260 21 4352 103 4479 20 4515 26 4608 102 4730 25 4771 27 4864 101 4985 26 5027 28 5120 102 5241 26 5283 28 5376 103 5495 28 5539 29 5632 103 5751 28 5795 29 5888 104 6005 31 6051 28 6144 104 6261 31 6307 28 6400 56 6457 48 6516 32 6562 27 6656 55 6713 48 6771 34 6818 26 6912 105 7027 34 7074 24 7168 104 7282 35 7331 22 7424 103 7537 37 7587 21 7680 103 7793 38 7843 20 7936 101 8048 41 8099 20 8192 101 8304 41 8355 19 8448 99 8560 42 8613 15 8704 5 8710 92 8816 43 8869 14 8967 89 9072 43 9125 13 9223 89 9328 43 9381 12 9479 87 9585 41 9638 10 9735 86 9841 40 9895 8 9991 87 10097 40 10151 7 10240 5 10246 88 10354 38 10407 6 10496 49 10548 43 10611 36 10664 5 10752 47 10804 44 10867 36 10920 4 11008 45 11060 45 11125 33 11177 1 11187 2 11264 45 11317 44 11381 34 11520 45 11573 45 11637 37 11776 44 11829 45 11893 37 12032 44 12085 45 12149 38 12288 44 12342 44 12405 38 12544 43 12598 43 12662 37 12800 43 12855 40 12919 35 13056 43 13111 28 13147 1 13175 34 13312 42 13367 28 13432 33 13568 41 13626 23 13692 28 13824 40 13885 14 13949 26 14080 39 14146 7 14206 7 14219 10 14336 39 14403 4 14451 1 14475 9 14497 3 14592 37 14707 1 14733 7 14753 4 14848 37 14943 6 14990 7 15008 5 15104 36 15197 11 15230 5 15247 9 15263 8 15360 36 15439 2 15453 13 15483 9 15503 10 15518 11 15616 36 15693 6 15709 17 15732 17 15758 29 15872 8 15881 18 15901 7 15948 7 15965 40 16014 29 16128 6 16137 16 16157 6 16205 6 16221 41 16269 32 16384 5 16393 15 16413 6 16461 6 16477 42 16524 33 16640 5 16649 14 16717 5 16735 79 16896 5 16905 14 16973 4 16992 78 17152 3 17161 12 17251 76 17408 3 17417 12 17508 75 17664 3 17673 9 17766 74 17920 3 17929 8 18023 73 18176 1 18186 5 18281 71 18432 1 18442 4 18538 70 18794 28 18823 12 18839 24 19050 28 19079 10 19095 24 19306 28 19336 8 19351 24 19562 28 19593 6 19608 23 19818 28 19864 22 20073 29 20121 21 20329 28 20379 18 20585 28 20636 17 20841 26 20894 14 21065 6 21096 26 21151 13 21319 9 21350 26 21407 12 21573 11 21605 27 21663 12 21823 17 21845 2 21861 26 21919 14 22077 20 22098 5 22116 26 22175 16 22318 1 22325 36 22371 26 22431 18 22573 44 22627 26 22687 18 22829 45 22883 24 22943 21 23085 45 23139 23 23199 23 23341 45 23394 21 23455 30 23595 48 23651 20 23712 29 23851 50 23907 19 23969 29 24107 50 24163 19 24225 29 24362 52 24421 17 24483 29 24618 52 24677 17 24740 29 24873 53 24933 16 24997 30 25129 53 25190 15 25252 32 25385 54 25448 13 25507 34 25641 54 25705 11 25763 35 25898 53 25962 9 26019 37 26154 53 26219 8 26275 38 26368 1 26411 51 26477 2 26530 41 26624 1 26667 51 26784 43 26880 1 26923 50 27035 48 27136 1 27157 1 27179 50 27291 48 27392 1 27411 6 27435 50 27546 49 27648 1 27667 6 27690 51 27802 9 27813 37 27904 1 27923 7 27945 52 28059 6 28071 34 28160 1 28179 7 28200 52 28313 1 28318 2 28328 33 28416 1 28436 5 28455 52 28566 3 28585 32 28672 2 28692 4 28711 52 28813 4 28822 3 28843 30 28928 2 28968 51 29067 7 29077 5 29101 28 29184 1 29225 49 29321 10 29333 6 29358 27 29440 1 29483 8 29497 32 29575 23 29616 25 29739 7 29753 31 29831 25 29873 24 30009 30 30087 28 30133 19 30265 29 30343 28 30389 19 30522 28 30599 28 30647 16 30778 28 30854 29 30904 15 31035 27 31109 30 31161 12 31292 26 31365 30 31418 11 31554 19 31615 36 31675 8 31813 16 31870 37 31931 7 32071 12 32124 39 32188 5 32328 11 32379 40 32445 3 32476 2 32585 8 32635 42 32729 7 32843 4 32890 43 32985 8 33146 44 33241 8 33401 46 33497 8 33657 46 33755 6 33913 47 34011 6 34168 50 34268 6 34423 52 34525 5 34536 5 34678 54 34780 17 34933 56 35035 19 35189 57 35291 19 35444 59 35546 21 35697 62 35801 22 35953 63 36056 23 36209 63 36311 22 36465 63 36567 22 36721 63 36823 20 36977 62 37079 20 37232 63 37336 17 37488 63 37592 16 37743 64 37849 12 37999 63 38105 8 38203 3 38254 65 38416 4 38457 6 38509 66 38671 6 38712 9 38766 65 38927 7 38968 11 39022 65 39183 8 39223 14 39279 37 39317 27 39439 8 39479 14 39535 37 39573 27 39696 8 39735 14 39791 37 39832 5 39842 15 39953 7 39991 14 40048 36 40089 2 40099 14 40185 2 40209 8 40247 14 40304 35 40356 13 40440 7 40465 8 40503 13 40560 35 40613 12 40696 8 40722 7 40759 13 40817 34 40870 11 40923 6 40947 13 40979 4 41015 13 41036 4 41073 34 41126 11 41171 16 41191 4 41203 13 41273 11 41291 9 41330 32 41369 1 41384 9 41426 28 41458 14 41539 1 41546 11 41587 31 41625 2 41640 9 41680 48 41800 15 41843 30 41879 4 41896 8 41933 51 42055 16 42100 29 42135 5 42152 7 42189 51 42309 19 42356 28 42390 6 42443 53 42564 20 42612 27 42646 7 42699 53 42821 18 42868 27 42901 8 42955 53 43077 18 43125 26 43157 7 43211 53 43333 13 43381 27 43413 7 43467 53 43589 12 43638 27 43669 6 43723 53 43845 12 43895 28 43925 6 43981 51 44101 11 44151 36 44237 51 44305 8 44357 11 44408 28 44437 6 44495 49 44560 10 44613 11 44664 28 44693 5 44751 49 44815 12 44869 11 44921 26 45008 48 45070 13 45125 11 45177 26 45264 48 45326 14 45365 2 45381 11 45435 22 45521 47 45582 14 45619 6 45637 10 45691 21 45777 47 45839 12 45872 11 45894 9 45947 19 46033 47 46098 9 46128 11 46150 8 46204 17 46290 46 46357 4 46384 12 46409 2 46440 9 46461 14 46547 45 46613 4 46640 13 46695 12 46717 12 46803 45 46869 5 46896 13 46949 15 46974 9 47061 43 47117 3 47125 6 47153 12 47204 17 47231 6 47317 43 47371 18 47409 13 47459 18 47575 41 47626 20 47665 14 47714 19 47831 41 47881 23 47917 2 47921 14 47969 20 48088 31 48120 8 48135 25 48170 21 48225 20 48344 30 48377 7 48391 26 48425 22 48481 20 48600 29 48635 5 48646 28 48681 13 48698 5 48736 20 48856 28 48891 5 48901 30 48935 12 48991 20 49112 27 49147 5 49158 29 49191 12 49244 23 49367 28 49405 3 49415 28 49447 13 49497 26 49623 26 49671 46 49753 26 49879 25 49927 48 50007 28 50134 25 50183 48 50263 29 50390 25 50432 56 50519 28 50575 4 50647 23 50688 57 50775 28 50831 6 50903 22 50944 59 51031 27 51087 6 51160 19 51200 61 51288 25 51343 7 51417 16 51456 64 51545 23 51599 8 51676 3 51712 65 51803 20 51855 10 51968 66 52061 16 52109 26 52224 67 52319 14 52364 28 52480 67 52575 12 52618 32 52736 67 52832 11 52871 36 52992 67 53090 6 53125 38 53248 67 53347 4 53381 38 53504 67 53637 38 53684 1 53760 67 53893 38 53939 2 54016 67 54149 39 54192 7 54272 67 54405 41 54447 8 54528 66 54659 53 54784 65 54915 54 55040 62 55170 55 55296 60 55426 55 55552 54 55681 56 55808 53 55937 56 56064 51 56192 57 56320 48 56447 58 56576 47 56646 1 56702 60 56833 45 56901 4 56957 61 57091 42 57156 8 57173 2 57211 63 57348 41 57412 9 57429 2 57467 63 57606 38 57667 10 57684 3 57721 65 57863 37 57923 11 57939 5 57977 65 58057 2 58121 34 58179 20 58231 67 58311 5 58378 21 58402 9 58435 20 58486 67 58566 7 58637 16 58659 7 58679 4 58691 20 58741 68 58820 9 58899 10 58915 7 58933 9 58947 20 58997 68 59076 9 59157 6 59172 5 59188 35 59252 53 59309 12 59331 10 59429 3 59443 36 59508 53 59565 12 59587 10 59697 38 59764 51 59824 8 59843 10 59879 1 59890 7 59953 39 60020 49 60081 6 60099 10 60135 2 60145 10 60199 4 60207 42 60277 47 60355 8 60391 2 60401 14 60455 50 60533 46 60611 7 60647 2 60657 14 60709 53 60789 19 60818 16 60870 1 60911 17 60964 54 61045 18 61075 14 61166 18 61219 56 61302 15 61335 10 61421 19 61475 56 61559 14 61592 8 61677 19 61731 57 61816 11 61900 6 61933 19 61987 58 62072 11 62155 7 62189 19 62244 57 62330 7 62408 8 62445 19 62501 56 62588 3 62663 9 62701 19 62759 54 62919 8 62958 18 63015 54 63175 8 63214 18 63272 53 63430 9 63471 17 63529 52 63687 7 63727 17 63785 51 63907 7 63944 5 63983 17 64041 51 64162 9 64201 3 64240 16 64297 50 64413 14 64497 15 64553 50 64667 16 64753 15 64809 50 64863 3 64913 26 65009 15 65065 58 65168 27 65265 15 65321 59 65421 30 65521 15
570211,0 65536
578073,1000 8 1255 11 1510 13 1766 15 2012 4 2021 17 2267 6 2277 17 2523 28 2779 28 3035 29 3290 31 3371 3 3545 32 3801 32 4055 34 4311 35 4566 37 4821 38 5076 39 5331 40 5587 40 5843 40 6098 40 6353 40 6609 36 6865 33 7121 32 7378 31 7636 29 7893 28 8152 25 8410 23 8667 21 8923 21 9179 21 9435 20 9692 19 9949 18 10205 18 10462 17 10718 17 10975 16 11231 15 11487 14 11743 12 12000 11 12257 3 12513 2 15782 2 15830 7 16037 3 16044 1 16085 8 16294 7 16339 9 16550 8 16567 6 16594 10 16799 4 16806 7 16821 8 16849 11 17054 6 17061 8 17075 10 17105 10 17310 13 17329 12 17361 10 17567 12 17586 11 17617 10 17824 10 17842 9 17873 10 18080 10 18099 8 18129 10 18337 9 18356 5 18387 6 18593 9 18853 5 19110 3 19367 1 20546 3 20789 6 20796 13 21045 6 21052 13 21293 2 21301 21 21546 8 21556 22 21799 35 22054 36 22310 35 22566 35 22825 20 22846 10 23082 6 23089 10 23103 8 23341 2 23346 9 23361 4 23597 2 23603 6 23619 1 23853 2 24109 2 24365 4 24620 6 24876 8 25132 9 25388 11 25644 11 25899 11 26155 11 26412 9 26668 8 32277 4 32533 4 32790 4 33047 3 33303 3 33559 3 33815 3 34071 2 34327 2 34584 1 35351 2 35607 4 35862 5 36117 6 36373 6 36629 5 36885 4 37140 4 37395 5 37650 5 37906 3 38863 2 39116 8 39371 11 39626 13 39881 15 40137 16 40392 18 40648 19 40904 19 41161 18 41417 18 41673 18 41928 19 42183 19 42437 18 42693 12 42948 13 43205 12 43369 4 43461 12 43624 5 43717 12 43879 6 43975 10 44031 1 44134 7 44231 10 44287 1 44389 8 44488 9 44540 4 44644 9 44745 9 44795 5 44899 10 45001 10 45050 6 45155 10 45257 10 45305 7 45410 10 45513 10 45559 9 45665 10 45769 10 45815 9 45921 10 46025 10 46071 9 46176 10 46281 10 46327 9 46433 8 46538 7 46583 9 46689 7 46794 6 46839 9 46945 6 47051 4 47095 8 47201 5 47307 3 47351 8 47457 4 47607 7 47714 3 47841 3 47863 6 47947 2 48095 12 48120 5 48202 4 48350 13 48377 4 48459 1 48605 14 48633 4 48861 14 48889 4 49115 16 49145 4 49370 17 49401 4 49625 18 49658 3 49881 18 49914 1 50137 20 50393 21 50649 22 50904 24 51159 25 51414 27 51669 28 51925 28 52179 30 52434 31 52686 35 52941 36 53196 36 53453 35 53709 34 53965 34 54221 34 54477 33 54700 6 54734 28 54952 11 54990 27 55206 13 55247 24 55461 15 55503 23 55674 4 55717 15 55760 21 55929 6 55972 17 56015 22 56185 4 56217 1 56227 21 56267 27 56441 4 56472 3 56482 23 56522 28 56727 4 56736 25 56776 31 56983 4 56990 27 57031 32 57238 4 57245 29 57285 36 57494 3 57501 29 57541 36 57756 30 57797 36 58012 30 58052 37 58260 3 58268 30 58307 42 58516 3 58524 30 58562 43 58771 5 58781 29 58817 45 59028 5 59037 29 59073 45 59284 5 59294 28 59329 38 59368 5 59541 4 59550 28 59585 44 59797 4 59805 27 59841 42 60054 2 60061 24 60097 42 60317 22 60353 41 60574 21 60609 40 60825 1 60832 19 60860 2 60863 42 60909 2 61079 4 61090 17 61116 45 61165 2 61333 6 61348 14 61372 44 61421 3 61589 6 61604 13 61629 44 61845 7 61860 12 61886 43 62101 7 62116 11 62143 42 62356 9 62374 5 62397 46 62611 10 62630 4 62653 46 62865 12 62909 47 63121 11 63164 47 63377 8 63420 47 63574 3 63636 5 63646 1 63675 48 63829 5 63901 4 63929 11 63941 37 64084 7 64157 6 64185 11 64197 36 64339 8 64411 12 64441 11 64453 34 64595 9 64667 13 64698 10 64709 34 64850 11 64923 14 64955 8 64967 30 65105 12 65179 13 65213 6 65225 28 65320 1 65360 15 65437 10 65482 25
580255,45 16 65 90 300 17 322 26 355 56 556 17 579 24 613 54 811 17 835 24 871 52 1067 17 1092 23 1127 52 1323 16 1351 20 1383 53 1579 16 1607 20 1638 55 1837 12 1865 18 1894 58 2093 11 2122 17 2150 59 2350 9 2378 21 2406 59 2607 8 2634 23 2661 61 2863 7 2891 24 2916 62 3120 5 3147 86 3410 79 3666 79 3845 6 3925 76 4101 7 4183 74 4357 6 4439 73 4535 3 4613 6 4695 72 4789 7 4870 4 4951 72 5043 11 5128 1 5209 70 5299 12 5469 67 5553 16 5571 3 5727 65 5809 22 5985 63 6064 25 6241 63 6320 25 6497 64 6575 26 6752 65 6829 28 7005 68 7080 34 7260 69 7334 36 7508 77 7589 38 7763 77 7844 39 8018 75 8099 41 8192 1 8273 74 8355 41 8448 3 8519 6 8527 74 8611 42 8704 3 8774 83 8866 44 8960 4 9029 83 9122 45 9216 5 9284 84 9378 45 9472 5 9539 85 9634 47 9728 5 9795 84 9890 47 9984 5 10049 84 10146 49 10240 5 10305 84 10402 49 10496 5 10559 78 10657 50 10752 5 10815 74 10913 50 11008 5 11070 71 11168 51 11264 5 11325 72 11424 51 11520 5 11581 72 11680 51 11776 5 11837 72 11935 52 12032 5 12091 74 12191 52 12285 8 12347 74 12447 52 12540 9 12602 75 12703 53 12795 9 12858 75 12960 52 13051 6 13113 76 13216 53 13307 5 13369 76 13473 52 13563 5 13625 76 13729 52 13819 5 13881 76 13986 52 14074 6 14137 76 14242 54 14330 6 14393 76 14498 55 14585 7 14649 76 14753 56 14841 7 14905 77 15007 58 15097 7 15162 76 15262 60 15353 7 15419 75 15517 61 15609 7 15677 73 15772 62 15866 6 15933 73 16027 62 16122 6 16191 71 16283 62 16379 5 16447 71 16539 62 16636 4 16704 69 16795 61 16892 4 16960 69 17051 60 17148 4 17217 67 17308 58 17404 4 17473 66 17568 54 17659 5 17731 64 17827 51 17913 7 17987 63 18083 51 18169 7 18252 53 18341 51 18425 7 18434 1 18509 51 18602 29 18632 16 18681 7 18689 3 18767 49 18861 25 18888 17 18936 12 19025 47 19118 24 19144 16 19193 11 19283 45 19379 18 19400 16 19449 10 19538 46 19635 17 19657 14 19705 7 19793 46 19894 14 19914 9 19961 7 20048 46 20153 10 20171 6 20218 6 20293 54 20352 5 20412 7 20475 5 20548 54 20608 5 20670 3 20731 5 20803 54 20864 6 20987 5 21059 54 21120 7 21243 5 21314 55 21377 6 21396 5 21498 6 21570 55 21633 6 21645 13 21755 5 21825 56 21891 4 21899 16 22012 4 22081 55 22147 4 22153 19 22269 3 22334 57 22403 26 22527 1 22589 56 22660 26 22844 57 22915 27 23094 63 23171 27 23348 65 23427 27 23604 66 23683 26 23859 68 23939 26 24115 68 24195 25 24225 2 24371 69 24451 26 24480 5 24626 71 24707 26 24735 6 24881 72 24962 35 25137 73 25218 35 25391 118 25647 117 25903 116 26159 116 26415 115 26671 115 26927 114 27182 115 27434 119 27689 119 27945 118 28201 118 28457 116 28713 110 28969 109 29225 109 29481 110 29737 111 29993 114 30173 4 30249 114 30427 8 30506 113 30681 11 30762 113 30936 12 31018 113 31191 14 31275 112 31446 15 31531 69 31603 39 31701 16 31788 67 31860 38 31957 16 32045 66 32125 28 32213 18 32301 66 32381 28 32469 18 32559 63 32637 27 32725 18 32816 62 32894 26 32981 18 33075 58 33151 24 33237 18 33331 58 33407 23 33492 19 33589 55 33663 20 33748 19 33845 54 33919 19 34003 20 34101 54 34175 16 34259 20 34357 54 34431 11 34515 19 34613 54 34687 10 34770 21 34869 54 34943 9 35026 23 35124 54 35199 8 35282 18 35301 6 35381 52 35456 6 35539 17 35558 4 35637 48 35797 14 35893 47 36054 13 36163 32 36311 12 36420 31 36568 10 36677 30 36825 8 36934 28 37081 8 37199 18 37337 8 37455 17 37593 8 37714 13 37851 4 37971 11 38107 4 38734 1 38989 4 39245 5 39501 5 39757 5 40013 5 43520 4 43776 7 44032 7 44288 8 44544 9 44800 9 45056 8 45313 5
580290,0 65536
584567,0 42 223 74 480 73 736 72 992 71 1248 71 1505 69 1761 68 2016 64 2271 64 2527 64 2783 64 3039 64 3295 66 3551 68 3640 2 3807 70 3894 8 4061 4 4069 64 4149 10 4316 4 4325 56 4384 5 4405 10 4573 1 4581 56 4642 2 4659 12 4837 54 4915 11 5093 53 5171 11 5349 47 5427 11 5533 6 5607 32 5647 2 5683 10 5788 7 5863 31 5938 9 6041 10 6121 28 6194 8 6296 11 6385 20 6450 7 6551 14 6641 20 6705 8 6807 14 6898 19 6961 8 7061 16 7154 18 7217 8 7317 16 7410 16 7474 6 7558 1 7571 18 7661 2 7664 17 7730 5 7811 4 7826 19 7917 2 7920 7 7929 7 8067 6 8081 20 8106 6 8172 3 8176 6 8186 6 8323 7 8337 14 8359 9 8428 3 8432 5 8443 5 8579 8 8594 12 8613 12 8671 1 8685 6 8699 5 8835 8 8850 11 8868 13 8926 2 8941 6 8955 5 9091 8 9107 10 9123 14 9183 1 9197 5 9213 3 9347 8 9364 10 9377 15 9455 4 9602 9 9621 26 9712 5 9859 8 9877 26 9969 4 10116 6 10133 26 10201 4 10225 4 10373 5 10389 26 10455 7 10482 3 10645 25 10710 8 10835 1 10901 25 10966 8 11091 4 11132 3 11157 24 11223 5 11347 4 11389 4 11413 24 11479 4 11606 1 11645 7 11669 22 11737 2 11901 8 11924 23 11993 2 12157 8 12180 21 12413 8 12436 21 12667 10 12693 20 12759 1 12921 12 12950 19 13012 6 13169 1 13174 15 13210 14 13267 8 13312 2 13424 21 13471 8 13523 8 13568 3 13679 24 13779 8 13824 3 13935 24 14035 8 14080 1 14189 27 14291 8 14445 27 14547 7 14699 29 14804 3 14953 32 15061 1 15206 35 15461 36 15715 39 15971 40 16076 3 16227 29 16258 9 16332 3 16483 28 16515 9 16588 1 16738 28 16771 9 16994 28 17026 9 17250 28 17280 11 17297 4 17506 28 17537 10 17552 6 17763 26 17793 10 17808 7 18020 25 18049 10 18064 7 18270 31 18304 10 18320 7 18525 28 18559 11 18576 7 18781 28 18813 12 18832 7 19037 27 19069 12 19088 6 19291 27 19324 12 19344 5 19546 29 19581 9 19601 4 19801 34 19837 4 19858 3 20057 34 20093 4 20312 39 20568 28 20597 10 20824 27 20853 10 21081 26 21109 9 21337 23 21365 8 21593 23 21621 8 21849 24 21877 8 22105 28 22139 2 22361 24 22395 2 22617 24 22651 2 22874 21 22907 2 23131 19 23163 2 23389 16 23419 3 23652 9 23678 6 23912 1 23934 7 24190 7 24451 1 24715 2 24969 5 25225 4 25480 5 25737 4 26688 4 26943 6 27199 7 27455 8 27711 8 27967 8 28223 8 28479 8 28536 3 28733 11 28790 8 28988 13 29045 10 29244 13 29302 9 29498 16 29559 8 29593 6 29754 16 29815 8 29849 7 30011 14 30072 8 30103 11 30248 3 30267 14 30329 7 30359 12 30504 3 30525 12 30586 5 30614 14 30760 4 30783 9 30843 4 30870 17 31016 4 31040 7 31099 4 31126 19 31273 3 31297 6 31342 2 31355 3 31382 19 31530 2 31555 4 31595 9 31639 21 31699 5 31786 2 31811 4 31851 10 31895 24 31920 2 31955 5 32039 4 32107 10 32133 11 32151 28 32212 4 32295 4 32363 10 32385 16 32407 28 32469 3 32549 6 32619 10 32639 18 32663 29 32725 4 32805 7 32875 10 32893 21 32919 29 32981 6 33059 9 33131 11 33148 23 33175 29 33237 19 33315 8 33386 12 33403 25 33429 31 33491 22 33571 8 33642 74 33745 25 33827 8 33897 75 34001 26 34083 6 34153 75 34250 2 34256 27 34339 6 34409 75 34505 5 34511 28 34597 2 34665 75 34759 36 34922 74 35013 38 35179 72 35268 39 35434 73 35523 38 35690 73 35779 37 35945 74 36034 38 36201 74 36287 41 36457 74 36542 42 36711 76 36797 43 36967 76 37051 45 37221 78 37307 45 37477 78 37562 46 37733 3 37745 67 37815 48 37989 2 38001 67 38069 50 38258 117 38515 116 38771 116 39027 116 39284 115 39541 114 39797 115 40053 116 40309 116 40565 115 40821 114 41077 114 41333 114 41589 114 41846 112 42103 111 42361 108 42622 103 42882 99 43138 98 43386 5 43395 96 43641 6 43651 96 43897 8 43906 95 44153 103 44410 101 44516 2 44667 100 44771 4 44791 1 44924 99 45027 6 45045 6 45181 3 45185 94 45282 7 45300 7 45438 1 45442 93 45536 9 45555 10 45698 103 45811 10 45953 102 46067 12 46209 102 46323 13 46467 100 46579 13 46724 98 46835 13 46981 32 47015 12 47035 43 47091 13 47237 19 47258 9 47271 12 47293 41 47347 13 47495 14 47527 10 47551 20 47575 4 47587 2 47603 13 47751 12 47783 10 47807 19 47832 4 47843 2 47860 12 48007 8 48039 10 48063 18 48088 5 48099 2 48117 11 48266 3 48295 10 48319 18 48345 4 48355 2 48373 11 48518 7 48551 9 48575 18 48601 3 48608 5 48630 10 48773 8 48807 8 48831 17 48858 1 48864 6 48887 9 49028 9 49063 6 49087 18 49119 7 49143 8 49283 10 49319 5 49343 18 49374 9 49524 5 49537 11 49552 3 49575 4 49598 20 49629 11 49780 5 49794 9 49808 4 49830 6 49854 20 49885 11 50051 7 50063 6 50085 8 50110 19 50143 8 50319 6 50341 9 50366 18 50399 8 50575 6 50597 10 50623 16 50656 7 50831 6 50853 12 50879 16 50913 5 51031 7 51090 3 51109 13 51135 15 51284 10 51347 2 51365 13 51391 15 51539 12 51621 13 51645 16 51795 11 51877 13 51901 16 52059 2 52130 16 52157 14 52350 1 52385 16 52413 13 52643 12 52668 13 52901 9 52924 13 53159 4 53179 13 53436 11 53693 8 53950 6 55513 2 55765 7 56021 8 56275 11 56531 11 56787 12 57043 12 57233 1 57298 12 57554 12 57801 1 57810 11 58055 2 58067 9 58324 8 58580 8 58835 11 59091 14 59291 4 59345 18 59548 2 59600 19 59855 20 60111 20 60369 4 60376 10 60634 8 63955 5 64210 7 64466 6 64702 4 64722 6 64956 7 65083 4 65212 7 65339 6 65467 8
596931,0 33 83 13 155 18 203 6 231 58 340 12 409 20 459 8 473 2 487 58 597 10 665 20 715 8 729 4 743 57 853 12 920 21 971 20 1002 54 1109 13 1175 23 1228 21 1260 51 1369 10 1430 24 1484 26 1519 48 1625 11 1647 2 1686 24 1741 27 1781 41 1880 28 1942 24 1998 27 2041 5 2048 30 2136 29 2198 24 2254 28 2304 29 2387 34 2453 25 2510 29 2560 29 2643 34 2709 25 2765 30 2816 30 2898 36 2965 24 3021 31 3072 33 3154 37 3222 23 3262 4 3277 31 3328 33 3409 40 3478 23 3515 10 3532 32 3584 34 3665 42 3734 24 3768 14 3787 34 3840 34 3921 44 3990 28 4021 18 4043 34 4096 34 4176 45 4246 29 4277 19 4299 34 4352 34 4433 46 4502 27 4533 19 4555 34 4608 35 4689 46 4758 27 4789 18 4811 35 4864 35 4945 47 5014 49 5067 35 5120 38 5202 46 5270 50 5325 33 5376 39 5446 5 5459 46 5526 50 5582 31 5632 40 5701 6 5715 46 5782 50 5838 32 5888 41 5957 5 5971 46 6037 52 6095 32 6144 42 6212 6 6227 46 6293 52 6351 33 6400 42 6464 5 6482 47 6549 52 6609 34 6656 41 6719 6 6737 48 6805 52 6865 34 6912 41 6975 6 6989 58 7059 54 7121 34 7167 42 7231 5 7244 61 7313 56 7377 34 7423 41 7499 62 7568 57 7634 33 7677 43 7755 63 7823 58 7890 33 7933 3 7941 34 8012 63 8079 59 8147 32 8189 3 8198 33 8268 63 8335 60 8403 32 8444 4 8455 31 8520 2 8524 64 8591 60 8659 31 8701 3 8711 34 8775 70 8847 60 8915 30 8957 3 8967 28 8999 2 9031 70 9104 60 9171 30 9215 1 9224 27 9256 1 9285 73 9359 61 9427 30 9471 1 9481 24 9538 138 9683 28 9737 24 9793 140 9940 26 9983 1 9994 23 10047 78 10131 58 10196 25 10234 6 10250 23 10303 78 10387 58 10451 26 10489 7 10508 20 10557 80 10643 58 10707 25 10744 8 10765 18 10812 81 10899 57 10963 25 11000 8 11022 16 11067 82 11156 56 11219 25 11255 9 11279 14 11323 81 11413 54 11475 24 11511 9 11535 11 11579 80 11670 52 11731 24 11766 10 11792 9 11834 81 11926 50 11987 24 12021 11 12050 6 12089 82 12183 46 12244 22 12277 11 12345 82 12440 44 12501 8 12510 12 12533 11 12593 3 12601 82 12698 41 12758 5 12769 8 12787 13 12848 6 12857 82 12955 39 13015 4 13025 8 13042 14 13102 10 13113 82 13211 38 13298 14 13357 94 13468 37 13555 13 13613 94 13725 36 13811 13 13869 94 13981 36 14067 13 14125 94 14238 35 14323 13 14381 94 14495 34 14580 12 14637 93 14753 32 14837 11 14892 85 14978 8 15010 31 15094 10 15145 86 15235 7 15268 15 15289 8 15351 9 15400 87 15490 8 15525 14 15547 5 15607 9 15655 87 15746 7 15781 12 15862 10 15910 88 16002 7 16038 11 16117 11 16165 88 16258 7 16295 8 16372 12 16420 89 16515 5 16553 4 16627 13 16655 2 16671 92 16882 14 16909 4 16927 92 17138 14 17163 7 17183 87 17394 14 17418 9 17439 86 17649 15 17673 10 17696 83 17845 3 17904 16 17929 10 17953 82 18099 6 18159 21 18184 11 18209 80 18345 3 18352 10 18410 27 18439 11 18466 77 18600 6 18607 11 18665 41 18723 67 18855 19 18920 42 18979 67 19110 19 19176 42 19224 5 19237 64 19364 21 19431 43 19480 5 19492 65 19619 21 19687 43 19735 78 19875 20 19944 42 19991 77 20130 14 20147 2 20200 41 20247 77 20386 13 20455 42 20503 62 20569 10 20642 13 20710 42 20759 60 20827 8 20899 12 20965 43 21015 60 21084 7 21155 13 21221 43 21271 59 21415 9 21476 45 21527 59 21671 9 21732 45 21783 59 21929 8 21987 46 22039 59 22185 8 22243 48 22293 60 22441 8 22497 112 22698 8 22751 113 22953 9 23001 114 23116 3 23209 10 23255 114 23413 7 23463 12 23509 116 23669 8 23719 11 23765 48 23819 62 23924 9 23975 10 24021 44 24078 59 24179 11 24231 10 24277 43 24334 59 24435 10 24486 11 24534 42 24589 49 24642 7 24690 11 24742 12 24790 42 24845 47 24899 8 24946 12 24997 16 25047 41 25101 46 25155 9 25201 14 25253 18 25303 41 25357 44 25411 10 25457 15 25509 19 25561 39 25613 44 25667 11 25712 17 25765 19 25817 18 25838 19 25869 33 25915 2 25922 13 25958 29 26021 20 26073 17 26097 17 26125 32 26171 5 26177 15 26213 30 26277 20 26330 16 26354 19 26380 33 26425 24 26468 33 26533 20 26587 16 26612 57 26681 25 26723 34 26785 3 26789 20 26843 16 26869 57 26936 28 26977 37 27039 26 27100 16 27136 46 27191 29 27232 39 27295 26 27356 17 27392 47 27447 30 27487 41 27550 27 27582 4 27612 18 27648 47 27702 31 27743 41 27806 27 27837 6 27867 19 27904 45 27955 34 27999 42 28061 38 28120 22 28160 16 28177 28 28211 35 28254 43 28317 39 28375 23 28416 16 28433 17 28456 1 28467 35 28511 43 28573 39 28629 25 28672 15 28690 15 28724 34 28767 43 28829 40 28885 25 28928 15 28948 10 28982 32 29023 43 29084 42 29138 27 29184 15 29207 3 29239 30 29278 44 29339 44 29393 28 29440 16 29497 28 29533 45 29594 45 29647 30 29687 4 29696 17 29753 28 29789 45 29849 48 29903 29 29942 6 29952 17 30009 33 30045 44 30105 49 30159 28 30196 10 30208 17 30265 22 30291 8 30300 45 30361 50 30416 27 30451 12 30464 19 30522 19 30545 57 30617 51 30672 27 30707 12 30720 19 30778 17 30800 59 30873 51 30928 27 30963 12 30976 21 31035 14 31055 61 31129 52 31184 28 31218 35 31291 13 31311 61 31385 83 31473 40 31546 13 31566 63 31640 85 31728 41 31802 13 31823 12 31836 49 31896 129 32057 14 32079 11 32096 45 32153 56 32213 68 32313 14 32336 9 32353 44 32409 56 32471 64 32569 14 32593 7 32610 45 32665 55 32730 60 32824 15 32850 5 32867 44 32921 55 32987 58 33080 16 33117 2 33123 45 33177 54 33247 56 33336 16 33373 52 33433 53 33504 55 33592 15 33629 54 33690 50 33760 56 33848 15 33885 54 33946 49 34017 56 34107 10 34140 42 34183 12 34203 46 34273 56 34363 9 34396 41 34441 11 34459 45 34529 57 34621 4 34651 40 34697 10 34715 42 34785 58 34906 41 34953 10 34971 40 35041 58 35161 39 35209 8 35227 32 35297 59 35418 37 35465 8 35482 33 35553 31 35585 28 35675 34 35720 7 35737 32 35810 30 35842 27 35938 26 35976 7 35993 32 36066 30 36097 28 36197 22 36232 5 36249 33 36321 31 36353 28 36453 22 36487 6 36505 33 36575 33 36609 28 36654 3 36709 22 36745 4 36763 31 36828 65 36909 5 36959 28 37001 3 37021 28 37083 66 37155 3 37163 8 37213 29 37287 18 37337 68 37411 5 37417 11 37468 31 37545 15 37593 68 37664 21 37721 34 37803 8 37850 92 37971 41 38060 5 38106 93 38226 44 38316 19 38353 8 38362 94 38481 45 38561 1 38572 20 38609 8 38618 94 38737 48 38817 1 38827 22 38857 2 38864 104 38993 49 39082 23 39113 3 39119 104 39249 50 39337 25 39369 110 39505 50 39593 26 39625 108 39760 52 39835 3 39849 27 39881 108 40016 53 40091 3 40105 27 40137 108 40272 52 40334 3 40347 3 40361 125 40489 11 40528 51 40589 6 40603 3 40617 87 40706 36 40746 9 40782 46 40829 5 40845 7 40859 5 40873 70 40945 15 40963 34 41004 6 41038 45 41101 21 41129 70 41201 15 41220 33 41294 45 41359 20 41387 67 41459 13 41476 33 41551 44 41617 19 41643 67 41715 13 41732 23 41758 7 41807 44 41875 19 41899 67 41973 4 41981 3 41988 23 42015 6 42063 44 42131 20 42156 66 42239 1 42244 22 42271 4 42320 41 42389 88 42495 1 42500 22 42528 2 42576 41 42631 3 42645 88 42756 23 42833 40 42887 4 42902 67 42971 18 43012 23 43089 26 43116 12 43144 3 43158 67 43227 18 43263 1 43267 25 43346 11 43363 4 43375 8 43401 2 43413 68 43483 17 43519 1 43523 26 43601 11 43631 8 43662 1 43667 70 43739 17 43775 1 43779 28 43855 12 43891 1 43917 76 43995 17 44030 2 44035 29 44110 5 44119 3 44173 76 44252 16 44286 2 44289 31 44337 3 44366 5 44429 76 44509 16 44541 34 44593 4 44622 5 44686 75 44765 16 44797 34 44849 4 44877 6 44942 75 45022 15 45053 35 45105 4 45133 6 45198 76 45279 14 45309 35 45361 4 45387 9 45454 76 45536 13 45564 36 45617 4 45643 8 45662 4 45710 77 45793 11 45821 35 45873 4 45901 6 45917 9 45965 31 46000 9 46025 18 46051 8 46077 35 46129 4 46158 4 46172 11 46221 30 46256 9 46281 18 46307 6 46334 34 46385 4 46427 17 46476 30 46513 7 46538 16 46592 33 46640 4 46683 26 46732 29 46771 4 46795 14 46848 28 46880 1 46896 2 46939 26 46988 27 47054 9 47104 26 47194 28 47244 27 47312 6 47360 23 47415 4 47450 31 47501 25 47616 23 47656 3 47671 6 47707 32 47759 23 47872 23 47911 8 47925 8 47939 4 47963 33 48017 21 48128 24 48167 9 48180 10 48194 5 48219 34 48273 21 48384 10 48401 8 48423 35 48475 34 48529 20 48640 9 48658 7 48679 37 48730 35 48786 18 48876 1 48896 8 48919 2 48935 40 48985 36 49043 15 49130 5 49152 7 49176 1 49191 42 49241 36 49300 13 49385 5 49408 5 49447 44 49496 37 49640 5 49664 5 49703 44 49751 38 49897 4 49920 3 49959 46 50007 38 50157 9 50176 1 50215 86 50413 12 50470 87 50669 15 50725 88 50924 19 50980 89 51180 20 51236 89 51436 20 51492 90 51690 22 51747 91 51914 1 51945 23 52003 91 52169 6 52201 23 52259 92 52425 6 52457 23 52514 93 52679 10 52697 2 52712 24 52770 93 52935 10 52953 2 52968 24 53025 95 53190 12 53208 6 53223 25 53281 95 53447 13 53462 10 53479 25 53538 94 53705 55 53794 95 53961 55 54050 95 54217 55 54306 95 54473 55 54562 95 54729 55 54817 96 54985 55 55073 45 55121 48 55241 55 55328 45 55378 46 55497 55 55583 45 55636 37 55753 55 55839 44 55892 35 56009 55 56095 41 56151 30 56265 55 56349 37 56409 26 56523 53 56602 40 56667 22 56781 51 56857 41 56923 16 57037 51 57111 43 57182 10 57293 51 57367 44 57439 8 57549 51 57624 29 57658 10 57805 51 57881 28 57915 10 58060 52 58137 26 58174 9 58315 53 58393 26 58431 8 58571 53 58650 24 58688 7 58826 54 58907 22 58944 7 59037 4 59081 55 59163 20 59201 5 59291 12 59331 61 59420 19 59458 3 59545 16 59586 62 59791 30 59841 63 60046 32 60096 64 60301 34 60352 64 60556 35 60608 64 60805 3 60812 37 60864 64 61055 50 61120 64 61304 62 61375 65 61472 1 61559 64 61631 65 61726 13 61814 66 61887 65 61982 15 62070 67 62143 65 62238 17 62325 68 62401 63 62480 1 62494 17 62581 56 62639 10 62657 63 62735 5 62749 18 62837 55 62896 9 62915 58 62974 2 62991 6 63005 19 63091 57 63153 8 63172 56 63231 1 63243 11 63260 21 63315 2 63339 1 63344 60 63410 5 63429 52 63498 13 63515 22 63571 1 63582 5 63589 2 63600 61 63667 3 63686 51 63752 43 63835 14 63856 62 63943 48 64007 44 64091 14 64112 62 64199 47 64261 46 64347 14 64368 63 64456 40 64517 47 64602 15 64624 63 64713 36 64769 52 64858 15 64880 63 64973 32 65024 53 65114 15 65136 63 65231 30 65280 53 65370 15 65392 62 65491 10 65510 8
597667,0 98 104 243 353 3 362 241 609 4 619 240 865 6 876 239 1120 9 1133 237 1375 12 1391 235 1631 252 1887 252 2143 251 2399 250 2655 249 2912 247 3168 246 3425 244 3681 244 3936 245 4192 246 4447 247 4703 179 4884 67 4959 180 5140 68 5215 138 5355 40 5398 68 5471 137 5613 38 5654 68 5728 135 5869 110 5985 134 6127 108 6241 134 6384 107 6498 131 6640 108 6754 131 6896 110 7010 129 7153 110 7266 129 7409 240 7667 238 7923 80 8012 7 8027 136 8180 77 8270 4 8284 137 8437 74 8541 146 8693 70 8797 148 8947 70 9054 218 9310 216 9531 4 9566 215 9787 5 9821 215 10045 4 10077 215 10301 4 10333 184 10523 24 10590 182 10781 22 10846 162 11009 18 11041 17 11103 161 11265 18 11297 17 11359 161 11521 19 11555 15 11615 161 11777 20 11811 14 11850 5 11871 161 12033 22 12069 10 12104 10 12127 161 12289 23 12326 9 12359 12 12382 162 12545 12 12558 11 12584 1 12615 12 12638 162 12802 11 12814 11 12871 13 12894 162 13059 9 13071 12 13126 15 13150 162 13315 9 13327 13 13381 16 13407 5 13415 153 13573 7 13583 19 13636 18 13671 153 13831 4 13839 20 13892 19 13928 152 14097 19 14147 20 14185 151 14355 17 14403 20 14443 149 14614 14 14659 20 14699 149 14872 11 14915 20 14950 1 14955 149 15130 9 15172 19 15206 1 15211 149 15387 7 15428 19 15462 154 15684 19 15718 154 15940 19 15974 154 16196 18 16229 155 16453 17 16485 155 16709 17 16741 155 16965 16 16996 156 17221 15 17251 157 17476 15 17506 161 17729 18 17757 169 17984 18 18013 172 18239 20 18266 175 18495 20 18521 177 18751 20 18775 179 19007 20 19028 183 19263 204 19510 5 19517 207 19764 217 20019 220 20275 94 20373 123 20530 95 20629 124 20785 97 20885 124 21041 225 21296 226 21552 226 21808 227 22064 227 22321 226 22578 225 22835 224 23092 223 23329 1 23349 223 23584 4 23606 223 23839 8 23861 226 24095 13 24117 226 24350 251 24605 304 24916 233 25151 14 25171 234 25407 14 25426 235 25663 14 25682 236 25919 14 25936 238 26176 13 26191 4512 30708 251 30967 248 31225 246 31481 244 31737 4 31744 237 31993 4 32000 239 32248 5 32256 240 32503 6 32512 242 32759 5 32768 243 33015 4 33024 244 33280 244 33532 248 33787 249 34043 996 35041 253 35301 249 35557 248 35813 247 36068 247 36323 247 36577 249 36828 507 37336 15633 52979 242 53237 240 53495 237 53757 231 54013 231 54269 231 54525 232 54783 230 55040 230 55296 230 55552 231 55808 231 56064 231 56320 231 56576 230 56832 229 57088 227 57344 227 57600 225 57856 225 58112 225 58368 225 58624 225 58880 225 59136 226 59392 227 59648 57 59709 166 59904 57 59966 165 60160 58 60220 167 60416 227 60672 227 60928 227 61184 225 61440 225 61696 225 61952 225 62208 225 62464 32 62501 189 62720 31 62758 188 62976 31 63015 188 63232 30 63272 187 63488 30 63529 186 63744 29 63786 185 64000 29 64043 184 64256 29 64299 184 64512 29 64555 184 64768 28 64811 184 65024 28 65067 184 65280 27 65323 183
602248,0 8217 8219 57317
607765,0 65536
609763,29 27 155 51 287 24 411 50 545 22 667 50 801 22 924 49 1057 22 1181 47 1279 1 1314 20 1443 40 1533 3 1569 21 1656 4 1699 40 1787 5 1825 20 1909 8 1955 28 1989 4 2039 9 2081 19 2164 9 2177 2 2212 26 2294 10 2336 19 2419 22 2468 25 2515 3 2524 3 2548 12 2592 17 2675 22 2711 4 2724 4 2731 2 2736 12 2765 10 2780 5 2803 13 2848 13 2931 26 2965 6 2994 9 3017 16 3035 7 3059 13 3105 12 3187 27 3219 8 3251 6 3272 27 3315 13 3361 10 3445 38 3527 29 3570 14 3618 7 3702 37 3782 30 3826 14 3961 34 4037 32 4082 14 4163 1 4218 33 4293 32 4338 14 4419 1 4475 32 4549 34 4593 15 4732 31 4806 35 4848 16 4927 4 4995 2 5005 14 5062 37 5103 17 5183 4 5261 14 5319 37 5357 19 5439 5 5518 13 5578 54 5694 5 5764 3 5774 13 5835 53 5949 6 6019 4 6031 12 6093 51 6204 7 6275 4 6287 12 6339 5 6350 50 6460 6 6529 7 6543 12 6569 6 6607 49 6715 7 6784 8 6799 13 6825 7 6863 49 6941 1 6971 6 7033 16 7057 11 7081 9 7119 49 7196 3 7227 6 7289 16 7314 10 7337 11 7351 3 7377 47 7447 9 7483 4 7507 2 7544 17 7571 10 7595 17 7637 43 7703 10 7739 4 7762 4 7800 17 7827 10 7851 17 7893 43 7957 12 8018 6 8056 17 8083 9 8109 14 8149 43 8212 13 8273 7 8312 17 8339 8 8365 14 8405 43 8468 14 8529 7 8569 15 8596 7 8622 13 8661 43 8724 14 8785 7 8825 14 8853 6 8878 13 8916 44 8979 16 9041 6 9081 14 9135 10 9172 44 9235 16 9297 6 9337 13 9390 11 9429 43 9490 25 9553 4 9573 5 9591 13 9646 10 9685 43 9745 27 9809 2 9821 2 9829 6 9846 5 9855 4 9903 8 9941 43 10000 29 10072 19 10098 7 10110 5 10198 42 10255 31 10327 20 10353 8 10366 4 10455 41 10511 31 10582 22 10607 10 10621 6 10678 3 10683 8 10711 41 10767 31 10837 36 10876 8 10933 15 10968 40 11023 31 11092 49 11186 19 11225 39 11279 31 11328 2 11347 50 11441 20 11482 38 11535 30 11582 6 11602 52 11697 21 11739 37 11791 30 11838 6 11858 52 11953 21 11995 37 12049 27 12096 2 12113 53 12209 22 12251 37 12306 25 12369 53 12465 22 12507 37 12562 25 12626 53 12721 22 12763 37 12818 25 12882 53 12977 21 13018 38 13073 25 13139 54 13233 21 13274 38 13329 24 13396 53 13489 21 13529 39 13583 26 13653 52 13745 21 13784 40 13839 26 13910 51 14001 21 14040 40 14094 24 14170 47 14256 23 14295 41 14349 24 14427 46 14512 24 14551 41 14605 24 14685 44 14767 33 14807 41 14861 23 14941 44 15023 34 15063 41 15117 22 15197 45 15277 36 15319 5 15325 35 15373 21 15455 43 15531 38 15574 4 15581 35 15630 18 15711 44 15787 37 15829 4 15840 32 15886 17 15968 43 16028 1 16043 37 16085 4 16097 31 16143 11 16225 42 16282 3 16297 48 16355 29 16402 7 16483 40 16537 4 16553 49 16612 28 16746 33 16791 7 16808 50 16869 27 17002 33 17045 9 17063 50 17118 6 17125 27 17259 8 17269 22 17299 11 17317 52 17373 35 17515 32 17555 10 17573 52 17628 36 17772 31 17810 11 17828 53 17884 36 18029 30 18065 12 18083 9 18093 44 18140 22 18163 13 18289 26 18321 11 18339 52 18396 22 18419 13 18491 4 18546 25 18577 8 18594 53 18652 22 18675 13 18745 9 18802 25 18834 6 18849 52 18909 35 19001 10 19058 25 19091 5 19104 52 19165 35 19233 10 19256 13 19313 24 19355 56 19421 35 19487 13 19512 13 19569 24 19611 56 19677 35 19741 16 19768 13 19824 25 19866 59 19934 34 19997 16 20023 15 20079 16 20101 3 20122 59 20190 34 20251 18 20279 16 20329 20 20358 1 20377 62 20445 16 20464 16 20507 17 20535 16 20555 2 20585 20 20632 63 20699 17 20720 16 20757 22 20791 24 20839 22 20888 84 20977 15 21008 27 21046 26 21095 22 21144 84 21233 15 21261 30 21301 28 21349 24 21401 83 21489 15 21517 30 21557 29 21604 25 21657 82 21745 15 21772 29 21813 30 21859 27 21914 81 22002 14 22027 30 22069 30 22115 27 22171 3 22175 66 22243 6 22259 13 22282 31 22326 29 22370 34 22427 70 22517 11 22537 32 22582 29 22626 34 22685 68 22777 7 22792 32 22839 28 22881 36 22940 70 23039 1 23047 33 23095 28 23137 36 23193 73 23268 1 23303 32 23353 26 23393 36 23446 85 23559 32 23608 27 23649 36 23701 87 23814 34 23863 28 23905 36 23956 89 24070 35 24119 27 24160 37 24211 91 24325 36 24372 31 24418 36 24456 4 24467 91 24580 37 24623 36 24675 42 24723 91 24836 38 24877 38 24935 38 24978 93 25092 79 25192 38 25234 95 25348 79 25451 136 25604 78 25707 100 25809 35 25861 16 25888 48 25963 92 26067 34 26111 1 26117 16 26147 44 26220 64 26287 15 26304 6 26323 34 26366 2 26375 14 26406 40 26476 63 26547 11 26560 5 26581 32 26621 3 26633 12 26663 38 26732 63 26806 9 26816 5 26837 32 26876 4 26891 12 26918 37 26988 62 27065 6 27072 3 27093 32 27131 5 27149 10 27174 36 27245 60 27321 6 27350 31 27386 6 27407 9 27429 32 27501 4 27508 53 27579 4 27607 41 27663 9 27685 30 27757 3 27763 54 27863 41 27919 12 27941 27 28018 61 28120 40 28175 13 28197 25 28273 62 28363 2 28377 39 28429 15 28453 23 28529 64 28619 2 28634 1 28637 35 28685 16 28711 20 28784 66 28875 2 28893 35 28941 16 28968 11 28981 5 29040 67 29131 2 29149 35 29197 16 29224 10 29296 67 29388 1 29405 35 29454 17 29479 10 29523 2 29552 67 29660 36 29710 17 29735 9 29778 3 29808 67 29916 36 29966 19 29990 9 30027 12 30065 65 30173 35 30221 20 30246 9 30282 14 30321 65 30429 35 30478 19 30502 9 30535 17 30578 63 30685 35 30735 18 30758 8 30791 17 30835 61 30941 35 30991 17 31014 7 31039 25 31071 3 31091 57 31197 35 31247 17 31267 10 31293 28 31327 3 31346 58 31453 35 31494 5 31502 29 31549 30 31583 3 31598 7 31609 51 31709 35 31748 39 31804 31 31837 6 31854 7 31864 52 31965 35 32001 40 32061 38 32109 9 32119 54 32199 14 32221 35 32257 40 32317 40 32365 64 32455 15 32477 76 32573 46 32620 65 32703 26 32731 78 32829 46 32876 65 32959 105 33085 112 33213 107 33341 112 33463 113 33597 57 33655 54 33717 115 33853 112 33971 117 34109 112 34227 118 34352 4 34365 112 34483 131 34615 118 34739 251 34995 222 35218 3446 38669 134 38805 115 38926 131 39059 116 39183 127 39315 114 39439 127 39571 113 39694 129 39827 113 39950 130 40082 110 40207 241 40463 78 40543 161 40721 61 40785 10 40798 162 40979 59 41042 7 41054 162 41241 53 41310 162 41497 54 41566 54 41621 107 41754 53 41822 51 41878 106 42010 53 42078 50 42134 106 42267 53 42335 49 42390 106 42524 53 42591 49 42647 105 42782 51 42847 49 42903 105 43039 51 43103 49 43159 105 43296 50 43363 4 43370 39 43416 104 43552 51 43619 4 43627 38 43672 104 43809 52 43884 37 43928 104 44066 51 44140 37 44184 104 44325 49 44397 36 44439 105 44583 48 44653 36 44695 105 44841 46 44899 4 44909 36 44949 107 45099 44 45152 9 45165 38 45204 108 45360 39 45405 14 45425 143 45616 39 45659 16 45682 142 45872 39 45914 17 45939 141 46128 39 46169 18 46196 140 46383 39 46425 18 46455 137 46639 39 46681 18 46712 136 46895 38 46937 18 46969 135 47151 38 47191 24 47225 135 47407 36 47447 26 47481 135 47663 36 47701 29 47737 135 47919 36 47957 30 47994 134 48176 30 48207 2 48213 30 48250 134 48432 27 48466 34 48506 23 48531 109 48689 25 48722 34 48762 22 48787 109 48946 22 48978 35 49018 21 49043 109 49204 19 49234 35 49274 21 49300 108 49465 12 49491 36 49531 19 49557 107 49721 10 49747 59 49813 107 49978 5 50004 57 50069 86 50160 16 50260 57 50325 85 50416 16 50516 58 50581 86 50672 16 50701 4 50771 59 50837 86 50928 16 50957 4 51027 60 51093 87 51184 16 51213 4 51283 60 51349 88 51440 16 51469 2 51539 61 51605 90 51700 12 51725 2 51796 61 51861 89 51957 11 52052 63 52117 88 52214 10 52308 63 52373 88 52471 9 52563 154 52723 13 52819 153 52976 16 53074 11 53087 141 53230 18 53330 11 53343 141 53486 18 53586 11 53602 137 53741 19 53842 11 53859 137 53997 19 54029 10 54099 8 54117 156 54285 10 54356 7 54373 160 54541 13 54614 1 54631 159 54796 15 54887 160 55052 16 55144 159 55307 18 55401 159 55563 20 55659 157 55818 23 55915 65 55983 89 56075 22 56111 5 56173 63 56239 89 56331 23 56367 5 56429 63 56495 88 56587 24 56621 8 56635 2 56688 3 56697 51 56749 90 56843 26 56876 9 56889 8 56954 141 57099 26 57130 25 57213 138 57355 26 57385 28 57469 137 57610 60 57726 136 57865 62 57983 200 58239 200 58495 200 58751 200 59007 200 59263 199 59518 200 59773 201 60029 87 60118 111 60285 87 60374 111 60541 87 60629 112 60797 201 61053 202 61309 204 61566 205 61826 82 61911 116 62087 77 62167 116 62342 77 62423 116 62598 27 62626 49 62679 116 62854 27 62887 43 62935 116 63110 26 63147 39 63191 117 63366 26 63405 24 63432 9 63448 116 63622 27 63661 23 63688 9 63705 116 63877 30 63917 23 63945 8 63961 116 64133 30 64172 24 64202 7 64221 112 64389 31 64428 25 64459 6 64471 5 64477 112 64644 33 64684 27 64715 6 64724 8 64733 112 64853 15 64899 34 64939 29 64974 2 64979 122 65105 20 65153 36 65195 28 65235 45 65283 1 65289 68 65359 22 65406 40 65449 30 65490 46
614290,14845 3 15100 4 15353 7 15605 11 15855 17 16110 18 16363 21 16618 22 16872 24 17125 27 17377 31 17633 31 17880 3 17888 32 18135 6 18143 33 18390 42 18645 43 18893 51 19147 53 19399 57 19653 59 19903 65 20157 67 20408 72 20661 75 20913 79 21169 79 21421 83 21671 89 21919 97 22173 99 22425 103 22679 105 22933 107 23187 109 23438 114 23693 115 23947 117 24201 119 24451 125 24706 126 24958 130 25210 134 25463 137 25710 146 25963 149 26217 151 26469 155 26723 157 26975 161 27230 162 27483 165 27732 172 27986 174 28241 175 28495 177 28743 3 28749 179 28997 187 29253 187 29508 188 29749 5 29765 187 29997 14 30023 185 30251 17 30280 184 30505 20 30538 182 30761 20 30795 181 31014 25 31053 179 31269 25 31309 179 31522 28 31566 178 31771 35 31822 178 32025 37 32077 179 32279 39 32333 100 32434 78 32525 50 32588 101 32690 78 32778 53 32843 102 32946 78 33030 63 33097 104 33202 392 33597 253 33853 253 34109 253 34365 253 34621 253 34877 254 35133 254 35390 253 35647 252 35903 254 36159 254 36415 941 37357 253 37613 250 37868 251 38124 251 38379 188 38571 60 38635 187 38827 250 39083 248 39338 249 39594 247 39850 247 40106 94 40203 150 40361 95 40461 148 40615 96 40718 147 40867 98 40975 146 41122 98 41231 245 41488 89 41578 154 41747 85 41837 150 42004 83 42093 148 42261 2 42265 78 42350 147 42521 78 42607 145 42778 5 42787 68 42863 133 42999 9 43033 6 43044 68 43119 132 43255 9 43289 5 43300 69 43375 8 43386 120 43512 8 43543 7 43556 71 43631 9 43642 120 43768 8 43797 9 43811 75 43887 9 43898 120 44024 8 44053 9 44067 85 44155 120 44280 8 44289 8 44318 215 44535 20 44574 237 44830 238 45085 240 45341 242 45596 245 45851 246 46107 247 46361 249 46617 250 46871 252 47127 252 47382 3400 50783 255 51041 253 51297 253 51551 255 51807 2050 53860 250 54118 248 54374 247 54629 247 54885 246 55141 246 55397 245 55653 232 55887 11 55909 228 56144 11 56165 221 56390 1 56401 12 56421 222 56659 13 56676 223 56915 14 56930 226 57174 239 57430 239 57687 238 57943 238 58195 242 58451 242 58707 242 58963 242 59219 242 59475 242 59731 242 59987 242 60243 242 60499 242 60753 244 61008 245 61263 246 61519 247 61773 249 62029 250 62285 250 62541 250 62797 82 62881 1 62891 156 63052 83 63148 154 63307 70 63387 4 63405 152 63563 70 63643 3 63661 152 63818 71 63917 151 64074 71 64173 152 64330 71 64414 2 64429 152 64586 72 64669 4 64685 153 64841 75 64925 6 64940 233 65181 7 65189 3 65195 238 65441 95
614416,0 65536
623676,0 6 215 8 239 24 473 4 496 23 729 2 752 23 1009 23 1265 24 1521 24 1777 23 2032 24 2288 23 2545 22 2801 21 3057 20 3313 15 3569 15 3825 15 4081 12 4337 10 4595 5 4852 2 5097 2 5353 3 5609 4 5865 4 6121 5 6377 5 6634 3 7949 4 8204 7 8458 12 8713 14 8968 17 9223 17 9478 18 9733 19 9987 20 10216 4 10242 21 10471 6 10496 24 10725 10 10752 24 10980 11 11008 24 11235 14 11264 25 11491 14 11520 26 11747 16 11776 26 12003 16 12032 26 12259 16 12288 25 12515 16 12551 18 12771 16 12809 7 12819 4 13026 17 13067 4 13281 16 13324 3 13536 17 13791 16 14047 15 14303 14 14559 14 14815 13 15072 12 15329 11 15585 11 15842 10 16029 4 16099 8 16280 13 16357 5 16535 14 16615 1 16788 18 17043 19 17298 21 17554 21 17810 21 18066 21 18322 20 18579 19 18835 18 19092 17 19349 8 19427 6 19606 6 19681 8 19935 13 20191 15 20447 18 20703 20 20960 19 21217 18 21473 18 21729 18 21986 17 22242 16 22499 14 22756 13 23013 11 23271 7 24022 2 24276 5 24531 6 24787 6 25043 6 25298 7 25521 12 25553 7 25776 15 25808 8 26031 18 26059 12 26286 19 26315 12 26542 19 26569 14 26799 18 26825 15 27055 19 27079 17 27313 18 27335 17 27570 36 27826 37 27868 1 28083 48 28339 48 28597 47 28853 48 29113 46 29371 44 29417 2 29629 49 29885 49 30143 46 30403 42 30662 39 30919 18 30939 18 31149 4 31175 16 31195 18 31405 5 31431 38 31659 8 31687 36 31915 9 31942 37 32171 10 32195 39 32427 10 32449 40 32683 11 32703 43 32939 6 32946 4 32958 45 33203 3 33214 47 33459 3 33470 48 33715 2 33725 56 33981 58 34237 62 34493 62 34749 63 35005 63 35261 63 35517 63 35773 64 36030 64 36287 65 36543 65 36799 65 37054 66 37309 67 37565 67 37821 67 38076 68 38331 69 38587 69 38841 71 39097 71 39351 73 39607 73 39862 74 40118 74 40374 74 40630 74 40886 74 41142 74 41398 74 41655 73 41912 4 41919 65 42169 1 42175 65 42431 65 42687 65 42944 64 43200 64 43456 64 43669 4 43712 64 43924 7 43939 4 43968 64 44179 8 44191 9 44223 65 44392 5 44436 7 44445 12 44472 72 44647 6 44693 6 44701 12 44727 73 44903 7 44949 6 44957 12 44981 75 45159 7 45206 6 45213 12 45237 23 45263 49 45416 5 45463 18 45488 27 45525 43 45673 4 45720 17 45743 28 45780 13 45795 29 45981 13 45999 29 46034 13 46057 23 46237 14 46254 30 46289 14 46315 21 46493 65 46571 15 46591 1 46749 65 46828 13 47005 64 47084 11 47261 64 47341 10 47516 13 47531 49 47599 2 47772 13 47787 38 47827 9 47863 1 48029 4 48034 5 48043 38 48087 3 48117 8 48300 36 48373 8 48555 34 48628 10 48809 32 48884 10 48971 4 49065 31 49140 11 49226 6 49322 30 49396 11 49481 8 49581 27 49653 10 49737 8 49838 26 49909 11 49992 9 50095 25 50167 9 50248 9 50351 24 50423 9 50505 8 50609 3 50615 12 50681 7 50761 8 50872 10 50937 7 51018 6 51095 6 51129 7 51194 6 51275 4 51351 6 51387 3 51451 5 51605 9 51709 3 51861 9 51965 3 52113 14 52366 17 52621 19 52877 19 53133 19 53236 3 53389 20 53491 6 53645 20 53673 6 53745 9 53901 20 53929 7 54001 10 54157 20 54185 10 54257 10 54414 2 54421 13 54441 11 54513 10 54669 3 54677 15 54694 30 54769 10 54924 5 54933 49 55027 6 55179 8 55188 52 55433 64 55688 65 55760 4 55944 67 56015 6 56200 87 56456 89 56713 12 56730 73 56970 9 56989 72 57228 6 57245 75 57486 1 57501 76 57757 80 58013 80 58267 84 58523 85 58778 87 59031 90 59160 2 59285 92 59415 3 59531 4 59541 92 59671 3 59784 105 59927 3 60039 106 60183 3 60295 106 60415 1 60439 2 60551 107 60670 2 60695 3 60808 105 60926 2 60951 3 61065 104 61183 1 61207 3 61324 101 61463 4 61580 101 61718 6 61837 99 61971 10 62093 98 62229 10 62351 99 62485 10 62609 98 62741 11 62867 98 62997 12 63123 98 63253 14 63380 98 63509 14 63637 97 63767 14 63893 97 64023 14 64149 97 64281 11 64406 96 64538 10 64663 94 64797 6 64920 93 65177 91 65339 5 65435 88
632056,0 219 256 219 512 218 768 218 1024 219 1280 219 1536 223 1792 229 2048 230 2304 233 2556 238 2811 240 3066 242 3322 243 3578 243 3835 244 4092 244 4349 246 4608 245 4864 249 5120 250 5376 251 5632 252 5888 253 6144 253 6400 253 6656 253 6912 253 7168 253 7424 252 7680 252 7936 253 8192 253 8448 253 8704 253 8960 253 9216 252 9472 251 9728 249 9984 247 10240 246 10496 245 10752 245 11008 245 11264 245 11520 249 11776 250 12032 241 12275 6 12288 241 12531 5 12544 239 12800 239 13056 238 13312 237 13568 231 13824 229 14080 225 14336 224 14592 218 14848 217 15104 215 15360 212 15616 207 15872 206 16128 203 16384 201 16640 199 16896 195 17152 187 17408 186 17664 184 17920 183 18176 179 18432 178 18688 174 18944 171 19200 167 19456 166 19712 162 19968 160 20224 156 20480 154 20736 145 20883 2 20992 144 21248 143 21504 142 21760 140 22016 139 22272 136 22528 133 22784 130 23040 126 23296 123 23552 122 23808 115 24064 110 24320 107 24576 106 24832 103 25088 102 25344 97 25600 95 25856 91 26112 90 26368 83 26624 81 26880 79 27136 77 27392 73 27648 70 27904 66 28160 63 28416 60 28672 56 28928 52 29184 50 29440 43 29696 42 29952 38 30208 37 30464 33 30720 32 30976 29 31232 29 31488 26 31744 25 32000 21 32256 19 32512 16 32768 15 33024 13 33280 11 33536 5 33792 4
636405,0 65536
636648,0 128 256 128 512 128 768 127 1024 127 1280 127 1536 128 1792 128 2048 128 2304 128 2560 129 2816 129 3072 129 3328 129 3584 129 3840 129 4096 129 4352 129 4608 130 4864 130 5120 131 5376 131 5632 131 5888 131 6144 131 6400 131 6656 132 6912 132 7168 132 7424 132 7680 132 7936 133 8192 133 8448 133 8704 133 8960 133 9216 133 9472 134 9728 134 9984 134 10240 134 10496 135 10752 135 11008 135 11264 135 11520 135 11776 136 12032 136 12288 136 12544 137 12800 137 13056 137 13312 137 13568 137 13824 137 14080 138 14336 138 14592 138 14848 138 15104 139 15360 139 15616 139 15872 139 16128 139 16384 139 16640 140 16896 141 17152 141 17408 141 17664 141 17920 142 18176 142 18432 142 18688 142 18944 143 19200 143 19456 143 19712 143 19968 143 20224 143 20480 143 20736 144 20992 144 21248 144 21504 145 21760 145 22016 145 22272 145 22528 145 22784 145 23040 145 23296 145 23552 146 23808 147 24064 147 24320 147 24576 147 24832 147 25088 147 25344 147 25600 147 25856 147 26112 147 26368 148 26624 148 26880 149 27136 149 27392 149 27648 149 27904 150 28160 150 28416 150 28672 151 28928 151 29184 151 29440 151 29696 151 29952 151 30208 151 30464 152 30720 152 30976 152 31232 153 31488 153 31744 153 32000 153 32256 153 32512 153 32768 153 33024 154 33280 154 33536 155 33792 155 34048 155 34304 155 34560 155 34816 155 35072 156 35328 156 35584 156 35840 156 36096 157 36352 157 36608 157 36864 157 37120 157 37376 157 37632 158 37888 158 38144 158 38400 158 38656 159 38912 159 39168 159 39424 159 39680 160 39936 161 40192 161 40448 161 40704 161 40960 161 41216 161 41472 161 41728 162 41984 162 42240 163 42496 163 42752 163 43008 163 43264 163 43520 163 43776 163 44032 163 44288 163 44544 164 44800 164 45056 164 45312 165 45568 165 45824 165 46080 165 46336 165 46592 165 46848 166 47104 166 47360 167 47616 167 47872 167 48128 167 48384 167 48640 167 48896 167 49152 167 49408 168 49664 168 49920 168 50176 168 50432 169 50688 169 50944 169 51200 169 51456 169 51712 169 51968 169 52224 169 52480 169 52736 169 52992 169 53248 170 53504 171 53760 171 54016 171 54272 171 54528 171 54784 171 55040 171 55296 172 55552 173 55808 173 56064 173 56320 173 56576 173 56832 173 57088 173 57344 174 57600 174 57856 174 58112 174 58368 174 58624 174 58880 174 59136 175 59392 175 59648 175 59904 176 60160 177 60416 177 60672 177 60928 177 61184 177 61440 177 61696 178 61952 179 62208 179 62464 179 62720 179 62976 179 63232 179 63488 179 63744 179 64000 180 64256 180 64512 181 64768 181 65024 181 65280 181
650818,39 217 296 216 553 215 809 215 1066 214 1322 214 1578 214 1835 213 2091 213 2347 213 2604 212 2861 211 3117 211 3373 211 3630 210 3886 210 4142 210 4397 211 4653 211 4909 211 5165 211 5421 211 5678 210 5935 209 6191 209 6448 208 6704 208 6960 208 7216 208 7472 208 7728 208 7984 208 8240 208 8496 208 8752 208 9009 207 9265 207 9521 207 9777 207 10034 206 10290 206 10546 206 10802 206 11058 206 11314 206 11570 206 11826 206 12083 205 12339 205 12595 205 12851 205 13108 204 13364 204 13621 203 13877 203 14133 203 14389 203 14645 203 14901 203 15157 203 15414 202 15671 201 15927 201 16183 201 16440 200 16697 199 16953 199 17209 199 17465 199 17720 200 17976 200 18233 199 18489 199 18745 199 19002 198 19259 197 19515 197 19772 196 20028 196 20284 196 20540 196 20796 196 21051 197 21307 197 21563 197 21819 197 22075 197 22333 195 22589 195 22846 194 23102 194 23359 193 23615 193 23871 193 24127 193 24382 194 24637 195 24893 195 25149 195 25406 194 25662 194 25919 193 26175 193 26431 193 26688 192 26944 192 27199 193 27455 193 27711 193 27967 193 28223 193 28479 193 28735 193 28992 192 29248 192 29505 191 29761 191 30018 190 30274 190 30530 190 30786 190 31042 190 31298 190 31554 190 31810 190 32066 190 32323 189 32579 189 32835 189 33092 188 33349 187 33605 187 33861 187 34117 187 34373 187 34629 187 34885 187 35141 187 35397 187 35653 187 35909 187 36166 186 36423 185 36680 184 36936 184 37193 183 37448 184 37704 184 37960 184 38215 185 38471 185 38728 184 38984 184 39240 184 39497 183 39753 183 40009 183 40265 183 40521 183 40778 182 41033 183 41289 183 41545 183 41802 182 42058 182 42314 182 42571 181 42827 181 43083 181 43339 181 43596 180 43852 180 44108 180 44364 180 44620 180 44876 180 45132 180 45388 180 45645 179 45901 179 46157 179 46413 179 46670 178 46926 178 47183 177 47439 177 47695 177 47951 177 48206 178 48463 177 48719 177 48975 177 49231 177 49487 177 49743 177 50000 176 50257 175 50513 175 50769 175 51025 175 51281 175 51537 175 51793 175 52049 175 52305 175 52561 175 52817 175 53074 174 53331 173 53587 173 53843 173 54099 173 54355 173 54612 172 54868 172 55125 171 55381 171 55637 171 55893 171 56149 171 56405 171 56662 170 56918 170 57174 170 57431 169 57687 169 57943 169 58199 169 58455 169 58711 169 58967 169 59223 169 59479 169 59736 168 59993 167 60249 167 60505 167 60761 167 61017 167 61273 167 61530 166 61786 166 62042 166 62299 165 62555 165 62811 165 63067 165 63324 164 63580 164 63837 163 64093 163 64348 164 64604 164 64860 164 65116 164 65372 164
652005,0 65536
655919,0 219 256 219 512 219 768 219 1024 220 1280 221 1536 221 1792 221 2048 99 2150 119 2304 99 2408 117 2560 99 2665 117 2816 100 2922 116 3072 102 3179 115 3328 103 3435 115 3584 103 3691 115 3840 105 3947 114 4096 105 4204 113 4352 105 4460 113 4608 105 4716 113 4864 106 4972 113 5120 107 5228 114 5376 107 5484 115 5632 107 5740 116 5888 107 5997 116 6144 107 6253 116 6400 108 6511 114 6656 108 6767 114 6912 109 7025 110 7168 109 7281 110 7424 109 7539 109 7680 108 7794 111 7936 108 8049 112 8192 107 8305 112 8448 109 8561 114 8689 5 8704 109 8816 117 8945 6 8960 110 9071 120 9200 8 9216 50 9268 181 9456 9 9472 49 9526 86 9615 92 9713 8 9728 51 9781 86 9873 90 9969 8 9984 139 10131 90 10227 6 10240 139 10387 90 10483 6 10496 139 10645 90 10741 1 10751 116 10868 23 10901 90 11007 108 11117 5 11125 22 11158 91 11263 108 11374 4 11381 22 11415 90 11520 107 11637 23 11671 90 11776 107 11892 24 11930 88 12032 65 12100 39 12147 24 12187 87 12288 64 12357 38 12403 24 12443 88 12544 64 12614 37 12659 24 12703 84 12800 64 12870 37 12916 23 12960 83 13056 64 13127 36 13173 22 13206 5 13218 82 13311 65 13383 36 13430 21 13461 8 13474 82 13567 65 13638 37 13695 16 13715 10 13731 82 13821 68 13892 39 13951 31 13988 82 14077 113 14208 33 14245 82 14333 114 14464 33 14501 82 14589 116 14719 121 14845 117 14975 121 15101 118 15231 46 15285 68 15359 116 15487 46 15541 68 15616 115 15743 46 15797 69 15872 115 15998 47 16053 70 16128 115 16253 50 16309 71 16384 115 16509 50 16564 72 16640 114 16765 60 16828 64 16896 114 17021 59 17085 63 17152 114 17277 59 17341 63 17408 114 17533 58 17596 65 17664 114 17789 58 17851 66 17920 114 18045 57 18106 67 18176 115 18301 58 18362 69 18432 115 18557 130 18688 116 18813 130 18944 117 19069 130 19200 117 19325 130 19456 117 19581 248 19837 248 20093 248 20346 251 20601 252 20855 254 21111 253 21367 252 21623 251 21878 235 22115 14 22134 234 22373 10 22390 233 22629 10 22646 138 22785 94 22887 5 22902 138 23041 94 23158 138 23297 93 23415 137 23555 91 23670 138 23813 90 23926 138 24069 90 24182 78 24262 58 24325 90 24437 78 24519 57 24581 90 24693 77 24776 56 24837 92 24949 74 25032 56 25094 91 25206 72 25287 57 25351 91 25463 69 25540 60 25607 91 25719 69 25796 60 25863 90 25977 67 26051 61 26119 89 26234 63 26299 2 26307 61 26375 86 26492 132 26631 85 26750 130 26887 84 27007 129 27143 85 27263 129 27399 85 27518 130 27655 85 27774 130 27913 84 28029 20 28057 99 28169 84 28285 20 28315 90 28425 84 28540 21 28574 81 28682 84 28796 22 28832 77 28939 84 29052 23 29091 72 29194 84 29308 23 29347 71 29449 85 29564 23 29605 30 29637 23 29705 85 29820 23 29861 29 29895 20 29962 83 30076 24 30117 28 30153 16 30218 83 30332 24 30373 27 30409 3 30413 10 30475 81 30588 25 30629 26 30731 80 30844 25 30885 26 30987 78 31100 26 31141 24 31243 78 31357 25 31397 24 31500 76 31613 25 31654 8 31667 8 31756 75 31869 26 31911 1 31924 1 32012 75 32101 6 32126 24 32268 75 32356 9 32383 23 32525 73 32612 11 32640 21 32781 73 32869 11 32897 20 33037 72 33125 12 33156 12 33293 72 33381 12 33413 10 33550 70 33637 13 33669 8 33806 69 33894 12 33925 7 34062 68 34151 12 34182 4 34318 68 34407 12 34573 68 34664 11 34829 67 34921 9 35085 51 35145 6 35179 6 35341 51 35400 8 35435 4 35602 46 35655 10 35859 44 35911 11 36113 45 36165 15 36369 45 36421 16 36625 44 36677 15 36880 45 36933 15 37135 44 37189 6 37197 5 37391 44 37446 2 37648 43 37904 42 38161 40 38417 32 38450 6 38674 30 38930 29 39187 20 39210 3 39443 19 39700 17 39956 17 40213 13 40470 7
659565,0 65536
661320,0 65536
664566,0 57 62 251 317 252 573 64963
666091,11 245 271 241 527 241 784 240 1040 240 1296 240 1552 240 1809 239 2065 239 2321 239 2577 239 2834 238 3090 238 3346 238 3602 238 3858 238 4114 162 4281 71 4370 163 4539 69 4626 163 4796 68 4883 163 5061 59 5139 163 5317 59 5397 161 5574 58 5653 162 5831 57 5909 163 6089 55 6165 163 6346 54 6421 164 6603 53 6677 164 6860 52 6933 165 7117 51 7189 165 7373 51 7445 166 7631 49 7701 166 7887 49 7959 164 8144 48 8215 164 8400 48 8472 163 8654 29 8686 18 8728 163 8909 28 8943 17 8985 162 9164 8 9173 19 9202 7 9215 1 9241 162 9419 9 9429 18 9458 4 9497 162 9674 9 9685 18 9714 3 9753 162 9929 10 9941 12 9954 5 9970 1 10009 162 10184 11 10198 11 10211 3 10265 162 10439 12 10454 6 10462 3 10467 2 10521 162 10694 15 10778 161 10950 15 11035 160 11205 16 11291 160 11461 15 11547 161 11717 14 11803 162 11974 11 12060 162 12230 7 12317 161 12486 6 12573 162 12829 162 13085 162 13341 162 13598 160 13854 159 14111 158 14367 157 14623 156 14879 156 15135 156 15391 157 15647 158 15903 160 16159 162 16415 162 16672 163 16928 163 17185 165 17441 166 17697 167 17953 167 18209 168 18396 1 18465 168 18651 2 18722 173 18906 4 18978 174 19162 4 19234 175 19417 6 19490 175 19673 6 19746 176 19929 6 20002 176 20184 7 20258 176 20440 9 20452 9 20514 176 20696 22 20770 177 20952 23 21027 176 21208 24 21283 176 21464 25 21539 206 21797 204 22015 1 22053 204 22270 2 22309 205 22525 3 22565 206 22780 4 22821 207 23034 6 23077 210 23288 8 23334 218 23589 219 23845 219 24101 219 24358 218 24615 217 24871 217 25127 217 25383 217 25639 217 25896 216 26153 215 26409 215 26666 214 26923 213 27179 213 27436 212 27692 212 27949 211 28205 211 28461 211 28717 211 28974 210 29229 211 29485 211 29741 211 29997 211 30253 211 30509 211 30765 211 31022 210 31278 210 31534 210 31791 209 32047 209 32304 208 32561 207 32817 207 33073 207 33329 207 33585 207 33841 207 34097 207 34353 207 34609 207 34865 207 35121 207 35377 207 35634 206 35890 206 36146 206 36402 206 36659 205 36914 206 37170 206 37427 205 37683 205 37939 205 38195 205 38452 204 38709 203 38965 203 39221 203 39477 203 39733 203 39989 203 40245 203 40501 203 40758 202 41015 201 41271 201 41527 201 41783 201 42039 201 42296 200 42552 200 42809 199 43065 199 43321 199 43578 198 43835 197 44091 197 44347 197 44603 197 44859 197 45115 197 45371 197 45628 196 45884 196 46140 196 46397 195 46653 195 46909 195 47165 195 47421 195 47677 195 47933 195 48189 195 48445 195 48701 195 48958 194 49214 194 49471 193 49727 193 49984 192 50241 191 50497 191 50753 191 51009 191 51266 190 51522 190 51779 189 52035 189 52291 189 52547 189 52804 188 53060 188 53316 188 53571 189 53827 189 54084 188 54341 187 54597 187 54853 187 55110 186 55366 186 55623 185 55879 185 56135 185 56391 185 56648 184 56905 183 57161 183 57417 183 57673 183 57929 183 58185 101 58287 81 58442 99 58544 80 58698 98 58800 80 58954 97 59056 80 59210 95 59311 81 59467 94 59567 81 59723 92 59823 81 59980 91 60079 81 60236 91 60333 83 60491 91 60587 85 60748 88 60842 86 61004 79 61086 4 61098 86 61260 79 61353 87 61516 79 61609 87 61772 79 61865 87 62028 80 62121 87 62285 78 62377 87 62541 78 62633 87 62797 78 62889 87 63054 77 63145 87 63311 76 63401 87 63567 75 63658 86 63825 72 63915 85 64081 72 64171 85 64337 69 64427 85 64592 69 64684 84 64848 67 64941 83 65103 68 65197 83 65359 66 65454 82
672675,0 197 256 197 512 197 768 197 1024 197 1280 139 1421 56 1536 140 1677 57 1792 199 2048 142 2191 56 2304 199 2560 199 2816 199 3072 142 3215 57 3328 140 3473 56 3568 6 3584 139 3729 56 3824 6 3840 138 3985 57 4080 7 4096 137 4242 57 4336 7 4352 136 4497 57 4591 8 4608 136 4753 6 4762 47 4847 8 4864 124 4992 7 5009 1 5019 45 5103 8 5120 123 5249 5 5275 44 5359 8 5376 123 5531 43 5615 8 5632 123 5787 43 5871 7 5888 122 6044 8 6055 32 6126 7 6144 121 6300 8 6312 31 6382 6 6400 121 6556 8 6569 29 6639 4 6656 120 6812 8 6825 29 6895 2 6912 119 7051 4 7069 7 7082 27 7168 119 7307 6 7325 6 7339 25 7424 119 7562 7 7597 21 7680 119 7818 7 7853 20 7936 118 8075 6 8120 7 8192 118 8331 6 8378 3 8448 104 8557 7 8589 2 8704 104 8960 103 9216 103 9472 102 9728 101 9984 101 10240 100 10496 99 10752 99 11008 98 11264 98 11520 98 11774 100 12029 101 12285 101 12541 101 12797 101 13052 102 13307 104 13563 106 13815 110 14070 23 14100 83 14331 18 14356 83 14587 18 14613 82 14844 16 14871 80 15101 3 15111 4 15128 78 15359 2 15368 1 15389 74 15616 1 15647 72 15872 1 15904 71 15984 2 16128 1 16163 68 16240 2 16384 1 16421 66 16495 3 16639 1 16681 62 16747 6 16895 1 16939 60 17003 6 17151 1 17197 57 17257 8 17406 2 17453 55 17513 6 17662 2 17709 54 17769 4 17917 3 17965 54 18026 3 18173 3 18220 55 18283 2 18428 4 18476 55 18539 1 18684 4 18731 56 18939 5 18987 56 19195 5 19222 11 19243 55 19451 5 19477 13 19499 55 19707 5 19733 15 19757 52 19816 2 19963 5 19989 16 20017 45 20070 6 20219 5 20253 5 20274 43 20325 8 20427 2 20476 4 20531 35 20567 4 20581 8 20682 4 20733 3 20791 30 20837 8 20936 7 20989 3 21047 30 21092 9 21192 7 21245 3 21304 27 21339 2 21347 8 21447 10 21501 4 21561 26 21603 8 21704 9 21758 5 21819 24 21848 3 21860 7 21960 9 22015 5 22075 24 22103 4 22117 6 22217 8 22272 5 22332 22 22360 3 22374 6 22474 7 22528 5 22589 20 22617 3 22631 6 22731 6 22784 5 22845 20 22875 3 22883 2 22887 7 23004 4 23011 3 23040 5 23101 20 23131 3 23138 11 23257 14 23296 5 23358 8 23369 7 23387 3 23391 14 23465 2 23510 19 23552 4 23614 18 23644 16 23720 3 23766 19 23807 4 23869 19 23901 14 23923 1 23971 8 24021 30 24063 2 24125 19 24157 12 24174 8 24227 8 24277 31 24319 1 24381 19 24413 27 24484 5 24531 34 24627 2 24636 21 24659 1 24669 28 24740 2 24787 34 24881 37 24923 41 25037 41 25136 38 25179 41 25293 41 25391 39 25435 42 25548 43 25646 40 25691 43 25804 42 25891 5 25901 41 25946 49 26060 1 26064 37 26146 52 26201 51 26314 3 26320 36 26367 1 26389 2 26401 53 26457 51 26577 34 26621 3 26645 3 26657 53 26711 53 26765 2 26833 32 26877 3 26900 4 26911 112 27089 32 27132 4 27157 3 27167 109 27277 2 27344 34 27388 4 27422 110 27533 2 27600 37 27643 5 27677 111 27789 2 27855 40 27899 5 27933 110 28046 1 28065 7 28111 42 28155 5 28181 2 28189 110 28302 1 28307 2 28320 8 28367 42 28411 5 28445 121 28570 14 28622 44 28668 4 28701 139 28878 45 28925 3 28957 139 29133 46 29184 3 29213 140 29389 46 29440 5 29472 137 29644 47 29696 5 29730 6 29740 125 29900 47 29952 5 29997 126 30158 46 30208 5 30254 125 30415 45 30464 5 30509 127 30673 44 30720 5 30765 127 30930 43 30976 6 31000 1 31021 46 31068 81 31187 42 31232 7 31277 129 31444 41 31488 7 31533 130 31701 39 31744 8 31789 130 31957 39 32000 9 32045 130 32213 38 32256 10 32301 130 32469 37 32512 17 32557 129 32725 36 32768 18 32813 129 32982 35 33024 19 33064 2 33070 128 33239 34 33280 20 33320 2 33325 129 33497 32 33536 21 33581 129 33755 29 33792 21 33836 130 34011 28 34048 22 34089 133 34269 26 34304 23 34345 133 34525 26 34560 25 34600 133 34742 1 34782 25 34816 26 34845 3 34856 133 34997 2 35039 24 35072 35 35110 134 35253 3 35295 19 35328 172 35510 1 35552 17 35584 172 35809 13 35840 107 35948 63 36066 11 36096 170 36324 5 36352 105 36459 62 36607 167 36863 166 37119 157 37277 4 37308 1 37370 161 37562 4 37624 152 37815 9 37876 95 37972 58 38070 11 38131 96 38228 59 38324 15 38347 4 38385 98 38484 59 38579 17 38602 7 38640 159 38834 33 38895 160 39089 36 39150 56 39209 101 39344 38 39405 57 39465 101 39599 40 39661 57 39720 32 39757 64 39852 46 39916 58 39976 31 40013 64 40107 48 40172 58 40231 102 40357 56 40427 59 40487 102 40613 57 40683 156 40869 58 40939 155 41123 60 41195 155 41379 60 41449 157 41634 61 41704 157 41871 4 41889 63 41960 157 42125 6 42145 63 42215 159 42377 16 42397 67 42472 158 42632 88 42729 157 42887 88 42985 157 43143 88 43242 156 43399 88 43499 244 43756 162 43920 79 44021 153 44176 79 44279 140 44421 90 44537 138 44677 90 44793 137 44933 90 45051 135 45190 89 45309 133 45447 88 45567 224 45823 222 46080 220 46336 218 46592 217 46848 215 47104 214 47360 213 47616 212 47872 211 48127 212 48362 1 48383 211 48616 4 48627 222 48871 6 48883 220 49127 8 49139 220 49383 232 49638 233 49894 233 50149 46 50206 177 50405 46 50457 182 50661 46 50711 184 50916 235 51172 235 51429 161 51593 71 51688 158 51850 71 51944 158 52105 78 52201 238 52457 242 52713 244 52970 246 53227 246 53483 153 53642 87 53739 153 53899 86 53995 153 54155 88 54252 152 54411 88 54508 151 54668 87 54765 149 54925 86 55023 140 55165 3 55181 86 55283 136 55437 86 55541 133 55692 87 55799 130 55948 87 56056 129 56203 88 56314 127 56458 89 56571 126 56711 93 56829 123 56967 93 57086 121 57223 92 57343 119 57479 92 57600 117 57735 92 57856 117 57991 91 58112 117 58239 4 58248 89 58368 117 58492 9 58504 89 58624 118 58746 100 58880 219 59136 191 59333 20 59392 191 59589 20 59648 189 59846 17 59904 182 60088 5 60103 14 60160 181 60363 8 60416 181 60672 181 60928 181 61184 181 61440 180 61696 179 61952 179 62208 178 62464 177 62720 177 62976 177 63232 177 63488 176 63744 175 64000 175 64256 175 64512 175 64768 177 65024 178 65280 179
675111,0 82 92 82 256 85 348 81 512 87 604 81 768 173 1024 173 1280 173 1536 173 1792 173 2048 173 2304 174 2560 174 2816 175 3072 175 3328 175 3584 175 3840 176 4096 176 4352 177 4608 177 4864 177 5120 177 5376 178 5632 178 5888 178 6144 179 6400 179 6656 179 6912 179 7168 179 7424 179 7680 179 7936 180 8192 180 8448 181 8704 181 8960 181 9216 182 9472 182 9728 182 9984 183 10240 183 10496 183 10752 183 11008 183 11264 5 11271 177 11520 4 11535 170 11776 4 11792 169 12032 4 12049 168 12288 3 12306 7 12315 158 12544 3 12561 168 12800 3 12817 168 13056 1 13073 168 13312 1 13329 168 13585 168 13841 169 14097 169 14353 169 14609 170 14864 171 15119 172 15374 173 15619 184 15875 184 16130 186 16386 186 16642 186 16898 186 17154 187 17410 187 17667 186 17923 186 18179 186 18436 185 18691 187 18947 187 19203 187 19458 189 19713 190 19968 191 20224 191 20480 191 20736 191 20992 191 21248 191 21504 191 21760 192 22016 192 22272 193 22528 193 22784 193 23040 193 23296 194 23552 194 23808 194 24064 195 24320 195 24576 195 24832 195 25088 195 25344 196 25600 196 25856 196 26112 197 26368 197 26624 197 26880 197 27136 197 27392 197 27648 197 27904 197 28160 197 28416 197 28672 198 28928 197 29184 197 29440 197 29696 197 29952 199 30208 199 30464 200 30720 200 30976 201 31232 201 31488 201 31744 201 32000 201 32256 202 32512 202 32768 201 33024 201 33280 202 33536 202 33792 147 33941 53 34048 147 34197 53 34304 147 34453 53 34560 202 34816 202 35072 202 35328 203 35584 86 35671 116 35840 88 35935 108 36096 35 36143 43 36191 108 36352 29 36399 44 36448 31 36481 75 36608 29 36655 44 36701 22 36728 85 36864 29 36911 66 36986 83 37120 15 37137 12 37167 63 37243 73 37317 8 37376 16 37393 13 37423 63 37499 82 37632 42 37676 67 37755 82 37888 111 38010 83 38144 110 38255 95 38400 107 38511 96 38656 207 38912 207 39168 208 39424 208 39680 209 39936 209 40192 209 40448 209 40704 209 40960 209 41216 209 41472 209 41728 210 41984 210 42240 210 42496 210 42752 211 43008 211 43264 211 43520 211 43776 211 44032 211 44288 212 44544 212 44800 212 45056 212 45312 213 45568 213 45824 213 46080 213 46336 213 46592 213 46848 214 47104 214 47360 215 47616 215 47872 215 48128 215 48384 215 48640 171 48813 42 48896 170 49070 41 49152 170 49327 41 49408 170 49583 42 49664 171 49839 42 49920 217 50176 217 50432 217 50688 217 50944 217 51200 217 51456 217 51712 100 51815 115 51968 102 52073 113 52224 103 52330 112 52480 103 52587 111 52736 104 52844 110 52992 105 53102 27 53139 72 53248 105 53359 26 53394 73 53504 109 53616 25 53649 74 53760 109 53872 25 53904 75 54016 110 54127 26 54157 78 54272 137 54413 78 54528 219 54784 220 55040 107 55149 111 55296 107 55405 111 55552 107 55661 111 55808 107 55917 111 56064 221 56320 221 56576 102 56679 118 56832 102 56935 118 57088 102 57191 119 57344 102 57447 119 57600 101 57703 120 57856 99 57959 120 58112 96 58216 120 58368 95 58472 120 58624 95 58729 120 58880 95 58986 119 59136 67 59207 25 59242 119 59392 67 59463 26 59494 123 59648 225 59907 222 60166 219 60424 217 60683 215 60939 215 61197 214 61452 215 61706 217 61961 218 62211 28 62243 192 62466 29 62501 190 62720 30 62758 190 62976 30 63015 189 63232 30 63272 188 63488 30 63528 188 63744 30 63784 188 64000 31 64040 188 64256 32 64295 190 64512 24 64537 8 64550 191 64768 22 64794 8 64805 193 65024 21 65050 9 65061 193 65280 21 65307 10 65319 191
677723,0 65536
680771,0 65536
682813,0 91 256 91 512 91 768 91 1024 91 1280 91 1536 91 1792 91 2048 91 2304 91 2560 91 2816 92 3072 92 3328 93 3584 93 3840 93 4096 93 4352 94 4608 94 4864 95 5120 95 5376 95 5632 95 5888 95 6144 95 6400 95 6656 95 6912 96 7168 96 7424 97 7680 97 7936 97 8192 97 8448 97 8704 97 8960 97 9216 98 9472 98 9728 99 9984 99 10240 99 10496 99 10752 99 11008 99 11264 99 11520 99 11776 99 12032 99 12288 99 12544 100 12800 101 13056 101 13312 101 13568 101 13824 101 14080 102 14336 102 14592 102 14848 102 15104 102 15360 103 15616 103 15872 103 16128 103 16384 104 16640 104 16896 104 17152 105 17408 105 17664 105 17920 105 18176 105 18432 105 18688 105 18944 105 19200 106 19456 106 19712 107 19968 107 20224 107 20480 107 20736 107 20992 107 21248 107 21504 107 21760 108 22016 108 22272 109 22528 109 22784 109 23040 109 23296 109 23552 109 23808 110 24064 110 24320 110 24576 110 24832 110 25088 110 25344 110 25600 110 25856 111 26112 111 26368 111 26624 111 26880 111 27136 112 27392 112 27648 112 27904 113 28160 113 28416 113 28672 113 28928 113 29184 113 29440 112 29696 112 29952 112 30208 112 30464 112 30720 113 30976 113 31232 113 31488 114 31744 114 32000 115 32256 115 32512 115 32768 115 33024 115 33280 115 33536 116 33792 117 34048 117 34304 117 34560 117 34816 117 35072 117 35328 117 35584 118 35840 118 36096 118 36352 118 36608 119 36864 119 37120 120 37376 120 37632 120 37888 120 38144 120 38400 120 38656 120 38912 121 39168 121 39424 121 39680 121 39936 121 40192 122 40448 122 40704 123 40960 123 41216 123 41472 123 41728 123 41984 123 42240 124 42496 124 42752 125 43008 125 43264 125 43520 125 43776 126 44032 126 44288 126 44544 126 44800 127 45056 127 45312 127 45568 127 45824 127 46080 127 46336 128 46592 128 46848 128 47104 129 47360 129 47616 129 47872 129 48128 129 48384 129 48640 129 48896 129 49152 129 49408 130 49664 130 49920 131 50176 131 50432 131 50688 131 50944 131 51200 131 51456 131 51712 131 51968 131 52224 131 52480 131 52736 131 52992 131 53248 131 53504 132 53760 132 54016 133 54272 133 54528 132 54784 132 55040 131 55296 131 55552 131 55808 131 56064 131 56320 131 56576 131 56832 131 57088 131 57344 131 57600 131 57856 131 58112 131 58368 131 58624 131 58880 132 59136 133 59392 133 59648 133 59904 133 60160 133 60416 133 60672 132 60928 132 61184 131 61440 131 61696 131 61952 131 62208 131 62464 131 62720 126 62976 125 63232 123 63489 121 63745 121 64001 36 64039 83 64257 36 64295 82 64515 34 64551 80 64768 1 64772 33 64807 77 65027 74 65103 35 65281 69 65363 18 65384 2
688285,56 13 71 6 195 31 312 14 327 6 452 29 568 22 709 28 824 23 967 26 1080 24 1225 24 1336 25 1482 24 1592 25 1739 22 1853 20 1997 20 2111 19 2254 17 2367 20 2397 2 2511 16 2623 32 2767 16 2879 32 3025 14 3041 2 3136 32 3281 14 3296 3 3394 30 3537 13 3552 5 3650 30 3794 20 3906 26 4051 24 4163 24 4307 26 4419 22 4457 3 4565 25 4675 22 4710 8 4822 25 4931 22 4965 12 4986 3 5079 25 5188 21 5221 14 5241 4 5336 25 5445 22 5476 15 5497 6 5592 27 5701 22 5732 16 5753 6 5848 27 5958 26 5989 16 6013 4 6104 26 6215 26 6245 16 6269 5 6359 27 6471 26 6501 16 6525 6 6615 27 6727 26 6757 16 6781 6 6871 27 6978 3 6984 25 7014 14 7037 6 7130 23 7233 4 7243 22 7271 13 7293 6 7387 21 7488 5 7501 20 7528 11 7550 5 7645 16 7744 4 7757 20 7784 9 7807 3 7902 14 8014 20 8040 8 8160 12 8270 20 8296 8 8417 9 8527 20 8553 6 8674 7 8783 21 8810 5 8931 6 9032 29 9067 2 9187 6 9287 30 9443 6 9543 30 9699 7 9799 30 9955 7 10054 30 10204 2 10210 7 10310 30 10460 13 10565 30 10717 12 10820 31 10973 12 11075 16 11092 15 11230 9 11330 32 11486 9 11585 32 11742 9 11753 2 11841 21 11863 9 11998 9 12009 2 12096 22 12122 5 12255 10 12352 22 12378 5 12512 9 12608 9 12620 10 12634 5 12769 7 12864 8 12877 9 12890 4 13026 5 13133 8 13145 4 13283 3 13389 8 13401 4 13645 9 13901 9 14155 8 14411 6 14666 6 14922 5 15179 4 15193 4 15450 2 16273 1 16529 2 16535 4 16784 13 17027 4 17040 13 17280 8 17295 15 17535 10 17549 17 17579 2 17787 14 17804 35 18043 14 18059 36 18299 14 18315 37 18555 14 18571 8 18583 25 18811 24 18840 25 19067 24 19096 25 19324 22 19351 26 19581 22 19606 27 19843 46 20099 46 20356 45 20612 45 20869 43 21125 6 21132 36 21381 4 21389 8 21401 23 21638 2 21646 6 21657 24 21916 21 22173 20 22368 4 22430 1 22441 9 22623 6 22698 8 22879 6 22953 8 23135 6 23209 2 23213 3 23391 8 23464 3 23647 8 23721 2 23903 8 24159 9 24212 1 24414 10 24669 11 24924 12 25179 13 25433 15 25689 15 25943 17 26197 19 26453 19 26710 17 26967 15 27222 15 27477 2 27482 11 27733 2 27738 11 27989 15 28246 14 28505 11 28762 11 29019 9 29277 7 29536 2 30703 1 30953 10 31208 13 31464 13 31719 14 31975 14 32231 14 32488 13 32743 14 32999 14 33255 13 33511 13 33764 16 34019 17 34271 21 34527 21 34783 21 35038 22 35294 22 35550 22 35796 5 35805 22 36049 32 36303 35 36558 37 36813 38 37068 40 37323 43 37579 45 37835 47 38091 47 38299 2 38347 39 38388 5 38553 5 38604 37 38645 4 38743 4 38809 6 38860 37 38996 8 39065 6 39115 38 39249 12 39321 7 39371 37 39504 13 39577 8 39626 37 39757 17 39833 8 39881 38 40012 18 40089 8 40137 38 40245 2 40266 21 40346 7 40393 36 40501 2 40521 22 40602 7 40649 32 40758 1 40775 24 40859 6 40906 29 41031 25 41115 5 41163 28 41283 2 41287 25 41372 3 41421 24 41539 1 41544 24 41676 22 41801 23 41930 20 42057 23 42185 19 42313 22 42439 20 42569 22 42693 22 42825 20 42949 23 43082 18 43205 24 43341 13 43461 25 43598 1 43604 6 43717 26 43861 3 43974 6 43981 18 44104 2 44230 5 44238 17 44487 3 44494 16 44750 5 44758 7 44858 5 45007 2 45015 6 45113 6 45273 2 45368 7 45406 4 45625 6 45661 6 45882 5 45907 1 45915 9 46138 5 46163 2 46169 12 46295 3 46395 6 46419 18 46551 4 46651 7 46675 18 46807 4 46908 6 46931 19 47062 7 47164 6 47187 18 47318 7 47421 4 47435 26 47574 7 47691 26 47830 7 47946 27 48086 7 48201 28 48341 8 48458 29 48585 2 48598 7 48715 28 48841 3 48855 6 48972 7 48980 19 49059 3 49095 6 49112 5 49229 26 49314 5 49347 10 49491 8 49500 9 49519 3 49569 6 49595 2 49601 11 49748 5 49759 6 49774 6 49824 7 49849 4 49857 11 50005 3 50017 5 50028 9 50079 8 50104 7 50113 10 50261 3 50274 4 50283 11 50335 8 50359 8 50369 10 50529 20 50590 10 50615 20 50785 20 50845 11 50870 20 51040 21 51101 12 51125 21 51295 22 51357 12 51380 21 51550 22 51613 13 51635 22 51805 24 51870 12 51891 21 52061 24 52127 12 52148 19 52316 26 52383 12 52405 18 52571 28 52639 14 52661 17 52827 29 52896 13 52917 16 53083 30 53117 4 53153 12 53174 12 53339 30 53372 5 53409 3 53413 8 53431 14 53594 41 53687 14 53835 2 53850 41 53943 14 54091 2 54109 36 54200 15 54347 2 54370 31 54456 16 54603 2 54614 1 54627 30 54712 16 54859 1 54869 3 54883 30 54968 16 55123 5 55139 31 55223 13 55237 3 55379 5 55395 30 55477 14 55635 5 55649 32 55729 14 55891 6 55905 32 55985 14 56147 7 56160 34 56242 14 56403 8 56415 36 56499 13 56660 47 56755 18 56916 48 57011 20 57172 49 57268 20 57426 51 57528 16 57680 53 57785 15 57935 54 58041 15 58187 57 58297 14 58442 58 58553 14 58697 58 58801 1 58809 13 58953 58 59056 3 59066 11 59208 58 59311 6 59323 8 59464 58 59567 6 59580 5 59719 58 59803 3 59824 5 59975 58 60058 5 60069 2 60081 3 60232 52 60311 9 60323 6 60488 52 60567 10 60578 8 60745 51 60822 21 61000 51 61077 22 61256 51 61333 6 61344 11 61512 51 61589 6 61601 10 61768 50 61843 7 61857 11 62023 51 62099 6 62113 11 62279 49 62355 6 62370 9 62535 49 62610 7 62627 8 62791 48 62867 5 62883 8 63047 48 63125 2 63131 4 63141 5 63303 48 63386 7 63399 2 63559 48 63642 7 63814 49 63898 8 64070 48 64154 8 64326 48 64409 8 64582 48 64665 7 64842 43 64922 5 65099 42 65355 2 65363 34 65414 5
689810,0 65536
692688,0 7170 7171 254 7430 250 7686 250 7943 249 8199 249 8455 249 8711 249 8968 248 9224 248 9481 247 9737 247 9994 246 10250 246 10507 245 10763 245 11019 245 11276 244 11532 244 11789 243 12045 243 12301 243 12557 243 12813 243 13070 242 13326 242 13583 241 13839 241 14095 241 14351 241 14607 241 14864 240 15120 240 15377 239 15633 239 15889 239 16145 239 16401 239 16658 238 16915 237 17171 237 17427 237 17684 236 17940 236 18197 235 18453 235 18709 235 18966 234 19222 234 19479 233 19735 233 19991 233 20247 233 20503 233 20759 233 21015 233 21273 231 21529 231 21785 231 22042 230 22299 229 22555 229 22811 229 23067 229 23323 229 23579 229 23836 228 24093 227 24349 227 24605 227 24861 227 25118 226 25375 225 25631 225 25887 225 26143 225 26399 225 26655 225 26912 224 27168 224 27425 223 27681 223 27937 223 28193 223 28450 222 28706 222 28963 221 29219 221 29475 221 29731 221 29987 221 30243 221 30499 221 30756 220 31013 219 31270 218 31527 217 31783 217 32038 218 32294 218 32551 217 32807 217 33065 215 33321 215 33577 215 33834 214 34089 215 34345 215 34601 215 34857 215 35113 215 35371 213 35627 213 35883 213 36139 213 36396 212 36653 211 36910 210 37167 209 37423 209 37679 209 37935 209 38192 208 38449 207 38705 207 38961 207 39217 207 39474 206 39731 205 39987 205 40243 205 40499 205 40756 204 41012 204 41269 203 41525 203 41781 203 42037 203 42293 203 42550 202 42807 201 43063 201 43320 200 43576 200 43832 200 44088 200 44345 199 44601 199 44858 198 45114 198 45371 197 45628 196 45884 196 46140 196 46397 195 46653 195 46909 195 47165 195 47423 193 47679 193 47935 193 48191 193 48448 192 48704 192 48961 191 49217 191 49474 190 49730 190 49986 190 50242 190 50499 189 50755 189 51011 189 51267 189 51525 187 51781 187 52037 187 52293 187 52549 187 52806 186 53063 185 53319 185 53575 185 53831 185 54088 184 54344 184 54600 184 54857 183 55113 183 55370 182 55627 181 55883 181 56139 181 56395 181 56651 181 56907 181 57164 180 57420 180 57676 180 57933 179 58189 179 58445 179 58703 177 58959 177 59215 177 59471 177 59728 176 59984 176 60240 176 60497 175 60754 174 61010 174 61267 173 61523 173 61779 173 62035 173 62294 170 62550 170 62807 169 63063 169 63319 169 63576 168 63833 167 64089 167 64347 3 64351 161 64603 2 64609 159 64868 156 65121 159 65376 4 65384 152
694806,75 2 85 23 127 32 184 31 330 7 342 22 383 32 441 24 586 9 599 21 639 32 697 22 827 2 841 10 855 21 895 32 953 20 1081 6 1093 17 1111 21 1151 32 1211 18 1336 32 1369 19 1408 31 1469 16 1592 52 1665 30 1726 16 1745 1 1751 3 1847 53 1923 28 1964 4 1983 16 2000 13 2103 53 2180 27 2220 4 2239 30 2359 52 2437 26 2476 4 2496 29 2535 4 2615 50 2695 24 2732 4 2753 28 2788 7 2871 37 2951 24 2989 2 3009 29 3043 9 3127 37 3208 23 3265 30 3298 10 3379 42 3465 14 3483 5 3520 45 3634 43 3723 11 3739 4 3775 46 3890 43 3982 5 4030 46 4146 43 4285 47 4402 42 4539 48 4658 41 4793 50 4915 38 5049 50 5171 38 5305 49 5427 35 5561 47 5684 33 5816 47 5941 32 6071 38 6113 4 6198 31 6327 37 6400 1 6459 26 6583 36 6656 1 6719 22 6840 35 6912 2 6989 8 7105 26 7168 2 7247 6 7361 26 7424 1 7618 25 7680 1 7874 25 7936 1 8130 25 8192 1 8386 25 8448 1 8641 25 8704 1 8897 24 8959 3 9153 23 9214 4 9408 27 9470 5 9661 34 9725 6 9917 35 9981 6 10175 34 10239 4 10425 2 10432 34 10496 3 10687 35 10752 3 10943 34 11008 3 11198 35 11249 4 11264 3 11453 37 11505 4 11520 3 11709 9 11724 23 11757 8 11776 3 11965 8 11983 20 12013 1 12016 5 12031 2 12223 6 12243 12 12286 2 12363 1 12480 5 12504 3 12541 3 12619 1 12798 2 12875 1 13055 1 13123 2 13256 5 13512 5 13524 3 13607 9 13768 6 13777 12 13862 11 14024 6 14032 14 14117 15 14288 18 14372 17 14544 19 14626 20 14801 18 14880 22 15057 18 15132 26 15313 19 15387 24 15570 17 15640 27 15827 16 15896 27 16084 15 16152 27 16323 5 16342 12 16408 31 16579 6 16599 10 16665 34 16835 6 16855 10 16921 35 17091 6 17111 11 17177 36 17347 6 17367 12 17433 36 17604 5 17623 12 17690 36 17808 5 17879 11 17946 36 18063 6 18135 10 18202 37 18319 6 18458 37 18574 7 18714 37 18830 7 18970 37 19081 1 19086 7 19226 37 19336 5 19344 3 19356 1 19482 37 19591 6 19601 2 19737 37 19847 7 19992 38 20103 7 20121 1 20247 39 20361 5 20503 38 20617 6 20759 38 21015 38 21271 38 21527 38 21783 38 22038 39 22293 40 22549 40 22805 40 23061 39 23317 38 23573 37 23831 34 24087 6 24094 27 24351 27 24608 27 24869 22 25125 22 25383 21 25639 22 25895 22 26151 22 26408 21 26665 20 26812 9 26903 3 26921 20 27067 12 27141 2 27157 9 27178 19 27323 12 27393 9 27411 13 27435 18 27579 13 27648 11 27667 14 27692 16 27835 13 27904 12 27920 18 27952 10 28090 15 28160 13 28175 20 28212 5 28346 15 28416 13 28430 21 28603 14 28672 13 28686 21 28827 2 28859 14 28928 35 29083 2 29115 14 29184 35 29339 2 29371 14 29440 35 29587 4 29627 14 29696 35 29841 10 29883 14 29952 35 30096 11 30141 10 30208 35 30351 13 30397 10 30464 35 30607 15 30654 7 30720 36 30862 18 30911 5 30976 36 31117 21 31232 36 31374 20 31488 36 31630 20 31744 35 31886 19 32000 34 32141 8 32151 9 32256 33 32397 6 32407 8 32512 32 32651 7 32667 1 32768 31 32907 6 33024 29 33163 5 33280 28 33420 3 33536 23 33792 22 33858 6 33868 3 34048 22 34112 17 34133 5 34159 8 34304 21 34368 18 34389 6 34415 8 34456 2 34560 23 34624 19 34645 5 34670 11 34707 10 34779 3 34816 23 34881 18 34901 5 34926 11 34962 12 35034 6 35072 25 35138 16 35158 3 35182 11 35217 13 35289 10 35321 6 35328 25 35395 14 35439 10 35473 13 35545 10 35575 33 35654 8 35695 10 35728 14 35800 12 35829 34 35912 4 35952 9 35984 13 36056 13 36085 11 36100 17 36209 8 36240 13 36312 13 36340 12 36358 13 36465 8 36497 12 36569 13 36596 12 36615 11 36722 7 36753 14 36825 13 36849 15 36872 9 36978 7 37008 15 37081 13 37105 15 37129 4 37233 9 37264 16 37338 12 37360 16 37489 10 37520 17 37594 12 37616 16 37745 10 37775 18 37850 11 37869 19 38000 12 38031 18 38095 1 38106 38 38252 18 38287 18 38347 8 38363 37 38507 20 38542 19 38601 10 38619 37 38762 23 38798 23 38852 60 39017 24 39054 27 39107 61 39272 26 39310 29 39363 61 39462 6 39527 28 39567 28 39618 62 39716 11 39783 28 39823 29 39873 59 39968 15 40037 30 40079 30 40129 57 40225 15 40292 31 40335 30 40384 55 40481 15 40547 32 40591 30 40640 54 40739 13 40801 33 40848 30 40894 55 40996 12 41057 33 41104 30 41145 59 41253 11 41310 35 41361 29 41399 59 41509 10 41565 36 41617 30 41654 61 41727 1 41767 8 41821 36 41874 31 41909 62 41982 2 42023 6 42076 37 42131 32 42165 62 42237 3 42283 1 42332 37 42387 98 42495 1 42517 3 42589 36 42644 97 42770 7 42845 36 42903 96 43023 10 43101 37 43163 92 43263 1 43273 17 43313 4 43337 6 43357 38 43421 99 43527 20 43569 5 43591 9 43613 38 43677 99 43781 31 43823 8 43845 13 43868 39 43933 99 44036 33 44079 8 44100 14 44124 39 44189 99 44291 35 44335 13 44356 15 44380 38 44446 98 44547 36 44591 14 44611 16 44637 37 44702 98 44802 37 44847 15 44867 18 44891 38 44959 97 45057 38 45103 15 45123 32 45159 26 45217 95 45313 37 45359 16 45379 32 45417 22 45477 91 45569 36 45615 16 45635 33 45673 22 45733 128 45869 19 45889 60 45991 124 46125 3 46129 73 46247 120 46385 72 46503 120 46641 71 46759 119 46896 73 47014 120 47152 75 47262 3 47269 120 47408 77 47507 2 47517 128 47664 79 47763 3 47773 128 47920 82 48016 8 48029 128 48177 82 48271 12 48285 128 48433 83 48524 146 48688 85 48779 146 48944 86 49032 149 49199 209 49409 28 49455 209 49665 28 49710 210 49921 28 49965 211 50177 27 50220 181 50403 29 50433 26 50477 181 50659 29 50689 26 50733 108 50844 71 50922 22 50945 24 50989 104 51103 68 51179 21 51203 22 51245 103 51359 69 51435 21 51462 18 51501 102 51616 68 51691 21 51718 18 51757 102 51871 70 51946 22 51974 18 52013 101 52125 99 52230 18 52269 101 52380 100 52486 17 52525 102 52634 102 52742 17 52781 102 52889 103 52999 16 53037 211 53254 17 53293 17 53311 214 53551 12 53571 210 53808 11 53827 208 54069 4 54083 206 54339 204 54595 61 54666 134 54850 57 54909 2 54922 118 55041 15 55105 58 55178 118 55297 15 55358 61 55435 117 55553 16 55613 25 55639 37 55691 117 55809 15 55868 18 55888 4 55895 38 55947 117 56066 14 56124 18 56151 42 56203 117 56322 13 56380 18 56407 43 56459 117 56579 12 56633 1 56636 19 56664 43 56714 118 56836 10 56888 3 56895 17 56920 7 56935 29 56970 118 57093 7 57143 4 57153 16 57176 2 57193 129 57328 16 57350 5 57399 3 57409 16 57432 2 57449 129 57586 14 57656 2 57666 17 57705 128 57844 12 57912 1 57922 17 57958 1 57961 128 58101 11 58178 17 58199 4 58212 133 58357 11 58434 17 58455 4 58467 134 58614 10 58689 18 58709 7 58723 143 58868 12 58945 18 58965 7 58979 157 59200 17 59221 8 59235 157 59456 14 59478 7 59491 5 59498 150 59713 10 59736 4 59757 147 59969 10 59995 1 60013 147 60225 9 60270 146 60434 1 60482 7 60526 146 60687 5 60739 6 60782 146 60943 5 60995 6 61037 147 61197 8 61254 3 61292 148 61453 7 61548 77 61626 70 61710 5 61803 61 61875 2 61885 67 61968 1 62059 60 62141 67 62315 59 62398 66 62571 58 62655 65 62827 56 62912 64 63083 30 63114 25 63168 64 63340 29 63371 23 63425 63 63595 29 63627 23 63684 60 63765 4 63850 28 63883 22 63941 59 64021 5 64068 3 64096 2 64105 28 64140 21 64198 58 64276 6 64325 4 64359 30 64397 20 64453 59 64532 6 64581 7 64591 3 64614 30 64653 19 64709 59 64787 7 64837 14 64869 30 64915 13 64965 59 65043 7 65071 4 65093 13 65127 28 65171 13 65220 60 65299 6 65325 11 65351 11 65383 27 65429 11 65475 61
695503,0 65536
701596,7 68 95 56 161 2 182 40 238 18 262 68 352 55 438 40 495 17 518 67 608 55 689 1 695 39 751 17 774 65 864 55 943 46 1008 16 1029 65 1119 56 1197 48 1264 84 1375 56 1441 1 1451 50 1521 84 1631 55 1695 6 1707 48 1777 84 1887 45 1933 5 1949 58 2035 82 2143 42 2205 31 2238 9 2251 10 2297 46 2345 28 2400 41 2459 44 2510 7 2557 41 2601 28 2657 40 2714 45 2767 7 2816 10 2827 15 2846 7 2858 27 2920 32 2969 45 3023 6 3072 9 3084 14 3103 6 3115 25 3177 31 3225 45 3279 6 3328 8 3341 14 3371 22 3435 28 3481 44 3537 3 3584 8 3598 12 3628 19 3691 28 3737 44 3793 2 3840 8 3854 11 3885 15 3947 28 3993 38 4096 8 4111 10 4143 11 4203 27 4249 38 4352 8 4368 7 4459 22 4505 37 4608 8 4626 2 4717 2 4722 13 4761 37 4864 7 4981 8 5017 37 5117 10 5240 5 5273 37 5327 4 5369 15 5526 41 5581 7 5625 16 5776 4 5781 42 5837 8 5880 18 6031 48 6092 11 6104 6 6134 21 6287 48 6347 20 6390 21 6542 48 6605 20 6645 23 6797 48 6862 19 6901 24 7051 47 7119 18 7157 24 7305 48 7376 17 7414 23 7560 47 7637 13 7672 22 7815 48 7893 14 7929 22 8013 2 8063 42 8109 8 8147 16 8186 21 8267 4 8319 40 8365 8 8402 17 8443 22 8526 1 8575 40 8622 5 8657 18 8698 23 8831 40 8879 3 8912 18 8954 23 9087 40 9168 18 9208 25 9343 39 9424 18 9464 22 9599 39 9681 17 9719 22 9855 39 9937 17 9975 19 10111 39 10193 16 10231 19 10366 40 10449 16 10487 19 10622 40 10705 16 10743 19 10878 40 10961 16 11000 18 11133 40 11216 15 11257 17 11389 40 11470 15 11513 17 11619 8 11645 40 11724 13 11769 16 11874 10 11901 40 11980 12 12026 15 12128 13 12145 4 12157 38 12236 11 12283 14 12355 1 12383 14 12401 5 12413 38 12492 11 12541 10 12609 6 12639 24 12668 37 12748 11 12800 7 12863 10 12895 25 12924 37 12977 4 13004 12 13056 7 13119 12 13151 26 13179 38 13231 7 13260 12 13312 7 13375 14 13407 26 13434 39 13487 8 13516 12 13568 6 13631 14 13654 4 13663 66 13731 2 13743 11 13773 11 13824 6 13887 14 13909 6 13920 61 13985 4 13999 12 14029 10 14080 6 14127 11 14142 17 14165 6 14176 60 14240 5 14253 16 14285 10 14336 6 14382 33 14420 8 14432 59 14496 5 14507 19 14529 1 14542 9 14592 6 14633 40 14675 10 14687 60 14752 5 14763 26 14799 8 14848 6 14888 116 15006 4 15018 27 15055 8 15103 7 15143 122 15273 29 15312 6 15357 10 15399 104 15504 17 15529 30 15569 5 15612 11 15655 102 15767 10 15784 32 15866 13 15910 101 16024 9 16039 34 16121 14 16163 51 16218 46 16280 49 16377 15 16419 51 16474 41 16536 49 16632 16 16649 2 16674 51 16731 40 16781 2 16792 49 16888 23 16929 45 16987 40 17036 3 17048 49 17144 24 17185 44 17243 40 17291 4 17304 49 17400 24 17441 44 17499 40 17547 4 17560 49 17655 14 17670 11 17697 43 17756 40 17815 50 17910 15 17927 10 17953 42 18012 40 18071 50 18154 6 18165 16 18183 12 18209 43 18269 39 18327 49 18407 30 18439 12 18466 43 18525 40 18583 48 18663 47 18722 45 18785 36 18839 44 18917 50 18978 41 19020 3 19044 33 19095 44 19166 57 19234 35 19272 1 19277 2 19301 32 19351 44 19398 2 19418 61 19482 43 19557 32 19607 45 19653 3 19672 63 19737 42 19813 32 19863 45 19909 4 19927 63 19993 42 20069 32 20119 45 20165 4 20183 62 20247 44 20327 30 20376 43 20422 2 20437 63 20503 44 20584 29 20633 42 20678 2 20693 55 20757 46 20841 18 20861 7 20890 38 20949 57 21012 48 21098 15 21119 5 21147 36 21204 60 21266 50 21355 14 21377 2 21405 32 21460 111 21611 13 21661 32 21717 108 21869 9 21917 32 21973 108 22126 7 22173 31 22229 108 22343 6 22368 5 22429 32 22486 106 22599 6 22623 6 22685 32 22743 105 22853 10 22879 6 22941 33 23000 104 23109 10 23135 6 23197 34 23257 103 23365 11 23391 6 23455 34 23504 4 23515 101 23621 11 23647 6 23717 28 23759 6 23771 102 23877 11 23903 4 23975 6 23986 7 23995 6 24013 9 24025 39 24065 64 24133 11 24160 3 24180 3 24231 6 24243 4 24251 5 24269 10 24281 39 24323 37 24365 22 24388 11 24427 2 24435 6 24487 9 24499 5 24509 26 24537 39 24579 36 24622 32 24681 7 24691 6 24743 11 24757 4 24766 25 24792 40 24836 25 24878 28 24936 17 24998 20 25021 66 25093 24 25134 26 25191 18 25253 23 25277 65 25349 22 25390 25 25446 19 25508 88 25605 18 25626 2 25646 25 25701 20 25763 88 25861 13 25882 4 25902 25 25955 24 26016 90 26117 12 26138 5 26158 25 26211 24 26263 4 26270 91 26371 12 26413 26 26466 26 26515 101 26627 10 26667 28 26721 28 26769 102 26882 9 26921 30 26977 35 27024 101 27138 9 27176 31 27233 36 27280 101 27394 9 27431 34 27466 2 27489 37 27535 100 27649 10 27686 38 27745 37 27790 101 27905 10 27942 38 28000 39 28044 102 28161 10 28198 38 28255 41 28299 103 28416 12 28453 40 28509 149 28672 12 28710 39 28765 149 28928 12 28966 39 29019 148 29169 2 29184 13 29222 39 29275 148 29425 2 29440 13 29478 40 29530 149 29681 2 29696 13 29734 40 29786 154 29952 14 29990 40 30042 153 30208 15 30246 40 30287 2 30298 153 30464 15 30502 45 30554 157 30720 15 30759 46 30809 159 30976 15 31015 41 31057 7 31065 160 31232 15 31271 40 31314 189 31527 40 31571 186 31784 38 31829 3 31834 177 32041 28 32071 6 32092 173 32300 25 32327 6 32348 173 32557 8 32566 13 32584 2 32605 171 32813 2 32824 10 32860 172 33041 6 33066 5 33116 172 33297 6 33308 3 33321 6 33372 172 33549 11 33561 8 33576 8 33628 159 33789 11 33804 22 33832 8 33884 159 34045 11 34059 24 34087 10 34139 173 34315 26 34343 10 34394 215 34647 219 34902 165 35069 53 35157 166 35326 52 35413 166 35583 15 35603 32 35669 165 35839 15 35859 32 35925 165 36096 14 36115 31 36184 115 36305 41 36352 13 36371 30 36441 112 36565 37 36608 13 36627 30 36697 112 36821 37 36864 13 36883 29 36953 113 37076 38 37120 11 37139 26 37210 113 37332 37 37376 11 37395 24 37466 113 37587 38 37632 11 37651 22 37723 113 37843 37 37888 11 37904 2 37907 22 37955 4 37979 113 38099 36 38144 11 38162 21 38210 12 38235 113 38354 36 38400 11 38418 19 38465 14 38491 113 38609 36 38656 12 38673 18 38721 16 38748 111 38864 37 38912 13 38929 16 38977 16 39005 109 39119 38 39168 13 39183 16 39233 17 39261 96 39362 7 39375 38 39424 31 39489 18 39517 95 39619 5 39631 38 39680 25 39745 18 39775 93 39888 37 39936 23 40001 19 40031 93 40144 37 40192 21 40256 21 40288 91 40401 34 40448 20 40511 22 40545 89 40657 34 40706 17 40764 25 40803 86 40914 32 40963 16 41002 2 41019 27 41062 1 41068 75 41171 31 41209 2 41225 10 41257 4 41274 28 41325 71 41427 28 41460 12 41481 9 41514 3 41529 29 41582 69 41684 44 41737 7 41775 39 41839 68 41940 44 41993 6 42031 39 42095 68 42197 43 42249 6 42287 38 42353 15 42375 44 42452 44 42505 6 42543 38 42593 3 42610 14 42632 43 42708 44 42762 5 42798 39 42846 9 42869 10 42889 43 42963 45 43018 5 43054 38 43101 10 43125 10 43145 43 43217 47 43275 4 43309 38 43357 10 43382 8 43401 42 43471 49 43531 4 43564 39 43613 9 43639 6 43656 43 43727 49 43809 51 43869 8 43912 8 43923 8 43936 19 43981 51 44064 52 44125 8 44168 8 44179 8 44194 16 44235 53 44319 54 44381 7 44425 7 44453 12 44491 53 44575 54 44638 5 44681 7 44709 12 44747 53 44830 55 44896 2 44938 7 44967 10 45003 53 45085 56 45194 7 45223 10 45261 51 45341 55 45451 6 45481 2 45505 2 45518 50 45597 55 45667 1 45708 5 45737 2 45745 1 45756 1 45759 4 45775 49 45852 56 45923 2 45993 28 46031 49 46108 56 46178 3 46249 28 46288 48 46364 59 46435 1 46505 30 46544 48 46620 59 46761 30 46800 48 46876 68 47017 32 47056 48 47132 71 47272 33 47312 48 47389 71 47527 37 47567 49 47645 74 47783 89 47903 74 48037 91 48163 70 48279 2 48293 91 48422 67 48533 6 48549 91 48649 2 48657 4 48679 67 48789 7 48804 92 48903 24 48935 68 49044 9 49059 93 49158 26 49192 67 49293 4 49299 11 49315 93 49413 29 49448 67 49539 125 49669 30 49703 68 49795 125 49925 31 49959 67 50049 127 50181 32 50215 67 50303 129 50437 99 50558 130 50692 99 50814 130 50948 95 51070 130 51203 94 51327 129 51459 94 51583 129 51713 96 51839 226 52097 224 52353 224 52615 218 52872 217 53128 119 53248 97 53384 119 53504 98 53627 8 53639 118 53760 98 53882 10 53895 117 54016 98 54137 129 54272 98 54393 128 54528 98 54648 128 54784 98 54903 128 55040 39 55081 32 55117 22 55155 132 55296 37 55337 32 55374 21 55408 134 55552 35 55595 1 55601 15 55621 4 55631 20 55661 137 55808 35 55858 13 55878 2 55887 20 55917 137 56064 35 56115 12 56131 4 56143 20 56172 137 56320 36 56371 12 56387 4 56399 20 56428 137 56576 37 56627 21 56655 20 56685 137 56832 37 56883 22 56911 20 56941 113 57057 21 57088 37 57140 21 57167 6 57175 12 57197 108 57313 22 57344 37 57397 20 57424 3 57431 12 57453 108 57569 23 57600 37 57653 20 57689 10 57707 108 57823 26 57856 37 57910 19 57945 10 57963 108 58079 26 58111 36 58167 18 58203 7 58219 111 58334 27 58367 35 58423 18 58461 5 58475 142 58623 34 58680 18 58731 142 58879 34 58937 17 58987 142 59135 34 59193 18 59219 1 59243 142 59391 35 59449 18 59473 7 59499 142 59647 19 59668 15 59707 15 59728 14 59754 141 59904 15 59924 15 59965 13 59984 15 60010 141 60160 13 60181 13 60225 10 60240 16 60266 141 60416 13 60437 13 60485 6 60497 16 60523 140 60672 11 60693 12 60743 6 60751 18 60779 140 60928 11 60949 12 60999 26 61035 140 61184 10 61205 10 61256 25 61291 140 61440 9 61461 9 61512 27 61545 142 61696 7 61768 175 61952 7 62024 175 62279 178 62535 178 62789 153 62944 25 63042 143 63189 4 63201 24 63295 143 63459 22 63551 143 63715 23 63807 143 63973 21 63998 2 64063 71 64135 71 64231 28 64285 2 64320 67 64393 70 64491 26 64525 1 64541 2 64576 54 64631 12 64650 69 64747 38 64797 3 64832 53 64890 7 64907 68 65007 34 65053 2 65087 54 65147 6 65163 68 65266 33 65341 20 65367 30 65406 1 65420 32 65455 32 65526 10
702433,0 9713 9716 254 9971 4108 14080 255 14336 255 14592 253 14848 253 15104 250 15360 249 15616 245 15872 239 16128 237 16384 237 16640 236 16896 236 17152 236 17408 237 17664 245 17920 246 18176 247 18432 247 18688 248 18944 249 19200 249 19456 249 19712 249 19968 248 20224 248 20480 247 20736 247 20992 247 21248 247 21504 247 21760 247 22016 247 22272 247 22528 247 22784 247 23040 248 23296 255 23552 255 23808 22181 46003 240 46260 237 46516 237 46772 235 47028 231 47285 228 47541 201 47743 25 47797 200 48000 11 48013 9 48054 199 48257 8 48270 7 48310 199 48513 8 48528 3 48567 198 48768 8 48823 198 49023 8 49079 199 49279 9 49335 199 49535 9 49589 212 49844 213 50098 215 50353 219 50609 220 50864 222 51120 222 51377 222 51635 220 51893 218 52151 216 52407 217 52665 215 52922 215 53179 214 53437 214 53694 215 53951 223 54209 222 54467 222 54725 221 54983 220 55240 219 55497 218 55753 219 56009 220 56266 219 56523 218 56779 218 57035 219 57292 218 57548 219 57805 218 58061 218 58318 217 58574 218 58831 218 59066 3 59088 217 59309 18 59345 240 59601 241 59857 242 60114 241 60371 240 60627 239 60883 239 61140 237 61397 236 61653 236 61908 237 62163 239 62407 6 62416 243 62661 2875
711772,21027 1 21281 4 21538 3 23333 4 23588 5 23842 7 24097 9 24352 12 24378 10 24608 13 24633 11 24862 17 24889 12 25117 18 25145 12 25373 18 25401 13 25628 19 25657 13 25883 19 25916 10 26139 19 26173 9 26394 19 26432 5 26649 20 26905 20 27161 19 27417 18 27673 6 27681 10 27931 1 27944 1
715702,0 65536
719371,0 13 102 1 123 56 185 10 200 69 379 56 443 8 455 70 639 51 699 8 711 6 719 62 895 52 955 9 966 7 975 63 1148 1 1151 52 1211 9 1221 74 1403 56 1467 60 1533 19 1659 56 1723 9 1733 50 1791 19 1908 1 1915 56 1981 4 1992 47 2048 19 2163 4 2171 56 2238 2 2249 46 2304 24 2419 4 2427 56 2506 45 2560 27 2674 5 2683 56 2763 44 2816 29 2883 1 2929 7 2939 56 3027 35 3072 29 3136 6 3184 67 3260 1 3283 35 3328 29 3391 8 3440 67 3515 2 3541 32 3584 29 3647 8 3697 66 3771 2 3800 29 3840 29 3880 7 3903 8 3957 62 4027 2 4059 26 4096 29 4135 9 4159 8 4214 61 4283 2 4315 26 4352 28 4391 9 4414 9 4471 61 4537 4 4572 25 4608 27 4646 10 4669 10 4727 62 4793 5 4828 25 4864 27 4902 9 4925 10 4983 61 5048 6 5085 24 5120 26 5159 8 5181 10 5239 60 5305 4 5341 24 5376 26 5438 7 5495 59 5597 26 5632 26 5695 6 5751 59 5825 1 5853 26 5888 27 6007 60 6081 1 6108 26 6144 27 6262 61 6337 2 6364 25 6400 27 6517 64 6593 1 6618 23 6656 28 6773 64 6849 1 6873 23 6912 28 7029 65 7103 3 7127 24 7168 28 7284 66 7357 5 7383 23 7424 29 7537 70 7612 6 7638 23 7680 29 7792 71 7868 5 7893 24 7936 29 8047 72 8149 22 8192 29 8303 72 8404 23 8448 30 8557 74 8659 23 8702 33 8812 75 8915 23 8957 34 9067 76 9171 23 9211 36 9323 76 9426 23 9467 37 9579 72 9681 2 9685 4 9691 12 9721 39 9835 70 9937 2 9942 15 9977 38 10091 68 10193 18 10233 37 10346 67 10449 16 10488 36 10602 66 10708 14 10745 34 10858 66 10964 14 11001 32 11113 67 11220 14 11259 30 11369 68 11476 13 11515 28 11626 6 11633 60 11733 12 11771 28 11883 2 11889 60 11989 11 12027 28 12144 61 12246 9 12283 28 12399 62 12503 8 12538 30 12656 59 12743 1 12760 7 12781 43 12912 58 12998 3 13017 6 13035 46 13168 57 13251 6 13273 7 13290 47 13424 58 13508 1 13530 6 13545 48 13681 58 13787 6 13801 48 13937 58 14043 7 14057 52 14193 58 14299 8 14313 54 14449 57 14555 8 14569 56 14707 55 14811 8 14824 58 14963 54 15067 9 15080 59 15226 47 15324 71 15483 46 15580 71 15741 12 15755 30 15837 70 15940 3 15997 11 16013 27 16093 70 16195 7 16253 10 16271 13 16288 6 16324 4 16350 69 16451 8 16509 9 16529 10 16580 4 16606 69 16706 9 16766 7 16788 1 16837 4 16863 18 16887 44 16962 9 17023 6 17094 2 17119 17 17143 42 17192 4 17219 8 17234 3 17376 15 17399 42 17447 6 17475 8 17489 4 17632 15 17655 41 17701 10 17731 7 17744 5 17888 14 17910 41 17956 13 17989 4 17999 7 18144 14 18166 39 18211 15 18256 7 18401 14 18421 40 18466 17 18512 7 18657 14 18677 40 18722 16 18768 7 18881 2 18914 14 18933 40 18979 13 19024 7 19081 4 19136 3 19171 13 19189 40 19235 10 19281 6 19335 6 19383 12 19434 7 19445 39 19493 6 19537 6 19589 8 19639 12 19691 6 19700 39 19793 4 19844 9 19885 4 19897 2 19901 6 19926 5 19951 2 19955 39 20050 3 20099 10 20141 5 20153 2 20157 6 20181 7 20207 42 20307 1 20357 8 20396 7 20414 5 20435 10 20463 41 20613 8 20652 7 20671 4 20690 11 20719 40 20869 8 20908 7 20945 13 20973 42 21125 7 21164 7 21201 15 21229 40 21381 6 21421 6 21457 20 21483 42 21637 5 21677 6 21713 21 21739 40 21880 2 21893 4 21934 4 21968 67 22135 4 22149 3 22190 4 22224 66 22392 2 22405 3 22447 2 22467 5 22479 67 22649 1 22661 3 22719 10 22734 67 22841 9 22963 6 22971 16 22989 68 23097 10 23219 93 23354 10 23475 92 23611 9 23731 91 23868 7 23987 16 24006 70 24124 7 24243 14 24263 66 24381 6 24397 10 24500 10 24519 65 24637 6 24652 11 24756 8 24775 64 24893 5 24907 13 25004 1 25013 6 25031 64 25147 7 25162 15 25259 2 25269 6 25286 65 25401 9 25415 18 25453 10 25515 3 25526 6 25541 65 25657 32 25709 10 25771 2 25783 5 25797 64 25913 33 25965 11 26039 6 26053 64 26168 34 26221 11 26296 5 26309 64 26423 36 26476 13 26553 6 26565 63 26679 36 26732 13 26809 7 26822 61 26886 3 26926 47 26987 14 27066 7 27078 68 27159 2 27181 48 27243 14 27322 7 27334 58 27393 11 27411 8 27435 50 27498 15 27578 7 27591 57 27649 12 27667 8 27689 53 27753 16 27834 7 27847 84 27943 56 28005 20 28091 6 28104 9 28128 59 28198 59 28259 22 28347 6 28360 8 28386 30 28422 20 28453 87 28605 4 28617 6 28643 29 28679 18 28709 88 28861 4 28873 6 28899 29 28937 16 28964 90 29118 6 29128 7 29155 29 29194 13 29220 90 29374 18 29411 29 29451 11 29477 90 29630 24 29668 28 29708 10 29733 90 29885 27 29924 28 29964 11 29987 92 30141 29 30181 27 30221 10 30239 96 30397 30 30437 27 30477 13 30492 99 30655 30 30693 27 30733 114 30919 24 30949 27 30989 114 31110 2 31177 24 31205 27 31245 113 31365 5 31433 26 31461 27 31501 113 31620 8 31689 55 31757 113 31875 9 31945 55 32012 115 32131 10 32202 54 32268 115 32386 11 32458 54 32514 1 32523 117 32641 12 32667 6 32714 58 32779 130 32923 8 32970 59 33034 131 33177 10 33226 54 33281 6 33289 133 33433 11 33482 54 33537 141 33689 12 33737 55 33793 142 33944 13 33993 55 34049 142 34199 14 34249 55 34305 142 34455 14 34505 55 34561 143 34711 14 34760 200 34970 11 35016 201 35230 3 35271 202 35528 201 35785 200 36041 200 36297 200 36553 199 36809 199 37064 200 37319 202 37575 204 37831 204 38087 202 38343 201 38599 199 38855 198 39111 198 39368 196 39624 195 39880 12 39896 179 40135 12 40153 177 40391 195 40646 195 40902 195 41159 189 41349 2 41415 192 41673 189 41931 187 42189 185 42447 183 42703 182 42961 180 43219 178 43477 176 43734 174 43991 172 44248 171 44503 172 44759 62 44825 105 45015 62 45081 105 45271 61 45338 104 45526 62 45593 105 45782 63 45848 106 46038 63 46103 107 46294 63 46358 108 46550 173 46806 50 46858 121 47062 50 47114 121 47318 50 47371 120 47575 49 47628 118 47831 49 47885 117 48088 48 48141 116 48345 48 48399 114 48571 6 48601 48 48656 113 48827 6 48857 49 48913 112 49082 8 49111 51 49170 111 49338 8 49363 56 49427 110 49594 8 49618 57 49683 110 49851 7 49874 59 49940 109 50108 6 50131 58 50197 108 50365 5 50387 58 50453 108 50621 6 50649 52 50709 108 50860 1 50877 6 50906 51 50965 108 51116 2 51133 7 51162 51 51221 108 51389 7 51418 51 51477 109 51646 9 51674 51 51734 109 51902 9 51930 51 51991 108 52159 9 52185 52 52247 108 52415 9 52441 52 52505 106 52674 5 52693 56 52761 106 52932 1 52948 57 53017 106 53136 3 53203 59 53273 106 53392 4 53458 61 53529 105 53648 5 53681 1 53709 66 53782 108 53904 6 53937 1 53963 68 54037 107 54160 7 54193 1 54217 71 54293 106 54416 7 54449 1 54472 72 54549 106 54672 7 54727 73 54805 106 54928 7 54983 74 55061 7 55074 93 55184 7 55238 75 55318 5 55331 92 55441 5 55494 76 55575 4 55589 90 55750 9 55760 67 55831 4 55845 91 56006 9 56016 75 56101 94 56256 3 56262 9 56272 75 56357 94 56511 5 56517 86 56613 96 56767 92 56869 96 57023 15 57039 64 57105 10 57126 96 57279 14 57296 63 57361 10 57383 95 57535 13 57553 61 57619 8 57640 95 57793 11 57810 60 57875 8 57897 94 58049 11 58067 59 58131 8 58154 93 58308 9 58324 58 58388 7 58410 93 58565 8 58581 57 58644 8 58667 92 58822 8 58838 56 58899 10 58923 8 58932 83 59079 7 59094 56 59155 10 59179 6 59189 81 59335 8 59351 54 59410 11 59435 4 59445 80 59593 4 59607 54 59665 4 59670 7 59701 79 59865 52 59921 4 59927 5 59957 78 60122 51 60177 4 60185 3 60200 1 60215 76 60380 49 60433 4 60442 2 60456 1 60471 75 60637 48 60687 6 60712 2 60729 73 60893 48 60943 6 60968 2 60986 72 61149 48 61199 5 61224 3 61243 71 61405 48 61455 6 61500 69 61660 49 61710 9 61757 68 61916 59 62013 68 62172 58 62269 67 62428 57 62526 66 62684 50 62737 3 62783 65 62940 49 63041 63 63196 49 63298 62 63452 49 63554 62 63709 48 63758 5 63810 62 63965 55 64066 61 64221 52 64321 62 64475 52 64577 62 64729 54 64834 61 64985 54 65091 60 65240 56 65351 55 65495 41
722180,0 232 256 231 512 231 768 231 1024 231 1280 26 1309 202 1536 26 1565 203 1792 27 1823 202 2048 28 2079 202 2304 29 2334 203 2560 233 2816 233 3072 233 3328 234 3584 234 3840 234 4096 234 4352 235 4608 235 4864 235 5120 236 5376 236 5632 237 5888 237 6144 237 6400 237 6656 237 6912 237 7168 237 7424 237 7680 238 7936 239 8192 239 8448 239 8704 239 8960 239 9216 239 9472 240 9728 240 9984 240 10240 240 10496 240 10752 241 11008 241 11264 241 11520 241 11776 241 12032 241 12288 242 12544 242 12800 242 13056 242 13312 242 13568 242 13824 242 14080 243 14336 243 14592 243 14848 244 15104 245 15360 245 15616 245 15872 245 16128 245 16384 245 16640 246 16896 246 17152 247 17408 247 17664 247 17920 247 18175 248 18429 251 18685 251 18941 252 19197 252 19453 252 19709 252 19965 252 20222 252 20477 253 20733 254 20990 253 21247 252 21504 251 21760 251 22016 251 22272 251 22528 251 22784 252 23040 252 23296 252 23552 252 23808 253 24064 253 24320 253 24576 253 24832 253 25088 253 25344 255 25600 255 25856 255 26112 18696 44809 253 45068 245 45326 242 45583 241 45839 241 46096 240 46353 242 46613 242 46859 6 46871 251 47128 251 47391 245 47647 246 47904 245 48161 244 48417 244 48673 244 48929 242 49185 239 49443 237 49700 236 49960 233 50219 230 50475 230 50731 230 50987 230 51243 230 51499 230 51755 230 52011 228 52267 227 52523 226 52780 225 53039 158 53202 59 53295 152 53448 5 53457 61 53552 151 53713 61 53808 152 53964 67 54063 224 54319 224 54575 224 54830 225 55084 226 55339 227 55593 196 55796 26 55849 196 56060 18 56104 199 56320 14 56359 200 56576 15 56615 201 56832 15 56871 202 57088 15 57126 203 57344 16 57382 203 57600 17 57638 203 57856 17 57894 203 58112 18 58151 202 58368 19 58407 202 58624 19 58663 202 58880 18 58919 202 59136 18 59175 202 59392 17 59432 200 59648 16 59691 196 59904 16 59948 195 60160 15 60205 78 60285 114 60416 13 60461 27 60490 47 60543 112 60672 12 60717 25 60749 43 60799 113 60928 11 60973 24 61006 41 61055 114 61229 22 61263 39 61311 116 61440 3 61485 22 61519 38 61566 117 61693 2 61696 4 61743 20 61775 36 61820 121 61944 12 61999 20 62030 36 62075 138 62258 16 62285 36 62332 137 62516 13 62541 36 62588 137 62773 12 62797 38 62840 141 63031 9 63053 184 63309 184 63565 184 63821 184 64076 183 64332 182 64587 182 64780 3 64843 181 65036 4 65099 181 65291 5 65355 181
726981,41 4 51 1 110 5 296 5 305 4 366 3 551 8 561 6 807 16 1063 17 1319 19 1389 2 1506 6 1575 19 1646 1 1761 8 1830 20 2016 10 2086 20 2272 11 2342 20 2527 14 2598 19 2781 18 2854 19 3036 21 3111 17 3292 21 3367 14 3435 1 3547 23 3577 4 3623 13 3803 24 3833 5 3881 8 4059 23 4086 8 4137 8 4315 23 4339 12 4570 24 4595 12 4822 28 4851 12 5076 29 5107 11 5332 28 5363 10 5431 6 5587 28 5619 9 5681 12 5843 28 5876 8 5935 16 6100 26 6132 9 6190 17 6356 26 6388 9 6400 1 6445 19 6612 24 6644 9 6656 2 6701 19 6867 24 6899 9 6912 3 6955 21 7123 24 7155 9 7168 3 7210 22 7378 26 7411 8 7424 3 7465 23 7627 34 7667 7 7680 2 7721 24 7882 36 7923 6 7936 1 7977 28 8138 47 8233 28 8394 45 8489 30 8649 50 8745 30 8905 50 9001 31 9159 53 9257 31 9416 52 9512 32 9672 52 9767 33 9928 52 10022 34 10183 52 10278 34 10439 52 10533 34 10695 52 10789 34 10950 53 11044 35 11205 54 11299 36 11461 54 11554 36 11717 54 11810 36 11972 53 12065 38 12226 53 12321 38 12444 1 12481 53 12575 39 12698 5 12737 38 12776 12 12831 39 12952 9 12994 34 13086 40 13201 18 13253 3 13258 25 13341 40 13455 22 13514 23 13597 40 13709 26 13769 20 13853 40 13963 28 14025 20 14109 41 14217 31 14281 18 14365 42 14472 32 14537 18 14622 41 14726 34 14791 18 14846 2 14879 40 14981 35 15047 16 15090 3 15100 4 15135 40 15236 35 15303 15 15325 8 15344 16 15391 40 15492 35 15559 15 15581 12 15600 16 15646 42 15739 44 15815 14 15836 36 15901 43 15993 46 16071 14 16092 36 16153 47 16246 49 16328 11 16349 35 16408 48 16499 52 16584 11 16605 35 16663 49 16753 55 16819 8 16841 8 16859 37 16919 49 17007 57 17068 2 17071 14 17097 7 17113 39 17175 48 17261 82 17355 2 17368 40 17431 48 17517 82 17623 41 17687 48 17773 83 17879 41 17944 46 18028 84 18134 42 18199 46 18284 83 18390 42 18455 45 18540 83 18634 1 18645 43 18711 44 18796 83 18901 43 18966 44 19052 83 19157 43 19221 44 19309 82 19413 43 19476 45 19565 82 19668 44 19731 45 19819 86 19923 45 19987 45 20075 86 20178 46 20242 45 20329 90 20432 48 20497 45 20584 91 20687 49 20751 46 20839 92 20943 49 21005 48 21095 92 21199 49 21259 50 21350 93 21455 49 21515 50 21606 93 21711 49 21769 52 21861 92 21966 49 22025 52 22117 91 22221 50 22279 55 22373 91 22476 52 22535 56 22629 91 22731 53 22790 57 22885 91 22986 54 23046 57 23139 93 23242 54 23301 58 23394 93 23497 55 23557 57 23649 94 23752 56 23813 56 23904 95 24007 57 24068 57 24159 95 24263 57 24325 49 24414 91 24507 69 24581 48 24669 92 24764 68 24837 48 24925 57 24987 6 24994 23 25021 67 25095 3 25101 40 25181 56 25243 4 25250 23 25277 67 25359 37 25436 55 25500 1 25506 23 25533 67 25615 36 25691 56 25762 23 25788 68 25871 34 25947 54 26018 94 26127 34 26203 52 26274 94 26383 32 26459 51 26531 93 26639 24 26665 4 26715 51 26787 93 26893 24 26971 50 27043 93 27149 24 27227 49 27299 99 27404 25 27484 47 27555 3 27569 86 27660 25 27740 47 27812 1 27825 116 27997 46 28081 116 28253 45 28337 114 28509 44 28595 110 28765 43 28851 106 28975 2 29022 36 29109 105 29279 34 29365 105 29542 26 29621 105 29799 24 29877 6 29887 96 30055 22 30133 6 30143 96 30312 21 30389 6 30399 96 30567 21 30645 6 30655 96 30821 22 30901 7 30909 98 31074 24 31157 106 31328 25 31414 105 31577 25 31670 105 31831 27 31927 104 32086 29 32183 104 32341 30 32439 105 32597 30 32695 105 32853 30 32952 104 33110 28 33208 104 33367 27 33465 103 33623 25 33722 102 33879 25 33978 101 34136 23 34235 98 34393 22 34491 96 34651 19 34748 95 34909 16 35005 93 35167 13 35262 93 35407 4 35424 11 35517 94 35661 8 35773 94 35907 4 35917 9 36028 95 36163 7 36173 10 36282 97 36419 8 36429 10 36537 98 36674 9 36684 12 36792 99 36930 22 37047 100 37186 22 37303 100 37443 21 37559 99 37699 7 37709 11 37814 57 37873 14 37888 26 37955 5 37966 10 38070 57 38129 14 38144 25 38223 9 38326 56 38387 11 38400 25 38479 9 38581 57 38644 10 38656 25 38735 9 38837 57 38901 8 38912 25 38992 9 39093 56 39158 7 39168 25 39248 9 39350 56 39415 6 39424 25 39504 9 39607 56 39672 5 39679 25 39760 9 39785 4 39864 57 39929 31 40016 9 40040 6 40121 56 40185 30 40272 8 40295 8 40378 56 40441 30 40529 7 40550 10 40634 56 40697 29 40785 7 40804 13 40891 60 40952 30 41041 8 41059 16 41147 90 41301 5 41313 22 41396 1 41405 36 41443 50 41557 4 41569 24 41652 2 41662 86 41811 4 41824 35 41907 4 41923 20 41951 53 42067 2 42079 37 42163 4 42181 15 42208 50 42335 38 42383 2 42418 5 42438 13 42463 50 42591 39 42638 4 42673 6 42694 13 42717 50 42847 39 42893 6 42929 6 42951 12 42971 50 43103 39 43149 7 43185 5 43209 10 43227 48 43359 39 43405 7 43436 4 43442 3 43471 60 43615 39 43661 6 43692 3 43698 3 43726 61 43859 1 43869 41 43918 5 43948 1 43954 3 43980 63 44115 2 44124 42 44175 3 44209 4 44236 62 44371 50 44465 4 44491 63 44627 50 44721 4 44747 12 44769 41 44883 49 44958 3 44963 2 45003 10 45024 42 45138 49 45213 5 45259 10 45279 42 45393 50 45469 6 45514 11 45535 42 45649 49 45725 6 45771 10 45790 43 45905 46 45982 4 46028 9 46044 44 46160 46 46239 3 46284 9 46299 43 46416 45 46539 11 46553 44 46672 45 46795 57 46927 44 47051 56 47184 43 47307 55 47440 44 47563 54 47696 44 47819 53 47953 43 48075 53 48209 43 48331 53 48465 42 48584 56 48721 41 48787 4 48839 57 48974 39 49041 10 49093 59 49230 38 49297 10 49348 60 49485 37 49551 13 49603 61 49741 36 49808 12 49859 61 49997 35 50065 10 50115 50 50252 35 50321 10 50371 48 50505 37 50579 8 50626 48 50760 37 50837 6 50882 47 51015 27 51137 46 51271 25 51393 46 51528 23 51649 43 51784 23 51904 43 52041 22 52151 52 52297 22 52406 53 52466 1 52553 23 52661 55 52722 3 52809 24 52917 55 52978 3 53064 25 53094 1 53173 56 53235 2 53315 1 53319 26 53349 2 53429 56 53490 3 53568 35 53604 4 53685 56 53746 3 53824 33 53860 4 53869 4 53940 58 54003 2 54078 34 54117 3 54123 7 54173 6 54195 59 54332 36 54373 3 54378 9 54427 9 54451 59 54582 42 54629 14 54683 10 54707 59 54837 44 54885 14 54939 10 54963 58 55091 48 55140 14 55194 12 55219 58 55347 54 55402 7 55451 12 55474 58 55603 53 55707 15 55726 61 55858 53 55963 80 56113 50 56220 77 56369 49 56477 76 56623 51 56733 76 56878 51 56990 74 57133 17 57151 35 57248 71 57388 17 57408 34 57504 71 57642 17 57665 34 57761 70 57897 18 57921 34 58017 70 58153 58 58275 68 58408 59 58531 68 58663 59 58787 17 58808 45 58919 58 59043 16 59064 45 59174 55 59299 16 59321 42 59391 1 59425 1 59428 54 59555 16 59576 43 59647 1 59679 56 59811 17 59831 44 59901 3 59935 56 60067 65 60157 3 60190 55 60323 65 60413 3 60445 56 60579 65 60669 3 60700 57 60836 65 60925 3 60955 58 61094 51 61147 10 61181 3 61210 59 61353 46 61404 9 61436 4 61466 59 61609 47 61661 8 61693 3 61721 60 61866 47 61917 7 61949 3 61977 60 62122 47 62174 5 62205 3 62233 58 62377 48 62460 4 62490 57 62632 44 62677 4 62715 5 62747 55 62886 43 62971 5 63003 54 63141 43 63227 5 63261 49 63379 2 63393 46 63484 4 63519 46 63634 4 63649 45 63741 3 63777 43 63887 8 63905 44 63999 1 64033 42 64141 11 64161 43 64290 41 64396 13 64416 43 64546 42 64651 17 64670 45 64803 41 64907 64 65059 41 65163 64 65321 10 65337 20 65420 63
732471, 
734470,119 2 374 5 629 8 885 9 1093 2 1140 11 1343 10 1394 17 1597 12 1649 18 1850 23 1901 22 2105 25 2157 22 2359 28 2412 25 2443 5 2614 29 2668 26 2698 7 2867 33 2921 40 3123 34 3177 41 3378 35 3433 42 3634 35 3689 42 3890 36 3947 42 4146 36 4203 44 4402 36 4461 52 4657 36 4717 54 4913 36 4974 55 5165 40 5230 55 5418 43 5487 55 5673 44 5742 57 5929 44 5997 59 6185 44 6239 4 6253 60 6439 45 6493 7 6508 61 6695 44 6749 8 6763 62 6950 45 7004 9 7019 62 7204 47 7260 8 7275 63 7429 3 7457 47 7516 8 7530 64 7685 5 7712 47 7772 7 7786 64 7937 13 7967 47 8029 5 8041 65 8192 15 8223 46 8297 65 8448 17 8479 46 8552 66 8704 17 8735 45 8807 68 8960 18 8990 44 9062 69 9216 18 9243 46 9317 70 9472 19 9496 45 9573 70 9728 19 9751 45 9828 71 9984 68 10083 74 10240 68 10339 74 10496 67 10594 77 10752 67 10850 77 11008 67 11085 2 11105 78 11264 67 11337 8 11362 77 11520 67 11590 12 11618 77 11776 67 11845 13 11874 76 12032 66 12101 12 12131 74 12288 66 12357 12 12387 73 12544 64 12613 11 12643 73 12800 63 12870 9 12899 73 13056 59 13155 74 13312 59 13411 75 13568 57 13667 76 13824 57 13922 77 14080 57 14177 78 14336 56 14432 80 14592 56 14687 82 14848 56 14943 82 15104 56 15196 85 15360 55 15451 86 15616 54 15707 86 15872 53 15963 67 16035 14 16128 51 16197 8 16219 67 16294 9 16384 49 16451 12 16475 67 16555 2 16640 49 16707 12 16731 67 16896 48 16963 12 16987 68 17152 48 17218 13 17244 67 17409 46 17474 13 17499 68 17666 45 17730 11 17744 3 17755 68 17922 45 17986 10 18000 5 18011 68 18178 45 18243 6 18256 7 18265 70 18434 46 18499 5 18512 78 18690 46 18755 4 18768 78 18946 46 19013 2 19024 77 19202 46 19279 78 19457 46 19526 3 19535 78 19713 46 19781 6 19791 80 19969 46 20037 8 20047 81 20225 42 20293 9 20303 84 20481 40 20549 9 20559 85 20736 40 20805 98 20992 40 21061 99 21248 39 21316 101 21504 39 21572 101 21760 39 21827 103 22016 39 22083 104 22272 39 22339 104 22528 38 22595 104 22784 37 22850 105 23040 38 23106 106 23296 38 23361 107 23552 38 23617 107 23808 39 23863 4 23872 108 24064 39 24117 7 24128 108 24320 40 24370 122 24576 40 24625 123 24832 42 24876 129 25088 110 25199 62 25344 108 25457 60 25537 4 25600 107 25713 60 25793 5 25856 107 25969 60 26048 8 26112 106 26225 60 26304 9 26368 102 26481 60 26559 10 26624 100 26736 61 26815 10 26880 99 26991 61 27071 10 27136 99 27246 61 27327 10 27392 99 27501 60 27582 11 27648 99 27757 59 27837 12 27904 97 28013 12 28034 31 28091 14 28160 97 28269 12 28291 29 28346 15 28416 95 28524 12 28547 29 28600 16 28672 93 28780 12 28803 29 28856 15 28928 91 29036 7 29058 31 29111 15 29184 91 29293 6 29314 31 29366 15 29440 90 29550 4 29563 2 29568 35 29621 15 29696 89 29806 4 29818 41 29877 14 29952 89 30075 41 30135 12 30208 88 30331 41 30391 12 30464 88 30587 41 30647 12 30720 88 30843 41 30904 11 30976 89 31099 41 31161 11 31232 5 31241 80 31355 42 31417 11 31499 80 31611 43 31673 12 31755 82 31867 43 31928 13 32013 81 32123 43 32182 16 32269 81 32373 4 32380 43 32438 17 32527 79 32630 3 32637 41 32693 19 32784 77 32886 2 32893 40 32949 20 33041 76 33143 3 33149 40 33205 21 33297 76 33398 47 33461 15 33477 5 33552 77 33653 47 33717 14 33735 3 33808 77 33909 47 33973 14 33993 1 34064 77 34164 48 34227 14 34320 77 34420 48 34483 14 34561 5 34575 78 34675 51 34739 10 34816 8 34830 79 34931 52 34995 9 35072 92 35187 53 35252 7 35328 92 35442 55 35509 6 35584 92 35697 56 35840 93 35952 58 36096 93 36207 60 36352 93 36454 1 36461 62 36608 94 36709 70 36813 1 36864 95 36965 70 37069 2 37120 97 37220 71 37325 3 37376 97 37477 70 37632 97 37733 68 37888 98 37989 66 38144 167 38400 166 38656 165 38912 165 39168 166 39353 5 39424 165 39607 9 39680 165 39863 10 39936 164 40118 11 40192 163 40373 12 40448 163 40629 12 40704 161 40884 14 40960 160 41139 15 41216 96 41314 61 41395 16 41472 96 41570 61 41650 17 41728 95 41827 60 41906 17 41984 95 42084 59 42161 18 42240 95 42340 59 42418 16 42496 95 42597 58 42675 14 42752 94 42853 58 42931 15 43008 94 43109 58 43188 15 43264 93 43365 59 43445 15 43520 93 43621 59 43701 17 43776 92 43878 57 43955 22 44032 81 44114 9 44134 57 44211 22 44288 80 44371 8 44395 52 44465 25 44544 79 44628 5 44654 48 44721 25 44800 78 44911 42 44975 28 45056 77 45167 42 45230 29 45312 75 45423 40 45484 31 45568 73 45679 40 45740 31 45825 68 45936 39 45995 33 46081 61 46193 38 46251 34 46338 59 46450 39 46505 37 46595 57 46707 40 46761 38 46851 56 46964 40 47016 40 47107 56 47221 40 47272 41 47363 56 47479 40 47527 42 47619 55 47735 40 47783 42 47875 53 47993 39 48038 43 48131 52 48252 36 48293 44 48388 50 48513 32 48549 45 48645 48 48771 30 48805 45 48902 47 48970 2 49029 77 49159 47 49224 5 49243 3 49285 77 49417 60 49479 8 49497 10 49543 74 49673 60 49735 9 49752 11 49799 73 49930 71 50007 14 50056 63 50186 71 50263 14 50313 62 50442 71 50519 14 50569 19 50593 36 50698 72 50775 14 50825 19 50849 36 50954 72 51031 13 51082 17 51106 35 51210 73 51287 14 51338 17 51364 32 51465 74 51541 16 51595 14 51621 30 51722 73 51796 17 51855 10 51879 28 51978 91 52114 5 52138 23 52235 90 52371 2 52396 20 52491 91 52655 16 52747 91 52911 16 53003 5 53011 84 53168 14 53259 5 53268 85 53423 14 53516 4 53524 87 53668 3 53678 11 53772 4 53781 86 53923 8 53933 11 54029 2 54037 86 54178 21 54285 2 54293 86 54433 21 54549 86 54689 20 54805 87 54945 20 55040 1 55060 87 55201 18 55296 2 55315 88 55552 3 55569 90 55808 4 55825 90 56064 4 56081 73 56157 14 56177 3 56320 4 56336 72 56414 14 56433 4 56576 4 56591 72 56671 15 56687 7 56832 5 56847 71 56928 23 57089 6 57101 73 57184 23 57345 8 57355 76 57439 24 57601 87 57695 25 57857 88 57951 25 58113 88 58207 26 58369 89 58463 26 58624 90 58720 25 58880 90 58977 24 59136 90 59236 21 59393 89 59493 20 59651 87 59749 21 59907 87 60006 21 60164 86 60263 24 60420 86 60519 26 60676 87 60775 27 60932 87 61030 29 61188 89 61284 31 61444 89 61541 30 61700 90 61797 30 61897 4 61956 91 62053 30 62153 4 62210 93 62308 31 62393 6 62407 7 62465 94 62563 32 62649 8 62659 11 62720 96 62818 31 62905 21 62976 129 63161 20 63232 123 63417 20 63488 121 63673 19 63744 120 63929 18 64000 120 64185 18 64256 7 64265 111 64439 20 64512 5 64521 110 64694 20 64768 3 64777 110 64949 21 65024 1 65033 108 65205 20 65290 81 65375 21 65459 20
737692,0 65536
747518,0 65536
748680,0 65536
769836,0 109 256 109 512 109 768 110 1024 110 1280 110 1536 111 1792 111 2048 111 2304 112 2560 112 2816 113 3072 113 3328 113 3584 113 3840 114 4096 114 4352 115 4608 115 4864 115 5120 115 5376 116 5632 116 5888 117 6144 117 6400 117 6656 117 6912 118 7168 118 7424 118 7680 119 7936 119 8192 119 8448 120 8704 121 8960 121 9216 121 9472 121 9728 122 9984 123 10240 123 10496 123 10752 123 11008 123 11264 123 11520 124 11776 124 12032 125 12288 125 12544 126 12800 126 13056 126 13312 126 13568 127 13824 127 14080 127 14336 127 14592 128 14848 129 15104 129 15360 129 15616 130 15872 130 16128 131 16384 131 16640 131 16896 131 17152 132 17408 132 17664 133 17920 133 18176 133 18432 134 18688 134 18944 135 19200 135 19456 135 19712 135 19968 135 20224 136 20480 136 20736 137 20992 137 21248 137 21504 137 21760 138 22016 138 22272 139 22528 139 22784 139 23040 139 23296 140 23552 140 23808 140 24064 140 24320 141 24576 141 24832 141 25088 141 25344 141 25600 141 25856 142 26112 143 26368 143 26624 143 26880 144 27136 144 27392 145 27648 145 27904 145 28160 146 28416 147 28672 147 28928 147 29184 147 29440 148 29696 148 29952 149 30208 149 30464 149 30720 150 30976 150 31232 150 31488 151 31744 151 32000 152 32256 152 32512 153 32768 153 33024 153 33280 153 33536 153 33792 153 34048 155 34304 155 34560 155 34816 155 35072 156 35328 156 35584 157 35840 157 36096 157 36352 158 36608 158 36864 159 37120 159 37376 159 37632 159 37888 160 38144 161 38400 161 38656 161 38912 161 39168 161 39424 161 39680 162 39936 162 40192 163 40448 163 40704 163 40960 163 41216 164 41472 164 41728 164 41984 165 42240 165 42496 166 42752 166 43008 166 43264 166 43520 167 43776 167 44032 167 44288 168 44544 168 44800 169 45056 169 45312 169 45568 169 45824 169 46080 169 46336 170 46592 171 46848 171 47104 171 47360 171 47616 172 47872 173 48128 173 48384 173 48640 174 48896 174 49152 174 49408 174 49664 174 49920 174 50176 174 50432 175 50688 175 50944 176 51200 177 51456 177 51712 178 51968 178 52224 178 52480 179 52736 179 52992 179 53248 179 53504 179 53760 180 54016 181 54272 181 54528 182 54784 182 55040 182 55296 182 55552 183 55808 183 56064 184 56320 184 56576 185 56832 185 57088 185 57344 185 57600 185 57856 186 58112 187 58368 187 58624 187 58880 188 59136 188 59392 188 59648 189 59904 189 60160 190 60416 190 60672 191 60928 191 61184 191 61440 191 61696 191 61952 192 62208 192 62464 193 62720 193 62976 193 63232 193 63488 193 63744 193 64000 193 64256 193 64512 194 64768 194 65024 195 65280 195
772465,0 65536
777433,5540 2 5796 2 5801 1 6052 9 6308 9 6564 7 6820 6 7076 5 7334 2 14241 1 14497 2 14753 1 16083 2 16335 8 16591 8 16847 8 17104 7 17361 5 21641 3 21889 2 21895 6 22143 15 22398 17 22654 17 22909 18 23165 18 23422 17 23678 17 23934 15 24190 15 24446 15 24701 16 24939 10 24958 15 25193 14 25215 13 25446 18 25471 8 25702 18 25729 4 25957 19 26212 20 26469 18 26725 18 26981 17 27022 1 27237 17 27275 6 27492 17 27527 12 27748 17 27782 13 28005 15 28037 15 28261 14 28293 16 28519 11 28548 17 28777 8 28803 18 29037 2 29055 22 29310 23 29565 24 29821 24 30077 24 30333 23 30589 23 30846 23 31102 23 31358 23 31614 23 31869 24 32125 24 32381 24 32637 22 32893 21 33148 17 33405 15 33661 13 33917 12 34174 11 34431 10 34689 6 34948 1 51207 5 51462 7 51718 7 51973 8 52229 8 52485 8 52741 8 52997 7 53253 6
778684,903 6 1158 8 1412 13 1667 18 1923 22 2179 23 2435 24 2691 24 2947 24 3203 24 3459 24 3716 24 3974 23 4231 23 4489 26 4746 25 5003 26 5260 25 5517 25 5774 25 5943 2 6031 26 6193 10 6287 26 6443 19 6544 27 6699 22 6800 27 6953 27 7056 28 7208 29 7312 29 7463 32 7568 30 7719 32 7825 29 7975 34 8081 30 8231 34 8337 30 8488 34 8593 30 8744 35 8849 30 9001 34 9107 7 9119 16 9258 33 9363 6 9376 15 9516 31 9779 24 10035 23 10291 23 10548 21 10804 21 11062 8 11077 2 11321 3 18208 2 18463 5 18717 8 18973 8 19228 9 19484 10 19714 7 19740 10 19969 8 19989 2 19996 10 20224 11 20244 7 20252 9 20397 3 20480 13 20499 8 20509 6 20550 1 20651 6 20736 13 20754 9 20803 8 20907 7 20992 14 21010 9 21054 13 21162 9 21248 16 21265 10 21307 18 21417 10 21504 27 21561 21 21673 11 21760 25 21816 23 21928 15 22016 24 22071 25 22184 16 22272 23 22328 23 22439 18 22528 23 22585 22 22695 18 22784 23 22841 22 22870 1 22951 18 23040 23 23097 22 23125 2 23208 17 23296 23 23353 20 23381 4 23465 15 23552 22 23608 21 23637 4 23721 14 23808 22 23861 11 23875 10 23980 9 24064 22 24117 9 24132 10 24320 21 24372 11 24387 12 24576 21 24627 12 24643 13 24832 21 24879 16 24898 17 25088 20 25133 18 25154 18 25344 19 25388 19 25409 20 25600 19 25644 20 25665 20 25856 17 25900 42 26112 16 26156 43 26368 15 26411 45 26534 5 26625 14 26667 46 26789 7 26883 8 26892 2 26922 49 27045 8 27141 5 27177 50 27301 9 27418 5 27433 51 27555 12 27674 6 27687 54 27811 12 27929 10 27940 57 28067 12 28185 68 28323 11 28442 68 28581 8 28698 68 28837 8 28954 68 29094 4 29210 68 29345 8 29466 68 29598 10 29722 68 29853 12 29977 68 30107 16 30233 68 30363 16 30488 69 30616 20 30743 69 30870 23 30999 69 31121 28 31255 72 31377 28 31509 76 31631 30 31765 76 31887 31 31993 7 32023 75 32142 35 32247 9 32279 75 32397 36 32501 11 32536 74 32653 38 32757 11 32793 73 32908 39 33013 11 33051 70 33163 41 33269 11 33307 70 33417 43 33525 11 33564 67 33672 45 33781 11 33820 67 33927 46 34036 12 34075 67 34183 47 34292 12 34331 67 34439 47 34548 12 34588 67 34694 49 34803 13 34844 67 34949 50 35059 13 35101 66 35205 51 35315 13 35357 67 35460 53 35571 13 35615 65 35715 54 35827 13 35871 65 35971 54 36083 13 36134 58 36226 55 36339 13 36391 58 36482 54 36595 13 36649 56 36737 54 36851 13 36907 54 36993 54 37107 13 37168 50 37249 52 37364 12 37425 49 37505 52 37621 11 37686 10 37697 33 37761 52 37879 9 37943 7 37955 32 38018 51 38137 7 38212 31 38275 52 38468 31 38531 53 38726 29 38787 54 38983 28 39043 54 39241 26 39299 54 39497 25 39555 54 39753 25 39811 54 40009 24 40067 55 40266 21 40323 55 40522 17 40579 56 40779 16 40835 56 41035 15 41090 57 41291 15 41345 58 41547 14 41601 57 41803 14 41855 58 42059 13 42110 59 42315 12 42365 60 42571 12 42621 60 42827 12 42877 60 43013 4 43084 10 43133 60 43267 6 43342 6 43391 58 43523 7 43600 2 43647 57 43777 10 43904 56 44032 11 44160 56 44288 13 44417 55 44544 13 44674 54 44800 13 44931 52 45056 13 45187 52 45312 13 45443 52 45499 5 45568 14 45700 50 45753 9 45824 15 45957 48 46008 12 46080 15 46213 42 46263 13 46336 15 46471 39 46516 17 46592 15 46727 38 46771 18 46848 15 46985 35 47024 21 47104 15 47242 34 47278 23 47329 4 47360 15 47501 29 47533 24 47581 11 47616 15 47758 27 47789 24 47835 14 47872 14 48017 25 48045 23 48087 18 48128 13 48275 23 48301 22 48342 20 48385 11 48532 23 48557 21 48597 22 48643 7 48788 23 48813 21 48853 22 48901 2 49045 44 49108 23 49301 44 49364 23 49557 44 49619 25 49814 43 49875 25 49924 3 50071 42 50131 30 50179 5 50329 6 50338 31 50387 30 50434 7 50601 24 50642 32 50690 8 50858 23 50896 35 50947 8 51114 23 51151 26 51180 7 51203 8 51371 22 51407 24 51437 6 51459 10 51627 22 51664 21 51696 3 51716 9 51883 22 51920 21 51954 1 51973 10 52142 19 52177 19 52229 12 52405 11 52433 18 52485 13 52661 10 52689 20 52741 14 52917 10 52945 20 52997 15 53173 8 53200 22 53253 16 53430 7 53456 22 53509 17 53712 23 53765 17 53968 22 54023 15 54223 22 54279 15 54479 22 54538 11 54735 21 54799 3 54980 2 54991 20 55085 10 55229 12 55247 20 55340 12 55440 6 55484 13 55503 20 55576 2 55595 15 55693 12 55739 15 55759 5 55768 9 55832 3 55849 17 55948 14 55995 15 56016 4 56025 8 56087 36 56203 17 56251 15 56273 2 56284 2 56343 36 56458 19 56507 15 56599 37 56714 20 56763 14 56855 38 56899 1 56970 20 57003 4 57018 15 57112 47 57226 23 57255 14 57274 13 57369 48 57482 24 57510 16 57530 12 57625 52 57738 26 57765 19 57788 9 57881 52 57994 46 58045 7 58138 53 58251 45 58303 4 58394 55 58507 46 58651 55 58764 44 58907 55 59021 43 59171 47 59279 40 59374 7 59428 46 59536 39 59630 8 59685 46 59793 38 59886 13 59942 45 60050 37 60142 17 60197 46 60305 37 60397 19 60453 46 60561 37 60653 19 60709 52 60816 37 60908 20 60965 53 61072 37 61163 21 61220 56 61327 37 61395 5 61418 22 61476 57 61583 38 61651 6 61674 22 61732 59 61839 38 61905 10 61930 22 61988 59 62095 39 62160 11 62186 22 62242 61 62352 39 62415 12 62441 23 62497 62 62608 39 62670 14 62696 24 62752 64 62865 38 62925 15 62951 25 63007 66 63121 37 63181 15 63206 26 63263 31 63297 33 63378 35 63436 17 63461 27 63519 30 63553 38 63635 33 63692 17 63717 27 63775 30 63809 47 63891 28 63949 16 63974 26 64031 30 64065 48 64147 28 64205 16 64230 26 64287 84 64403 27 64461 16 64485 27 64543 84 64659 26 64717 16 64741 27 64799 85 64915 26 64973 16 64996 28 65055 85 65171 26 65229 16 65252 28 65311 86 65427 25 65485 14 65507 29
787614,0 23061 23063 252 23321 250 23577 248 23835 244 24091 242 24347 242 24603 240 24859 229 25089 12 25116 228 25347 10 25373 227 25603 10 25630 226 25860 9 25887 225 26116 9 26143 196 26341 27 26373 7 26399 193 26599 25 26629 6 26655 192 26856 24 26887 3 26911 192 27109 27 27144 1 27167 192 27363 29 27412 3 27422 193 27618 30 27667 4 27678 203 27883 21 27921 6 27934 201 28142 18 28177 7 28190 199 28399 17 28432 7 28445 199 28654 18 28687 8 28701 172 28875 25 28909 19 28943 7 28957 170 29134 22 29164 20 29199 6 29213 170 29391 20 29419 21 29470 169 29649 17 29675 21 29726 169 29906 16 29930 22 29983 168 30164 14 30184 24 30240 166 30423 11 30439 25 30495 154 30651 10 30680 40 30749 154 30909 8 30935 41 31003 154 31166 5 31191 41 31259 153 31423 3 31447 41 31514 153 31703 41 31770 153 31958 42 32026 154 32213 43 32282 154 32468 44 32539 154 32723 45 32795 154 32978 46 33051 155 33232 48 33308 154 33488 48 33566 153 33743 49 33824 151 33999 49 34082 151 34254 50 34339 150 34510 50 34595 151 34765 51 34850 153 35021 51 35105 154 35276 52 35361 154 35531 53 35617 154 35787 53 35873 154 36042 54 36129 154 36297 55 36385 154 36553 55 36641 156 36808 56 36897 156 37064 56 37155 156 37319 57 37411 156 37575 57 37668 157 37830 58 37925 156 38085 59 38181 219 38437 219 38692 220 38948 220 39204 220 39459 221 39710 1 39713 26 39740 112 39858 78 39965 30 39997 109 40115 77 40219 30 40255 106 40372 76 40475 29 40511 106 40629 75 40731 25 40768 9 40783 89 40886 74 40986 9 40998 13 41025 7 41039 89 41142 74 41242 8 41255 11 41283 2 41295 88 41399 73 41498 7 41512 9 41538 3 41551 88 41656 72 41754 6 41769 8 41793 4 41807 86 41913 71 42010 6 42026 7 42049 4 42062 86 42169 71 42268 3 42305 6 42317 86 42425 71 42561 6 42573 85 42681 71 42817 97 42936 72 43073 97 43189 75 43328 98 43443 77 43583 99 43699 77 43839 100 43954 78 44094 101 44209 79 44350 101 44466 78 44605 102 44722 78 44862 101 44979 77 45118 101 45235 17 45254 58 45375 66 45445 29 45492 15 45513 55 45631 66 45701 28 45749 15 45770 54 45889 63 45958 26 46007 16 46028 52 46146 61 46214 26 46264 15 46285 51 46405 57 46471 23 46524 12 46546 46 46661 57 46727 22 46782 10 46803 45 46919 54 46983 20 47039 8 47068 36 47175 54 47239 21 47297 6 47323 37 47433 52 47496 20 47554 4 47579 37 47689 52 47753 20 47812 1 47835 37 47945 51 48011 19 48092 36 48201 51 48271 16 48348 36 48458 51 48529 14 48605 35 48715 50 48785 14 48862 34 48973 48 49042 14 49120 32 49229 48 49297 14 49377 31 49487 14 49505 28 49553 14 49635 29 49743 12 49762 27 49809 14 49891 29 49999 11 50019 26 50064 15 50147 29 50256 9 50275 26 50320 15 50404 28 50515 2 50533 24 50576 14 50661 27 50792 21 50832 13 50919 25 51053 16 51088 13 51177 23 51310 15 51344 12 51435 21 51567 14 51604 1 51692 20 51824 13 51949 19 52081 13 52206 18 52337 13 52463 17 52594 11 52721 15 52851 10 52978 14 53108 9 53237 11 53364 9 53495 9 53621 8 53756 4 53876 9 54013 3 54132 8 54387 9 54644 7 54900 6 55762 3 56017 6 56273 8 56529 8 56787 8 57043 9 57300 9 57335 9 57556 9 57591 9 57813 9 57845 11 58069 9 58100 12 58326 8 58354 14 58583 7 58609 15 58842 4 58863 17 59101 1 59119 17 59357 4 59374 18 59613 5 59630 18 59869 7 59886 18 60125 7 60141 19 60381 8 60397 19 60637 9 60653 19 60893 10 60910 18 61149 10 61166 18 61406 10 61423 17 61662 11 61680 16 61919 10 61938 14 62175 11 62195 13 62431 12 62451 13 62687 12 62707 13 62943 14 62962 14 63199 33 63457 31 63712 32 63961 39 64215 41 64469 43 64725 43 64981 43 65236 44 65492 44
797883,138 118 395 14 413 99 651 13 669 99 908 11 925 99 1164 10 1181 99 1423 5 1449 87 1679 4 1707 85 1935 4 1946 6 1965 83 2191 4 2198 10 2221 83 2448 3 2458 7 2478 82 2705 2 2715 6 2735 81 2971 14 2991 81 3229 4 3234 9 3246 82 3490 94 3747 93 4004 92 4261 91 4519 89 4778 7 4786 78 5035 4 5043 77 5292 2 5300 76 5557 75 5813 75 6071 54 6127 17 6327 6 6335 46 6383 17 6594 42 6639 17 6851 40 6895 17 7107 39 7151 17 7364 38 7407 17 7621 36 7663 17 7877 36 7919 17 8134 35 8176 16 8391 34 8433 15 8648 31 8689 15 8905 28 8945 15 9174 13 9202 14 9431 10 9459 13 9688 5 9715 13 9944 5 9971 13 10201 2 10229 11 10458 1 10485 10 10743 1 21754 6 21784 1 22006 10 22039 4 22261 11 22296 2 22516 12 22771 13 23027 13 23283 13 23539 13 23795 13 24053 11 24309 11 24565 11 24821 11 25077 11 25333 11 25589 11 25845 11 26103 2 26359 1 64327 3 64580 9 64834 12 65089 13 65344 15 65383 4
798199,0 65536
798724,0 56 74 175 251 62 328 178 507 62 584 241 839 179 1019 62 1095 178 1275 63 1343 104 1453 76 1535 169 1709 76 1791 170 1962 79 2046 252 2301 253 2555 255 2811 255 3067 255 3323 767 4091 255 4347 1278 5627 255 5883 2524 8408 253 8665 250 8921 248 9177 247 9437 240 9693 240 9949 239 10205 239 10461 238 10714 240 10970 237 11225 6 11232 26 11259 202 11480 6 11489 25 11515 199 11733 8 11748 21 11773 196 11989 8 12005 9 12016 9 12030 195 12236 16 12261 9 12273 6 12287 194 12491 17 12518 8 12529 6 12543 194 12746 18 12775 7 12787 3 12799 194 13001 18 13031 7 13055 195 13257 18 13287 8 13311 196 13513 18 13543 8 13567 197 13769 18 13799 8 13823 198 14025 18 14055 6 14080 126 14207 70 14281 17 14319 1 14336 125 14463 70 14538 15 14575 1 14592 123 14717 73 14795 14 14831 2 14848 123 14973 73 15051 14 15087 2 15104 123 15228 74 15309 12 15343 2 15360 199 15563 14 15616 199 15816 20 15872 221 16097 1 16128 206 16338 17 16384 206 16594 17 16640 206 16850 17 16896 206 17106 17 17152 197 17355 3 17361 18 17408 197 17609 26 17664 196 17864 27 17920 195 18120 27 18176 196 18373 30 18432 196 18629 29 18688 227 18944 233 19200 223 19424 10 19456 217 19676 2 19680 9 19712 215 19937 8 19968 215 20193 8 20224 215 20449 8 20480 167 20649 45 20705 8 20736 166 20906 43 20962 7 20992 166 21161 44 21219 6 21248 164 21413 48 21476 4 21504 213 21760 161 21923 50 22016 161 22179 47 22233 2 22272 161 22434 48 22483 8 22528 161 22690 47 22739 8 22784 219 23040 219 23296 214 23552 213 23808 212 24064 151 24221 55 24320 151 24479 53 24576 151 24735 52 24832 151 24991 52 25088 151 25247 52 25344 151 25503 50 25560 5 25600 151 25758 52 25815 6 25856 150 26013 41 26061 6 26071 7 26112 150 26265 1 26269 40 26318 5 26326 8 26368 151 26525 40 26574 5 26584 5 26624 151 26781 40 26840 5 26880 152 27036 41 27097 2 27136 152 27291 42 27392 152 27547 36 27585 5 27648 152 27802 37 27841 4 27904 195 28111 1 28160 195 28367 2 28416 195 28672 195 28928 189 29120 3 29184 189 29377 1 29440 186 29652 1 29696 185 29908 1 29952 185 30208 185 30409 3 30464 185 30659 2 30665 3 30720 185 30914 4 30920 4 30976 185 31169 11 31232 185 31424 12 31488 186 31677 15 31744 188 31933 14 32000 203 32256 202 32512 202 32768 202 33024 202 33280 201 33536 199 33792 199 34048 197 34267 3 34304 197 34522 5 34560 197 34777 6 34816 198 35033 5 35072 200 35289 5 35328 201 35545 5 35584 203 35801 4 35840 203 36057 4 36096 203 36352 203 36586 1 36608 203 36864 202 37120 201 37333 3 37376 201 37588 5 37607 1 37632 201 37841 12 37862 3 37888 193 38085 4 38096 13 38118 4 38144 193 38341 6 38351 15 38400 191 38597 25 38656 188 38853 25 38912 188 39109 25 39168 186 39361 29 39424 186 39616 29 39680 185 39867 34 39936 185 40122 34 40178 1 40192 220 40431 3 40448 219 40686 4 40704 219 40937 3 40941 5 40955 4 40960 219 41192 10 41211 4 41216 217 41447 11 41467 4 41472 217 41702 12 41722 5 41728 216 41953 18 41977 223 42205 1 42208 19 42233 223 42460 22 42488 223 42716 13 42730 7 42743 224 42971 12 42987 4 42999 224 43227 12 43243 3 43255 223 43484 11 43509 225 43739 12 43761 230 43994 17 44015 252 44270 254 44525 1008 45537 6 45545 244 45793 5 45801 246 46051 2 46056 247 46312 4101 50415 4364 54784 250 55040 250 55296 250 55552 250 55807 251 56063 250 56319 250 56575 248 56831 248 57087 246 57343 246 57599 246 57856 245 58112 243 58368 242 58624 237 58879 237 59135 236 59391 236 59647 235 59903 235 60159 236 60415 236 60671 236 60928 235 61184 235 61440 235 61696 233 61952 233 62208 234 62463 236 62719 236 62963 4 62973 238 63219 5 63229 238 63475 5 63485 239 63731 6 63740 755 64499 252 64756 251 65013 250 65269 253 65525 11
799155,0 73 82 247 339 246 595 247 851 248 1107 250 1363 250 1621 221 1844 26 1880 217 2100 26 2137 245 2394 244 2650 243 2905 244 3161 243 3416 245 3671 2473 6145 255 6403 253 6659 253 6917 251 7173 251 7429 251 7685 251 7941 251 8197 251 8455 249 8712 248 8986 230 9242 230 9498 230 9755 229 10012 228 10269 227 10526 226 10784 1 10790 218 11018 7 11047 217 11273 9 11303 217 11527 12 11559 217 11783 12 11815 9 11825 207 12039 14 12073 6 12083 205 12295 18 12330 5 12339 205 12552 18 12597 203 12809 18 12853 203 13067 16 13110 202 13324 15 13366 202 13585 10 13623 201 13841 10 13878 202 14099 8 14134 202 14355 8 14390 202 14613 4 14646 202 14902 202 15159 201 15414 202 15669 203 15925 203 16181 203 16391 2 16437 80 16525 115 16645 6 16693 27 16725 44 16783 113 16901 6 16949 26 16983 42 17039 113 17157 8 17205 18 17242 39 17297 111 17412 9 17432 5 17461 18 17499 38 17557 2 17563 101 17665 15 17683 12 17708 5 17718 16 17757 37 17822 129 17963 7 17974 16 18013 38 18053 4 18079 128 18215 12 18231 16 18259 2 18270 46 18335 128 18471 12 18487 16 18513 4 18527 45 18591 128 18726 13 18743 16 18763 12 18785 44 18847 128 18981 14 18999 16 19018 13 19042 44 19102 129 19237 15 19255 15 19273 16 19299 43 19358 129 19493 16 19511 36 19555 43 19614 129 19749 16 19769 36 19811 43 19870 128 20005 17 20025 38 20067 43 20126 128 20260 19 20282 84 20382 127 20516 19 20539 56 20597 25 20638 153 20797 54 20854 23 20894 153 21054 53 21110 23 21150 152 21313 50 21365 24 21405 152 21569 50 21621 24 21661 150 21828 47 21877 24 21917 150 22085 46 22132 25 22172 147 22343 44 22388 10 22402 10 22427 144 22599 44 22644 9 22659 9 22683 120 22804 22 22855 54 22917 6 22937 121 23061 21 23111 54 23193 119 23317 21 23368 52 23448 119 23573 8 23583 12 23623 54 23703 113 23829 2 23841 13 23877 57 23959 113 24085 2 24097 16 24131 59 24215 112 24350 22 24381 66 24469 114 24605 24 24637 67 24723 117 24861 25 24892 69 24974 123 25117 26 25147 71 25229 126 25372 28 25401 74 25485 127 25629 104 25741 127 25885 104 25996 129 26141 105 26252 131 26397 106 26507 133 26653 106 26763 135 26909 246 27164 247 27420 248 27676 249 27932 249 28188 248 28445 247 28701 246 28958 245 29215 243 29471 243 29728 241 29984 241 30240 241 30497 239 30754 3 30760 231 31018 229 31275 227 31532 225 31790 210 32001 10 32049 207 32259 4 32306 206 32563 205 32820 204 33077 203 33333 203 33589 203 33844 204 34076 9 34099 94 34195 109 34331 11 34354 95 34451 109 34586 15 34610 206 34841 17 34865 207 35096 21 35121 207 35352 232 35607 233 35863 233 36117 235 36371 237 36627 134 36762 102 36883 134 37018 102 37137 136 37275 101 37393 135 37531 101 37647 137 37786 102 37903 136 38042 102 38152 1 38159 136 38297 103 38407 2 38415 136 38552 104 38663 2 38671 134 38808 104 38920 1 38927 134 39065 108 39183 132 39321 110 39439 135 39577 111 39695 137 39835 109 39951 111 40064 25 40091 109 40207 110 40320 137 40463 110 40575 138 40719 110 40831 138 40975 251 41231 250 41487 250 41743 250 41999 148 42149 100 42256 147 42405 99 42512 248 42769 247 43025 144 43173 98 43283 142 43429 98 43538 143 43685 97 43794 144 43941 96 44049 146 44198 95 44305 239 44545 4 44561 239 44811 5 44818 238 45065 8 45078 234 45320 10 45340 153 45506 49 45565 3 45575 11 45597 152 45763 48 45831 11 45854 150 46019 9 46033 33 46086 12 46111 149 46277 6 46291 30 46340 15 46366 150 46547 30 46589 3 46595 16 46622 149 46804 29 46843 6 46851 16 46878 149 47063 24 47098 6 47107 16 47133 149 47320 23 47353 7 47363 16 47389 125 47518 5 47526 8 47553 2 47579 17 47608 8 47620 17 47640 1 47644 123 47783 6 47807 4 47836 14 47861 11 47877 142 48041 2 48061 6 48113 15 48133 142 48297 2 48316 7 48369 15 48390 141 48572 7 48625 15 48646 141 48828 7 48881 15 48902 141 49083 9 49137 15 49155 144 49339 9 49393 15 49409 146 49595 10 49649 162 49851 10 49905 162 50077 6 50100 1 50107 10 50160 163 50333 6 50356 3 50363 10 50415 66 50486 93 50587 9 50611 6 50619 10 50672 64 50743 93 50842 11 50867 6 50875 10 50928 64 51000 94 51095 14 51123 8 51135 4 51184 64 51257 109 51379 8 51441 63 51513 112 51634 9 51697 63 51769 113 51890 9 51953 63 52025 114 52145 11 52219 53 52280 116 52401 11 52477 54 52535 118 52656 13 52735 174 52912 14 52991 175 53167 16 53248 191 53485 2 53504 191 53733 3 53739 7 53760 191 53987 16 54016 191 54241 20 54272 191 54497 21 54528 192 54752 24 54784 192 55008 25 55040 193 55263 26 55296 193 55519 26 55552 193 55771 29 55808 194 56025 31 56064 195 56279 32 56320 196 56534 33 56576 197 56789 35 56832 197 57045 36 57088 198 57300 39 57344 198 57555 41 57600 199 57811 42 57856 199 58067 43 58112 199 58322 245 58578 245 58834 245 59090 244 59347 243 59603 242 59859 242 60115 241 60373 239 60629 239 60887 237 61144 236 61401 235 61657 60 61718 40 61759 134 61916 57 61975 36 62017 133 62175 54 62234 33 62273 134 62439 47 62491 31 62529 134 62696 46 62751 22 62786 9 62799 120 62953 45 63007 21 63042 8 63056 119 63209 45 63263 21 63298 7 63312 119 63466 44 63520 20 63554 7 63568 120 63722 44 63777 20 63810 7 63825 119 63980 3 63984 39 64033 20 64066 7 64081 120 64243 35 64288 22 64320 137 64461 6 64499 35 64543 25 64575 150 64755 35 64798 28 64831 154 64991 1 65011 35 65054 188 65267 34 65310 7 65318 182 65522 13
799282,48 37 113 33 305 35 369 33 562 33 625 33 819 31 880 35 1075 30 1123 4 1135 36 1331 28 1377 51 1434 7 1587 29 1633 52 1689 9 1843 30 1890 65 2099 30 2146 65 2355 30 2407 61 2612 29 2665 59 2869 28 2924 56 3125 28 3179 57 3383 26 3435 56 3639 25 3691 56 3896 22 3948 55 4153 20 4204 54 4410 19 4454 1 4461 52 4666 18 4709 2 4717 51 4796 2 4882 3 4923 16 4965 2 4972 49 5050 6 5138 4 5179 16 5222 1 5228 49 5306 7 5393 6 5437 12 5483 50 5562 7 5650 5 5693 8 5739 50 5818 7 5907 4 5994 51 6074 7 6163 4 6250 51 6331 6 6507 50 6587 4 6763 49 6844 1 7019 49 7275 49 7531 35 7567 20 7787 33 7825 20 8043 32 8086 2 8095 8 8299 31 8351 8 8449 7 8515 7 8555 30 8608 6 8704 13 8771 8 8811 30 8865 4 8960 15 9021 3 9025 12 9066 31 9103 4 9216 17 9263 4 9277 16 9322 31 9359 4 9472 18 9511 14 9534 16 9577 32 9615 5 9728 19 9767 14 9790 17 9833 32 9871 4 9984 19 10024 13 10047 16 10089 32 10127 4 10240 19 10280 13 10303 16 10337 1 10345 32 10384 2 10496 19 10536 13 10560 17 10579 8 10589 8 10601 32 10752 19 10779 2 10793 12 10816 37 10856 32 11008 19 11033 12 11049 13 11073 37 11112 31 11264 19 11289 15 11305 14 11329 36 11368 29 11520 19 11545 30 11586 35 11625 22 11776 19 11800 32 11842 35 11881 21 12032 19 12055 33 12098 35 12139 14 12288 19 12311 34 12354 35 12396 12 12544 18 12566 35 12609 36 12653 8 12800 18 12821 36 12865 36 12910 3 13056 18 13076 38 13121 36 13312 59 13376 36 13568 59 13631 36 13824 59 13886 32 13920 1 14080 59 14143 30 14336 59 14399 29 14592 59 14655 26 14848 59 14911 24 15104 58 15169 12 15360 58 15425 11 15617 58 15683 6 15875 56 16132 55 16389 54 16645 53 16901 46 16949 3 17158 42 17417 38 17677 31 17937 26 18195 21 18451 20 18707 17 18963 8 19221 5 19480 1
804179,0 65536
809952,1535 1 2559 1 2809 7 3059 13 3313 15 3567 17 3821 19 4071 25 4326 26 4578 30 4833 31 5087 33 5339 37 5591 41 5845 43 6097 47 6351 49 6601 55 6855 57 7109 59 7359 65 7612 68 7865 71 8115 77 8369 79 8621 83 8875 85 9125 91 9380 92 9634 94 9887 97 10139 101 10394 102 10644 108 10899 109 11151 113 11403 117 11656 120 11909 123 12163 125 12418 126 12670 130 12924 132 13179 133 13433 135 13681 143 13936 144 14187 149 14443 149 14697 151 14950 154 15203 157 15459 157 15709 163 15963 165 16214 170 16468 172 16719 177 16970 182 17221 187 17474 190 17727 193 17980 196 18232 200 18487 201 18739 205 18993 207 19245 211 19500 212 19751 217 20006 218 20257 223 20511 225 20765 227 21016 232 21270 234 21524 236 21777 239 22031 241 22280 248 22535 43001
810943,0 3 17 239 272 240 528 240 785 239 1043 237 1301 235 1557 235 1813 235 2069 235 2323 237 2577 239 2831 241 3087 241 3343 241 3598 242 3854 242 4110 242 4365 243 4621 243 4877 244 5133 244 5389 244 5649 239 5905 239 6161 239 6415 242 6661 6 6670 2818 9489 1775 11267 253 11524 252 11781 251 12036 252 12292 252 12548 252 12805 4 12813 3 12817 239 13075 237 13331 237 13588 236 13844 236 14098 3 14102 234 14353 4 14359 233 14608 5 14614 5 14620 228 14862 18 14881 223 15115 21 15138 222 15371 245 15627 245 15883 245 16143 241 16399 241 16656 240 16912 240 17168 16 17185 223 17423 17 17441 223 17674 22 17697 223 17930 11 17942 10 17953 223 18186 246 18443 245 18700 244 18957 243 19213 10 19225 5 19233 223 19470 9 19481 4 19490 6 19498 214 19728 7 19739 1 19756 212 19985 6 20012 212 20241 5 20267 213 20498 3 20523 215 20747 5 20753 4 20768 1 20779 216 21000 12 21024 1 21035 218 21255 13 21280 2 21285 3 21291 218 21511 13 21541 4 21547 234 21799 3 21804 233 22055 3 22061 232 22312 2 22315 233 22570 234 22824 237 23079 239 23335 240 23590 241 23841 245 24096 249 24351 250 24607 250 24860 6151 31013 524 31540 253 31796 1775 33573 253 33829 251 34087 247 34343 246 34599 246 34855 246 35111 246 35367 246 35621 248 35877 249 36131 252 36385 253 36641 252 36895 254 37151 15797 52949 254 53205 254 53462 253 53718 253 53975 253 54230 11306
822622,4603 2 4852 1 4857 6 5102 9 5112 8 5357 10 5368 8 5609 23 5865 23 6116 28 6364 2 6371 29 6618 38 6873 39 7124 44 7378 5 7384 40 7633 5 7640 40 7888 7 7896 40 8131 4 8144 48 8387 5 8400 48 8641 6 8657 47 8897 6 8914 46 9153 4 9170 46 9408 7 9419 53 9644 1 9662 66 9899 4 9917 67 10156 1 10167 73 10422 74 10666 4 10675 77 10900 3 10913 2 10919 89 11153 8 11168 96 11409 8 11423 97 11659 14 11675 22 11698 63 11763 13 11915 14 11930 87 12019 13 12171 117 12427 117 12683 117 12939 117 13175 3 13192 111 13304 8 13426 7 13444 124 13675 13 13696 128 13931 13 13952 128 14187 14 14207 129 14444 13 14463 102 14566 19 14587 5 14700 13 14719 129 14955 14 14974 130 15189 2 15209 15 15230 130 15465 15 15485 131 15699 1 15721 15 15741 131 15955 1 15977 15 15997 131 16233 14 16251 133 16489 14 16506 134 16745 14 16760 122 16883 4 16888 8 17003 134 17140 2 17145 7 17247 4 17261 131 17403 5 17503 5 17517 130 17659 5 17757 8 17775 4 17781 122 17915 5 18013 8 18037 12 18052 107 18171 5 18269 8 18291 14 18307 108 18525 8 18547 14 18562 109 18781 8 18803 123 19037 8 19059 123 19293 8 19315 22 19341 96 19550 6 19571 22 19598 94 19827 22 19855 90 20083 22 20111 90 20210 3 20339 11 20351 9 20367 90 20467 2 20595 10 20608 8 20623 91 20724 1 20851 9 20865 6 20878 94 21107 9 21122 5 21134 95 21364 7 21378 4 21389 22 21418 67 21620 7 21634 4 21644 23 21672 69 21876 7 21890 3 21899 24 21927 70 22132 6 22147 2 22155 25 22183 69 22388 7 22399 6 22412 24 22437 71 22638 4 22644 7 22653 6 22668 96 22893 14 22909 6 22925 94 23149 14 23166 5 23181 95 23403 10 23416 3 23423 3 23440 92 23659 8 23672 2 23679 2 23695 93 23915 2 23934 2 23951 93 24171 2 24190 2 24207 93 24427 2 24463 92 24575 1 24683 2 24719 92 24831 1 24969 5 24975 92 25076 1 25081 2 25086 2 25224 6 25231 92 25332 2 25342 2 25432 1 25470 3 25480 5 25487 92 25586 5 25599 1 25726 2 25736 6 25743 92 25842 4 25855 1 25961 4 25977 6 25991 12 26006 71 26079 14 26097 2 26111 1 26217 4 26232 7 26247 12 26262 71 26336 13 26353 2 26367 1 26473 4 26489 5 26503 4 26512 3 26517 87 26609 2 26623 1 26745 4 26759 4 26769 2 26773 87 26865 2 26879 1 26965 4 27003 2 27011 8 27027 88 27135 1 27221 4 27259 3 27266 9 27282 89 27391 1 27475 5 27507 2 27515 16 27538 4 27544 82 27646 2 27731 4 27761 5 27771 16 27794 88 27902 2 28015 6 28025 24 28051 86 28157 3 28271 6 28280 3 28284 21 28309 82 28413 3 28523 22 28546 10 28557 4 28565 82 28657 3 28669 3 28774 1 28777 24 28803 8 28813 4 28821 82 28911 6 28924 4 29029 28 29059 8 29069 6 29077 83 29166 9 29181 3 29286 27 29315 8 29325 6 29333 83 29421 11 29438 2 29542 26 29573 8 29583 4 29589 100 29695 1 29798 26 29829 8 29840 105 29951 1 30048 2 30053 29 30086 8 30095 88 30185 3 30189 13 30303 4 30309 30 30343 96 30441 2 30445 13 30459 4 30558 37 30599 101 30701 19 30814 32 30847 5 30855 121 31069 41 31111 121 31325 163 31580 157 31836 157 32091 164 32346 133 32481 30 32601 133 32739 29 32857 132 32995 29 33112 133 33251 4 33256 24 33354 5 33368 133 33507 4 33512 24 33607 8 33625 133 33763 4 33770 22 33862 9 33884 130 34019 6 34026 22 34117 10 34139 132 34275 10 34289 15 34373 7 34383 3 34395 48 34445 82 34531 8 34545 15 34629 6 34639 8 34650 49 34701 84 34786 9 34801 15 34884 7 34895 8 34906 49 34957 93 35058 14 35140 6 35151 9 35162 31 35199 92 35294 12 35314 14 35396 5 35407 9 35418 31 35455 93 35549 13 35569 15 35651 6 35662 43 35710 83 35796 23 35823 17 35907 6 35918 44 35966 83 36056 21 36078 18 36163 4 36174 130 36312 40 36419 1 36430 116 36553 6 36568 40 36686 115 36824 40 36941 116 37079 41 37193 2 37197 116 37334 42 37453 116 37584 48 37709 117 37838 50 37964 118 38093 51 38219 118 38346 54 38475 118 38599 57 38730 119 38852 60 38987 181 39243 181 39498 182 39754 182 40009 183 40239 6 40265 183 40495 6 40521 183 40749 9 40775 185 41005 9 41031 185 41260 10 41277 184 41464 8 41516 10 41533 184 41720 8 41772 10 41787 6 41797 176 41975 9 42028 10 42042 7 42053 175 42231 9 42283 11 42295 9 42309 170 42480 16 42539 10 42551 9 42566 169 42737 15 42795 10 42807 9 42823 167 42999 1 43051 10 43063 9 43079 166 43309 2 43317 11 43335 166 43577 8 43589 168 43833 8 43844 169 44089 8 44100 169 44345 7 44354 173 44601 7 44609 176 44857 6 44865 178 45113 5 45121 178 45355 1 45375 180 45611 1 45632 179 45889 178 46125 1 46146 175 46401 176 46635 1 46657 176 46890 2 46901 2 46912 177 47147 1 47156 4 47167 178 47412 9 47423 177 47667 189 47922 189 48178 189 48434 188 48690 187 48945 187 49201 186 49453 188 49696 1 49708 189 49951 2 49964 190 50173 2 50206 3 50220 67 50291 119 50428 4 50461 2 50475 68 50549 116 50684 4 50717 1 50730 69 50805 116 50940 4 50973 1 50986 69 51061 116 51196 4 51229 2 51241 71 51317 116 51452 4 51485 2 51497 72 51573 114 51706 6 51741 2 51752 73 51829 112 51962 6 51997 2 52007 74 52085 110 52218 6 52253 2 52263 73 52341 109 52474 6 52519 72 52598 109 52731 5 52775 72 52855 109 52987 5 53029 66 53098 4 53111 110 53244 4 53275 4 53286 72 53365 100 53467 10 53500 4 53529 7 53545 68 53617 103 53725 9 53757 3 53784 9 53802 68 53871 106 53981 9 54013 3 54040 10 54058 188 54267 5 54295 11 54315 32 54348 154 54522 6 54551 11 54570 33 54604 58 54663 94 54777 7 54807 10 54825 32 54859 59 54919 92 55033 7 55056 5 55064 8 55079 33 55114 60 55175 90 55287 9 55312 5 55321 8 55335 186 55542 10 55568 3 55584 1 55589 187 55796 11 55823 4 55845 187 56052 11 56079 5 56102 185 56309 10 56335 6 56349 2 56358 183 56565 10 56591 6 56614 78 56695 101 56823 8 56848 5 56870 78 56953 2 56957 94 57081 5 57106 2 57125 78 57215 90 57343 1 57381 78 57471 90 57599 1 57637 18 57658 54 57724 1 57727 88 57855 1 57893 17 57915 52 57980 1 57983 87 58111 1 58151 13 58170 17 58191 17 58213 9 58239 86 58367 1 58407 12 58425 18 58448 16 58470 5 58496 85 58664 5 58671 4 58678 8 58687 12 58705 9 58717 2 58751 10 58762 75 58921 4 58928 27 58961 5 58973 2 59007 10 59019 74 59178 2 59185 21 59207 4 59230 1 59263 9 59277 73 59432 5 59441 25 59469 3 59519 8 59533 73 59687 10 59699 21 59725 4 59730 5 59739 2 59776 5 59789 73 59943 11 59955 20 59981 4 59986 6 59994 2 60033 4 60046 5 60053 65 60198 7 60207 22 60236 12 60301 73 60453 8 60463 22 60491 13 60556 73 60709 8 60719 21 60746 14 60811 2 60816 70 60927 1 60965 8 60975 20 61001 14 61072 70 61183 1 61221 30 61257 12 61318 3 61329 70 61439 1 61478 7 61489 16 61513 11 61569 2 61573 6 61585 70 61695 1 61745 14 61770 7 61823 12 61839 73 62001 14 62026 7 62075 2 62079 13 62093 76 62257 4 62266 2 62281 7 62331 94 62514 2 62537 7 62587 94 62794 4 62802 8 62843 94 63051 2 63058 8 63099 94 63280 1 63307 1 63313 10 63337 2 63356 91 63569 10 63592 5 63612 91 63825 9 63841 3 63848 7 63868 19 63889 69 63999 1 64080 10 64096 4 64104 8 64124 19 64146 68 64255 1 64336 7 64351 6 64363 5 64386 13 64405 66 64510 2 64591 7 64606 7 64619 5 64642 13 64665 62 64765 3 64806 3 64848 5 64861 8 64877 2 64883 3 64899 12 64922 61 65020 4 65061 5 65106 3 65118 7 65139 5 65155 12 65178 62 65275 5 65306 5 65315 8 65349 6 65363 2 65374 6 65393 10 65412 11 65431 66 65531 5
826515,0 111 115 1253 1370 2553 3927 252 4183 252 4439 252 4695 252 4948 60588
830714,0 57728 57731 253 57988 252 58245 251 58501 2777 61283 250 61537 251 61793 251 62049 252 62305 252 62561 252 62817 252 63073 251 63328 253 63583 1953
839719,0 65536
841484,6075 2 6330 5 6584 11 6839 13 7093 18 7112 3 7348 23 7602 27 7857 28 8111 30 8367 30 8621 32 8877 32 9132 32 9389 31 9645 30 9901 30 10156 31 10412 30 10668 29 10925 28 11181 28 11437 27 11693 26 11949 26 12205 28 12461 28 12717 28 12973 28 13227 31 13483 30 13739 30 13995 30 14253 26 14509 23 14766 20 15023 18 15280 17 15536 17 15793 16 16048 17 16302 20 16558 20 16813 22 17069 24 17326 24 17582 25 17839 24 18095 24 18352 23 18608 24 18865 22 19123 20 19381 18 19638 17 19897 14 20154 13 20411 11 20668 10 20925 9 21182 7 21440 5 27588 9 27843 10 28099 11 28355 11 28611 12 28866 14 29097 3 29108 7 29121 16 29353 2 29361 12 29377 16 29587 4 29615 34 29659 7 29842 7 29865 2 29870 35 29912 11 30095 12 30120 41 30165 16 30189 6 30349 16 30376 41 30419 20 30441 11 30604 19 30633 76 30860 19 30889 77 31115 22 31149 73 31371 22 31405 74 31627 27 31661 74 31883 28 31917 74 32113 6 32139 28 32172 75 32369 8 32395 29 32428 75 32523 3 32624 10 32663 18 32683 78 32778 5 32870 1 32881 10 32919 99 33033 6 33125 4 33137 10 33175 101 33289 5 33380 5 33395 8 33431 102 33546 3 33635 7 33653 6 33686 106 33891 7 33910 5 33942 106 34146 7 34167 3 34197 110 34401 8 34424 1 34453 116 34657 8 34679 4 34709 117 34913 8 34935 5 34966 118 35169 7 35190 7 35209 2 35222 119 35425 7 35446 7 35464 3 35479 118 35682 6 35701 9 35720 3 35735 118 35938 6 35957 10 35976 3 35991 118 36193 6 36214 9 36247 118 36449 6 36470 10 36502 119 36705 6 36727 9 36758 118 36961 6 36983 9 37013 117 37218 5 37240 8 37269 116 37475 3 37497 6 37525 107 37755 3 37780 108 37974 1 38012 1 38035 109 38228 6 38291 109 38477 2 38483 8 38547 109 38732 15 38803 109 38987 16 39059 109 39243 18 39317 107 39498 19 39573 107 39753 20 39829 107 40008 22 40085 84 40174 18 40263 24 40297 1 40343 80 40429 19 40519 26 40551 6 40599 80 40685 19 40773 29 40805 10 40857 78 40940 20 41029 30 41061 11 41113 78 41195 21 41281 34 41316 13 41357 3 41371 74 41451 21 41537 34 41573 13 41612 5 41627 74 41706 22 41779 6 41792 33 41829 14 41866 9 41884 71 41961 11 41979 5 42035 7 42047 34 42085 15 42122 9 42141 70 42217 10 42237 3 42290 9 42303 34 42341 15 42377 11 42399 33 42434 31 42475 7 42545 10 42559 35 42596 16 42633 11 42657 30 42691 28 42731 6 42799 14 42815 35 42852 16 42887 14 42916 28 42948 23 42987 6 43054 15 43071 35 43108 16 43143 14 43173 27 43205 21 43245 2 43309 53 43365 15 43392 21 43429 28 43466 14 43565 52 43621 15 43647 22 43685 28 43724 11 43820 53 43879 12 43903 22 43941 30 43984 4 44075 54 44136 11 44159 22 44197 30 44332 52 44394 9 44415 21 44453 31 44588 51 44651 8 44671 21 44709 31 44845 41 44907 10 44927 20 44965 32 45102 39 45152 2 45163 10 45184 19 45221 32 45360 34 45407 6 45419 13 45441 18 45477 33 45617 33 45661 9 45675 14 45697 18 45734 32 45874 31 45915 13 45931 40 45991 30 46131 29 46171 13 46187 41 46247 29 46393 23 46426 59 46503 28 46650 22 46682 59 46759 20 46781 4 46907 21 46937 60 47016 16 47164 19 47193 60 47273 14 47423 16 47448 43 47493 17 47529 11 47681 14 47703 62 47786 8 47940 9 47958 63 48197 7 48213 63 48456 1 48469 28 48501 30 48669 4 48725 28 48759 26 48923 7 48981 28 49016 23 49177 10 49237 29 49272 20 49431 12 49493 29 49529 18 49687 12 49749 29 49785 17 49941 14 50006 29 50042 15 50197 14 50263 12 50276 15 50298 15 50452 14 50519 10 50534 12 50555 14 50707 15 50776 7 50791 11 50812 13 50963 14 51048 9 51073 7 51199 1 51219 14 51305 7 51331 4 51451 5 51473 16 51681 4 51705 7 51729 17 51936 6 51960 8 51984 18 52192 7 52215 9 52240 18 52448 9 52470 10 52497 18 52703 12 52726 10 52753 18 52959 12 52982 10 53011 16 53214 15 53238 10 53267 15 53469 18 53494 10 53529 8 53723 24 53749 11 53785 8 53978 38 54045 2 54226 46 54480 48 54733 51 54988 52 55242 54 55497 55 55752 56 56008 56 56264 56 56520 56 56777 55 57033 55 57290 54 57547 53 57805 51 58062 50 58321 47 58456 3 58577 38 58617 7 58709 8 58835 36 58873 7 58965 9 59091 36 59129 7 59219 12 59349 34 59384 8 59475 12 59606 42 59731 12 59870 34 59987 12 60127 33 60243 12 60384 23 60408 8 60499 12 60641 21 60665 7 60755 10 60898 19 60921 7 61011 9 61157 16 61177 7 61267 7 61420 8 61433 7 61526 3 61689 7 61947 5 62203 5 62459 5 62715 5 62971 5 63227 5 63483 5 63739 5 63853 2 63997 3 64105 6 64253 3 64359 9 64615 10 64870 11 65126 11 65382 10
842508,165 8 181 8 195 10 211 9 233 17 436 8 450 27 490 17 691 9 706 28 747 16 945 11 961 36 1003 15 1201 11 1217 37 1259 14 1456 12 1473 38 1515 14 1712 12 1729 38 1772 13 1968 11 1985 37 2029 10 2224 11 2241 37 2286 9 2480 10 2497 37 2545 6 2554 1 2735 11 2753 37 2803 10 2990 11 3009 36 3063 8 3245 12 3265 36 3318 10 3501 12 3520 37 3574 10 3757 12 3776 37 3830 10 4012 13 4031 37 4087 9 4267 14 4287 37 4343 9 4523 15 4543 37 4600 8 4779 15 4799 36 4857 7 5013 5 5035 16 5056 35 5116 3 5269 6 5291 16 5312 35 5525 6 5547 15 5568 9 5582 19 5781 6 5803 15 5825 8 5839 18 6036 7 6059 14 6098 10 6292 7 6315 14 6355 6 6546 9 6571 12 6801 10 6827 12 7057 10 7082 12 7313 10 7337 13 7569 8 7593 13 7825 8 7849 13 8083 4 8105 13 8339 3 8361 13 8619 10 8875 10 9136 3 12967 3 13222 5 13478 5 13735 6 13775 10 13991 7 14031 11 14247 8 14285 14 14502 9 14541 15 14749 18 14796 17 15003 20 15051 18 15257 22 15283 5 15307 18 15513 22 15539 6 15562 19 15769 24 15794 9 15816 21 16025 24 16050 9 16069 24 16281 34 16321 27 16537 34 16576 27 16793 34 16831 27 17049 25 17077 7 17085 28 17306 23 17335 34 17562 23 17590 36 17819 22 17846 38 18075 22 18101 40 18331 22 18357 40 18586 23 18613 41 18842 23 18868 42 19098 68 19355 67 19611 22 19634 44 19867 16 19890 43 20123 14 20146 43 20380 13 20402 41 20637 10 20658 41 20895 8 20914 39 21151 8 21170 39 21407 8 21427 37 21663 9 21683 37 21919 10 21941 34 22175 10 22199 32 22431 10 22456 12 22469 16 22687 10 22713 11 22725 14 22943 10 22971 6 22979 16 23199 9 23228 23 23455 7 23489 18 23712 6 23745 18 24001 18 24257 18 24513 16 24770 15 25027 12 25284 10 25525 3 25781 3 26038 2 26294 2 27065 8 27320 18 27575 20 27831 20 28087 22 28343 23 28599 26 28856 26 29113 31 29369 31 29627 29 29883 30 30141 28 30397 28 30653 28 30908 29 31163 30 31417 32 31673 32 31929 32 32184 34 32440 37 32697 40 32953 40 33209 40 33465 40 33721 40 33977 40 34232 42 34488 42 34743 44 34999 45 35254 41 35296 5 35511 37 35553 2 35767 35 36024 33 36281 32 36537 32 36795 30 37051 30 37308 30 37565 29 37823 27 38080 26 38336 23 38592 21 38848 19 39104 18 39360 17 39604 1 39616 17 39859 2 39871 15 40115 3 40127 13 40372 1 40383 9 40640 6 40896 3 41153 2 41409 2 41663 4 41918 7 42174 7 42430 7 42686 7 42942 7 43198 7 43454 8 43710 8 43967 6 44223 5 45003 6 45258 12 45513 17 45766 21 45811 3 46018 26 46063 8 46273 28 46319 8 46529 28 46574 11 46785 28 46829 12 47040 29 47085 13 47297 28 47340 14 47553 28 47595 16 47809 28 47850 17 48066 26 48106 17 48323 25 48361 18 48580 23 48618 16 48838 19 48875 15 49096 15 49136 9 49352 14 49393 7 49609 12 49865 11 50124 7 50382 3 51683 5 51938 6 52193 6 52449 6 52705 5 52961 4 53188 5 53199 4 53212 9 53444 7 53454 5 53467 12 53699 16 53723 14 53955 17 53978 15 54211 38 54467 38 54514 1 54724 39 54767 5 54981 39 55021 8 55237 49 55494 49 55751 48 56007 49 56263 50 56519 50 56776 49 57032 49 57289 48 57543 50 57796 39 57839 10 58051 38 58095 10 58305 38 58350 11 58561 37 58606 11 58816 31 58849 3 58861 12 59071 31 59116 13 59326 31 59371 12 59582 31 59625 14 59839 28 59878 16 60095 27 60133 17 60351 26 60388 19 60415 1 60607 26 60644 19 60671 1 60863 24 60900 21 60925 3 61119 24 61156 21 61181 3 61375 24 61413 20 61436 4 61632 23 61669 21 61692 4 61888 22 61926 20 61951 1 62144 22 62183 19 62401 21 62442 17 62657 21 62698 18 62915 20 62954 19 63171 20 63209 21 63429 18 63465 22 63686 17 63720 24 63945 13 63975 25 64203 10 64231 25 64458 9 64484 22 64509 3 64713 10 64739 23 64766 2 64969 9 64994 24 65023 1 65225 9 65249 25 65479 10 65505 26
844747,0 60 83 1 98 6 115 2 119 56 233 2 256 61 339 2 354 6 375 55 511 64 595 2 605 3 611 4 630 56 767 68 851 2 857 8 868 3 885 56 1015 5 1023 72 1107 3 1111 12 1124 4 1139 57 1269 83 1363 16 1380 4 1393 58 1523 85 1618 22 1649 58 1779 84 1873 24 1905 58 2035 84 2129 24 2160 60 2291 84 2384 25 2415 61 2546 85 2640 25 2671 61 2801 87 2897 25 2927 58 3056 89 3153 25 3184 54 3311 92 3411 22 3443 49 3566 93 3668 21 3700 47 3821 97 3925 18 3959 43 4077 98 4181 18 4216 41 4333 99 4439 14 4473 40 4579 5 4589 100 4695 13 4730 39 4834 7 4843 104 4951 12 4987 37 5089 114 5208 11 5244 35 5345 114 5466 9 5504 7 5513 6 5602 114 5723 8 5761 4 5770 5 5858 37 5899 74 5982 3 6049 2 6115 35 6156 73 6304 3 6371 35 6413 72 6559 6 6627 36 6669 72 6815 12 6884 35 6927 70 7018 5 7071 15 7140 35 7183 70 7274 6 7327 16 7397 34 7440 68 7529 17 7583 18 7654 32 7697 67 7785 18 7839 19 7911 30 7954 65 8038 22 8094 20 8168 29 8210 65 8293 24 8350 21 8424 29 8467 64 8549 24 8606 21 8655 4 8681 28 8725 62 8803 26 8862 21 8903 2 8909 6 8937 27 8982 21 9004 39 9059 27 9118 20 9158 21 9195 25 9239 20 9261 38 9314 29 9374 20 9414 21 9451 24 9497 15 9519 37 9570 30 9630 19 9670 23 9709 22 9754 14 9775 36 9825 32 9886 19 9927 22 9967 18 10019 4 10032 35 10078 35 10141 20 10185 2 10197 9 10227 13 10288 24 10314 8 10333 37 10397 20 10454 9 10483 13 10544 33 10588 37 10653 20 10710 9 10741 11 10790 1 10793 4 10799 33 10844 37 10909 21 10967 8 10999 9 11045 42 11099 36 11165 23 11189 2 11223 16 11257 7 11299 45 11354 37 11421 23 11445 3 11477 20 11515 5 11554 22 11579 22 11609 35 11677 23 11701 4 11732 23 11810 22 11835 22 11865 35 11933 23 11957 5 11987 24 12065 22 12091 22 12121 34 12190 19 12211 6 12241 28 12321 20 12347 22 12377 34 12447 18 12467 6 12496 29 12577 20 12604 21 12633 34 12704 25 12747 35 12833 20 12860 21 12888 34 12960 25 13003 35 13089 9 13103 6 13117 20 13142 34 13217 11 13229 13 13257 37 13346 6 13359 6 13373 20 13397 34 13474 10 13485 14 13514 36 13617 2 13629 20 13653 29 13732 5 13739 16 13771 35 13885 22 13908 29 13972 3 13990 1 13995 16 14027 35 14141 52 14227 5 14252 15 14283 36 14396 52 14483 5 14508 16 14540 35 14652 51 14738 8 14765 15 14796 35 14908 49 14994 9 15021 15 15052 36 15163 49 15235 8 15251 8 15265 4 15277 15 15307 38 15420 45 15489 11 15507 8 15521 5 15533 15 15563 38 15677 40 15737 20 15763 9 15773 12 15789 15 15820 37 15933 40 15993 21 16019 41 16076 37 16190 39 16249 67 16332 37 16448 38 16505 66 16589 36 16705 38 16760 68 16844 37 16890 6 16961 38 17015 39 17055 30 17100 36 17143 9 17218 37 17270 39 17312 32 17354 37 17397 11 17473 38 17525 40 17568 33 17609 38 17651 13 17729 39 17781 40 17824 35 17865 55 17985 39 18036 41 18081 34 18120 56 18194 4 18239 42 18293 40 18336 37 18375 57 18449 6 18495 43 18549 40 18592 96 18703 10 18749 46 18805 40 18847 23 18872 72 18959 10 19003 48 19061 40 19103 22 19129 71 19217 8 19259 49 19317 39 19359 22 19387 69 19473 8 19515 49 19573 38 19616 21 19644 68 19731 6 19771 50 19829 36 19874 20 19903 65 20028 49 20081 38 20130 20 20159 65 20284 49 20336 40 20387 19 20415 65 20541 48 20591 41 20643 19 20671 65 20796 49 20847 42 20901 18 20927 65 21051 50 21104 41 21158 18 21182 66 21260 7 21276 8 21307 49 21361 40 21416 19 21437 67 21516 8 21528 13 21563 50 21618 39 21673 87 21772 27 21818 51 21875 37 21932 84 22028 28 22074 51 22131 37 22193 79 22283 37 22329 53 22387 38 22427 2 22449 79 22539 40 22585 54 22643 42 22705 79 22793 150 22960 80 23049 152 23215 81 23305 156 23471 81 23560 107 23669 49 23726 82 23816 105 23927 48 23982 82 24071 106 24183 49 24238 82 24327 105 24441 49 24493 83 24583 105 24698 134 24839 104 24956 132 25096 104 25213 131 25353 103 25471 129 25609 25 25636 76 25727 45 25773 83 25866 21 25893 76 25984 43 26030 82 26123 4 26129 14 26150 75 26240 41 26287 81 26389 2 26407 74 26494 45 26543 81 26663 75 26750 46 26800 80 26919 75 27005 48 27057 79 27176 74 27261 49 27313 79 27433 73 27516 51 27571 77 27689 72 27773 50 27827 77 27946 70 28029 90 28121 38 28205 66 28285 55 28341 33 28379 35 28467 60 28541 89 28635 34 28723 59 28798 87 28891 34 28981 54 29057 84 29148 33 29237 54 29314 82 29405 32 29495 48 29570 82 29670 23 29751 47 29827 80 29927 22 30008 44 30083 80 30183 22 30265 42 30339 54 30395 23 30440 21 30522 41 30594 55 30654 19 30696 19 30778 40 30849 56 30912 17 30953 18 31034 32 31103 58 31169 16 31210 16 31289 27 31359 58 31426 18 31467 15 31545 24 31616 57 31683 20 31726 11 31740 4 31801 24 31872 57 31939 21 31983 10 31995 5 32006 3 32057 26 32128 57 32195 22 32243 7 32251 5 32262 3 32313 27 32385 56 32452 22 32500 6 32507 5 32518 4 32568 29 32639 56 32709 22 32756 12 32775 3 32824 29 32894 56 32967 20 33012 12 33031 4 33080 30 33149 55 33224 19 33247 3 33267 13 33287 4 33336 30 33403 57 33480 19 33502 5 33523 13 33593 31 33633 5 33658 57 33737 27 33776 16 33849 32 33888 6 33914 57 33994 26 34030 18 34105 36 34143 10 34169 58 34250 16 34267 9 34283 21 34362 36 34399 10 34425 57 34506 15 34523 9 34539 21 34619 46 34681 50 34763 14 34779 9 34794 22 34875 45 34937 49 34997 4 35019 14 35035 9 35050 22 35132 43 35193 32 35230 11 35252 7 35275 12 35291 10 35305 23 35389 42 35449 32 35488 8 35506 9 35532 11 35546 11 35561 23 35646 40 35706 31 35761 10 35791 6 35801 11 35817 23 35903 39 35961 32 36016 12 36057 11 36073 23 36153 45 36213 36 36271 13 36311 14 36328 24 36408 46 36467 38 36525 15 36566 16 36584 24 36663 47 36722 39 36779 16 36821 43 36919 47 36977 40 37035 16 37077 43 37174 48 37232 40 37291 15 37331 45 37430 48 37489 38 37547 13 37587 45 37683 51 37745 36 37804 9 37842 46 37939 51 38001 34 38061 5 38098 46 38197 49 38257 34 38355 45 38416 1 38453 49 38513 34 38611 45 38671 4 38710 47 38768 34 38869 43 38927 4 38966 47 39024 33 39125 43 39183 5 39223 44 39280 33 39382 42 39439 5 39479 44 39536 32 39639 41 39735 42 39793 29 39898 38 39991 42 40049 28 40155 37 40209 5 40247 43 40305 28 40411 37 40465 6 40503 43 40562 27 40668 36 40721 6 40759 44 40819 26 40925 35 40977 6 41016 43 41075 26 41181 35 41233 6 41273 42 41332 25 41437 35 41489 7 41529 42 41589 24 41693 35 41745 9 41785 42 41847 22 41892 1 41950 34 42002 8 42042 41 42103 21 42147 4 42207 33 42258 9 42298 40 42365 14 42401 7 42463 33 42515 8 42525 1 42555 38 42657 7 42719 33 42771 11 42811 37 42913 8 42955 6 42969 39 43027 11 43067 36 43169 7 43209 8 43223 41 43284 9 43324 25 43412 5 43426 6 43463 11 43477 43 43540 10 43580 23 43652 6 43667 6 43683 4 43719 57 43797 10 43838 19 43907 9 43922 8 43974 58 44053 10 44095 17 44162 11 44177 10 44229 59 44309 9 44355 12 44416 14 44432 11 44485 59 44564 10 44613 10 44671 28 44739 61 44820 10 44872 5 44926 29 44993 63 45076 11 45181 30 45248 64 45332 11 45436 31 45502 66 45589 11 45691 32 45758 66 45845 11 45945 34 46014 55 46077 3 46101 12 46200 35 46270 55 46333 3 46357 12 46453 38 46527 53 46589 3 46613 12 46708 39 46783 53 46845 3 46869 12 46961 42 47039 52 47101 3 47125 12 47215 44 47294 53 47357 3 47381 12 47426 6 47470 45 47549 54 47614 2 47638 11 47681 8 47725 46 47805 54 47871 1 47895 10 47937 11 47982 44 48060 55 48127 1 48151 10 48192 13 48238 43 48315 56 48409 8 48448 13 48495 42 48571 56 48666 6 48704 13 48751 42 48827 56 48923 4 48960 13 49007 41 49069 10 49083 55 49216 13 49263 40 49323 14 49339 55 49473 10 49518 41 49578 15 49595 54 49729 10 49773 41 49831 74 49985 9 50029 41 50083 78 50242 7 50284 41 50339 78 50497 8 50515 2 50539 42 50593 80 50753 8 50770 5 50795 42 50847 82 50992 3 51007 13 51024 9 51049 44 51101 84 51199 1 51248 4 51262 27 51305 44 51357 83 51455 1 51505 7 51516 29 51560 45 51613 83 51711 1 51761 40 51817 44 51869 83 51965 3 52017 41 52074 43 52124 85 52219 5 52274 40 52331 42 52380 85 52473 7 52530 41 52587 41 52637 84 52727 9 52786 42 52844 40 52893 84 52983 9 53041 44 53101 39 53149 84 53237 11 53297 44 53357 39 53405 83 53493 11 53549 50 53613 38 53662 69 53737 4 53749 11 53805 50 53869 38 53918 68 54004 12 54061 50 54125 38 54175 65 54259 13 54317 50 54381 37 54431 56 54514 14 54577 46 54637 37 54687 52 54767 17 54833 46 54893 37 54944 50 55021 19 55090 45 55150 37 55201 48 55274 22 55346 45 55407 36 55457 48 55529 23 55603 44 55663 36 55713 48 55784 24 55859 44 55920 35 55969 48 56040 24 56115 43 56176 35 56225 46 56295 25 56371 43 56433 34 56481 46 56551 25 56628 42 56689 32 56738 43 56807 25 56884 42 56946 31 56994 42 57062 26 57123 1 57140 42 57203 28 57251 39 57317 27 57379 1 57396 42 57459 28 57507 38 57573 27 57635 2 57651 43 57715 26 57763 31 57828 28 57907 43 57971 26 58019 30 58084 28 58163 42 58229 22 58275 30 58339 29 58419 42 58486 21 58531 30 58595 29 58676 39 58744 18 58789 28 58850 30 58932 38 59001 16 59045 28 59105 31 59189 34 59259 12 59303 25 59361 31 59445 34 59516 9 59560 23 59617 31 59701 32 59817 20 59872 32 59957 31 60074 18 60128 32 60215 28 60331 13 60384 32 60472 25 60587 12 60641 31 60729 23 60844 9 60895 33 60987 20 61101 8 61151 33 61245 16 61358 5 61406 34 61502 15 61615 4 61662 34 61761 11 61873 2 61917 35 62019 8 62129 1 62172 36 62429 35 62685 35 62941 35 63197 35 63454 34 63711 33 63967 33 64224 32 64471 5 64480 32 64575 3 64726 8 64737 31 64829 6 64980 11 64992 32 65085 6 65235 45 65340 7 65407 2 65489 47
846389,81 9 147 20 247 9 337 11 402 21 503 9 593 11 658 21 759 9 850 11 913 22 1015 9 1106 11 1169 22 1270 10 1363 10 1424 22 1526 10 1619 9 1680 22 1781 11 1877 6 1935 23 2037 11 2135 3 2191 23 2293 11 2357 2 2447 24 2549 11 2612 4 2703 24 2804 12 2867 6 2959 24 3060 12 3123 6 3215 24 3316 12 3379 7 3471 25 3571 13 3636 6 3727 25 3827 13 3893 4 3942 5 3983 25 4083 13 4149 4 4197 7 4239 25 4339 13 4452 9 4495 24 4595 13 4708 9 4751 24 4851 13 4965 8 5007 23 5105 15 5221 8 5262 24 5361 15 5480 4 5517 24 5617 15 5773 24 5873 15 6027 26 6128 16 6283 25 6384 16 6539 26 6641 15 6795 26 6897 15 7051 27 7154 14 7307 27 7394 1 7411 13 7565 25 7649 4 7668 12 7821 26 7905 5 7925 11 8077 26 8162 3 8181 11 8333 26 8438 10 8499 6 8590 26 8694 10 8754 7 8847 26 8950 10 9009 9 9103 26 9205 11 9265 10 9359 26 9459 13 9521 10 9615 26 9708 20 9777 10 9871 26 9957 5 9963 21 10033 9 10127 24 10209 31 10289 8 10383 24 10465 31 10639 23 10721 31 10895 22 10977 31 11152 20 11235 29 11408 19 11491 29 11665 15 11749 27 11921 14 12005 27 12178 13 12262 26 12435 12 12518 26 12696 7 12774 26 12953 6 13031 25 13209 6 13287 25 13465 5 13541 27 13723 2 13789 35 14045 35 14301 35 14557 35 14813 35 15069 35 15325 35 15582 34 15839 33 16096 32 16183 4 16353 31 16438 6 16610 30 16693 8 16867 29 16949 8 17123 29 17204 10 17380 28 17461 9 17636 28 17717 9 17893 27 17974 7 18011 4 18149 27 18267 4 18405 27 18523 6 18661 27 18780 5 18918 26 19036 5 19174 26 19277 2 19293 2 19431 25 19533 2 19687 25 19944 24 20200 24 20456 24 20712 24 20967 25 21222 26 21477 27 21733 27 21807 4 21855 6 21989 27 22062 5 22110 10 22246 26 22318 5 22366 13 22502 26 22574 4 22621 14 22758 26 22877 14 22970 3 23013 27 23133 15 23227 2 23269 27 23390 15 23484 1 23524 28 23646 15 23779 29 23903 15 24031 33 24159 15 24285 35 24415 15 24540 36 24669 17 24796 36 24923 19 25052 36 25178 20 25309 35 25383 2 25433 20 25566 34 25689 20 25823 33 25945 20 26080 31 26201 20 26337 28 26458 19 26593 28 26714 19 26849 28 26970 10 26985 3 27105 29 27227 8 27362 28 27483 7 27619 28 27739 7 27875 28 27998 1 28131 28 28387 20 28409 6 28509 2 28645 18 28760 8 28901 18 29003 1 29015 10 29159 14 29257 4 29271 12 29415 14 29512 6 29527 12 29673 8 29769 5 29782 14 29929 8 30025 4 30038 15 30108 1 30185 8 30283 2 30294 16 30363 4 30441 8 30548 18 30618 4 30697 8 30804 18 30873 4 30953 7 31059 19 31123 10 31140 1 31210 4 31315 20 31379 9 31395 4 31467 2 31571 20 31633 8 31650 7 31827 21 31890 7 31905 9 32083 21 32155 17 32341 19 32410 19 32603 13 32667 18 32860 12 32927 15 33118 10 33184 15 33375 9 33440 15 33502 5 33632 8 33697 14 33755 11 33888 8 33954 12 34010 12 34143 10 34211 5 34266 12 34399 10 34522 12 34654 12 34779 11 34909 13 35035 11 35134 1 35165 14 35292 11 35389 6 35421 14 35549 9 35643 10 35677 14 35805 9 35898 12 35933 14 36061 9 36154 14 36189 14 36257 4 36318 7 36410 15 36445 14 36511 7 36574 6 36608 1 36666 15 36693 23 36765 10 36831 5 36864 2 36923 14 36948 24 37021 10 37089 3 37120 3 37180 13 37201 27 37276 12 37347 5 37376 3 37435 14 37457 27 37531 13 37603 6 37632 3 37691 14 37711 29 37787 14 37858 8 37888 3 37947 15 37967 29 38043 14 38114 9 38144 1 38201 52 38298 15 38337 2 38365 1 38371 12 38457 52 38553 16 38591 8 38619 5 38627 12 38647 1 38712 53 38809 16 38845 11 38873 9 38883 14 38903 2 38968 53 39064 16 39101 12 39129 24 39158 4 39224 53 39286 5 39319 16 39355 14 39384 26 39413 7 39480 53 39542 5 39575 16 39611 14 39639 37 39737 49 39798 7 39831 15 39867 14 39894 39 39994 46 40054 11 40087 15 40122 15 40150 39 40253 41 40311 13 40344 13 40376 22 40400 47 40511 34 40567 16 40601 12 40631 72 40767 34 40821 18 40857 12 40885 75 41024 33 41075 20 41113 10 41141 75 41281 33 41328 23 41397 75 41537 34 41579 28 41623 7 41653 75 41791 36 41833 28 41877 10 41908 76 42047 36 42089 28 42133 11 42155 2 42163 77 42302 37 42347 24 42385 14 42419 77 42557 38 42603 22 42639 16 42675 77 42813 38 42859 20 42891 21 42930 78 43050 3 43068 39 43116 16 43143 26 43185 79 43297 17 43323 37 43372 15 43397 31 43441 79 43545 26 43579 36 43628 15 43653 32 43697 79 43799 28 43833 34 43885 14 43909 34 43953 79 44055 29 44088 33 44141 14 44165 34 44209 79 44309 32 44343 33 44397 14 44421 38 44465 79 44565 32 44599 32 44653 14 44677 40 44721 79 44821 12 44838 49 44909 14 44933 41 44977 80 45077 11 45095 49 45165 14 45190 40 45233 82 45333 10 45351 50 45420 15 45447 40 45489 68 45560 3 45568 2 45590 8 45607 52 45675 16 45703 40 45744 69 45824 1 45849 1 45863 31 45895 25 45930 18 45959 110 46080 1 46119 30 46152 30 46185 20 46215 110 46375 85 46471 110 46631 84 46727 110 46886 82 46973 4 46983 110 47124 3 47141 82 47229 6 47239 110 47377 8 47396 24 47425 54 47485 8 47495 110 47632 9 47651 24 47682 53 47741 8 47751 110 47879 6 47886 12 47905 27 47939 52 47997 119 48135 19 48159 29 48195 52 48252 119 48375 1 48391 19 48415 30 48449 54 48507 119 48647 19 48670 31 48705 54 48763 118 48890 6 48903 19 48925 32 48959 57 49018 119 49144 8 49159 20 49180 213 49399 9 49415 234 49654 10 49671 109 49783 123 49909 11 49928 107 50040 136 50184 106 50297 135 50439 108 50552 136 50693 111 50807 137 50948 114 51063 137 51203 253 51458 28 51489 223 51713 28 51745 223 51969 28 52001 223 52225 26 52257 194 52455 52 52513 194 52711 52 52769 194 52967 52 53025 195 53222 53 53279 1475 54755 255 55012 253 55269 252 55525 253 55779 557 56338 255 56598 252 56855 253 57111 1515 58627 253 58884 252 59140 252 59396 252 59651 253 59907 253 60164 252 60420 252 60676 37 60715 213 60933 35 60972 212 61188 35 61228 251 61484 250 61739 251 61995 251 62250 181 62432 69 62506 180 62688 69 62761 181 62945 69 63017 182 63200 71 63273 2263
850742,0 16671 16673 254 16929 253 17185 252 17441 244 17688 4 17697 244 17946 1 17953 243 18207 244 18461 246 18717 246 18975 243 19233 240 19489 237 19740 3 19745 236 19995 5 20001 236 20252 240 20508 240 20765 240 21021 240 21277 240 21533 240 21788 241 22043 242 22298 243 22553 244 22808 245 23063 247 23318 249 23574 249 23830 249 24086 250 24341 252 24596 1963 26562 233 26799 8 26808 5 26819 229 27076 228 27335 15 27357 202 27595 8 27617 6 27627 185 27813 2 27853 5 27879 188 28134 189 28390 189 28643 194 28898 196 29151 199 29403 203 29656 206 29911 207 30157 4 30165 209 30412 5 30419 211 30668 218 30924 218 31179 219 31434 221 31677 5 31689 228 31933 9 31944 230 32189 242 32445 243 32701 244 32956 252 33211 254 33467 32069
863209,0 13818 13819 254 14076 248 14336 239 14592 237 14848 234 15104 229 15360 227 15616 223 15872 219 16128 209 16384 207 16640 203 16896 199 17152 195 17408 193 17664 186 17920 181 18176 176 18432 171 18688 166 18944 165 19200 162 19456 161 19712 156 19968 154 20224 146 20480 145 20736 137 20874 2 20992 136 21248 131 21504 127 21760 123 22016 121 22272 119 22528 117 22784 111 23040 109 23296 105 23552 103 23808 97 24064 93 24320 86 24576 83 24832 79 25088 76 25344 73 25600 73 25856 70 26112 65 26368 59 26624 57 26880 53 27136 50 27392 41 27648 39 27904 35 28160 33 28416 31 28672 25 28928 21 29184 19 29440 14 29696 5 29705 2 29952 3 30208 3
863364,6 14 70 109 184 72 261 14 327 108 439 73 517 14 583 108 695 73 773 12 840 184 1028 13 1096 184 1284 13 1352 184 1540 13 1608 184 1795 14 1864 184 2051 14 2119 185 2307 14 2375 185 2563 14 2631 185 2818 17 2886 186 3074 18 3141 187 3330 20 3397 187 3586 20 3653 187 3842 20 3909 187 4098 19 4165 208 4420 209 4653 2 4676 210 4908 3 4931 212 5163 4 5187 212 5408 5 5415 8 5443 213 5663 15 5699 213 5917 16 5955 213 6173 16 6211 212 6428 19 6468 211 6684 20 6718 1 6725 209 6940 22 6973 3 6981 207 7195 24 7228 4 7237 200 7450 25 7483 6 7494 199 7705 26 7739 5 7748 200 7954 33 7993 7 8002 201 8209 34 8249 7 8258 201 8465 34 8503 9 8514 201 8720 35 8759 9 8769 202 8975 36 9012 215 9231 36 9270 215 9486 36 9527 250 9783 249 10041 247 10299 244 10555 244 10810 244 11065 245 11321 245 11577 245 11833 252 12089 252 12344 1277 13623 253 13881 249 14139 246 14395 2 14398 243 14655 241 14910 241 15166 241 15422 239 15678 239 15933 240 16189 239 16445 239 16701 239 16956 239 17211 83 17298 153 17467 82 17555 151 17723 81 17813 148 17979 80 18069 148 18234 4 18239 76 18325 12 18338 135 18490 3 18495 76 18581 12 18595 134 18747 1 18752 74 18837 12 18851 133 19008 73 19093 146 19264 71 19350 144 19519 72 19606 141 19775 71 19863 96 19961 42 20030 71 20119 96 20219 39 20275 4 20285 66 20374 95 20472 41 20531 4 20541 66 20629 95 20728 39 20785 6 20797 65 20885 94 20983 40 21041 6 21053 65 21141 94 21239 38 21297 6 21309 64 21397 94 21494 39 21553 6 21564 64 21653 94 21749 40 21809 5 21820 63 21909 136 22065 4 22076 62 22165 136 22323 1 22332 61 22421 135 22588 60 22677 134 22844 59 22933 134 23100 58 23189 127 23355 56 23446 124 23610 57 23702 121 23864 59 23958 119 24113 4 24119 60 24214 119 24369 66 24469 121 24626 65 24725 122 24883 63 24980 123 25139 62 25235 126 25397 59 25490 127 25653 59 25746 127 25909 58 26003 126 26165 58 26259 125 26421 58 26515 124 26677 58 26771 124 26932 59 27026 125 27187 58 27281 126 27442 56 27523 6 27536 127 27698 56 27779 7 27792 128 27953 57 28038 5 28049 128 28209 57 28273 1 28295 4 28305 129 28465 68 28564 127 28721 68 28822 127 28977 68 29086 119 29233 68 29343 120 29489 68 29599 120 29745 67 29856 118 30001 66 30112 117 30256 67 30368 117 30512 67 30624 116 30767 68 30880 115 31020 71 31136 115 31275 72 31392 113 31530 46 31582 22 31609 4 31647 113 31785 46 31839 22 31863 6 31903 112 32024 7 32039 48 32095 31 32159 112 32279 9 32294 48 32351 32 32415 112 32535 63 32607 32 32672 111 32791 63 32863 32 32929 110 33047 63 33119 32 33185 110 33303 63 33375 32 33441 110 33559 63 33631 32 33698 109 33814 65 33887 32 33955 108 34069 66 34143 32 34211 108 34325 66 34399 32 34467 82 34553 23 34579 69 34654 35 34723 79 34812 20 34835 70 34909 40 34979 77 35070 18 35089 17 35109 98 35235 74 35328 16 35345 18 35365 99 35491 75 35584 13 35602 20 35625 96 35747 75 35840 13 35858 21 35881 96 36002 77 36096 11 36115 120 36258 79 36352 10 36371 120 36513 81 36608 9 36627 120 36769 88 36864 9 36882 121 37025 88 37120 8 37133 3 37137 122 37281 89 37376 9 37387 128 37537 90 37632 139 37793 90 37888 138 38049 91 38144 137 38304 92 38400 99 38500 36 38560 92 38656 96 38757 33 38817 91 38912 5 38918 89 39013 31 39074 90 39168 5 39174 88 39269 28 39331 89 39424 94 39525 28 39587 88 39680 2 39684 91 39781 27 39842 89 39940 91 40037 26 40098 89 40196 91 40293 26 40354 88 40452 92 40549 25 40609 89 40707 121 40866 88 40963 121 41122 88 41219 120 41378 89 41473 122 41635 88 41729 122 41892 88 41984 32 42017 89 42149 88 42241 23 42273 12 42291 70 42406 87 42497 21 42530 10 42548 69 42662 87 42754 19 42787 8 42804 68 42919 85 43011 18 43043 2 43046 4 43060 68 43175 84 43267 18 43316 41 43360 23 43432 81 43523 18 43572 41 43617 22 43689 78 43779 20 43811 1 43827 42 43874 21 43946 76 44035 20 44066 2 44083 42 44130 21 44203 75 44292 21 44339 42 44385 20 44461 71 44548 21 44595 42 44641 20 44719 68 44804 23 44851 43 44895 21 44981 54 45061 22 45108 65 45239 51 45317 23 45365 24 45391 38 45442 5 45496 48 45573 23 45623 22 45647 38 45697 6 45752 48 45829 23 45881 60 45953 6 46008 48 46085 22 46137 18 46156 42 46209 6 46264 48 46340 21 46395 60 46464 8 46520 45 46595 21 46651 61 46719 9 46755 2 46776 43 46851 19 46908 76 47010 4 47032 41 47097 7 47107 18 47164 76 47266 5 47289 39 47351 30 47420 11 47433 23 47457 39 47520 7 47545 37 47605 32 47661 2 47675 12 47690 21 47713 40 47775 8 47802 35 47861 11 47874 19 47911 14 47927 15 47951 14 47970 40 48031 10 48063 30 48117 11 48130 19 48167 31 48207 14 48226 41 48286 11 48321 27 48373 11 48387 20 48421 34 48463 7 48471 3 48482 41 48543 11 48578 26 48629 11 48644 19 48677 35 48720 5 48727 2 48738 41 48799 11 48835 25 48885 11 48901 20 48932 36 48993 51 49054 13 49091 24 49141 11 49157 21 49187 36 49249 52 49309 14 49347 24 49397 11 49412 23 49443 36 49505 54 49562 17 49601 26 49652 12 49668 24 49698 36 49742 5 49749 2 49761 75 49857 26 49908 12 49925 23 49953 35 49997 10 50016 77 50111 28 50163 13 50181 24 50209 34 50253 11 50267 1 50272 78 50367 27 50419 13 50438 23 50463 37 50509 5 50517 90 50623 19 50645 4 50675 13 50695 61 50766 1 50774 89 50879 18 50903 2 50931 13 50951 61 51031 89 51135 18 51186 14 51207 61 51286 91 51391 17 51442 14 51463 60 51541 92 51647 6 51679 1 51699 13 51720 59 51797 92 51904 4 51955 13 51976 58 52053 92 52211 13 52233 18 52253 37 52309 92 52467 13 52489 16 52512 33 52564 93 52721 16 52745 15 52770 31 52820 93 52977 17 53001 14 53031 25 53076 94 53232 18 53257 14 53288 24 53332 94 53488 18 53513 14 53546 21 53588 95 53745 17 53769 14 53803 20 53845 96 54004 14 54025 14 54059 20 54101 98 54267 7 54281 13 54315 20 54357 99 54523 6 54538 11 54571 20 54615 98 54780 5 54795 9 54827 20 54871 98 55036 4 55083 19 55127 98 55292 4 55339 19 55383 98 55548 4 55596 18 55638 97 55758 3 55804 4 55853 17 55894 97 56014 4 56058 6 56111 14 56149 98 56269 6 56312 5 56367 14 56405 98 56525 6 56567 6 56624 13 56660 99 56782 5 56825 3 56880 13 56915 100 57039 3 57137 11 57171 100 57393 10 57427 100 57649 8 57684 99 57905 7 57940 99 58163 4 58196 99 58331 3 58453 98 58587 4 58709 100 58833 2 58842 5 58870 5 58965 100 59088 4 59099 4 59125 6 59172 3 59221 101 59343 6 59355 4 59381 7 59427 4 59478 101 59598 8 59611 4 59637 7 59683 4 59696 4 59735 102 59853 10 59866 6 59893 6 59939 4 59951 6 59991 103 60109 19 60150 5 60204 9 60247 104 60365 19 60407 4 60460 10 60503 104 60621 19 60663 1 60715 11 60759 104 60876 20 60971 10 61014 105 61131 20 61227 10 61267 108 61387 20 61483 10 61521 110 61642 21 61740 9 61776 110 61897 21 61996 8 62032 109 62152 22 62253 7 62287 109 62406 25 62509 7 62531 4 62543 108 62662 25 62711 1 62766 6 62786 6 62799 106 62917 26 62965 3 63023 6 63041 8 63054 107 63173 26 63220 4 63280 8 63297 8 63309 107 63428 27 63476 5 63537 7 63552 9 63565 106 63684 27 63732 4 63793 7 63806 11 63821 104 63939 28 63989 3 64050 6 64061 12 64077 103 64195 28 64245 3 64319 11 64333 102 64451 28 64576 10 64589 101 64707 28 64835 6 64845 98 64962 29 65092 4 65101 96 65218 28 65357 94 65473 28
863933,0 65536
863998,12529 5 12783 8 13037 10 13291 13 13545 15 13793 23 14049 24 14303 26 14559 26 14814 27 15070 27 15305 2 15326 25 15560 3 15582 25 15813 7 15838 21 16068 8 16095 19 16323 9 16351 20 16569 20 16607 21 16824 21 16863 20 17081 20 17119 20 17337 20 17375 19 17592 21 17631 18 17847 22 17888 17 18081 1 18103 22 18145 16 18334 7 18359 21 18400 16 18589 8 18615 21 18655 16 18843 10 18871 20 18911 16 19098 11 19127 20 19166 16 19352 13 19383 19 19421 15 19607 14 19639 18 19677 15 19862 15 19895 18 19933 15 20117 15 20151 18 20189 15 20373 14 20406 18 20445 14 20629 14 20662 18 20701 14 20885 13 20919 1 20926 9 20956 14 21141 13 21183 7 21212 13 21361 14 21397 12 21440 5 21467 14 21617 15 21654 9 21723 14 21873 16 21980 14 22129 16 22236 15 22265 6 22386 15 22492 17 22520 8 22643 15 22748 18 22776 8 22899 15 23005 18 23031 9 23155 15 23261 19 23287 9 23411 16 23517 20 23543 9 23663 20 23774 19 23800 8 23917 22 24031 18 24057 7 24172 23 24215 2 24289 16 24313 7 24427 23 24546 14 24570 6 24683 23 24803 13 24826 6 24939 22 25061 11 25083 5 25195 10 25208 9 25318 9 25340 4 25451 8 25467 4 25577 4 25707 8 25723 4 25834 1 25962 9 26094 4 26099 2 26113 2 26218 9 26350 8 26368 5 26473 11 26491 1 26605 10 26624 5 26729 20 26861 10 26880 6 26985 21 27117 11 27136 6 27241 21 27361 2 27373 11 27392 7 27496 23 27613 8 27629 12 27648 7 27752 23 27868 10 27885 12 27904 6 28007 24 28123 12 28141 11 28160 6 28263 24 28379 13 28397 10 28416 3 28519 23 28582 5 28635 14 28653 10 28672 1 28775 22 28837 6 28891 15 28909 10 29032 20 29092 9 29148 15 29166 8 29288 20 29347 10 29404 17 29422 7 29545 18 29603 12 29662 17 29801 18 29859 12 29919 16 30058 17 30115 13 30175 17 30208 1 30315 15 30371 14 30432 17 30453 1 30571 12 30626 15 30688 27 30829 9 30882 15 30944 27 31085 8 31137 16 31199 29 31342 7 31393 16 31448 3 31453 31 31534 1 31648 16 31701 40 31789 4 31904 15 31957 40 32044 6 32160 13 32212 42 32300 7 32417 12 32467 43 32557 6 32663 22 32718 48 32813 6 32917 24 32972 50 33070 5 33172 26 33227 51 33327 3 33429 24 33483 51 33685 24 33739 42 33941 23 33994 37 34033 2 34197 21 34249 38 34338 7 34454 19 34504 39 34591 14 34710 19 34759 42 34846 23 34966 19 35015 42 35101 26 35222 19 35271 43 35357 26 35479 17 35529 41 35611 27 35736 16 35785 42 35867 27 35960 4 35993 14 36042 41 36122 29 36213 8 36250 10 36299 40 36378 29 36469 10 36507 6 36556 39 36633 30 36724 11 36813 22 36837 14 36889 31 36979 12 37071 18 37093 14 37145 32 37235 12 37333 11 37350 12 37401 32 37491 12 37589 9 37606 13 37656 35 37747 11 37845 8 37863 12 37912 35 38003 10 38101 8 38119 12 38169 36 38259 10 38359 4 38377 10 38426 35 38515 10 38615 4 38635 8 38683 34 38771 10 38939 34 39027 10 39197 32 39285 7 39453 32 39541 7 39710 29 39800 3 39967 28 40148 2 40225 25 40402 9 40483 22 40645 3 40657 11 40741 11 40754 6 40899 6 40913 14 40997 10 41012 3 41155 6 41168 16 41256 6 41411 6 41423 18 41511 7 41666 7 41679 18 41767 6 41922 7 41935 17 42023 6 42177 8 42191 16 42279 6 42296 1 42435 4 42447 14 42535 5 42551 3 42703 13 42807 3 42959 12 43064 1 43215 13 43471 14 43727 14 43980 2 43983 15 44235 3 44240 15 44349 3 44489 6 44496 17 44603 6 44745 6 44752 18 44857 9 44915 4 44999 28 45050 1 45107 1 45113 9 45165 12 45254 29 45360 19 45416 17 45507 31 45614 20 45671 19 45763 30 45869 21 45927 20 46019 28 46124 21 46183 20 46275 28 46379 13 46394 6 46438 23 46531 28 46634 14 46652 3 46694 24 46787 28 46888 17 46949 32 47042 30 47143 18 47205 33 47295 34 47397 20 47461 34 47502 5 47537 7 47547 38 47653 20 47717 34 47758 7 47793 48 47906 22 47972 35 48013 10 48049 48 48161 23 48227 36 48269 10 48304 49 48416 23 48483 35 48525 10 48560 49 48671 23 48739 34 48781 10 48815 40 48856 9 48926 24 48995 26 49037 10 49071 40 49113 9 49181 26 49251 27 49293 10 49326 41 49370 8 49407 1 49436 27 49507 28 49549 10 49582 41 49627 8 49663 1 49692 27 49763 28 49806 9 49837 42 49883 8 49919 1 49947 30 50019 29 50062 9 50093 42 50141 6 50173 3 50203 30 50276 29 50318 9 50349 42 50399 4 50429 3 50459 34 50533 28 50575 8 50605 42 50685 3 50715 35 50791 26 50831 8 50861 45 50941 3 50971 36 51047 26 51088 6 51117 46 51193 7 51227 36 51303 25 51345 4 51373 46 51441 15 51483 36 51560 23 51629 48 51695 17 51739 36 51816 23 51885 48 51951 17 51996 35 52074 20 52141 48 52205 19 52252 35 52333 16 52397 48 52461 19 52508 35 52591 13 52654 47 52717 19 52764 35 52847 12 52910 47 52972 20 53020 33 53167 45 53228 20 53277 30 53423 46 53484 20 53533 25 53680 45 53740 20 53789 24 53936 45 53997 19 54047 20 54193 44 54254 18 54303 19 54451 42 54511 17 54561 17 54707 42 54771 13 54817 17 54964 3 54973 31 55027 13 55075 14 55231 4 55239 11 55283 13 55333 12 55499 6 55539 13 55593 7 55794 14 55853 2 56049 15 56305 15 56560 16 56815 17 57071 17 57325 19 57581 19 57836 20 58091 21 58344 24 58537 1 58599 25 58792 3 58853 27 59065 4 59108 28 59315 13 59363 29 59564 2 59567 18 59619 29 59819 22 59875 29 60074 23 60131 29 60330 27 60387 29 60512 8 60585 28 60643 30 60766 13 60839 31 60900 32 61021 15 61095 33 61157 32 61275 19 61349 46 61414 31 61528 22 61605 46 61671 30 61782 25 61860 47 61928 29 62037 28 62086 1 62115 48 62185 28 62293 29 62339 5 62371 48 62442 27 62548 31 62595 5 62627 48 62699 26 62803 32 62850 6 62884 47 62955 26 63059 31 63106 7 63141 46 63212 25 63314 32 63362 7 63398 45 63469 23 63569 33 63619 6 63655 44 63725 23 63825 32 63875 6 63921 34 63981 22 64081 31 64131 6 64179 32 64237 22 64337 33 64387 7 64435 33 64493 21 64593 33 64644 6 64691 34 64749 20 64850 32 64900 7 64947 34 65006 18 65107 31 65157 6 65203 34 65262 18 65366 27 65413 6 65460 33 65519 17
867180,1 46 61 10 164 1 259 43 317 7 517 40 573 6 775 38 832 1 1032 37 1290 33 1327 2 1546 11 1559 20 1584 1 1803 8 1817 16 1851 3 1867 2 1948 9 2061 4 2074 15 2107 4 2121 5 2201 12 2330 13 2363 6 2377 5 2458 13 2587 11 2620 6 2632 6 2714 14 2733 5 2843 10 2875 8 2887 7 2970 15 2987 10 3100 8 3131 19 3226 27 3357 5 3387 19 3476 34 3613 4 3643 19 3732 34 3867 2 3902 16 3987 36 4123 2 4159 15 4242 23 4267 12 4416 13 4499 35 4673 7 4681 4 4755 34 4933 2 4939 2 5011 34 5189 2 5195 2 5267 34 5443 4 5453 2 5523 34 5699 4 5709 3 5781 32 5955 4 5963 6 6037 30 6211 4 6218 7 6293 29 6467 4 6474 7 6549 27 6723 4 6730 7 6805 26 6986 6 7054 1 7061 23 7245 2 7309 6 7316 24 7485 2 7565 27 7601 4 7741 2 7821 26 7857 4 7995 4 8076 26 8117 3 8218 2 8250 5 8329 28 8373 3 8473 3 8507 3 8584 29 8629 3 8707 3 8729 3 8840 29 8885 3 8961 8 8985 3 9095 30 9141 4 9217 8 9242 1 9349 32 9397 3 9473 8 9530 3 9545 1 9601 37 9644 1 9729 6 9786 2 9801 3 9843 3 9852 1 9855 39 9898 3 9985 4 10056 5 10099 4 10107 46 10154 5 10241 3 10311 6 10354 6 10362 47 10410 7 10523 3 10567 6 10610 65 10779 3 10822 8 10867 58 10928 3 11034 4 11077 10 11122 53 11177 2 11184 3 11291 1 11333 10 11377 54 11440 4 11591 2 11598 6 11628 59 11695 6 11854 7 11883 59 11951 6 12110 7 12139 59 12207 5 12353 6 12365 9 12393 61 12463 4 12608 7 12622 9 12647 16 12665 43 12709 7 12717 6 12864 7 12878 9 12892 3 12902 15 12921 43 12965 14 13119 8 13135 8 13146 7 13157 14 13177 43 13221 14 13271 3 13308 4 13376 7 13390 9 13402 25 13432 44 13479 10 13563 5 13632 8 13646 37 13687 26 13715 11 13728 5 13737 6 13815 9 13889 7 13902 37 13942 27 13972 9 13985 4 13993 5 14071 13 14157 71 14232 3 14326 14 14398 1 14413 71 14489 1 14581 16 14653 2 14669 70 14768 3 14836 17 14909 2 14925 70 15014 1 15023 5 15092 20 15113 4 15165 2 15180 70 15265 1 15269 4 15279 5 15347 26 15421 2 15435 70 15525 4 15535 5 15603 29 15677 2 15688 72 15783 2 15791 5 15858 31 15893 1 15933 2 15943 73 16028 3 16039 3 16047 5 16114 33 16148 3 16196 76 16282 5 16291 18 16369 34 16404 3 16449 79 16535 8 16547 18 16625 38 16705 80 16789 32 16836 1 16880 39 16961 82 17045 32 17092 1 17136 39 17217 114 17348 1 17392 40 17474 113 17648 42 17730 111 17905 41 17986 109 18161 42 18210 3 18231 4 18242 108 18417 42 18464 6 18485 6 18497 109 18628 2 18674 42 18719 7 18739 8 18749 112 18883 4 18929 44 18975 8 18995 8 19005 112 19139 7 19185 55 19250 7 19260 113 19393 10 19441 56 19506 7 19515 115 19650 9 19696 60 19762 6 19770 117 19907 8 19947 66 20018 6 20025 120 20164 7 20185 1 20203 66 20275 98 20375 27 20421 6 20437 8 20457 68 20532 95 20632 3 20637 22 20679 4 20693 8 20713 67 20788 95 20889 2 20893 26 20927 1 20935 4 20946 12 20968 67 21043 96 21144 5 21151 27 21192 4 21202 12 21223 66 21293 103 21398 7 21409 1 21413 22 21448 6 21458 12 21476 69 21549 103 21653 8 21669 22 21704 6 21714 12 21732 71 21806 112 21922 25 21961 6 21969 12 21988 73 22062 112 22178 25 22217 6 22225 12 22244 183 22431 30 22474 5 22481 12 22499 184 22687 30 22731 4 22738 12 22755 182 22943 30 22986 5 22995 11 23011 182 23199 28 23241 6 23250 12 23266 173 23441 7 23455 28 23495 10 23506 197 23711 28 23750 208 23963 31 24004 210 24217 33 24259 248 24514 249 24770 251 25025 40511
874368,1945 3 2201 4 6745 4 6999 8 7255 7 7511 6 7766 7 8022 6 8278 5 8535 4 8791 4 10651 8 10904 13 11158 15 11414 15 11669 16 11925 16 12181 15 12268 4 12436 15 12523 5 12691 16 12779 6 12947 16 13035 6 13201 17 13276 5 13291 6 13456 17 13532 5 13547 5 13710 19 13787 6 13965 20 14043 6 14220 16 14301 4 14476 15 14559 1 14732 15 14988 14 15244 13 15438 2 15501 12 15693 5 15758 10 15819 2 15948 7 16014 10 16073 5 16205 5 16325 9 16461 5 16579 11 16717 3 16835 11 17091 11 17347 10 17603 10 21277 4 21533 4 21787 6 22043 6 22299 6 22555 6 22625 2 22812 5 22859 2 22879 7 23068 4 23114 4 23134 9 23325 3 23369 6 23389 10 23624 7 23644 11 23880 6 23898 14 24135 6 24153 15 24407 18 24661 20 24916 21 25172 21 25427 21 25683 21 25939 21 26194 21 26449 23 26703 25 26957 27 27211 29 27464 31 27719 32 27975 32 28231 32 28487 31 28743 31 29000 29 29077 3 29257 28 29331 6 29515 25 29586 8 29771 24 29842 9 30027 23 30097 11 30283 22 30353 12 30539 8 30551 8 30610 13 30727 2 30795 8 30866 14 30981 4 31051 7 31078 5 31123 14 31235 6 31307 7 31333 7 31379 14 31488 9 31588 9 31603 4 31635 14 31744 9 31843 11 31858 5 31891 14 32000 8 32099 21 32146 13 32256 7 32355 22 32402 13 32512 7 32611 22 32657 13 32768 7 32867 22 32911 15 33024 6 33122 23 33163 18 33280 5 33378 23 33418 19 33536 4 33634 22 33673 19 33792 4 33891 21 33929 19 34048 2 34147 19 34185 19 34304 1 34403 16 34441 19 34659 15 34697 18 34915 14 34953 18 35171 13 35209 16 35428 12 35465 15 35684 11 35721 14 35757 6 35920 1 35941 10 35977 14 36011 8 36197 8 36232 14 36265 10 36453 7 36488 13 36521 10 36709 4 36744 12 36776 11 36965 4 37000 11 37032 11 37221 4 37255 11 37287 12 37478 1 37511 10 37543 12 37766 11 37799 11 38022 10 38054 12 38261 5 38278 12 38310 11 38516 7 38534 13 38566 11 38771 8 38790 13 38821 12 39027 8 39046 13 39077 12 39283 8 39302 13 39333 12 39539 8 39559 12 39589 12 39795 8 39815 12 39844 14 40051 7 40071 12 40100 14 40305 9 40327 11 40356 13 40561 8 40583 11 40612 13 40815 10 40841 8 40868 13 41071 10 41098 6 41123 14 41327 10 41355 5 41378 13 41401 4 41583 9 41609 8 41633 15 41656 6 41838 7 41865 8 41889 19 41909 10 42094 6 42120 9 42145 30 42349 6 42376 9 42401 30 42605 6 42632 9 42657 30 42859 7 42887 10 42912 31 43114 8 43143 10 43168 32 43369 8 43400 8 43423 34 43625 7 43656 7 43678 37 43883 2 43913 6 43933 38 44171 2 44189 39 44445 39 44700 41 44955 42 45211 41 45467 41 45723 41 45978 41 46234 41 46490 41 46746 40 47002 39 47257 39 47513 37 47769 36 48024 36 48280 35 48535 36 48791 36 48934 3 49047 35 49189 4 49304 34 49443 6 49561 34 49699 6 49817 34 49954 7 50074 33 50210 7 50331 32 50466 7 50587 33 50723 6 50842 35 50979 5 51098 35 51233 6 51244 3 51354 34 51488 7 51498 5 51610 33 51745 6 51754 5 51867 32 52003 4 52010 5 52123 32 52259 5 52265 7 52379 32 52515 12 52637 30 52771 12 52893 28 53027 10 53150 26 53283 10 53407 24 53504 1 53538 11 53673 12 53760 2 53779 1 53794 11 53930 11 54016 3 54033 5 54049 12 54169 3 54187 8 54209 1 54272 3 54289 6 54305 12 54404 1 54425 4 54444 6 54464 3 54528 3 54541 12 54561 12 54659 4 54681 3 54701 4 54717 8 54784 3 54797 12 54817 12 54915 6 54958 2 54971 12 55040 3 55051 15 55074 11 55170 8 55225 16 55296 3 55307 16 55330 11 55425 10 55481 16 55552 4 55562 17 55586 11 55681 11 55737 18 55808 5 55817 20 55842 11 55937 12 55993 18 56064 5 56073 35 56194 11 56249 18 56320 6 56329 35 56450 11 56505 18 56576 7 56585 34 56707 10 56761 19 56832 7 56841 34 56964 9 57017 19 57088 8 57097 23 57121 8 57221 7 57273 19 57344 32 57377 6 57478 5 57528 20 57600 31 57633 4 57783 21 57856 31 57889 4 58038 22 58112 29 58293 26 58368 29 58549 28 58624 29 58805 27 58880 29 59061 26 59136 29 59316 25 59392 28 59572 25 59648 27 59828 25 59904 27 60084 25 60160 26 60269 4 60340 25 60416 25 60524 6 60595 27 60672 22 60779 8 60852 26 60928 15 61034 9 61108 26 61139 2 61184 9 61278 7 61289 10 61365 25 61393 5 61440 8 61533 22 61621 25 61649 5 61696 7 61785 26 61883 18 61905 5 61952 7 62040 27 62141 15 62161 4 62208 6 62295 28 62400 11 62464 6 62551 29 62659 4 62720 5 62807 29 62976 4 63063 29 63232 2 63318 31 63488 2 63575 29 63831 28 64087 28 64343 27 64599 26 64683 2 64819 1 64856 24 64933 8 65075 1 65112 24 65188 9 65223 1 65331 3 65369 23 65443 10 65477 5
877548,0 173 179 249 437 247 695 244 952 242 1209 239 1466 237 1721 237 1975 226 2205 8 2230 227 2461 4 2485 228 2717 4 2741 237 2996 244 3251 101 3353 146 3507 17 3530 78 3609 146 3762 19 3785 227 4016 2136 6162 247 6419 246 6675 247 6929 249 7184 251 7439 252 7695 254 7950 6862 14813 254 15069 253 15325 253 15581 253 15839 251 16096 249 16355 217 16573 28 16612 215 16831 26 16869 214 17087 28 17125 214 17343 30 17382 213 17599 32 17638 212 17855 33 17894 211 18111 34 18150 211 18366 35 18407 210 18621 37 18663 208 18877 38 18919 208 19133 38 19175 208 19389 38 19431 208 19645 38 19687 207 19901 39 19943 207 20157 39 20199 207 20413 39 20459 203 20668 40 20715 204 20923 33 20959 6 20971 204 21179 31 21215 7 21227 236 21471 8 21484 14 21499 212 21713 2 21727 8 21741 12 21755 210 21978 12 22001 2 22011 208 22233 13 22267 198 22470 7 22487 14 22520 201 22727 7 22743 14 22775 202 22984 8 22999 14 23030 203 23239 10 23255 14 23285 204 23495 12 23510 15 23540 205 23751 13 23768 13 23795 206 24008 13 24027 10 24049 209 24264 13 24283 10 24304 229 24540 9 24557 232 24796 9 24812 233 25053 248 25309 248 25566 247 25822 247 26077 248 26333 251 26588 38948
890795,0 81 85 7969 8057 252 8315 251 8571 252 8827 252 9084 251 9339 254 9594 646 10241 255 10497 255 10753 511 11265 255 11521 126 11649 127 11778 124 11905 127 12034 124 12162 126 12290 124 12418 126 12546 123 12674 126 12802 123 12930 126 13059 122 13186 126 13315 123 13442 126 13571 124 13697 127 13827 253 14083 253 14339 253 14595 253 14851 253 15107 253 15363 253 15619 253 15875 253 16131 253 16388 252 16644 252 16901 251 17157 251 17413 251 17669 251 17925 251 18180 252 18435 253 18689 3148 21839 206 22048 44 22097 204 22303 47 22353 204 22559 48 22610 254 22868 253 23124 253 23381 253 23637 1470 25111 251 25369 248 25626 247 25883 245 26139 245 26395 245 26651 244 26908 243 27164 239 27421 236 27677 234 27935 232 28191 230 28447 230 28703 229 28959 228 29215 228 29471 227 29727 225 29983 225 30239 225 30495 225 30750 226 30993 7 31004 228 31248 240 31503 60 31569 175 31759 60 31826 99 31929 71 32013 61 32083 96 32187 69 32269 61 32339 94 32444 68 32524 61 32595 94 32707 61 32779 62 32852 93 32964 60 33035 62 33108 93 33223 57 33291 62 33364 93 33480 56 33548 61 33621 93 33739 52 33805 60 33877 94 33995 51 34061 60 34133 95 34252 48 34318 58 34389 95 34508 17 34527 28 34574 58 34645 96 34765 14 34784 25 34830 58 34901 97 35023 1 35040 25 35076 5 35086 59 35157 97 35296 24 35331 7 35341 63 35412 97 35552 25 35584 77 35667 98 35808 15 35826 8 35840 78 35922 99 36063 15 36082 8 36096 180 36318 17 36336 11 36352 180 36573 18 36592 12 36608 181 36827 34 36864 181 37082 35 37120 183 37337 36 37376 183 37593 38 37632 184 37849 224 38105 223 38361 133 38499 84 38617 133 38755 77 38871 135 39008 78 39123 84 39213 128 39377 86 39470 126 39633 86 39729 122 39877 6 39885 91 39985 122 40131 103 40241 121 40385 106 40496 121 40641 94 40737 11 40751 120 40896 93 40994 11 41006 119 41151 93 41250 52 41307 70 41407 91 41506 52 41563 71 41663 86 41763 50 41821 69 41904 5 41917 88 42019 48 42078 68 42159 6 42173 86 42275 48 42336 67 42414 8 42427 87 42531 48 42593 66 42669 9 42681 88 42787 47 42850 65 42924 99 43043 49 43107 64 43180 97 43299 50 43363 64 43435 98 43555 50 43620 63 43691 100 43810 51 43877 4 43885 53 43945 102 44066 51 44133 3 44143 50 44201 102 44320 43 44364 8 44389 2 44400 47 44458 101 44576 43 44620 8 44645 2 44657 34 44693 8 44715 100 44831 52 44902 1 44913 32 44950 5 44971 100 45087 52 45158 1 45170 31 45208 3 45227 98 45344 50 45414 1 45427 30 45483 98 45601 49 45683 29 45739 97 45858 48 45939 28 45995 95 46115 46 46175 2 46196 25 46251 92 46376 33 46413 3 46429 6 46446 27 46507 92 46633 32 46685 6 46702 27 46763 91 46889 31 46941 6 46957 28 47019 91 47146 30 47197 5 47214 26 47276 90 47402 29 47471 25 47532 90 47658 29 47727 24 47788 91 47914 29 47984 23 48043 92 48169 30 48240 23 48299 93 48422 33 48496 22 48555 94 48677 24 48703 8 48752 21 48811 94 48930 24 48960 7 49008 20 49066 95 49185 24 49217 6 49264 11 49279 3 49321 95 49440 24 49474 5 49520 9 49574 98 49696 25 49731 5 49769 5 49775 10 49829 98 49951 30 49987 8 50024 9 50034 5 50084 99 50207 31 50243 9 50280 9 50340 99 50463 33 50498 11 50536 8 50596 99 50719 47 50792 8 50852 99 50954 3 50960 1 50975 48 51049 6 51108 100 51209 5 51231 48 51305 6 51364 107 51489 46 51563 2 51621 107 51745 46 51877 107 52001 46 52132 108 52257 46 52388 109 52513 46 52644 109 52769 45 52899 110 53024 46 53155 110 53280 45 53410 111 53535 34 53573 7 53665 112 53789 35 53830 5 53921 103 54029 5 54044 35 54177 103 54285 5 54299 36 54433 102 54543 2 54556 35 54688 103 54800 1 54812 35 54943 103 55068 35 55198 103 55324 35 55453 103 55579 37 55709 102 55835 37 55964 102 56087 12 56105 24 56220 101 56341 14 56361 24 56476 100 56596 14 56618 24 56713 5 56733 99 56852 13 56875 24 56968 7 56989 99 57107 13 57131 24 57223 10 57245 99 57363 12 57388 23 57479 10 57502 98 57608 4 57620 11 57645 12 57661 5 57734 11 57759 97 57863 7 57879 7 57901 11 57919 2 57990 11 58015 97 58120 4 58158 10 58245 12 58271 97 58376 3 58415 9 58501 12 58526 98 58671 10 58755 14 58783 97 58926 13 59009 16 59039 97 59182 14 59263 18 59295 97 59437 16 59518 19 59538 3 59551 99 59693 16 59773 28 59810 97 59948 17 60029 28 60067 93 60201 19 60283 32 60323 93 60448 28 60538 35 60581 91 60703 28 60790 41 60837 91 60958 29 61044 43 61093 91 61186 1 61213 29 61295 50 61350 90 61469 29 61544 2 61549 52 61605 91 61725 15 61743 10 61799 153 61981 14 61999 10 62054 154 62237 16 62257 7 62310 154 62493 17 62514 6 62566 154 62749 19 62770 5 62822 154 63005 26 63078 154 63260 4 63265 22 63334 154 63511 32 63587 157 63764 36 63841 159 64019 14 64034 22 64096 160 64275 13 64290 21 64349 163 64522 2 64531 13 64546 21 64604 164 64776 5 64786 12 64803 10 64817 4 64859 165 65031 6 65042 11 65060 9 65115 165 65285 8 65297 12 65317 4 65371 165
891930,211 20 467 18 724 17 921 1 981 14 1177 2 1237 13 1433 4 1493 12 1688 5 1750 10 1943 8 2007 8 2199 8 2265 4 3500 3 3756 4 4012 5 4189 2 4268 5 4577 2 4833 2 5061 4 5089 2 5316 7 5571 8 5827 8 6082 9 6137 6 6338 9 6393 7 6526 1 6550 3 6595 8 6648 8 6782 3 6806 3 6851 8 6897 3 6902 10 7037 5 7062 4 7097 6 7107 8 7147 21 7293 4 7318 5 7352 8 7363 9 7403 21 7549 2 7574 7 7596 1 7605 12 7619 9 7658 22 7806 1 7831 6 7852 1 7861 12 7875 10 7914 22 8087 6 8115 14 8131 10 8171 21 8347 2 8371 14 8387 10 8427 21 8625 17 8643 9 8657 8 8669 5 8683 21 8881 17 8901 6 8910 22 8940 20 9132 1 9136 18 9165 26 9196 20 9388 2 9391 19 9421 29 9451 21 9599 4 9643 23 9677 51 9855 4 9899 23 9933 51 10111 4 10153 24 10189 51 10367 4 10408 25 10445 51 10624 2 10663 26 10701 51 10918 27 10956 52 11174 28 11212 52 11432 27 11468 52 11679 3 11690 25 11724 52 11921 2 11934 3 11947 24 11979 53 12177 4 12204 1 12208 20 12232 56 12433 4 12466 78 12690 3 12722 78 12947 2 12969 5 12978 78 13203 2 13225 8 13234 78 13459 2 13481 73 13558 10 13743 66 13816 8 14000 65 14073 7 14257 62 14330 6 14513 62 14587 5 14768 62 14843 5 15024 61 15099 5 15279 61 15356 4 15535 61 15613 3 15790 62 15869 3 16046 62 16125 3 16266 7 16301 65 16383 1 16521 9 16539 2 16557 66 16624 3 16639 1 16776 11 16793 6 16813 70 17031 12 17048 8 17069 71 17287 12 17303 10 17324 72 17543 12 17559 10 17580 72 17799 12 17814 13 17835 73 18055 12 18070 13 18091 74 18302 5 18308 15 18325 14 18346 75 18557 22 18581 14 18602 76 18811 24 18837 14 18856 78 19065 42 19111 80 19319 128 19574 129 19815 6 19829 130 20070 9 20085 131 20327 7 20341 132 20583 7 20597 132 20841 2 20845 3 20851 134 21097 1 21101 140 21357 140 21612 141 21867 142 22123 89 22214 3 22218 46 22379 87 22477 34 22514 3 22635 86 22733 32 22891 86 22989 31 23147 86 23244 31 23403 86 23499 32 23659 86 23755 31 23915 86 24011 6 24019 16 24171 86 24268 3 24276 14 24317 1 24427 86 24533 11 24571 5 24683 86 24790 9 24827 5 24940 84 25082 6 25197 82 25338 6 25454 81 25593 7 25710 80 25849 7 25967 78 26104 8 26223 77 26360 8 26479 75 26615 9 26735 74 26871 9 26992 72 27127 9 27248 71 27383 9 27505 70 27638 10 27761 70 27894 10 28018 70 28149 11 28275 69 28405 11 28531 70 28660 12 28787 70 28915 13 29043 70 29171 13 29299 70 29427 13 29555 70 29684 12 29811 57 29869 11 29940 12 30068 54 30128 7 30196 12 30324 53 30385 5 30452 12 30581 50 30651 6 30709 11 30837 49 30907 6 30965 11 31093 48 31161 10 31221 11 31349 47 31417 11 31476 12 31605 46 31673 16 31732 12 31861 46 31929 18 31988 12 32117 44 32186 23 32244 12 32373 44 32442 25 32500 12 32629 44 32698 26 32756 12 32885 43 32954 26 33013 11 33141 43 33209 28 33269 11 33397 43 33464 29 33527 9 33654 43 33719 30 33910 43 33974 31 34169 40 34229 33 34427 37 34484 35 34685 34 34739 36 34815 1 34942 33 34995 38 35070 2 35199 29 35250 43 35325 3 35457 26 35503 47 35581 3 35715 24 35757 50 35837 3 35971 23 36013 51 36092 4 36234 15 36268 52 36348 4 36493 11 36524 52 36604 4 36751 6 36781 52 36861 3 37037 54 37117 3 37294 55 37374 2 37551 56 37630 2 37808 59 37886 2 38065 60 38143 1 38321 62 38399 1 38563 2 38578 67 38655 1 38819 4 38835 67 38911 1 39074 6 39091 67 39167 1 39330 9 39348 67 39585 12 39605 66 39840 15 39863 63 40095 17 40122 60 40349 20 40376 62 40600 26 40631 63 40854 30 40885 65 41101 6 41109 97 41355 107 41469 3 41611 9 41621 18 41642 76 41723 5 41867 8 41879 12 41901 73 41978 6 42123 8 42135 12 42157 73 42233 7 42380 7 42390 12 42413 83 42638 20 42669 83 42897 17 42923 85 43152 19 43179 85 43408 20 43433 87 43663 22 43688 88 43919 113 44175 113 44432 8 44443 101 44689 5 44701 99 44958 98 45215 97 45473 95 45727 97 45979 101 46224 112 46479 113 46735 113 46991 113 47246 114 47502 114 47757 115 48011 117 48265 119 48521 119 48777 113 49033 112 49289 102 49392 9 49545 80 49627 18 49651 5 49801 56 49861 20 49885 16 49907 5 50057 13 50072 40 50119 18 50149 4 50164 3 50314 11 50328 39 50375 18 50420 3 50571 9 50586 37 50633 15 50827 9 50843 35 50890 13 51084 7 51099 36 51151 7 51339 8 51356 35 51409 4 51595 8 51622 26 51851 8 51881 24 52109 18 52144 17 52167 11 52367 17 52401 16 52422 13 52625 16 52659 16 52677 15 52881 17 52916 1 52922 26 53137 18 53179 26 53393 18 53435 26 53649 18 53693 25 53906 17 53950 25 54162 17 54207 25 54418 17 54463 26 54675 15 54720 25 54931 14 54976 25 55188 13 55232 27 55267 2 55445 12 55488 27 55523 3 55701 10 55743 28 55779 4 55957 10 55999 29 56035 4 56213 9 56256 28 56292 5 56469 9 56513 8 56522 19 56548 5 56725 8 56772 1 56781 15 56805 5 56981 7 57039 13 57061 6 57238 5 57299 8 57317 6 57497 1 57557 5 57573 6 57829 7 58085 7 58341 6 58597 6 58857 1 59901 3 60156 4 60412 4 60667 5 60923 5 61179 5 61435 5 61691 5 61947 5 62203 5 62459 5 62625 2 62715 5 62879 5 62971 5 63134 7 63227 5 63389 8 63483 5 63645 8 63738 6 63901 8 63993 7 64156 10 64248 8 64412 9 64503 9 64668 9 64758 10 64925 8 65013 11 65182 7 65269 11 65525 11
892843,45 50 169 18 247 9 301 52 425 19 503 9 557 52 614 5 681 19 759 9 813 65 938 19 1015 9 1069 66 1195 18 1271 9 1325 67 1453 16 1502 3 1527 9 1581 67 1710 15 1758 4 1783 9 1836 69 1969 12 2013 6 2040 8 2091 70 2227 10 2269 6 2296 8 2347 70 2478 13 2527 3 2552 8 2604 70 2732 15 2783 2 2808 8 2860 69 2986 17 3064 8 3117 68 3241 18 3320 8 3375 64 3497 18 3576 8 3633 62 3753 18 3833 7 3891 29 3921 28 4009 24 4089 7 4148 27 4178 26 4265 24 4347 5 4405 25 4435 23 4521 25 4607 1 4661 25 4691 22 4778 25 4888 3 4917 25 4948 18 5034 25 5144 4 5174 25 5204 15 5291 23 5352 5 5400 5 5430 25 5461 13 5547 23 5606 9 5656 5 5686 26 5717 12 5803 22 5861 11 5914 1 5943 26 5975 8 6059 22 6117 12 6199 26 6232 6 6316 20 6372 13 6456 25 6572 20 6626 16 6713 23 6828 20 6881 18 6971 20 7085 19 7134 22 7228 19 7341 19 7389 24 7485 5 7599 20 7643 27 7857 19 7899 27 8117 16 8155 28 8375 14 8411 28 8634 12 8667 28 8890 12 8923 28 9145 13 9179 28 9387 2 9398 16 9435 27 9472 1 9642 4 9653 17 9692 25 9728 3 9897 6 9908 18 9949 24 9984 4 10151 8 10163 19 10207 21 10240 5 10401 2 10405 11 10419 20 10464 19 10496 5 10652 42 10721 17 10752 5 10907 43 10979 15 11008 5 11161 44 11243 6 11264 5 11417 43 11501 2 11520 5 11672 43 11725 10 11776 5 11928 43 11980 11 12032 4 12183 41 12235 14 12288 4 12439 39 12491 14 12544 3 12695 38 12747 14 12800 3 12951 37 13003 14 13207 37 13259 13 13463 37 13515 12 13719 38 13770 13 13975 39 14027 11 14171 1 14230 41 14283 10 14427 1 14486 41 14539 10 14682 3 14741 42 14797 6 14938 3 14997 42 15055 4 15194 4 15252 42 15449 5 15508 42 15705 6 15765 41 15871 1 15961 6 16021 40 16126 2 16217 10 16278 8 16290 27 16379 5 16473 10 16547 26 16633 7 16728 12 16803 25 16889 7 16984 12 17060 24 17145 7 17240 12 17317 22 17399 9 17496 12 17573 22 17654 10 17691 7 17753 10 17829 22 17909 11 17946 9 18009 10 18086 21 18165 11 18202 10 18266 8 18343 18 18418 14 18458 10 18523 6 18599 18 18673 15 18714 9 18781 2 18857 15 18929 15 18970 9 19114 13 19184 16 19227 8 19372 9 19439 17 19483 7 19628 7 19694 18 19741 4 19930 10 19949 19 20185 12 20205 19 20439 14 20461 19 20695 14 20717 19 20846 1 20950 15 20973 19 21101 3 21206 15 21229 19 21356 5 21462 14 21486 18 21613 4 21718 14 21742 18 21869 4 21885 6 21975 12 21999 17 22125 4 22139 8 22231 12 22257 7 22267 4 22383 1 22395 10 22488 10 22651 11 22745 8 22907 12 23002 5 23163 13 23259 3 23418 15 23675 14 23931 13 24020 1 24024 3 24188 12 24273 10 24445 10 24527 14 24702 9 24781 16 25003 4 25035 19 25259 5 25291 19 25515 5 25547 19 25771 4 25801 21 26027 4 26055 22 26283 4 26311 22 26394 7 26448 9 26537 6 26565 24 26640 17 26703 12 26793 6 26821 24 26895 19 26957 15 27048 7 27075 28 27150 21 27212 17 27303 9 27331 28 27405 22 27466 19 27559 9 27585 32 27660 23 27720 21 27815 9 27841 32 27916 23 27973 26 28071 9 28095 34 28159 1 28171 24 28229 27 28327 9 28350 35 28414 2 28427 24 28483 30 28583 9 28605 36 28669 3 28683 23 28738 32 28840 8 28861 36 28925 3 28938 23 28993 33 29097 6 29117 36 29180 4 29194 23 29248 34 29353 5 29373 36 29436 4 29450 23 29503 35 29629 37 29692 4 29706 23 29759 34 29885 37 29948 4 29962 23 30014 34 30141 37 30203 5 30218 22 30269 34 30397 37 30459 5 30476 19 30525 34 30653 37 30715 5 30733 18 30782 33 30910 36 30971 5 30991 14 31039 32 31121 6 31168 33 31227 5 31249 11 31295 32 31375 9 31425 32 31483 5 31551 32 31630 13 31682 31 31739 5 31807 31 31885 14 31939 30 31995 5 32063 30 32141 15 32195 31 32253 3 32319 30 32396 17 32451 31 32510 2 32575 28 32651 17 32707 31 32767 1 32831 26 32907 16 32963 31 33087 20 33161 17 33219 30 33263 2 33343 20 33417 16 33475 30 33518 3 33599 20 33673 14 33705 4 33731 30 33773 6 33789 3 33855 20 33928 14 33960 6 33991 26 34028 8 34045 3 34074 6 34111 20 34184 12 34213 11 34247 24 34283 10 34299 5 34329 8 34367 20 34440 11 34469 12 34503 24 34539 11 34555 5 34583 11 34623 21 34696 9 34723 15 34759 24 34795 21 34837 13 34879 22 34952 8 34978 17 35014 24 35047 25 35093 13 35135 22 35209 4 35234 17 35269 24 35302 26 35349 13 35390 23 35465 4 35490 17 35525 24 35557 27 35605 12 35645 24 35746 17 35781 23 35812 28 35861 12 35901 25 36002 17 36037 22 36067 29 36117 11 36156 26 36258 18 36293 21 36323 29 36371 12 36411 27 36514 18 36550 15 36579 29 36624 13 36667 28 36770 18 36807 13 36835 29 36879 14 36922 30 37026 18 37063 13 37091 29 37134 10 37177 32 37281 20 37321 11 37347 29 37389 12 37433 32 37536 21 37577 11 37603 23 37629 3 37643 16 37689 32 37791 21 37835 8 37859 20 37899 16 37945 32 38046 22 38091 8 38115 10 38130 1 38155 16 38200 33 38300 24 38350 4 38364 15 38411 16 38456 32 38556 24 38619 15 38667 17 38713 30 38811 24 38873 16 38923 17 38969 30 39067 24 39127 18 39181 16 39226 27 39322 26 39381 22 39437 16 39483 25 39575 30 39637 23 39694 15 39741 22 39827 40 39889 28 39951 14 39997 22 40082 41 40145 29 40207 14 40254 21 40336 45 40398 33 40463 15 40510 21 40589 48 40653 34 40719 16 40767 19 40840 53 40907 36 40975 17 41023 18 41095 54 41161 38 41230 20 41279 16 41349 56 41417 38 41487 20 41535 16 41605 56 41673 38 41743 22 41792 13 41860 57 41928 39 41999 22 42048 8 42115 58 42184 39 42256 21 42305 4 42367 60 42439 40 42513 20 42622 61 42695 40 42769 21 42877 61 42950 47 43026 20 43132 61 43206 47 43284 19 43387 60 43462 49 43540 19 43643 62 43719 48 43797 17 43827 4 43839 5 43899 63 43983 41 44053 17 44082 5 44093 8 44155 64 44240 40 44310 16 44337 21 44411 64 44496 41 44567 15 44593 22 44667 64 44753 40 44807 11 44823 14 44849 24 44924 63 45009 40 45061 16 45079 14 45105 24 45181 62 45265 41 45315 21 45337 10 45361 24 45443 56 45523 40 45571 32 45618 23 45699 55 45780 39 45825 33 45876 19 45956 52 46020 1 46041 5 46050 25 46081 32 46134 17 46167 3 46212 51 46275 2 46307 24 46337 25 46391 15 46422 5 46469 50 46565 27 46593 24 46648 14 46677 7 46725 50 46821 27 46849 24 46905 38 46981 49 47079 25 47105 24 47161 38 47237 50 47336 48 47418 39 47492 55 47599 41 47674 39 47749 54 47856 39 47929 41 48005 54 48116 35 48185 31 48217 9 48261 54 48374 15 48391 14 48439 42 48519 52 48629 16 48649 10 48695 42 48775 52 48885 16 48951 36 48988 4 49031 52 49141 15 49205 37 49245 2 49287 52 49397 11 49410 1 49460 38 49544 51 49599 5 49652 12 49715 39 49800 51 49854 6 49907 13 49971 40 50055 50 50110 8 50163 13 50226 41 50311 50 50366 9 50419 13 50481 42 50565 44 50613 3 50623 8 50675 13 50737 42 50820 42 50879 9 50931 13 50993 42 51075 39 51135 10 51187 13 51249 42 51331 40 51391 11 51443 13 51505 42 51586 41 51647 12 51668 4 51701 5 51707 5 51761 42 51842 41 51903 12 51924 4 51965 3 52017 42 52098 41 52161 10 52179 6 52221 3 52273 42 52354 41 52417 11 52435 6 52477 3 52529 42 52609 42 52672 12 52690 6 52732 4 52783 44 52864 43 52928 12 52945 6 52988 4 53035 49 53117 44 53184 12 53197 10 53244 4 53290 50 53371 45 53439 24 53501 3 53544 52 53624 46 53695 23 53757 3 53799 54 53879 46 53951 23 54014 2 54055 55 54133 47 54193 2 54198 2 54209 21 54271 1 54310 56 54389 47 54447 5 54453 4 54465 8 54474 12 54565 58 54643 48 54701 12 54723 2 54731 11 54821 58 54895 52 54955 14 54987 11 55077 58 55147 55 55209 16 55243 12 55334 57 55403 54 55465 16 55500 11 55590 56 55659 52 55721 15 55757 20 55803 5 55847 55 55915 50 55976 16 56013 20 56057 7 56103 54 56171 48 56233 14 56268 22 56309 11 56359 54 56427 47 56489 14 56524 23 56565 11 56617 51 56683 46 56745 16 56780 23 56819 13 56873 51 56938 45 57001 17 57036 23 57075 13 57131 49 57194 44 57258 17 57292 24 57329 15 57387 48 57450 44 57515 17 57548 24 57585 15 57625 6 57645 46 57706 44 57771 19 57804 25 57841 15 57880 8 57903 44 57962 44 58027 19 58060 25 58096 16 58135 9 58161 41 58219 48 58283 20 58317 24 58352 16 58391 9 58417 38 58475 50 58539 20 58575 21 58607 17 58647 8 58668 42 58732 49 58795 20 58831 21 58858 22 58904 6 58923 43 58989 48 59051 20 59088 20 59111 25 59137 4 59177 46 59247 14 59269 4 59274 19 59307 20 59346 52 59433 46 59503 13 59525 24 59563 21 59604 51 59688 48 59761 10 59782 24 59819 24 59866 46 59943 49 60017 10 60039 23 60075 25 60102 7 60123 46 60199 49 60297 21 60330 37 60380 45 60455 49 60553 21 60585 38 60637 45 60711 49 60809 22 60841 43 60886 52 60967 48 61066 21 61097 97 61224 46 61322 21 61353 97 61480 46 61578 21 61609 97 61737 46 61834 21 61866 96 61993 46 62091 19 62123 94 62250 45 62346 20 62379 93 62507 45 62601 20 62635 85 62721 6 62765 46 62857 20 62890 86 63022 46 63113 19 63145 87 63283 42 63369 18 63399 89 63541 41 63626 17 63655 89 63800 39 63882 17 63909 91 64057 38 64138 17 64164 92 64315 37 64375 8 64392 19 64420 92 64572 36 64629 12 64646 21 64675 93 64829 35 64883 40 64931 17 64949 75 65084 36 65139 39 65187 16 65205 75 65340 36 65393 40 65445 12 65466 70
904357,138 11 160 11 178 31 393 10 416 11 435 30 649 10 672 11 691 30 905 9 929 10 947 31 1161 8 1185 10 1203 32 1271 1 1416 8 1441 9 1459 32 1525 6 1672 8 1697 10 1714 33 1778 12 1927 8 1955 8 1965 39 2033 15 2183 8 2211 9 2221 39 2288 16 2434 13 2469 47 2544 16 2689 15 2726 46 2800 16 2945 20 2983 44 3056 16 3201 20 3242 41 3312 16 3457 21 3498 41 3568 16 3713 21 3754 41 3825 15 3971 18 4001 3 4010 41 4081 15 4227 18 4256 5 4266 40 4337 15 4483 18 4510 8 4523 39 4593 15 4739 18 4765 10 4780 37 4849 15 4995 18 5020 11 5037 23 5061 9 5104 16 5251 18 5275 12 5293 35 5359 17 5507 18 5530 14 5550 35 5614 18 5763 18 5786 15 5806 36 5869 19 6019 18 6043 14 6061 39 6124 20 6275 18 6299 14 6315 42 6379 21 6532 17 6556 13 6570 44 6636 20 6788 16 6813 12 6826 44 6876 1 6892 20 7045 14 7069 58 7131 4 7150 18 7301 14 7326 57 7387 5 7407 17 7557 14 7585 53 7643 5 7665 15 7813 14 7842 52 7898 6 7921 15 8070 13 8098 52 8153 7 8177 15 8327 12 8355 51 8408 7 8433 15 8583 12 8611 50 8664 7 8689 15 8838 14 8867 50 8921 5 8945 15 9094 14 9123 50 9177 3 9201 15 9349 14 9379 50 9457 15 9546 5 9605 14 9634 51 9713 15 9801 7 9861 14 9891 50 9969 15 10055 10 10117 13 10147 55 10225 14 10310 15 10373 12 10403 56 10481 14 10565 20 10629 12 10660 56 10739 11 10821 20 10885 12 10918 2 10923 50 10995 10 11077 22 11103 3 11143 9 11185 45 11333 22 11359 3 11399 9 11443 44 11588 22 11613 4 11703 42 11843 24 11869 4 11959 42 12099 31 12175 3 12215 44 12354 32 12430 5 12470 45 12609 34 12687 4 12725 46 12864 37 12943 5 12981 46 13119 40 13200 5 13237 47 13375 41 13457 4 13493 47 13629 44 13681 6 13713 4 13749 48 13884 46 13936 7 13969 5 14005 48 14138 62 14225 5 14263 47 14393 63 14481 6 14519 48 14649 63 14735 10 14750 5 14776 47 14905 63 14989 12 15005 6 15032 47 15162 62 15244 13 15261 6 15287 48 15419 64 15501 12 15517 6 15543 47 15677 62 15757 12 15773 6 15799 46 15934 61 16013 12 16029 6 16054 46 16191 62 16269 12 16285 4 16309 47 16449 60 16525 12 16541 4 16565 47 16703 63 16781 12 16795 5 16821 48 16959 63 17037 12 17050 7 17077 49 17213 66 17293 20 17333 52 17469 66 17549 20 17589 52 17725 68 17805 20 17844 55 17981 68 18061 20 18099 56 18237 69 18319 16 18354 57 18493 69 18575 15 18610 58 18749 74 18832 13 18866 58 19006 74 19089 12 19122 58 19265 72 19345 12 19378 58 19522 71 19603 10 19634 58 19779 70 19862 3 19891 57 20036 70 20132 7 20147 56 20293 70 20385 12 20403 56 20549 70 20641 13 20659 56 20805 70 20895 16 20915 54 21062 69 21151 16 21171 54 21319 68 21405 19 21429 52 21575 68 21660 20 21685 51 21832 21 21855 43 21915 21 21944 46 22088 19 22112 41 22170 21 22201 44 22345 17 22369 39 22423 23 22459 36 22601 16 22625 38 22678 22 22717 32 22861 10 22882 37 22933 11 22946 9 22975 29 23119 8 23138 37 23189 10 23203 8 23231 28 23376 7 23399 33 23437 2 23445 10 23461 5 23497 4 23509 3 23633 4 23657 32 23694 1 23701 10 23718 3 23753 3 23763 4 23897 2 23914 31 23952 17 24014 9 24035 5 24153 3 24171 31 24207 18 24241 1 24270 9 24291 6 24408 5 24428 5 24436 21 24461 22 24523 14 24546 7 24663 7 24693 20 24717 24 24751 1 24778 16 24801 8 24919 8 24951 18 24973 28 25003 2 25032 35 25087 1 25175 10 25208 17 25229 32 25283 41 25342 2 25432 10 25468 11 25485 32 25537 45 25596 4 25688 10 25726 9 25741 32 25793 45 25851 5 25945 10 25966 1 25985 6 25995 34 26050 45 26102 10 26203 8 26221 3 26242 5 26249 36 26306 45 26357 11 26476 5 26500 41 26563 44 26611 13 26731 7 26756 41 26819 44 26867 13 26987 7 27013 41 27075 61 27243 7 27269 42 27330 62 27470 5 27499 6 27526 42 27586 62 27726 6 27755 5 27782 43 27843 61 27983 5 28037 45 28099 61 28239 5 28293 45 28355 61 28531 5 28548 45 28612 60 28787 5 28803 46 28860 1 28869 59 29042 7 29056 49 29125 59 29298 7 29309 52 29381 59 29553 66 29637 59 29809 66 29893 59 30066 66 30148 40 30193 15 30322 66 30404 38 30449 15 30578 67 30661 35 30705 15 30835 68 30917 32 30961 15 31091 72 31175 28 31216 16 31347 74 31432 26 31472 16 31603 76 31691 22 31728 16 31859 76 31947 22 31983 17 32113 78 32205 20 32239 17 32368 79 32462 18 32495 17 32623 80 32721 1 32729 6 32750 18 32878 81 32985 6 33006 18 33133 82 33243 3 33261 19 33388 83 33499 3 33516 20 33638 89 33771 21 33893 90 34027 21 34147 94 34283 21 34403 94 34539 21 34657 98 34796 20 34912 73 34986 26 35052 20 35167 67 35242 27 35309 19 35422 61 35486 4 35495 30 35565 19 35676 61 35749 33 35820 20 35932 61 36005 33 36076 20 36187 62 36260 35 36332 20 36442 63 36516 36 36588 20 36697 64 36771 37 36843 21 36951 66 37027 38 37099 21 37206 67 37283 38 37355 21 37462 67 37539 38 37612 20 37655 4 37717 67 37799 34 37868 20 37910 6 37972 67 38049 1 38056 32 38124 20 38165 10 38219 76 38305 2 38314 28 38381 19 38420 11 38474 77 38561 2 38571 26 38638 18 38675 13 38729 77 38817 2 38827 24 38896 16 38931 13 38985 77 39082 25 39153 15 39186 14 39241 77 39337 26 39409 15 39442 14 39497 77 39591 28 39665 15 39698 14 39751 80 39843 32 39922 14 39954 14 40007 80 40099 32 40179 13 40211 13 40261 82 40353 34 40435 13 40467 13 40517 82 40608 35 40691 13 40725 10 40772 45 40819 36 40863 36 40948 12 41027 46 41076 33 41118 37 41204 12 41283 45 41333 30 41373 38 41461 11 41539 45 41589 29 41629 38 41717 11 41794 45 41844 28 41885 39 41973 11 42050 45 42100 27 42141 39 42229 11 42306 44 42356 27 42397 39 42485 11 42562 43 42612 27 42653 39 42741 11 42818 43 42868 34 42909 40 42997 11 43075 41 43124 36 43165 40 43253 11 43331 39 43381 25 43407 10 43421 42 43509 11 43588 38 43637 36 43677 42 43765 11 43845 36 43893 36 43933 43 44021 11 44101 36 44149 36 44189 44 44277 11 44357 38 44398 42 44445 44 44533 11 44613 82 44701 44 44788 12 44870 80 44958 43 45043 13 45127 78 45214 43 45299 13 45383 76 45465 1 45470 43 45554 14 45639 76 45720 3 45727 41 45810 14 45895 85 45983 40 46066 14 46151 86 46239 40 46321 15 46407 86 46496 39 46578 14 46663 86 46752 39 46834 14 46919 86 47009 37 47091 13 47175 86 47265 37 47347 13 47432 86 47522 36 47605 11 47688 87 47778 36 47860 12 47946 124 48113 15 48203 123 48369 15 48459 88 48550 32 48625 15 48715 88 48808 29 48881 15 48917 1 48971 86 49066 27 49137 15 49165 2 49172 5 49227 86 49322 25 49393 15 49419 6 49427 6 49483 85 49579 18 49649 15 49675 14 49739 85 49835 18 49905 15 49930 17 49995 85 50092 15 50162 14 50186 17 50251 85 50348 14 50419 13 50451 9 50508 84 50606 11 50675 13 50708 8 50765 84 50863 10 50931 13 50964 8 51021 84 51121 6 51187 13 51220 8 51277 86 51379 4 51444 12 51475 5 51482 1 51532 89 51701 11 51731 4 51787 90 51957 11 51984 7 52043 92 52212 12 52239 8 52298 94 52468 12 52495 9 52555 94 52725 11 52751 9 52811 94 52981 11 53007 9 53067 94 53237 11 53264 8 53323 96 53494 10 53521 7 53531 5 53581 98 53751 9 53777 16 53837 98 54008 8 54032 27 54095 98 54263 9 54288 28 54353 96 54518 10 54544 29 54611 44 54657 50 54773 11 54799 30 54837 4 54867 43 54915 48 55028 12 55055 32 55091 8 55127 39 55172 48 55283 13 55312 31 55346 9 55383 40 55429 47 55539 13 55569 43 55641 38 55685 48 55795 13 55826 42 55897 38 55941 48 56051 13 56083 40 56154 38 56198 47 56307 13 56333 1 56340 39 56410 39 56455 47 56563 13 56589 4 56596 38 56666 40 56711 47 56819 13 56845 5 56851 38 56921 42 56967 47 57076 12 57101 43 57175 96 57333 11 57357 43 57431 96 57589 11 57614 41 57686 98 57846 10 57870 41 57941 99 58102 10 58127 39 58194 102 58357 11 58383 39 58449 103 58613 11 58631 3 58641 36 58704 104 58867 13 58887 3 58897 34 58959 105 59123 13 59143 4 59155 31 59215 104 59378 14 59398 5 59411 31 59451 6 59469 106 59633 15 59653 7 59669 28 59705 125 59889 15 59909 7 59926 27 59960 125 60145 15 60165 7 60183 26 60215 125 60401 15 60421 7 60441 24 60471 124 60657 15 60677 7 60697 24 60727 123 60913 15 60933 7 60954 23 60983 117 61170 14 61189 6 61211 21 61240 114 61426 14 61447 4 61467 21 61496 113 61682 14 61705 4 61724 20 61752 113 61937 15 61962 4 61980 19 62008 111 62193 15 62218 4 62238 16 62263 111 62449 15 62474 4 62495 14 62519 111 62705 15 62731 3 62753 12 62775 111 62961 15 63009 12 63031 112 63217 15 63265 12 63286 113 63475 13 63521 12 63539 116 63731 13 63778 11 63794 117 63988 12 64035 10 64049 118 64244 12 64293 6 64303 120 64501 11 64531 2 64549 4 64559 119 64758 10 64789 1 64814 119 65017 7 65069 120 65274 6 65325 120 65535 1
905849,0 65536
907141,0 27 44 63 113 1 135 56 209 33 256 30 301 62 391 55 466 31 512 31 557 63 648 54 722 31 768 32 813 64 905 52 979 30 1024 34 1069 65 1169 21 1193 18 1235 30 1280 37 1319 3 1325 6 1339 52 1427 18 1451 14 1493 26 1536 37 1575 2 1581 6 1595 52 1683 17 1707 14 1749 24 1792 37 1836 7 1851 53 1944 11 1964 11 2005 22 2048 37 2092 7 2107 53 2202 9 2221 10 2262 21 2304 37 2349 4 2363 52 2459 8 2478 7 2519 16 2560 38 2618 53 2715 8 2735 4 2776 12 2816 38 2873 53 2971 8 3035 5 3072 37 3129 52 3227 8 3291 4 3328 37 3384 51 3483 6 3584 37 3641 50 3737 11 3840 36 3897 48 3991 14 4096 35 4154 46 4247 15 4352 35 4411 44 4502 18 4608 35 4667 43 4758 19 4864 35 4923 43 5014 19 5120 35 5179 43 5271 19 5376 34 5416 1 5434 44 5527 20 5632 34 5689 46 5783 20 5888 33 5944 47 6040 20 6102 6 6144 33 6199 48 6296 21 6355 10 6400 32 6454 48 6517 4 6552 21 6608 23 6656 32 6710 48 6773 6 6808 21 6857 2 6862 27 6911 32 6965 48 7027 9 7063 23 7108 39 7166 33 7221 47 7283 10 7319 23 7364 41 7422 31 7476 43 7539 10 7575 22 7619 43 7677 31 7731 43 7795 10 7830 23 7875 44 7934 23 7985 44 8051 10 8086 24 8112 3 8130 45 8191 21 8240 45 8307 10 8342 33 8385 48 8447 20 8494 46 8563 9 8598 35 8635 61 8704 19 8749 47 8820 7 8854 100 8960 19 9004 48 9111 104 9216 19 9259 45 9367 123 9515 42 9624 121 9771 42 9880 121 10027 40 10097 6 10136 121 10283 40 10351 10 10392 120 10538 41 10605 14 10647 120 10794 43 10860 15 10893 4 10901 122 11049 54 11115 17 11146 133 11304 56 11371 17 11400 135 11559 58 11626 19 11655 136 11813 60 11881 20 11911 137 12068 61 12137 20 12166 138 12323 62 12393 20 12421 138 12577 64 12649 19 12677 138 12833 63 12905 18 12933 136 13088 63 13161 18 13189 135 13344 61 13417 18 13445 133 13599 59 13674 15 13700 133 13855 56 13931 13 13953 136 14109 54 14188 11 14207 138 14364 54 14444 10 14462 139 14619 54 14699 10 14717 141 14874 55 14955 10 14973 141 15129 55 15210 10 15229 142 15384 56 15466 10 15484 147 15638 59 15721 12 15739 149 15893 62 15977 12 15994 221 16229 17 16249 222 16485 243 16739 245 16995 246 17251 246 17507 246 17762 247 18018 249 18273 250 18529 252 18785 253 19041 254 19298 254 19554 255 19812 254 20069 8730 28805 248 29062 248 29311 252 29565 15900 45469 252 45726 43 45773 205 45983 34 46032 202 46240 31 46289 201 46496 31 46546 200 46751 32 46803 198 47008 28 47062 193 47265 26 47319 190 47524 1 47531 13 47576 188 47789 10 47832 186 48050 3 48087 37 48128 145 48342 34 48384 144 48599 38 48640 144 48855 40 48896 144 49096 3 49111 186 49350 9 49365 190 49605 206 49861 206 50115 208 50370 209 50617 218 50872 220 51127 221 51381 224 51635 226 51884 235 52133 242 52388 244 52641 248 52896 41 52938 253 53195 252 53450 135 53591 111 53705 135 53847 249 54103 249 54360 253 54615 124 54744 249 55000 249 55257 248 55513 248 55768 249 56024 247 56280 246 56536 233 56771 10 56793 232 57029 7 57049 230 57305 230 57562 228 57819 227 58075 230 58331 230 58587 232 58843 232 59098 234 59353 236 59609 238 59865 238 60121 240 60376 241 60631 243 60885 248 61140 253 61395 254 61650 254 61906 245 62161 246 62418 245 62674 245 62930 29 62960 215 63186 29 63218 214 63442 29 63475 214 63697 30 63733 213 63953 30 63990 214 64208 31 64246 249 64504 247 64762 245 65021 242 65279 239
919234,0 7565 7569 252 7828 247 8087 244 8344 48 8395 190 8601 240 8857 240 9113 244 9369 246 9626 245 9882 245 10139 245 10387 3 10395 254 10651 254 10906 9243 20151 255 20409 253 20667 253 20923 254 21179 256 21437 2376 23817 250 24073 247 24329 247 24585 247 24842 246 25098 246 25353 247 25609 247 25865 247 26120 248 26376 248 26632 248 26889 247 27145 247 27403 245 27659 245 27915 245 28171 245 28426 187 28616 56 28682 187 28872 56 28937 186 29129 58 29193 186 29385 250 29643 248 29899 248 30154 250 30409 251 30665 251 30921 251 31175 10569 41748 251 42005 249 42260 249 42516 247 42771 248 43026 246 43281 248 43536 15323 58861 253 59118 232 59353 16 59375 230 59610 15 59631 226 59866 15 59888 223 60123 14 60144 180 60328 39 60380 13 60401 178 60584 39 60637 12 60659 175 60841 38 60894 9 60917 173 61096 39 61152 7 61173 173 61352 39 61393 4 61410 2 61435 167 61607 40 61648 5 61691 167 61863 48 61946 168 62119 37 62159 8 62202 168 62375 33 62414 9 62459 167 62631 30 62670 9 62715 168 62888 28 62925 10 62971 169 63144 28 63181 10 63228 169 63402 26 63437 10 63487 166 63659 25 63692 11 63744 165 63915 24 63945 14 64000 164 64172 2 64175 20 64201 14 64256 166 64425 4 64433 14 64455 17 64512 173 64690 3 64710 18 64768 173 64965 19 65024 173 65221 19 65280 174 65477 19
925045,0 65536
927607,195 5 211 3 452 8 708 10 964 13 1219 16 1287 2 1475 17 1543 2 1730 19 1798 3 1985 20 2053 4 2240 21 2496 21 2752 21 3009 20 3267 3 3274 11 3533 7 3790 5 4047 4 4303 4 5117 3 5373 3 5629 3 5885 3 8888 5 9113 4 9142 8 9368 5 9397 10 9623 7 9651 12 9879 8 9907 12 10134 9 10161 14 10390 9 10417 14 10645 10 10673 14 10901 11 10930 13 11139 2 11157 13 11188 11 11395 2 11413 15 11445 10 11651 2 11668 18 11705 4 11907 2 11923 19 11962 3 12179 20 12435 20 12690 21 12722 3 12946 21 12977 5 13197 26 13233 6 13452 27 13489 6 13707 8 13717 4 13730 3 13744 7 13963 8 13974 2 14000 7 14219 7 14257 5 14475 6 14514 3 14731 6 14987 6 15243 6 15500 5 15757 4 16013 4 17086 3 17341 8 17597 9 17815 6 17853 10 18070 7 18109 11 18327 6 18365 10 18583 7 18621 10 18840 7 18877 13 19097 8 19133 14 19353 10 19389 18 19609 10 19645 19 19866 11 19901 20 20122 11 20158 19 20377 12 20415 18 20633 12 20673 16 20888 13 20936 7 21143 14 21399 14 21654 15 21910 15 22165 16 22421 16 22677 16 22934 14 23190 12 23447 10 23703 9 23961 5 31689 2 31944 4 32199 6 32454 7 32709 8 32779 2 32965 8 33033 6 33041 4 33220 9 33288 15 33475 10 33542 19 33726 15 33797 20 33981 16 34052 21 34093 2 34236 17 34307 22 34349 4 34491 19 34561 25 34589 8 34604 9 34747 20 34816 37 34859 12 35003 21 35072 38 35114 15 35259 22 35328 39 35369 18 35515 21 35584 61 35771 20 35840 61 36027 20 36096 61 36284 17 36352 62 36541 16 36608 62 36797 16 36864 62 37053 16 37120 62 37309 16 37376 63 37565 16 37632 65 37820 16 37888 66 38075 17 38144 67 38331 16 38400 68 38587 16 38662 62 38841 18 38919 61 39097 18 39175 60 39353 18 39431 60 39609 18 39687 60 39865 18 39943 59 40123 15 40199 58 40381 12 40455 57 40637 12 40710 57 40895 9 40966 56 41152 8 41222 55 41409 6 41479 54 41735 54 41992 53 42207 2 42248 53 42463 2 42504 53 42718 4 42761 38 42805 7 42975 1 43017 37 43063 5 43274 3 43282 27 43538 27 43793 26 44047 26 44302 12 44473 2 44558 11 44727 6 44748 1 44814 9 44981 10 45004 1 45070 7 45237 10 45260 1 45327 4 45417 2 45493 10 45516 1 45673 2 45749 9 45929 2 46006 5 46184 3 46263 1 46679 3 46933 6 47189 7 47441 12 47696 14 47950 17 48039 14 48205 18 48295 14 48461 19 48550 15 48717 19 48805 16 48907 3 48973 19 49061 16 49163 4 49229 19 49317 16 49419 4 49484 20 49573 16 49675 4 49739 21 49829 16 49929 8 49992 5 50000 16 50085 16 50183 11 50247 6 50257 16 50340 1 50343 14 50437 15 50502 7 50512 16 50600 13 50623 4 50693 16 50758 7 50767 17 50858 10 50879 4 50948 17 51013 9 51023 17 51089 6 51116 7 51134 5 51204 17 51269 27 51343 10 51374 4 51390 5 51460 17 51525 26 51587 23 51646 5 51715 18 51781 26 51843 24 51903 4 51970 19 52037 26 52097 26 52226 20 52293 26 52353 26 52481 20 52549 23 52607 29 52737 20 52805 21 52861 31 52900 5 52992 21 53061 17 53115 34 53155 7 53248 21 53317 10 53371 35 53410 9 53504 20 53558 4 53575 3 53622 53 53760 20 53813 7 53867 4 53877 54 54016 19 54069 9 54119 70 54272 19 54325 9 54374 71 54528 18 54581 9 54629 74 54784 17 54837 9 54885 75 55044 11 55093 8 55141 76 55300 9 55349 8 55396 77 55560 1 55604 9 55650 80 55860 8 55905 82 56117 6 56160 83 56374 4 56415 84 56615 10 56667 89 56870 11 56922 90 57125 13 57176 92 57359 3 57381 14 57432 92 57613 7 57636 15 57688 91 57868 9 57891 16 57944 91 58120 14 58141 22 58184 6 58199 91 58375 16 58397 22 58438 9 58454 91 58629 18 58652 23 58693 10 58710 90 58885 18 58908 23 58949 10 58967 88 59141 18 59164 24 59205 10 59223 86 59397 18 59419 25 59462 9 59479 85 59652 20 59673 28 59736 75 59817 1 59907 50 59992 73 60161 52 60249 72 60329 4 60417 52 60505 71 60585 5 60628 3 60672 53 60761 70 60841 6 60883 7 60928 53 61017 69 61096 8 61139 8 61184 52 61265 5 61273 68 61351 10 61364 3 61394 9 61440 52 61521 4 61529 68 61607 18 61650 9 61696 51 61765 8 61775 6 61785 69 61863 22 61906 9 61952 51 62020 17 62041 69 62118 26 62162 9 62208 51 62277 16 62297 69 62373 27 62419 8 62464 50 62533 16 62553 69 62629 27 62676 7 62720 48 62789 16 62809 68 62884 27 62976 48 63046 14 63065 68 63140 27 63232 47 63303 7 63311 3 63320 68 63395 28 63488 46 63561 5 63567 4 63577 66 63651 28 63744 45 63823 4 63834 65 63907 29 64000 45 64079 5 64091 63 64163 29 64256 44 64336 5 64348 61 64419 28 64512 43 64592 5 64605 60 64675 5 64683 20 64756 3 64768 42 64829 11 64847 6 64862 58 64929 2 64941 17 65011 5 65024 41 65083 25 65119 58 65184 3 65197 17 65267 6 65280 39 65338 24 65377 43 65423 10 65439 4 65453 16 65509 7 65522 7
927691,0 6987 6989 2 6996 247 7253 12 7268 230 7510 10 7525 229 7767 9 7781 228 8027 4 8038 227 8295 226 8553 212 8769 8 8810 209 9026 7 9067 207 9282 7 9323 206 9538 7 9578 206 9794 7 9833 10 9845 195 10050 7 10087 8 10104 192 10306 8 10343 8 10361 191 10563 8 10599 6 10618 190 10819 9 10855 5 10874 191 11075 10 11111 5 11131 190 11330 11 11367 4 11386 191 11585 12 11624 3 11641 192 11840 14 11881 1 11897 190 12099 11 12151 191 12356 10 12405 192 12614 7 12653 199 12871 6 12908 200 13163 201 13418 203 13657 8 13673 204 13881 4 13912 11 13927 217 14164 237 14411 250 14665 11220 25889 250 26149 246 26405 246 26661 248 26917 249 27173 252 27428 254 27684 2965 30653 251 30910 237 31151 8 31167 235 31407 8 31423 234 31664 7 31679 234 31920 7 31936 233 32175 9 32192 233 32431 9 32448 232 32688 9 32705 231 32944 9 32962 229 33201 8 33219 228 33457 6 33475 226 33731 217 33951 6 33988 214 34244 213 34501 209 34757 206 35013 202 35271 196 35527 194 35785 179 35965 11 36041 177 36223 7 36295 178 36481 4 36501 8 36550 171 36757 12 36804 173 37013 13 37059 172 37269 14 37313 174 37525 14 37568 174 37789 7 37823 151 37975 22 38046 6 38079 162 38248 3 38304 3 38335 161 38561 1 38591 159 38821 6 38847 159 39077 6 39103 158 39333 8 39361 156 39590 7 39617 156 39847 7 39873 156 40103 8 40130 155 40360 7 40385 156 40616 9 40641 156 40872 181 41128 127 41257 53 41383 126 41513 54 41639 124 41768 51 41821 2 41893 125 42024 51 42077 2 42149 126 42279 52 42403 130 42535 52 42658 185 42912 187 43167 188 43421 192 43676 194 43877 2 43931 196 44133 2 44186 197 44389 2 44441 199 44645 2 44695 209 44947 213 45202 214 45456 216 45712 216 45967 217 46223 218 46477 220 46733 222 46987 225 47216 5 47242 239 47491 248 47745 11102 58852 251 59109 15 59126 231 59367 11 59384 229 59623 10 59640 231 59884 1 59896 231 60153 232 60409 234 60665 236 60922 235 61179 235 61437 232 61693 232 61943 4 61952 229 62199 5 62208 227 62455 6 62464 227 62711 6 62720 225 62967 6 62976 225 63223 6 63232 224 63479 6 63488 224 63738 1 63744 224 64000 224 64256 224 64512 223 64768 223 65024 223 65280 224
933048,61 2 138 11 159 20 393 7 414 21 649 7 669 22 904 8 924 23 1160 9 1177 27 1414 11 1433 28 1670 11 1689 28 1925 12 1945 28 2181 12 2201 28 2436 13 2461 12 2475 10 2691 15 2717 10 2733 8 2947 16 2975 6 3203 16 3231 4 3459 17 3715 18 3971 18 4227 18 4484 18 4740 18 4997 18 5253 17 5509 16 5765 13 6023 11 6282 8 45312 1 45568 1 45824 1 46080 1 46336 1 62870 12 63125 14 63379 18 63635 18 63891 19 64147 19 64403 20 64659 20 64916 20 65172 20 65428 20
938416,20 13 278 9 535 7 793 3 12287 1 12543 1 12799 1 13554 3 13809 5 14065 5 14079 1 14319 7 14335 1 14575 7 14590 2 14830 9 14845 3 15085 10 15101 3 15340 12 15356 4 15595 14 15611 5 15850 22 16105 23 16360 24 16615 25 16871 25 17128 24 17384 24 17641 23 17897 23 18154 22 18410 22 18660 2 18666 22 18912 32 19167 33 19422 34 19677 35 19931 37 20185 39 20437 43 20693 43 20948 44 21203 45 21459 45 21715 45 21972 44 22228 44 22484 44 22741 43 22996 44 23252 44 23508 44 23764 44 24020 44 24276 44 24532 44 24788 44 25044 42 25301 40 25557 39 25812 40 26068 40 26323 41 26535 1 26579 41 26790 3 26835 41 27044 6 27090 43 27135 1 27299 7 27343 46 27391 1 27555 8 27599 49 27811 8 27855 49 28067 7 28110 50 28323 7 28366 50 28579 6 28623 49 28837 3 28880 48 29137 47 29394 46 29650 45 29906 45 30161 44 30417 40 30672 39 30927 40 31151 9 31182 41 31407 10 31437 42 31487 1 31662 14 31691 43 31741 3 31917 16 31946 44 31997 3 32173 19 32201 44 32251 5 32428 20 32457 44 32507 5 32681 24 32713 44 32763 5 32935 26 32969 44 33019 5 33187 30 33225 44 33275 5 33443 31 33481 44 33530 6 33699 33 33739 53 33955 33 33995 38 34035 13 34211 35 34252 35 34292 12 34463 1 34469 33 34508 35 34548 12 34717 41 34764 35 34804 12 34973 42 35020 35 35059 13 35229 42 35275 36 35312 16 35485 42 35530 54 35741 85 35827 13 35997 99 36254 98 36511 6 36519 89 36753 2 36768 3 36776 88 37008 3 37025 2 37033 87 37263 6 37281 2 37289 87 37519 8 37536 5 37544 88 37775 104 37883 5 38031 104 38139 5 38287 104 38395 5 38543 105 38652 4 38797 108 38907 5 39053 115 39308 116 39563 117 39819 117 40075 117 40331 117 40587 117 40843 117 41099 117 41358 2 41362 7 41371 101 41629 99 41885 99 42142 98 42399 97 42655 97 42911 43 42958 50 43166 22 43189 21 43214 12 43227 37 43419 24 43447 19 43477 3 43487 33 43675 24 43703 18 43743 21 43765 11 43931 25 43959 18 44001 18 44023 9 44187 25 44215 17 44259 4 44269 5 44279 9 44443 25 44472 13 44514 5 44523 7 44534 10 44699 25 44729 10 44769 6 44778 8 44790 10 44955 25 44985 2 45025 6 45033 23 45211 25 45241 2 45282 30 45467 26 45497 2 45538 30 45723 25 45753 3 45795 29 45977 26 46008 5 46025 8 46053 27 46233 26 46264 5 46280 10 46310 26 46489 26 46521 2 46534 13 46565 27 46746 24 46789 15 46821 27 47002 24 47045 17 47077 27 47258 24 47300 23 47333 27 47515 23 47555 61 47771 24 47811 61 48027 24 48067 61 48284 23 48323 61 48541 22 48579 61 48797 22 48835 61 49053 22 49089 63 49309 22 49344 64 49565 22 49596 68 49821 22 49851 69 50077 10 50095 1 50107 69 50333 9 50362 70 50591 6 50618 70 50849 4 50874 70 51129 71 51385 71 51639 73 51894 74 52150 41 52194 30 52366 1 52405 42 52451 29 52613 14 52661 42 52708 28 52868 15 52917 41 52964 28 53123 17 53173 40 53221 13 53235 13 53379 18 53429 40 53477 27 53634 20 53684 40 53734 22 53758 2 53889 21 53940 40 53991 20 54015 1 54145 22 54197 37 54248 19 54271 1 54401 22 54453 36 54505 18 54656 24 54710 30 54765 14 54911 25 54967 28 55021 14 55166 28 55205 6 55225 16 55245 6 55279 12 55294 2 55420 35 55461 6 55481 15 55535 17 55672 41 55714 9 55739 12 55792 16 55927 53 55995 12 56047 17 56181 57 56253 10 56299 21 56436 59 56511 8 56554 22 56691 62 56756 8 56770 4 56809 23 56947 74 57028 1 57065 23 57203 74 57321 23 57458 75 57576 24 57713 76 57832 24 57969 76 58088 24 58225 75 58343 25 58481 75 58558 7 58599 25 58736 87 58855 25 58991 90 59112 24 59197 4 59247 92 59368 24 59451 7 59503 92 59624 24 59705 10 59760 91 59881 23 59959 12 59977 4 60017 91 60139 21 60214 13 60231 7 60275 90 60397 19 60418 6 60469 14 60487 8 60531 90 60654 28 60725 14 60741 10 60788 89 60911 14 60928 11 60981 26 61045 88 61169 10 61184 13 61237 26 61301 87 61418 1 61429 3 61440 17 61493 26 61557 86 61673 4 61696 18 61748 27 61813 84 61929 5 61952 19 62004 27 62069 83 62185 5 62208 20 62260 27 62325 76 62441 5 62464 21 62516 27 62581 74 62697 5 62720 21 62773 24 62837 72 62953 4 62976 21 63029 3 63033 20 63093 72 63209 4 63232 22 63290 18 63350 69 63488 22 63546 19 63606 10 63619 56 63744 22 63803 18 63865 5 63877 53 64000 23 64059 18 64122 3 64133 52 64256 23 64293 4 64313 22 64377 4 64390 48 64512 25 64546 9 64569 22 64633 4 64646 46 64768 43 64824 23 64889 4 64903 44 64983 4 65024 43 65080 24 65126 4 65143 7 65159 44 65238 5 65280 43 65335 25 65380 9 65397 10 65417 42 65493 7
942725,0 11 14 21 85 13 155 54 256 9 269 22 339 14 411 42 459 6 512 8 525 22 595 14 667 42 715 5 768 7 781 22 851 13 923 41 973 3 1024 6 1037 22 1106 14 1179 40 1280 3 1293 22 1362 13 1435 40 1489 1 1549 22 1618 12 1692 39 1805 22 1875 9 1949 37 2061 22 2131 8 2205 36 2318 20 2389 5 2463 34 2575 18 2646 1 2721 32 2831 17 2978 31 3088 16 3235 30 3268 4 3345 15 3425 5 3492 27 3523 6 3601 15 3681 6 3748 37 3858 14 3935 9 4004 5 4010 33 4050 4 4063 19 4114 14 4191 9 4258 3 4266 33 4305 6 4318 21 4371 14 4447 9 4511 7 4523 74 4627 14 4703 9 4767 7 4779 76 4884 13 4959 9 5022 8 5036 77 5140 14 5215 10 5279 6 5293 76 5396 15 5472 10 5535 6 5559 68 5652 15 5729 9 5793 3 5816 67 5907 16 6072 69 6163 16 6328 69 6418 17 6583 73 6673 17 6839 73 6927 18 7093 75 7183 15 7348 76 7439 11 7603 77 7695 12 7858 78 7951 13 8019 8 8035 4 8045 3 8105 6 8112 80 8208 12 8274 9 8289 17 8361 87 8465 12 8528 14 8543 21 8617 87 8721 12 8783 38 8828 3 8873 87 8977 12 9039 50 9128 88 9233 12 9295 52 9385 87 9489 13 9550 55 9641 87 9746 12 9806 55 9897 87 10003 11 10061 14 10076 48 10155 85 10261 9 10317 14 10333 48 10415 81 10520 5 10573 14 10589 48 10676 76 10777 4 10822 20 10845 48 10933 75 11033 4 11067 2 11072 25 11101 48 11189 75 11287 8 11315 2 11321 21 11343 10 11357 48 11445 75 11541 14 11567 30 11601 7 11614 47 11702 74 11797 16 11822 32 11857 6 11870 47 11958 74 12053 16 12077 36 12126 45 12215 73 12309 16 12333 36 12382 45 12471 73 12564 19 12587 41 12637 44 12728 72 12819 66 12893 43 12985 8 12994 62 13074 68 13149 41 13241 7 13253 59 13329 69 13405 41 13499 4 13510 58 13585 70 13661 40 13768 56 13840 71 13917 40 14025 55 14094 73 14173 40 14281 55 14349 75 14429 39 14537 55 14605 74 14684 39 14795 56 14861 73 14940 39 15051 58 15116 73 15196 39 15308 57 15372 71 15453 37 15565 58 15627 67 15709 36 15823 57 15881 68 15965 35 16081 124 16221 34 16339 122 16477 12 16491 19 16596 121 16734 10 16751 13 16852 121 16990 10 17008 11 17109 119 17248 7 17267 6 17365 119 17505 6 17525 2 17622 119 17893 92 17988 9 18150 88 18245 12 18407 86 18502 12 18589 5 18664 85 18764 7 18844 7 18921 84 19020 8 19099 8 19178 83 19276 9 19311 5 19318 1 19355 9 19435 14 19456 61 19532 9 19567 12 19611 10 19691 12 19712 60 19789 7 19823 17 19867 10 19945 8 19968 59 20045 7 20079 17 20123 11 20201 7 20224 57 20301 7 20335 19 20378 12 20457 8 20480 57 20556 8 20591 20 20634 13 20712 9 20736 21 20760 33 20812 8 20847 21 20889 14 20959 4 20968 9 20992 19 21017 32 21065 12 21103 22 21146 13 21215 4 21225 7 21248 18 21274 31 21320 13 21359 23 21402 13 21470 6 21484 1 21504 18 21531 29 21575 14 21615 24 21658 12 21726 7 21760 17 21788 25 21830 8 21869 28 21915 9 21982 7 22016 17 22045 24 22085 8 22101 2 22125 29 22172 7 22238 7 22272 17 22302 22 22342 5 22377 32 22430 3 22494 9 22529 15 22559 20 22599 3 22632 33 22751 9 22788 12 22818 9 22831 4 22872 3 22887 34 23007 9 23045 10 23077 4 23087 2 23127 6 23143 33 23264 8 23306 2 23383 9 23399 32 23522 5 23639 9 23656 30 23893 12 23913 27 24149 12 24169 26 24260 7 24404 13 24425 26 24513 12 24659 14 24681 26 24769 15 24871 2 24915 13 24938 25 25024 17 25123 9 25171 12 25193 26 25281 16 25377 12 25427 9 25449 25 25537 16 25633 12 25684 7 25705 25 25793 16 25889 12 25961 24 26052 14 26145 12 26217 24 26309 13 26402 11 26473 24 26567 10 26658 11 26729 23 26823 10 26915 10 26985 20 27081 8 27171 9 27240 21 27337 6 27495 18 27641 2 27750 19 27895 4 27983 10 28004 21 28150 7 28238 13 28259 22 28405 8 28493 46 28540 5 28661 9 28749 53 28821 3 28917 9 29005 54 29075 8 29173 10 29262 55 29329 12 29429 10 29518 57 29584 15 29684 11 29774 59 29839 16 29940 11 30031 60 30093 18 30195 13 30287 61 30349 18 30451 13 30544 79 30707 13 30800 79 30963 13 31056 78 31219 13 31312 78 31476 12 31568 77 31733 11 31824 77 31989 11 32080 45 32127 29 32246 10 32336 44 32384 28 32503 9 32593 42 32640 27 32761 7 32849 42 32897 26 33021 1 33105 34 33141 5 33153 27 33362 31 33397 5 33409 27 33619 28 33653 5 33665 27 33877 24 33911 2 33921 27 34135 20 34177 28 34303 1 34392 18 34434 27 34559 1 34649 16 34689 28 34813 3 34906 15 34945 28 35069 3 35163 12 35201 27 35325 3 35419 12 35457 27 35581 3 35675 11 35713 27 35837 3 35931 10 35969 27 36093 3 36121 4 36188 9 36227 26 36343 9 36376 7 36445 8 36459 1 36483 27 36598 10 36631 8 36702 5 36738 29 36851 13 36887 9 36959 4 36993 30 37033 2 37106 14 37143 9 37244 35 37283 12 37360 16 37399 9 37499 37 37538 13 37615 17 37656 7 37753 56 37867 21 37913 6 38009 57 38121 23 38264 59 38374 26 38520 60 38630 26 38775 62 38885 27 39031 62 39141 27 39283 67 39397 27 39537 68 39653 27 39792 68 39909 27 40047 68 40164 37 40303 66 40420 39 40559 66 40676 40 40742 15 40814 66 40897 2 40932 40 40997 17 41070 66 41153 2 41188 40 41253 19 41326 41 41372 20 41399 7 41407 6 41445 40 41509 19 41582 39 41629 20 41653 17 41701 42 41764 19 41839 36 41886 43 41957 43 42020 19 42097 34 42142 44 42213 45 42276 19 42359 28 42397 46 42465 49 42532 19 42617 26 42653 46 42721 50 42789 16 42876 23 42909 46 42977 50 43045 15 43134 7 43144 11 43164 47 43233 50 43301 12 43403 9 43419 48 43489 50 43557 12 43659 8 43675 48 43746 49 43814 10 43915 8 43929 49 44003 8 44014 3 44025 25 44070 10 44171 8 44184 49 44259 6 44281 26 44327 9 44429 6 44439 50 44499 4 44516 5 44541 22 44583 8 44693 53 44753 6 44773 3 44797 22 44840 7 44947 74 45055 20 45097 6 45203 75 45311 22 45459 78 45568 22 45608 2 45715 78 45824 23 45861 7 45971 80 46080 23 46117 7 46227 80 46336 24 46372 9 46485 79 46592 24 46628 9 46741 80 46848 25 46883 11 46998 80 47104 47 47261 74 47360 48 47520 72 47616 51 47775 74 47872 24 47897 29 48031 74 48128 24 48153 30 48287 75 48384 55 48543 77 48640 56 48799 13 48813 64 48896 57 49055 10 49071 8 49087 47 49152 57 49311 9 49329 4 49343 48 49408 57 49567 7 49600 48 49664 57 49824 5 49856 49 49920 14 49942 37 50113 50 50176 13 50199 36 50369 50 50432 13 50454 37 50625 54 50688 13 50710 37 50880 57 50944 13 50965 38 51135 59 51200 13 51220 38 51391 60 51456 12 51475 38 51525 2 51645 63 51712 11 51730 39 51781 2 51901 63 51968 7 51985 38 52075 4 52156 64 52224 4 52241 36 52329 8 52411 65 52480 5 52497 36 52551 3 52583 12 52667 64 52736 6 52752 37 52807 4 52821 3 52838 16 52923 64 52992 7 53008 37 53054 3 53062 7 53073 12 53093 20 53180 62 53248 6 53265 19 53286 14 53310 4 53317 26 53349 20 53437 61 53504 6 53522 17 53545 10 53566 35 53604 21 53694 59 53760 6 53779 15 53801 10 53822 59 53950 59 54016 5 54039 8 54062 3 54077 62 54208 57 54272 5 54333 63 54465 56 54528 5 54589 65 54726 51 54784 5 54845 66 54983 50 55040 5 55101 67 55241 48 55296 5 55359 66 55497 48 55552 5 55616 66 55757 46 55808 5 55872 67 56015 7 56024 35 56064 5 56127 68 56280 36 56320 5 56383 68 56536 37 56576 5 56639 68 56791 38 56832 4 56895 68 57047 38 57088 3 57151 68 57301 40 57344 1 57407 67 57556 41 57663 66 57811 41 57919 66 58067 41 58174 53 58229 10 58323 40 58429 54 58487 8 58578 40 58684 55 58743 8 58834 39 58940 55 58999 9 59090 39 59196 54 59254 11 59346 39 59452 54 59510 12 59603 37 59692 5 59708 53 59766 13 59860 35 59947 7 59963 54 60022 14 60117 33 60202 9 60218 54 60278 17 60373 27 60458 9 60473 54 60534 17 60631 23 60712 11 60728 54 60790 18 60888 6 60899 9 60967 14 60983 55 61045 20 61069 2 61146 1 61155 8 61222 71 61301 28 61383 7 61412 7 61477 72 61557 28 61638 10 61669 5 61733 71 61813 29 61893 13 61927 1 61943 1 61989 71 62069 29 62149 14 62198 3 62245 70 62326 29 62405 15 62501 70 62583 28 62661 15 62720 3 62757 68 62840 27 62889 4 62916 17 62976 4 63013 67 63097 26 63145 6 63172 17 63232 5 63270 63 63355 24 63401 8 63428 17 63488 5 63527 60 63611 24 63657 8 63684 17 63744 6 63787 49 63869 22 63911 10 63941 15 64000 6 64045 46 64125 22 64167 10 64197 15 64256 6 64303 42 64382 21 64421 12 64454 13 64512 5 64561 39 64639 20 64675 14 64711 10 64768 5 64819 36 64895 21 64923 22 64968 4 64974 1 65024 5 65076 35 65152 20 65179 22 65280 5 65333 34 65410 19 65434 21
944809,43209 1 43464 3 43721 2
962767,23 10 200 56 279 8 456 56 536 6 712 56 970 54 1226 54 1483 53 1738 54 1993 6 2003 45 2249 6 2259 45 2505 6 2516 44 2761 7 2772 44 3017 58 3273 60 3529 60 3785 60 4041 60 4297 59 4553 59 4809 58 5065 56 5322 54 5572 2 5579 53 5828 5 5834 54 6084 60 6340 60 6595 61 6851 61 7017 1 7107 61 7270 6 7363 61 7519 14 7619 61 7775 14 7875 61 8029 16 8131 61 8284 18 8387 61 8538 21 8643 61 8793 23 8900 60 9049 24 9156 60 9305 24 9412 60 9562 23 9668 60 9817 24 9925 59 10071 25 10181 59 10326 26 10437 59 10582 26 10693 59 10838 26 10949 59 11094 26 11206 9 11216 48 11352 23 11462 9 11473 47 11612 19 11718 8 11730 46 11869 18 11975 7 11987 45 12126 15 12231 6 12243 45 12385 12 12487 6 12500 44 12643 9 12745 2 12758 42 12899 8 13015 41 13155 8 13272 40 13413 6 13529 39 13670 4 13786 38 13927 2 14043 37 14300 36 14557 35 14813 35 15070 34 15327 33 15585 31 15843 20 16100 19 16359 2 16366 8 16623 7 16881 3 17774 7 18029 10 18282 12 18537 12 18793 12 18901 1 19049 12 19156 3 19306 9 19411 5 19564 6 19667 5 19921 8 20177 8 20433 9 20688 11 20943 12 21199 13 21453 17 21709 17 21965 19 22221 19 22478 19 22734 20 22991 20 23247 20 23507 4 23512 11 23763 4 23768 11 24022 13 24279 12 24536 11 24795 8 25053 6 25127 4 25309 6 25378 11 25566 5 25634 11 25821 6 25889 14 26076 8 26145 14 26331 10 26401 14 26432 4 26585 12 26657 15 26687 16 26839 14 26912 16 26942 20 27092 17 27168 15 27197 22 27348 17 27423 16 27452 25 27603 19 27679 16 27708 26 27860 13 27876 2 27935 16 27964 27 28117 10 28132 2 28191 16 28219 28 28373 9 28388 2 28448 15 28475 30 28631 4 28644 1 28705 14 28731 30 28900 1 28961 14 28987 31 29217 14 29241 34 29471 16 29494 37 29726 11 29740 47 29981 7 29996 47 30079 6 30237 7 30252 47 30335 6 30494 5 30508 35 30545 10 30589 8 30751 5 30764 34 30802 9 30845 8 31020 33 31059 7 31101 9 31276 33 31316 6 31358 7 31533 30 31574 2 31616 5 31649 6 31789 30 31875 1 31905 10 31917 2 32045 30 32160 16 32185 1 32302 29 32416 17 32438 5 32559 28 32671 18 32693 7 32815 29 32927 18 32949 8 33071 28 33183 32 33317 1 33325 28 33439 34 33569 37 33695 36 33825 36 33951 36 34080 37 34207 36 34335 37 34463 36 34590 39 34719 36 34845 40 34975 36 35100 42 35232 35 35355 44 35487 36 35610 45 35743 36 35866 46 35998 37 36121 47 36251 40 36377 48 36505 42 36632 49 36761 42 36888 49 37017 40 37145 48 37273 40 37401 48 37529 39 37658 47 37785 38 37887 1 37915 45 38041 37 38142 2 38173 2 38181 35 38296 37 38397 3 38439 32 38551 38 38653 3 38697 30 38805 39 38908 4 38954 29 39061 39 39164 4 39211 27 39315 41 39419 5 39468 26 39515 1 39571 40 39675 5 39725 22 39768 5 39781 9 39825 40 39930 6 39981 18 40019 2 40023 6 40037 16 40081 40 40185 7 40239 12 40275 2 40279 7 40292 21 40337 39 40441 7 40497 9 40531 3 40535 7 40547 23 40593 38 40697 7 40791 7 40803 25 40849 38 40953 7 41048 6 41058 27 41105 38 41209 7 41306 4 41314 28 41362 37 41403 2 41465 7 41563 2 41570 28 41619 42 41722 6 41829 25 41875 42 41980 4 42086 24 42132 41 42237 3 42344 22 42389 40 42495 1 42600 22 42645 40 42856 22 42902 40 43111 23 43159 9 43170 28 43361 30 43417 6 43427 27 43615 33 43673 5 43684 27 43869 37 43943 24 44125 38 44199 24 44381 38 44456 22 44637 38 44712 21 44851 9 44863 4 44892 41 44969 19 45104 21 45147 42 45225 18 45358 24 45403 43 45484 1 45490 6 45613 25 45659 44 45747 5 45851 2 45865 30 45915 46 46003 4 46107 4 46120 31 46171 47 46259 2 46375 33 46427 48 46631 33 46683 48 46883 1 46886 34 46939 48 47139 37 47193 50 47329 12 47395 37 47448 51 47583 23 47651 37 47703 52 47838 25 47908 35 47959 51 48093 28 48164 35 48214 51 48348 30 48421 33 48469 49 48603 32 48678 32 48725 49 48859 32 48935 30 48981 48 49115 33 49191 30 49237 48 49371 32 49446 4 49453 24 49492 49 49627 32 49702 4 49709 24 49749 48 49883 32 49958 4 49966 23 50005 48 50139 31 50213 5 50223 22 50261 48 50396 29 50469 5 50479 22 50518 44 50655 26 50725 4 50735 15 50755 1 50775 41 50912 25 50980 5 50992 3 51031 40 51169 24 51236 6 51286 40 51425 24 51488 1 51492 7 51541 38 51681 24 51748 7 51797 38 51937 24 52003 7 52053 36 52193 24 52259 6 52308 37 52449 24 52516 5 52564 37 52605 5 52703 26 52773 4 52820 36 52860 7 52959 25 53076 35 53115 8 53214 25 53333 46 53470 24 53589 46 53725 23 53846 45 53981 22 54103 44 54237 20 54360 43 54493 18 54618 40 54749 16 54875 39 55005 16 55138 32 55261 14 55395 31 55517 14 55651 30 55774 11 55907 30 56031 10 56163 28 56293 4 56419 27 56551 1 56676 25 56933 24 57200 11 57461 6 58784 14 59039 16 59293 22 59549 24 59648 4 59805 25 59904 4 60061 25 60160 5 60169 4 60316 28 60350 4 60416 14 60572 29 60603 8 60672 15 60827 41 60928 15 61083 42 61184 15 61339 42 61440 15 61595 43 61696 15 61851 43 61952 14 62107 43 62208 13 62363 43 62464 12 62618 43 62720 11 62873 44 62976 11 63129 44 63232 11 63384 43 63488 11 63640 43 63744 11 63897 40 64000 11 64153 40 64256 11 64409 38 64512 11 64666 37 64768 11 64922 26 64949 10 65024 10 65175 28 65205 10 65280 9 65430 6 65438 19 65462 8
966384,0 45 84 17 119 11 164 21 193 9 247 2 256 46 341 16 375 10 421 20 450 9 502 3 512 47 597 16 632 8 677 20 706 11 758 3 768 49 855 12 891 2 933 18 961 13 1014 3 1024 50 1111 10 1190 16 1217 13 1270 2 1280 52 1447 8 1472 15 1526 2 1536 53 1704 6 1728 17 1792 55 1964 1 1983 19 2048 57 2196 4 2239 20 2304 59 2493 25 2560 59 2623 4 2749 26 2816 70 3004 29 3072 71 3259 30 3328 11 3340 61 3515 30 3583 14 3598 60 3771 30 3840 15 3857 60 4026 33 4096 15 4114 61 4281 34 4337 5 4352 81 4536 36 4590 11 4608 82 4791 38 4846 13 4864 84 5047 38 5101 104 5302 40 5355 107 5558 40 5610 108 5814 40 5865 110 6070 41 6120 111 6245 2 6317 4 6326 41 6375 119 6499 6 6567 56 6631 131 6819 60 6887 132 7074 23 7099 37 7144 131 7331 22 7358 35 7400 131 7587 22 7619 30 7657 130 7843 22 7876 29 7915 128 8051 4 8099 22 8133 28 8171 129 8307 4 8355 22 8389 28 8429 128 8562 6 8610 22 8647 26 8688 125 8818 6 8865 23 8903 26 8948 121 9073 8 9119 24 9161 24 9206 120 9329 8 9375 24 9418 22 9462 132 9628 27 9675 16 9718 133 9883 28 9932 13 9974 133 10134 33 10188 13 10231 5 10240 124 10389 33 10445 11 10465 4 10496 123 10643 35 10700 12 10721 7 10752 123 10898 35 10955 13 10977 8 11008 123 11151 38 11211 13 11233 8 11264 123 11406 39 11466 13 11488 10 11520 122 11661 40 11721 14 11737 2 11742 13 11776 122 11916 41 11977 35 12032 122 12172 41 12234 36 12276 5 12288 122 12429 40 12491 36 12531 6 12544 122 12685 39 12749 46 12800 122 12941 39 13006 47 13056 109 13169 9 13197 39 13264 157 13426 7 13453 40 13520 156 13708 41 13777 154 13964 42 14033 151 14220 42 14289 47 14337 100 14476 42 14545 47 14597 95 14732 42 14801 47 14853 81 14935 12 14987 42 15057 47 15111 76 15243 42 15313 47 15367 76 15500 40 15569 47 15623 72 15757 39 15825 47 15880 69 16013 23 16037 14 16081 47 16138 65 16270 20 16295 12 16337 47 16395 64 16467 4 16527 11 16553 10 16594 46 16653 62 16721 8 16784 7 16816 3 16850 46 16909 19 16929 42 16975 11 17041 2 17073 1 17107 45 17167 15 17186 57 17363 24 17393 15 17423 14 17443 56 17619 25 17649 15 17678 15 17700 61 17877 40 17934 15 17957 19 17978 40 18134 38 18189 16 18213 17 18236 39 18401 26 18445 16 18470 15 18493 38 18659 24 18699 18 18726 14 18749 38 18916 23 18954 20 18982 13 19005 38 19172 22 19209 22 19237 12 19261 38 19427 23 19465 23 19494 9 19517 38 19683 22 19721 23 19773 36 19939 21 19977 24 20029 34 20194 21 20235 18 20285 34 20325 7 20449 22 20493 16 20541 34 20581 8 20705 22 20752 11 20798 33 20835 12 20961 23 21055 33 21090 13 21217 24 21313 48 21473 31 21570 47 21729 31 21831 42 21986 30 22089 40 22245 27 22345 40 22434 5 22507 21 22601 40 22663 6 22688 11 22745 2 22765 19 22857 39 22909 4 22914 12 22937 22 22999 4 23022 18 23113 38 23165 18 23192 25 23255 4 23278 18 23370 36 23421 18 23447 27 23510 6 23535 17 23627 34 23677 19 23703 28 23766 5 23790 18 23884 31 23933 20 23959 30 24023 4 24045 19 24141 17 24162 9 24189 20 24215 30 24279 4 24301 19 24397 16 24420 6 24445 20 24471 32 24534 5 24547 5 24555 21 24654 15 24677 4 24700 21 24727 33 24790 4 24803 6 24811 21 24911 12 24950 29 24985 32 25045 5 25057 9 25067 21 25167 12 25205 30 25241 32 25301 6 25313 31 25427 7 25461 30 25499 30 25556 44 25683 6 25716 31 25756 29 25811 45 25972 32 26013 28 26067 45 26228 33 26270 27 26323 45 26411 3 26483 34 26525 27 26579 45 26665 6 26738 36 26781 27 26836 44 26919 10 26993 37 27037 27 27101 35 27175 11 27247 39 27293 27 27357 35 27431 16 27501 41 27548 28 27613 35 27686 19 27757 41 27803 29 27869 35 27942 21 27979 6 28013 40 28059 28 28113 2 28125 35 28197 22 28235 7 28269 40 28315 28 28369 3 28381 35 28452 27 28489 10 28525 40 28570 29 28624 5 28637 36 28707 33 28743 12 28781 41 28825 30 28879 7 28893 39 28962 49 29037 74 29134 8 29150 39 29203 5 29217 50 29292 75 29390 9 29406 43 29457 8 29471 54 29547 76 29645 10 29663 43 29713 9 29727 56 29803 77 29901 10 29919 46 29967 12 29982 57 30059 79 30156 11 30177 58 30237 59 30314 81 30411 12 30435 117 30571 87 30667 12 30692 116 30827 88 30923 12 30948 116 31084 32 31119 54 31179 12 31205 116 31340 31 31376 53 31435 11 31461 116 31597 25 31633 54 31690 12 31717 116 31853 24 31890 53 31946 11 31973 118 32109 23 32147 52 32202 11 32229 118 32365 22 32403 52 32459 10 32485 40 32526 77 32621 20 32660 51 32715 8 32740 41 32784 75 32877 20 32917 50 32972 7 32996 41 33042 4 33052 63 33135 16 33173 50 33230 3 33251 41 33308 63 33391 16 33429 50 33507 41 33563 64 33647 16 33685 50 33763 41 33819 38 33859 25 33902 18 33941 49 34019 42 34075 38 34121 19 34157 26 34198 47 34276 41 34331 37 34385 12 34412 28 34455 45 34533 40 34587 37 34642 13 34667 30 34712 42 34790 39 34843 37 34898 14 34923 30 34968 40 35047 38 35099 37 35154 17 35177 32 35225 38 35310 31 35355 36 35409 19 35433 32 35482 35 35567 29 35613 34 35665 58 35739 31 35834 3 35840 11 35869 33 35921 58 35996 25 36096 10 36131 27 36175 62 36240 5 36253 22 36352 9 36387 26 36430 71 36509 20 36645 24 36683 76 36765 20 36838 4 36901 24 36936 80 37020 20 37093 6 37163 16 37190 89 37281 1 37285 10 37347 8 37421 13 37445 92 37541 9 37601 11 37681 5 37701 34 37739 54 37799 5 37857 12 37957 34 37995 54 38055 4 38112 14 38135 1 38212 35 38254 53 38367 15 38467 37 38511 24 38537 26 38623 15 38723 37 38770 11 38793 27 38879 15 38918 5 38979 37 39029 4 39049 27 39135 15 39171 10 39234 38 39305 28 39391 15 39427 11 39489 39 39561 28 39648 14 39682 13 39744 39 39817 28 39905 13 39937 15 40000 27 40031 8 40073 28 40161 13 40192 19 40256 25 40331 27 40418 12 40448 24 40511 26 40587 27 40675 11 40704 25 40768 24 40849 21 40931 11 40960 26 41025 22 41107 18 41188 10 41216 26 41282 19 41367 14 41447 8 41472 27 41538 19 41569 6 41624 12 41704 7 41728 27 41796 15 41820 13 41843 8 41963 5 41977 34 42053 14 42073 16 42099 8 42219 7 42227 40 42313 10 42329 16 42354 11 42428 1 42476 47 42571 7 42585 17 42609 12 42683 4 42732 47 42829 3 42840 18 42863 14 42938 7 42988 47 43096 19 43119 13 43193 8 43209 4 43244 47 43352 19 43373 14 43449 10 43464 7 43500 47 43608 19 43629 14 43703 12 43719 9 43756 47 43863 20 43885 13 43957 14 43973 12 44011 48 44119 20 44141 12 44213 13 44229 12 44265 48 44375 20 44399 10 44467 30 44520 49 44631 20 44655 10 44723 30 44775 48 44887 20 44911 8 44979 30 45030 49 45143 20 45165 9 45234 31 45285 48 45399 20 45420 9 45489 34 45540 49 45655 30 45696 5 45745 37 45795 48 45911 30 45946 12 46001 40 46049 50 46167 6 46175 22 46202 12 46256 41 46305 50 46432 20 46457 19 46513 41 46560 29 46590 21 46689 19 46713 20 46769 42 46815 23 46848 18 46945 18 46968 23 47025 42 47070 23 47104 17 47202 17 47224 23 47282 26 47309 14 47326 24 47360 17 47464 8 47480 25 47540 23 47567 12 47581 26 47616 11 47629 2 47723 4 47736 25 47797 21 47824 11 47837 25 47872 9 47993 24 48053 20 48081 8 48091 27 48128 9 48249 25 48309 20 48338 7 48347 27 48384 9 48505 25 48567 18 48595 5 48603 28 48640 9 48761 26 48823 18 48852 4 48860 27 48896 8 49016 3 49020 23 49082 5 49093 3 49107 4 49115 28 49152 9 49272 3 49276 22 49350 2 49360 7 49370 29 49408 9 49527 4 49532 22 49607 1 49615 42 49664 9 49784 3 49788 21 49869 45 49920 8 50044 21 50125 47 50176 8 50300 21 50380 49 50432 7 50557 20 50581 5 50625 30 50661 24 50688 7 50813 19 50837 6 50881 30 50918 23 50944 5 51069 20 51091 8 51135 32 51175 22 51200 5 51325 32 51391 31 51431 20 51456 5 51477 3 51581 32 51647 31 51687 16 51712 6 51732 5 51836 34 51903 31 51943 15 51968 7 51987 7 52091 36 52159 31 52201 12 52224 7 52242 8 52347 36 52415 31 52457 10 52480 8 52498 8 52603 36 52672 31 52715 7 52736 8 52754 9 52859 36 52928 31 52973 4 52992 8 53010 9 53115 36 53184 33 53248 7 53267 7 53371 36 53441 32 53504 7 53524 5 53627 36 53697 22 53720 9 53760 7 53781 4 53883 36 53953 20 53977 8 54016 7 54075 6 54110 6 54139 35 54211 17 54234 7 54272 6 54329 10 54365 8 54395 35 54467 17 54491 5 54528 2 54584 11 54621 10 54652 7 54663 22 54729 10 54747 4 54839 13 54877 11 54911 2 54920 21 54987 8 55004 1 55095 13 55133 12 55178 19 55247 1 55351 12 55390 11 55434 16 55607 12 55646 10 55691 12 55863 12 55903 9 55948 10 56120 12 56160 7 56206 6 56377 12 56417 3 56465 1 56633 13 56741 3 56829 3 56889 13 56993 8 57085 3 57144 15 57247 12 57340 4 57400 15 57502 15 57595 5 57656 15 57756 18 57851 5 57913 14 58012 18 58107 5 58169 14 58267 20 58362 6 58426 12 58523 20 58618 6 58684 9 58778 21 58875 5 58941 8 59034 21 59131 5 59177 4 59289 23 59387 5 59431 7 59544 24 59643 5 59686 9 59799 25 59900 4 59942 9 60055 25 60156 4 60197 10 60311 26 60413 3 60453 11 60567 26 60669 3 60709 12 60823 33 60926 2 60965 12 61079 35 61183 1 61221 13 61336 36 61439 1 61477 13 61593 36 61695 1 61732 14 61853 33 61949 3 61988 14 62095 3 62111 32 62205 3 62244 13 62346 9 62369 32 62460 4 62500 13 62601 10 62625 32 62715 5 62757 12 62853 15 62882 32 62970 6 63013 11 63107 17 63139 32 63215 4 63224 8 63269 10 63361 20 63397 30 63469 19 63525 10 63617 20 63654 29 63724 20 63779 11 63871 22 63911 28 63978 22 64024 1 64033 13 64125 23 64168 28 64233 23 64277 26 64380 24 64425 27 64488 24 64533 26 64635 24 64682 26 64744 24 64787 28 64891 23 64939 26 64999 25 65043 29 65147 23 65195 26 65254 26 65299 29 65403 22 65453 24 65509 27
972712,3480 3 3736 3 3992 3 4248 3 4504 3 4760 3 9501 3 9752 9 10007 11 10263 12 10519 12 10774 14 11029 15 11285 15 11542 14 11606 1 11798 14 11861 2 12054 13 12116 5 12310 12 12369 8 12567 11 12624 9 12823 10 12879 10 13079 10 13133 12 13335 10 13388 13 13591 8 13643 10 13847 8 13899 9 14156 7 14412 7 14670 1 16385 11 16641 16 16896 17 17152 19 17408 19 17664 19 17920 13 17935 3 18176 13 18432 13 18688 12 18944 12 19200 11 19456 11 19715 7 25521 7 25776 9 26031 12 26287 12 26543 12 26798 13 27054 15 27310 15 27567 14 27823 13 28080 5 28109 3 28364 5 28619 6 28875 6 28964 6 29131 7 29219 12 29386 8 29474 14 29642 7 29709 2 29729 16 29899 4 29963 6 29979 22 30218 7 30234 23 30473 8 30489 24 30729 8 30745 24 30985 8 31002 7 31012 13 31241 8 31259 5 31267 14 31497 8 31523 15 31753 7 31779 15 32035 16 32291 16 32549 14 32805 14 33061 3 33067 8 33119 3 33316 4 33322 8 33376 1 33571 5 33577 9 33827 5 33834 7 34083 4 34339 4 34489 4 34596 3 34743 6 34999 6 35254 7 35510 7 35765 9 36021 9 36277 10 36533 10 36791 7 37048 5 41965 8 42221 8 42477 8 42732 9 42988 9 43245 8 43501 6 43757 6 44015 4 44273 2 46438 4 46691 9 46946 11 47202 11 47370 1 47458 11 47626 1 47713 13 47969 13 48225 13 48481 13 48737 13 48994 12 49251 12 49508 11 49764 13 49923 1 50019 16 50179 3 50275 16 50531 17 50787 18 51043 18 51299 18 51557 16 51813 16 52070 15 52327 14 52583 13 52840 11 53097 10 53354 8
976097,41407 4 41663 2 44257 2 44513 2 44769 2 45543 1
980103,0 184 207 232 463 10 475 218 721 5 731 217 987 217 1244 215 1501 214 1757 214 2014 3 2019 208 2277 206 2533 204 2789 203 3043 204 3299 203 3553 205 3808 206 4064 206 4286 2 4320 205 4578 203 4836 201 5094 198 5351 8 5360 185 5619 182 5875 181 6132 179 6326 3 6388 180 6580 6 6645 180 6836 6 6902 179 7091 7 7159 178 7348 2 7415 178 7663 1 7673 176 7909 3 7917 4 7929 175 8165 4 8171 6 8187 173 8421 4 8427 8 8443 172 8620 4 8635 2 8678 3 8683 8 8701 170 8876 4 8891 2 8934 3 8945 2 8959 167 9130 7 9147 2 9191 2 9201 6 9216 177 9402 4 9447 1 9457 7 9472 177 9651 2 9657 6 9714 12 9728 177 9908 1 9913 6 9971 11 9984 177 10168 7 10227 11 10240 177 10423 8 10483 10 10495 178 10680 6 10739 9 10752 177 10936 6 10995 8 11008 178 11194 3 11238 3 11253 5 11264 178 11451 2 11493 6 11509 4 11520 177 11748 7 11775 182 12003 8 12031 184 12236 1 12260 6 12285 187 12492 1 12517 4 12541 189 12737 1 12747 2 12775 4 12797 189 12993 1 13003 2 13032 3 13053 190 13258 3 13289 3 13309 190 13515 2 13545 2 13565 191 13771 2 13822 191 14027 2 14042 1 14078 191 14283 2 14298 1 14333 192 14539 2 14554 3 14589 192 14812 2 14846 192 15068 2 15102 193 15359 193 15616 194 15872 194 16128 193 16384 193 16640 192 16896 191 17152 191 17408 192 17664 196 17865 2 17920 197 18121 2 18176 195 18432 193 18688 193 18944 194 19148 1 19200 194 19404 1 19456 194 19712 193 19968 193 20197 4 20224 193 20452 7 20467 3 20476 197 20707 9 20721 6 20729 199 20963 20 20985 198 21219 19 21243 193 21476 17 21501 191 21732 17 21757 190 21989 16 22015 188 22245 16 22271 188 22500 17 22525 191 22755 18 22781 191 23011 18 23036 192 23266 20 23292 192 23520 26 23547 194 23777 220 24033 220 24289 11 24302 205 24545 8 24563 200 24802 6 24820 198 25059 3 25077 2 25083 191 25315 3 25342 157 25501 29 25600 154 25757 18 25777 8 25856 153 26013 16 26079 4 26112 153 26269 7 26277 4 26284 1 26335 4 26368 153 26529 2 26533 4 26591 4 26624 151 26785 2 26789 5 26848 3 26880 150 27041 1 27045 5 27105 2 27136 150 27289 1 27301 5 27361 2 27392 150 27545 2 27557 4 27648 150 27801 1 27813 4 27904 150 28160 5 28166 139 28306 4 28417 4 28422 138 28673 4 28678 138 28929 4 28935 133 29185 4 29191 132 29441 4 29447 131 29601 1 29696 5 29703 130 29855 4 29952 4 29958 131 30108 7 30208 1 30213 132 30363 8 30433 2 30470 133 30619 8 30726 133 30875 8 30975 1 30982 135 31131 2 31136 3 31231 1 31238 137 31393 2 31441 1 31487 1 31494 139 31637 4 31649 2 31692 7 31750 147 31905 2 31948 7 32005 148 32161 1 32203 8 32261 148 32417 1 32444 1 32456 11 32517 151 32681 1 32698 9 32710 13 32773 156 32936 3 32953 11 32965 14 33028 158 33190 7 33209 26 33285 168 33466 25 33541 168 33722 24 33797 170 33978 25 34055 168 34233 26 34311 32 34347 132 34488 27 34570 29 34605 131 34742 30 34833 23 34861 131 34997 31 35091 21 35117 169 35347 22 35374 169 35603 23 35630 171 35803 7 35859 23 35886 181 36115 23 36142 181 36371 24 36398 181 36626 25 36654 181 36851 4 36863 1 36882 25 36910 181 37106 5 37117 3 37137 26 37167 179 37361 7 37371 5 37393 28 37422 181 37617 15 37651 197 37854 6 37875 13 37907 196 38111 5 38131 13 38163 9 38175 185 38366 6 38387 13 38414 1 38419 8 38431 185 38622 7 38644 12 38669 13 38688 185 38877 8 38899 13 38925 12 38944 185 39133 9 39155 13 39180 13 39201 198 39411 13 39436 14 39457 198 39667 13 39693 14 39714 198 39924 10 39949 14 39970 198 40180 9 40211 7 40227 196 40438 3 40467 7 40483 196 40695 1 40723 7 40739 196 40979 7 40995 196 41234 9 41251 196 41489 9 41507 196 41743 11 41757 2 41763 195 41983 1 41998 11 42013 200 42239 1 42254 11 42267 202 42493 3 42509 6 42516 4 42521 203 42749 3 42765 6 42777 202 43005 3 43022 5 43033 203 43261 3 43275 2 43278 5 43293 200 43517 3 43535 2 43548 200 43774 2 43804 200 44031 1 44060 200 44309 2 44315 202 44565 2 44571 202 44819 209 45035 4 45074 209 45291 4 45328 210 45547 4 45557 1 45584 210 45803 3 45812 3 45840 209 46066 6 46097 208 46321 8 46352 209 46578 6 46608 209 46834 5 46864 209 47120 209 47381 204 47638 203 47895 202 48151 202 48406 203 48661 203 48915 204 49171 204 49408 3 49426 205 49664 3 49682 205 49920 1 49938 205 50194 206 50450 206 50706 5 50717 196 50962 4 50975 194 51218 4 51231 194 51474 4 51489 192 51731 3 51746 192 51968 6 52002 193 52212 1 52224 8 52259 2 52263 188 52468 1 52480 10 52520 167 52689 18 52736 11 52776 167 52947 16 52992 12 53033 166 53205 14 53248 12 53289 165 53461 15 53504 12 53545 165 53719 14 53760 12 53801 149 53953 13 53975 15 54016 11 54057 138 54209 13 54231 17 54272 11 54313 136 54465 13 54487 18 54528 11 54570 133 54721 14 54743 18 54764 1 54784 11 54826 132 54977 14 54999 19 55019 2 55040 11 55082 131 55233 15 55255 22 55296 11 55337 132 55490 5 55498 6 55511 18 55552 10 55566 5 55593 131 55754 6 55767 6 55808 11 55820 8 55849 131 56010 7 56023 6 56064 28 56105 132 56267 6 56279 6 56320 31 56360 133 56523 6 56534 7 56576 33 56615 133 56779 6 56790 4 56832 35 56871 133 57047 1 57088 172 57344 172 57600 173 57794 3 57834 4 57856 173 58049 4 58090 4 58112 173 58305 4 58323 3 58347 2 58368 173 58561 4 58578 5 58604 1 58624 174 58834 5 58880 175 59089 5 59136 175 59345 4 59392 175 59602 3 59648 173 59859 2 59904 173 60115 2 60160 175 60369 2 60412 3 60416 175 60625 2 60668 179 60880 3 60893 3 60909 3 60924 180 61135 3 61149 3 61165 3 61181 189 61391 2 61405 4 61420 4 61439 12 61456 170 61661 3 61676 4 61695 8 61714 169 61914 1 61919 1 61931 5 61949 10 61971 168 62169 2 62188 4 62205 9 62227 170 62444 5 62464 6 62483 170 62701 4 62720 7 62739 172 62958 3 62976 8 62995 172 63215 2 63232 9 63250 175 63488 11 63505 177 63744 12 63761 178 63962 1 64000 13 64017 178 64217 2 64256 13 64271 180 64471 7 64512 196 64727 8 64753 2 64768 196 64983 8 65007 4 65024 197 65239 8 65263 4 65280 200 65495 8 65518 5
981723,1 3 23 54 145 70 237 11 255 1 258 3 279 54 401 69 493 14 511 1 515 2 535 54 657 69 749 15 770 4 791 54 913 68 1006 17 1026 5 1047 54 1169 68 1262 18 1281 6 1304 10 1317 39 1425 68 1519 24 1561 7 1576 37 1681 68 1775 24 1836 33 1936 69 2033 14 2048 7 2093 33 2192 69 2289 14 2304 9 2350 33 2449 66 2545 26 2607 33 2705 66 2801 30 2864 33 2961 65 3057 31 3121 32 3187 2 3217 64 3313 32 3377 32 3441 5 3473 63 3569 32 3633 32 3695 8 3729 63 3825 32 3889 32 3949 11 3984 65 4082 31 4145 31 4203 14 4240 65 4339 31 4401 31 4459 14 4495 67 4597 29 4657 30 4715 14 4751 68 4853 29 4913 29 4970 15 5006 69 5112 27 5169 29 5226 16 5261 70 5369 26 5424 29 5483 20 5517 70 5626 25 5680 29 5740 19 5773 70 5883 25 5935 29 5999 18 6030 69 6118 5 6144 20 6191 29 6255 19 6286 69 6365 15 6400 21 6447 29 6513 17 6543 68 6619 19 6656 21 6703 29 6753 1 6770 17 6799 68 6874 21 6912 23 6960 28 7007 4 7028 15 7056 68 7129 24 7168 23 7215 29 7257 3 7263 4 7284 14 7312 68 7385 25 7424 25 7471 12 7488 5 7499 1 7511 8 7541 12 7569 68 7641 26 7680 27 7711 6 7727 20 7755 1 7765 12 7797 12 7825 70 7896 27 7936 39 7980 21 8010 2 8019 16 8054 10 8080 102 8192 39 8235 22 8265 4 8275 16 8312 6 8335 104 8448 65 8519 8 8529 20 8590 107 8704 66 8775 30 8812 7 8845 108 8960 67 9030 32 9065 12 9093 2 9101 110 9216 67 9285 33 9321 14 9349 3 9357 111 9472 102 9575 16 9605 4 9613 112 9728 102 9831 16 9861 4 9870 112 9984 119 10127 112 10240 119 10384 111 10496 118 10640 42 10685 66 10752 107 10861 8 10896 41 10942 64 11008 31 11042 72 11151 40 11199 62 11264 31 11300 70 11406 41 11456 3 11461 56 11520 31 11557 70 11661 18 11687 14 11720 54 11776 31 11813 69 11915 20 11945 11 11977 52 12032 31 12069 68 12169 21 12203 8 12235 48 12288 31 12325 68 12423 23 12459 7 12493 45 12544 30 12581 68 12677 27 12717 4 12750 43 12800 30 12837 68 12931 30 12974 1 13007 41 13056 29 13092 69 13186 31 13263 40 13312 29 13348 70 13441 33 13519 40 13568 28 13603 72 13697 35 13776 39 13824 27 13858 74 13952 37 14033 38 14080 26 14114 76 14207 38 14293 34 14336 25 14370 77 14463 38 14550 33 14590 27 14626 77 14718 40 14807 31 14844 29 14882 77 14974 40 15063 30 15099 21 15137 78 15231 40 15307 4 15320 28 15355 22 15393 78 15487 40 15562 7 15576 28 15611 23 15649 77 15743 40 15817 10 15832 28 15865 26 15905 77 16000 40 16073 11 16088 27 16121 28 16161 76 16256 41 16329 43 16375 34 16417 76 16512 42 16585 87 16673 69 16768 42 16839 158 17024 42 17095 156 17280 41 17349 158 17536 41 17604 159 17793 41 17859 160 18049 42 18099 2 18115 160 18305 42 18353 5 18370 161 18561 42 18609 5 18625 162 18817 42 18863 8 18877 166 19073 43 19118 11 19130 168 19328 44 19373 181 19583 45 19629 182 19813 7 19838 229 20069 8 20093 243 20349 244 20604 249 20859 2097 22957 254 23214 251 23473 248 23729 30 23761 215 23988 26 24019 12 24032 200 24245 24 24277 8 24289 198 24503 22 24546 197 24759 22 24802 196 25017 19 25058 196 25273 19 25314 195 25533 14 25570 195 25792 11 25826 196 26081 198 26337 12 26361 178 26593 10 26617 14 26633 162 26850 9 26873 12 26890 17 26915 138 27107 6 27129 12 27147 16 27172 137 27363 6 27385 11 27409 7 27429 136 27623 1 27641 11 27666 5 27677 3 27685 136 27898 9 27930 8 27943 134 28156 7 28186 9 28199 134 28415 5 28442 9 28455 134 28672 4 28698 9 28711 134 28928 5 28954 9 28968 132 29184 5 29211 8 29223 133 29440 5 29468 5 29477 135 29696 4 29734 134 29952 3 29991 79 30071 54 30208 3 30247 79 30327 56 30464 1 30503 78 30583 57 30759 78 30839 58 31015 78 31095 59 31271 78 31351 59 31527 77 31605 2 31610 55 31783 80 31866 55 32041 76 32121 55 32255 1 32297 76 32376 56 32511 1 32555 75 32631 56 32766 2 32811 132 33022 2 33068 130 33277 3 33325 129 33534 2 33581 128 33791 1 33838 126 34047 1 34096 1 34101 118 34361 114 34592 2 34618 113 34843 2 34846 6 34875 112 35098 13 35134 107 35353 14 35391 106 35607 16 35654 97 35862 17 35915 91 36115 19 36172 90 36351 1 36370 20 36429 89 36606 2 36625 20 36685 89 36860 4 36881 20 36941 89 37113 7 37136 21 37197 88 37367 9 37392 20 37453 88 37623 9 37648 19 37710 87 37879 9 37904 19 37966 87 38135 9 38161 19 38193 6 38222 90 38391 9 38417 20 38448 8 38478 95 38647 9 38673 20 38703 10 38735 98 38884 1 38904 8 38929 21 38958 12 38991 98 39139 2 39161 7 39184 23 39213 14 39237 4 39249 97 39393 5 39419 5 39439 24 39468 15 39491 7 39504 99 39647 8 39675 5 39681 2 39695 45 39745 10 39760 99 39900 12 39931 9 39950 47 40000 11 40016 99 40155 14 40188 10 40207 46 40255 12 40272 100 40409 17 40443 11 40463 47 40511 13 40527 102 40664 19 40699 12 40719 47 40767 120 40913 27 40955 12 40975 168 41167 30 41205 19 41231 170 41407 6 41419 35 41459 21 41487 170 41661 50 41715 21 41743 224 41971 21 41999 224 42226 23 42255 224 42480 25 42511 224 42736 25 42767 224 42992 25 43024 248 43282 246 43542 234 43778 4 43801 231 44057 231 44313 231 44569 231 44824 232 45080 232 45335 233 45591 233 45847 233 46104 232 46361 231 46617 231 46852 3 46877 227 47106 7 47125 3 47135 225 47361 9 47378 7 47395 104 47504 112 47617 10 47634 7 47651 96 47749 6 47760 112 47873 24 47909 93 48017 111 48129 24 48166 92 48273 111 48385 26 48424 89 48530 85 48616 24 48641 26 48681 88 48786 85 48872 24 48897 28 48938 86 49042 84 49129 23 49153 28 49194 85 49298 83 49385 23 49409 29 49451 78 49554 83 49641 20 49665 29 49707 77 49811 81 49897 20 49921 30 49963 75 50067 80 50153 19 50176 31 50219 74 50324 78 50409 18 50432 31 50477 72 50581 76 50666 17 50688 31 50734 70 50837 75 50923 16 50944 31 50992 68 51094 73 51179 15 51201 30 51249 66 51350 72 51436 13 51458 29 51510 61 51607 12 51621 55 51694 11 51714 29 51767 60 51864 10 51879 52 51951 10 51971 28 52024 63 52125 2 52137 49 52209 6 52227 28 52281 64 52393 48 52466 4 52482 30 52539 64 52650 47 52737 32 52797 62 52906 47 52992 33 53056 60 53163 46 53248 33 53313 59 53418 47 53504 33 53570 59 53673 53 53760 33 53827 58 53929 53 54016 33 54084 56 54185 54 54272 33 54340 56 54441 55 54528 35 54597 55 54697 56 54784 35 54853 55 54954 56 55040 35 55109 55 55210 57 55296 35 55366 54 55467 57 55552 36 55623 54 55724 57 55808 36 55879 54 55981 22 56005 32 56064 24 56089 10 56136 53 56237 18 56267 27 56320 24 56345 10 56392 53 56493 16 56525 25 56576 24 56603 6 56649 52 56749 16 56783 23 56832 24 56861 2 56906 51 57006 15 57039 23 57088 24 57163 50 57262 15 57295 23 57344 25 57419 50 57519 14 57551 23 57600 7 57613 13 57676 49 57782 5 57807 23 57856 7 57869 14 57932 49 58039 3 58062 24 58112 5 58127 12 58189 46 58317 26 58368 5 58383 13 58446 45 58573 27 58624 3 58639 14 58702 44 58828 29 58895 14 58959 42 59085 28 59151 14 59215 41 59341 13 59355 14 59407 14 59470 45 59526 2 59597 12 59613 12 59663 13 59725 49 59781 5 59802 8 59853 11 59871 8 59919 13 59981 50 60036 7 60057 10 60109 10 60129 5 60174 13 60237 50 60291 9 60311 13 60359 16 60429 14 60492 39 60532 11 60547 10 60566 15 60614 17 60685 13 60747 34 60788 10 60802 14 60821 16 60869 18 60941 13 61002 20 61023 12 61041 12 61058 15 61077 16 61125 18 61197 12 61256 21 61283 6 61297 5 61313 36 61380 19 61453 12 61511 22 61541 3 61553 4 61567 38 61636 20 61709 11 61765 22 61823 37 61892 21 61965 12 62020 22 62078 38 62148 21 62220 14 62275 21 62332 38 62404 21 62476 14 62531 20 62587 38 62643 2 62660 21 62731 16 62787 19 62841 37 62896 6 62916 21 62987 17 63043 18 63096 37 63150 9 63172 21 63242 19 63299 17 63351 36 63401 15 63428 21 63479 8 63498 20 63555 17 63607 35 63657 16 63684 21 63735 9 63754 21 63815 12 63861 31 63912 21 63940 21 63991 9 64010 22 64072 8 64115 32 64168 21 64195 22 64247 9 64266 23 64369 34 64424 23 64450 23 64501 11 64522 23 64625 34 64681 48 64756 12 64778 24 64880 35 64937 48 65011 13 65034 25 65135 36 65193 47 65267 13 65281 6 65291 24 65391 35 65451 33 65507 29
982804,0 65536
986585,0 4182 4183 254 4440 254 4697 253 4952 160 5115 252 5371 251 5629 249 5887 248 6144 247 6400 247 6656 247 6909 1 6912 67 6981 254 7237 252 7493 252 7749 252 8004 253 8259 509 8769 253 9025 253 9281 252 9537 250 9793 251 10047 1524 11577 250 11833 252 12091 250 12347 252 12603 1221 13825 8 13835 245 14082 5 14102 234 14339 4 14359 233 14595 3 14615 233 14850 3 14870 238 15124 240 15379 240 15633 242 15888 240 16139 245 16394 246 16649 247 16905 247 17159 249 17415 249 17670 250 17926 250 18180 252 18436 252 18691 253 18946 254 19201 3484 22688 255 22945 514 23461 6455 29917 254 30174 3 30179 248 30431 2 30435 248 30693 246 30950 246 31209 244 31468 241 31727 238 31983 238 32239 239 32495 247 32753 14 32768 231 33009 12 33024 231 33273 4 33280 231 33529 2 33536 232 33792 232 34048 234 34291 6 34304 250 34560 253 34816 255 35072 4706 39782 251 40039 250 40293 252 40549 252 40805 252 41060 253 41314 4077 45393 253 45649 252 45905 251 46162 105 46273 138 46420 103 46530 137 46678 101 46787 135 46937 99 47042 136 47193 100 47297 136 47449 239 47705 238 47960 239 48216 239 48472 238 48728 237 48983 238 49239 238 49493 241 49744 247 49997 250 50253 6624 56879 252 57137 250 57393 250 57649 250 57905 252 58159 3194 61358 251 61613 252 61869 252 62123 3413
990714,134 8 178 33 241 6 356 6 390 8 434 33 499 3 574 1 611 8 646 8 690 33 829 4 867 8 903 8 946 32 1085 4 1123 8 1159 8 1202 32 1341 5 1378 11 1415 9 1458 32 1597 4 1633 14 1671 9 1714 32 1888 17 1927 9 1969 34 2143 18 2184 8 2225 35 2398 20 2440 7 2481 36 2654 21 2696 7 2737 37 2909 22 2952 7 2994 37 3166 21 3209 6 3250 36 3422 20 3465 4 3507 34 3679 19 3763 34 3936 17 4021 32 4193 15 4277 31 4342 3 4454 2 4458 3 4535 30 4596 9 4792 29 4851 12 5051 26 5107 13 5307 26 5363 13 5562 27 5619 13 5817 28 5875 13 6071 32 6131 13 6286 1 6327 13 6341 18 6387 13 6540 5 6581 37 6643 13 6795 6 6837 38 6900 12 7051 8 7092 39 7158 10 7307 9 7347 40 7416 8 7564 9 7603 38 7673 7 7820 10 7859 38 7929 7 8077 10 8114 39 8187 5 8333 10 8369 41 8446 2 8589 8 8626 39 8845 7 8882 39 9100 5 9139 36 9205 6 9356 4 9394 37 9460 8 9611 4 9649 34 9715 13 9868 3 9903 35 9971 13 10157 36 10226 14 10413 36 10481 15 10669 37 10737 15 10924 39 10994 14 11179 41 11250 14 11435 42 11506 14 11690 43 11761 15 11946 44 12017 15 12203 42 12272 16 12459 42 12527 17 12614 7 12716 41 12782 18 12869 8 12973 40 13037 19 13123 10 13229 40 13293 19 13379 11 13485 40 13549 19 13634 12 13741 40 13804 20 13889 13 13997 40 14060 20 14145 14 14253 40 14316 20 14401 14 14510 39 14573 19 14658 13 14767 38 14829 19 14915 12 15024 37 15085 19 15172 11 15285 31 15341 19 15411 5 15429 10 15541 31 15597 19 15663 10 15689 5 15794 33 15853 19 15917 12 15947 1 16049 32 16109 19 16172 14 16303 33 16365 19 16428 15 16557 35 16620 20 16681 18 16807 40 16876 20 16936 21 17062 40 17132 20 17191 28 17317 39 17388 6 17397 11 17447 29 17573 38 17643 21 17703 30 17829 36 17898 22 17959 30 18084 37 18153 23 18215 30 18342 35 18408 24 18471 31 18599 33 18663 25 18727 31 18855 32 18911 33 18983 31 19091 4 19111 31 19165 35 19237 33 19345 9 19367 24 19421 35 19494 32 19600 11 19623 24 19676 36 19751 31 19856 11 19877 27 19931 37 20007 31 20111 13 20133 27 20186 38 20267 26 20363 16 20389 24 20438 42 20525 23 20619 16 20645 22 20693 43 20784 11 20874 8 20885 2 20901 19 20948 44 21041 10 21130 7 21158 17 21204 44 21281 5 21299 2 21385 8 21414 17 21459 45 21537 4 21562 5 21642 7 21670 17 21715 45 21792 4 21817 8 21899 4 21926 17 21971 45 22048 4 22073 9 22182 17 22227 45 22302 5 22331 6 22438 17 22482 46 22557 6 22589 1 22694 17 22737 47 22813 6 22949 18 22993 47 23069 6 23205 18 23249 47 23327 2 23461 18 23506 46 23717 18 23762 46 23973 18 24019 45 24229 18 24275 45 24486 17 24531 45 24743 16 24787 45 25000 15 25044 44 25257 14 25301 43 25515 13 25558 42 25771 14 25814 42 25879 2 26027 18 26069 43 26133 6 26283 18 26325 43 26389 8 26540 18 26579 48 26645 9 26796 18 26834 51 26901 10 27052 19 27089 52 27157 10 27308 19 27345 54 27414 9 27440 7 27535 6 27563 20 27602 53 27671 8 27697 6 27790 7 27819 20 27858 53 27929 4 27953 6 28044 8 28075 19 28114 53 28186 2 28210 5 28299 9 28331 19 28370 55 28554 12 28587 18 28625 57 28809 15 28843 18 28881 58 29065 18 29100 16 29137 59 29321 19 29357 15 29393 60 29577 20 29613 15 29649 16 29667 44 29833 20 29870 14 29905 14 29924 43 30089 20 30127 14 30162 13 30181 43 30344 21 30383 14 30419 12 30437 44 30600 21 30640 14 30676 9 30693 44 30856 21 30897 13 30933 7 30948 46 31112 21 31157 10 31203 47 31368 21 31414 9 31459 48 31624 19 31672 7 31714 49 31880 19 31929 7 31969 52 32024 1 32137 18 32185 8 32224 53 32279 4 32393 18 32441 10 32479 63 32651 16 32697 11 32735 64 32909 14 32953 11 32990 67 33171 7 33210 11 33245 69 33427 6 33467 9 33501 73 33726 3 33756 81 34012 82 34202 9 34267 83 34457 10 34523 83 34705 19 34778 84 34960 20 35033 85 35215 20 35260 5 35288 86 35470 21 35515 8 35544 85 35725 22 35769 16 35801 85 35980 23 36025 17 36057 86 36226 32 36280 19 36317 82 36481 32 36536 19 36573 82 36737 32 36792 19 36831 80 36993 32 37048 19 37089 79 37249 32 37304 12 37320 5 37349 76 37505 32 37559 13 37576 5 37607 74 37761 32 37814 13 37831 6 37867 71 38018 31 38070 13 38087 6 38124 71 38274 31 38310 1 38326 14 38342 7 38382 69 38530 15 38549 13 38565 4 38583 13 38597 8 38639 68 38787 14 38805 22 38839 22 38897 66 39043 14 39061 24 39097 21 39153 66 39299 14 39317 25 39353 21 39409 65 39556 12 39573 26 39609 21 39665 63 39813 11 39829 28 39867 18 39923 60 40070 9 40085 28 40123 18 40179 58 40327 9 40343 27 40384 11 40435 57 40585 7 40601 26 40642 9 40693 53 40843 5 40857 27 40900 4 40949 52 41101 3 41111 30 41206 51 41361 1 41365 34 41444 6 41469 44 41619 36 41699 8 41728 40 41875 38 41954 11 41984 40 42131 38 42209 12 42240 39 42386 39 42466 11 42496 31 42531 2 42642 39 42722 12 42752 31 42901 39 42979 13 43008 32 43158 39 43236 13 43264 33 43415 40 43495 13 43520 33 43671 40 43751 14 43776 34 43927 40 44007 17 44032 35 44183 40 44263 18 44288 35 44440 40 44519 60 44697 40 44774 61 44955 38 45004 2 45029 62 45213 36 45259 3 45283 63 45471 35 45515 4 45537 65 45676 4 45728 34 45771 4 45793 64 45929 10 45986 32 46027 3 46042 71 46185 10 46243 31 46283 3 46297 72 46441 12 46501 27 46553 72 46697 12 46768 10 46809 72 46935 7 46953 12 47064 73 47189 10 47209 12 47320 73 47443 14 47466 11 47575 73 47698 16 47722 11 47831 72 47953 18 47979 9 48086 72 48209 18 48235 9 48341 72 48465 18 48491 8 48572 3 48597 72 48721 17 48747 8 48827 5 48853 71 48978 16 49003 8 49082 7 49109 71 49235 14 49260 7 49337 8 49365 69 49493 12 49516 8 49590 10 49621 69 49749 12 49772 8 49845 11 49878 41 49920 26 50007 10 50029 7 50063 3 50097 14 50135 40 50176 27 50204 3 50263 9 50286 5 50318 5 50352 15 50391 39 50432 35 50521 6 50574 5 50609 12 50647 37 50688 36 50777 6 50830 5 50866 11 50903 36 50944 37 51086 5 51159 31 51200 39 51342 5 51415 29 51456 42 51599 4 51619 2 51671 27 51712 43 51855 5 51873 6 51927 26 51968 44 52109 9 52120 16 52183 26 52224 45 52364 28 52440 24 52480 45 52527 4 52617 32 52697 23 52736 52 52872 33 52953 22 52992 53 53127 35 53211 20 53248 53 53383 36 53467 20 53504 53 53637 40 53723 20 53760 53 53893 40 53981 18 54016 53 54149 40 54239 1 54272 53 54405 40 54534 45 54644 1 54648 1 54661 42 54793 40 54890 5 54898 8 54917 42 55051 32 55144 19 55173 43 55241 4 55307 33 55400 19 55429 44 55497 3 55563 33 55655 22 55685 44 55751 5 55819 33 55911 22 55941 44 56006 7 56075 34 56167 22 56198 43 56261 12 56332 35 56423 22 56455 42 56516 14 56589 32 56678 23 56715 38 56771 23 56845 32 56934 23 56972 37 57026 25 57061 4 57091 1 57101 30 57189 23 57229 35 57280 29 57314 17 57347 3 57357 30 57445 22 57485 35 57535 30 57569 19 57603 4 57614 27 57701 20 57740 35 57790 31 57824 21 57859 4 57870 27 57957 20 57996 35 58045 32 58080 21 58117 2 58127 24 58213 20 58253 34 58300 33 58337 20 58373 1 58383 24 58469 20 58509 34 58555 34 58593 19 58639 25 58725 20 58765 34 58810 36 58850 1 58853 14 58895 25 58981 21 59021 33 59065 38 59111 12 59151 25 59237 22 59278 32 59320 41 59371 7 59407 25 59494 21 59535 32 59575 44 59628 5 59665 24 59751 20 59791 32 59830 45 59921 24 60007 20 60048 31 60085 47 60180 22 60264 19 60305 30 60340 47 60437 21 60520 19 60561 30 60595 48 60695 19 60777 18 60817 30 60851 48 60953 17 61034 17 61072 31 61107 48 61215 10 61291 14 61321 23 61351 6 61363 48 61471 10 61547 14 61576 23 61609 4 61619 49 61731 4 61804 13 61830 23 61875 51 62061 11 62085 24 62131 52 62318 9 62341 24 62388 53 62575 8 62597 23 62644 53 62853 23 62900 55 63109 23 63156 57 63214 5 63366 22 63411 66 63484 4 63623 22 63667 68 63740 4 63880 21 63924 76 64137 20 64180 76 64393 20 64437 75 64639 2 64652 8 64664 5 64694 74 64894 5 64951 73 65149 6 65208 72 65403 10 65465 71
995278,193 35 235 21 449 36 491 21 707 34 747 21 963 36 1003 21 1219 61 1475 61 1731 61 1986 62 2241 63 2497 63 2752 64 3006 66 3261 67 3367 5 3516 68 3622 7 3772 68 3877 8 4029 52 4083 13 4133 8 4285 52 4341 11 4387 8 4543 50 4598 10 4639 12 4799 51 4854 10 4893 14 5057 49 5111 9 5148 15 5313 49 5367 9 5403 16 5569 49 5624 8 5659 16 5824 50 5880 8 5915 16 6080 51 6134 10 6171 15 6336 52 6390 10 6429 12 6592 64 6685 11 6847 65 6943 7 7103 65 7200 5 7359 65 7615 65 7871 65 8126 66 8382 66 8637 67 8893 67 9148 68 9403 69 9658 70 9914 70 10171 69 10427 69 10544 1 10683 69 10800 1 10940 68 11056 1 11197 67 11453 67 11709 67 11965 67 12213 5 12221 67 12468 7 12478 66 12723 8 12734 66 12978 9 12990 66 13233 11 13245 67 13489 10 13501 67 13744 11 13758 66 14000 11 14013 67 14257 11 14269 67 14513 11 14525 67 14747 5 14770 78 15003 8 15027 77 15259 10 15284 10 15299 61 15515 10 15541 9 15557 59 15771 11 15799 7 15817 55 15999 4 16027 12 16056 5 16073 55 16253 15 16283 12 16329 55 16509 16 16540 11 16585 55 16764 21 16797 10 16841 54 17019 24 17053 9 17097 54 17275 25 17311 7 17353 52 17530 27 17567 6 17609 50 17785 28 17866 41 18041 29 18122 41 18297 29 18380 37 18553 29 18637 36 18687 1 18809 28 18897 1 18906 23 18942 2 19065 28 19163 22 19198 2 19305 5 19322 27 19419 22 19454 2 19561 5 19579 26 19676 21 19710 2 19816 7 19830 2 19839 22 19933 20 20071 8 20085 4 20096 21 20190 19 20325 10 20341 3 20353 21 20449 14 20580 11 20598 1 20610 20 20713 4 20834 15 20853 2 20867 19 21090 23 21123 19 21345 26 21381 17 21601 28 21637 16 21855 31 21894 15 22111 32 22150 14 22366 33 22407 12 22622 34 22665 10 22877 35 22925 6 23133 35 23181 6 23389 36 23439 3 23645 36 23689 9 23904 35 23943 9 24161 34 24199 9 24419 46 24677 45 24935 44 25192 43 25435 4 25454 37 25691 4 25711 37 25947 4 25967 40 26203 6 26223 40 26458 11 26480 41 26714 11 26736 42 26969 13 26992 43 27211 3 27225 13 27248 43 27465 6 27481 17 27503 44 27721 6 27736 21 27759 44 27977 8 27992 67 28232 9 28247 68 28489 8 28503 67 28745 9 28759 65 29002 9 29012 61 29074 5 29259 74 29517 72 29773 72 30030 70 30288 68 30544 67 30800 67 31055 67 31311 67 31566 68 31641 8 31822 67 31897 10 32079 65 32153 11 32335 64 32409 12 32591 55 32647 6 32667 9 32847 54 32904 3 32923 8 33102 46 33181 6 33359 44 33437 5 33615 44 33693 4 33871 43 33950 2 34127 31 34165 5 34179 8 34190 1 34383 30 34422 4 34435 8 34445 4 34639 26 34678 4 34691 15 34895 16 34914 5 34934 3 34947 15 35151 14 35203 15 35407 14 35459 14 35663 13 35715 13 35919 12 35972 12 36175 11 36431 9 36687 5 36943 4 37200 2 38770 5 39025 7 39255 4 39281 8 39511 4 39537 6 39766 6 39795 2 40021 8 40277 8 40532 10 40787 12 41043 12 41299 13 41555 12 41811 11 42067 10 42324 7 42581 4 42835 4 43091 3 43347 3 43603 1
