id,segmentation
000001,0 25 44 104 210 71 299 106 466 71 555 107 721 72 810 109 976 72 1066 109 1231 73 1322 108 1454 2 1487 72 1578 108 1708 6 1743 71 1833 109 1963 7 1999 70 2088 110 2218 8 2255 70 2343 111 2474 8 2511 71 2599 112 2731 6 2746 1 2767 71 2855 115 2988 2 3000 4 3021 73 3111 117 3256 5 3275 75 3366 119 3512 5 3531 75 3621 121 3768 5 3787 59 3847 15 3876 121 4025 3 4044 56 4104 14 4132 121 4304 51 4360 13 4388 121 4561 50 4616 13 4643 122 4819 46 4872 11 4900 120 5076 44 5128 9 5156 115 5333 43 5385 7 5412 114 5590 42 5641 6 5668 114 5816 2 5846 42 5897 6 5924 116 6071 4 6101 43 6153 6 6181 115 6326 6 6356 44 6409 6 6437 116 6580 8 6597 3 6611 45 6665 6 6693 116 6835 9 6852 6 6865 47 6922 5 6949 116 7088 12 7108 7 7119 49 7178 6 7205 117 7331 25 7365 7 7373 51 7434 6 7461 117 7586 26 7622 58 7690 6 7717 117 7842 26 7879 57 7946 6 7972 119 8098 26 8136 56 8203 5 8228 119 8353 27 8392 56 8460 3 8484 119 8609 26 8649 55 8739 120 8865 26 8905 55 8996 119 9122 8 9132 15 9162 54 9252 118 9380 4 9390 13 9418 54 9508 118 9647 13 9674 54 9764 117 9904 12 9931 53 10019 113 10161 10 10188 52 10272 113 10417 9 10444 52 10527 114 10674 8 10700 52 10782 116 10930 8 10957 51 11039 115 11187 7 11213 51 11295 115 11443 8 11469 51 11551 115 11699 9 11725 51 11807 114 11955 10 11981 51 12064 111 12210 12 12236 52 12320 110 12466 12 12491 53 12576 111 12722 12 12747 53 12832 111 12978 12 13002 54 13087 113 13235 8 13259 53 13343 113 13492 6 13515 53 13599 113 13772 54 13854 114 14028 61 14109 115 14284 61 14365 28 14397 83 14541 61 14621 29 14653 83 14797 61 14876 30 14910 82 15053 52 15106 9 15133 29 15166 82 15309 51 15363 9 15389 30 15423 81 15564 65 15646 11 15660 15 15679 80 15820 67 15903 10 15917 14 15935 80 16075 68 16161 27 16192 79 16330 69 16419 25 16449 78 16582 45 16630 25 16676 24 16706 76 16836 46 16887 23 16932 25 16962 75 17091 22 17114 22 17149 16 17188 25 17219 29 17249 43 17346 23 17376 14 17404 15 17443 27 17475 28 17508 38 17601 24 17633 12 17657 17 17699 28 17732 27 17769 32 17856 26 17889 13 17908 21 17955 29 17988 14 18003 12 18026 31 18111 28 18145 6 18154 5 18163 21 18211 29 18245 13 18263 7 18285 29 18366 30 18401 5 18410 30 18467 30 18501 13 18522 3 18545 25 18622 30 18658 3 18665 30 18724 30 18757 12 18803 23 18878 30 18920 30 18981 29 19014 11 19065 18 19134 30 19176 29 19239 27 19270 11 19322 17 19391 20 19414 4 19430 26 19497 25 19527 11 19578 17 19648 12 19663 1 19686 26 19756 21 19783 11 19834 17 19904 9 19941 27 20013 19 20040 10 20090 17 20161 7 20197 27 20271 19 20298 7 20346 18 20419 4 20452 28 20528 18 20557 4 20603 17 20708 28 20785 18 20860 18 20960 32 21042 18 21117 18 21214 34 21300 16 21373 18 21469 35 21558 13 21630 17 21725 35 21886 10 21898 3 21980 36 22142 7 22236 36 22400 2 22491 37 22747 37 23003 37 23259 37 23514 38 23770 38 24025 39 24281 39 24537 39 24792 40 25048 40 25304 40 25559 41 25734 2 25813 43 25987 5 26068 44 26241 6 26324 44 26496 6 26580 44 26751 7 26836 44 27007 6 27092 44 27264 4 27348 44 27521 2 27603 45 27859 45 27912 1 28115 45 28167 3 28371 45 28422 6 28627 45 28678 7 28884 44 28933 9 29141 43 29189 10 29398 42 29444 13 29654 42 29700 14 29911 41 29955 16 30167 41 30211 18 30424 40 30467 19 30680 62 30938 60 31195 59 31451 60 31708 59 31964 60 32220 61 32477 61 32733 63 32990 63 33247 2 33252 57 33318 5 33510 55 33571 10 33766 55 33826 12 34022 55 34081 14 34278 55 34337 16 34534 56 34593 17 34790 56 34850 17 35047 55 35106 18 35304 55 35363 18 35560 55 35619 19 35762 4 35817 55 35875 20 36016 7 36073 55 36131 22 36262 3 36270 10 36329 55 36388 22 36517 19 36586 54 36644 23 36773 20 36842 54 36900 23 37029 20 37098 56 37155 24 37285 23 37354 81 37540 26 37609 82 37773 4 37795 27 37864 84 38028 6 38050 29 38121 83 38284 9 38305 31 38382 79 38539 12 38560 32 38639 78 38795 12 38816 32 38896 77 39051 11 39072 32 39152 76 39306 12 39328 32 39409 75 39555 17 39585 30 39666 73 39811 16 39842 30 39923 71 40066 16 40104 25 40180 69 40322 15 40362 25 40436 68 40578 15 40619 25 40693 9 40704 55 40833 16 40876 24 40950 7 40960 55 41080 25 41133 24 41207 6 41216 55 41335 26 41390 22 41464 5 41472 56 41591 27 41646 16 41665 3 41728 56 41846 28 41903 14 41984 48 42036 4 42102 29 42159 13 42240 47 42357 31 42416 11 42496 45 42613 31 42673 9 42745 2 42752 45 42869 32 42931 6 43001 4 43008 44 43124 33 43256 7 43264 44 43377 36 43512 51 43632 38 43767 51 43887 39 44023 50 44077 3 44127 2 44142 40 44278 50 44333 3 44381 5 44396 43 44533 49 44637 5 44650 46 44788 48 44891 7 44905 48 45043 48 45145 13 45159 52 45293 54 45401 67 45548 56 45656 8 45665 59 45803 57 45912 7 45921 60 45988 3 46059 57 46168 7 46177 71 46316 57 46424 8 46433 72 46572 57 46680 81 46828 58 46936 81 47084 58 47191 82 47339 59 47447 82 47595 58 47702 84 47850 59 47959 83 48106 58 48215 83 48362 58 48472 82 48619 56 48728 82 48875 53 48984 82 49127 1 49132 52 49241 6 49250 72 49382 4 49388 52 49460 5 49498 3 49507 72 49638 4 49644 20 49665 32 49715 7 49764 72 49895 1 49900 20 49922 31 49971 9 50021 72 50157 19 50179 31 50227 11 50277 73 50413 19 50436 30 50483 14 50534 72 50670 18 50692 29 50739 14 50791 71 50926 18 50949 20 50995 14 51048 70 51183 17 51205 21 51252 13 51305 69 51439 17 51460 22 51508 12 51562 67 51695 17 51716 22 51765 9 51818 50 51872 12 51950 44 52009 3 52021 8 52074 47 52129 10 52194 6 52206 44 52263 7 52274 11 52330 45 52392 1 52448 60 52511 30 52586 43 52703 93 52843 41 52959 92 53099 41 53215 91 53355 42 53472 90 53612 42 53729 89 53869 44 53986 88 54127 43 54242 89 54335 4 54385 46 54498 89 54591 5 54643 46 54754 90 54846 6 54900 47 54987 4 55009 91 55101 8 55157 46 55241 7 55254 4 55265 101 55414 45 55495 9 55508 8 55521 31 55559 2 55563 51 55615 7 55672 43 55750 10 55762 11 55777 31 55819 50 55872 8 55929 42 56006 8 56016 48 56075 50 56129 8 56186 40 56263 6 56272 17 56292 28 56331 63 56444 37 56520 26 56549 27 56587 63 56706 31 56776 26 56805 27 56843 63 56963 29 57033 25 57062 26 57099 63 57219 29 57289 10 57300 15 57318 26 57355 62 57475 28 57546 9 57556 15 57574 26 57611 61 57731 20 57802 9 57812 15 57830 26 57868 59 57986 20 58058 9 58068 15 58086 26 58124 58 58241 9 58253 9 58314 25 58342 26 58380 57 58496 24 58568 27 58598 26 58636 54 58752 25 58822 29 58855 25 58893 52 59007 26 59077 30 59113 23 59149 51 59263 27 59320 3 59333 31 59371 21 59405 51 59519 28 59575 6 59588 32 59628 20 59662 49 59775 31 59830 9 59844 33 59885 19 59918 49 60031 32 60084 49 60141 19 60174 48 60288 32 60338 52 60398 18 60430 48 60545 32 60594 53 60654 15 60674 1 60687 47 60803 30 60849 54 60910 12 60928 5 60944 47 61063 27 61105 55 61167 11 61184 6 61201 47 61257 2 61323 23 61360 56 61425 2 61440 7 61457 49 61512 4 61520 3 61583 20 61615 51 61669 1 61696 7 61714 49 61766 6 61774 6 61840 19 61869 50 61952 8 61970 50 62023 17 62097 7 62106 9 62120 56 62208 8 62226 52 62279 26 62355 4 62363 9 62374 58 62464 10 62479 83 62612 2 62618 70 62720 98 62874 70 62976 98 63125 75 63232 99 63380 76 63488 100 63636 75 63744 100 63892 75 64000 101 64149 75 64256 102 64405 76 64512 102 64662 75 64768 103 64885 3 64919 75 65024 103 65140 5 65176 74 65280 103 65396 5 65433 72
000002,0 217 256 216 512 215 768 211 1024 209 1280 197 1480 7 1536 196 1792 196 2048 196 2304 195 2560 195 2816 195 3072 194 3328 192 3584 191 3840 190 4096 190 4352 189 4608 189 4864 189 5120 189 5376 179 5557 8 5571 5 5632 177 5813 7 5825 10 5888 175 6070 6 6080 14 6144 175 6326 6 6336 15 6400 175 6578 2 6583 4 6591 19 6656 181 6846 23 6912 182 7099 27 7168 182 7354 29 7424 182 7608 32 7680 216 7936 217 8192 218 8448 218 8704 218 8960 218 9216 218 9472 217 9728 217 9984 219 10240 223 10471 2 10496 227 10726 4 10752 235 11008 237 11264 240 11520 241 11776 242 12032 242 12288 243 12544 244 12800 245 13056 246 13312 247 13568 248 13824 250 14080 252 14336 253 14592 253 14848 254 15104 255 15360 50176
000003,0 65536
000004,0 9733 9736 252 9993 251 10248 252 10504 34566 45073 253 45329 254 45585 19951
000005,17965 2 24334 1 24590 2 24847 1 31248 4 31504 5 31760 5 34370 3 34622 9 34877 10 35134 9 35390 8 35647 8 35904 9 36161 10 36417 10 36674 9 36930 9 37186 8 37442 7 59169 5 59424 7 59679 8 59936 8 60192 8 60449 8 60706 7 60963 6
000006,199 39 454 40 709 41 963 43 1219 44 1475 38 1515 5 1731 36 1772 6 1987 36 2028 6 2244 5 2251 28 2284 6 2509 27 2540 6 2766 5 2774 19 2796 5 3030 25 3287 21 3545 19 3804 16 4061 16 4317 18 4574 20 4831 20 5088 19 5344 20 5602 18 5859 17 6117 14 6375 11 6631 11 6887 10 7139 14 7382 27 7637 28 7892 29 8148 29 8404 29 8659 31 8913 34 9168 35 9423 36 9678 37 9934 36 10188 37 10442 32 10696 33 10952 31 11208 30 11464 29 11721 27 11977 26 12234 25 12490 24 12746 24 13002 23 13259 21 13299 2 13305 7 13516 12 13554 14 13773 10 13809 15 14030 9 14065 15 14286 8 14321 15 14543 5 14577 15 14833 15 15089 15 15345 15 15601 15 15858 14 16114 14 16370 14 16626 13 16882 12 17138 11 17393 12 17649 12 17905 11 18161 10 18418 9 18675 7 18931 5 19187 2
000007,0 65536
000008,35 17 53 18 292 35 550 33 810 28 1068 15 1086 7 1324 15 1580 14 1836 14 2092 13 2349 12 2606 2 2612 3 3908 1 3911 7 4163 12 4418 13 4674 14 4930 15 5185 17 5360 2 5441 17 5615 4 5697 18 5870 6 5954 18 6125 7 6210 18 6375 13 6467 18 6602 5 6629 13 6723 19 6823 7 6843 6 6857 9 6885 13 6980 18 7078 11 7097 27 7141 13 7237 18 7331 50 7397 14 7493 19 7584 55 7653 14 7749 19 7836 59 7909 14 8006 18 8092 58 8165 15 8262 18 8348 57 8421 15 8497 7 8518 18 8604 56 8676 16 8752 11 8774 17 8860 55 8932 16 9007 14 9031 4 9037 9 9116 57 9187 17 9262 15 9296 5 9372 58 9442 17 9479 7 9516 18 9564 3 9629 59 9697 16 9731 12 9764 27 9819 5 9885 63 9952 13 9984 16 10019 28 10074 7 10141 78 10240 17 10273 31 10330 7 10397 77 10496 17 10528 32 10586 7 10652 77 10752 18 10783 33 10841 8 10908 74 11008 24 11039 34 11097 7 11163 73 11264 65 11353 7 11419 72 11520 66 11609 6 11675 72 11776 67 11865 6 11931 73 12032 69 12121 5 12187 73 12288 70 12377 5 12444 72 12544 38 12587 28 12633 5 12700 72 12800 38 12844 28 12889 5 12957 72 13056 38 13101 28 13143 7 13214 71 13312 38 13357 28 13398 7 13473 69 13568 38 13616 26 13654 8 13730 69 13824 38 13877 21 13911 7 13987 68 14080 38 14134 20 14167 7 14243 69 14336 39 14391 19 14423 7 14499 69 14592 39 14647 10 14658 8 14679 7 14754 70 14848 40 14903 9 14915 7 14935 7 15008 72 15104 39 15159 9 15172 4 15191 7 15264 72 15360 38 15415 9 15447 6 15519 73 15616 38 15670 10 15703 6 15775 74 15872 33 15908 1 15924 11 15959 6 15990 4 16031 74 16128 31 16163 6 16178 12 16215 6 16244 8 16288 73 16384 30 16418 10 16433 11 16470 7 16500 8 16544 73 16640 29 16673 11 16688 14 16727 6 16756 10 16801 72 16896 28 16929 34 16985 2 17011 12 17065 63 17152 28 17184 37 17267 14 17322 62 17408 27 17440 38 17523 15 17579 60 17664 73 17779 17 17836 58 17920 77 17999 2 18034 19 18093 9 18104 35 18144 6 18176 84 18289 20 18344 13 18361 31 18402 2 18432 86 18544 22 18599 14 18619 29 18688 87 18799 23 18855 14 18877 27 18944 88 19055 23 19110 15 19136 24 19200 5 19209 79 19311 23 19366 15 19393 23 19456 1 19466 79 19566 23 19621 16 19649 23 19720 81 19822 22 19876 17 19905 23 19975 82 20078 21 20129 20 20161 23 20230 83 20335 19 20381 24 20418 23 20485 83 20592 17 20636 25 20675 22 20740 86 20850 14 20892 25 20934 5 20945 8 20995 88 21088 1 21109 11 21148 24 21204 6 21250 90 21341 10 21366 9 21404 24 21461 4 21505 105 21623 7 21661 23 21718 2 21760 106 21879 6 21917 22 22016 107 22132 1 22173 21 22272 108 22386 7 22429 20 22528 122 22684 20 22737 1 22784 123 22940 19 22991 5 23040 124 23196 19 23246 7 23296 124 23452 18 23494 16 23552 124 23707 17 23738 5 23748 19 23808 124 23963 16 23992 32 24034 4 24064 124 24219 15 24247 34 24290 5 24320 124 24475 15 24499 39 24546 4 24576 124 24731 14 24751 43 24802 4 24832 124 24988 12 25007 45 25058 4 25088 124 25263 52 25344 124 25519 53 25600 124 25775 54 25856 124 26031 54 26112 124 26287 54 26368 123 26542 55 26624 123 26797 56 26880 123 27052 57 27136 122 27305 61 27392 121 27557 65 27648 120 27809 70 27904 120 28063 72 28160 120 28318 74 28416 120 28572 75 28672 120 28813 6 28825 78 28928 120 29067 91 29184 119 29321 93 29440 118 29576 93 29696 117 29831 93 29952 113 30086 93 30208 107 30342 91 30464 105 30598 90 30721 103 30854 90 30979 101 31109 90 31239 97 31363 91 31497 95 31618 92 31754 56 31812 36 31873 92 32011 53 32069 35 32128 93 32267 51 32326 34 32383 94 32523 51 32582 20 32605 11 32638 95 32778 50 32839 19 32861 11 32893 95 33034 49 33095 18 33118 9 33146 98 33289 49 33352 16 33401 99 33545 49 33609 15 33656 100 33800 50 33866 12 33911 101 34056 50 34166 102 34312 51 34421 103 34569 51 34676 103 34825 51 34929 105 35081 52 35183 107 35338 51 35437 108 35595 50 35692 108 35852 49 35947 109 36108 48 36202 109 36364 46 36457 110 36619 47 36712 111 36875 46 36967 113 37131 37 37169 8 37223 113 37387 36 37427 5 37479 114 37643 36 37684 3 37735 114 37899 36 37991 114 38156 35 38248 98 38356 4 38415 32 38505 95 38674 29 38761 95 38936 22 39018 93 39194 19 39274 93 39452 16 39530 93 39710 13 39786 93 39968 9 40041 94 40226 4 40296 96 40552 96 40808 96 41064 96 41320 96 41575 97 41811 3 41831 98 42066 5 42086 99 42322 5 42342 99 42579 4 42598 99 42854 99 43111 98 43367 98 43623 97 43880 95 44136 92 44392 91 44649 89 44905 89 45162 87 45419 86 45678 82 45938 78 46195 77 46451 77 46708 76 46965 76 47222 76 47479 75 47735 42 47785 25 47992 39 48042 24 48247 40 48300 22 48501 42 48556 21 48755 44 48812 21 49010 45 49068 21 49265 47 49324 20 49521 47 49580 21 49776 48 49836 21 50031 49 50094 20 50284 53 50351 19 50537 57 50608 19 50792 60 50864 19 51048 61 51120 19 51304 62 51376 18 51559 63 51632 17 51815 63 51888 16 52071 63 52143 16 52327 64 52398 19 52582 65 52653 21 52838 65 52908 23 53094 66 53164 24 53349 97 53498 3 53604 99 53752 6 53859 100 54007 8 54047 11 54114 101 54262 10 54300 19 54370 101 54518 10 54555 20 54626 101 54773 11 54811 21 54881 103 55019 21 55067 22 55136 105 55274 22 55322 25 55349 2 55388 111 55529 23 55578 31 55644 112 55784 24 55833 32 55900 116 56039 25 56088 34 56156 117 56294 26 56343 35 56412 117 56549 27 56598 35 56668 118 56795 1 56804 28 56854 35 56925 116 57060 28 57110 34 57181 116 57316 28 57366 34 57428 5 57437 116 57571 29 57622 34 57683 7 57693 116 57825 31 57879 32 57938 8 57950 115 58079 33 58135 32 58183 5 58193 10 58207 114 58334 34 58392 30 58437 9 58447 12 58463 114 58589 35 58649 28 58692 23 58721 113 58845 35 58906 27 58947 25 58977 113 59100 36 59163 25 59203 26 59234 112 59356 36 59421 22 59458 144 59612 36 59680 18 59714 145 59868 36 59937 17 59970 149 60124 36 60194 13 60210 1 60226 149 60380 36 60449 14 60466 3 60482 149 60636 36 60705 13 60722 5 60738 149 60891 37 60961 22 60994 139 61146 38 61217 23 61251 137 61401 39 61473 24 61507 136 61655 41 61729 25 61764 134 61910 42 61985 10 61997 14 62020 133 62165 43 62241 9 62254 13 62277 131 62421 43 62497 7 62511 12 62531 132 62677 43 62754 5 62767 13 62785 132 62932 44 63024 149 63188 44 63280 149 63444 44 63536 149 63699 45 63791 150 63955 45 64047 150 64210 46 64303 150 64466 46 64559 150 64720 48 64815 149 64974 50 65071 148 65229 51 65328 146 65484 52
000009,160 96 418 94 674 94 931 93 1187 93 1444 92 1700 92 1956 92 2211 93 2467 93 2723 93 2979 93 3235 93 3490 94 3746 94 3906 1 4000 96 4162 1 4256 96 4512 96 4768 96 5025 95 5282 22 5307 69 5539 20 5565 67 5795 20 5822 66 5944 3 6051 20 6078 66 6199 6 6306 21 6334 66 6454 8 6562 21 6590 66 6710 8 6819 21 6846 66 6966 9 7075 21 7102 66 7222 11 7332 20 7357 67 7440 3 7478 14 7588 20 7613 67 7695 6 7734 15 7844 20 7868 68 7950 8 7989 17 8100 21 8124 68 8206 8 8245 17 8355 22 8380 68 8463 9 8501 17 8611 22 8637 67 8719 10 8757 17 8779 4 8867 23 8894 66 8975 11 9013 27 9123 24 9151 65 9231 11 9268 28 9380 23 9412 60 9488 11 9524 28 9636 24 9670 58 9744 12 9779 29 9892 25 9927 57 10000 14 10035 29 10149 25 10183 57 10256 15 10291 29 10406 25 10440 56 10512 16 10547 29 10662 27 10695 57 10769 16 10804 27 10918 90 11025 15 11061 25 11158 3 11174 90 11282 14 11317 24 11413 5 11430 90 11540 11 11573 23 11607 4 11670 3 11686 90 11797 10 11830 22 11858 10 11942 90 12055 6 12086 22 12112 12 12199 89 12343 21 12367 14 12456 88 12599 21 12623 15 12713 87 12856 20 12879 16 12969 87 13113 18 13135 16 13226 86 13371 14 13390 6 13400 7 13483 85 13628 12 13644 8 13657 6 13739 85 13885 11 13899 9 13914 3 13997 83 14142 25 14241 1 14254 82 14398 28 14495 5 14511 81 14655 28 14751 6 14769 79 14911 29 15006 7 15027 77 15167 30 15262 8 15283 77 15423 32 15518 10 15540 76 15679 33 15774 13 15796 76 15935 34 16029 15 16052 76 16191 34 16284 17 16309 75 16447 34 16540 17 16566 74 16704 33 16796 18 16823 73 16963 30 17052 18 17080 72 17221 27 17307 20 17336 72 17480 23 17563 20 17593 71 17741 17 17817 22 17849 71 17998 15 18071 24 18105 71 18255 9 18325 26 18359 73 18512 6 18580 26 18615 73 18735 9 18770 1 18836 26 18872 72 18990 11 19091 26 19128 72 19244 14 19348 25 19384 72 19499 15 19604 24 19640 72 19754 17 19790 3 19860 26 19896 72 20009 19 20045 6 20117 27 20151 73 20266 18 20302 6 20373 28 20407 73 20522 19 20558 11 20629 28 20662 74 20778 21 20814 13 20886 28 20916 76 21035 21 21070 14 21142 106 21293 19 21327 13 21399 105 21551 17 21583 12 21656 104 21807 17 21841 11 21912 104 22064 15 22098 11 22168 104 22319 16 22355 10 22424 104 22575 15 22612 10 22680 104 22830 17 22869 9 22936 104 23086 17 23125 9 23192 104 23341 18 23382 8 23449 103 23597 19 23639 6 23705 103 23853 18 23896 4 23961 103 24109 18 24218 102 24363 21 24475 101 24619 25 24732 100 24874 29 24922 3 24987 101 25129 35 25177 5 25241 103 25385 36 25431 10 25496 104 25640 38 25686 14 25752 104 25896 38 25941 16 26007 105 26151 39 26196 20 26262 106 26407 40 26451 23 26517 107 26663 68 26772 108 26920 68 27029 107 27176 68 27285 107 27433 68 27541 107 27689 69 27798 106 27945 70 28055 105 28202 8 28211 61 28313 103 28459 5 28469 60 28570 102 28726 59 28827 101 28983 59 29063 3 29084 100 29239 59 29315 17 29341 99 29496 59 29569 20 29597 99 29753 59 29824 22 29854 98 30010 59 30080 22 30110 98 30266 59 30336 23 30366 98 30523 59 30592 24 30622 98 30781 57 30849 24 30876 100 31043 50 31105 127 31302 47 31361 127 31558 38 31599 5 31617 127 31815 32 31873 127 32071 32 32129 127 32327 32 32384 128 32583 31 32640 128 32839 31 32897 127 33096 30 33156 40 33198 82 33352 31 33414 36 33455 81 33609 31 33670 31 33711 81 33865 31 33926 30 33968 80 34121 31 34183 29 34224 80 34377 31 34441 26 34481 79 34633 31 34699 24 34737 79 34889 31 34956 22 34994 78 35145 31 35212 21 35250 78 35401 30 35468 20 35507 77 35657 30 35724 19 35764 76 35913 29 35979 19 36024 72 36170 28 36236 18 36281 71 36427 27 36492 18 36538 70 36685 25 36748 8 36757 9 36794 70 36941 25 37006 5 37017 2 37050 70 37197 26 37306 70 37451 29 37562 70 37705 31 37818 70 37960 32 38002 3 38074 70 38215 34 38257 6 38331 69 38471 34 38513 6 38588 68 38728 33 38769 6 38838 5 38844 68 38985 32 39025 7 39088 80 39242 30 39281 7 39343 81 39498 30 39538 6 39598 82 39755 29 39794 5 39854 82 39951 4 40011 29 40051 4 40110 82 40206 6 40267 30 40365 83 40461 9 40524 29 40621 83 40717 10 40780 30 40877 83 40973 11 41038 28 41132 84 41229 11 41300 24 41389 83 41484 12 41561 22 41645 83 41740 12 41823 17 41901 83 41995 14 42081 16 42157 83 42251 14 42340 13 42413 83 42507 15 42600 10 42668 84 42762 17 42857 9 42924 84 43018 21 43113 9 43180 84 43274 22 43369 9 43436 84 43530 23 43625 9 43692 84 43786 23 43880 11 43949 83 44043 21 44135 12 44211 77 44299 21 44359 5 44390 13 44468 76 44556 18 44614 8 44646 13 44725 75 44813 17 44870 9 44901 14 44981 75 45069 16 45125 13 45157 13 45173 5 45237 75 45326 15 45381 15 45413 13 45428 9 45486 4 45499 69 45583 13 45638 16 45669 13 45684 10 45742 5 45756 68 45839 2 45843 9 45894 18 45925 13 45941 10 45997 7 46012 68 46092 7 46100 8 46151 17 46181 14 46197 13 46253 8 46268 68 46348 17 46408 17 46438 13 46454 13 46509 8 46524 68 46603 18 46665 17 46695 11 46710 13 46764 9 46779 69 46860 17 46906 1 46921 17 46954 8 46966 13 47019 10 47034 70 47116 17 47160 5 47178 17 47212 5 47222 13 47274 12 47290 70 47373 16 47414 7 47435 17 47478 13 47530 12 47546 70 47630 14 47665 12 47691 18 47734 13 47785 87 47887 12 47921 12 47948 18 47990 12 48040 88 48143 9 48176 13 48204 18 48246 12 48292 92 48392 2 48398 6 48431 15 48461 18 48502 11 48548 95 48645 15 48686 16 48717 19 48759 9 48804 112 48942 16 48974 18 49015 6 49059 114 49197 17 49231 17 49315 115 49439 4 49453 17 49488 16 49571 132 49708 18 49745 15 49768 4 49827 134 49964 19 50002 13 50022 7 50083 14 50099 119 50219 19 50259 11 50277 9 50340 12 50356 138 50516 9 50532 11 50596 3 50601 5 50611 139 50773 7 50788 14 50866 140 51031 2 51044 16 51121 104 51228 34 51300 18 51376 103 51485 33 51556 18 51631 104 51741 32 51811 20 51886 104 51998 29 52066 21 52142 105 52256 12 52271 11 52320 23 52398 105 52529 8 52576 23 52654 105 52785 7 52832 23 52909 106 53042 6 53088 24 53165 105 53300 3 53344 24 53423 103 53541 3 53601 23 53680 102 53796 5 53859 22 53938 100 54051 7 54119 18 54194 100 54307 7 54376 17 54450 100 54563 6 54633 16 54707 98 54819 6 54891 14 54963 98 55076 4 55148 14 55219 97 55405 13 55475 97 55662 13 55731 97 55919 12 55955 2 55987 97 56176 11 56210 5 56244 96 56433 9 56466 6 56500 96 56691 5 56722 6 56757 95 56978 6 57012 80 57097 11 57235 5 57268 76 57354 10 57371 2 57492 5 57523 77 57610 10 57625 6 57749 5 57771 4 57777 79 57866 10 57881 7 58005 12 58026 86 58123 9 58136 9 58262 12 58282 86 58379 8 58392 11 58518 13 58537 87 58637 4 58649 11 58775 3 58779 8 58793 87 58905 12 59037 6 59048 88 59161 13 59189 3 59293 6 59304 88 59417 14 59445 5 59549 6 59560 88 59672 16 59701 6 59805 5 59816 88 59924 22 59956 8 60061 5 60073 87 60179 27 60211 9 60318 2 60330 86 60435 42 60586 86 60690 44 60842 86 60944 46 61099 85 61200 47 61356 84 61455 48 61612 84 61711 48 61869 83 61967 48 62127 81 62223 48 62384 80 62479 46 62641 79 62736 40 62777 2 62897 79 62993 37 63154 78 63254 31 63411 77 63510 29 63668 76 63766 24 63926 74 64022 25 64183 73 64279 24 64439 73 64535 24 64695 73 64792 23 64951 73 65049 22 65207 73 65306 21 65463 73
000010,25 55 226 8 281 55 482 8 536 56 737 9 789 59 992 9 1027 6 1045 59 1248 9 1283 7 1301 59 1504 9 1538 8 1557 58 1760 12 1794 8 1814 57 2009 2 2017 15 2049 10 2070 57 2264 5 2273 17 2303 12 2326 58 2519 30 2557 15 2582 58 2775 36 2812 19 2837 59 3030 59 3091 61 3285 122 3540 118 3795 119 4051 118 4306 119 4562 119 4815 122 5058 3 5069 123 5304 6 5312 6 5324 123 5560 142 5815 143 6027 4 6036 6 6071 142 6282 7 6290 10 6327 122 6459 10 6538 18 6582 123 6715 10 6736 5 6794 19 6838 123 6971 13 6988 11 7050 19 7089 1 7093 124 7227 29 7296 3 7306 20 7343 130 7482 31 7536 6 7551 7 7562 20 7599 130 7735 35 7791 7 7806 9 7818 20 7854 173 8045 10 8061 11 8074 19 8109 175 8300 11 8317 11 8330 19 8364 177 8556 12 8573 31 8620 178 8812 12 8829 31 8876 178 9068 11 9085 31 9132 178 9326 7 9342 30 9388 179 9584 3 9599 29 9644 182 9856 27 9901 183 10114 25 10157 183 10372 22 10413 183 10606 6 10629 20 10668 184 10858 11 10886 19 10923 184 11113 13 11143 17 11178 184 11368 15 11400 15 11434 184 11622 17 11657 13 11690 184 11877 28 11914 11 11946 184 12133 29 12170 11 12203 183 12388 31 12427 8 12459 183 12643 32 12684 5 12716 216 12940 3 12972 219 13227 221 13483 224 13738 228 13993 232 14249 46 14296 186 14505 46 14554 185 14761 234 15017 234 15273 235 15529 235 15785 235 16041 235 16297 235 16553 235 16809 234 17065 234 17319 236 17574 236 17829 217 18047 18 18085 216 18304 17 18340 217 18561 13 18596 236 18852 237 19094 10 19107 487 19597 254 19854 254 20110 45426
000011, 
000012,63247 3 63503 3 63608 3 63614 3 63758 4 63863 11 64013 5 64119 10 64263 11 64375 7 64519 12 64631 6 64775 12 64887 6 65031 12 65143 5 65288 11 65398 3
000013,11954 3 12210 2 12466 2 12722 2 17357 5 17612 8 17866 10 18120 12 18374 14 18630 13 18886 12 19143 10 19162 2 19402 7 19417 3 19660 4 19672 5 19917 2 19928 4 20184 4 20438 6 20692 8 20947 9 21202 9 21459 7 21715 6 21972 4 23994 2 24249 4 24505 6 24761 7 25018 6 25274 6 25530 6 25786 5 26044 1 26054 4 26309 5 26565 5 26821 5 27078 5 27335 4 27592 2 28367 4 28623 3 28880 1
000014,3972 4 4226 10 4481 12 4735 15 4990 18 5245 19 5495 26 5750 27 6005 28 6259 30 6511 34 6766 35 7021 37 7277 38 7533 40 7788 42 8044 42 8301 41 8557 41 8813 41 9069 41 9326 41 9582 41 9839 40 10095 40 10351 40 10608 39 10866 2 10871 32 11127 32 11383 32 11640 31 11896 31 12152 31 12408 31 12664 30 12920 30 13177 29 13434 27 13690 27 13948 10 13963 9 14205 7 14219 9 14462 4 14476 7 14734 3 14854 4 15109 8 15364 10 15620 11 15876 12 16133 11 16389 11 16645 12 16901 12 17157 12 17414 11 17670 12 17927 12 18189 7 18447 6 18704 5 18961 4 21259 6 21514 8 21769 10 22025 10 22281 10 22537 9 22794 7 40268 1 40523 5 40778 7 41034 8 41290 8 41546 8 41803 7 42061 5 42745 7 43000 8 43256 8 43512 8 43767 9 44022 10 44278 10 44533 11 44789 11 45045 11 45301 11 45557 11 45813 11 46069 11 46325 11 46580 12 46836 12 47091 13 47347 13 47602 14 47858 14 48113 15 48369 15 48624 16 48880 16 49136 16 49392 16 49648 16 49904 16 50159 17 50415 17 50671 17 50927 17 51171 4 51183 17 51426 6 51440 16 51681 7 51696 16 51938 6 51953 15 52195 3 52209 15 52465 15 52715 1 52721 15 52963 1 52968 6 52976 16 53216 15 53232 16 53470 34 53725 35 53981 20 54002 14 54237 20 54259 13 54493 20 54516 12 54749 20 54773 11 55005 21 55031 9 55261 21 55288 8 55517 21 55545 7 55774 20 55802 6 56030 19 56059 5 56287 11 56315 5 56544 7 62992 1 63246 5 63501 6 63757 7 64012 8 64268 8 64523 9 64779 10 65035 9 65291 9
000015,59903 1 60155 5 60410 6 60665 7 60920 8 61176 8 61432 8 61688 8 61945 7 62201 7 62459 5 62717 1
000016, 
000017, 
000018,144 44 400 43 657 42 722 4 913 42 975 8 1168 43 1229 11 1422 45 1482 15 1676 48 1737 16 1931 50 1991 18 2187 50 2246 19 2442 51 2501 21 2698 52 2756 22 2953 56 3012 23 3207 59 3268 23 3463 84 3718 85 3975 84 4081 8 4231 83 4335 12 4488 78 4590 15 4745 28 4775 45 4844 19 5003 26 5030 45 5096 24 5260 71 5351 25 5516 72 5606 26 5773 72 5861 27 6029 72 6116 28 6286 13 6304 53 6372 28 6545 8 6563 49 6627 29 6804 4 6819 49 6883 29 7075 49 7139 29 7324 3 7331 48 7395 29 7580 4 7586 49 7652 28 7836 4 7842 49 7908 28 8093 1 8099 47 8166 26 8355 47 8423 25 8612 46 8679 25 8869 46 8936 24 9125 46 9192 24 9372 2 9381 46 9449 23 9626 6 9637 46 9691 4 9706 22 9881 8 9892 47 9943 12 9962 22 10136 58 10196 17 10218 22 10391 57 10451 19 10475 21 10646 56 10707 20 10733 19 10902 55 10963 20 10997 11 11157 56 11219 21 11257 5 11412 57 11475 21 11668 57 11731 21 11924 57 11986 22 12179 85 12435 85 12691 85 12947 85 13203 85 13460 85 13716 84 13972 84 14227 85 14483 86 14738 73 14812 13 14994 72 15070 11 15250 71 15327 10 15505 72 15583 9 15761 72 15840 8 16017 72 16096 6 16273 72 16354 2 16530 71 16787 70 17044 70 17301 69 17558 68 17814 68 18071 67 18328 66 18585 64 18850 55 18906 6 19109 52 19162 7 19365 52 19418 7 19622 50 19674 8 19878 49 19930 8 20135 47 20186 8 20392 45 20443 7 20650 41 20700 5 20907 38 21163 37 21419 35 21676 33 21933 31 22190 28 22450 22 22709 18 22966 17 23222 16 23479 15 23736 13 23769 1 23993 11 24024 5 24256 2 24279 13 24535 16 24791 19 25045 23 25300 24 25555 26 25810 27 26066 28 26322 28 26578 29 26835 28 27090 30 27343 34 27596 38 27851 40 28106 43 28361 45 28410 5 28617 46 28664 8 28873 55 29129 55 29385 55 29642 54 29898 54 30155 53 30411 53 30667 53 30924 52 31178 54 31433 55 31689 55 31944 56 32201 55 32457 55 32713 55 32970 48 33022 2 33226 47 33279 1 33483 46 33740 15 33758 28 33996 15 34016 26 34252 14 34272 26 34509 13 34529 25 34765 13 34785 25 35022 11 35041 24 35285 4 35296 25 35551 25 35804 27 36055 30 36310 30 36566 29 36822 28 37078 27 37334 27 37590 27 37845 27 38097 31 38352 32 38608 30 38864 29 39120 28 39377 30 39636 29 39892 30 40149 29 40404 31 40657 33 40912 34 41167 35 41423 34 41679 34 41936 32 42192 31 42449 29 42705 29 42961 29 43218 28 43474 28 43731 27 43989 25 44247 23 44504 22 44762 19 45021 1 45028 7 56916 7 57170 10 57406 1 57417 5 57425 12 57660 5 57672 22 57914 8 57927 23 58169 11 58182 24 58425 37 58680 37 58937 36 59193 36 59449 36 59706 35 59962 36 60218 36 60474 36 60730 37 60987 37 61243 38 61500 37 61757 36 62014 29 62272 26 62530 22 62788 12 63046 8 63303 6 63561 2
000019,35 12 118 138 291 13 375 138 547 14 634 2 637 134 803 14 893 134 1059 15 1153 131 1315 15 1411 129 1570 16 1670 126 1826 16 1927 125 2082 16 2182 126 2339 15 2438 123 2563 1 2595 15 2693 123 2819 4 2852 13 2945 127 3076 3 3110 11 3176 5 3199 129 3371 5 3431 7 3453 131 3686 8 3708 132 3942 7 3963 133 4199 6 4219 134 4456 4 4474 136 4729 137 4983 139 5127 5 5228 3 5238 140 5383 7 5484 4 5493 141 5639 7 5739 7 5748 142 5895 8 5995 151 6151 8 6250 151 6407 8 6503 153 6664 7 6756 156 6921 4 7007 161 7262 162 7426 3 7518 162 7681 4 7774 162 7938 4 8030 162 8195 2 8266 1 8274 3 8285 163 8521 5 8527 11 8539 165 8777 183 9033 183 9289 183 9545 183 9801 183 10053 187 10308 188 10564 188 10820 188 11076 188 11332 188 11577 5 11587 189 11832 200 12075 4 12087 201 12328 9 12343 203 12583 11 12598 4 12605 199 12839 18 12864 197 13095 19 13122 196 13351 19 13379 195 13608 18 13633 198 13834 3 13864 18 13888 199 14089 4 14121 17 14143 200 14344 6 14378 15 14397 35 14433 7 14441 156 14602 4 14635 14 14651 37 14689 159 14859 3 14884 4 14891 53 14945 159 15141 5 15149 51 15202 158 15397 5 15406 50 15459 157 15654 4 15663 51 15715 157 15919 51 15971 157 16175 209 16431 15 16447 25 16475 165 16686 16 16705 24 16731 165 16942 16 16961 25 16987 14 17010 142 17198 17 17218 30 17265 143 17453 19 17475 28 17520 144 17709 45 17755 2 17776 144 17964 45 18012 1 18032 144 18219 46 18287 145 18474 27 18503 18 18541 8 18551 12 18565 123 18729 29 18759 14 18797 147 18985 7 18997 17 19017 11 19052 148 19241 7 19253 8 19266 4 19274 9 19308 148 19499 4 19509 6 19523 3 19531 7 19565 147 19766 3 19780 1 19789 4 19821 147 20078 146 20262 1 20335 145 20517 3 20560 3 20591 145 20774 1 20816 4 20847 145 21030 1 21072 4 21102 146 21328 3 21358 26 21385 119 21586 1 21614 26 21642 118 21870 25 21900 116 22126 25 22158 111 22382 25 22416 112 22638 24 22673 111 22895 23 22930 110 23151 28 23186 110 23408 28 23442 110 23579 2 23664 28 23698 110 23835 3 23920 28 23953 111 24091 3 24177 27 24209 111 24347 3 24433 9 24443 16 24465 111 24603 2 24700 15 24721 21 24743 89 24957 13 24978 19 24999 21 25023 65 25214 11 25235 18 25256 20 25280 64 25470 12 25491 18 25512 19 25537 3 25544 56 25616 3 25726 12 25748 17 25768 19 25800 56 25872 4 25958 3 25983 12 26004 16 26025 19 26056 56 26127 6 26213 5 26239 13 26258 18 26282 18 26311 57 26383 7 26469 6 26495 13 26513 19 26540 16 26568 56 26640 7 26725 6 26751 13 26768 19 26798 13 26824 56 26897 6 26980 7 27006 13 27024 20 27055 11 27082 54 27154 5 27236 7 27262 12 27280 20 27317 3 27339 53 27412 3 27492 7 27509 3 27519 11 27536 20 27594 25 27621 27 27748 5 27763 6 27775 10 27792 21 27849 26 27879 6 27886 18 28005 4 28018 7 28031 10 28048 22 28105 14 28122 10 28142 18 28274 7 28287 10 28304 22 28360 13 28380 8 28399 4 28407 9 28531 6 28543 10 28560 21 28617 12 28636 8 28655 4 28666 6 28684 3 28690 1 28787 6 28798 12 28817 19 28874 11 28892 8 28924 4 28940 4 28945 1 29044 5 29053 13 29073 16 29132 9 29149 7 29180 4 29198 4 29300 6 29307 16 29330 15 29391 6 29406 6 29436 4 29454 5 29556 24 29587 14 29649 4 29664 2 29692 4 29702 5 29709 2 29713 4 29813 28 29846 12 29948 4 29959 4 29965 13 30070 26 30103 11 30204 4 30215 4 30221 6 30229 6 30328 19 30359 10 30460 4 30474 18 30585 18 30615 10 30655 2 30717 3 30730 19 30842 17 30872 9 30896 3 30911 2 30914 1 30933 3 30973 3 30988 19 31105 10 31128 9 31167 2 31188 6 31229 3 31244 21 31345 3 31363 7 31385 7 31396 2 31423 3 31428 1 31444 7 31485 3 31502 5 31509 12 31601 4 31623 3 31642 4 31651 3 31679 7 31701 7 31742 2 31766 11 31856 5 31907 4 31935 7 31957 7 31999 1 32022 12 32113 4 32136 1 32162 5 32191 7 32213 7 32279 11 32370 2 32390 4 32418 5 32447 3 32452 2 32470 6 32537 10 32645 6 32674 5 32708 3 32726 6 32795 9 32900 7 32930 5 32963 4 32983 5 33052 9 33156 7 33185 6 33220 4 33241 1 33297 2 33310 10 33323 3 33412 5 33440 6 33476 4 33553 2 33567 16 33696 5 33732 4 33809 3 33826 15 33951 5 33989 3 34083 15 34208 4 34339 15 34466 1 34595 15 34852 14 35108 13 35364 13 35618 14 35779 2 35865 3 35873 15 36031 7 36118 6 36129 16 36286 9 36371 9 36385 17 36542 9 36625 10 36642 16 36797 10 36880 11 36899 15 37051 13 37136 13 37154 16 37303 18 37392 33 37558 20 37647 34 37814 23 37901 36 38070 24 38156 37 38326 25 38412 37 38582 12 38596 12 38669 36 38838 12 38852 13 38925 37 39095 11 39108 14 39181 36 39355 5 39363 15 39427 3 39437 35 39618 17 39683 4 39693 35 39875 17 39939 6 39947 36 40068 1 40131 17 40195 44 40388 17 40451 44 40646 16 40707 44 40903 15 40963 44 41158 16 41220 43 41414 16 41477 41 41525 4 41670 16 41735 40 41779 6 41852 3 41908 3 41926 16 41993 49 42108 4 42164 4 42183 15 42255 43 42363 6 42419 6 42439 15 42512 42 42616 9 42675 6 42695 15 42768 41 42872 9 42931 6 42950 15 43025 40 43128 10 43188 5 43205 16 43281 39 43383 11 43445 4 43461 15 43537 33 43571 5 43639 11 43702 2 43717 13 43793 32 43894 12 43974 11 44049 32 44121 4 44150 13 44232 6 44305 32 44376 6 44406 13 44474 2 44491 1 44562 30 44631 7 44662 14 44730 6 44819 29 44886 8 44918 13 44986 8 45075 29 45143 7 45176 11 45243 8 45331 28 45399 6 45434 7 45500 8 45587 28 45656 4 45756 8 45843 28 46012 9 46099 29 46207 4 46268 10 46309 3 46355 30 46463 4 46525 9 46564 5 46611 30 46719 4 46786 4 46820 6 46867 31 46975 4 47013 4 47043 3 47057 3 47067 1 47076 6 47123 31 47232 2 47269 4 47295 6 47312 6 47322 3 47332 6 47380 29 47525 4 47551 6 47568 7 47577 5 47589 5 47636 29 47781 4 47806 8 47825 14 47845 7 47893 28 48037 3 48061 10 48082 15 48102 8 48150 28 48292 5 48316 12 48339 16 48357 11 48406 28 48547 6 48572 14 48596 29 48662 29 48802 8 48828 15 48852 30 48917 32 49058 8 49085 15 49109 30 49173 33 49314 8 49342 3 49349 7 49366 30 49421 41 49570 7 49605 8 49623 29 49678 40 49826 7 49859 11 49880 28 49934 40 50083 5 50114 12 50138 27 50190 40 50340 4 50365 17 50396 25 50446 41 50598 1 50620 18 50653 24 50702 31 50737 7 50855 3 50875 19 50909 24 50958 30 50996 5 51111 5 51131 20 51157 4 51165 24 51197 3 51214 30 51254 3 51368 6 51387 20 51412 6 51421 17 51442 2 51452 4 51464 4 51469 30 51512 1 51561 2 51623 8 51643 20 51667 8 51676 15 51705 7 51719 36 51811 8 51877 10 51899 20 51922 9 51932 13 51959 12 51975 37 52032 1 52066 9 52132 12 52155 20 52178 22 52215 53 52286 3 52322 8 52372 3 52388 12 52411 19 52434 23 52470 54 52542 4 52578 7 52627 5 52643 14 52667 19 52691 22 52725 56 52797 6 52834 6 52883 5 52896 17 52923 21 52947 23 52979 58 53053 6 53090 6 53138 31 53178 23 53204 22 53232 61 53309 6 53346 6 53394 31 53433 25 53460 7 53468 14 53488 61 53564 8 53601 8 53650 30 53688 26 53717 5 53726 12 53743 62 53818 9 53856 11 53907 30 53943 28 53974 3 53987 74 54073 10 54112 11 54164 4 54169 24 54198 30 54244 74 54330 1 54333 7 54368 11 54420 4 54425 24 54453 11 54466 18 54489 1 54500 74 54589 7 54623 12 54676 4 54682 38 54723 18 54745 3 54756 74 54846 7 54877 14 54933 1 54939 58 55011 75 55102 8 55130 17 55196 56 55267 76 55357 9 55373 2 55385 19 55455 53 55523 76 55611 11 55628 3 55641 21 55680 7 55721 43 55779 77 55866 12 55884 5 55897 24 55934 12 55978 41 56035 77 56121 14 56139 7 56154 25 56190 13 56235 40 56291 77 56379 5 56385 18 56410 26 56445 14 56490 47 56548 76 56636 3 56643 17 56666 26 56700 14 56730 2 56746 47 56804 75 56897 19 56923 26 56956 14 56985 5 57001 47 57060 75 57153 19 57179 26 57213 12 57239 8 57257 47 57316 75 57407 21 57437 24 57468 13 57491 13 57507 3 57514 45 57572 75 57662 22 57694 23 57724 12 57742 26 57771 44 57827 76 57917 23 57950 23 57980 13 57996 28 58027 45 58082 78 58172 25 58207 21 58236 45 58284 44 58336 79 58428 26 58463 21 58491 94 58592 79 58683 28 58719 21 58747 94 58847 80 58937 30 58976 20 59003 95 59103 80 59187 37 59232 20 59259 52 59313 42 59359 80 59443 37 59489 19 59515 52 59570 41 59615 81 59699 37 59746 19 59771 41 59813 10 59827 41 59871 82 59955 38 60002 20 60027 6 60036 5 60043 37 60084 126 60211 39 60259 19 60284 4 60300 36 60340 156 60499 9 60516 19 60540 4 60557 35 60596 156 60755 10 60773 18 60796 4 60814 22 60838 11 60852 155 61011 11 61030 18 61052 4 61070 22 61094 169 61267 12 61287 19 61308 5 61327 21 61351 168 61523 13 61544 20 61565 3 61582 22 61606 169 61779 13 61800 20 61822 2 61837 194 62035 13 62057 5 62067 16 62091 196 62290 14 62323 17 62346 196 62545 15 62578 19 62601 197 62800 16 62833 21 62856 198 63055 17 63087 223 63311 17 63341 244 63594 114 63710 110 63821 20 63849 113 63966 131 64106 112 64222 130 64362 112 64479 130 64617 114 64735 131 64872 116 64991 132 65125 120 65247 289
000020,0 14425 14429 252 14687 249 14943 250 15199 251 15453 35283 50739 253 50996 14540
000021,18540 11 18794 14 19048 16 19302 18 19556 20 19811 22 20066 24 20321 26 20574 30 20829 32 21085 33 21341 34 21597 34 21853 35 22110 34 22348 5 22366 34 22602 8 22622 34 22858 9 22876 36 23114 10 23131 37 23370 10 23387 37 23627 9 23642 38 23882 10 23897 39 24137 11 24153 40 24392 12 24409 41 24648 12 24665 42 24903 13 24921 43 25159 13 25176 45 25416 12 25432 46 25673 11 25688 46 25930 9 25945 46 26192 2 26201 46 26457 47 26714 46 26971 45 27228 44 27484 44 27740 44 27996 44 28252 43 28507 43 28763 43 29018 43 29274 43 29530 43 29786 42 30042 41 30298 32 30553 32 30808 32 31064 32 31320 5 31327 25 31576 5 31584 23 31832 5 31841 21 32089 3 32097 21 32346 1 32354 19 32610 18 32867 16 33124 14 33381 11 33639 6
000022,56300 3 56554 9 56804 18 57057 22 57288 5 57310 25 57541 10 57563 28 57792 17 57812 34 57993 4 58048 53 58248 8 58304 52 58503 15 58561 51 58759 16 58817 50 59015 15 59074 49 59271 16 59331 15 59348 31 59528 15 59588 15 59604 30 59750 1 59784 16 59844 15 59861 10 59874 15 60005 6 60040 17 60101 25 60131 13 60260 15 60297 17 60358 23 60388 10 60402 2 60505 4 60515 18 60555 17 60614 26 60645 17 60760 30 60813 16 60871 26 60910 10 61015 31 61071 15 61127 26 61163 14 61271 32 61327 15 61383 27 61418 15 61526 33 61583 16 61639 27 61672 18 61781 33 61839 16 61895 28 61927 20 62037 33 62093 19 62151 52 62292 33 62348 20 62407 52 62547 34 62603 22 62642 4 62663 53 62803 34 62858 23 62895 11 62919 54 63059 36 63112 25 63149 17 63176 55 63314 31 63347 8 63368 26 63404 19 63432 56 63570 30 63603 10 63623 27 63660 19 63686 58 63826 30 63859 11 63879 28 63915 22 63941 59 64083 29 64114 12 64136 120 64340 28 64370 12 64392 120 64524 4 64597 42 64649 119 64779 6 64854 10 64867 29 64912 112 65033 9 65108 11 65123 30 65168 112 65288 10 65362 12 65379 31 65425 111
000023,25 6 281 8 536 10 788 14 1044 15 1301 14 1558 13 1814 13 2071 11 2328 10 2585 9 2843 6 3102 1 3517 5 3770 9 4023 12 4278 14 4532 16 4787 17 5042 18 5066 2 5297 18 5321 5 5553 17 5577 6 5586 4 5809 16 5833 6 5841 7 6065 15 6088 17 6322 13 6344 17 6578 7 6600 17 6835 5 6857 17 7119 11 7375 11 7632 10 7888 10 8145 9 8403 7 8664 4 8920 6 9175 8 9430 10 9685 11 9941 11 10196 12 10452 13 10709 13 10966 12 11223 12 11479 12 11736 10 11992 10 12250 7 12376 8 12507 3 12630 13 12884 16 13139 17 13394 18 13650 19 13905 20 14161 21 14416 22 14672 22 14928 23 15184 23 15440 24 15696 24 15953 23 16209 23 16465 24 16722 24 16978 24 17235 23 17492 22 17569 5 17750 19 17824 9 18008 17 18079 13 18265 14 18334 16 18589 17 18844 19 19100 19 19356 20 19613 19 19870 22 20128 21 20386 19 20644 16 20902 9 21160 4 64716 4 64971 6 65227 6 65483 6
000024,0 87 256 86 512 85 768 84 1024 84 1280 83 1536 83 1792 83 2048 83 2304 84 2560 83 2816 83 3072 83 3328 83 3584 83 3840 83 4096 83 4352 83 4608 82 4863 81 5117 82 5372 83 5627 83 5882 83 6138 81 6394 79 6650 76 6907 75 7164 74 7421 73 7679 71 7936 68 8192 66 8448 65 8704 64 8960 64 9035 2 9216 63 9290 4 9360 4 9472 62 9547 2 9616 6 9728 62 9804 1 9871 9 9984 61 10127 11 10141 7 10240 60 10383 22 10496 59 10640 22 10752 58 10897 21 11008 58 11155 19 11264 58 11413 18 11520 60 11669 18 11776 67 11925 19 12032 68 12181 19 12288 68 12437 20 12544 69 12693 20 12800 69 12948 21 13056 69 13204 21 13312 68 13460 21 13568 68 13716 21 13824 68 13972 20 14080 39 14121 27 14229 19 14336 36 14378 26 14487 17 14592 36 14634 26 14743 17 14848 35 14890 27 14999 17 15104 35 15147 26 15256 15 15360 36 15403 27 15512 15 15616 37 15660 26 15769 13 15872 38 15917 25 16026 11 16128 38 16173 25 16283 9 16384 39 16429 26 16541 6 16640 39 16684 27 16798 3 16896 14 16911 25 16939 18 16961 5 17152 12 17169 24 17195 17 17218 3 17411 7 17427 40 17682 41 17937 43 18192 46 18448 46 18705 25 18733 18 18962 24 18990 17 19219 22 19247 16 19476 21 19503 16 19733 18 19760 15 19990 15 20016 15 20247 13 20272 14 20504 11 20529 10 20762 7 20787 6 21020 3 22539 4 22718 2 22793 6 22973 5 23047 8 23228 7 23301 11 23485 5 23556 15 23742 4 23811 22 24067 25 24323 26 24578 28 24834 30 25009 4 25089 32 25264 6 25344 38 25520 9 25600 39 25776 11 25856 40 26032 12 26112 40 26288 12 26368 41 26545 12 26624 42 26802 11 26880 42 27059 10 27136 42 27317 9 27392 42 27574 8 27648 42 27832 6 27904 41 28088 6 28160 41 28345 4 28416 41 28603 1 28672 40 28928 40 29184 40 29440 40 29696 39 29952 39 30208 39 30275 6 30460 42 30531 7 30716 42 30786 8 30971 44 31042 9 31227 44 31299 8 31483 45 31555 9 31740 46 31811 9 31998 45 32068 8 32256 44 32324 8 32512 44 32581 7 32768 44 32838 6 33024 44 33096 3 33280 43 33536 43 33792 43 34048 43 34304 43 34560 43 34816 43 35072 28 35101 14 35328 28 35359 12 35584 28 35616 11 35840 28 35872 10 36096 28 36129 9 36352 28 36385 8 36608 27 36641 8 36864 27 36897 8 37120 27 37153 8 37376 27 37409 8 37632 25 37665 8 37888 22 37922 7 38144 20 38178 6 38400 20 38436 3 38656 21 38912 24 39168 26 39424 28 39680 29 39936 30 40086 2 40192 30 40341 4 40448 31 40596 5 40704 32 40843 5 40851 7 40960 40 41096 18 41216 42 41351 19 41472 43 41606 20 41728 44 41862 20 41984 22 42007 22 42118 19 42240 22 42266 20 42374 13 42496 47 42629 14 42752 48 42884 15 43008 48 43139 16 43264 48 43395 19 43520 48 43651 21 43776 48 43907 21 44032 34 44069 11 44164 21 44288 33 44325 11 44421 21 44544 26 44573 3 44582 10 44679 24 44800 26 44839 9 44936 24 45056 25 45096 8 45120 6 45193 24 45312 27 45353 6 45369 15 45449 25 45568 31 45623 19 45704 26 45824 31 45879 20 45960 26 46080 32 46133 23 46216 27 46336 33 46388 25 46472 27 46592 33 46642 29 46728 28 46848 34 46897 31 46984 28 47104 35 47153 31 47240 28 47360 35 47408 33 47496 27 47616 36 47664 34 47752 26 47872 37 47920 34 48009 25 48128 37 48176 35 48265 26 48384 38 48432 36 48521 26 48640 38 48688 36 48778 26 48896 39 48945 35 49034 26 49152 39 49201 35 49292 24 49408 39 49458 34 49550 22 49664 39 49716 32 49807 20 49920 40 49973 31 50064 19 50176 22 50202 14 50229 32 50322 17 50432 22 50459 13 50485 32 50580 15 50688 22 50716 12 50741 33 50838 13 50944 21 50974 10 50997 33 51099 9 51200 20 51231 9 51254 34 51358 6 51456 20 51489 8 51511 35 51614 7 51712 19 51745 9 51768 35 51870 8 51882 6 51968 19 52002 8 52025 35 52126 9 52137 8 52224 23 52259 7 52280 36 52381 20 52480 25 52516 6 52534 38 52637 19 52736 26 52772 7 52788 40 52893 18 52992 27 53028 7 53044 40 53149 13 53248 28 53284 8 53299 41 53406 13 53504 29 53540 8 53555 41 53662 13 53760 30 53796 9 53811 42 53919 14 54016 32 54051 11 54066 44 54175 16 54272 32 54307 13 54321 45 54432 17 54528 94 54688 17 54784 95 54944 18 55040 95 55200 18 55296 96 55456 18 55552 96 55712 18 55808 96 55968 18 56064 96 56223 19 56320 69 56392 23 56480 17 56576 69 56653 18 56736 16 56832 70 56911 13 56992 15 57088 71 57168 11 57248 14 57344 73 57424 5 57432 1 57499 17 57600 74 57682 1 57752 18 57856 74 58007 16 58112 75 58263 13 58323 3 58368 75 58518 12 58577 7 58624 75 58774 11 58829 11 58880 75 59030 10 59084 13 59136 75 59286 9 59339 14 59392 75 59474 2 59542 9 59595 14 59648 74 59729 5 59798 8 59850 15 59904 73 59984 8 60054 7 60106 16 60160 72 60240 9 60311 5 60361 17 60416 72 60495 11 60568 3 60616 19 60672 72 60750 12 60871 20 60928 72 61005 13 61126 21 61184 72 61261 13 61382 20 61440 72 61517 12 61638 20 61696 71 61773 11 61894 18 61952 73 62029 9 62150 17 62208 85 62406 16 62464 86 62663 10 62720 86 62920 7 62976 87 63177 5 63232 88 63488 89 63744 90 64000 90 64256 90 64512 90 64768 90 65024 90 65280 90
000025, 
000026, 
000027,12724 2 12977 11 13232 15 13487 17 13552 3 13743 19 13806 6 13999 20 14060 8 14255 22 14315 9 14511 23 14570 10 14768 27 14826 10 15024 28 15081 11 15282 26 15337 11 15488 2 15543 21 15594 11 15744 3 15800 20 15852 8 16000 3 16056 20 16111 5 16256 3 16312 21 16366 6 16559 1 16569 20 16622 6 16813 5 16825 21 16877 9 16892 4 17068 7 17082 20 17133 10 17146 6 17324 7 17339 20 17389 11 17402 6 17580 12 17596 19 17644 20 17836 15 17853 18 17900 20 18092 15 18110 17 18156 20 18347 35 18411 21 18603 35 18666 22 18860 34 18921 22 19117 33 19177 19 19380 26 19432 18 19637 25 19688 18 19893 25 19944 18 20150 16 20170 2 20200 17 20409 1 20413 8 20456 17 20672 4 20712 16 20968 11 21225 7 21483 3 35664 2 35919 5 36175 5 36431 5 36688 2 39397 3 39652 5 39906 8 40158 12 40413 14 40668 15 40924 16 41180 16 41435 17 41687 21 41941 23 42196 24 42444 32 42698 33 42953 34 43208 35 43464 35 43720 35 43976 34 44232 34 44488 25 44514 8 44745 24 45002 24 45259 24 45516 23 45773 22 46030 21 46287 20 46544 19 46801 17 47059 13 47315 5 47322 4 47571 4 47827 4 48084 3 48340 2 48845 2 49100 4 49356 4 49613 3 49869 3 51909 1 52164 4 52419 6 52674 7 52930 7 53185 9 53440 11 53696 12 53952 12 54208 13 54465 11 54722 10 54979 8 55237 6 55494 4 57491 4 57744 11 57998 15 58253 17 58509 18 58765 19 59021 19 59278 19 59387 1 59534 19 59636 9 59791 18 59891 12 60048 16 60147 13 60305 4 60315 4 60402 14 60647 25 60902 26 61158 26 61414 26 61670 26 61926 26 62181 27 62437 27 62692 28 62948 28 63204 28 63460 28 63716 28 63972 28 64228 27 64484 19 64741 18 64998 16 65255 14 65512 12
000028,0 111 126 39 187 180 381 42 425 3 443 180 635 52 698 182 887 58 954 182 1142 64 1210 183 1398 252 1653 253 1909 116 2026 137 2165 110 2284 136 2421 110 2540 136 2678 109 2796 137 2935 31 2973 15 2991 53 3052 137 3192 30 3230 13 3248 52 3308 137 3450 28 3486 14 3504 53 3563 138 3709 26 3743 14 3760 55 3818 138 3966 26 3999 15 4015 197 4223 26 4256 211 4481 24 4513 210 4738 24 4771 207 4995 22 5028 206 5253 20 5285 207 5509 19 5541 208 5766 18 5797 209 6023 17 6054 209 6279 8 6289 7 6310 210 6538 2 6547 5 6567 209 6805 2 6823 211 7078 215 7332 218 7587 9 7600 207 7842 10 7857 206 8096 12 8116 2 8131 7 8141 178 8324 1 8328 3 8350 14 8390 2 8398 177 8580 8 8605 15 8656 175 8836 9 8860 17 8912 175 9094 8 9116 17 9169 174 9350 8 9371 18 9425 47 9474 125 9606 9 9626 20 9681 47 9730 126 9862 10 9881 22 9908 4 9918 3 9937 47 9986 126 10118 10 10137 42 10192 48 10242 126 10374 10 10393 43 10447 49 10498 129 10629 11 10649 45 10703 49 10754 142 10905 46 10959 30 10994 14 11009 143 11161 47 11215 30 11250 14 11265 143 11417 49 11471 29 11506 152 11661 62 11726 30 11762 151 11919 62 11982 30 12018 150 12175 93 12274 150 12430 94 12530 151 12687 94 12786 151 12943 94 13042 32 13076 117 13199 96 13298 32 13333 116 13456 131 13590 115 13712 18 13733 44 13780 64 13846 115 13968 16 13990 42 14038 179 14224 15 14247 41 14296 177 14480 14 14503 41 14554 176 14735 16 14759 42 14811 29 14845 142 14990 17 15015 42 15068 27 15103 161 15271 43 15323 28 15360 160 15527 43 15577 30 15616 161 15783 43 15832 31 15872 161 16039 43 16088 31 16128 161 16295 43 16344 31 16384 161 16550 44 16599 32 16640 112 16753 48 16805 45 16855 18 16874 12 16896 112 17011 46 17060 46 17111 17 17130 12 17152 76 17229 35 17268 46 17315 47 17367 16 17388 10 17408 59 17469 14 17487 33 17524 46 17571 46 17623 16 17644 10 17664 58 17726 12 17743 32 17781 45 17827 46 17879 16 17901 9 17920 56 17983 11 17999 32 18037 92 18135 16 18157 9 18176 56 18239 11 18253 33 18294 78 18374 11 18390 18 18413 10 18432 20 18456 31 18497 9 18508 34 18550 76 18631 10 18646 18 18668 12 18688 20 18713 30 18756 3 18762 36 18806 8 18823 58 18891 5 18900 20 18924 12 18944 20 18969 31 19018 37 19061 7 19081 55 19155 21 19180 13 19200 20 19225 31 19274 37 19317 7 19339 52 19411 21 19436 13 19456 21 19481 32 19530 38 19572 7 19596 50 19668 21 19691 15 19712 21 19737 33 19786 37 19828 8 19842 1 19852 22 19875 27 19924 21 19948 14 19968 22 19993 34 20042 37 20084 8 20096 4 20109 20 20132 25 20180 21 20204 14 20224 22 20248 34 20298 36 20340 10 20351 5 20366 19 20390 23 20435 23 20461 13 20480 58 20554 35 20596 16 20622 19 20648 21 20691 24 20718 11 20736 22 20759 34 20810 7 20820 25 20852 16 20879 17 20911 14 20946 25 20974 8 20992 21 21015 32 21067 4 21077 24 21108 16 21135 17 21168 13 21201 27 21231 5 21248 21 21271 32 21324 3 21333 25 21364 16 21391 16 21425 11 21457 27 21488 3 21504 21 21527 31 21580 3 21589 25 21621 16 21647 16 21683 9 21713 28 21760 21 21783 33 21836 3 21845 26 21878 15 21904 14 21941 6 21969 28 22016 21 22039 36 22092 3 22101 27 22135 15 22160 14 22199 3 22225 28 22272 21 22295 37 22349 2 22357 27 22391 15 22417 13 22482 27 22528 61 22606 1 22613 28 22648 15 22674 12 22738 27 22784 62 22868 29 22905 14 22935 7 22994 9 23006 15 23040 62 23124 29 23162 13 23192 6 23250 8 23264 13 23296 62 23380 29 23421 10 23450 3 23507 7 23523 9 23552 63 23636 29 23678 10 23764 5 23781 6 23808 63 23892 28 23934 9 24064 22 24088 40 24148 27 24189 10 24320 23 24345 40 24403 28 24446 8 24576 23 24603 39 24659 28 24702 6 24832 24 24860 38 24915 29 25088 24 25117 37 25158 1 25171 30 25344 24 25373 37 25413 2 25427 31 25545 5 25600 25 25630 35 25669 2 25683 31 25736 4 25799 7 25856 25 25887 35 25939 31 25991 5 26053 10 26112 26 26143 36 26196 31 26246 6 26307 12 26368 26 26399 38 26452 30 26501 8 26562 14 26624 26 26656 37 26708 30 26757 8 26817 16 26880 26 26913 37 26965 30 27013 7 27073 17 27136 27 27173 34 27221 30 27270 6 27330 17 27392 26 27434 6 27441 22 27478 29 27526 6 27585 18 27646 28 27690 4 27699 21 27734 28 27767 4 27783 5 27841 18 27901 29 27946 4 27956 20 27990 28 28022 6 28097 18 28157 28 28203 3 28213 19 28248 26 28277 9 28352 19 28413 27 28469 19 28506 42 28608 19 28669 26 28725 19 28763 42 28855 3 28864 19 28926 26 28959 7 28980 20 29020 42 29108 31 29183 27 29214 9 29235 21 29279 17 29297 22 29361 33 29440 40 29490 21 29537 14 29554 21 29616 35 29696 41 29746 21 29802 4 29811 21 29871 36 29952 41 30001 21 30067 21 30126 39 30208 42 30257 21 30324 21 30382 40 30464 42 30512 22 30581 20 30638 40 30720 43 30767 24 30839 17 30894 41 30976 71 31096 10 31107 4 31150 41 31232 71 31355 4 31406 41 31488 72 31663 40 31744 72 31920 39 32000 71 32177 38 32256 71 32436 35 32512 71 32694 33 32768 70 32950 32 33024 71 33206 32 33280 71 33366 4 33463 31 33536 72 33622 4 33720 30 33792 72 33878 5 33980 26 34048 73 34135 3 34237 25 34304 73 34391 3 34494 24 34560 74 34648 1 34750 24 34816 74 35007 21 35072 74 35263 16 35328 19 35351 51 35518 15 35584 18 35609 50 35774 13 35839 18 35867 48 36030 11 36094 18 36124 47 36188 3 36286 11 36350 18 36381 46 36443 5 36542 11 36608 16 36637 46 36699 5 36768 4 36798 11 36864 16 36893 47 36954 7 37023 5 37056 9 37120 17 37149 47 37210 7 37278 7 37313 7 37376 17 37406 46 37467 5 37533 8 37571 5 37632 18 37664 45 37723 5 37790 7 37888 20 37922 44 37979 5 38046 6 38144 22 38178 44 38236 4 38303 4 38400 24 38434 45 38494 1 38656 26 38690 45 38912 30 38945 46 39168 79 39424 42 39471 31 39680 41 39729 27 39936 40 39986 16 40004 6 40192 41 40243 13 40448 42 40499 12 40704 43 40756 10 40960 45 41012 8 41029 10 41216 47 41270 4 41283 13 41472 48 41538 15 41728 49 41793 17 41984 49 42049 18 42240 49 42305 20 42501 45 42560 21 42758 44 42815 23 43014 44 43071 22 43270 45 43326 23 43520 51 43582 21 43776 51 43839 19 44032 51 44095 17 44288 51 44352 16 44417 3 44544 52 44610 13 44672 5 44800 52 44867 11 44928 5 45056 52 45124 9 45185 4 45312 52 45382 5 45442 2 45568 52 45824 52 46080 52 46336 53 46592 53 46848 53 47104 53 47360 53 47616 53 47872 52 48128 52 48384 51 48460 5 48640 50 48715 7 48896 50 48971 8 49152 49 49227 8 49409 13 49423 32 49483 9 49673 2 49680 30 49739 9 49920 2 49937 29 49995 9 50176 3 50194 29 50248 13 50432 4 50451 29 50504 19 50688 6 50709 28 50760 21 50944 8 50966 27 51016 8 51027 11 51200 10 51223 27 51273 4 51284 10 51456 11 51480 26 51540 10 51712 13 51738 24 51797 9 51968 14 52000 19 52055 6 52224 15 52263 13 52311 6 52480 16 52520 12 52568 5 52736 17 52776 13 52825 3 52992 18 53029 17 53248 19 53282 22 53504 20 53536 26 53760 21 53792 27 54016 23 54047 29 54272 25 54304 28 54528 26 54560 29 54784 28 54816 30 55040 62 55296 63 55552 65 55808 67 56064 67 56320 68 56576 68 56832 68 57088 68 57344 68 57600 68 57856 67 58112 66 58368 66 58624 65 58880 25 58918 20 59136 26 59176 17 59392 27 59438 10 59648 28 59696 7 59904 30 59954 3 60160 31 60416 33 60672 34 60928 34 61184 35 61284 5 61440 35 61539 8 61696 36 61795 8 61952 37 62051 9 62208 37 62307 9 62464 37 62563 10 62720 37 62819 11 62976 37 63075 11 63232 37 63331 12 63391 3 63489 35 63588 11 63648 1 63746 17 63765 15 63844 11 64002 16 64022 13 64101 10 64259 14 64279 12 64357 11 64516 12 64537 9 64613 11 64773 7 64798 2 64869 12 65030 5 65124 13 65380 13
000029, 
000030,205 51 461 51 717 51 972 52 1228 52 1483 53 1738 54 1993 55 2249 55 2504 56 2760 56 3017 55 3273 55 3530 54 3786 54 4043 53 4299 53 4556 52 4812 52 5069 51 5326 50 5582 50 5838 50 6095 49 6352 48 6609 47 6868 44 7124 24 7153 11 7166 2 7381 20 7638 19 7894 20 8152 18 8409 18 8672 11 8929 9 9186 8 9443 6 12721 3 12975 6 13230 8 13483 12 13737 14 13989 19 14060 4 14244 20 14314 9 14499 21 14568 12 14752 25 14821 16 15007 26 15075 19 15262 27 15329 21 15518 27 15583 23 15774 27 15838 24 16031 12 16045 12 16094 24 16288 10 16302 11 16349 26 16559 11 16604 27 16815 12 16860 26 17072 12 17116 26 17328 12 17371 26 17584 12 17627 25 17840 11 17883 25 18096 11 18139 25 18352 10 18394 27 18608 9 18641 1 18648 29 18864 9 18895 6 18902 31 19120 8 19150 39 19377 7 19405 40 19634 6 19660 41 19891 4 19916 41 20148 2 20172 42 20428 42 20684 42 20940 42 20991 1 21196 42 21246 2 21452 42 21502 2 21708 42 21758 2 21964 42 22015 1 22220 42 22476 42 22732 42 22988 42 23244 42 23499 43 23755 44 23981 2 24009 45 24236 4 24264 46 24492 4 24520 45 24748 6 24775 44 25004 7 25014 3 25032 42 25260 14 25288 41 25515 16 25545 40 25770 17 25802 39 26025 18 26057 39 26280 19 26312 40 26536 19 26565 42 26792 19 26820 43 27047 21 27075 42 27303 66 27558 65 27814 64 28070 63 28326 63 28582 63 28837 63 29094 62 29350 63 29606 62 29862 62 30118 62 30374 61 30630 62 30887 61 31143 61 31399 61 31655 61 31911 31 31946 25 32167 30 32203 23 32424 29 32462 18 32681 27 32721 5 32728 6 32938 26 33196 24 33455 20 33713 18 33977 9 34236 6 35051 5 35064 4 35306 7 35319 6 35561 9 35574 9 35816 11 35830 10 36072 11 36085 10 36327 12 36340 11 36583 13 36598 8 36839 13 36854 7 37095 13 37111 5 37351 13 37369 1 37607 13 37862 15 38118 15 38370 19 38625 20 38881 19 39137 19 39393 19 39650 19 39678 2 39906 24 39933 3 40162 25 40188 4 40418 25 40444 4 40675 10 40688 3 40694 5 40700 4 40932 8 40951 3 40956 4 41190 5 41212 4 41469 3 41726 2 42188 4 42444 5 42699 6 42951 10 43205 11 43461 11 43716 11 43972 12 44228 13 44483 14 44738 16 44993 17 45248 19 45504 20 45760 22 46016 24 46272 25 46528 26 46784 27 47040 27 47296 28 47553 27 47809 26 48065 25 48322 23 48554 3 48578 21 48810 3 48834 21 49066 4 49090 20 49322 4 49346 19 49578 4 49603 17 49835 2 49860 13 50117 10 50374 7 50633 3 51901 1 52155 5 52411 5 52667 5 52923 5 53179 5 53436 4 53692 4 53949 3 61457 3 61713 4 61968 5 62224 6 62479 8 62735 9 62991 9 63248 8 63504 7 63761 6 64017 5 64275 3 64529 6 64784 8 65039 9 65295 10
000031, 
000032,0 65536
000033, 
000034,3827 3 4082 5 4338 6 4593 9 4848 12 5104 13 5360 14 5615 14 5870 13 6122 13 6376 15 6631 17 6887 17 7142 19 7398 19 7653 20 7908 20 8164 20 8419 21 8675 20 8930 21 9186 21 9440 24 9694 27 9947 32 10200 37 10454 39 10709 43 10964 44 11219 45 11474 46 11730 46 11985 47 12240 48 12495 49 12751 49 13006 50 13260 52 13511 57 13765 59 14020 60 14275 61 14529 63 14784 64 15039 65 15295 65 15550 66 15805 67 16060 65 16316 64 16571 64 16826 65 17082 66 17337 68 17593 68 17848 70 18103 71 18358 71 18614 63 18678 6 18869 62 18937 1 19124 62 19379 62 19635 60 19889 61 20144 61 20399 61 20654 61 20910 60 21165 60 21422 59 21678 58 21934 58 22191 57 22447 56 22703 56 22959 55 23215 54 23472 53 23728 53 23985 35 24026 10 24242 11 24257 17 24284 6 24499 8 24515 14 24541 4 24758 2 24777 2
000035,49 54 108 10 305 54 364 12 562 54 620 22 818 82 1074 89 1272 7 1314 6 1330 100 1526 10 1568 10 1585 103 1780 12 1822 124 2034 14 2078 125 2290 14 2317 7 2333 127 2545 15 2567 14 2590 128 2801 15 2820 17 2846 131 3057 15 3075 18 3103 131 3312 16 3330 18 3358 132 3567 17 3585 19 3614 132 3816 24 3841 19 3868 135 4071 25 4097 18 4123 137 4327 25 4353 18 4377 140 4582 26 4610 16 4632 141 4816 3 4838 26 4871 10 4888 142 5071 11 5094 26 5129 6 5144 142 5326 14 5348 28 5401 141 5580 16 5603 29 5657 141 5834 19 5858 30 5913 141 6089 20 6114 30 6169 141 6344 21 6369 31 6425 142 6601 55 6681 143 6857 55 6937 145 7114 54 7194 146 7372 51 7450 150 7629 48 7707 151 7885 43 7964 151 8140 43 8220 152 8395 43 8477 151 8650 46 8734 151 8906 47 8991 150 9162 50 9247 150 9417 54 9504 149 9674 54 9760 149 9930 54 10016 150 10186 54 10273 150 10442 54 10529 151 10698 54 10785 154 10954 54 11042 153 11209 55 11299 152 11465 55 11555 152 11721 55 11812 151 11978 54 12068 151 12235 53 12325 150 12494 50 12580 150 12752 7 12768 32 12836 150 13009 4 13025 31 13093 149 13282 30 13349 149 13538 30 13591 2 13605 149 13794 30 13845 6 13861 149 14050 30 14101 7 14116 158 14305 31 14357 7 14372 114 14489 42 14559 33 14613 7 14627 115 14745 43 14814 34 14870 6 14883 114 15001 43 15069 35 15138 115 15257 44 15325 35 15392 116 15513 45 15581 35 15647 116 15769 46 15837 35 15902 116 16025 47 16094 34 16157 117 16281 47 16350 34 16413 116 16537 47 16606 34 16669 115 16793 54 16862 34 16925 114 17049 55 17117 35 17180 115 17306 54 17372 36 17435 115 17562 55 17627 37 17690 116 17819 54 17883 37 17944 119 18076 53 18138 38 18198 120 18333 53 18395 37 18453 121 18590 52 18651 39 18709 118 18846 53 18907 40 18964 55 19023 6 19035 45 19102 54 19162 42 19220 54 19279 6 19293 43 19358 57 19416 44 19476 51 19535 5 19551 40 19615 101 19732 50 19792 3 19808 39 19870 103 19988 50 20064 39 20124 106 20244 51 20321 38 20379 108 20489 6 20501 50 20578 36 20634 117 20757 51 20837 33 20890 35 20928 80 21013 51 21070 1 21097 29 21145 34 21185 136 21325 4 21355 27 21401 25 21427 7 21441 144 21616 21 21657 17 21698 143 21874 17 21913 16 21955 142 22132 13 22169 16 22212 139 22426 14 22468 137 22683 13 22724 136 22940 7 22981 84 23068 48 23237 18 23259 62 23324 47 23493 83 23581 46 23749 82 23836 46 24004 79 24092 45 24260 79 24348 39 24516 79 24604 37 24773 78 24860 36 25029 78 25116 34 25286 76 25371 35 25542 76 25627 35 25798 76 25883 35 25930 5 26055 43 26108 22 26139 35 26183 9 26316 36 26368 18 26395 36 26439 12 26572 35 26624 18 26652 35 26694 15 26732 1 26828 35 26880 18 26909 34 26950 18 26985 6 27084 34 27136 18 27165 34 27206 21 27237 11 27340 33 27392 19 27421 36 27461 44 27595 33 27648 19 27677 85 27851 32 27904 20 27933 86 28106 33 28160 21 28188 88 28361 33 28416 22 28443 90 28617 29 28672 23 28698 92 28814 1 28873 26 28928 119 29065 8 29130 25 29182 122 29319 11 29386 25 29436 125 29574 12 29642 25 29689 129 29830 12 29899 24 29941 133 30084 15 30155 23 30196 134 30339 17 30412 22 30452 133 30595 18 30668 22 30708 133 30847 23 30925 20 30965 132 31101 26 31181 20 31223 131 31356 28 31437 19 31485 1 31488 154 31693 19 31744 156 31949 19 32000 158 32206 17 32256 163 32463 15 32512 38 32552 124 32720 13 32773 31 32809 125 32980 3 33033 25 33064 127 33291 21 33319 129 33526 3 33547 20 33574 132 33780 9 33804 18 33829 134 34035 13 34061 18 34083 137 34291 16 34318 158 34547 17 34575 158 34802 19 34833 156 35028 3 35058 20 35089 156 35284 3 35314 21 35346 7 35355 147 35540 3 35569 23 35604 3 35611 147 35797 1 35825 24 35868 146 36081 25 36124 145 36337 25 36381 142 36594 25 36637 140 36849 27 36893 140 37105 27 37149 139 37361 28 37406 139 37616 30 37661 140 37855 10 37872 30 37916 141 38109 14 38127 32 38171 142 38364 53 38426 142 38617 56 38682 142 38871 59 38937 143 39127 59 39193 137 39381 60 39450 135 39633 64 39706 135 39888 65 39962 135 40144 64 40218 136 40400 64 40475 136 40657 62 40732 136 40913 63 40989 135 41170 62 41245 136 41427 61 41502 136 41683 61 41759 136 41939 62 42017 5 42024 129 42195 63 42282 128 42452 62 42539 128 42708 62 42796 128 42963 62 43052 129 43214 66 43308 129 43469 67 43562 131 43724 68 43815 134 43980 68 44070 135 44236 68 44326 10 44338 122 44491 69 44582 9 44595 121 44746 70 44838 9 44851 121 44999 73 45094 8 45107 120 45253 76 45352 6 45364 118 45508 77 45610 3 45621 117 45763 79 45880 114 46018 80 46137 39 46177 74 46272 83 46394 12 46407 23 46434 73 46512 1 46527 85 46651 9 46666 5 46673 13 46691 81 46783 85 46910 4 46933 9 46949 80 47038 86 47191 8 47205 83 47295 84 47448 7 47461 84 47551 84 47704 7 47716 86 47807 84 47960 7 47972 86 48064 83 48217 6 48229 86 48320 82 48473 5 48485 86 48576 82 48688 2 48730 4 48742 86 48833 63 48903 10 48941 8 48998 88 49088 64 49186 3 49196 9 49253 155 49441 6 49450 12 49508 156 49694 24 49763 157 49950 24 50018 158 50205 25 50274 158 50461 25 50530 158 50718 24 50786 158 50974 24 51042 158 51230 24 51298 158 51486 23 51553 159 51742 23 51809 159 51998 23 52064 160 52254 23 52321 159 52511 21 52578 158 52767 21 52834 158 53025 18 53091 157 53284 15 53348 156 53541 12 53605 155 53798 7 53862 154 54055 4 54119 153 54376 152 54633 151 54890 150 55146 150 55337 3 55402 150 55559 2 55591 7 55658 150 55814 5 55846 10 55914 150 56070 5 56101 13 56170 150 56326 6 56357 18 56426 150 56582 7 56612 20 56681 151 56838 9 56868 18 56938 150 57094 11 57124 16 57194 150 57350 15 57381 15 57420 9 57450 150 57606 17 57637 14 57676 10 57706 150 57862 17 57894 14 57931 11 57961 151 58118 17 58150 15 58187 12 58217 151 58375 15 58405 17 58440 14 58473 151 58632 14 58657 23 58692 18 58728 152 58889 13 58910 27 58947 19 58985 151 59146 11 59165 29 59202 20 59241 151 59403 12 59419 31 59458 19 59498 150 59660 47 59714 19 59754 150 59918 47 59969 21 60010 150 60176 72 60266 150 60435 70 60522 150 60693 69 60778 150 60950 68 61034 150 61207 68 61286 4 61291 149 61463 68 61541 155 61720 67 61797 155 61977 66 62054 154 62233 66 62314 150 62469 6 62490 66 62570 150 62723 10 62747 66 62827 149 62978 12 63006 66 63083 149 63233 13 63265 12 63281 49 63340 148 63489 13 63522 9 63537 50 63597 147 63745 14 63780 6 63793 51 63853 147 64001 15 64038 2 64049 52 64110 146 64257 24 64305 53 64366 140 64508 4 64513 24 64561 53 64623 138 64766 2 64769 25 64818 52 64879 138 65023 1 65025 25 65074 52 65135 138 65280 26 65331 51 65391 138
000036, 
000037, 
000038, 
000039,0 12628 12631 252 12888 252 13145 251 13402 252 13659 99 13760 150 13915 98 14017 149 14172 251 14429 251 14686 250 14944 249 15200 250 15457 249 15713 250 15969 251 16225 251 16482 250 16739 250 16998 248 17255 247 17512 249 17768 250 18024 252 18280 252 18536 254 18793 254 19049 9632 28682 252 28938 251 29194 250 29450 249 29706 248 29962 246 30218 246 30474 246 30730 246 30986 246 31236 3 31242 246 31491 253 31747 253 32003 253 32258 254 32514 254 32770 254 33026 254 33282 254 33538 254 33794 254 34051 253 34313 247 34570 246 34827 245 35083 245 35339 245 35596 244 35852 244 36108 244 36364 244 36620 244 36876 244 37132 244 37387 245 37636 4 37642 246 37891 253 38146 254 38402 254 38658 254 38915 253 39171 253 39427 253 39683 253 39939 253 40195 253 40451 253 40707 253 40963 253 41219 253 41475 253 41731 253 41986 254 42243 253 42499 253 42755 253 43012 252 43268 252 43525 251 43781 251 44038 250 44294 250 44550 250 44805 251 45059 253 45314 254 45569 1439 47009 255 47266 254 47522 1281 48804 255 49063 252 49321 250 49578 249 49836 248 50094 248 50352 248 50608 249 50864 250 51119 252 51375 14159
000040,0 65536
000041, 
000042,248 5 503 6 759 7 1015 8 1272 8 1528 8 1784 8 2040 8 2295 9 2550 10 2752 3 2805 11 3005 9 3060 12 3260 11 3316 12 3515 13 3571 13 3771 14 3827 13 4026 16 4084 12 4283 16 4335 3 4340 12 4539 16 4590 18 4795 17 4845 19 5052 16 5102 18 5309 16 5362 14 5566 15 5621 11 5822 15 5878 10 6078 15 6134 10 6335 14 6355 3 6390 10 6455 12 6591 17 6609 6 6647 9 6710 16 6847 11 6861 10 6903 9 6965 18 7104 9 7118 9 7159 9 7220 20 7360 9 7378 5 7416 8 7476 20 7606 6 7618 6 7672 8 7732 20 7860 9 7929 7 7988 19 8115 11 8186 6 8245 18 8364 2 8370 13 8445 3 8501 17 8619 4 8626 14 8703 1 8757 17 8875 22 9013 17 9131 22 9270 16 9387 22 9527 15 9644 21 9785 13 9900 20 10044 9 10159 16 10302 7 10417 10 10560 4 10674 8 10932 5 11189 2 14530 4 14785 6 15041 7 15297 7 15553 7 15809 8 16065 9 16321 9 16578 8 16834 8 17091 7 17348 6 17607 1 18432 5 18688 8 18944 9 19200 10 19456 10 19712 11 19968 11 20224 12 20480 13 20736 14 20992 14 21120 5 21248 15 21374 8 21504 15 21622 4 21628 12 21760 15 21877 20 22016 15 22133 21 22272 15 22389 23 22528 15 22647 21 22784 14 22903 22 23040 13 23159 23 23296 12 23414 24 23670 25 23926 27 24183 28 24439 29 24696 28 24953 28 25210 27 25412 2 25466 28 25667 5 25723 27 25923 6 25979 28 26179 7 26236 27 26436 6 26492 27 26692 6 26749 27 26949 6 27005 27 27206 6 27261 27 27463 5 27516 29 27720 4 27772 29 27977 3 28028 33 28284 34 28539 35 28747 6 28795 36 29002 8 29051 36 29258 9 29306 37 29514 9 29562 38 29770 10 29818 38 30027 9 30074 38 30284 10 30330 38 30542 9 30586 37 30802 5 30843 35 31061 2 31099 35 31304 3 31356 31 31559 7 31613 29 31814 10 31869 28 32070 11 32126 26 32327 11 32383 25 32583 11 32640 6 32647 17 32839 12 32906 13 33095 12 33162 13 33352 11 33418 12 33610 9 33674 10 33870 4 33931 8 34189 4 39643 4 39899 7 40154 12 40410 13 40666 14 40922 15 41178 17 41434 18 41689 20 41945 20 42201 21 42457 21 42610 5 42713 22 42865 6 42969 22 43121 7 43225 22 43376 7 43481 22 43632 7 43737 22 43888 6 43993 22 44145 5 44250 16 44402 3 44506 15 44765 2 44770 7 45027 5 45285 2 48891 3 49146 6 49402 6 49658 6 49914 6 50163 4 50170 6 50418 14 50673 10 50684 4 50929 10 50940 4 51184 11 51440 11 51696 11 51953 10 52213 6 60762 3 61018 3 61273 5 61530 3 62810 3 63066 4 63322 4
000043,0 14860 14861 254 15118 251 15375 249 15631 248 15887 247 16142 248 16398 242 16643 1 16653 243 16908 244 17164 244 17419 245 17674 246 17928 248 18183 249 18438 250 18693 251 18949 251 19204 252 19460 252 19715 253 19970 254 20225 19199 39426 254 39686 250 39943 249 40200 248 40456 248 40712 248 40969 247 41225 247 41482 246 41739 245 41996 244 42253 243 42509 243 42765 243 43013 12040 55055 252 55311 250 55567 248 55823 7 55836 234 56079 6 56093 233 56335 6 56349 232 56592 4 56605 227 56861 227 57116 228 57372 228 57627 229 57882 230 58138 230 58393 231 58648 232 58903 233 59158 234 59414 234 59669 235 59925 235 60181 235 60434 238 60687 241 60941 243 61196 244 61451 245 61706 246 61961 247 62216 248 62472 248 62725 2579 65307 229
000044, 
000045,217 4 475 1 8418 9 8674 9 8923 5 8930 3 13813 1 14069 1 14325 1 14581 1 15094 2 15350 2 15605 1 15861 2 16117 3 16373 3 26826 2 26867 3 27123 4 27380 4 27637 3 27894 2 33710 2 33965 3 34222 2 34483 3 34738 4 34994 5 35250 6 35506 6 35763 5 36020 4 36278 2 45013 1 45269 1 46285 4 46540 6 46796 5 47044 4 47052 4
000046,631 4 886 6 1142 7 1398 8 1654 8 1910 8 2164 10 2420 9 2676 9 2932 10 3188 10 3444 10 3701 10 3958 9 4214 9 4472 6 4729 4 7468 15 7723 17 7978 18 8233 19 8483 25 8738 26 8993 26 9248 26 9504 26 9759 26 10014 27 10269 28 10524 29 10779 30 11035 30 11291 29 11547 29 11803 29 12059 29 12315 29 12573 27 12830 26 13088 5 13095 17 13353 15 13609 15 13866 14 14123 7 44985 1 45238 8 45490 14 45744 18 46000 19 46255 22 46511 23 46766 26 47016 32 47270 35 47525 36 47781 36 48036 37 48293 36 48549 36 48805 36 49062 41 49320 40 49578 39 49834 30 49866 7 50090 30 50123 7 50345 30 50380 6 50601 29 50636 6 50856 29 50892 5 51112 27 51148 5 51368 27 51404 4 51624 27 51661 3 51880 27 52136 27 52392 27 52648 27 52904 26 53160 26 53417 25 53673 25 53930 24 54186 23 54445 18 54703 15 54960 13 55217 6 55475 2
000047,14 2 48 5 82 8 118 6 127 22 158 73 269 5 304 5 339 8 376 2 384 21 415 72 524 7 561 3 596 4 602 1 641 20 671 72 778 12 795 2 817 3 897 20 927 71 1034 21 1154 20 1183 71 1290 24 1409 22 1440 70 1547 28 1665 22 1696 70 1804 28 1919 25 1952 71 2061 28 2174 26 2208 71 2317 29 2430 26 2464 71 2574 28 2686 26 2720 70 2831 28 2943 25 2976 70 3088 8 3100 15 3199 26 3233 69 3344 8 3357 14 3455 27 3489 68 3600 9 3615 12 3711 28 3745 68 3837 3 3856 10 3872 7 3966 30 4002 67 4092 4 4111 12 4130 3 4222 30 4259 66 4348 4 4365 15 4478 31 4516 64 4604 4 4621 17 4734 3 4741 25 4773 62 4859 5 4876 21 4999 25 5029 61 5115 5 5132 24 5256 30 5287 7 5298 2 5305 40 5371 5 5389 26 5515 33 5562 37 5627 5 5645 27 5774 29 5819 35 5882 6 5902 26 6031 30 6076 33 6137 7 6159 25 6288 33 6333 31 6392 8 6416 23 6547 31 6591 11 6604 15 6648 8 6673 22 6805 13 6822 13 6843 3 6848 2 6861 12 6904 8 6930 20 7064 7 7084 7 7098 7 7120 6 7161 7 7188 18 7341 6 7353 8 7418 6 7446 15 7598 5 7608 9 7674 6 7706 11 7855 3 7862 11 7931 5 7965 8 8118 5 8188 4 8223 6 8375 3 8444 4 8698 6 8947 13 9201 15 9455 17 9711 17 9966 18 10222 18 10478 18 10696 2 10734 18 10952 2 10990 18 11209 1 11246 18 11501 19 11539 3 11755 21 11795 4 12011 21 12051 6 12266 22 12306 8 12522 22 12562 9 12778 22 12818 9 12831 3 13034 22 13074 9 13086 5 13283 2 13290 22 13330 9 13341 7 13536 9 13546 22 13587 17 13788 36 13843 18 14040 40 14100 17 14295 42 14356 17 14551 47 14613 15 14768 4 14806 52 14869 9 15022 7 15062 42 15105 10 15125 9 15277 8 15318 42 15361 11 15381 10 15532 9 15574 42 15617 12 15638 9 15788 9 15831 41 15873 12 15894 9 16045 9 16088 40 16129 12 16151 8 16302 11 16344 40 16385 12 16407 8 16558 13 16600 40 16641 11 16812 16 16856 40 16897 10 17062 22 17113 39 17154 9 17318 23 17370 38 17410 8 17573 24 17627 37 17667 9 17801 2 17828 26 17884 36 17924 9 18056 4 18084 26 18140 36 18180 10 18312 5 18339 27 18397 35 18435 12 18567 6 18595 28 18655 33 18691 12 18824 5 18850 28 18912 32 18946 13 19080 4 19106 28 19168 32 19204 11 19361 29 19424 32 19467 3 19616 31 19680 32 19871 31 19936 32 19973 2 20126 32 20192 32 20230 4 20382 31 20449 31 20487 5 20638 30 20705 31 20743 8 20895 29 20961 31 20999 9 21151 28 21217 31 21256 9 21408 29 21473 31 21512 10 21664 30 21729 31 21769 9 21920 30 21984 32 22026 9 22176 31 22240 32 22281 10 22432 32 22496 32 22536 11 22631 3 22688 32 22752 32 22887 4 22945 31 23007 33 23120 1 23144 5 23201 30 23244 2 23263 33 23376 4 23387 4 23400 6 23458 28 23519 33 23633 5 23639 10 23656 6 23714 27 23774 34 23889 20 23913 4 23971 26 24030 34 24145 21 24170 3 24228 26 24286 34 24401 22 24484 27 24534 4 24542 34 24658 22 24740 29 24779 1 24789 6 24796 36 24920 15 24997 32 25046 42 25177 14 25254 32 25302 42 25433 12 25510 33 25558 42 25690 7 25767 32 25815 41 26022 33 26071 41 26278 33 26327 41 26532 35 26583 41 26688 1 26788 35 26839 41 26941 6 26955 2 27043 35 27095 41 27194 10 27211 2 27298 35 27350 42 27449 11 27554 34 27605 43 27704 13 27809 34 27859 45 27960 13 28064 34 28115 45 28216 12 28320 33 28371 45 28471 13 28576 33 28627 45 28726 12 28766 1 28832 33 28883 45 28980 11 29089 31 29139 45 29235 10 29349 19 29396 44 29491 9 29606 18 29640 2 29652 44 29747 9 29862 18 29895 4 29908 44 30004 7 30116 19 30150 6 30164 44 30261 6 30371 20 30405 9 30416 48 30626 21 30659 61 30882 20 30914 62 31137 21 31169 63 31393 20 31425 63 31648 20 31682 62 31749 6 31904 20 31938 62 32003 10 32160 20 32195 61 32258 14 32417 19 32451 33 32492 20 32513 17 32673 18 32708 32 32751 36 32930 11 32965 31 33009 34 33185 11 33222 29 33266 34 33440 11 33480 26 33523 33 33695 11 33737 25 33780 32 33946 15 33994 25 34036 32 34203 1 34205 11 34252 24 34292 31 34464 8 34512 21 34534 4 34549 30 34721 5 34769 27 34805 30 34978 3 35026 27 35062 29 35283 28 35318 29 35541 29 35576 28 35798 29 35832 28 36055 29 36088 28 36312 28 36344 28 36570 27 36601 26 36826 27 36857 26 37082 27 37113 26 37338 27 37368 26 37593 57 37849 43 37898 7 38105 42 38156 5 38361 41 38541 4 38617 40 38795 7 38874 38 38931 4 39051 9 39130 38 39187 5 39306 12 39386 25 39412 12 39444 4 39561 16 39642 23 39668 12 39701 2 39816 18 39898 23 39925 11 40071 20 40154 22 40182 10 40327 21 40410 21 40438 10 40583 22 40666 21 40694 10 40839 22 40923 20 40948 12 41094 25 41170 4 41181 18 41203 13 41349 27 41424 7 41438 17 41458 14 41605 28 41677 11 41695 16 41715 13 41860 30 41932 12 41951 16 41971 13 42114 32 42187 14 42207 17 42229 11 42370 33 42444 14 42463 17 42485 11 42625 35 42700 15 42719 17 42741 11 42880 36 42958 13 42976 16 42996 12 43135 38 43216 12 43233 14 43251 13 43385 45 43474 10 43490 13 43507 13 43639 47 43730 9 43750 9 43764 12 43894 48 43987 8 44005 11 44019 13 44149 50 44244 7 44260 28 44405 50 44500 7 44515 29 44660 51 44755 9 44771 29 44862 1 44916 51 45009 12 45027 29 45116 7 45172 51 45232 7 45265 12 45283 29 45372 7 45428 51 45487 9 45522 11 45539 29 45628 7 45684 52 45743 10 45778 11 45795 29 45883 7 45940 52 45999 12 46034 11 46051 29 46138 5 46192 57 46255 13 46291 10 46307 29 46393 5 46446 60 46511 14 46548 9 46563 29 46649 6 46702 60 46767 14 46804 9 46819 29 46906 5 46958 60 47021 17 47060 10 47074 30 47163 5 47202 3 47215 79 47316 11 47330 30 47420 3 47458 3 47471 80 47572 11 47586 30 47714 3 47727 87 47828 12 47842 30 47970 2 47976 96 48084 13 48098 30 48232 97 48340 44 48487 99 48589 2 48596 44 48742 107 48853 43 48997 109 49109 43 49253 110 49366 42 49508 113 49622 42 49761 104 49868 52 50016 52 50072 47 50124 11 50136 40 50272 52 50327 48 50380 11 50392 40 50528 51 50582 48 50637 9 50648 40 50784 51 50837 49 50894 7 50906 38 51040 51 51093 49 51151 5 51162 38 51295 51 51349 49 51419 37 51551 51 51605 49 51676 36 51806 52 51860 50 51932 36 52062 52 52115 52 52189 35 52318 105 52445 35 52574 106 52701 37 52828 109 52958 37 53082 112 53215 37 53338 113 53471 38 53593 115 53727 38 53849 116 53983 39 54105 119 54239 40 54361 122 54494 41 54618 122 54750 42 54875 121 55006 42 55132 121 55261 43 55390 119 55517 43 55647 119 55773 43 55903 121 56029 42 56160 123 56285 43 56333 2 56343 4 56416 168 56587 5 56598 6 56673 175 56853 8 56866 1 56896 2 56929 175 57108 10 57120 4 57151 5 57185 175 57364 17 57407 6 57441 175 57619 11 57632 5 57664 5 57696 176 57875 10 57890 3 57921 4 57951 178 58131 8 58207 179 58387 8 58464 186 58723 184 58982 181 59240 180 59498 178 59755 177 60012 177 60269 179 60526 179 60783 179 61040 93 61134 85 61297 91 61391 84 61553 91 61648 84 61810 89 61904 84 62066 90 62160 85 62322 90 62415 86 62578 179 62834 180 63091 179 63288 4 63299 2 63308 4 63347 180 63544 13 63564 6 63604 181 63799 15 63820 7 63861 181 64054 17 64077 6 64118 183 64307 21 64334 6 64374 210 64590 6 64630 211 64847 6 64885 212 65104 5 65135 217 65361 4 65390 146
000048, 
000049, 
000050, 
000051,21 13 277 13 533 13 665 1 789 13 918 8 1045 13 1173 14 1303 11 1428 16 1560 9 1683 18 1822 1 1938 19 2193 21 2451 19 2707 19 2963 19 3219 19 3476 17 3732 18 3989 17 4113 4 4246 16 4368 7 4504 14 4623 8 4762 11 4879 8 5020 8 5136 7 5278 5 5392 7 5649 6 7716 3 7971 6 8227 6 8483 7 8739 7 8996 5 9252 5 9509 3 12149 6 12403 9 12658 11 12913 12 13169 13 13425 13 13579 2 13595 2 13680 14 13824 2 13834 3 13850 3 13936 14 14080 3 14107 1 14190 16 14336 3 14445 17 14592 4 14700 18 14848 4 14955 18 15104 5 15211 18 15360 7 15467 18 15616 9 15723 17 15872 10 15978 18 16128 11 16158 3 16234 19 16384 11 16413 4 16490 19 16640 12 16669 4 16745 21 16896 13 16917 2 16924 4 17000 22 17152 13 17182 1 17256 23 17408 13 17512 24 17664 10 17696 7 17768 25 17920 8 17951 9 18023 27 18176 8 18207 9 18277 30 18432 8 18463 9 18532 32 18688 8 18718 10 18787 32 18944 8 18974 10 19042 33 19200 7 19229 11 19298 33 19456 7 19484 10 19555 31 19712 6 19739 7 19811 31 19968 4 19994 7 20068 30 20250 7 20324 30 20494 3 20506 7 20580 30 20749 21 20834 32 21004 23 21087 35 21260 24 21342 36 21504 7 21516 24 21597 37 21760 9 21773 24 21852 37 22016 10 22030 23 22108 36 22272 9 22286 23 22363 37 22528 9 22543 21 22618 37 22784 8 22799 21 22874 37 23040 8 23054 22 23130 37 23296 8 23311 20 23386 36 23552 8 23567 20 23642 36 23808 8 23823 21 23899 35 24064 8 24080 21 24156 32 24320 7 24337 20 24413 31 24576 7 24593 21 24671 27 24833 6 24850 20 24927 27 25089 7 25106 20 25168 5 25184 26 25345 7 25362 20 25423 7 25440 26 25601 7 25618 19 25678 8 25696 25 25858 5 25874 19 25934 9 25952 24 26108 4 26115 3 26130 18 26190 9 26208 19 26300 3 26363 5 26387 16 26447 8 26465 17 26555 5 26618 6 26643 15 26703 8 26721 15 26811 9 26873 7 26900 14 26960 7 26978 13 27064 13 27129 7 27157 13 27217 5 27234 11 27316 17 27376 2 27385 7 27413 12 27474 4 27490 10 27570 19 27640 8 27670 11 27747 9 27825 20 27895 9 27926 10 28002 10 28080 21 28150 10 28183 9 28258 10 28336 21 28406 10 28439 8 28514 10 28592 21 28662 10 28696 7 28770 10 28824 4 28848 22 28918 10 28953 4 29027 9 29079 6 29104 22 29174 10 29283 8 29334 8 29359 23 29431 9 29540 6 29590 8 29616 21 29687 9 29798 1 29846 8 29872 20 29943 9 30102 8 30128 19 30200 8 30359 7 30385 18 30456 8 30616 6 30642 16 30712 8 30873 4 30899 14 30968 8 31154 16 31225 7 31409 18 31481 7 31665 19 31738 6 31920 21 31995 5 32057 2 32176 22 32252 4 32312 7 32432 22 32510 2 32566 10 32689 21 32820 13 32912 4 32946 19 33075 15 33166 7 33202 19 33329 17 33421 9 33459 17 33585 17 33658 4 33676 10 33716 16 33841 18 33913 5 33925 17 33972 15 34097 18 34169 5 34178 19 34229 14 34353 18 34425 5 34433 20 34485 14 34608 19 34682 3 34689 19 34741 14 34862 21 34944 20 34998 13 35042 2 35117 22 35201 19 35254 11 35293 9 35372 23 35457 19 35510 6 35547 11 35628 24 35714 18 35768 2 35803 12 35884 24 35971 17 36058 13 36140 24 36228 15 36314 13 36396 24 36486 12 36571 12 36653 23 36744 9 36827 11 36909 23 37001 7 37084 11 37161 27 37339 12 37416 28 37593 14 37672 28 37848 15 37927 28 38101 18 38182 29 38355 20 38437 29 38610 21 38692 30 38866 21 38948 28 39122 22 39203 28 39378 22 39457 30 39633 22 39712 30 39889 22 39967 31 40145 21 40223 32 40401 21 40479 32 40656 22 40735 32 40912 22 40991 32 41168 21 41247 33 41425 19 41503 34 41681 17 41759 35 41937 13 42015 36 42193 13 42271 37 42448 13 42528 36 42703 14 42784 36 42959 13 43041 35 43214 12 43297 34 43470 10 43554 33 43726 8 43810 30 43983 6 44066 27 44239 5 44323 25 44497 1 44580 23 44836 18 44855 2 45092 16 45349 16 45605 16 45862 15 46119 14 46377 12 46635 9 46893 6 47150 5 59239 3 59493 6 59748 7 60003 9 60259 9 60514 11 60770 12 61017 3 61026 12 61272 6 61283 11 61527 24 61783 24 62039 25 62295 25 62550 27 62806 27 63062 27 63319 26 63578 23 63836 21 64093 20 64349 20 64606 18 64863 17 65119 16 65376 14
000052,0 39 54 10 87 27 256 12 273 21 310 5 342 27 512 11 530 20 568 1 598 26 768 11 787 8 798 7 856 23 1024 8 1044 6 1055 5 1078 3 1113 22 1280 6 1301 4 1313 2 1333 4 1370 20 1536 4 1556 5 1590 1 1626 20 1792 4 1811 4 1895 7 2048 3 2067 3 2153 5 2304 3 2382 12 2560 3 2635 15 2816 3 2890 17 3072 3 3099 2 3146 17 3328 4 3351 1 3376 1 3402 18 3584 4 3606 3 3631 3 3658 18 3840 4 3888 3 3914 18 4096 4 4140 1 4170 18 4352 4 4396 1 4425 20 4608 4 4652 1 4678 23 4864 3 4908 1 4914 3 4932 25 5120 2 5169 4 5188 25 5376 1 5424 5 5444 25 5632 1 5679 6 5700 25 5888 1 5936 4 5956 26 6212 26 6468 25 6724 25 6981 23 7237 23 7493 22 7748 23 8003 15 8257 16 8310 3 8512 19 8566 3 8768 20 8822 3 9024 22 9079 2 9281 23 9315 4 9537 24 9570 5 9793 24 9825 6 10049 24 10082 4 10282 1 10306 23 10338 3 10562 20 10594 3 10600 1 10817 21 10850 2 10855 2 11004 4 11072 25 11108 5 11251 13 11306 2 11322 31 11365 4 11505 15 11562 3 11577 32 11760 16 11817 5 11831 9 11841 24 12015 17 12073 5 12079 42 12270 18 12329 47 12402 1 12525 19 12592 4 12597 34 12657 3 12780 20 12853 25 12879 7 12913 3 13036 20 13109 25 13169 3 13292 20 13365 25 13425 3 13547 21 13621 26 13682 1 13803 21 13876 27 14058 22 14132 28 14313 23 14387 30 14568 24 14642 31 14824 24 14897 32 15079 25 15152 33 15335 25 15407 33 15592 24 15662 31 15848 24 15917 31 16105 23 16172 27 16361 23 16427 27 16617 23 16682 10 16695 14 16873 23 16938 7 16951 12 17129 23 17194 6 17207 10 17384 24 17450 6 17463 3 17467 5 17640 24 17706 7 17724 5 17750 1 17891 29 17955 2 17961 8 17981 5 17990 5 18004 4 18016 1 18026 2 18145 31 18210 5 18217 8 18236 16 18260 2 18271 3 18401 31 18466 6 18473 9 18491 24 18521 2 18527 4 18656 32 18721 17 18747 23 18783 4 18912 32 18976 18 19002 24 19041 2 19169 10 19181 19 19232 19 19258 24 19295 4 19424 7 19438 18 19487 20 19514 24 19551 5 19680 5 19694 18 19743 12 19770 24 19807 5 19935 7 19951 10 19962 6 19982 5 20000 10 20026 25 20063 4 20191 7 20209 7 20219 5 20238 4 20257 7 20276 32 20321 3 20447 7 20468 2 20475 5 20494 4 20514 4 20532 33 20578 3 20702 8 20731 5 20750 3 20788 33 20833 4 20958 8 20988 4 21007 2 21035 5 21043 34 21089 4 21214 8 21244 4 21249 5 21262 2 21288 10 21299 34 21340 2 21343 6 21469 9 21501 3 21505 7 21518 1 21538 2 21543 47 21595 11 21725 4 21730 3 21759 8 21794 2 21797 50 21851 10 21981 5 22016 5 22049 54 22107 10 22237 5 22272 3 22306 1 22310 50 22361 12 22528 3 22567 57 22784 2 22816 3 22821 58 23040 1 23071 4 23077 45 23123 11 23296 1 23327 64 23584 54 23642 5 23840 56 23898 6 24065 2 24097 56 24155 6 24320 3 24352 57 24576 3 24608 57 24832 3 24864 56 25088 3 25121 6 25128 48 25344 3 25355 4 25378 3 25386 22 25409 23 25600 3 25609 7 25648 15 25667 20 25816 3 25856 3 25867 5 25905 14 25922 21 26073 1 26112 3 26124 4 26161 13 26177 21 26327 1 26380 3 26416 14 26433 22 26581 1 26636 3 26672 14 26688 23 26837 2 26892 3 26928 14 26944 24 27093 1 27147 4 27183 15 27199 25 27404 2 27439 41 27660 1 27695 41 27951 41 28208 41 28466 4 28473 34 28697 2 28729 36 28952 4 28985 38 29207 5 29240 30 29271 9 29463 6 29495 16 29513 11 29527 9 29716 1 29721 4 29751 15 29769 11 29783 9 29978 3 30007 15 30026 9 30037 11 30234 4 30263 14 30282 8 30293 9 30491 3 30520 13 30537 8 30549 7 30747 3 30776 13 30793 8 30804 8 31002 4 31033 24 31061 6 31258 3 31290 24 31317 6 31514 3 31548 22 31575 3 31771 2 31806 20 31961 3 32064 8 32073 6 32217 2 32321 5 32332 2 32473 1 32578 4 32728 3 32834 3 32983 5 32991 1 33090 3 33239 5 33246 3 33333 3 33346 4 33494 6 33503 6 33588 4 33604 1 33747 9 33761 5 33838 1 33841 8 33999 11 34018 4 34092 12 34255 10 34274 6 34303 1 34348 12 34510 8 34530 7 34557 3 34604 12 34766 6 34786 7 34812 4 34861 12 35022 4 35042 8 35059 3 35068 4 35117 12 35299 9 35315 4 35324 4 35374 11 35408 1 35555 9 35572 3 35579 5 35630 9 35811 9 35829 1 35835 5 35886 4 36068 7 36092 4 36143 3 36325 7 36349 3 36409 2 36581 8 36605 3 36665 4 36837 7 36861 3 36921 6 37093 6 37118 2 37178 6 37350 4 37374 2 37426 1 37435 6 37606 4 37629 3 37681 4 37692 5 37863 3 37877 1 37885 3 37937 4 37950 3 38119 3 38133 1 38141 3 38193 4 38207 3 38374 5 38389 1 38397 3 38450 3 38463 4 38630 5 38652 4 38705 4 38719 4 38888 3 38909 3 38961 3 38975 4 39145 2 39158 2 39165 3 39218 1 39230 5 39357 7 39401 2 39414 3 39422 2 39483 9 39611 9 39656 4 39670 4 39678 2 39735 14 39866 11 39909 1 39912 4 39926 4 39934 2 39990 8 40001 6 40121 12 40163 4 40168 4 40181 7 40190 2 40245 9 40376 13 40418 10 40437 11 40502 8 40631 14 40673 10 40692 12 40762 1 40887 14 40929 8 40948 12 41142 15 41185 7 41204 12 41397 15 41440 7 41460 12 41652 15 41696 5 41716 12 41907 16 41953 1 41972 12 42162 16 42221 1 42229 11 42418 16 42485 11 42673 17 42743 9 42826 1 42929 18 43000 8 43187 16 43257 7 43443 17 43515 5 43698 18 43773 3 43953 20 44030 2 44204 2 44208 2 44212 18 44278 3 44287 1 44362 1 44459 4 44469 5 44475 11 44531 1 44534 4 44543 1 44618 1 44715 2 44725 4 44732 10 44787 9 44798 2 44864 1 44874 1 44971 1 44988 8 45043 13 45117 6 45131 5 45244 6 45300 12 45372 11 45387 5 45499 6 45556 12 45628 12 45643 5 45753 3 45812 12 45884 12 45898 6 46068 12 46139 13 46153 7 46323 13 46392 1 46395 13 46409 6 46579 13 46646 26 46835 8 46844 4 46880 3 46901 28 47091 2 47094 3 47100 4 47136 5 47157 29 47193 2 47337 3 47356 4 47392 7 47413 31 47446 5 47592 5 47612 4 47648 8 47669 38 47849 4 47869 3 47904 9 47925 21 47947 16 48105 4 48125 3 48160 9 48180 36 48361 4 48381 3 48416 13 48435 37 48617 4 48637 3 48672 53 48728 1 48875 2 48893 3 48927 58 49149 3 49183 58 49404 4 49438 59 49660 4 49686 1 49694 58 49917 3 49941 3 49950 57 50173 3 50197 3 50206 56 50453 2 50462 4 50467 51 50709 2 50717 58 50973 58 51229 58 51486 57 51745 43 51793 6 52001 42 52050 2 52053 2 52258 20 52279 20 52306 3 52514 20 52535 13 52549 6 52563 2 52769 42 53025 42 53281 35 53537 35 53794 36 54053 35 54310 34 54566 22 54591 8 54823 19 54848 3 55079 3 55083 11 55345 2 56291 1 56547 1 56803 1 59927 3 60183 4 60439 3 60925 3 61182 2 61439 1 61695 1 61951 1 62208 2 62464 3 62720 4 62953 2 62976 5 63232 6 63249 2 63488 6 63503 6 63729 4 63744 8 63758 10 63983 7 64000 8 64017 2 64240 5 64256 9 64485 1 64496 4 64503 3 64511 10 64754 3 64758 17 65011 6 65018 9 65266 14 65521 15
000053,64768 2 65024 3 65033 1 65046 1 65280 4 65286 7 65300 5
000054,0 18 19 169 203 3 218 55 275 170 459 3 474 56 531 170 716 2 730 228 972 2 985 230 1240 231 1495 233 1751 233 2007 61 2069 172 2263 234 2518 235 2774 235 3030 235 3285 236 3541 169 3711 66 3797 169 3967 66 4052 170 4224 65 4292 2 4307 171 4481 70 4562 172 4737 70 4817 173 4994 69 5073 173 5251 68 5328 174 5507 67 5584 175 5764 65 5839 177 6020 65 6094 180 6277 58 6338 5 6347 185 6534 57 6595 252 6851 251 7107 251 7364 250 7623 247 7881 245 8138 244 8400 239 8656 48 8707 188 8914 46 8963 189 9169 7 9181 35 9220 188 9421 9 9438 34 9476 189 9675 12 9694 34 9733 188 9931 12 9950 34 9990 188 10186 13 10207 33 10247 187 10441 14 10463 33 10503 188 10696 16 10720 32 10759 209 10976 32 11015 210 11233 31 11271 210 11490 30 11527 211 11746 30 11783 212 12001 31 12039 214 12254 34 12295 249 12551 249 12807 249 13063 249 13318 250 13573 251 13828 252 14083 253 14337 21680 36019 253 36277 251 36534 250 36791 248 37048 247 37312 238 37570 236 37826 236 38084 233 38341 232 38600 4 38608 219 38865 215 39122 212 39378 211 39596 4 39635 210 39850 6 39891 209 40104 9 40148 208 40360 8 40405 147 40555 57 40615 8 40662 146 40812 16 40830 39 40871 7 40919 144 41068 15 41087 39 41128 5 41182 19 41202 117 41325 13 41343 39 41438 18 41459 116 41581 13 41599 39 41694 18 41716 115 41838 11 41854 41 41949 20 41972 115 42095 9 42110 43 42161 4 42204 139 42353 7 42365 57 42459 140 42610 5 42621 58 42714 141 42868 1 42877 59 42970 142 43133 60 43225 145 43390 61 43481 151 43646 61 43736 153 43902 62 43992 154 44157 64 44248 155 44411 66 44504 155 44666 67 44760 156 44921 69 45016 158 45175 71 45272 231 45528 231 45785 231 46041 232 46297 232 46553 232 46808 234 47064 235 47321 234 47577 235 47834 235 48090 236 48347 235 48603 236 48860 236 49116 237 49372 238 49628 239 49884 239 50140 240 50388 1 50397 240 50641 5 50653 249 50909 249 51165 249 51421 249 51677 251 51933 253 52187 1907 54097 253 54353 251 54608 252 54863 253 55119 176 55296 76 55375 139 55521 28 55552 76 55631 137 55781 23 55808 76 55887 136 56038 22 56064 76 56143 136 56295 20 56320 76 56399 136 56552 19 56576 76 56654 137 56809 18 56832 76 56909 138 57068 15 57088 215 57326 12 57344 215 57584 9 57600 214 57842 6 57856 215 58101 1 58112 215 58368 214 58624 214 58880 213 59136 212 59392 80 59473 130 59648 80 59731 126 59904 80 59986 126 60160 80 60241 126 60416 80 60497 125 60672 80 60753 123 60928 79 61009 115 61184 78 61265 114 61440 201 61696 204 61952 207 62208 127 62338 80 62464 126 62595 80 62720 124 62853 80 62976 123 63109 80 63232 118 63366 80 63488 118 63622 81 63744 117 63879 80 63976 7 63985 5 64000 117 64135 81 64231 16 64256 116 64391 82 64486 17 64512 116 64648 82 64742 17 64768 107 64878 5 64905 82 64997 18 65024 106 65162 81 65252 19 65280 106 65418 82 65508 19
000055,25632 2 25888 2
000056,0 73 96 9 145 184 352 8 402 184 609 7 659 184 865 6 916 183 1122 5 1172 184 1380 1 1427 185 1679 189 1934 191 2189 194 2444 197 2700 198 2954 201 3209 203 3464 205 3719 206 3975 207 4230 208 4486 207 4741 208 4996 209 5251 209 5507 209 5763 207 6019 206 6275 125 6401 79 6531 125 6657 79 6787 125 6913 79 7043 125 7170 78 7299 125 7426 78 7554 126 7682 78 7809 127 7939 78 8065 127 8196 84 8320 128 8452 85 8576 128 8708 87 8832 128 8963 90 9089 127 9218 94 9345 127 9473 100 9601 229 9856 231 10111 233 10367 234 10622 236 10878 238 11134 239 11390 240 11647 240 11903 241 12160 242 12416 245 12672 172 12847 72 12927 129 13058 41 13104 72 13182 130 13316 38 13361 73 13437 131 13573 36 13618 206 13829 35 13875 205 14086 34 14133 203 14343 32 14390 202 14605 25 14648 200 14862 23 14905 199 15120 20 15162 198 15378 16 15419 197 15637 10 15674 198 15930 198 16185 199 16438 202 16692 204 16947 205 17198 210 17452 212 17708 212 17963 213 18219 213 18475 213 18731 213 18987 213 19244 212 19500 212 19756 212 20012 212 20268 212 20524 212 20779 213 21035 213 21291 213 21547 213 21803 213 22059 213 22314 214 22569 215 22824 216 23080 216 23336 216 23592 216 23848 216 24104 216 24360 216 24616 216 24872 216 25127 217 25382 218 25637 219 25893 219 26149 219 26405 219 26661 219 26917 219 27174 218 27430 218 27686 218 27942 218 28198 218 28454 218 28710 218 28966 218 29222 218 29479 217 29735 217 29991 217 30247 217 30504 216 30760 216 31017 215 31273 215 31529 215 31786 214 32041 215 32295 217 32548 220 32802 222 33058 222 33314 222 33569 223 33826 222 34082 222 34339 221 34595 221 34851 221 35106 222 35361 223 35616 224 35871 225 36123 229 36359 4 36377 231 36614 6 36632 232 36869 7 36888 232 37123 10 37144 246 37400 246 37656 247 37912 16 37929 231 38168 16 38186 231 38424 16 38441 233 38680 250 38936 250 39192 250 39448 249 39704 232 39939 13 39959 233 40196 12 40215 233 40453 11 40470 234 40709 12 40726 234 40965 12 40981 235 41222 12 41237 235 41478 250 41735 249 41991 249 42247 249 42503 249 42758 250 43012 252 43267 22269
000057, 
000058,0 65536
000059,0 65536
000060, 
000061,0 134 146 5 256 134 399 15 512 133 653 19 768 133 908 21 1024 133 1164 22 1280 131 1421 21 1536 130 1678 20 1792 128 1936 17 2048 128 2193 16 2304 130 2435 4 2452 12 2560 137 2710 10 2816 138 2968 8 3072 139 3225 7 3328 4 3334 134 3483 4 3584 1 3592 133 3849 134 4106 134 4362 135 4619 136 4875 138 5131 139 5387 141 5642 154 5898 118 6020 34 6114 3 6153 118 6277 33 6370 4 6409 116 6533 34 6627 3 6665 114 6790 34 6912 3 6921 115 7046 35 7168 4 7177 115 7303 35 7424 5 7433 115 7560 35 7680 6 7688 116 7818 34 7936 124 8079 30 8192 40 8235 81 8336 29 8448 40 8493 78 8593 29 8704 40 8751 73 8850 28 8960 40 9009 70 9109 26 9216 40 9270 65 9365 27 9472 40 9527 65 9622 26 9728 41 9783 65 9878 26 9984 42 10039 65 10135 26 10240 42 10290 3 10295 66 10392 25 10496 44 10544 6 10552 65 10648 26 10752 24 10779 28 10809 64 10905 25 10964 4 11008 23 11035 95 11162 24 11219 7 11264 22 11291 95 11420 22 11475 8 11520 22 11547 95 11677 21 11732 8 11776 22 11802 96 11934 20 11955 4 11988 8 12032 11 12046 6 12058 96 12190 26 12235 5 12244 9 12288 11 12313 96 12446 26 12487 11 12500 10 12544 11 12566 100 12702 26 12739 28 12800 11 12821 101 12959 25 12994 29 13056 12 13076 102 13215 20 13249 31 13312 15 13330 104 13472 19 13505 31 13568 122 13729 17 13760 32 13824 122 13986 16 14016 32 14080 121 14242 16 14272 32 14336 120 14498 17 14528 31 14592 120 14753 18 14784 32 14848 119 15008 20 15040 32 15104 118 15261 23 15296 33 15360 70 15432 46 15516 25 15552 33 15616 71 15689 45 15772 25 15808 34 15872 28 15901 43 15947 43 16027 26 16064 34 16128 28 16158 88 16283 26 16321 33 16384 28 16415 87 16539 26 16577 33 16640 28 16671 87 16796 25 16833 32 16896 29 16928 85 17054 22 17089 31 17152 29 17185 84 17312 19 17345 30 17408 29 17442 83 17569 17 17602 28 17664 118 17830 12 17858 28 17920 118 18088 5 18114 19 18137 5 18176 120 18371 12 18393 5 18432 121 18627 12 18649 5 18688 122 18883 12 18905 5 18944 123 19139 11 19163 3 19200 124 19396 10 19456 124 19652 10 19712 125 19909 9 19968 126 20096 1 20168 5 20224 125 20351 4 20480 124 20606 5 20736 123 20863 4 20992 62 21058 46 21110 3 21120 3 21248 63 21315 46 21504 63 21573 45 21760 63 21829 46 22016 63 22086 46 22272 64 22341 47 22528 116 22784 115 23040 75 23119 36 23296 76 23377 34 23552 13 23568 60 23636 30 23808 12 23826 58 23892 30 24064 12 24082 57 24149 29 24320 6 24328 2 24339 56 24405 29 24576 4 24596 52 24662 28 24832 3 24853 51 24918 6 24925 20 25110 49 25176 1 25186 15 25366 49 25445 11 25622 16 25643 28 25706 6 25878 16 25899 27 26134 15 26155 27 26389 17 26411 26 26645 17 26668 25 26902 17 26924 26 27136 7 27158 17 27180 27 27392 9 27415 16 27437 27 27648 10 27672 15 27693 33 27904 11 27929 14 27950 34 28160 12 28188 11 28207 35 28416 14 28445 9 28465 34 28672 15 28702 7 28722 34 28928 17 28958 6 28979 34 29184 19 29215 4 29236 33 29440 20 29472 2 29491 34 29696 22 29746 35 29952 22 30002 35 30208 23 30258 36 30464 24 30513 37 30720 25 30769 37 30976 25 31025 37 31232 26 31281 38 31488 26 31538 36 31744 26 31794 35 32000 26 32051 27 32256 26 32307 26 32512 25 32563 27 32768 25 32819 27 33024 24 33075 27 33280 24 33331 26 33536 24 33580 1 33587 26 33792 23 33836 1 33843 25 34048 23 34099 25 34304 22 34355 24 34560 21 34611 24 34693 8 34816 20 34867 24 34948 11 35072 19 35123 24 35204 12 35328 20 35379 24 35435 12 35460 12 35584 20 35636 23 35689 16 35716 13 35840 21 35893 21 35944 19 35972 14 35989 2 36096 21 36123 1 36150 20 36200 20 36229 13 36244 5 36352 21 36378 3 36407 19 36456 22 36485 21 36608 22 36635 2 36663 11 36675 7 36712 25 36742 21 36864 22 36891 2 36900 4 36920 8 36932 5 36968 26 36999 21 37122 20 37156 5 37178 3 37190 1 37224 26 37257 19 37379 19 37412 6 37481 26 37517 15 37635 19 37668 7 37737 27 37774 14 37893 17 37924 7 37993 27 38030 13 38150 16 38180 7 38250 27 38286 13 38406 16 38437 7 38506 27 38542 9 38659 2 38662 16 38691 9 38762 28 38797 9 38913 21 38946 9 39018 27 39053 10 39065 3 39169 21 39201 10 39274 28 39307 23 39424 22 39457 10 39531 57 39680 22 39713 9 39787 58 39936 21 39969 9 40044 57 40192 21 40226 7 40300 57 40449 19 40557 55 40707 14 40813 35 40849 19 40966 10 41069 43 41113 11 41222 9 41325 43 41370 10 41479 7 41581 43 41627 9 41735 7 41837 21 41863 16 41884 7 41992 6 42094 19 42120 15 42142 4 42248 5 42351 17 42377 13 42504 5 42611 13 42634 11 42752 4 42761 2 42872 7 42890 6 43008 5 43132 2 43149 3 43264 6 43520 6 43776 7 44032 7 44288 7 44544 7 44800 7 45056 7 45312 8 45568 8 45824 9 46080 10 46336 10 46592 10 46848 10 47104 9 47360 9 47616 8 47872 8 48128 9 48384 10 48640 11 48896 12 49152 12 49408 13 49664 13 49920 13 50176 13 50432 13 50688 13 50944 13 51200 13 51456 13 51712 12 51968 12 52224 12 52480 12 52736 12 52992 12 53248 11 53504 11 53760 11 54016 11 54272 10 54528 10 54784 8 55040 7 55296 6 55552 5 55809 2
000062, 
000063, 
000064,0 65536
000065, 
000066, 
000067,0 31 113 2 121 167 368 5 377 167 623 179 879 180 1135 183 1391 140 1532 44 1647 138 1789 45 1904 137 2048 43 2160 136 2304 43 2417 134 2560 44 2673 133 2816 45 2930 130 3072 45 3186 129 3328 46 3441 129 3584 46 3696 130 3840 47 3952 130 4096 48 4207 131 4352 48 4463 130 4608 48 4719 129 4864 48 4975 126 5120 48 5231 122 5376 49 5487 121 5632 49 5743 121 5888 49 5999 122 6144 49 6254 123 6400 49 6502 6 6509 125 6656 49 6757 133 6912 49 7013 134 7168 48 7269 134 7424 47 7526 133 7680 46 7783 132 7936 46 8039 132 8192 45 8295 132 8449 19 8472 20 8551 132 8706 16 8731 15 8807 101 8910 30 8964 12 8988 11 9062 101 9167 29 9222 5 9235 5 9244 11 9318 101 9424 28 9479 4 9490 21 9574 100 9681 27 9736 3 9746 11 9758 9 9830 99 9940 24 9992 3 10001 12 10015 7 10036 2 10086 95 10198 22 10257 12 10273 5 10291 4 10342 94 10455 21 10512 13 10545 7 10599 92 10712 19 10768 13 10800 8 10855 91 10968 18 11024 13 11051 13 11112 89 11225 16 11280 13 11305 15 11369 86 11483 13 11537 13 11560 16 11626 84 11741 10 11793 13 11815 17 11883 12 11898 68 12001 2 12049 13 12071 17 12139 13 12155 66 12304 15 12327 17 12396 12 12413 22 12438 40 12559 18 12582 18 12652 12 12670 18 12695 39 12815 19 12837 18 12909 11 12926 16 12957 33 13072 39 13166 10 13184 12 13215 31 13328 39 13422 10 13442 8 13473 29 13584 39 13679 8 13700 4 13731 10 13742 16 13840 39 13936 7 13992 3 14001 12 14097 38 14194 3 14259 11 14353 38 14516 10 14609 38 14774 7 14848 3 14864 40 15034 2 15104 3 15120 40 15360 4 15376 40 15616 5 15632 39 15872 7 15887 39 16128 9 16143 37 16384 10 16399 37 16640 11 16657 34 16896 11 16913 34 17152 11 17170 33 17408 12 17427 31 17664 12 17685 29 17920 12 17943 26 18176 12 18201 24 18432 11 18458 22 18688 12 18715 21 18944 13 18972 19 19200 14 19230 16 19456 15 19489 8 19712 15 19968 16 20224 16 20480 16 20736 16 20992 16 21248 16 21504 17 21760 17 22016 17 22272 18 22528 18 22784 19 23040 20 23296 20 23552 21 23808 21 24064 22 24320 22 24576 22 24832 22 25088 23 25344 22 25600 22 25856 21 26112 21 26368 21 26603 1 26624 20 26858 3 26880 20 27115 1 27136 18 27392 17 27648 16 27904 16 28160 16 28416 16 28672 16 28928 16 29184 16 29440 16 29696 16 29952 15 30208 15 30464 15 30720 15 30976 16 31232 17 31488 17 31744 17 32000 15 32256 14 32512 14 32768 14 33024 15 33280 15 33536 16 33792 17 34048 18 34304 19 34560 20 34816 21 35072 22 35298 3 35328 22 35553 4 35584 22 35809 5 35840 23 36065 5 36096 23 36319 7 36352 24 36574 9 36608 24 36633 2 36829 11 36864 29 37084 13 37120 29 37339 15 37376 29 37594 17 37632 29 37849 19 37888 28 38105 21 38144 28 38361 24 38400 28 38617 25 38656 29 38873 25 38912 31 39129 25 39168 31 39385 25 39424 32 39641 25 39680 32 39897 24 39936 32 40152 25 40192 32 40408 25 40448 32 40665 23 40704 31 40921 23 40960 27 41177 23 41216 27 41434 22 41472 27 41690 22 41728 27 41946 22 41984 28 42203 21 42240 28 42459 21 42496 28 42715 21 42752 28 42971 21 43008 28 43228 20 43264 28 43484 19 43520 29 43741 18 43776 29 43997 18 44032 30 44254 17 44288 31 44510 17 44544 31 44767 18 44800 32 45023 20 45056 32 45280 20 45312 32 45537 19 45568 33 45794 18 45824 34 46051 17 46080 20 46101 14 46308 16 46336 18 46358 15 46564 16 46592 17 46614 15 46820 14 46848 16 46871 15 47076 13 47104 14 47127 15 47332 12 47360 12 47383 16 47588 12 47616 10 47641 14 47845 10 47872 4 47878 2 47900 10 48102 8 48128 4 48160 6 48384 3 48640 3 48896 3 49152 3 49408 3 49664 4 49920 4 50176 5 50432 5 50688 6 50944 6 51200 6 51456 6 51712 6 51968 6 52224 5 52480 3 53664 4 53912 3 53919 8 54167 5 54174 10 54423 18 54679 20 54702 2 54934 29 55189 36 55446 37 55702 37 55958 38 56214 38 56470 38 56727 38 56984 37 57241 36 57497 37 57754 37 58010 38 58266 39 58522 40 58778 40 59034 40 59291 40 59548 40 59804 6 59812 34 60070 33 60328 2 60333 27 60590 26 60623 4 60846 26 60876 8 61102 26 61131 9 61359 25 61386 11 61615 25 61642 11 61872 23 61898 12 62128 23 62154 12 62386 21 62411 11 62643 20 62667 10 62901 17 62924 6 63158 15 63415 14 63495 3 63670 15 63750 5 63926 14 64007 4 64182 14 64263 4 64430 5 64437 15 64684 24 64940 25 65195 26 65451 27
000068,0 80 144 11 256 77 404 7 512 75 661 5 768 75 1024 76 1280 78 1536 78 1792 83 2048 83 2304 81 2560 79 2704 5 2816 78 2958 9 3072 78 3214 11 3328 78 3470 12 3584 78 3726 12 3840 77 3982 13 4096 77 4238 14 4352 77 4494 14 4608 76 4751 14 4864 74 5010 11 5120 72 5268 8 5376 71 5529 2 5632 70 5888 69 6144 67 6400 66 6656 64 6912 62 7168 62 7424 62 7680 61 7936 59 8192 57 8448 55 8704 55 8960 54 9216 54 9472 53 9728 52 9984 51 10123 2 10240 50 10378 4 10496 49 10634 5 10752 48 10891 5 11008 46 11147 6 11264 45 11403 7 11520 42 11659 7 11776 39 11915 7 12032 38 12172 4 12181 2 12288 37 12436 4 12544 36 12692 5 12800 35 12948 5 13056 32 13205 4 13312 31 13568 30 13824 28 14080 26 14336 25 14592 20 14848 19 15104 19 15360 19 15616 18 15872 17 16128 6 16141 1 16384 4 16640 4 16896 3 17152 1 18024 3 18280 3 18535 4 23260 5 23509 13 23763 15 24018 17 24273 18 24529 19 24784 21 25040 22 25295 24 25550 25 25805 26 26061 26 26317 25 26573 25 26829 25 27085 25 27341 25 27597 25 27853 25 28109 25 28365 26 28404 9 28621 26 28651 21 28876 52 29132 52 29389 16 29413 27 29645 15 29669 27 29902 13 29926 26 30158 13 30181 27 30414 14 30437 27 30670 14 30692 28 30927 13 30947 29 31183 13 31203 29 31441 11 31458 30 31698 11 31714 30 31960 5 31970 30 32216 6 32226 30 32472 6 32481 31 32727 7 32736 32 32983 7 32992 32 33239 41 33495 41 33752 41 34008 42 34264 42 34518 6 34525 38 34772 9 34782 37 35028 9 35040 35 35283 48 35539 48 35794 49 36051 47 36307 25 36335 18 36564 23 36592 16 36820 22 36848 11 36860 4 37075 22 37104 9 37116 4 37331 22 37359 11 37372 4 37587 21 37614 13 37628 4 37844 22 37868 20 38105 39 38363 37 38621 35 38860 2 38877 35 39115 4 39133 35 39372 2 39388 36 39641 39 39897 39 40153 39 40409 39 40665 39 40921 39 41176 40 41432 40 41689 39 41945 39 42201 12 42216 22 42458 11 42475 18 42716 9 42734 14 42973 8 42990 12 43231 5 43247 10 43488 4 43504 8 43744 3 43761 8 44017 8 44273 9 44529 10 44785 9 45040 10 45296 8 45552 7 45808 7 46063 7 46318 8 46574 8 46830 7 47086 5
000069,155 14 252 4 412 11 509 3 670 4 764 4 930 2 1020 4 1187 1 1276 4 1511 1 1532 4 1766 3 1788 4 2022 4 2044 4 2277 6 2299 5 2532 7 2554 6 2788 8 2809 7 3045 7 3065 7 3301 7 3321 7 3556 9 3576 8 3812 9 3832 8 4068 9 4089 7 4323 10 4345 7 4576 12 4601 7 4832 12 4858 6 5062 5 5088 12 5115 5 5317 8 5343 13 5371 5 5573 9 5599 14 5628 4 5828 10 5854 15 5884 4 6061 9 6084 10 6109 17 6139 5 6316 12 6340 10 6359 1 6365 17 6394 6 6571 13 6596 11 6612 6 6621 16 6649 7 6827 14 6852 11 6867 26 6905 7 7082 15 7105 13 7122 27 7161 7 7337 17 7360 14 7378 27 7418 6 7592 17 7616 13 7633 30 7674 6 7848 16 7872 13 7889 32 7931 5 8104 16 8129 11 8145 33 8188 4 8360 15 8385 10 8401 33 8446 2 8616 15 8643 1 8657 34 8702 2 8871 16 8913 35 8958 2 9127 15 9170 35 9213 3 9383 15 9425 37 9467 5 9639 14 9679 39 9721 7 9895 13 9934 41 9976 8 10150 14 10190 50 10406 13 10445 51 10662 13 10701 51 10919 12 10957 51 11177 11 11208 2 11213 51 11435 10 11463 4 11470 50 11691 11 11719 5 11726 50 11947 11 11974 6 11983 49 12202 12 12230 6 12240 48 12458 11 12485 8 12496 48 12712 12 12741 8 12752 48 12968 11 12997 7 13008 48 13223 12 13254 6 13264 48 13479 12 13511 3 13521 47 13736 11 13777 47 13992 10 14033 47 14249 8 14289 47 14506 5 14529 7 14545 47 14782 12 14801 47 15036 15 15057 47 15292 16 15313 47 15547 17 15569 47 15804 16 15825 47 16061 15 16081 47 16318 13 16337 47 16576 9 16592 48 16831 4 16849 34 16886 10 17086 3 17105 28 17134 2 17143 9 17342 2 17362 29 17400 8 17594 5 17620 26 17656 8 17847 9 17876 27 17911 9 18101 11 18133 26 18166 10 18357 11 18390 26 18421 11 18613 11 18646 26 18676 12 18869 11 18898 30 18932 12 19125 10 19153 31 19187 13 19380 10 19409 30 19443 13 19636 9 19665 30 19698 14 19892 9 19921 29 19954 14 20149 8 20178 23 20210 14 20405 8 20434 28 20467 13 20662 7 20690 29 20723 13 20919 4 20946 30 20979 13 21201 33 21236 12 21456 48 21711 49 21968 48 22216 3 22225 1 22238 34 22471 6 22494 34 22726 9 22750 34 22982 9 23005 35 23232 15 23260 15 23278 18 23488 14 23515 16 23542 3 23548 4 23744 14 23771 15 23804 4 24000 13 24027 16 24060 4 24257 11 24283 18 24316 4 24512 12 24541 17 24572 4 24767 12 24804 10 24827 5 25024 2 25059 12 25084 4 25265 4 25314 13 25340 4 25521 5 25568 20 25596 4 25776 6 25824 13 25838 7 25854 2 26033 5 26077 16 26094 10 26111 1 26290 4 26331 31 26548 1 26586 34 26829 6 26841 36 27084 8 27096 37 27339 9 27350 39 27595 50 27850 51 28100 56 28355 57 28611 56 28866 53 29122 53 29379 51 29635 51 29893 49 30152 47 30399 3 30410 47 30655 4 30667 47 30910 5 30924 8 30935 36 31167 3 31180 48 31424 1 31436 49 31692 49 31948 51 32204 52 32460 52 32716 52 32972 52 33227 53 33483 44 33533 3 33739 45 33995 45 34251 46 34507 46 34763 46 35020 45 35277 44 35535 42 35793 40 36055 34 36311 34 36566 35 36822 34 37078 32 37334 31 37590 30 37846 30 38103 27 38359 25 38606 6 38615 12 38860 9 38871 11 39116 21 39371 22 39627 22 39884 21 40141 20 40398 19 40656 7 40664 9 40915 2 40921 7 41178 5 41435 3 42452 1 42707 3 42964 2
000070,14 242 270 242 526 242 782 242 1037 243 1292 244 1546 246 1801 247 2056 248 2311 249 2566 250 2822 250 3078 250 3334 250 3591 249 3847 249 4104 248 4359 249 4614 250 4868 252 5123 253 5377 5119 10498 254 10755 253 11013 251 11270 250 11529 247 11787 245 12044 244 12300 244 12555 245 12811 245 13066 246 13321 247 13577 247 13833 247 14089 247 14344 248 14598 250 14852 252 15108 252 15363 253 15619 253 15876 252 16133 251 16390 250 16646 250 16902 250 17158 250 17413 251 17668 252 17924 252 18179 253 18434 254 18690 254 18946 254 19202 254 19458 8461 27922 11 27937 237 28180 8 28194 234 28437 5 28451 230 28707 229 28964 228 29221 228 29477 229 29734 229 29990 229 30246 230 30502 230 30758 230 31015 229 31271 229 31526 230 31782 229 32037 230 32292 231 32547 231 32803 231 33058 233 33314 233 33570 234 33826 235 34084 1 34087 231 34346 228 34603 228 34842 1 34861 227 35116 228 35372 230 35627 232 35883 233 36138 236 36393 238 36647 242 36902 244 37157 253 37411 28125
000071, 
000072,0 3 12 10 31 54 98 161 269 8 286 55 354 161 525 7 542 55 610 161 782 3 798 55 866 162 1053 57 1122 162 1309 57 1378 162 1564 58 1633 163 1819 59 1889 163 2065 1 2075 43 2121 13 2144 164 2319 4 2330 43 2379 11 2400 164 2574 6 2586 43 2635 10 2656 163 2830 6 2842 43 2891 10 2912 163 3086 7 3098 43 3148 8 3168 160 3343 5 3354 43 3404 8 3424 160 3600 4 3610 36 3647 6 3660 9 3680 160 3867 34 3916 14 3936 160 4124 32 4172 16 4192 160 4381 29 4428 16 4448 160 4638 27 4684 18 4703 161 4896 16 4941 179 5155 11 5198 178 5413 9 5455 177 5670 7 5711 177 5926 7 5967 177 6183 6 6223 177 6439 6 6480 176 6695 6 6736 176 6952 4 6992 176 7249 175 7504 176 7760 176 8016 176 8272 176 8528 176 8784 176 9041 175 9298 174 9555 173 9812 172 10067 173 10321 175 10575 177 10831 19 10851 46 10899 109 11086 20 11108 44 11155 109 11342 20 11366 42 11411 109 11598 20 11622 43 11667 109 11854 10 11865 9 11878 154 12110 21 12133 155 12366 22 12389 155 12623 177 12879 177 13135 177 13391 177 13644 180 13899 11 13911 169 14155 10 14168 168 14411 9 14426 41 14471 121 14667 10 14687 36 14727 121 14924 9 14944 12 14957 22 14983 121 15181 7 15201 34 15238 122 15438 6 15459 33 15493 123 15694 13 15716 156 15949 15 15973 155 16204 18 16237 147 16459 25 16494 146 16716 26 16751 145 16972 26 17008 144 17229 25 17264 144 17486 25 17519 145 17742 25 17774 146 18000 23 18029 147 18250 4 18259 20 18285 147 18500 11 18517 19 18540 148 18755 13 18773 20 18795 149 19010 14 19029 171 19267 13 19285 171 19524 12 19541 171 19782 9 19797 171 20039 7 20054 170 20295 6 20313 167 20551 5 20571 165 20808 4 20827 165 21064 3 21084 164 21340 164 21597 163 21854 162 22111 161 22367 161 22622 162 22878 162 23134 162 23390 162 23646 162 23903 161 24161 159 24418 158 24674 158 24931 157 25188 156 25444 156 25696 2 25703 153 25951 5 25959 153 26207 6 26215 153 26462 162 26718 162 26974 162 27230 162 27486 162 27742 162 27999 161 28255 161 28511 161 28767 161 29012 3 29021 163 29266 174 29520 176 29775 177 30031 177 30286 178 30542 178 30798 178 31053 179 31309 179 31564 180 31820 180 32076 180 32314 1 32332 180 32570 1 32596 172 32826 1 32853 171 33110 170 33366 170 33539 3 33567 2 33622 179 33822 4 33878 180 34078 5 34134 181 34335 5 34357 3 34390 182 34592 5 34613 4 34646 182 34850 4 34869 4 34903 183 35088 4 35107 4 35125 4 35159 8 35170 179 35364 7 35382 3 35426 180 35621 7 35683 180 35878 7 35919 3 35939 181 36134 8 36172 7 36196 10 36208 169 36391 9 36426 10 36454 6 36464 170 36647 9 36682 11 36712 3 36720 170 36904 9 36936 14 36957 2 36976 171 37160 10 37184 23 37212 3 37232 171 37417 9 37440 23 37467 5 37488 171 37672 11 37696 23 37723 5 37744 171 37927 13 37953 21 37979 5 37999 172 38183 14 38209 20 38235 5 38255 172 38438 16 38466 18 38491 5 38511 172 38694 17 38722 17 38747 5 38767 172 38951 18 38979 10 38991 2 39003 5 39023 172 39207 20 39235 10 39260 3 39279 172 39464 20 39491 11 39536 150 39690 16 39721 20 39748 10 39792 149 39947 15 39977 21 40005 9 40049 148 40204 14 40234 20 40263 6 40305 147 40461 13 40490 21 40562 145 40717 13 40747 20 40785 3 40818 142 40974 12 41004 20 41040 5 41074 142 41231 11 41263 17 41295 6 41331 141 41487 11 41519 17 41550 7 41588 140 41745 8 41776 17 41805 9 41844 140 42005 2 42032 17 42060 11 42101 142 42288 17 42316 12 42357 143 42543 19 42571 14 42613 143 42797 26 42827 14 42869 144 43051 46 43125 144 43306 47 43374 3 43381 144 43561 48 43628 153 43810 3 43816 49 43884 152 44065 5 44071 50 44140 152 44319 59 44396 156 44573 63 44644 1 44652 159 44827 67 44899 3 44909 158 45081 71 45153 6 45166 158 45336 79 45426 154 45591 81 45683 154 45847 83 45940 155 46102 86 46196 158 46357 87 46452 249 46708 146 46861 96 46964 144 47117 96 47220 140 47375 94 47476 140 47636 90 47732 140 47893 91 47990 138 48149 92 48248 136 48394 4 48406 92 48505 135 48649 7 48662 94 48760 8 48769 127 48905 12 48918 105 49026 126 49161 117 49283 125 49417 117 49539 125 49672 119 49795 125 49928 119 50051 125 50184 119 50306 126 50439 121 50561 127 50695 249 50951 9 50961 17 50979 221 51208 6 51219 15 51236 220 51464 5 51479 11 51493 219 51734 13 51749 219 51989 235 52242 238 52497 239 52741 7 52750 242 52996 252 53252 252 53508 252 53763 253 54019 253 54275 106 54383 145 54530 107 54640 254 54897 253 55153 253 55409 253 55666 252 55922 252 56178 251 56432 251 56688 31 56721 216 56944 31 56977 211 57199 244 57455 244 57711 244 57967 243 58223 242 58478 242 58733 243 58988 244 59244 246 59500 248 59757 54 59814 192 60013 54 60070 194 60270 53 60327 16 60344 177 60525 72 60600 178 60781 70 60856 224 61082 6 61091 13 61110 10 61124 212 61347 11 61365 9 61380 212 61604 8 61620 7 61636 212 61861 5 61876 6 61892 212 62132 6 62146 215 62388 5 62400 217 62641 8 62652 230 62895 9 62907 233 63150 247 63405 248 63661 248 63916 249 64170 251 64424 253 64679 249 64935 248 65191 248 65447 89
000073,15 241 271 241 527 241 783 241 1039 241 1294 242 1550 242 1806 242 2061 243 2316 244 2571 247 2827 248 3082 250 3338 251 3594 253 3849 2563 6414 253 6672 244 6919 2 6928 243 7185 240 7442 238 7701 235 7958 234 8214 234 8469 235 8725 235 8981 235 9237 235 9492 52 9545 183 9748 51 9803 181 10004 47 10059 181 10261 43 10315 181 10518 42 10570 182 10775 39 10825 183 11031 40 11081 183 11287 40 11336 184 11534 3 11542 41 11592 184 11788 51 11848 184 12043 51 12095 5 12103 185 12292 57 12351 6 12359 185 12546 58 12607 7 12615 185 12802 56 12863 193 13058 56 13119 193 13314 56 13375 193 13570 57 13631 193 13826 57 13887 193 14082 57 14144 192 14339 56 14400 192 14595 56 14657 191 14852 6 14860 46 14913 191 15109 4 15117 44 15169 191 15366 3 15374 42 15426 190 15630 42 15683 189 15885 43 15939 189 16141 43 16196 188 16397 43 16452 188 16653 42 16707 189 16908 43 16963 189 17161 24 17186 20 17219 189 17415 24 17444 14 17475 189 17671 24 17701 13 17731 189 17926 25 17958 13 17988 188 18181 26 18215 12 18245 187 18437 27 18472 11 18502 186 18692 28 18730 8 18759 185 18948 28 19016 184 19204 29 19274 182 19459 32 19531 181 19715 35 19787 181 19971 36 20015 4 20043 181 20227 36 20269 8 20298 182 20482 37 20524 10 20553 183 20738 38 20780 11 20809 183 20994 38 21036 12 21065 183 21250 39 21293 13 21322 182 21507 38 21549 14 21578 182 21764 38 21805 15 21834 182 22020 38 22060 16 22090 182 22277 37 22316 16 22346 182 22533 38 22572 16 22603 181 22789 54 22858 182 23045 53 23114 182 23301 52 23370 182 23556 27 23587 22 23625 183 23813 25 23844 20 23881 183 24069 25 24101 12 24128 5 24137 183 24325 22 24358 10 24377 199 24582 20 24617 7 24633 199 24838 20 24875 2 24888 200 25094 19 25144 200 25350 18 25400 200 25607 14 25656 80 25739 117 25863 8 25912 80 25996 116 26119 7 26169 80 26253 115 26377 3 26425 80 26509 115 26682 79 26765 115 26938 78 27022 114 27195 77 27279 113 27451 77 27535 113 27707 77 27792 9 27806 98 27962 78 28048 8 28064 96 28216 81 28305 6 28321 95 28471 82 28562 5 28577 95 28693 1 28726 84 28820 2 28834 94 28981 87 29090 94 29237 88 29347 93 29494 88 29604 92 29750 88 29849 7 29860 92 30006 89 30105 8 30116 92 30262 89 30361 8 30372 92 30517 90 30619 5 30629 91 30770 93 30886 90 31026 93 31141 91 31282 93 31397 91 31538 93 31651 93 31796 90 31906 94 32052 90 32162 94 32308 90 32418 94 32564 90 32674 94 32820 90 32930 94 33075 91 33186 94 33331 91 33441 95 33587 91 33697 95 33842 92 33953 95 34098 92 34210 94 34353 93 34467 93 34609 93 34724 92 34865 93 34980 92 35121 93 35237 91 35377 93 35494 90 35634 92 35750 90 35890 92 36005 91 36146 92 36261 91 36403 92 36516 92 36660 90 36772 92 36918 88 37029 91 37174 88 37285 91 37431 86 37541 91 37688 85 37797 91 37945 83 38053 91 38201 83 38309 91 38458 81 38565 91 38714 8 38723 71 38820 92 38970 7 38981 69 39076 92 39227 5 39237 68 39333 91 39483 4 39493 13 39519 42 39589 8 39600 80 39749 13 39776 40 39846 7 39856 80 40005 12 40032 40 40102 7 40113 79 40261 12 40288 39 40358 8 40369 79 40517 11 40545 37 40614 9 40626 78 40773 10 40801 37 40871 8 40882 78 41030 7 41059 34 41128 7 41137 79 41316 32 41385 7 41393 79 41572 31 41642 6 41650 78 41828 30 41899 5 41907 77 42083 30 42155 5 42163 77 42339 29 42412 4 42420 76 42595 29 42668 4 42677 75 42851 29 42925 3 42933 75 43107 29 43189 75 43363 28 43445 75 43620 26 43700 76 43876 25 43953 79 44133 17 44152 2 44205 83 44389 16 44461 83 44646 14 44715 85 44903 13 44966 90 45161 11 45222 90 45419 8 45477 91 45676 6 45734 90 45934 2 45990 90 46246 90 46502 90 46758 90 47015 89 47261 4 47271 89 47516 6 47528 88 47771 9 47784 88 48027 10 48041 87 48282 13 48298 86 48538 14 48554 86 48794 15 48810 86 49050 102 49306 102 49561 103 49817 103 50072 104 50327 105 50583 105 50837 107 51092 32 51126 74 51347 31 51383 73 51603 30 51640 72 51858 30 51896 72 52114 30 52152 72 52370 31 52408 72 52626 32 52664 72 52745 2 52808 3 52882 32 52920 72 52997 8 53062 6 53138 32 53176 72 53251 11 53317 7 53394 33 53433 71 53506 13 53571 10 53650 33 53690 85 53824 14 53906 33 53945 87 54073 23 54163 32 54201 87 54327 37 54418 33 54456 89 54582 40 54675 32 54711 90 54836 46 54931 32 54967 90 55091 48 55188 31 55223 90 55346 51 55445 31 55479 90 55601 63 55702 30 55736 88 55857 66 55959 31 55991 89 56112 69 56216 119 56367 72 56472 119 56623 73 56704 7 56729 117 56877 76 56958 12 56986 116 57132 79 57213 15 57244 113 57387 99 57500 112 57641 102 57757 111 57896 105 58014 109 58151 108 58270 109 58407 109 58526 108 58662 112 58782 107 58918 118 59037 107 59174 224 59429 223 59684 223 59940 222 60195 223 60451 223 60707 223 60963 223 61219 223 61476 222 61733 2 61737 216 61994 215 62251 213 62508 212 62764 212 63021 211 63277 211 63532 116 63651 93 63788 115 63908 92 64044 115 64165 91 64300 115 64422 90 64557 115 64678 90 64813 115 64934 90 65070 114 65190 90 65326 114 65446 90
000074,0 65536
000075,930 1 1185 3 1442 2 1697 3 1952 5 2200 14 2452 20 2708 22 2964 24 3220 25 3477 24 3734 24 3991 23 4248 23 4504 23 4760 22 5017 21 5272 21 5525 17 5543 4 5757 6 5779 17 5993 3 6013 7 6034 18 6248 5 6269 8 6289 19 6504 7 6526 8 6540 24 6760 8 6782 9 6794 27 7016 9 7037 41 7272 11 7293 41 7516 5 7528 15 7549 42 7772 7 7785 16 7804 44 8028 7 8042 63 8284 8 8300 62 8542 5 8557 63 8730 7 8813 64 8985 7 9069 65 9242 6 9325 65 9580 66 9834 39 9875 27 10089 39 10132 25 10344 40 10389 23 10600 40 10645 21 10856 40 10901 20 11113 42 11157 19 11370 63 11626 64 11793 5 11883 64 12046 14 12130 75 12284 4 12301 16 12384 81 12538 6 12557 18 12640 83 12793 7 12813 18 12873 4 12896 83 13049 7 13071 17 13127 6 13152 84 13304 8 13328 16 13383 7 13409 83 13560 8 13585 14 13630 2 13639 7 13666 82 13817 7 13843 11 13885 4 13895 6 13922 82 14075 7 14105 4 14140 6 14152 4 14179 82 14332 7 14397 4 14436 81 14560 4 14588 9 14654 3 14693 81 14805 17 14844 10 14936 4 14949 84 15061 18 15100 12 15193 3 15206 86 15316 19 15356 13 15449 3 15463 90 15572 19 15612 14 15720 95 15827 20 15869 3 15873 11 15976 96 16082 21 16126 2 16129 13 16232 96 16338 21 16383 16 16440 1 16487 97 16594 21 16640 15 16671 4 16694 4 16742 96 16851 20 16897 15 16926 12 16949 6 16982 6 16994 86 17082 10 17107 20 17152 24 17181 12 17205 6 17238 24 17264 83 17364 22 17408 41 17461 7 17493 23 17521 80 17622 22 17664 40 17718 6 17751 22 17776 81 17879 23 17920 40 17975 4 18008 22 18031 83 18136 23 18176 43 18264 109 18393 5 18403 13 18432 44 18521 110 18650 2 18660 13 18688 45 18778 110 18916 15 18944 46 19034 4 19043 103 19172 17 19200 45 19300 104 19428 20 19456 44 19557 104 19685 20 19712 43 19814 104 19941 20 19968 42 20071 104 20197 20 20224 41 20329 104 20453 20 20480 36 20586 105 20709 20 20736 34 20819 5 20842 106 20965 21 20992 33 21074 7 21098 72 21173 31 21220 22 21248 34 21330 8 21353 68 21422 2 21429 32 21477 21 21504 35 21585 12 21608 66 21686 8 21697 20 21733 22 21760 36 21823 11 21837 21 21864 65 21944 5 21952 22 21990 20 22016 37 22076 41 22120 63 22208 22 22249 16 22274 35 22331 107 22461 25 22511 10 22531 3 22543 22 22587 106 22716 27 22770 5 22801 20 22829 4 22843 106 22971 29 23023 10 23058 12 23076 14 23099 105 23224 35 23278 14 23298 5 23314 14 23334 14 23356 26 23387 74 23478 39 23531 19 23552 9 23569 15 23590 16 23613 23 23645 72 23734 24 23761 13 23786 55 23846 18 23869 21 23906 68 23989 25 24017 14 24041 57 24102 19 24125 20 24166 65 24245 44 24296 105 24420 74 24499 47 24550 107 24674 24 24700 212 24930 238 25186 237 25444 199 25646 29 25703 196 25903 19 25925 2 25960 195 26161 16 26217 195 26418 14 26474 194 26674 10 26731 158 26892 33 26988 156 27149 5 27155 26 27235 5 27247 152 27417 19 27490 7 27503 153 27685 7 27731 8 27745 11 27759 75 27836 76 27943 4 27987 9 28000 136 28140 30 28228 5 28242 148 28397 31 28479 14 28498 148 28654 33 28733 19 28754 148 28912 48 28987 172 29169 48 29242 175 29426 48 29497 180 29682 49 29752 241 30007 245 30255 5 30262 468 30735 252 30993 250 31250 173 31425 75 31506 66 31573 106 31682 75 31761 65 31829 106 31940 143 32085 106 32198 231 32434 12 32455 45 32502 182 32695 5 32711 45 32758 181 32968 43 33015 180 33225 42 33272 179 33483 40 33529 4 33534 172 33740 40 33785 4 33792 170 33996 40 34041 5 34048 171 34242 2 34253 40 34296 7 34304 171 34497 3 34511 38 34552 7 34560 171 34753 4 34768 38 34808 179 35009 5 35025 37 35065 178 35263 8 35281 36 35322 178 35518 10 35537 36 35579 178 35773 13 35793 36 35835 179 36028 17 36048 21 36071 14 36092 178 36283 42 36328 14 36349 2 36352 175 36537 43 36586 12 36608 176 36792 44 36843 11 36864 176 37046 45 37099 11 37120 179 37301 47 37355 11 37376 228 37611 11 37632 206 37841 2 37846 15 37867 11 37888 206 38102 15 38124 10 38144 115 38261 90 38358 15 38400 114 38518 89 38613 16 38656 113 38774 89 38869 16 38912 113 39031 87 39125 16 39168 114 39287 87 39381 16 39424 116 39541 88 39638 16 39680 204 39894 16 39936 203 40150 16 40192 203 40407 15 40437 1 40448 203 40663 15 40692 4 40704 204 40920 14 40948 5 40960 205 41176 13 41205 5 41216 206 41433 11 41461 5 41472 206 41691 8 41718 4 41728 206 41976 2 41984 205 42240 205 42496 204 42752 205 43008 205 43264 206 43520 207 43776 208 43991 1 44032 218 44257 1 44288 220 44510 8 44544 232 44800 232 45056 232 45312 232 45568 231 45824 230 46080 225 46336 223 46592 86 46682 132 46848 87 46939 129 47104 90 47195 128 47360 218 47616 216 47872 214 48102 4 48128 214 48356 8 48384 213 48611 9 48640 213 48866 11 48896 214 49121 13 49152 221 49375 16 49408 240 49664 240 49920 240 50176 240 50432 239 50688 238 50944 237 51197 239 51451 240 51707 242 51963 242 52218 245 52474 246 52730 247 52984 8330 61315 255 61571 226 61799 255 62055 3481
000076, 
000077,132 16 389 15 646 15 903 15 1153 5 1159 15 1407 23 1662 24 1917 24 2172 25 2428 24 2683 25 2938 24 3193 24 3448 25 3703 25 3958 26 4214 25 4469 26 4725 26 4981 26 5237 26 5493 26 5748 27 6002 29 6257 32 6512 36 6768 38 7025 38 7281 38 7537 39 7793 40 7838 2 8049 40 8095 1 8306 40 8562 42 8819 42 9075 42 9332 42 9589 40 9845 40 10101 40 10357 40 10613 37 10751 1 10869 34 11005 3 11125 32 11255 9 11381 31 11509 11 11637 30 11764 12 11894 28 12019 13 12151 27 12274 14 12408 7 12419 15 12529 15 12666 3 12675 16 12784 16 12930 17 13040 16 13178 25 13296 16 13407 5 13433 26 13551 17 13661 7 13688 27 13808 16 13917 7 13944 27 14064 16 14173 7 14198 28 14319 17 14429 7 14452 30 14575 17 14685 8 14707 29 14831 17 14942 7 14963 28 15086 18 15198 7 15219 26 15342 18 15454 8 15476 25 15597 19 15711 7 15732 25 15852 20 15967 7 15988 25 16107 21 16223 7 16244 25 16361 23 16479 6 16500 25 16614 26 16736 5 16757 24 16867 29 16993 3 17013 24 17121 31 17236 1 17268 24 17377 31 17490 4 17521 24 17632 32 17746 5 17776 24 17888 32 18002 5 18032 24 18144 32 18258 5 18288 23 18398 34 18514 5 18544 21 18653 35 18771 4 18801 17 18908 36 19027 4 19057 15 19163 37 19313 14 19419 37 19569 12 19675 37 19825 11 19931 37 20081 10 20187 37 20338 7 20443 37 20596 3 20699 37 20955 37 21212 36 21468 36 21724 36 21980 36 22236 36 22492 36 22748 36 23004 36 23260 36 23516 36 23772 36 24028 36 24275 1 24284 46 24496 4 24530 6 24541 47 24750 7 24785 9 24797 47 25006 9 25041 10 25054 46 25262 12 25297 10 25313 44 25519 13 25554 10 25572 41 25777 12 25810 11 25831 38 26033 13 26066 11 26089 35 26289 17 26310 5 26320 13 26346 18 26368 12 26545 45 26603 14 26624 11 26800 48 26860 8 26880 11 27055 51 27119 1 27136 11 27309 54 27392 12 27564 54 27648 13 27818 56 27904 15 28073 56 28136 2 28160 16 28327 55 28392 2 28416 17 28580 58 28648 4 28672 17 28834 61 28904 4 28928 17 29090 61 29153 4 29160 4 29184 16 29345 62 29409 5 29417 3 29440 15 29601 62 29666 4 29698 7 29856 63 29922 4 29956 4 30112 65 30178 2 30367 67 30624 67 30880 68 31136 68 31392 61 31454 5 31648 59 31904 59 32160 58 32415 46 32462 12 32671 45 32720 9 32926 46 32977 8 33182 45 33234 6 33438 46 33492 2 33694 46 33950 46 34205 47 34461 47 34716 48 34965 2 34971 49 35221 54 35477 54 35733 54 35990 52 36246 52 36502 49 36758 48 37014 47 37270 47 37352 5 37525 48 37607 6 37780 50 37834 6 37863 7 38034 69 38118 8 38137 5 38289 70 38374 8 38392 6 38544 71 38631 8 38648 6 38799 71 38887 8 38904 6 39054 72 39143 7 39161 4 39309 73 39399 7 39418 2 39564 73 39656 6 39819 74 39912 6 40074 74 40170 2 40330 74 40586 76 40842 77 41098 77 41354 77 41610 77 41866 77 42119 80 42372 82 42626 84 42881 84 43136 84 43391 84 43646 85 43902 84 44158 84 44415 83 44671 82 44927 82 45183 81 45438 80 45694 79 45950 78 46206 37 46259 24 46462 33 46518 20 46719 29 46775 16 46976 27 47034 11 47233 25 47294 4 47491 21 47748 18 48005 17 48261 16 48518 15 48774 14 49031 12 50859 6 51113 9 51368 10 51624 10 51880 8 52136 7 52392 7 52648 7 52903 9 53158 10 53357 5 53414 11 53612 7 53670 11 53753 2 53868 8 53926 12 54004 9 54124 8 54183 11 54258 12 54380 7 54439 11 54514 12 54636 7 54695 10 54770 12 54894 3 54952 6 55026 13 55209 3 55283 12 55381 11 55413 3 55439 4 55540 12 55636 14 55668 5 55680 1 55695 5 55796 12 55891 15 55923 7 55933 7 55944 2 55951 8 56053 11 56146 17 56179 26 56207 9 56310 10 56401 23 56433 29 56464 9 56566 10 56656 26 56688 31 56722 7 56823 9 56912 27 56943 31 56978 7 57080 8 57167 29 57197 33 57234 7 57337 7 57424 28 57453 44 57680 74 57936 76 58192 77 58447 79 58703 79 58958 80 59213 81 59468 82 59723 83 59980 82 60236 82 60499 75 60757 45 60803 27 61013 44 61059 26 61269 44 61317 23 61526 43 61573 22 61783 10 61796 29 61830 19 62044 3 62051 30 62086 18 62307 31 62343 14 62564 30 62599 10 62820 30 62856 8 63077 29 63113 6 63333 29 63370 2 63590 28 63848 26 64105 24 64363 7 64376 7 64620 7 64634 3 64880 3
000078,0 65536
000079,50 18 307 17 563 17 820 16 1076 16 1334 13 1591 11 1843 13 2099 5 2105 5 2355 6 2610 7 2867 7 3123 7 3379 8 3635 8 3892 6 4149 5 4405 4 4662 1 5121 3 5132 1 5137 5 5376 6 5385 14 5632 24 5888 25 5924 2 6144 25 6179 3 6400 26 6656 26 6912 26 7168 27 7424 30 7681 30 7938 29 8194 29 8450 29 8706 30 8962 30 9218 30 9475 29 9731 29 9989 27 10246 25 10275 3 10502 25 10529 7 10757 25 10785 8 11013 25 11041 8 11269 26 11297 8 11526 35 11782 35 12039 32 12295 31 12551 30 12808 29 13066 27 13323 26 13580 25 13836 25 14092 25 14348 16 14365 7 14605 13 14625 2 14862 10 15118 8 15375 6 15634 1 20737 4 20992 6 21248 7 21504 8 21760 8 22016 8 22272 8 22528 8 22784 16 23040 18 23296 20 23552 21 23808 22 24064 22 24320 23 24576 24 24832 7 24840 16 25088 4 25097 15 25344 4 25353 15 25600 4 25610 14 25856 3 25866 12 26112 3 26122 9 26368 3 26379 8 26624 4 26635 7 26880 4 26890 8 27136 4 27145 9 27392 5 27400 10 27436 4 27648 5 27656 11 27686 10 27904 5 27911 13 27941 11 28160 4 28167 13 28196 12 28416 4 28423 13 28451 13 28672 3 28679 13 28706 14 28928 1 28935 13 28962 14 29191 13 29218 15 29444 15 29475 14 29699 16 29734 11 29953 18 29991 10 30208 20 30249 8 30464 20 30505 8 30720 20 30761 8 30976 25 31018 7 31232 27 31275 5 31488 28 31531 5 31744 28 31790 1 32000 28 32256 28 32513 27 32686 5 32770 25 32940 8 33027 24 33193 12 33283 23 33446 16 33539 21 33700 19 33795 20 33955 21 34051 19 34210 22 34307 19 34466 23 34562 19 34721 24 34818 19 34977 24 35074 18 35233 24 35331 14 35488 25 35587 12 35744 25 35844 8 36000 26 36102 5 36256 26 36512 26 36769 25 37026 25 37282 25 37539 24 37795 24 38051 24 38307 24 38563 24 38819 24 39075 24 39331 24 39587 24 39843 23 40099 23 40355 24 40611 24 40867 24 41124 23 41381 23 41638 22 41895 21 42153 18 42410 9 42424 2 42668 6 42924 6 43181 4 54698 3 54953 4 55209 4
000080, 
000081,0 65536
000082,16 29 273 27 529 27 785 26 1042 25 1299 24 1555 25 1811 28 2068 28 2325 28 2583 27 2843 23 3101 10 3112 11 3359 6 3370 9 3583 1 3627 8 3837 3 3885 5 4092 4 4347 5 4592 7 4602 6 4662 5 4847 17 4917 7 5103 17 5166 15 5359 17 5421 17 5615 17 5671 3 5677 18 5872 16 5925 26 6128 16 6180 28 6359 5 6384 16 6434 30 6614 8 6641 15 6689 31 6870 8 6897 15 6945 31 7126 9 7148 20 7200 32 7383 8 7402 22 7456 32 7640 7 7656 24 7712 32 7897 7 7910 26 7968 32 8153 8 8165 27 8224 32 8409 39 8480 32 8664 40 8736 32 8919 41 8992 31 9175 41 9249 29 9430 42 9505 21 9529 4 9686 42 9762 20 9854 4 9942 42 10019 18 10108 11 10198 42 10276 16 10363 15 10454 42 10534 14 10618 20 10710 42 10795 8 10855 4 10872 23 10966 42 11051 8 11110 7 11127 25 11223 41 11308 7 11365 9 11383 25 11480 40 11565 5 11620 11 11638 27 11737 39 11822 3 11875 13 11894 27 11994 38 12130 14 12150 28 12251 37 12386 14 12406 28 12508 36 12620 2 12642 16 12662 28 12765 35 12874 6 12897 18 12918 28 13026 30 13129 8 13153 49 13282 30 13385 9 13409 49 13538 30 13641 9 13665 49 13795 29 13897 9 13921 49 14051 29 14153 10 14176 51 14308 28 14373 6 14409 11 14430 53 14564 28 14626 11 14665 12 14686 53 14821 27 14880 15 14922 14 14941 54 15078 26 15131 22 15179 71 15333 27 15385 27 15439 66 15589 27 15640 30 15696 65 15845 27 15895 32 15953 64 16100 28 16151 33 16209 64 16356 28 16406 35 16466 63 16612 28 16662 36 16724 61 16868 28 16918 37 16984 56 17124 28 17174 38 17241 55 17380 28 17430 38 17497 55 17636 28 17686 38 17754 54 17892 28 17942 38 18012 52 18148 28 18197 39 18269 51 18404 28 18452 41 18531 45 18661 27 18708 41 18787 45 18917 27 18964 41 19043 44 19174 26 19219 43 19300 30 19335 7 19425 31 19474 44 19550 2 19557 24 19681 31 19729 45 19804 5 19813 21 19936 32 19984 47 20060 6 20069 18 20192 32 20240 48 20316 6 20326 16 20448 32 20496 49 20572 6 20582 16 20703 33 20751 51 20828 5 20839 14 20959 33 21006 53 21084 5 21095 14 21214 34 21262 53 21340 5 21347 19 21470 34 21517 54 21596 4 21601 21 21726 34 21774 53 21854 24 21980 36 22030 52 22112 23 22235 37 22286 55 22368 24 22490 38 22542 57 22624 24 22745 39 22798 59 22879 25 23001 39 23054 60 23135 25 23257 39 23311 60 23391 26 23513 39 23568 60 23647 26 23769 39 23824 61 23903 26 24026 38 24081 61 24159 26 24282 38 24336 63 24415 27 24539 37 24592 63 24671 27 24795 37 24848 64 24928 26 25052 36 25104 64 25184 26 25308 36 25360 64 25440 26 25564 36 25616 65 25696 26 25821 35 25872 66 25952 27 26078 34 26128 33 26165 29 26209 27 26335 33 26384 33 26422 28 26465 27 26592 32 26641 31 26684 23 26721 27 26849 31 26897 33 26941 22 26977 28 27105 31 27154 33 27198 22 27234 28 27362 30 27411 33 27453 23 27491 27 27618 30 27667 34 27708 24 27749 25 27874 30 27923 36 27963 25 28007 23 28131 29 28180 36 28218 25 28264 22 28388 28 28436 63 28521 22 28645 27 28692 62 28778 21 28903 25 28948 62 29035 20 29161 23 29205 60 29292 18 29420 20 29461 59 29549 17 29676 20 29717 58 29807 14 29932 20 29973 58 30065 12 30189 19 30229 57 30323 10 30446 18 30486 56 30580 8 30703 17 30743 51 30837 7 30960 16 31000 46 31094 5 31217 15 31257 43 31351 2 31474 14 31514 41 31731 13 31772 38 31988 12 32029 37 32246 10 32285 36 32541 27 32569 7 32796 28 32827 2 33051 29 33307 29 33563 29 33819 29 34076 28 34333 28 34589 28 34846 27 35103 26 35359 26 35616 25 35873 22 36129 20 36386 17 36643 11 36655 3 36900 9 37157 7 37413 7 37670 5 37928 2 55934 4 56189 6 56445 6 56703 3 58455 3 58472 6 58708 8 58727 8 58744 4 58963 9 58982 12 59000 6 59218 11 59237 15 59256 6 59474 11 59491 18 59511 8 59730 36 59767 9 59986 46 60242 47 60495 51 60675 6 60747 57 60929 9 61002 60 61184 11 61257 61 61440 11 61513 63 61696 12 61769 63 61952 12 62022 67 62208 12 62276 69 62464 13 62531 71 62720 14 62787 71 62976 15 63041 73 63232 15 63296 74 63488 15 63551 75 63744 15 63798 84 64000 15 64052 85 64256 13 64308 85 64515 9 64563 87 64775 2 64819 87 65075 88 65331 88
000083,0 65536
000084, 
000085, 
000086, 
000087,0 2523 2527 251 2785 248 3042 247 3298 247 3554 246 3809 246 4064 246 4319 245 4575 244 4830 168 5004 70 5086 150 5242 6 5261 69 5342 148 5520 2 5525 61 5597 149 5782 60 5853 147 6040 57 6109 147 6297 56 6364 147 6553 56 6619 146 6810 55 6873 147 7066 55 7128 145 7322 55 7384 145 7578 56 7641 143 7833 57 7897 143 8089 57 8154 143 8344 58 8411 165 8596 62 8667 169 8850 64 8922 173 9105 64 9177 176 9357 68 9431 250 9685 245 9932 253 10188 242 10438 247 10694 247 10950 247 11204 248 11458 250 11712 251 11967 51 12029 189 12222 51 12285 189 12477 50 12541 188 12733 47 12798 186 12988 46 13054 184 13244 43 13311 182 13500 42 13568 180 13757 40 13824 180 14013 36 14080 180 14270 32 14336 179 14527 29 14591 154 14748 23 14784 23 14844 155 15005 21 15040 22 15092 163 15260 22 15296 22 15347 163 15516 22 15551 23 15601 164 15772 22 15807 23 15850 146 15999 13 16018 2 16028 23 16063 22 16105 147 16257 6 16284 23 16319 20 16360 147 16540 22 16576 16 16614 148 16798 20 16833 13 16869 149 17055 4 17062 11 17096 5 17124 150 17319 9 17354 1 17380 150 17576 6 17635 150 17890 151 18146 151 18401 153 18657 153 18913 153 19169 153 19425 154 19682 153 19844 4 19851 5 19858 1 19938 154 20099 17 20194 154 20354 20 20451 154 20609 22 20707 155 20865 22 20964 156 21121 22 21220 154 21378 21 21477 151 21636 18 21706 4 21734 148 21895 15 21920 6 21959 7 21990 146 22152 14 22175 9 22212 10 22247 145 22408 12 22429 12 22467 11 22504 145 22665 5 22683 14 22722 12 22762 143 22935 19 22977 12 23017 133 23151 10 23190 21 23232 13 23272 134 23409 7 23445 23 23488 13 23526 134 23666 5 23699 26 23743 13 23781 133 23953 28 23999 16 24016 5 24028 125 24161 7 24205 32 24254 26 24282 126 24418 8 24460 33 24509 155 24676 6 24715 34 24764 155 24932 7 24948 5 24971 34 25019 156 25187 9 25203 7 25227 35 25274 156 25443 10 25455 12 25484 34 25530 155 25698 26 25745 29 25786 154 25954 26 26002 28 26041 155 26209 28 26258 28 26296 158 26466 27 26514 28 26552 161 26722 27 26770 27 26808 163 26978 28 27026 27 27064 164 27233 29 27283 25 27320 166 27489 30 27539 24 27576 168 27745 31 27795 23 27832 167 28001 31 28051 22 28083 172 28257 23 28281 8 28307 21 28338 172 28513 21 28537 9 28556 3 28563 20 28594 171 28770 18 28793 24 28820 19 28849 172 29027 9 29050 23 29077 18 29104 172 29283 9 29306 23 29334 16 29360 172 29540 7 29562 23 29591 15 29616 171 29819 22 29848 13 29871 171 30075 21 30111 4 30127 170 30331 21 30383 170 30588 19 30639 170 30844 19 30894 170 31101 18 31149 170 31356 19 31404 170 31611 21 31659 170 31865 25 31913 172 32119 28 32168 173 32374 31 32422 175 32627 34 32676 177 32879 39 32930 179 33131 42 33183 182 33378 51 33437 185 33625 4 33633 52 33691 251 33946 31590
000088,0 4 11 2 23 15 58 84 144 1 159 11 188 13 213 47 266 5 279 15 314 83 415 11 444 13 470 46 521 6 535 14 570 84 656 2 671 10 695 1 700 13 725 47 776 8 791 13 826 26 853 63 927 9 943 12 957 12 980 48 1032 8 1048 11 1082 25 1109 64 1183 9 1198 27 1236 49 1287 9 1300 3 1306 1 1323 2 1339 25 1365 65 1439 9 1454 27 1492 68 1579 2 1596 2 1601 86 1694 43 1748 69 1858 85 1950 43 2005 68 2115 83 2206 42 2260 70 2371 82 2462 41 2515 79 2627 23 2651 57 2718 38 2769 81 2883 23 2907 56 2974 38 3026 81 3139 79 3231 37 3282 80 3396 78 3487 36 3538 80 3652 78 3743 36 3794 80 3906 81 3995 39 4050 79 4162 126 4306 79 4418 126 4561 80 4673 127 4816 81 4929 128 5073 80 5185 128 5329 42 5372 35 5441 128 5585 41 5631 31 5696 130 5841 40 5888 29 5953 129 6097 39 6144 29 6209 131 6353 40 6400 29 6465 132 6608 42 6656 28 6691 2 6722 131 6864 43 6912 27 6947 2 6978 131 7120 43 7168 26 7202 4 7235 129 7377 43 7424 27 7456 7 7491 130 7634 42 7680 28 7709 10 7748 129 7891 41 7936 39 8004 31 8038 96 8148 84 8260 31 8295 96 8404 84 8516 30 8551 96 8660 84 8772 30 8807 97 8915 86 9029 28 9061 99 9166 93 9287 27 9315 101 9421 95 9544 128 9678 94 9801 127 9935 94 10056 127 10192 93 10312 127 10449 92 10568 128 10704 93 10824 128 10960 93 11080 130 11216 92 11337 227 11575 2 11592 228 11829 6 11848 228 12084 8 12105 227 12340 8 12361 227 12595 9 12618 225 12851 9 12874 6 12883 216 13107 9 13131 223 13364 8 13388 223 13621 7 13647 220 13878 6 13903 222 14135 4 14159 230 14391 2 14415 234 14671 233 14916 4 14928 233 15171 8 15185 232 15425 11 15442 230 15678 15 15697 231 15932 18 15953 231 16186 22 16209 7 16217 253 16473 253 16730 252 16987 251 17243 250 17500 246 17756 246 18012 247 18269 9 18279 236 18526 8 18535 236 18782 6 18791 236 19037 6 19048 236 19293 6 19304 239 19549 5 19560 250 19816 250 20072 251 20327 7584 27913 253 28171 111 28284 138 28428 110 28540 138 28685 249 28941 249 29197 249 29451 251 29705 253 29960 1140 31103 139 31243 112 31359 139 31500 110 31614 140 31757 108 31869 140 32013 108 32124 140 32269 107 32380 140 32526 106 32636 141 32785 104 32893 252 33150 251 33409 248 33666 248 33922 253 34178 4265 38445 253 38701 253 38957 253 39213 252 39469 252 39726 250 39982 251 40238 251 40495 251 40751 98 40851 151 41008 96 41107 152 41265 95 41363 152 41521 94 41619 152 41778 93 41872 138 42012 15 42035 231 42268 15 42292 230 42524 14 42549 228 42780 14 42805 227 43036 14 43062 202 43265 23 43293 12 43320 200 43521 23 43550 9 43578 198 43777 22 43808 5 43835 197 44034 21 44090 198 44290 21 44345 199 44547 20 44601 199 44804 19 44856 200 45062 18 45111 201 45319 17 45354 6 45366 202 45575 18 45609 8 45621 203 45831 18 45865 10 45877 203 46088 18 46120 216 46344 18 46376 216 46600 18 46632 216 46857 17 46887 217 47114 15 47142 218 47373 11 47397 219 47634 1 47652 220 47909 219 48166 122 48289 95 48423 120 48546 94 48655 4 48679 114 48803 93 48908 8 48936 112 49060 81 49142 10 49162 11 49192 112 49317 78 49399 9 49418 12 49448 112 49574 76 49655 9 49674 13 49692 6 49705 111 49831 89 49930 27 49961 108 50087 89 50186 140 50344 88 50443 139 50600 16 50619 69 50699 140 50850 22 50875 69 50956 140 51105 23 51131 69 51213 140 51360 24 51386 70 51470 140 51616 21 51641 71 51720 3 51726 141 51872 20 51897 71 51975 6 51982 142 52127 20 52154 70 52231 171 52410 70 52487 171 52665 71 52743 16 52763 229 52999 15 53021 227 53256 3 53263 6 53279 225 53512 2 53520 5 53536 224 53793 223 54050 128 54181 91 54307 106 54416 18 54437 91 54564 101 54673 9 54684 6 54692 92 54821 100 54930 10 54942 2 54947 93 55077 100 55186 10 55201 10 55212 84 55333 103 55442 110 55589 105 55697 111 55845 219 56101 219 56356 220 56612 220 56866 222 57116 149 57266 78 57369 101 57473 127 57624 102 57730 126 57879 158 58039 73 58135 157 58296 72 58391 157 58552 72 58647 157 58808 72 58903 8 58913 147 59063 73 59159 7 59170 145 59318 74 59416 6 59425 223 59673 5 59681 223 59930 4 59938 222 60188 1 60194 222 60451 221 60709 2 60713 215 60969 23 60993 191 61225 22 61249 191 61480 23 61507 189 61717 2 61736 23 61764 188 61972 4 61993 23 62019 189 62228 4 62249 24 62275 52 62338 127 62484 4 62505 79 62594 132 62741 3 62762 78 62849 134 63018 79 63106 133 63271 59 63334 20 63362 133 63525 59 63592 18 63619 131 63781 56 63849 18 63875 131 64036 56 64106 17 64132 129 64292 56 64363 17 64388 129 64549 56 64620 16 64645 127 64805 32 64842 23 64876 17 64902 126 65062 30 65104 19 65132 18 65158 125 65319 29 65366 13 65387 19 65415 121
000089,234 22 491 21 747 21 1003 21 1259 21 1282 5 1378 2 1516 34 1633 6 1772 35 1862 3 1887 10 2028 17 2048 16 2116 6 2138 17 2284 17 2304 17 2370 9 2392 20 2540 19 2560 17 2608 5 2626 11 2648 20 2797 18 2816 17 2864 8 2881 15 2904 21 3054 17 3072 18 3119 11 3135 18 3160 22 3311 16 3328 21 3375 36 3416 25 3568 15 3584 25 3631 37 3671 27 3825 13 3840 26 3887 67 4083 11 4096 26 4143 67 4341 8 4352 26 4398 68 4482 1 4598 8 4608 26 4654 68 4736 5 4855 7 4864 26 4909 69 4992 6 5001 7 5111 7 5120 26 5165 69 5248 17 5367 6 5376 29 5421 69 5504 18 5623 6 5632 30 5677 69 5761 19 5880 5 5888 31 5933 69 6018 20 6136 5 6144 32 6189 70 6275 21 6393 4 6400 32 6445 71 6531 21 6650 4 6656 33 6701 71 6787 22 6908 3 6912 32 6957 72 7043 22 7165 2 7168 32 7212 73 7299 22 7424 32 7467 74 7555 21 7680 32 7723 74 7812 20 7936 32 7978 74 8069 18 8165 5 8192 32 8233 75 8325 17 8420 8 8448 31 8489 73 8581 15 8676 9 8704 31 8745 72 8837 13 8933 8 8960 31 9001 71 9092 12 9188 9 9216 31 9257 69 9346 11 9444 8 9472 31 9514 68 9601 11 9700 8 9728 31 9770 35 9809 28 9857 10 9956 8 9984 31 10027 4 10034 28 10066 26 10104 18 10211 9 10240 31 10283 2 10291 27 10322 26 10359 18 10466 10 10496 31 10537 4 10547 27 10578 25 10615 18 10722 10 10752 30 10792 5 10804 27 10835 17 10854 4 10871 18 10978 10 11008 29 11048 6 11060 27 11091 16 11128 13 11142 1 11234 10 11264 20 11289 2 11295 4 11303 7 11317 26 11347 16 11384 11 11491 8 11518 8 11550 6 11560 5 11573 26 11603 15 11642 9 11748 6 11773 8 11806 6 11816 5 11830 24 11859 15 11900 6 12029 7 12061 8 12073 4 12086 24 12115 13 12158 1 12285 7 12317 9 12329 4 12342 23 12371 11 12541 7 12573 15 12599 21 12626 10 12797 6 12829 15 12855 21 12882 8 13054 5 13085 15 13112 19 13138 7 13310 3 13341 15 13368 18 13394 6 13566 2 13598 14 13623 18 13651 4 13822 2 13861 6 13878 18 13907 4 14078 2 14120 1 14134 17 14164 3 14333 3 14390 17 14589 3 14647 14 14845 3 14905 11 15101 3 15165 4 15357 3 15561 5 15614 2 15816 7 15871 1 16071 8 16327 9 16451 5 16583 10 16705 8 16839 12 16960 10 17096 14 17214 12 17353 14 17469 13 17611 13 17722 17 17869 12 17977 18 18126 12 18232 19 18383 13 18487 19 18624 5 18640 12 18743 19 18872 16 18897 11 18998 20 19127 18 19156 8 19254 20 19383 19 19414 5 19511 19 19639 19 19673 1 19768 18 19895 19 20027 15 20152 18 20284 14 20408 18 20541 13 20665 16 20798 12 20923 3 20931 5 21056 10 21314 7 21573 4 22453 4 22470 2 22708 23 22962 25 23216 28 23471 29 23726 17 23746 10 23982 17 24002 9 24238 17 24258 8 24494 27 24750 27 25006 27 25263 27 25519 28 25768 4 25777 27 26023 7 26035 26 26278 9 26293 26 26534 11 26549 27 26790 12 26805 28 27045 45 27301 46 27391 1 27412 4 27557 46 27646 2 27667 6 27813 46 27901 3 27922 8 28069 46 28158 2 28178 8 28325 46 28414 2 28434 8 28581 46 28671 1 28689 9 28837 46 28946 8 29092 47 29202 7 29346 49 29461 3 29601 51 29695 1 29857 51 29950 2 30112 52 30206 2 30367 54 30462 2 30622 54 30719 1 30878 54 31133 54 31389 50 31645 46 31901 44 32158 43 32414 43 32642 9 32671 43 32896 17 32927 44 33151 20 33184 43 33407 22 33440 43 33663 23 33696 43 33919 24 33952 18 33974 21 34175 25 34208 17 34230 21 34430 27 34465 16 34486 21 34681 33 34721 17 34741 22 34936 35 34977 41 35192 36 35234 33 35270 4 35447 38 35491 32 35703 38 35748 30 35958 39 36004 29 36213 40 36261 27 36468 41 36518 25 36723 42 36774 25 36975 45 37031 23 37232 44 37288 21 37491 40 37544 21 37747 40 37800 20 38003 40 38057 15 38259 39 38314 6 38516 38 38773 36 39030 35 39287 33 39545 30 39802 29 40019 7 40059 27 40271 12 40316 26 40525 15 40573 25 40781 16 40830 24 41036 18 41091 20 41292 18 41349 17 41548 20 41606 16 41804 21 41864 14 42059 23 42125 6 42314 24 42569 25 42825 25 43081 25 43337 26 43593 26 43850 24 44107 23 44363 23 44620 21 44876 20 45132 19 45389 17 45645 7 45655 6 45901 6 46158 4 48930 2 49185 6 49197 12 49441 24 49697 24 49952 25 50208 26 50462 28 50716 30 50972 31 51227 32 51483 32 51739 32 51992 36 52242 44 52495 48 52749 51 53005 51 53261 52 53517 52 53773 53 54030 53 54286 55 54542 56 54798 56 55054 56 55311 55 55567 55 55739 5 55808 4 55824 55 55994 7 56064 7 56082 53 56250 9 56320 14 56342 49 56506 13 56576 15 56605 43 56762 15 56832 15 56861 43 57018 17 57088 16 57117 42 57275 17 57344 16 57373 42 57532 16 57600 16 57629 42 57788 16 57856 17 57885 42 58045 15 58112 17 58141 42 58302 13 58368 17 58397 42 58559 11 58624 17 58652 43 58817 5 58880 17 58908 43 59136 18 59164 43 59392 18 59420 43 59648 18 59675 45 59904 18 59931 45 60160 18 60187 46 60364 3 60416 18 60443 47 60620 6 60672 17 60699 48 60875 10 60928 17 60955 49 61132 11 61184 17 61212 48 61388 11 61440 16 61468 48 61545 12 61643 13 61696 16 61724 48 61800 15 61898 15 61952 15 61980 48 62055 17 62152 19 62208 14 62235 49 62311 18 62407 22 62464 13 62492 48 62567 19 62663 24 62721 12 62748 48 62822 20 62918 26 62978 10 63005 47 63079 20 63174 27 63235 8 63262 46 63335 21 63429 29 63491 7 63519 45 63591 21 63686 29 63748 5 63776 44 63847 21 63942 29 64006 2 64032 45 64102 23 64198 29 64289 44 64358 23 64454 29 64546 43 64613 27 64684 4 64710 29 64802 44 64868 31 64938 8 64966 29 65059 43 65124 32 65194 8 65222 28 65315 43 65381 31 65449 9 65479 26
000090, 
000091, 
000092, 
000093,0 203 209 250 465 250 720 284 1010 136 1149 110 1266 135 1407 108 1522 135 1664 107 1777 135 1920 84 2006 21 2033 135 2177 83 2262 20 2289 15 2306 118 2434 83 2520 10 2545 15 2563 116 2692 81 2777 9 2802 14 2821 114 2950 78 3035 7 3058 14 3078 112 3207 76 3292 6 3315 13 3336 108 3465 74 3572 12 3596 103 3722 73 3829 11 3853 101 3979 72 4085 11 4110 100 4237 71 4342 10 4368 99 4493 73 4597 11 4625 99 4750 73 4852 12 4882 99 5007 74 5107 13 5138 99 5264 73 5363 13 5394 100 5520 74 5619 13 5651 100 5777 73 5875 13 5908 101 6033 73 6131 13 6165 102 6289 73 6386 14 6422 102 6546 56 6604 15 6640 16 6681 4 6689 92 6802 56 6861 15 6895 17 6948 91 7058 55 7117 16 7140 4 7150 18 7205 92 7314 55 7373 18 7394 10 7406 18 7462 94 7569 56 7629 51 7718 96 7823 57 7885 51 7974 98 8076 60 8141 51 8230 162 8397 51 8485 163 8653 46 8700 4 8740 164 8910 42 8959 1 8996 164 9166 26 9197 5 9252 164 9424 23 9455 1 9507 166 9680 22 9763 166 9936 9 9950 7 10019 167 10193 8 10207 5 10232 4 10275 17 10294 148 10450 6 10487 6 10531 8 10543 4 10552 146 10708 2 10743 8 10788 5 10823 7 10836 1 10840 114 10999 9 11079 6 11098 111 11254 10 11336 4 11354 111 11506 14 11610 111 11729 1 11761 15 11866 111 11984 4 12017 15 12112 2 12121 113 12241 3 12274 14 12365 125 12497 3 12531 13 12620 127 12787 13 12876 127 13039 17 13132 127 13284 28 13389 10 13404 111 13516 6 13540 28 13647 2 13662 122 13793 31 13919 122 14047 33 14176 122 14303 33 14432 123 14559 33 14689 123 14814 34 14947 157 15205 155 15462 154 15718 154 15974 154 16230 154 16485 122 16608 32 16734 128 16864 32 16989 129 17120 32 17244 131 17376 32 17500 164 17755 165 18011 165 18266 166 18522 166 18777 167 19028 172 19284 172 19540 172 19796 172 20053 171 20310 170 20566 170 20823 169 21079 169 21336 168 21593 167 21849 167 22106 166 22362 166 22619 165 22876 164 23133 163 23389 163 23646 162 23902 162 24159 161 24415 161 24672 160 24928 160 25184 160 25440 160 25696 160 25951 161 26207 161 26465 159 26724 156 26981 155 27180 8 27238 154 27436 10 27494 154 27692 12 27751 153 27948 14 28008 152 28205 14 28267 149 28462 13 28524 148 28720 11 28781 147 28979 6 29037 147 29294 146 29550 146 29806 146 30062 146 30319 145 30575 145 30831 145 31086 146 31340 148 31595 149 31851 149 32107 149 32364 148 32620 148 32877 147 33134 146 33391 145 33648 144 33904 144 34161 143 34418 28 34448 112 34676 12 34690 20 34712 104 34934 8 34948 18 34968 104 35191 6 35206 122 35448 4 35463 121 35718 122 35973 123 36226 126 36480 128 36736 128 36993 127 37250 126 37508 124 37766 122 38023 121 38279 121 38534 122 38790 5 38806 106 39047 3 39064 104 39320 104 39576 104 39717 4 39832 104 39971 8 40087 105 40226 10 40343 105 40481 12 40599 105 40737 12 40855 105 40993 13 41112 104 41249 13 41368 104 41504 14 41626 102 41761 12 41882 102 42017 12 42139 101 42274 9 42395 101 42531 6 42651 101 42789 2 42907 101 43164 100 43420 100 43677 99 43934 98 44192 96 44450 5 44456 88 44714 86 44970 86 45226 86 45483 85 45739 85 45996 84 46192 2 46252 84 46447 5 46509 8 46520 72 46703 6 46766 5 46777 71 46959 7 47023 3 47034 25 47062 42 47215 7 47290 24 47320 40 47460 6 47472 6 47547 23 47576 40 47715 8 47729 4 47806 21 47832 40 47970 9 48063 65 48226 10 48319 65 48483 9 48576 26 48605 35 48740 8 48832 26 48862 34 48997 7 49088 25 49118 34 49255 5 49344 26 49375 33 49515 8 49601 25 49632 32 49771 9 49856 26 49889 31 50027 10 50111 27 50146 30 50282 18 50367 28 50402 30 50537 20 50623 28 50658 30 50792 22 50854 2 50880 27 50914 30 51047 23 51109 5 51136 27 51170 30 51303 23 51364 7 51393 25 51426 30 51559 23 51620 7 51650 24 51682 30 51814 24 51875 9 51906 23 51939 29 52070 24 52131 10 52162 22 52200 24 52326 24 52387 11 52418 21 52457 23 52581 25 52650 4 52674 21 52713 23 52836 26 52930 20 52969 23 53091 27 53186 19 53226 22 53346 26 53442 18 53482 22 53602 23 53698 17 53738 22 53859 21 53955 15 53994 22 54115 20 54212 13 54250 22 54372 8 54388 3 54469 12 54507 21 54629 4 54728 10 54763 21 54986 8 55020 20 55243 8 55276 20 55499 8 55532 20 55755 8 55788 20 56011 11 56045 19 56268 13 56301 19 56525 13 56553 4 56558 18 56782 13 56808 5 56815 17 57041 9 57064 5 57072 16 57298 8 57320 5 57328 16 57547 1 57554 8 57576 4 57585 15 57802 4 57810 8 57842 14 58058 5 58067 6 58098 14 58314 5 58324 4 58355 13 58570 6 58611 13 58826 7 58867 13 59083 6 59123 13 59339 6 59380 12 59596 6 59636 12 59852 6 59893 11 60109 4 60150 10 60367 1 60407 9 60664 8 60921 4 61176 5 61432 5 61687 6 61943 6 62199 6 62455 7 62712 5 62968 5 63225 7 63484 4 63740 4 63996 4 64252 4 64508 4 64765 3 65021 3 65278 2 65535 1
000094, 
000095,0 65536
000096,0 178 214 221 469 223 703 3 724 225 958 6 979 227 1213 15 1233 230 1468 17 1488 232 1723 19 1743 233 1979 253 2235 252 2491 252 2747 252 3003 55646 58654 251 58910 251 59165 253 59419 1792 61212 255 61469 254 61725 3811
000097, 
000098, 
000099,32 6 205 10 226 30 289 5 461 11 485 27 546 3 718 10 743 25 974 10 1000 24 1231 9 1257 23 1487 8 1513 23 1743 8 1769 23 2000 6 2025 23 2138 4 2257 4 2280 24 2393 8 2535 25 2648 10 2791 25 2903 12 3048 24 3159 13 3304 24 3415 13 3431 2 3560 24 3671 13 3685 5 3817 23 3927 13 3941 5 4073 23 4183 19 4331 3 4337 15 4436 17 4456 1 4594 14 4691 17 4850 14 4947 17 5107 10 5203 17 5367 4 5459 17 5716 15 5973 13 6229 12 6486 11 6742 10 6999 8 7256 6 7513 4 10656 4 10910 7 11096 5 11165 10 11351 7 11420 12 11606 8 11675 14 11862 9 11930 15 12118 9 12187 15 12374 9 12443 15 12631 8 12699 15 12887 7 12955 15 13145 4 13211 14 13402 1 13468 13 13724 11 13981 9 14238 8 14495 6 14752 5 15010 2 21530 1 21784 4 22039 6 22294 8 22550 8 22805 9 23061 9 23150 1 23316 10 23405 5 23415 6 23572 10 23660 18 23827 15 23916 18 24082 19 24156 3 24174 16 24336 22 24409 9 24435 11 24591 23 24663 11 24691 11 24847 24 24915 15 24948 9 25103 24 25170 16 25205 8 25359 25 25425 17 25462 6 25615 26 25680 18 25719 5 25872 26 25936 17 25975 6 26128 27 26191 17 26232 5 26385 27 26448 9 26487 7 26641 27 26704 8 26743 7 26897 27 26960 6 26999 7 27154 26 27217 4 27255 7 27410 26 27511 7 27667 24 27768 6 27923 24 28025 4 28179 23 28282 2 28436 22 28692 22 28948 22 29205 21 29461 20 29718 19 29975 17 30232 15 30489 14 30746 12 31003 11 31261 8 31518 6 31776 2 36307 8 36562 18 36648 6 36815 22 36904 7 37068 26 37159 9 37324 26 37415 9 37579 28 37670 10 37835 28 37924 12 38090 29 38176 16 38340 35 38430 18 38595 36 38685 19 38851 36 38941 18 39107 36 39197 17 39223 5 39362 12 39377 22 39453 15 39478 8 39618 13 39634 21 39710 12 39733 9 39874 14 39891 20 39967 10 39989 10 40130 15 40151 16 40226 6 40245 11 40386 16 40408 15 40500 12 40642 16 40664 15 40755 13 40898 16 40920 15 41009 15 41155 14 41177 14 41264 15 41412 9 41433 12 41520 14 41668 8 41690 10 41776 14 41925 6 41946 9 42033 11 42203 8 42291 8 42459 7 42548 5 42717 3 43256 3 43511 7 43766 10 44022 10 44277 11 44402 6 44533 11 44658 7 44789 11 44914 8 45045 11 45153 8 45170 9 45184 4 45301 11 45409 11 45427 19 45557 11 45664 13 45684 20 45812 12 45919 15 45941 19 46068 12 46174 16 46197 20 46324 12 46429 19 46453 21 46580 12 46684 22 46709 21 46836 12 46940 47 47092 12 47195 48 47348 12 47451 49 47604 12 47707 48 47860 12 47963 48 48117 11 48219 48 48373 11 48476 47 48630 10 48732 48 48886 10 48989 48 49142 10 49245 50 49398 10 49502 50 49655 9 49759 50 49911 9 50016 50 50168 8 50272 50 50529 49 50785 49 51041 49 51296 50 51551 51 51807 52 52063 52 52319 54 52575 57 52832 58 53089 59 53346 59 53542 8 53603 59 53798 21 53859 60 54053 24 54116 60 54309 27 54346 1 54375 57 54565 29 54600 5 54632 57 54821 31 54855 7 54889 56 55076 42 55146 56 55256 2 55332 43 55402 56 55512 3 55587 45 55659 56 55767 4 55843 45 55915 5 55922 49 56024 3 56099 45 56172 1 56179 48 56280 3 56355 45 56435 48 56611 44 56692 47 56868 42 56949 46 57124 40 57205 46 57380 43 57462 46 57637 43 57719 46 57893 44 57976 45 58150 44 58233 45 58406 45 58491 44 58662 47 58748 45 58918 48 59005 46 59122 2 59175 47 59262 47 59376 6 59432 47 59518 49 59632 7 59690 46 59775 49 59887 9 59947 45 60031 49 60142 10 60205 43 60287 49 60398 11 60462 42 60543 50 60652 13 60719 41 60799 50 60906 16 60976 39 61055 50 61160 17 61233 37 61310 51 61415 18 61489 36 61566 51 61670 20 61746 35 61822 50 61925 21 62002 34 62079 49 62180 22 62258 33 62335 48 62435 24 62516 30 62592 46 62691 24 62778 21 62848 7 62859 33 62948 23 63036 9 63047 4 63106 4 63116 31 63204 23 63293 6 63373 29 63462 21 63484 3 63552 1 63630 28 63718 26 63888 26 63975 18 63994 6 64146 23 64233 16 64251 5 64404 14 64492 11 64507 5 64661 12 64750 9 64918 8 65008 5 65174 7 65265 3 65271 5 65432 3 65526 7
104502,0 62993 62996 249 63254 247 63509 247 63765 246 64020 249 64274 1262
106940,0 65536
112782,0 65536
123643,0 65536
126000,0 65536
126135,0 628 633 249 890 247 1146 244 1403 243 1658 243 1913 243 2167 244 2421 246 2676 247 2930 249 3185 248 3441 248 3697 247 3953 247 4208 247 4465 246 4721 245 4979 242 5237 234 5501 225 5757 224 6011 226 6266 227 6523 225 6779 224 7035 224 7291 224 7547 223 7803 222 8059 220 8316 217 8573 216 8829 158 8988 56 9085 157 9246 54 9307 2 9341 156 9503 54 9561 6 9596 156 9759 54 9816 8 9852 155 10015 67 10109 153 10271 68 10365 152 10528 67 10622 151 10784 68 10878 151 11041 40 11088 22 11134 151 11298 13 11315 21 11344 22 11390 151 11555 8 11572 11 11600 23 11646 151 11813 4 11828 11 11855 25 11902 151 12084 11 12110 25 12147 4 12158 139 12300 9 12340 11 12366 25 12402 7 12415 136 12557 7 12596 10 12621 26 12655 152 12813 7 12853 9 12876 27 12910 153 13071 4 13109 8 13131 28 13165 153 13328 1 13367 6 13387 28 13420 153 13642 30 13675 152 13898 30 13931 149 14153 30 14187 149 14409 30 14442 150 14664 184 14919 185 15174 104 15279 81 15430 102 15535 81 15686 99 15790 82 15942 99 16046 82 16200 184 16457 183 16715 181 16971 181 17228 180 17484 180 17667 2 17741 179 17921 5 17997 186 18253 186 18510 185 18769 181 19025 180 19281 180 19537 180 19793 180 20048 181 20305 180 20561 50 20613 127 20817 179 21072 179 21323 184 21579 184 21835 113 21951 68 22091 112 22208 69 22348 109 22467 68 22543 2 22605 106 22723 69 22794 10 22861 105 22980 68 23049 12 23117 104 23237 84 23375 28 23408 69 23493 85 23631 28 23663 70 23749 87 23887 28 23919 69 24004 89 24143 28 24175 69 24259 90 24399 102 24515 55 24571 34 24655 102 24771 52 24829 14 24844 18 24904 110 25028 49 25087 12 25102 17 25159 112 25284 48 25343 12 25361 15 25415 113 25542 43 25600 11 25617 16 25669 115 25799 42 25856 11 25874 21 25923 118 26059 38 26112 10 26130 22 26178 119 26317 36 26368 9 26387 22 26433 119 26573 11 26587 22 26624 8 26643 23 26689 118 26829 10 26843 22 26880 7 26899 24 26944 118 27084 9 27100 20 27136 5 27155 26 27198 119 27339 10 27356 19 27412 27 27453 118 27594 7 27613 10 27669 27 27708 119 27849 8 27870 7 27927 27 27963 120 28104 9 28183 28 28219 119 28360 9 28443 26 28474 122 28616 8 28702 24 28729 124 28862 2 28872 8 28960 151 29115 8 29128 7 29217 152 29370 9 29385 6 29475 161 29731 161 29989 159 30245 159 30501 160 30757 160 31013 162 31231 1 31268 163 31487 1 31522 167 31741 3 31777 168 31997 3 32033 172 32243 4 32249 7 32289 34 32324 138 32497 15 32545 174 32751 17 32802 173 33007 17 33059 8 33073 159 33261 19 33315 8 33329 159 33515 21 33573 5 33585 159 33771 21 33829 5 33841 158 34027 21 34085 170 34282 22 34341 169 34537 23 34595 170 34771 5 34779 5 34793 23 34851 170 35026 7 35035 8 35048 24 35106 173 35281 8 35291 37 35361 184 35547 37 35614 190 35806 34 35867 193 36064 32 36120 61 36187 102 36294 23 36322 30 36374 61 36444 100 36551 23 36578 30 36627 63 36700 99 36810 7 36821 10 36833 31 36881 64 36956 91 37067 6 37077 43 37135 66 37212 86 37334 42 37390 67 37469 84 37590 42 37645 68 37725 81 37846 42 37900 69 37982 79 38102 42 38157 67 38242 75 38359 6 38368 32 38414 66 38501 72 38625 31 38671 64 38759 71 38881 31 38929 3 38935 56 39015 72 39138 30 39192 54 39274 31 39306 37 39394 30 39448 54 39523 4 39533 27 39564 35 39650 30 39704 53 39779 4 39792 23 39821 13 39837 19 39905 31 39960 53 40034 5 40049 22 40079 10 40093 19 40160 32 40211 56 40290 5 40305 21 40336 7 40352 16 40415 33 40466 57 40546 5 40561 21 40593 4 40610 13 40670 34 40721 56 40803 4 40817 20 40869 10 40925 35 40976 56 41059 4 41072 20 41126 8 41182 34 41231 53 41318 1 41326 11 41439 33 41487 52 41581 10 41695 33 41744 11 41763 31 41833 14 41952 32 42000 11 42020 29 42089 14 42209 31 42257 10 42277 28 42343 16 42421 3 42466 30 42513 9 42534 8 42545 16 42599 17 42677 4 42723 29 42771 6 42791 5 42802 14 42854 18 42932 7 42979 29 43027 5 43058 13 43110 19 43188 7 43236 28 43283 3 43316 11 43366 19 43444 8 43495 25 43537 6 43571 11 43622 19 43700 9 43752 24 43790 9 43826 7 43879 18 43957 10 44009 23 44046 10 44082 6 44135 18 44213 10 44266 22 44289 7 44300 13 44337 6 44391 19 44469 12 44522 32 44555 14 44592 7 44647 19 44725 12 44778 47 44848 7 44903 20 44981 12 45035 46 45104 5 45160 19 45237 12 45291 45 45417 18 45492 14 45517 6 45548 43 45673 18 45748 14 45773 6 45805 40 45931 14 46004 21 46027 8 46063 37 46189 12 46260 21 46282 8 46321 34 46446 11 46516 30 46583 28 46703 9 46772 11 46786 16 46803 2 46840 25 46959 8 47029 10 47043 14 47059 3 47098 21 47216 8 47285 10 47299 14 47355 18 47472 10 47541 10 47557 12 47615 14 47728 12 47797 10 47813 12 47872 11 47983 16 48054 10 48071 8 48128 10 48239 17 48310 10 48329 5 48384 8 48495 17 48566 9 48640 7 48752 16 48823 8 48896 7 49009 15 49081 4 49152 6 49265 14 49337 4 49408 5 49523 7 49608 3 49665 3 49779 5 49862 5 50113 12 50367 16 50389 3 50572 17 50621 30 50679 2 50827 21 50850 7 50877 30 50933 6 51081 45 51129 35 51186 9 51336 84 51442 10 51591 86 51698 11 51847 87 51954 11 52103 87 52211 10 52359 87 52467 9 52615 94 52723 8 52871 95 52980 7 53127 96 53237 4 53382 97 53635 100 53889 102 54136 111 54391 112 54645 114 54783 1 54900 114 55029 3 55038 2 55155 115 55284 5 55292 4 55411 114 55540 12 55666 115 55795 13 55922 115 56051 13 56179 114 56308 12 56435 113 56565 7 56692 113 56826 1 56918 1 56949 112 57082 1 57169 8 57205 84 57293 26 57338 1 57424 9 57462 83 57549 26 57679 11 57718 5 57724 77 57807 24 57835 3 57855 1 57935 12 57974 4 57981 76 58063 24 58088 8 58111 1 58188 15 58205 2 58236 93 58334 8 58344 7 58357 5 58366 2 58441 23 58491 94 58591 4 58600 7 58613 6 58621 3 58696 27 58746 94 58859 4 58868 12 58951 28 59002 94 59115 4 59124 12 59205 30 59258 95 59371 6 59379 12 59461 30 59515 104 59627 18 59717 32 59771 106 59883 16 59973 32 60027 106 60139 16 60229 34 60284 126 60485 34 60541 124 60741 35 60797 124 60996 36 61054 121 61247 42 61311 119 61501 44 61567 118 61755 45 61823 118 62009 47 62080 117 62264 47 62338 118 62519 48 62595 118 62775 48 62852 117 63031 56 63109 116 63287 23 63311 20 63333 12 63365 116 63542 24 63568 33 63621 116 63797 25 63827 30 63877 115 64053 25 64083 30 64133 115 64307 28 64340 29 64387 117 64563 28 64596 29 64642 118 64819 30 64852 29 64898 118 65074 63 65155 118 65330 62 65412 117
136374,0 65536
142027,0 14 29 21 59 4 68 45 120 27 256 13 287 16 325 43 377 25 512 13 543 16 581 42 633 24 768 13 804 10 837 34 890 23 1024 14 1061 9 1093 33 1146 23 1280 16 1317 9 1349 32 1403 22 1536 18 1573 8 1605 32 1659 22 1792 20 1860 33 1917 20 2048 21 2115 33 2174 19 2304 21 2361 42 2431 19 2560 21 2616 43 2688 19 2772 1 2816 22 2871 44 2947 16 3026 5 3072 23 3127 43 3205 14 3281 6 3328 23 3383 42 3463 12 3537 7 3584 23 3638 43 3719 12 3793 8 3840 24 3894 40 3976 11 4049 8 4096 24 4150 37 4232 11 4305 8 4352 25 4406 37 4489 9 4561 8 4608 25 4663 36 4746 8 4817 8 4864 24 4919 36 5004 4 5074 7 5120 23 5175 36 5233 4 5330 7 5376 21 5431 36 5475 2 5487 6 5587 6 5632 20 5687 36 5731 4 5743 6 5844 4 5888 19 5944 35 5985 6 5999 6 6144 19 6201 34 6241 7 6255 6 6400 19 6455 36 6497 7 6513 1 6656 19 6709 38 6752 8 6912 19 6965 38 7008 9 7168 17 7221 38 7265 8 7424 11 7476 39 7521 10 7680 11 7732 39 7777 12 7936 11 7987 40 8034 12 8192 11 8242 41 8290 12 8448 11 8495 43 8546 13 8681 2 8704 11 8751 42 8803 12 8932 9 8960 10 9005 43 9059 12 9184 14 9216 9 9261 42 9315 12 9439 16 9472 8 9516 39 9573 10 9693 26 9728 7 9772 39 9829 10 9948 30 9984 6 10027 38 10086 7 10203 42 10281 38 10343 6 10459 40 10535 36 10600 3 10713 40 10790 36 10967 41 11045 35 11223 41 11301 35 11478 42 11557 33 11733 43 11813 32 11989 43 12069 31 12245 43 12325 30 12501 43 12579 32 12755 45 12833 34 13011 45 13087 36 13147 3 13267 45 13343 27 13373 5 13403 4 13523 45 13598 21 13659 4 13769 2 13778 46 13854 19 13915 4 14025 3 14033 47 14109 21 14288 48 14365 21 14392 1 14543 49 14621 22 14647 4 14659 4 14798 50 14866 1 14877 32 14913 6 15054 50 15119 6 15133 43 15309 51 15374 7 15389 43 15565 51 15629 10 15644 45 15821 51 15885 10 15900 45 16077 51 16140 11 16155 49 16333 51 16395 12 16411 51 16589 51 16642 79 16846 50 16897 81 17102 50 17153 82 17359 49 17409 82 17615 132 17871 132 18008 1 18127 140 18383 140 18640 139 18899 136 19155 137 19413 134 19669 134 19925 134 20181 134 20436 135 20577 4 20692 134 20832 7 20947 134 21088 8 21203 133 21343 10 21457 135 21600 9 21713 133 21856 9 21968 118 22087 14 22112 10 22224 117 22343 12 22368 11 22382 1 22479 118 22599 10 22624 11 22637 4 22733 120 22855 10 22879 19 22987 53 23041 67 23111 10 23135 19 23243 53 23297 66 23368 9 23388 23 23498 54 23554 65 23625 10 23643 27 23753 55 23811 35 23847 27 23881 49 24009 55 24068 9 24078 23 24106 24 24138 49 24265 55 24327 2 24336 21 24364 22 24393 50 24521 55 24593 20 24621 21 24649 51 24777 55 24854 15 24878 21 24904 53 25032 56 25114 10 25135 21 25159 54 25288 56 25373 2 25394 75 25544 56 25652 72 25799 57 25909 70 26000 11 26047 65 26165 70 26255 12 26303 65 26383 3 26421 68 26509 16 26557 67 26638 5 26677 67 26764 17 26813 67 26893 6 26933 65 27018 20 27068 68 27149 7 27189 63 27273 22 27323 69 27404 9 27445 62 27528 24 27579 69 27660 9 27699 64 27784 25 27835 69 27916 11 27947 70 28039 28 28090 70 28172 12 28203 69 28295 28 28346 70 28428 13 28458 67 28551 28 28601 71 28685 12 28713 66 28807 28 28857 71 28941 12 28965 3 28969 64 29064 27 29112 72 29197 12 29221 68 29320 27 29363 77 29453 10 29477 68 29575 28 29617 79 29709 10 29733 68 29832 27 29873 79 29965 9 29993 62 30088 27 30127 81 30221 9 30249 52 30303 8 30344 27 30382 82 30477 8 30505 50 30601 27 30636 84 30733 8 30761 50 30857 27 30891 85 30989 7 31018 47 31113 27 31147 85 31246 6 31274 47 31369 27 31403 72 31478 10 31530 44 31626 26 31659 62 31727 1 31735 9 31787 42 31882 27 31915 62 31992 8 32043 41 32139 27 32170 63 32249 7 32299 36 32395 28 32426 63 32505 7 32555 34 32651 12 32667 78 32761 7 32812 33 32908 10 32923 78 33017 7 33068 33 33164 8 33179 78 33274 6 33324 32 33420 9 33435 78 33533 3 33579 30 33673 14 33689 78 33835 28 33929 94 34090 28 34187 91 34346 28 34443 91 34602 27 34696 95 34858 27 34949 98 35114 27 35203 52 35256 47 35370 26 35459 52 35514 45 35627 24 35668 7 35703 1 35715 51 35774 41 35884 23 35923 10 35958 3 35971 51 36031 39 36143 19 36178 13 36214 3 36226 58 36285 40 36400 18 36433 14 36470 3 36482 99 36659 10 36687 17 36738 97 36917 6 36942 18 36994 97 37197 20 37220 9 37250 97 37453 32 37506 97 37709 33 37763 96 37965 34 38019 96 38220 35 38276 62 38339 32 38476 35 38532 48 38581 12 38597 30 38730 37 38788 48 38838 11 38853 28 38985 38 39044 47 39094 10 39110 20 39239 40 39300 47 39351 8 39367 18 39493 42 39557 46 39607 7 39624 16 39747 44 39813 44 39865 4 39883 12 39917 3 40002 46 40069 42 40121 2 40141 8 40171 7 40257 48 40325 40 40424 11 40513 49 40581 39 40676 15 40767 51 40837 38 40930 18 41023 51 41093 38 41185 19 41279 50 41349 38 41439 21 41535 49 41605 38 41695 21 41791 46 41860 39 41952 20 42047 44 42115 40 42208 21 42303 44 42354 3 42372 39 42464 23 42559 44 42609 6 42628 39 42705 2 42719 24 42815 44 42865 8 42883 40 42959 7 42970 29 43073 41 43120 10 43137 42 43215 41 43329 40 43376 12 43392 43 43469 44 43586 39 43632 14 43647 43 43726 43 43844 36 43889 56 43982 42 44101 34 44145 56 44238 41 44357 22 44380 9 44402 53 44494 41 44615 19 44637 6 44658 51 44750 41 44873 16 44914 49 45006 41 45130 14 45170 49 45261 42 45388 11 45426 49 45517 42 45645 9 45681 32 45717 14 45773 42 45902 7 45937 32 45975 9 46029 41 46158 6 46193 32 46232 7 46285 41 46448 33 46542 41 46704 33 46799 41 46959 33 47056 41 47215 33 47313 40 47456 10 47471 32 47571 40 47710 13 47728 31 47828 7 47837 30 47965 14 47991 22 48101 22 48220 15 48248 19 48357 22 48475 23 48505 15 48613 22 48731 24 48762 13 48870 20 48987 24 49018 11 49125 21 49243 26 49274 10 49381 20 49499 30 49534 1 49637 19 49754 33 49893 18 50010 33 50149 18 50265 35 50405 18 50521 36 50662 17 50777 36 50918 17 51032 37 51175 16 51289 36 51431 16 51545 36 51689 13 51801 36 51945 13 52058 3 52068 25 52201 12 52315 2 52325 24 52457 12 52582 22 52713 11 52839 21 52969 10 53098 17 53226 8 53257 2 53309 6 53356 15 53483 6 53504 12 53560 13 53617 10 53760 13 53815 14 53874 9 54016 13 54070 17 54133 4 54272 13 54325 18 54528 15 54571 6 54579 22 54784 15 54810 2 54826 31 54995 6 55040 16 55063 8 55081 32 55249 10 55296 16 55319 9 55337 33 55505 10 55552 17 55574 11 55592 35 55759 12 55808 17 55830 12 55847 36 56015 12 56064 19 56084 55 56271 13 56320 75 56527 13 56576 75 56783 13 56832 76 57040 12 57088 76 57297 10 57344 75 57554 9 57600 75 57812 4 57856 74 58069 2 58112 73 58368 72 58624 72 58807 2 58820 7 58880 72 59061 6 59075 8 59136 73 59315 26 59392 73 59570 27 59648 73 59825 29 59904 73 60080 31 60160 73 60335 32 60416 73 60590 33 60672 73 60845 34 60928 73 61101 35 61184 73 61325 6 61356 37 61440 73 61581 6 61612 37 61696 73 61837 8 61868 37 61952 73 62093 8 62125 36 62208 74 62348 9 62370 6 62381 36 62464 75 62604 9 62624 9 62637 36 62720 75 62878 11 62894 35 62976 75 63133 13 63149 36 63232 6 63241 67 63389 52 63488 6 63497 67 63645 52 63744 5 63753 68 63901 51 64000 6 64011 66 64156 51 64256 9 64267 66 64412 49 64512 9 64524 65 64668 49 64768 10 64780 64 64924 48 65024 76 65179 49 65280 13 65294 61 65435 48
143150,0 65536
144284,34 21 155 15 196 60 292 19 410 15 452 60 549 18 665 16 708 60 807 16 921 16 964 60 1065 13 1177 16 1220 37 1259 17 1279 1 1282 2 1326 6 1432 17 1477 34 1519 11 1537 5 1688 17 1733 33 1775 10 1791 9 1943 17 1988 33 2046 11 2199 17 2244 32 2301 20 2416 4 2455 16 2500 31 2556 23 2671 7 2710 16 2757 30 2804 1 2811 27 2925 11 2966 15 3013 30 3061 1 3067 28 3174 1 3179 15 3222 14 3269 30 3328 24 3425 28 3478 13 3507 5 3526 29 3575 1 3584 24 3681 28 3734 13 3764 3 3782 29 3840 25 3934 32 3989 14 4038 26 4096 25 4190 32 4245 14 4293 26 4352 25 4445 34 4499 16 4548 27 4608 24 4701 34 4755 16 4804 27 4864 24 4956 35 5011 16 5059 28 5120 24 5212 35 5267 15 5315 28 5376 23 5467 36 5523 15 5571 28 5632 23 5723 36 5779 15 5826 30 5888 23 5979 34 6035 15 6082 30 6144 23 6235 33 6291 16 6338 30 6400 24 6444 4 6491 32 6543 20 6593 31 6656 25 6688 5 6699 6 6747 31 6798 21 6849 30 6912 25 6943 9 6953 14 7003 30 7053 22 7105 30 7168 25 7199 25 7259 30 7309 22 7361 30 7424 25 7454 27 7516 27 7565 22 7617 30 7657 4 7680 25 7709 28 7772 27 7821 22 7873 30 7913 4 7936 25 7964 28 7998 3 8027 28 8076 23 8130 28 8169 4 8192 24 8219 29 8253 5 8283 28 8331 24 8386 28 8425 4 8448 24 8475 28 8509 6 8539 28 8587 24 8642 27 8682 1 8704 25 8730 29 8765 6 8794 29 8844 24 8898 26 8960 55 9021 6 9049 30 9100 24 9154 25 9216 55 9278 4 9305 31 9355 24 9410 25 9466 1 9472 48 9521 4 9561 32 9611 24 9667 23 9721 4 9728 47 9817 32 9867 24 9923 22 9977 6 9984 47 10075 31 10125 20 10179 17 10232 55 10331 3 10335 29 10382 17 10435 16 10488 54 10591 32 10641 13 10691 14 10744 53 10848 32 10898 11 10947 13 11000 53 11104 32 11157 6 11203 10 11256 53 11359 33 11413 6 11459 10 11512 51 11615 33 11715 9 11769 50 11871 34 11971 9 12025 50 12127 34 12216 7 12227 8 12282 49 12383 35 12471 9 12483 8 12541 46 12638 37 12723 13 12741 3 12800 43 12893 40 12977 15 13056 6 13067 33 13148 42 13229 18 13312 4 13323 33 13403 43 13485 18 13568 1 13581 32 13653 50 13732 27 13824 1 13837 32 13907 52 13987 28 14080 3 14095 30 14163 53 14243 28 14336 3 14355 27 14418 54 14498 30 14592 3 14612 26 14673 56 14753 31 14848 4 14869 26 14927 58 15009 32 15104 4 15125 26 15173 6 15181 60 15264 33 15360 3 15381 26 15427 8 15436 61 15520 33 15616 3 15639 24 15680 72 15776 32 15872 2 15895 24 15935 73 16031 33 16122 1 16128 1 16152 23 16191 73 16286 33 16378 1 16384 1 16409 22 16447 73 16542 32 16634 3 16666 21 16702 74 16797 32 16890 1 16924 18 16957 75 17053 32 17163 2 17185 13 17213 74 17296 3 17309 32 17419 2 17441 13 17469 74 17551 4 17566 31 17698 12 17724 75 17806 5 17823 30 17955 11 17980 75 18061 7 18079 29 18176 1 18211 12 18235 78 18317 6 18336 27 18432 1 18467 12 18491 78 18573 6 18593 26 18688 2 18724 11 18746 80 18829 6 18850 24 18944 3 18980 11 19002 81 19085 6 19107 22 19200 3 19237 9 19257 82 19341 5 19366 19 19456 3 19493 10 19513 82 19597 4 19624 17 19712 5 19751 10 19769 82 19882 15 19968 5 20008 9 20026 81 20139 14 20224 5 20264 11 20282 81 20395 14 20480 5 20519 13 20539 79 20651 14 20736 6 20775 14 20795 78 20907 14 20992 8 21031 15 21051 78 21163 14 21248 9 21286 18 21308 77 21418 15 21504 10 21541 20 21564 77 21674 15 21760 11 21797 21 21820 77 21930 14 22016 11 22052 23 22076 77 22185 14 22272 12 22309 22 22333 76 22443 11 22528 14 22565 22 22590 35 22627 38 22700 9 22784 16 22821 23 22847 31 22887 36 23040 16 23077 23 23103 30 23149 32 23296 16 23332 23 23361 26 23410 31 23552 16 23588 23 23615 28 23665 32 23808 16 23843 24 23868 31 23921 33 24064 16 24099 22 24124 31 24176 35 24320 16 24355 21 24379 31 24428 39 24576 16 24611 20 24635 30 24683 40 24832 15 24867 20 24891 28 24938 43 25088 15 25123 20 25147 27 25193 45 25305 2 25344 14 25379 19 25402 27 25447 48 25559 4 25600 14 25636 18 25657 26 25703 49 25814 5 25856 14 25894 44 25958 51 26069 7 26112 14 26151 42 26214 51 26325 7 26368 15 26409 40 26470 51 26580 7 26624 15 26667 37 26726 52 26835 8 26871 6 26880 16 26925 34 26983 52 27091 8 27125 10 27136 16 27182 32 27239 52 27347 8 27379 28 27444 25 27496 51 27603 8 27635 28 27700 25 27752 51 27859 8 27890 29 27956 25 28008 51 28116 8 28144 31 28213 24 28264 51 28372 9 28399 31 28469 24 28519 52 28629 10 28652 33 28725 24 28775 51 28885 10 28907 34 28983 20 29031 50 29141 10 29162 35 29239 20 29287 50 29398 9 29417 34 29461 1 29496 18 29541 52 29655 7 29673 34 29752 17 29797 51 29912 5 29928 33 30007 18 30051 53 30183 33 30263 17 30306 54 30439 34 30523 14 30561 55 30694 36 30780 13 30816 56 30950 36 31036 14 31071 58 31205 37 31291 18 31327 58 31460 38 31546 21 31583 57 31643 3 31713 41 31802 21 31839 64 31969 42 32058 22 32095 65 32225 42 32314 23 32351 65 32481 42 32570 23 32607 65 32737 30 32768 13 32827 22 32863 65 32993 29 33024 13 33083 23 33119 64 33249 26 33280 13 33340 23 33375 64 33505 26 33536 14 33597 22 33631 64 33761 26 33792 15 33853 22 33887 64 34017 26 34048 15 34109 22 34144 63 34275 24 34304 15 34366 21 34400 39 34442 21 34531 24 34560 15 34623 20 34657 37 34703 15 34788 23 34816 15 34880 18 34913 37 34959 15 35044 22 35072 15 35138 15 35170 36 35215 15 35300 21 35328 15 35395 13 35426 38 35471 15 35557 20 35584 16 35655 4 35682 39 35727 15 35813 18 35840 16 35938 39 35982 15 36069 18 36096 17 36181 7 36194 41 36237 16 36327 14 36352 17 36435 11 36451 58 36583 14 36608 17 36629 10 36691 12 36707 57 36842 9 36864 18 36883 12 36946 14 36963 56 37099 8 37120 33 37201 16 37221 52 37356 5 37376 33 37457 16 37477 52 37613 4 37632 34 37714 17 37733 33 37773 10 37888 34 37970 50 38031 5 38144 35 38226 49 38337 4 38400 35 38482 48 38593 6 38656 35 38739 47 38822 3 38849 15 38912 36 38996 46 39077 5 39105 16 39168 37 39254 44 39332 7 39361 17 39424 37 39511 43 39587 8 39617 16 39680 37 39773 38 39833 18 39874 15 39936 38 40029 38 40088 19 40131 14 40192 39 40286 36 40343 20 40388 10 40448 40 40543 35 40599 20 40647 4 40704 42 40799 34 40854 21 40960 43 41055 34 41109 22 41216 45 41311 25 41365 22 41472 47 41567 25 41616 27 41728 47 41822 25 41869 30 41984 48 42077 26 42125 30 42240 49 42331 28 42367 6 42380 32 42496 50 42587 28 42622 8 42635 33 42752 51 42842 29 42877 11 42890 34 43008 51 43097 29 43131 49 43264 51 43352 29 43386 50 43520 51 43608 29 43641 51 43776 51 43864 84 44032 51 44119 85 44288 50 44375 84 44544 50 44631 84 44800 49 44885 86 45056 49 45139 87 45312 48 45394 87 45568 48 45650 87 45825 46 45905 86 46082 45 46161 86 46337 47 46385 6 46417 86 46593 56 46673 86 46848 57 46929 85 47104 58 47185 85 47360 58 47441 84 47616 58 47697 84 47872 57 47952 83 48099 6 48128 56 48207 36 48245 46 48353 8 48384 56 48463 34 48500 45 48605 13 48640 55 48719 34 48756 45 48859 16 48896 55 48975 34 49011 45 49114 18 49152 55 49231 34 49267 44 49370 19 49408 54 49487 34 49522 44 49625 22 49664 53 49743 78 49881 23 49920 52 49999 78 50137 24 50176 50 50255 77 50393 24 50432 49 50510 78 50648 25 50688 49 50766 78 50904 25 50944 49 51021 79 51159 26 51200 49 51277 78 51414 27 51456 48 51533 78 51669 26 51712 49 51790 77 51925 26 51968 50 52047 75 52179 28 52224 51 52303 10 52314 64 52435 28 52480 51 52574 5 52583 50 52671 9 52689 30 52736 51 52841 47 52926 11 52944 32 52992 52 53100 3 53105 37 53181 12 53199 34 53248 52 53362 36 53435 14 53454 35 53504 52 53563 4 53619 34 53684 4 53691 54 53760 52 53818 6 53875 34 53940 5 53947 55 54016 53 54073 8 54092 6 54131 23 54196 4 54203 56 54272 53 54329 10 54347 8 54387 22 54453 3 54459 56 54528 69 54603 8 54644 18 54711 1 54714 57 54784 69 54858 10 54900 16 54967 2 54970 57 55040 71 55113 12 55156 14 55223 61 55296 72 55369 12 55413 12 55479 61 55552 85 55659 4 55669 12 55731 66 55808 85 55915 4 55925 12 55985 68 56064 85 56180 12 56241 15 56261 48 56320 85 56435 13 56496 13 56517 48 56576 86 56693 10 56753 10 56773 40 56814 7 56832 86 56950 6 57009 8 57029 39 57073 2 57089 89 57285 38 57345 92 57542 37 57601 96 57798 37 57859 95 58054 37 58116 95 58309 38 58372 95 58565 38 58630 93 58820 38 58887 92 59076 38 59143 91 59331 38 59400 89 59587 36 59657 86 59843 34 59913 85 60099 33 60169 84 60350 35 60425 83 60603 38 60681 83 60768 1 60858 38 60938 28 60969 51 61023 3 61113 39 61194 25 61227 56 61368 40 61450 25 61483 50 61535 3 61623 44 61671 1 61707 23 61739 49 61877 53 61963 23 61995 48 62132 54 62221 10 62235 8 62251 48 62386 55 62479 6 62492 7 62507 48 62641 56 62749 6 62762 49 62895 57 63006 4 63017 50 63150 57 63273 50 63405 58 63529 50 63661 58 63743 1 63785 50 63917 58 63997 3 64041 50 64172 59 64253 3 64297 49 64427 60 64508 4 64553 48 64683 60 64763 5 64810 46 64939 60 65019 5 65066 45 65194 61 65275 5 65324 41 65447 64 65516 5 65531 5
149617, 
157706,0 55 68 4 112 81 256 55 325 1 369 80 512 54 626 79 768 53 835 1 884 77 1024 53 1091 2 1141 76 1280 51 1337 4 1346 4 1399 74 1536 51 1592 5 1603 4 1655 74 1792 50 1847 8 1859 4 1912 73 2048 49 2101 10 2115 4 2169 72 2304 48 2355 13 2370 6 2425 73 2560 48 2610 22 2682 72 2816 47 2866 21 2939 72 3072 47 3122 20 3195 72 3328 47 3378 19 3452 71 3584 47 3634 18 3707 73 3840 47 3891 16 3961 75 4096 47 4147 16 4217 75 4352 47 4405 13 4473 76 4608 47 4661 12 4729 76 4864 46 4918 11 4985 76 5120 45 5175 9 5242 76 5376 44 5431 8 5498 76 5632 43 5688 7 5755 75 5888 41 6011 76 6144 41 6267 76 6400 39 6524 75 6656 39 6780 75 6912 38 7037 75 7168 37 7293 75 7424 37 7549 76 7680 37 7804 77 7936 35 8051 86 8192 35 8306 87 8448 27 8560 89 8704 27 8805 100 8960 24 9059 103 9216 23 9315 103 9472 21 9571 104 9728 20 9827 104 9984 17 10083 104 10240 14 10255 2 10339 104 10496 11 10594 106 10752 11 10849 107 11008 9 11091 1 11101 112 11264 9 11343 6 11355 114 11520 5 11593 13 11610 115 11776 4 11848 134 12032 4 12103 135 12288 4 12359 135 12544 5 12612 139 12800 5 12867 140 13056 5 13122 141 13312 5 13377 142 13568 6 13633 142 13824 7 13888 143 14080 8 14142 146 14336 8 14397 147 14592 8 14652 149 14848 8 14907 150 15104 9 15162 151 15360 9 15418 151 15616 9 15673 153 15872 9 15929 153 16128 10 16183 156 16384 10 16439 156 16640 11 16695 156 16896 11 16950 157 17152 11 17205 159 17408 11 17461 159 17664 11 17715 161 17920 11 17971 161 18176 11 18225 164 18432 11 18480 165 18688 11 18733 169 18944 11 18988 170 19200 9 19243 172 19456 9 19498 173 19712 5 19753 174 19968 5 20009 174 20224 5 20264 27 20293 147 20480 4 20520 26 20549 147 20736 4 20775 26 20807 146 20992 3 21031 25 21063 146 21248 2 21287 24 21323 142 21504 1 21543 23 21581 140 21799 22 21845 133 22055 20 22102 132 22312 19 22359 131 22569 17 22615 132 22825 14 22873 21 22897 106 23081 13 23130 19 23156 103 23336 10 23387 16 23418 53 23473 3 23478 38 23593 9 23643 16 23672 55 23729 1 23736 36 23851 5 23897 16 23923 60 23995 34 24108 3 24131 1 24153 16 24178 61 24251 34 24402 23 24431 64 24508 33 24657 24 24687 64 24764 33 24911 23 24935 73 25021 32 25167 22 25191 73 25278 32 25419 24 25447 73 25536 30 25675 24 25702 74 25792 31 25931 101 26049 30 26187 101 26306 29 26420 7 26443 102 26563 28 26675 10 26699 102 26819 28 26926 17 26954 103 27075 29 27181 18 27209 105 27331 30 27435 21 27464 106 27589 28 27691 22 27719 108 27845 28 27946 139 28101 28 28175 3 28201 140 28357 28 28424 11 28457 141 28613 28 28679 12 28713 141 28870 28 28928 20 28968 143 29127 27 29184 21 29224 143 29383 28 29440 21 29479 144 29639 28 29696 21 29735 145 29896 27 29952 22 29991 146 30153 26 30208 22 30247 146 30409 26 30464 23 30503 146 30665 26 30720 23 30759 146 30921 27 30976 24 31016 147 31177 27 31232 24 31275 144 31433 27 31488 23 31533 144 31689 28 31744 23 31789 144 31945 28 32000 22 32044 145 32200 29 32256 21 32300 145 32456 30 32512 21 32553 149 32711 31 32768 21 32807 151 32967 32 33024 21 33059 156 33222 33 33280 22 33313 158 33477 34 33536 27 33568 199 33792 28 33823 201 34048 232 34304 232 34560 233 34816 233 35072 232 35328 232 35584 231 35840 231 36096 233 36352 234 36608 140 36753 90 36864 139 37009 90 37120 138 37266 89 37376 137 37522 89 37632 137 37771 1 37779 2 37784 84 37888 137 38026 3 38040 84 38144 141 38295 86 38400 141 38551 86 38656 141 38807 86 38912 141 39063 86 39168 141 39319 86 39424 141 39575 87 39680 143 39831 87 39936 143 40087 87 40192 143 40343 88 40448 142 40600 87 40704 143 40848 2 40855 89 40960 240 41216 240 41472 240 41728 146 41878 90 41984 146 42135 7 42144 81 42240 147 42393 4 42402 79 42496 147 42659 78 42752 148 42917 77 43008 148 43173 78 43264 149 43430 77 43520 149 43685 78 43776 149 43941 79 44032 149 44197 79 44288 149 44452 81 44544 149 44708 81 44800 149 44963 82 45056 149 45219 82 45312 150 45467 6 45474 84 45568 151 45723 91 45824 246 46080 247 46336 247 46592 247 46848 247 47104 248 47360 249 47616 249 47872 250 48128 250 48384 250 48640 251 48896 56 48955 193 49152 55 49213 191 49408 54 49473 188 49664 53 49731 186 49920 53 49991 87 50081 93 50176 52 50247 86 50337 94 50432 51 50504 86 50593 94 50688 51 50761 233 51017 233 51274 231 51531 230 51787 229 52046 226 52303 92 52397 130 52560 89 52654 129 52817 88 52910 127 53073 88 53167 124 53329 9 53341 75 53423 118 53587 2 53601 70 53680 117 53858 69 53937 115 54114 69 54195 112 54370 69 54451 113 54625 69 54708 112 54881 68 54964 112 55137 68 55221 110 55393 67 55477 110 55647 68 55732 109 55903 66 55988 105 56157 68 56243 101 56345 4 56413 68 56497 103 56668 71 56753 102 56924 71 57009 102 57180 72 57266 101 57436 73 57522 101 57691 74 57777 102 57947 74 58033 104 58203 76 58281 2 58287 106 58459 194 58715 195 58971 196 59228 195 59484 196 59715 1 59740 197 59968 5 59984 1 59996 198 60221 12 60251 200 60477 14 60507 200 60732 17 60762 201 60987 19 61018 201 61243 20 61273 201 61499 21 61529 200 61754 23 61785 197 62010 228 62266 227 62522 228 62778 229 63034 229 63291 229 63547 230 63803 231 64059 230 64313 232 64569 232 64824 233 65081 231 65337 199
158770,9 108 255 1 265 108 448 3 511 1 521 107 703 6 767 1 779 105 957 10 969 10 1041 99 1206 31 1299 97 1461 34 1557 96 1717 35 1817 92 1969 40 2035 2 2074 91 2225 41 2290 3 2331 89 2480 43 2556 4 2587 88 2736 44 2810 6 2840 91 2991 46 3065 7 3095 92 3247 47 3320 8 3349 94 3502 49 3575 9 3605 94 3757 51 3831 9 3861 94 4009 56 4087 9 4117 94 4263 58 4343 9 4373 11 4385 81 4515 62 4600 8 4630 9 4642 80 4771 62 4856 8 4887 6 4899 78 5026 63 5097 8 5112 8 5144 5 5155 77 5282 63 5353 8 5368 8 5413 73 5538 63 5609 9 5624 8 5669 73 5794 63 5865 9 5880 8 5929 70 6050 62 6121 10 6136 8 6186 69 6307 61 6377 10 6392 8 6443 68 6562 61 6634 7 6649 7 6677 2 6699 68 6818 59 6891 6 6905 7 6932 9 6955 68 7074 53 7149 2 7161 7 7188 11 7211 67 7329 53 7417 7 7444 13 7467 67 7584 51 7674 1 7699 15 7723 67 7840 51 7949 22 7979 66 8096 51 8196 3 8204 24 8235 66 8351 51 8448 39 8490 67 8608 51 8704 41 8746 67 8864 52 8960 113 9120 52 9216 113 9377 52 9472 113 9634 51 9728 113 9891 50 9984 113 10149 48 10240 45 10287 66 10405 48 10496 45 10543 66 10663 46 10752 45 10799 66 10927 38 11008 39 11049 72 11184 37 11264 40 11305 72 11441 36 11520 113 11699 5 11711 22 11776 113 11968 21 12032 113 12224 22 12273 4 12288 113 12481 21 12526 9 12544 114 12736 23 12778 17 12798 117 12992 23 13032 139 13247 26 13286 141 13503 26 13541 142 13759 26 13797 143 14015 7 14025 16 14053 142 14273 2 14283 13 14310 141 14567 140 14825 138 15081 52 15141 76 15339 48 15398 74 15512 4 15594 49 15655 72 15766 9 15847 51 15911 70 16021 11 16103 51 16167 70 16276 18 16357 52 16423 70 16531 19 16612 62 16680 69 16786 21 16867 64 16936 69 17042 21 17123 64 17192 69 17297 22 17379 66 17447 70 17553 23 17604 1 17634 139 17810 22 17851 12 17887 142 18066 22 18105 16 18143 142 18323 22 18357 20 18398 98 18497 32 18532 9 18580 21 18611 22 18654 94 18755 29 18791 4 18837 20 18863 26 18910 93 19012 27 19093 19 19118 27 19166 91 19269 26 19349 19 19373 28 19422 91 19525 26 19605 18 19629 29 19679 88 19781 22 19861 17 19883 31 19935 88 20037 19 20093 2 20117 16 20139 32 20192 87 20281 6 20293 18 20347 5 20373 16 20395 32 20449 95 20549 18 20602 6 20629 16 20652 31 20705 95 20805 17 20856 8 20886 15 20909 30 20962 94 21061 16 21111 9 21142 14 21167 28 21218 95 21321 10 21366 9 21399 12 21425 26 21473 96 21577 10 21622 9 21655 10 21682 26 21729 96 21831 12 21877 10 21938 26 21985 96 22087 12 22133 9 22194 27 22241 116 22390 7 22451 26 22499 100 22602 11 22647 5 22707 26 22755 115 22964 27 23012 115 23221 30 23268 116 23478 30 23524 116 23735 29 23779 117 23992 29 24035 20 24061 91 24249 28 24291 20 24318 90 24508 24 24546 24 24571 93 24765 23 24801 119 25023 20 25057 120 25279 20 25313 121 25534 21 25569 122 25791 19 25825 129 26047 18 26081 130 26303 16 26337 12 26352 116 26559 14 26593 12 26607 117 26815 14 26849 12 26862 118 27072 11 27107 129 27329 10 27363 129 27586 7 27615 2 27628 120 27843 5 27871 1 27883 110 27997 6 28011 1 28138 111 28253 4 28265 4 28393 111 28518 8 28647 112 28773 10 28903 112 29028 12 29157 113 29283 14 29411 114 29538 15 29603 6 29665 116 29793 17 29857 9 29920 115 30049 16 30112 11 30173 117 30305 16 30367 13 30428 117 30559 18 30611 4 30623 14 30683 118 30811 22 30867 6 30879 14 30938 117 31064 25 31122 10 31135 16 31193 118 31319 26 31377 30 31449 117 31574 29 31633 31 31705 117 31829 30 31889 32 31961 116 32086 31 32144 33 32217 116 32342 31 32399 34 32473 116 32599 30 32651 38 32731 114 32855 30 32906 40 32987 114 33113 28 33160 43 33245 111 33371 26 33415 44 33501 110 33631 5 33646 5 33659 2 33671 44 33759 82 33845 22 33904 2 33915 4 33925 46 34016 69 34087 8 34105 16 34171 4 34179 48 34272 67 34343 6 34363 13 34427 5 34434 48 34528 65 34621 10 34683 56 34784 64 34878 7 34939 56 35040 62 35195 64 35296 61 35457 59 35553 60 35715 58 35809 59 35971 60 36065 60 36229 59 36322 59 36486 59 36579 34 36614 24 36743 58 36835 34 36870 25 36999 58 37093 31 37127 24 37256 57 37353 27 37383 24 37512 58 37609 26 37639 24 37768 59 37867 24 37895 24 38024 60 38124 20 38153 22 38280 66 38381 19 38410 21 38536 67 38637 19 38669 17 38792 68 38893 19 38926 16 39048 69 39149 19 39183 15 39304 70 39405 4 39417 7 39439 14 39560 70 39641 8 39661 4 39673 7 39696 13 39816 70 39896 11 39917 4 39929 7 39953 12 39971 6 40072 70 40151 12 40173 4 40185 7 40211 7 40224 12 40328 69 40407 14 40430 3 40441 7 40469 3 40479 14 40584 68 40663 14 40687 2 40696 8 40733 18 40840 68 40917 17 40941 4 40952 8 40989 20 41091 2 41096 69 41173 17 41197 4 41207 9 41244 22 41345 6 41354 67 41426 21 41451 6 41462 10 41499 23 41601 6 41611 67 41682 21 41707 6 41717 11 41755 24 41856 8 41869 90 41963 6 41973 11 42010 25 42111 9 42125 90 42219 7 42228 12 42265 25 42365 12 42380 116 42519 27 42617 135 42774 27 42872 136 43029 28 43127 137 43284 28 43383 137 43539 29 43639 137 43794 31 43895 137 44050 31 44150 138 44306 30 44405 139 44562 30 44661 139 44818 29 44917 139 45074 29 45173 139 45331 28 45430 138 45587 28 45686 138 45843 28 45888 2 45942 138 46099 28 46141 7 46199 137 46355 50 46453 139 46612 50 46709 139 46873 46 46959 145 47130 46 47211 110 47323 4 47328 32 47394 41 47465 108 47585 31 47651 40 47719 110 47840 32 47907 40 47969 116 48093 35 48163 41 48224 117 48348 36 48419 42 48479 119 48603 37 48675 42 48735 119 48859 37 48930 43 48989 121 49115 37 49184 45 49243 124 49371 37 49439 46 49499 124 49627 37 49694 47 49755 124 49883 37 49950 47 50010 125 50140 36 50206 47 50266 125 50397 35 50461 48 50521 126 50653 35 50717 48 50777 126 50909 35 50973 49 51031 128 51165 35 51229 50 51287 128 51421 35 51485 51 51541 130 51677 35 51741 52 51797 130 51932 36 51999 50 52053 130 52185 39 52257 48 52309 130 52440 40 52515 46 52566 170 52773 44 52823 169 53030 42 53081 21 53110 138 53287 40 53338 19 53367 137 53545 35 53598 1 53626 134 53801 34 53883 133 54057 34 54141 131 54314 32 54398 130 54570 32 54612 8 54656 128 54826 32 54867 11 54912 128 55083 30 55123 14 55169 127 55339 31 55378 17 55425 127 55596 30 55633 24 55681 127 55852 30 55888 26 55937 127 56109 28 56140 30 56194 126 56366 25 56395 32 56450 126 56624 59 56707 92 56803 29 56881 58 56963 92 57061 27 57114 8 57139 56 57221 89 57319 25 57369 10 57395 56 57477 89 57576 24 57623 14 57652 55 57733 87 57835 21 57879 14 57908 55 57989 86 58091 21 58131 19 58165 54 58246 80 58346 22 58387 19 58421 54 58502 78 58601 23 58642 20 58677 52 58758 75 58857 23 58897 21 58935 50 59013 74 59113 23 59153 21 59198 39 59269 67 59368 24 59409 20 59455 37 59525 65 59623 25 59665 19 59711 34 59781 63 59879 25 59921 18 59967 32 60037 62 60135 16 60152 8 60179 16 60224 30 60293 62 60392 24 60435 15 60480 30 60549 60 60636 5 60649 23 60693 11 60737 28 60807 50 60891 6 60907 21 60950 9 60994 9 61004 17 61065 47 61147 6 61163 21 61251 5 61263 11 61323 41 61403 6 61421 19 61507 4 61519 10 61580 40 61659 6 61678 18 61776 7 61837 38 61915 5 61935 17 62033 4 62094 37 62171 5 62191 18 62239 6 62353 33 62449 17 62493 9 62556 3 62611 31 62705 18 62748 11 62811 4 62869 28 62963 16 63003 12 63067 4 63125 27 63219 16 63258 14 63323 4 63381 27 63476 15 63513 16 63637 26 63732 17 63765 21 63893 25 63988 12 64001 4 64019 24 64149 12 64163 11 64244 17 64275 29 64401 29 64500 17 64531 30 64657 29 64756 17 64787 31 64911 32 65012 17 65042 33 65167 32 65267 18 65293 3 65297 36 65421 36 65471 14 65523 13
169327,0 65536
187649,203 34 459 34 715 34 971 34 1227 34 1483 33 1739 32 1995 31 2251 30 2319 4 2325 1 2507 30 2573 10 2763 30 2829 12 3019 30 3085 12 3275 29 3341 12 3531 28 3597 12 3787 28 3854 9 4043 27 4111 8 4299 26 4368 4 4555 26 4811 26 5066 26 5322 26 5578 25 5705 4 5834 25 5958 9 6072 5 6090 23 6213 11 6327 8 6346 23 6469 11 6584 8 6601 28 6725 11 6841 7 6857 29 6981 11 7098 7 7111 32 7144 6 7238 10 7355 6 7366 41 7495 8 7613 5 7621 42 7752 7 7870 50 8009 4 8130 47 8386 47 8642 48 8898 37 8936 11 9153 34 9192 13 9408 35 9448 14 9662 33 9705 14 9917 34 9961 15 10171 35 10218 15 10427 35 10474 16 10682 35 10731 16 10772 3 10938 35 10989 16 11026 5 11193 35 11246 15 11282 6 11447 36 11503 14 11537 7 11702 37 11761 12 11793 8 11957 37 12019 9 12049 8 12213 37 12277 4 12305 8 12468 38 12535 1 12560 9 12724 38 12815 10 12979 40 13071 9 13235 40 13327 8 13492 39 13583 7 13749 38 13840 5 14007 36 14098 2 14265 33 14482 3 14521 25 14547 6 14732 10 14778 23 14987 12 15033 23 15242 13 15289 22 15498 13 15545 22 15750 2 15754 14 15801 20 16005 19 16057 20 16260 19 16314 14 16516 19 16571 11 16771 18 16830 5 17027 16 17178 2 17283 14 17433 4 17539 14 17687 8 17795 12 17936 1 17943 10 17975 2 18051 11 18199 10 18309 8 18349 9 18455 10 18566 7 18605 10 18713 8 18860 13 18970 7 19117 12 19201 3 19227 6 19373 13 19411 7 19456 5 19483 8 19499 4 19628 14 19667 8 19712 7 19739 12 19754 9 19767 3 19883 14 19922 10 19962 1 19968 7 19995 13 20009 18 20139 14 20177 12 20217 4 20224 12 20248 41 20395 14 20433 11 20480 12 20503 42 20651 13 20689 11 20736 13 20756 46 20906 13 20945 11 20992 67 21161 13 21201 11 21248 67 21417 12 21457 10 21504 68 21673 10 21713 10 21760 70 21929 7 21971 6 22016 71 22185 6 22272 71 22443 2 22528 71 22784 72 22937 4 23040 72 23193 4 23296 73 23448 7 23552 75 23704 8 23808 77 23960 9 24064 77 24216 11 24320 79 24472 14 24576 80 24728 15 24832 83 24916 5 24984 15 25063 7 25086 93 25240 16 25318 9 25339 98 25469 10 25496 17 25573 12 25592 101 25725 10 25752 17 25828 122 25979 13 26008 17 26083 124 26235 13 26265 16 26339 122 26490 15 26521 17 26593 124 26746 15 26777 18 26849 123 27001 18 27033 18 27104 124 27257 18 27289 18 27359 124 27511 21 27546 17 27614 127 27743 2 27765 23 27802 17 27870 134 28019 25 28059 15 28126 135 28274 26 28315 15 28382 136 28520 1 28529 26 28572 13 28638 140 28785 26 28828 13 28894 136 29031 3 29042 25 29085 10 29150 136 29298 25 29341 9 29405 136 29554 24 29601 2 29661 136 29810 23 29917 134 30067 12 30082 5 30173 132 30323 11 30430 131 30579 12 30687 130 30835 12 30880 3 30943 130 31090 13 31133 8 31200 129 31346 13 31385 13 31456 130 31602 11 31640 15 31712 130 31858 10 31895 16 31968 131 32151 15 32224 131 32406 16 32480 130 32661 15 32735 130 32917 14 32991 130 33172 13 33242 134 33429 11 33498 134 33646 1 33685 9 33753 135 33901 4 33911 3 33941 8 34010 133 34153 10 34164 5 34195 8 34267 132 34408 17 34451 3 34457 1 34524 132 34662 13 34677 2 34705 10 34780 132 34917 13 34961 14 35037 132 35171 15 35216 18 35293 149 35471 20 35548 152 35727 21 35804 153 35983 21 36059 154 36237 25 36313 156 36493 25 36569 156 36748 27 36825 157 37003 30 37080 158 37259 32 37336 158 37515 37 37592 158 37770 39 37848 158 38026 39 38104 159 38281 42 38360 159 38537 42 38617 158 38794 42 38838 3 38873 158 39050 48 39130 157 39307 49 39387 156 39563 50 39644 155 39819 50 39907 148 40075 51 40165 145 40331 50 40423 13 40437 129 40586 51 40681 9 40695 127 40842 51 40919 6 40953 124 41097 52 41174 9 41210 122 41353 52 41428 13 41469 118 41609 52 41683 16 41726 93 41821 20 41866 51 41937 19 41984 91 42077 20 42122 51 42193 19 42240 91 42333 18 42379 50 42449 20 42496 91 42589 17 42637 47 42705 20 42752 91 42845 15 42893 45 42960 21 43008 91 43100 15 43150 33 43187 5 43216 22 43264 107 43409 30 43472 22 43520 107 43666 29 43728 22 43776 109 43924 26 43984 23 44032 109 44181 25 44240 23 44288 111 44438 23 44497 22 44544 112 44695 22 44754 21 44800 104 44906 6 44952 19 45011 20 45056 103 45162 6 45209 18 45267 20 45312 101 45421 2 45466 16 45525 16 45568 101 45723 11 45780 16 45824 100 45981 6 46035 16 46080 100 46238 3 46291 13 46336 100 46547 11 46592 99 46803 9 46848 99 47059 8 47104 98 47316 7 47360 96 47575 2 47585 2 47616 97 47829 4 47872 105 48082 9 48128 106 48337 10 48384 106 48592 13 48640 97 48740 6 48815 2 48847 15 48896 97 49069 6 49103 16 49152 97 49325 6 49359 16 49408 99 49581 7 49614 19 49664 99 49837 7 49869 20 49920 99 50094 5 50125 22 50176 99 50353 1 50381 22 50432 98 50637 25 50688 97 50893 26 50944 97 51149 26 51200 97 51405 26 51456 97 51631 6 51661 25 51712 97 51885 8 51917 25 51968 97 52141 9 52173 24 52224 97 52397 9 52428 24 52480 104 52653 9 52684 22 52736 104 52909 9 52940 21 52992 105 53165 9 53196 18 53248 106 53421 9 53453 16 53504 107 53678 8 53760 108 53935 6 54016 115 54193 2 54272 117 54528 119 54784 119 55040 119 55296 119 55552 119 55808 119 56064 119 56320 119 56576 121 56832 121 57088 122 57344 122 57600 123 57856 123 58084 3 58112 123 58339 6 58354 1 58368 123 58595 6 58608 3 58624 123 58851 9 58861 8 58880 124 59107 18 59136 125 59364 18 59392 125 59621 18 59648 125 59880 15 59904 126 60137 14 60160 127 60309 7 60393 14 60416 124 60541 2 60550 5 60565 8 60582 3 60649 14 60672 129 60802 29 60835 13 60906 13 60928 160 61090 15 61162 13 61184 177 61419 12 61440 177 61675 12 61696 114 61813 60 61931 13 61952 113 62069 62 62187 14 62208 113 62326 62 62391 6 62443 14 62464 113 62582 73 62699 14 62720 113 62839 75 62956 13 62976 113 63095 76 63212 13 63232 114 63351 78 63469 13 63488 115 63607 80 63724 14 63744 117 63864 79 63980 15 64000 117 64121 80 64235 16 64256 117 64377 82 64491 16 64512 117 64633 82 64746 16 64763 123 64889 83 65001 17 65019 208 65256 17 65276 207 65509 19
190259,0 217 228 26 256 217 485 23 512 217 741 23 768 217 999 20 1024 217 1255 19 1280 217 1511 10 1523 6 1536 217 1768 8 1780 5 1792 217 2025 6 2048 217 2281 5 2304 217 2560 218 2816 219 3072 219 3328 220 3584 220 3840 220 4096 220 4352 221 4608 221 4841 6 4864 223 5089 16 5120 241 5376 242 5632 242 5888 242 6144 242 6400 242 6656 242 6912 243 7168 243 7424 243 7680 243 7936 244 8192 244 8448 244 8704 244 8960 245 9216 245 9472 245 9728 245 9984 244 10240 244 10496 243 10752 243 11008 242 11264 242 11520 207 11728 33 11776 207 11984 21 12006 10 12032 206 12240 16 12265 6 12288 206 12496 15 12521 4 12544 206 12752 14 12800 206 13008 13 13056 161 13221 40 13264 12 13312 161 13477 40 13521 10 13568 161 13733 38 13779 7 13824 161 13990 36 14036 5 14080 161 14248 33 14336 161 14505 32 14592 161 14761 30 14848 161 15018 29 15104 160 15274 28 15360 160 15531 27 15616 159 15787 28 15872 159 16043 28 16128 159 16309 18 16384 159 16565 18 16640 158 16823 15 16896 158 17081 12 17152 158 17408 158 17664 158 17920 158 18176 159 18432 159 18688 159 18944 160 19183 4 19200 161 19438 7 19456 162 19686 15 19712 163 19939 18 19966 165 20195 18 20221 166 20449 21 20477 166 20704 22 20732 167 20959 23 20987 168 21215 24 21243 168 21471 195 21726 195 21981 196 22237 196 22493 196 22749 148 22900 45 23004 148 23157 45 23260 148 23415 44 23516 148 23671 6 23681 34 23773 148 23929 1 23938 33 24029 148 24195 33 24286 147 24450 33 24543 146 24706 33 24801 25 24829 116 24961 34 25059 10 25076 1 25087 114 25217 34 25315 10 25344 88 25433 24 25472 34 25572 8 25600 87 25690 23 25728 33 25828 8 25856 85 25946 22 25983 33 26085 7 26112 81 26202 21 26239 32 26341 7 26368 81 26459 20 26494 32 26624 81 26715 16 26733 2 26750 32 26880 80 26971 14 26990 1 27005 32 27136 80 27227 14 27262 31 27392 80 27483 14 27518 31 27648 80 27740 12 27775 30 27904 79 27997 10 28031 30 28121 10 28160 79 28253 10 28287 29 28377 11 28416 78 28510 7 28544 27 28631 15 28672 78 28767 6 28801 26 28887 16 28928 77 29058 25 29141 18 29184 46 29231 30 29315 24 29397 18 29440 45 29489 29 29573 20 29652 22 29696 45 29745 29 29829 20 29908 23 29952 45 30001 29 30083 21 30164 25 30208 44 30258 28 30338 21 30420 25 30464 43 30515 27 30593 22 30676 26 30720 42 30771 26 30849 21 30932 26 30976 42 31029 24 31105 20 31189 25 31232 41 31286 1 31293 14 31361 20 31445 24 31488 41 31619 6 31702 22 31744 41 31875 5 31959 20 32000 40 32221 14 32256 40 32478 13 32512 40 32695 3 32735 11 32768 39 32948 9 32991 10 33024 32 33057 6 33085 2 33201 15 33251 4 33280 27 33308 3 33315 3 33342 1 33457 15 33536 25 33712 17 33792 25 33968 17 34048 27 34225 16 34304 27 34482 15 34560 28 34738 15 34816 29 34995 14 35072 33 35251 14 35328 34 35508 13 35584 35 35767 10 35840 36 36025 7 36096 37 36352 37 36608 37 36864 37 37120 37 37376 37 37632 38 37888 38 38144 37 38400 36 38656 35 38912 33 39168 28 39424 25 39680 21 39936 20 40192 10 40203 7 40448 9 40462 3 40704 8 40960 7 41073 8 41216 6 41326 13 41472 5 41581 16 41728 5 41837 17 41984 5 42092 19 42240 5 42307 6 42347 20 42496 5 42562 8 42603 21 42752 5 42811 16 42859 21 42884 5 43008 5 43064 20 43115 22 43139 8 43264 5 43318 23 43370 23 43395 11 43493 6 43520 5 43573 24 43626 23 43650 13 43748 7 43776 5 43827 26 43882 38 44001 11 44032 5 44083 26 44139 37 44255 13 44288 5 44338 27 44394 39 44507 18 44544 5 44593 28 44650 39 44762 19 44800 5 44849 28 44906 39 45017 20 45056 5 45105 28 45162 39 45271 22 45312 5 45342 1 45360 28 45418 39 45527 24 45568 5 45597 5 45615 28 45675 39 45782 27 45824 6 45851 9 45870 25 45932 40 46037 30 46080 6 46106 11 46126 24 46188 41 46290 33 46336 6 46361 12 46381 22 46445 41 46544 36 46592 6 46617 13 46636 22 46703 39 46794 2 46798 39 46848 6 46865 45 46960 39 47048 45 47104 6 47120 45 47217 38 47303 46 47360 5 47375 44 47477 34 47557 48 47614 7 47631 43 47735 32 47811 49 47869 7 47885 44 47993 30 48064 52 48125 6 48141 43 48251 27 48318 54 48380 7 48397 43 48508 27 48571 58 48635 7 48653 43 48764 27 48826 60 48891 5 48909 44 49021 27 49081 62 49147 5 49165 44 49277 28 49338 63 49403 5 49421 45 49534 27 49594 64 49659 5 49675 47 49790 29 49841 4 49850 70 49927 52 50047 37 50092 11 50107 69 50183 52 50304 38 50347 12 50363 69 50439 53 50561 56 50619 69 50694 54 50817 56 50874 70 50949 56 51073 127 51205 57 51330 126 51459 60 51594 118 51715 61 51850 118 51971 62 52106 118 52227 63 52361 119 52484 63 52560 6 52618 57 52681 55 52741 62 52815 8 52849 6 52874 55 52937 55 52998 61 53071 12 53103 10 53130 55 53194 54 53255 60 53327 13 53355 15 53386 55 53450 54 53513 59 53583 14 53609 18 53642 55 53705 55 53769 59 53839 15 53865 19 53897 56 53961 55 54033 51 54095 16 54120 21 54151 56 54214 58 54289 51 54351 17 54375 24 54403 60 54469 59 54546 50 54609 17 54629 90 54725 59 54803 49 54865 110 54981 59 55060 45 55123 109 55237 59 55316 44 55380 109 55493 59 55572 34 55607 7 55637 108 55749 59 55828 33 55866 3 55894 108 56003 61 56085 29 56151 169 56341 28 56407 112 56520 56 56597 19 56663 112 56777 55 56854 17 56919 112 57035 53 57111 13 57175 112 57293 51 57367 10 57431 112 57549 51 57687 112 57805 51 57943 112 58061 51 58199 112 58318 6 58329 5 58340 28 58456 111 58575 4 58597 27 58710 69 58783 40 58853 27 58964 71 59039 40 59109 27 59203 2 59219 71 59298 38 59365 27 59457 4 59474 71 59554 37 59621 27 59712 88 59809 38 59877 27 59968 87 60065 38 60132 28 60225 86 60320 38 60388 28 60481 86 60575 38 60644 28 60739 84 60829 39 60900 28 60995 84 61085 38 61156 28 61251 1 61254 82 61341 38 61412 28 61507 86 61596 39 61667 29 61762 87 61851 39 61923 29 62017 88 62106 40 62179 29 62271 130 62435 29 62526 131 62691 20 62715 5 62779 119 62901 12 62947 19 62971 5 63035 116 63158 11 63203 18 63228 4 63289 118 63414 14 63459 18 63486 2 63544 119 63670 16 63715 18 63743 1 63799 119 63927 17 63971 17 64055 119 64182 18 64227 17 64311 120 64437 20 64484 16 64567 120 64691 22 64740 16 64822 148 64997 15 65078 149 65253 15 65325 2 65333 150 65511 12
191621,0 65536
191853,0 65536
192744,0 46888 46899 244 47155 242 47412 243 47667 248 47921 252 48177 1292 49476 249 49732 193 49928 53 49988 192 50191 47 50245 187 50448 45 50501 187 50704 43 50757 187 50961 38 51013 187 51217 38 51272 184 51473 38 51533 179 51729 38 51791 177 51985 38 52047 177 52241 39 52304 176 52499 37 52560 176 52755 37 52815 177 53012 36 53071 177 53268 35 53327 177 53525 34 53583 177 53783 30 53839 177 54039 30 54096 176 54295 29 54352 176 54543 37 54609 175 54797 40 54866 174 55047 46 55124 172 55302 47 55380 172 55557 49 55636 172 55812 50 55892 172 56067 50 56146 174 56323 50 56401 175 56577 52 56655 229 56911 229 57166 230 57421 232 57677 232 57932 233 58187 235 58443 236 58699 236 58955 237 59211 238 59467 238 59723 238 59979 238 60236 237 60492 236 60749 234 61005 233 61264 229 61521 227 61778 225 62035 223 62291 222 62547 220 62803 24 62831 47 62880 141 63059 24 63087 45 63136 139 63317 21 63343 43 63392 140 63573 20 63596 46 63648 141 63833 16 63850 47 63905 140 64090 15 64106 47 64159 2 64162 139 64347 13 64363 194 64604 11 64619 194 64861 10 64875 194 65117 10 65131 194 65375 9 65387 149
196973,0 65536
217771,0 65536
222553,0 65536
222596,0 65536
227391,0 65536
232617,19 38 139 6 224 17 274 39 394 9 480 16 530 38 650 11 736 15 785 38 906 17 992 15 1041 38 1162 18 1249 13 1288 4 1295 38 1418 19 1505 12 1544 45 1674 19 1761 11 1799 44 1930 21 2019 8 2055 43 2186 21 2276 7 2311 42 2442 22 2534 4 2567 31 2602 5 2698 23 2791 2 2827 26 2885 12 2955 22 3085 24 3140 14 3210 23 3343 21 3395 16 3466 24 3600 20 3650 18 3723 24 3857 8 3869 6 3899 1 3903 22 3979 24 4114 6 4125 5 4155 26 4235 24 4409 28 4491 24 4665 28 4747 25 4919 31 5004 24 5173 33 5261 24 5376 2 5427 35 5518 25 5632 2 5682 38 5775 24 5888 3 5937 40 6033 21 6144 3 6192 41 6290 20 6400 1 6448 42 6547 18 6656 1 6704 43 6804 17 6959 44 7061 15 7215 44 7319 10 7471 44 7535 9 7577 4 7727 44 7790 11 7981 48 8041 17 8237 48 8295 20 8477 1 8491 52 8549 21 8731 6 8746 80 8987 8 9001 81 9244 7 9257 80 9501 8 9513 5 9521 70 9757 8 9768 5 9777 70 10015 14 10034 69 10271 12 10290 69 10528 6 10547 69 10784 5 10803 70 11041 3 11061 70 11317 70 11574 69 11830 69 12086 69 12288 4 12342 68 12544 5 12565 2 12599 66 12800 5 12821 4 12855 65 13056 6 13075 7 13114 61 13312 7 13330 8 13371 8 13383 47 13568 9 13583 11 13603 4 13615 4 13640 45 13824 12 13839 11 13857 7 13871 4 13897 44 14080 13 14094 11 14112 11 14124 7 14153 43 14336 25 14368 19 14409 43 14592 23 14623 20 14666 41 14851 9 14863 8 14879 19 14922 41 15108 6 15119 8 15135 14 15177 41 15363 7 15375 8 15391 12 15433 40 15617 8 15631 8 15647 12 15687 41 15873 8 15887 8 15903 12 15943 40 16130 6 16143 8 16159 10 16199 37 16387 4 16399 8 16416 9 16455 36 16643 4 16655 8 16710 37 16899 4 16911 7 16966 36 17154 4 17165 8 17221 36 17410 4 17421 6 17477 35 17666 3 17677 4 17733 35 17922 3 17933 4 17989 35 18178 4 18189 1 18246 33 18437 1 18502 33 18691 5 18759 32 18945 9 19015 31 19201 12 19271 30 19458 10 19527 32 19715 8 19783 33 19971 7 20039 34 20229 1 20296 35 20334 1 20552 41 20809 42 21065 43 21321 44 21371 2 21576 46 21823 3 21831 48 22077 6 22087 48 22331 60 22585 62 22840 64 23095 65 23163 5 23350 76 23605 77 23859 80 24114 81 24368 83 24455 3 24623 92 24879 70 24952 9 24962 11 25134 71 25208 7 25217 12 25389 70 25465 1 25473 13 25645 70 25719 4 25729 14 25901 70 25973 6 25984 17 26156 71 26229 6 26240 17 26412 79 26495 20 26668 80 26751 20 26925 102 27181 102 27437 103 27693 103 27949 104 28205 104 28461 104 28685 3 28717 104 28937 11 28973 104 29191 15 29229 104 29446 19 29485 104 29701 21 29741 103 29954 27 29997 102 30209 30 30253 102 30465 147 30721 148 30977 48 31031 95 31233 48 31288 95 31489 48 31545 95 31745 48 31801 96 32001 50 32057 96 32257 50 32313 96 32513 153 32769 153 33024 154 33280 154 33536 154 33792 154 34048 154 34304 153 34560 153 34816 154 35072 154 35328 153 35584 152 35840 151 36096 150 36352 149 36608 147 36864 146 37120 139 37376 139 37632 140 37888 140 38144 141 38400 141 38656 141 38912 141 39168 141 39424 140 39680 136 39936 135 40192 133 40448 132 40704 131 40960 131 41216 130 41472 129 41728 129 41984 117 42103 10 42240 116 42362 4 42496 116 42752 116 43008 115 43264 115 43520 115 43776 115 44032 115 44288 115 44544 115 44800 115 45056 115 45312 115 45568 115 45824 114 46080 114 46336 113 46592 111 46848 95 46946 11 47104 95 47203 9 47360 93 47616 93 47872 93 48128 93 48384 93 48640 93 48896 93 49152 93 49408 93 49664 93 49920 95 50176 97 50275 1 50432 4 50439 97 50688 2 50697 96 50954 28 50985 65 51210 28 51241 66 51465 28 51496 67 51721 8 51731 16 51752 67 51977 8 51993 10 52009 68 52233 8 52249 9 52265 68 52490 6 52508 5 52526 63 52747 3 52785 60 53042 59 53298 59 53555 35 53594 17 53812 34 53851 15 54069 32 54107 13 54327 30 54364 11 54584 28 54621 8 54841 14 54859 8 54878 4 55099 8 55118 5 55359 3 55376 1 56322 2 56576 6 56832 9 57088 12 57151 2 57344 13 57359 4 57405 6 57600 21 57660 10 57856 21 57915 12 58112 21 58153 4 58170 14 58368 21 58409 6 58425 16 58624 21 58664 8 58681 16 58880 21 58919 9 58937 16 59136 21 59175 10 59192 17 59392 20 59431 10 59447 18 59649 15 59687 10 59702 19 59906 12 59943 10 59957 20 60199 37 60453 40 60709 40 60964 41 61219 43 61476 42 61733 41 61989 42 62245 42 62501 42 62757 42 63014 29 63044 11 63271 27 63301 10 63528 25 63558 7 63791 17 64049 9 64061 2 64307 2 65282 5
238364,0 64519 64522 251 64779 250 65035 245 65291 5 65297 239
243578,30207 1 30461 3 30715 5 30969 7 31222 10 31477 11 31727 17 31982 18 32235 21 32487 25 32741 27 32997 27 33247 33 33501 35 33752 40 34007 41 34261 43 34515 45 34767 49 35020 52 35269 59 35523 61 35777 63 36031 65 36287 65 36543 65 36795 69 37048 72 37299 77 37553 79 37806 82 38060 84 38311 89 38566 90 38819 93 39073 95 39324 100 39578 102 39828 108 40082 110 40332 116 40585 119 40838 122 41093 123 41345 127 41599 129 41852 132 42105 135 42358 138 42611 141 42863 145 43118 146 43369 151 43624 152 43876 156 44129 159 44382 162 44637 163 44889 167 45143 169 45396 172 45648 176 45901 179 46156 180 46408 184 46663 185 46917 187 47172 188 47423 193 47677 195 47925 203 48180 204 48435 205 48691 205 48945 207 49201 207 49455 209 49701 2 49706 214 49955 221 50210 222 50459 3 50465 223 50713 231 50963 237 51218 238 51469 243 51723 245 51975 249 52225 13311
246195,0 26947 26949 86 27037 165 27205 253 27461 253 27717 254 27973 254 28228 330 28561 252 28817 252 29075 6 29083 242 29334 1 29340 241 29597 240 29853 241 30111 239 30367 240 30623 241 30878 243 31133 137 31273 104 31389 135 31542 93 31638 1 31645 134 31798 98 31901 134 32053 99 32157 133 32309 99 32413 132 32565 100 32669 130 32821 228 33076 227 33331 223 33587 221 33843 205 34051 13 34097 207 34309 11 34353 207 34567 24 34603 213 34823 26 34858 214 35079 27 35113 215 35332 31 35368 251 35623 254 35878 12464 48347 250 48605 247 48861 246 49117 244 49373 243 49631 25 49662 209 49893 17 49919 207 50157 4 50176 204 50432 197 50688 195 50944 193 51200 194 51456 195 51712 195 51968 197 52224 197 52480 197 52736 196 52992 195 53248 195 53504 191 53760 191 54016 189 54272 188 54528 187 54784 187 55040 185 55296 184 55552 177 55808 176 56064 175 56320 175 56576 174 56832 173 57088 173 57344 172 57600 172 57856 172 58112 172 58368 171 58624 172 58880 172 59136 172 59392 171 59648 170 59904 169 60160 168 60416 167 60672 167 60928 166 61184 165 61440 164 61696 88 61789 68 61952 87 62046 65 62208 87 62303 20 62335 29 62464 86 62561 8 62571 5 62592 25 62720 85 62849 22 62976 85 63107 18 63232 83 63364 13 63488 82 63621 10 63744 81 63879 6 64000 81 64137 3 64256 81 64512 81 64768 82 65024 85 65280 87
246347,0 3 36 23 91 2 97 13 147 32 291 25 346 19 403 31 547 26 602 19 660 7 669 20 800 29 858 18 917 4 925 20 1055 30 1114 17 1174 3 1181 20 1309 32 1345 2 1369 16 1438 17 1565 32 1599 5 1625 16 1694 17 1819 42 1881 15 1951 15 1996 4 2074 43 2137 15 2207 14 2251 6 2328 46 2392 15 2457 2 2462 14 2507 6 2583 47 2648 15 2711 5 2717 14 2763 7 2839 46 2904 13 2965 22 3019 8 3095 36 3134 7 3160 11 3221 22 3275 8 3351 34 3416 11 3473 26 3531 9 3607 33 3672 10 3729 26 3768 5 3787 8 3863 32 3928 9 3984 28 4013 17 4043 7 4120 30 4184 9 4240 11 4252 16 4269 18 4300 5 4377 29 4440 9 4495 8 4508 35 4633 28 4696 8 4750 9 4764 36 4889 28 4953 5 5005 8 5020 37 5145 28 5211 1 5262 7 5275 38 5401 28 5518 7 5531 38 5657 27 5775 6 5786 39 5913 25 6039 41 6169 24 6295 41 6426 21 6550 41 6682 19 6806 41 6939 16 7061 42 7195 16 7317 41 7453 13 7528 4 7570 44 7709 12 7783 6 7825 45 7875 2 7965 11 8039 6 8070 6 8079 47 8128 7 8221 10 8294 7 8325 9 8335 56 8477 6 8549 9 8580 68 8665 6 8733 6 8805 9 8835 69 8921 6 8989 5 9061 9 9089 71 9176 9 9245 4 9317 9 9344 71 9432 9 9499 6 9573 10 9599 72 9687 10 9755 6 9829 10 9855 72 9943 10 10011 6 10085 97 10198 11 10267 6 10342 95 10454 11 10523 5 10599 94 10709 12 10780 3 10856 94 10965 12 11115 91 11221 12 11370 93 11477 11 11626 93 11733 10 11882 93 11989 9 12139 92 12246 7 12395 93 12503 4 12652 91 12909 90 13166 19 13186 69 13423 17 13443 68 13655 7 13667 4 13680 14 13701 65 13911 9 13922 5 13936 14 13957 65 14166 16 14192 9 14212 66 14421 16 14447 10 14466 67 14677 16 14703 10 14721 68 14801 4 14933 16 14958 11 14977 68 15055 6 15188 17 15213 12 15232 67 15311 8 15444 17 15470 11 15486 69 15566 9 15700 17 15727 10 15740 70 15821 10 15956 17 15983 9 15996 69 16077 10 16212 17 16241 6 16252 69 16329 13 16469 16 16498 3 16508 69 16585 13 16621 7 16725 15 16764 69 16840 13 16875 11 16986 9 17021 68 17095 14 17131 12 17246 4 17277 68 17351 13 17386 13 17534 67 17607 12 17642 13 17791 12 17810 47 17863 11 17898 13 17915 4 18048 10 18067 46 18119 10 18154 13 18169 7 18306 6 18325 4 18334 35 18377 4 18410 22 18564 3 18592 33 18667 21 18851 30 18923 21 19109 28 19179 21 19367 10 19381 12 19435 21 19624 9 19639 10 19690 22 19881 6 19899 6 19945 23 20138 3 20156 4 20200 24 20455 25 20710 26 20966 26 21222 26 21477 27 21733 27 21990 26 22246 26 22503 25 22762 22 23022 18 23279 17 23536 16 23793 15 24051 8 25556 5 25799 4 25812 4 26053 8 26068 4 26309 8 26324 3 26565 9 26821 9 26880 1 27077 10 27136 1 27333 10 27392 2 27588 11 27648 2 27844 11 27904 2 28102 8 28160 2 28359 6 28416 1 28652 4 28670 3 28683 3 28908 5 28924 5 28938 5 29163 6 29175 10 29193 6 29419 6 29429 11 29449 7 29676 5 29683 13 29705 7 29932 20 29962 5 30191 17 30219 4 30448 17 30704 17 30960 17 31216 17 31472 17 31728 17 31985 16 32231 5 32242 5 32255 2 32487 5 32512 2 32742 7 32768 2 32997 8 33024 3 33253 9 33280 3 33509 8 33536 4 33765 8 33792 4 34021 8 34048 4 34279 4 34304 4 34535 4 34560 4 34816 3 35072 3 35328 3 35584 4 35840 5 36096 6 36352 7 36608 7 36864 7 37120 7 37376 7 37632 7 37888 5 38146 2 41224 1 41478 3 41731 8 41985 10 42166 2 42240 11 42496 11 42752 13 43008 14 43264 17 43449 2 43520 17 43705 3 43776 19 43961 4 44032 19 44217 6 44288 20 44473 6 44544 20 44729 5 44800 21 44985 5 44992 3 45056 21 45240 6 45248 3 45312 21 45491 10 45504 2 45568 21 45745 17 45824 20 45998 20 46080 20 46253 20 46336 19 46508 20 46592 19 46764 20 46848 19 47020 19 47104 19 47276 19 47360 19 47532 18 47617 17 47788 18 47874 15 48045 16 48130 15 48301 16 48387 12 48558 9 48645 10 48814 8 48903 7 49071 6 49159 6 49327 7 49584 7 49840 8 50095 10 50351 10 50454 3 50608 11 50709 6 50865 10 50963 14 51121 10 51219 15 51378 9 51474 17 51635 9 51731 16 51891 8 51987 14 52246 11 60491 1 60746 3 61002 3 61011 2 61259 1 61265 6 61346 3 61521 6 61602 3 61778 5 61857 4 62034 5 62113 4 62507 4 62761 8 63017 8 63273 8 63528 11 63784 11 63799 4 63897 4 64040 12 64055 4 64113 2 64152 6 64179 4 64296 9 64312 4 64367 6 64407 8 64431 9 64552 2 64556 3 64569 3 64622 8 64662 12 64687 10 64813 2 64824 4 64876 11 64917 14 64941 12 65057 4 65069 2 65079 5 65129 14 65173 13 65196 13 65280 5 65287 6 65310 7 65322 19 65382 18 65427 12 65450 15 65467 5
250616,0 65536
252446, 
254228,0 65536
255130,0 65536
255132,0 173 199 31 256 171 453 31 512 170 709 30 768 167 964 27 1024 165 1219 28 1280 163 1475 28 1536 163 1731 27 1792 158 1987 26 2048 157 2243 26 2304 156 2499 25 2560 155 2755 25 2816 153 3012 23 3072 153 3268 23 3328 152 3523 22 3584 152 3779 20 3840 152 4033 16 4096 153 4289 15 4352 153 4553 4 4608 153 4853 4 4864 153 5108 164 5363 164 5604 6 5619 164 5859 8 5873 165 6115 178 6370 178 6626 178 6882 177 7138 177 7394 177 7650 177 7907 176 8163 175 8420 171 8677 169 8935 166 9191 165 9447 164 9703 163 9958 163 10213 164 10463 1 10467 166 10717 172 10972 173 11227 174 11482 174 11738 173 11993 174 12248 175 12504 174 12757 177 13012 178 13267 179 13523 178 13778 179 14033 179 14289 178 14545 176 14801 173 15056 169 15311 170 15567 160 15730 5 15822 159 15988 3 16077 158 16332 159 16587 160 16760 4 16842 161 17014 11 17097 162 17269 16 17351 164 17524 19 17544 5 17607 165 17778 30 17863 166 18033 32 18119 202 18374 203 18630 203 18885 204 19141 204 19396 204 19651 203 19907 202 20162 201 20417 202 20673 200 20929 200 21185 196 21442 193 21699 190 21956 189 22213 188 22468 189 22723 189 22979 188 23235 186 23491 186 23747 184 24003 184 24260 183 24517 180 24773 177 25030 173 25285 173 25540 174 25795 175 26051 175 26307 176 26547 5 26562 177 26802 7 26817 178 27056 10 27069 182 27311 195 27565 196 27821 193 28075 184 28263 6 28331 184 28586 185 28841 185 29097 185 29353 185 29608 185 29863 185 30113 190 30368 190 30622 192 30878 191 31133 192 31388 193 31643 194 31899 194 32153 196 32409 196 32664 197 32919 196 33175 68 33246 123 33430 69 33502 120 33685 68 33757 120 33941 68 34013 120 34197 67 34269 120 34453 66 34525 121 34708 66 34780 123 34964 65 35036 126 35219 61 35291 127 35475 60 35547 128 35730 52 35803 96 35900 31 35986 51 36058 94 36158 28 36241 52 36314 93 36415 27 36497 52 36570 92 36672 10 36686 10 36753 52 36825 92 36931 4 36945 5 37009 52 37081 90 37266 51 37337 90 37522 51 37593 88 37778 51 37849 88 38034 50 38105 88 38277 6 38289 50 38362 87 38532 8 38545 50 38619 86 38781 70 38877 84 39036 71 39133 84 39291 70 39390 83 39545 72 39646 83 39799 74 39903 82 40055 72 40160 80 40309 74 40417 78 40564 75 40673 73 40817 77 40930 72 41005 2 41072 78 41185 78 41325 81 41441 74 41516 3 41579 84 41697 74 41773 1 41834 85 41952 75 42089 86 42208 74 42344 87 42463 75 42599 88 42719 75 42854 90 42975 74 43109 91 43231 73 43363 94 43486 74 43618 95 43742 73 43869 100 43997 74 44123 102 44253 74 44375 106 44509 74 44628 109 44765 75 44882 111 45021 75 45137 112 45277 76 45393 110 45533 76 45648 111 45789 76 45903 110 46046 75 46159 106 46303 74 46414 106 46559 74 46669 106 46815 74 46924 105 47036 9 47071 74 47179 107 47290 13 47327 74 47435 78 47514 24 47541 20 47583 74 47690 77 47771 46 47839 75 47917 2 47945 78 48035 38 48095 82 48184 1 48201 78 48293 36 48351 83 48437 9 48456 79 48539 4 48551 36 48607 96 48711 81 48794 7 48808 36 48863 98 48965 93 49065 37 49120 195 49321 38 49376 195 49577 39 49633 195 49832 41 49889 195 50087 42 50147 193 50343 42 50403 237 50659 236 50915 236 51172 235 51429 233 51690 227 51947 226 52204 225 52461 224 52717 224 52974 223 53231 14 53248 206 53487 11 53504 207 53745 6 53760 207 54001 5 54016 207 54272 207 54528 207 54784 208 55040 188 55229 18 55296 187 55485 18 55552 132 55691 48 55742 17 55808 131 55949 46 55998 17 56064 130 56205 66 56320 129 56461 66 56576 129 56718 65 56832 129 56973 66 57088 127 57229 66 57344 127 57484 67 57600 127 57739 68 57856 127 57995 68 58112 128 58253 66 58368 129 58510 65 58624 129 58768 63 58880 129 59025 62 59136 129 59282 61 59392 129 59539 60 59648 76 59731 8 59743 4 59753 23 59795 61 59904 75 59989 6 60009 22 60051 61 60160 75 60268 18 60307 60 60416 74 60526 16 60563 60 60672 74 60785 12 60819 60 60928 75 61043 9 61076 58 61184 75 61333 56 61440 75 61589 56 61696 75 61848 53 61952 75 62105 52 62208 75 62364 49 62464 75 62621 47 62720 75 62880 44 62959 4 62976 75 63139 42 63214 5 63232 74 63397 40 63469 6 63488 74 63653 41 63725 7 63744 73 63910 41 63980 9 64000 73 64166 42 64235 11 64256 73 64422 42 64490 95 64678 42 64743 98 64935 42 64996 101 65191 42 65251 102 65447 42 65506 30
255544,0 19458 19459 254 19716 253 19972 252 20228 252 20484 252 20741 251 20996 252 21252 252 21509 251 21767 249 22023 249 22279 249 22535 249 22791 249 23047 249 23303 249 23560 248 23817 247 24073 247 24330 246 24587 245 24843 245 25099 245 25356 244 25613 243 25869 243 26125 243 26382 242 26638 242 26895 241 27151 241 27407 241 27663 241 27921 239 28177 239 28433 239 28689 239 28946 238 29202 238 29459 237 29715 237 29971 237 30227 237 30484 236 30740 236 30997 235 31253 235 31509 235 31765 235 32022 234 32279 233 32535 233 32791 233 33047 233 33303 233 33560 232 33816 232 34073 231 34329 231 34585 231 34841 231 35097 231 35353 231 35610 230 35866 230 36123 229 36379 229 36635 229 36892 228 37148 228 37404 228 37660 228 37916 228 38173 227 38429 227 38685 227 38941 227 39198 226 39454 226 39711 225 39967 225 40223 225 40480 224 40737 223 40993 223 41249 223 41505 223 41762 222 42019 221 42275 221 42531 221 42788 220 43044 220 43300 220 43556 220 43813 219 44069 219 44325 219 44581 219 44838 218 45094 218 45351 217 45607 217 45863 217 46119 217 46376 216 46632 216 46889 215 47145 215 47401 215 47657 215 47914 214 48171 213 48427 213 48683 213 48939 213 49195 213 49452 212 49708 212 49965 211 50221 211 50478 210 50734 210 50990 210 51247 209 51503 209 51759 209 52015 209 52272 208 52529 207 52785 207 53041 207 53297 207 53553 207 53809 207 54066 206 54323 205 54579 205 54835 205 55091 205 55348 204 55604 204 55860 204 56117 203 56373 203 56630 202 56886 202 57142 202 57399 201 57655 201 57911 201 58167 201 58424 200 58681 199 58937 199 59193 199 59449 199 59705 199 59961 199 60218 198 60475 197 60731 197 60987 197 61243 197 61500 196 61756 196 62012 196 62269 195 62525 195 62782 194 63038 194 63295 193 63551 193 63807 193 64063 193 64319 193 64576 192 64832 192 65088 192 65344 192
260940,0 118 221 24 256 117 476 24 512 117 732 23 768 115 988 23 1024 115 1243 22 1280 108 1393 1 1469 4 1499 20 1536 107 1727 1 1755 20 1792 107 2011 20 2048 106 2267 20 2304 106 2523 22 2560 106 2779 22 2816 107 3035 23 3072 107 3291 23 3328 107 3459 4 3547 23 3584 107 3713 6 3803 23 3840 107 3955 21 4059 23 4096 106 4211 22 4315 23 4350 107 4465 24 4571 22 4606 107 4720 26 4828 20 4862 104 4973 30 5071 6 5095 8 5119 104 5226 33 5326 9 5353 5 5376 139 5581 12 5632 139 5836 14 5888 140 6091 18 6144 140 6346 19 6400 140 6603 20 6656 140 6859 20 6912 141 7089 4 7115 20 7168 140 7344 5 7371 20 7424 140 7599 8 7630 17 7680 140 7855 8 7887 16 7936 139 8109 11 8145 14 8192 139 8365 12 8403 13 8448 139 8615 18 8661 12 8704 139 8870 19 8917 12 8960 139 9125 19 9173 13 9216 139 9381 19 9429 13 9472 140 9636 19 9684 14 9728 140 9892 18 9940 14 9984 139 10147 18 10196 14 10240 139 10403 18 10452 14 10496 138 10659 17 10709 14 10752 34 10789 100 10915 16 10965 14 11008 32 11046 99 11171 14 11221 15 11264 31 11301 99 11427 14 11477 15 11520 31 11555 100 11691 2 11733 16 11775 32 11809 102 11988 18 12031 135 12243 20 12287 135 12499 20 12543 134 12755 20 12799 134 13010 21 13055 134 13265 22 13312 133 13521 22 13568 137 13777 22 13824 139 14033 22 14080 139 14289 24 14336 139 14545 24 14592 141 14747 2 14802 24 14848 145 15002 4 15058 24 15104 148 15256 7 15316 23 15343 6 15359 151 15511 8 15572 23 15599 6 15614 72 15689 87 15829 22 15854 87 15947 18 15975 57 16084 23 16110 85 16203 17 16237 51 16336 114 16459 16 16494 50 16592 100 16698 5 16715 16 16751 50 16845 34 16884 63 16972 14 17007 50 17101 34 17141 62 17229 11 17265 50 17355 36 17397 62 17484 11 17521 51 17610 36 17653 22 17678 38 17739 8 17779 53 17841 1 17864 34 17909 22 17935 37 17995 7 18035 54 18095 4 18119 35 18166 21 18193 34 18249 10 18291 55 18351 4 18373 36 18421 22 18450 33 18504 11 18547 56 18607 4 18627 38 18677 21 18706 32 18759 13 18802 58 18861 6 18883 36 18933 21 18961 32 19015 14 19058 66 19139 36 19189 21 19215 33 19270 15 19313 67 19393 36 19445 21 19470 26 19498 5 19527 14 19568 69 19649 35 19701 22 19725 26 19783 15 19821 14 19837 58 19905 34 19957 22 19980 27 20041 13 20076 13 20094 58 20160 35 20214 49 20299 12 20331 13 20351 58 20415 34 20471 48 20556 11 20587 12 20607 61 20669 36 20727 17 20747 30 20813 10 20843 10 20863 96 20985 15 21004 29 21069 10 21099 10 21119 96 21243 9 21262 28 21325 11 21357 9 21375 94 21500 7 21518 29 21581 10 21613 8 21631 94 21756 4 21775 28 21838 9 21888 93 22011 5 22031 28 22095 6 22144 93 22267 5 22287 28 22401 90 22524 4 22541 30 22625 2 22658 84 22745 2 22780 4 22795 32 22881 2 22916 80 23036 4 23049 34 23125 2 23173 14 23188 63 23293 3 23304 35 23379 6 23433 9 23445 60 23551 1 23559 36 23635 6 23689 9 23701 59 23807 1 23815 36 23891 4 23945 9 23957 47 24070 37 24147 4 24201 10 24213 46 24325 44 24456 11 24471 46 24581 46 24712 11 24730 47 24837 49 24967 12 24989 46 25093 53 25223 13 25245 48 25349 59 25413 8 25479 13 25501 50 25606 59 25667 10 25736 13 25757 50 25863 72 25994 11 26013 51 26119 73 26251 10 26269 52 26375 74 26509 9 26525 52 26631 74 26765 9 26781 52 26887 74 27021 8 27036 53 27143 75 27278 7 27292 53 27399 76 27536 3 27547 55 27656 75 27803 56 27913 74 28059 56 28169 74 28315 56 28425 74 28571 56 28681 75 28827 57 28937 76 29078 1 29082 58 29191 78 29332 5 29338 57 29445 81 29587 7 29597 54 29701 81 29844 5 29853 54 29956 83 30109 52 30211 84 30365 49 30468 83 30582 15 30619 46 30725 82 30816 3 30837 18 30875 46 30982 81 31070 7 31092 22 31129 48 31238 81 31325 8 31347 24 31385 48 31495 80 31579 12 31603 26 31640 49 31751 79 31835 12 31858 28 31896 49 32008 77 32090 13 32113 30 32151 49 32265 76 32345 14 32368 32 32407 49 32523 72 32602 13 32619 39 32661 51 32780 71 32858 57 32917 51 33039 68 33117 3 33123 101 33297 66 33381 65 33447 33 33555 64 33637 64 33706 29 33812 63 33893 65 33962 29 33995 3 34068 63 34149 68 34219 36 34324 62 34405 68 34477 34 34580 61 34661 71 34733 23 34757 12 34836 61 34918 107 35091 60 35175 90 35267 14 35347 60 35431 90 35524 14 35602 60 35687 88 35781 14 35858 59 35943 86 36037 16 36113 60 36197 86 36294 16 36369 60 36449 88 36551 15 36625 60 36704 85 36807 15 36853 9 36880 61 36959 85 37064 14 37107 12 37135 60 37213 85 37329 5 37360 16 37391 60 37464 3 37468 86 37585 4 37615 17 37646 59 37717 92 37870 18 37902 58 37973 92 38125 19 38157 57 38229 92 38378 22 38413 56 38485 91 38633 23 38668 57 38739 93 38889 23 38924 57 38994 93 39144 24 39179 57 39249 83 39337 6 39399 25 39435 56 39504 83 39593 6 39655 25 39691 56 39759 83 39848 8 39911 25 39946 56 40015 72 40090 4 40104 8 40167 25 40202 55 40271 79 40359 10 40422 26 40458 54 40527 79 40614 11 40678 26 40714 53 40783 79 40869 12 40933 27 40970 51 41039 78 41125 12 41189 27 41225 50 41295 78 41381 12 41445 27 41481 50 41551 78 41636 13 41701 27 41736 51 41807 79 41891 13 41957 27 41991 53 42063 79 42146 14 42213 27 42247 52 42319 77 42401 15 42469 27 42503 52 42576 75 42657 15 42726 26 42759 52 42832 75 42914 13 42983 23 43015 52 43087 74 43172 1 43177 4 43239 22 43271 52 43343 72 43495 21 43527 51 43599 73 43751 20 43784 48 43855 75 44008 18 44040 47 44111 76 44264 18 44293 49 44365 80 44520 17 44548 49 44621 80 44776 17 44800 52 44876 81 45032 17 45056 51 45132 81 45289 16 45312 51 45388 66 45455 12 45545 15 45568 51 45643 66 45712 11 45800 16 45824 50 45899 66 45969 9 46055 18 46080 50 46155 65 46226 7 46311 18 46336 49 46411 65 46483 6 46567 19 46592 48 46667 64 46740 4 46823 19 46848 45 46923 64 47079 20 47104 43 47179 64 47334 22 47360 40 47423 6 47435 62 47590 22 47616 41 47678 8 47692 60 47846 22 47872 41 47933 9 47948 59 48101 23 48128 41 48188 10 48204 59 48357 23 48384 42 48444 11 48459 60 48572 4 48604 2 48613 23 48640 42 48701 10 48713 62 48827 6 48859 3 48868 23 48896 42 48957 74 49073 2 49083 6 49111 8 49123 24 49152 42 49213 73 49327 5 49339 6 49367 10 49379 25 49408 42 49468 73 49582 7 49593 8 49621 39 49664 42 49725 71 49837 8 49849 8 49877 39 49920 42 49981 70 50091 10 50104 8 50134 38 50176 42 50237 70 50345 12 50360 7 50391 37 50432 41 50493 69 50599 13 50617 5 50646 37 50688 41 50749 66 50855 12 50876 1 50902 35 50944 42 51005 65 51110 13 51157 34 51200 42 51260 65 51367 11 51413 34 51456 43 51515 66 51623 10 51667 35 51712 43 51771 65 51846 7 51881 7 51919 38 51968 45 52027 64 52099 11 52141 2 52173 41 52224 45 52272 1 52282 65 52355 12 52429 41 52480 51 52537 66 52610 14 52685 32 52736 51 52793 66 52866 14 52941 30 52992 52 53048 69 53121 16 53196 31 53248 52 53304 89 53452 31 53504 53 53559 92 53678 4 53708 32 53760 53 53815 92 53933 7 53964 32 54016 51 54071 93 54188 15 54220 33 54270 53 54327 93 54443 16 54476 33 54524 55 54583 94 54699 18 54733 32 54775 60 54839 94 54951 1 54954 19 54989 18 55011 10 55029 63 55095 94 55203 26 55235 4 55247 16 55270 7 55284 160 55459 26 55491 6 55503 16 55526 7 55539 160 55714 27 55745 8 55762 12 55785 2 55795 159 55970 27 56001 8 56019 11 56049 160 56225 28 56257 8 56275 10 56302 162 56480 29 56513 9 56532 9 56557 162 56735 29 56769 9 56790 5 56805 170 56991 28 57025 9 57061 170 57247 26 57283 6 57316 170 57503 26 57540 4 57571 171 57759 21 57827 171 58016 19 58083 170 58272 17 58298 7 58339 169 58529 16 58553 8 58595 37 58633 128 58787 14 58808 9 58851 36 58890 127 59045 14 59064 9 59107 35 59147 78 59228 45 59303 26 59364 35 59403 76 59484 45 59559 26 59620 113 59741 45 59816 25 59876 113 59997 45 60072 25 60132 110 60253 45 60328 13 60345 7 60388 106 60510 44 60584 12 60602 5 60644 103 60767 43 60840 11 60900 103 61024 42 61097 10 61156 66 61223 34 61285 36 61354 5 61412 37 61451 26 61479 34 61541 36 61667 34 61709 24 61737 30 61797 23 61823 8 61923 34 61967 6 61974 14 61993 29 62053 21 62083 1 62178 34 62232 45 62308 22 62434 33 62489 44 62563 23 62689 34 62747 5 62753 36 62819 24 62945 34 63005 40 63075 24 63201 33 63263 39 63330 25 63457 33 63519 38 63586 26 63713 31 63746 1 63777 36 63841 28 63967 33 64002 1 64033 22 64057 12 64083 2 64095 31 64223 33 64257 10 64289 32 64336 46 64478 34 64513 12 64545 32 64591 48 64733 35 64769 13 64801 32 64847 48 64989 35 65025 14 65057 31 65103 48 65245 35 65282 15 65313 31 65357 50 65499 37
263633,0 29 77 14 256 30 321 4 331 16 512 33 575 8 586 18 768 34 827 34 1024 35 1082 36 1280 37 1337 42 1536 37 1583 4 1593 44 1792 37 1833 12 1847 47 2048 37 2089 13 2103 48 2304 39 2345 62 2560 40 2601 62 2816 103 3072 91 3167 8 3328 90 3584 81 3668 5 3840 81 4097 80 4353 65 4422 11 4609 64 4679 10 4865 61 4937 7 5121 60 5193 6 5378 53 5635 51 5891 49 6147 38 6188 7 6403 37 6659 37 6913 39 7168 40 7424 39 7539 5 7680 39 7795 6 7936 39 8051 6 8192 39 8307 10 8448 40 8562 17 8704 40 8818 18 8960 41 9074 19 9216 41 9330 19 9472 41 9586 20 9728 41 9842 21 9984 43 10098 22 10240 43 10354 23 10496 45 10610 23 10752 45 10867 22 11008 46 11124 21 11264 47 11381 20 11520 49 11640 16 11776 50 11897 15 12032 51 12153 14 12288 51 12410 11 12544 51 12667 8 12800 51 12923 8 13056 51 13183 1 13314 48 13573 44 13829 43 14084 45 14209 1 14340 45 14464 3 14594 47 14720 6 14849 49 14976 8 14997 3 15104 51 15231 12 15251 6 15360 51 15412 3 15487 12 15506 8 15616 59 15742 14 15762 9 15872 60 15997 17 16017 11 16049 4 16128 61 16251 34 16304 10 16384 61 16507 35 16559 12 16640 61 16761 37 16814 14 16896 62 17017 37 17070 15 17152 62 17271 39 17325 16 17408 63 17475 1 17527 39 17579 18 17664 73 17783 38 17835 18 17921 72 18039 38 18090 19 18176 74 18296 36 18345 27 18432 75 18553 33 18601 28 18688 75 18809 26 18857 29 18944 75 19065 25 19113 29 19200 74 19321 25 19369 29 19456 73 19576 25 19626 28 19712 7 19723 62 19829 22 19853 3 19883 27 19968 6 19979 62 20085 21 20139 27 20224 7 20235 61 20337 24 20393 29 20480 8 20491 61 20592 25 20647 31 20736 72 20847 23 20903 31 20992 72 21103 21 21158 31 21248 73 21359 20 21413 32 21504 72 21615 20 21669 32 21760 72 21873 18 21925 32 22016 72 22131 16 22181 32 22272 72 22389 12 22437 31 22528 72 22647 8 22694 30 22784 3 22791 65 22950 29 23040 3 23047 66 23207 28 23296 2 23305 64 23463 27 23553 2 23562 65 23719 26 23809 4 23821 63 23976 21 24065 8 24081 6 24091 50 24233 18 24321 8 24347 50 24490 13 24577 9 24603 50 24747 10 24833 10 24859 50 25005 4 25089 10 25115 50 25344 13 25371 50 25601 12 25627 50 25857 11 25882 49 26115 9 26138 49 26393 50 26649 49 26905 48 27071 1 27161 48 27326 3 27418 45 27581 5 27674 45 27837 6 27933 40 28093 6 28191 38 28349 6 28448 37 28605 6 28705 36 28861 6 28962 35 29118 5 29219 34 29375 3 29453 4 29475 34 29532 6 29708 5 29731 34 29787 8 29964 5 29987 34 30043 10 30215 3 30219 6 30243 34 30299 16 30465 16 30498 35 30554 17 30720 17 30754 35 30810 17 30976 17 31010 36 31066 18 31232 18 31267 35 31322 18 31488 18 31523 35 31577 20 31713 4 31744 18 31779 35 31833 20 31967 7 32000 18 32036 33 32087 24 32222 10 32256 18 32293 32 32343 25 32478 11 32512 18 32548 33 32599 27 32734 11 32768 18 32804 31 32855 28 32990 11 33024 20 33058 32 33111 29 33246 11 33280 24 33306 39 33367 28 33502 11 33536 64 33623 28 33759 10 33792 64 33880 27 34015 10 34048 63 34137 25 34272 9 34304 63 34393 24 34529 7 34560 63 34650 23 34785 5 34817 62 34906 21 35074 61 35163 19 35331 60 35419 19 35590 57 35664 2 35679 15 35783 1 35847 57 35917 6 35938 12 36038 4 36104 75 36195 12 36291 8 36361 75 36452 11 36546 10 36559 1 36618 74 36709 10 36801 17 36874 74 36966 8 37056 19 37131 73 37225 4 37311 20 37387 72 37567 20 37643 72 37822 21 37899 72 38078 19 38155 70 38334 19 38411 70 38591 18 38666 70 38847 18 38921 70 39104 17 39177 70 39361 16 39433 70 39618 15 39687 52 39745 12 39875 14 39943 46 40002 9 40131 4 40139 6 40199 45 40260 5 40388 1 40396 4 40455 45 40711 44 40876 11 40967 45 41130 16 41223 45 41385 20 41480 45 41641 21 41737 45 41896 23 41993 46 42151 24 42251 45 42408 27 42509 43 42664 29 42766 43 42920 29 43022 43 43176 29 43278 43 43432 30 43535 42 43688 30 43791 42 43944 29 44047 41 44200 29 44305 39 44456 28 44565 35 44712 27 44823 33 44968 27 45080 32 45224 27 45337 31 45479 28 45593 32 45735 28 45849 32 45992 27 46104 34 46248 27 46300 3 46359 36 46505 28 46555 5 46615 36 46761 28 46811 6 46870 37 47019 27 47067 6 47105 4 47125 38 47275 28 47323 6 47360 7 47380 38 47429 2 47533 28 47579 5 47616 7 47635 39 47685 2 47789 28 47837 1 47872 7 47889 40 48044 31 48128 8 48145 40 48299 32 48384 7 48399 43 48448 6 48552 36 48630 7 48640 7 48655 44 48702 9 48807 38 48885 9 48896 5 48909 59 49061 40 49141 10 49152 4 49165 60 49317 40 49397 9 49408 1 49420 61 49573 39 49652 9 49676 61 49829 39 49907 10 49931 63 50085 39 50159 12 50187 64 50341 39 50414 11 50443 64 50597 38 50670 11 50699 64 50853 38 50926 11 50957 6 50970 50 51109 38 51182 11 51213 6 51227 50 51365 38 51438 7 51484 49 51617 40 51694 5 51741 48 51872 41 51950 5 51996 49 52059 5 52125 43 52207 2 52252 49 52314 7 52380 42 52508 48 52569 10 52634 43 52764 47 52825 10 52889 44 53013 1 53021 46 53080 13 53144 45 53277 46 53335 14 53400 46 53535 44 53585 22 53655 50 53792 43 53840 23 53911 50 54049 41 54095 25 54168 24 54195 21 54254 7 54305 40 54351 25 54425 22 54453 18 54509 8 54561 40 54607 26 54681 20 54710 15 54765 9 54816 40 54863 26 54937 20 54967 5 55021 10 55071 40 55115 1 55119 27 55193 18 55276 11 55301 4 55326 75 55449 18 55532 11 55556 7 55579 78 55681 7 55705 16 55788 11 55811 9 55833 80 55933 12 55961 16 56044 11 56067 10 56082 87 56187 14 56218 23 56299 12 56324 9 56337 87 56441 17 56474 24 56555 12 56571 4 56579 10 56591 88 56697 18 56730 25 56778 1 56811 21 56835 99 56953 18 56986 25 57033 4 57065 23 57091 98 57209 18 57241 26 57280 15 57314 30 57347 98 57465 18 57496 28 57535 18 57561 2 57569 31 57603 96 57721 19 57751 105 57859 94 57977 19 58006 106 58117 92 58233 16 58261 107 58373 91 58489 15 58517 107 58629 90 58745 14 58773 107 58885 89 59001 14 59029 107 59141 86 59257 12 59285 107 59397 85 59514 10 59541 107 59653 83 59771 6 59781 4 59797 107 59910 81 60028 4 60037 5 60052 108 60167 78 60291 125 60423 6 60430 71 60547 125 60687 69 60801 127 60945 66 61056 128 61211 56 61311 129 61467 56 61567 129 61723 54 61823 129 61979 52 62079 129 62235 49 62333 131 62491 46 62588 132 62746 47 62842 134 63001 48 63097 135 63257 47 63351 137 63513 47 63606 138 63769 48 63860 140 64025 48 64115 141 64269 1 64281 48 64369 143 64523 4 64537 48 64624 144 64777 6 64793 48 64879 145 65033 6 65049 48 65135 145 65289 4 65305 47 65391 145
268600,0 55681 55682 254 55938 180 56121 70 56195 179 56378 69 56451 179 56633 71 56707 179 56889 72 56963 179 57143 8393
269087,0 65536
270495,0 12 39 57 107 2 114 3 120 24 152 60 221 20 255 12 295 49 347 5 363 2 370 27 404 1 407 60 477 21 511 12 551 49 603 5 626 22 659 3 663 60 733 21 767 11 808 48 881 17 915 64 990 20 1023 11 1063 49 1135 18 1170 66 1246 20 1279 10 1319 50 1390 19 1425 68 1504 19 1535 10 1575 50 1645 20 1681 68 1759 20 1790 11 1831 49 1899 22 1937 69 2014 21 2044 13 2087 28 2116 20 2154 23 2193 69 2270 21 2299 14 2343 25 2383 8 2409 27 2449 69 2525 22 2554 15 2599 24 2664 29 2705 69 2780 22 2810 15 2855 24 2919 30 2961 68 3036 5 3043 15 3066 14 3112 21 3175 30 3217 67 3293 4 3299 15 3322 12 3369 10 3431 29 3473 66 3559 11 3581 8 3626 9 3687 28 3729 66 3816 10 3838 6 3943 26 3985 65 4073 9 4095 5 4199 26 4241 64 4329 10 4352 5 4363 6 4372 6 4455 24 4497 64 4585 10 4608 7 4618 23 4711 24 4753 64 4841 9 4864 35 4967 23 5009 63 5099 6 5111 4 5120 35 5223 23 5264 64 5366 5 5376 36 5479 23 5519 62 5620 8 5632 36 5735 22 5775 58 5876 8 5888 33 5991 22 6031 56 6132 8 6144 33 6247 22 6287 56 6387 9 6400 32 6483 2 6505 18 6543 46 6592 6 6644 7 6656 32 6739 3 6744 1 6762 17 6799 45 6849 4 6901 4 6912 31 6995 3 7020 13 7056 44 7168 31 7251 2 7277 11 7313 43 7424 31 7571 41 7625 6 7680 31 7827 41 7880 9 7936 31 8085 40 8135 12 8192 31 8341 40 8391 13 8448 30 8599 37 8646 15 8704 30 8856 36 8902 15 8960 29 9064 2 9125 22 9158 16 9216 28 9320 2 9382 21 9414 15 9472 26 9533 2 9543 4 9554 7 9639 20 9671 14 9727 26 9787 19 9807 11 9895 20 9927 13 9982 23 10041 38 10152 19 10186 9 10237 23 10296 40 10409 18 10445 3 10492 23 10550 44 10665 18 10748 23 10805 46 10921 18 11004 23 11061 48 11177 16 11261 22 11317 48 11433 8 11443 2 11517 23 11573 47 11690 6 11775 21 11828 47 11947 4 12031 22 12084 45 12204 1 12288 21 12340 45 12544 21 12595 44 12667 8 12800 20 12850 45 12923 10 13056 20 13105 44 13168 2 13177 20 13312 19 13361 44 13423 3 13433 23 13568 19 13616 43 13679 35 13799 7 13824 18 13871 44 13935 36 14055 8 14080 18 14127 44 14189 39 14310 13 14336 18 14382 46 14444 40 14565 16 14592 18 14637 49 14698 43 14821 18 14848 18 14893 54 14951 46 15000 3 15076 20 15104 18 15148 113 15300 7 15331 22 15360 18 15404 113 15555 9 15575 1 15587 23 15616 19 15660 113 15809 12 15829 6 15843 24 15872 19 15916 113 16064 13 16085 6 16098 25 16128 20 16171 114 16317 18 16339 8 16355 25 16384 21 16427 114 16564 4 16571 32 16611 26 16640 21 16684 113 16809 51 16866 27 16896 21 16941 113 17064 55 17120 29 17152 22 17199 111 17319 86 17408 23 17455 112 17575 86 17664 23 17713 110 17829 88 17920 23 17969 50 18025 55 18085 88 18176 22 18224 49 18284 145 18432 21 18478 51 18540 145 18688 21 18732 53 18796 146 18944 21 18987 54 19051 148 19200 20 19241 56 19305 170 19497 56 19560 165 19751 58 19814 166 20006 59 20069 166 20260 206 20469 22 20515 206 20725 7 20736 11 20770 183 20955 20 20982 4 20992 11 21026 183 21211 19 21239 1 21248 9 21282 181 21467 17 21505 10 21538 181 21724 15 21763 10 21795 180 21981 12 22007 1 22020 10 22051 180 22238 9 22263 1 22276 11 22307 179 22510 11 22531 12 22563 178 22765 13 22787 13 22819 178 23020 15 23043 13 23075 177 23275 16 23297 15 23331 174 23529 20 23553 14 23587 173 23785 20 23808 14 23842 173 24039 23 24064 13 24096 174 24294 25 24320 13 24353 172 24549 26 24576 13 24609 172 24805 26 24832 13 24866 171 25057 30 25088 13 25113 3 25123 169 25310 33 25345 27 25379 169 25563 36 25601 28 25636 167 25818 37 25857 28 25892 47 25940 21 25965 68 26037 22 26073 39 26113 28 26149 46 26200 15 26223 66 26295 20 26329 39 26370 27 26404 45 26459 10 26481 64 26549 22 26584 39 26627 27 26660 45 26715 8 26739 62 26803 24 26840 39 26885 26 26915 44 26997 60 27058 24 27095 37 27141 74 27253 84 27351 34 27397 70 27509 84 27607 32 27653 65 27719 4 27765 84 27863 32 27909 62 28021 84 28119 30 28165 60 28257 1 28277 84 28374 31 28422 59 28511 5 28533 83 28630 29 28679 56 28767 6 28789 82 28886 28 28935 52 29023 6 29047 79 29141 29 29191 52 29280 4 29303 79 29397 28 29447 50 29505 3 29561 29 29593 20 29617 2 29624 12 29653 28 29703 50 29761 2 29818 27 29850 17 29881 10 29909 27 29959 50 30016 1 30076 15 30107 10 30139 7 30159 2 30165 26 30215 50 30272 1 30335 11 30397 4 30414 4 30421 26 30464 3 30471 52 30525 4 30594 7 30667 36 30715 9 30726 59 30852 4 30923 11 30935 24 30971 70 31178 12 31192 23 31226 74 31433 12 31449 20 31481 80 31587 2 31689 12 31705 18 31737 81 31841 5 31945 12 31962 17 31992 83 32095 7 32201 13 32218 15 32247 84 32350 8 32457 13 32474 15 32503 84 32603 11 32713 14 32730 15 32759 82 32859 11 32969 14 32986 14 33015 80 33109 20 33227 12 33243 12 33271 78 33364 22 33484 11 33499 11 33527 75 33619 11 33634 9 33742 10 33756 9 33784 62 33849 8 33875 11 33892 7 33999 8 34013 7 34041 62 34131 10 34145 2 34148 8 34256 5 34297 62 34387 10 34401 2 34404 9 34513 3 34554 61 34643 9 34657 2 34660 9 34811 61 34899 9 34917 9 35067 61 35143 3 35155 8 35173 11 35323 61 35399 2 35411 9 35428 12 35578 63 35651 5 35667 10 35680 17 35709 3 35833 9 35845 52 35907 5 35923 30 35965 4 36089 7 36102 51 36161 6 36181 28 36219 8 36346 1 36351 1 36359 50 36417 6 36438 27 36475 12 36615 50 36673 6 36700 5 36707 14 36729 16 36871 50 36928 6 36966 11 36984 18 37127 50 37184 5 37223 36 37383 50 37441 3 37479 37 37641 48 37735 38 37792 11 37897 48 37991 7 38000 29 38046 13 38155 46 38245 8 38259 28 38301 15 38327 8 38413 22 38436 20 38501 6 38515 30 38555 18 38583 8 38671 18 38699 12 38753 1 38757 3 38771 33 38809 20 38837 15 38935 9 38956 11 39008 3 39014 1 39028 34 39063 23 39093 16 39193 6 39213 7 39263 6 39284 59 39347 20 39450 4 39470 5 39518 6 39540 59 39603 20 39773 6 39797 82 40029 6 40053 82 40188 4 40247 16 40286 1 40308 59 40369 22 40441 7 40503 17 40563 59 40625 22 40695 9 40757 21 40819 58 40882 21 40951 9 41013 22 41075 57 41137 22 41207 9 41267 26 41331 55 41393 22 41463 9 41523 26 41587 55 41649 22 41719 9 41779 26 41843 54 41906 31 41975 9 42035 26 42099 54 42163 31 42231 9 42291 26 42355 54 42418 33 42487 9 42547 26 42611 53 42674 34 42723 5 42744 8 42804 25 42868 51 42930 35 42976 13 43000 8 43061 23 43125 50 43186 35 43225 2 43231 16 43256 11 43319 20 43383 45 43442 36 43481 23 43512 13 43575 20 43639 45 43698 37 43736 25 43767 17 43833 17 43882 4 43896 43 43955 62 44023 18 44090 15 44137 6 44153 42 44211 63 44278 19 44346 14 44391 9 44409 42 44467 62 44534 20 44602 13 44647 10 44665 42 44724 61 44791 19 44859 12 44902 26 44930 33 44980 60 45047 19 45117 2 45156 25 45188 31 45236 59 45304 18 45391 4 45408 27 45446 29 45492 57 45562 16 45642 11 45664 29 45702 29 45747 57 45824 10 45896 13 45919 31 45959 26 46003 56 46080 10 46151 15 46171 35 46215 20 46259 55 46336 9 46407 15 46425 38 46471 18 46515 32 46549 20 46592 9 46663 57 46727 18 46771 30 46806 19 46848 9 46919 57 46983 18 47030 25 47066 13 47104 8 47175 57 47239 18 47288 23 47325 2 47360 7 47431 58 47495 18 47547 19 47616 7 47687 57 47751 17 47803 19 47872 7 47944 55 48007 7 48048 2 48061 17 48128 6 48201 54 48263 6 48303 4 48317 16 48384 6 48457 53 48519 6 48560 2 48575 14 48640 5 48714 52 48775 6 48817 1 48831 12 48896 5 48966 1 48970 51 49031 5 49091 4 49152 5 49220 57 49288 3 49408 5 49475 57 49664 5 49730 58 49920 6 49983 60 50176 7 50239 60 50432 7 50494 61 50657 2 50688 8 50750 63 50911 4 50944 8 50953 12 51004 70 51166 7 51200 23 51259 74 51422 7 51456 24 51513 78 51677 8 51712 25 51767 80 51933 9 51968 31 52020 84 52190 8 52224 31 52275 86 52447 6 52480 32 52529 88 52704 5 52736 32 52784 89 52961 4 52992 33 53038 90 53248 33 53294 90 53504 33 53549 90 53760 33 53805 89 54016 34 54061 89 54272 34 54317 88 54528 34 54572 90 54784 34 54828 90 55040 34 55083 92 55296 34 55339 94 55552 34 55595 96 55808 34 55851 97 56064 35 56107 98 56320 39 56363 98 56576 39 56617 100 56832 40 56873 100 57088 141 57344 141 57600 38 57639 102 57790 3 57856 37 57895 102 58046 3 58112 37 58151 102 58269 16 58301 4 58345 4 58368 37 58407 101 58522 19 58557 4 58592 15 58624 137 58775 23 58845 20 58880 137 59030 24 59101 20 59136 135 59285 26 59355 22 59392 135 59541 26 59610 23 59648 137 59797 26 59864 25 59904 138 60053 25 60119 26 60160 138 60308 26 60375 25 60416 139 60564 25 60630 26 60672 140 60820 25 60886 25 60928 141 61076 24 61142 25 61184 142 61333 22 61398 24 61440 142 61589 22 61654 24 61696 142 61845 20 61910 24 61952 142 62102 18 62165 25 62208 142 62359 16 62420 27 62464 142 62615 14 62675 28 62720 142 62872 12 62930 29 62976 142 63129 10 63185 30 63232 143 63388 3 63441 32 63488 55 63547 85 63697 33 63744 55 63807 82 63953 34 64000 49 64053 2 64069 76 64209 34 64256 48 64323 78 64465 35 64512 48 64579 78 64721 35 64768 47 64824 2 64834 78 64978 35 65024 47 65080 7 65089 78 65234 35 65280 46 65336 86 65489 36
271746,8433 2 8687 4 8943 4 9199 3 9455 4 9711 4 9967 4 10222 7 10477 9 10734 9 10991 8 11247 8 11503 7 11759 7 12015 6 12268 8 12523 9 12777 11 13033 11 13287 14 13543 13 13799 13 14055 13 14311 13 14567 13 14824 12 15081 11 15337 10 15593 10 15849 9 16106 7 16817 4 17072 5 17327 6 17583 4 19364 1 19619 2 19874 5 20130 5 21248 3 21504 3 21760 3 22016 4 22272 3 22528 1 30181 4 30436 7 30691 8 30947 8 31203 8 31459 8 31716 7 31973 6 42743 4 42998 6 43253 7 43509 6 43765 6 44022 2 45543 5 45799 6 46054 9 46309 10 46565 11 46820 12 47063 10 47075 13 47318 26 47360 2 47573 26 47616 3 47829 26 47872 4 48081 28 48128 4 48337 4 48344 21 48384 4 48593 2 48601 11 48614 5 48640 4 48857 9 48896 3 49060 4 49113 8 49152 2 49317 2 49369 6 49620 2 49626 3 49875 10 49961 6 50131 8 50217 8 50386 9 50472 11 50642 9 50727 12 50898 10 50983 14 51154 10 51239 14 51410 9 51495 13 51667 8 51751 13 51923 7 52009 10 52265 10 52522 8 52779 7 53027 2 53037 4 53245 3 53283 2 53293 4 53499 5 53538 3 53550 1 53753 7 53795 1 53805 2 54008 8 54061 3 54262 10 54315 5 54517 11 54572 4 54599 4 54771 13 54829 3 54855 5 55027 13 55085 2 55110 8 55283 13 55366 9 55539 13 55622 19 55794 14 55878 19 56050 14 56134 18 56306 14 56391 16 56562 14 56646 17 56819 13 56902 15 57076 12 57158 11 57334 10 57414 9 57592 8 57671 7 57854 2 57928 5 58368 1 58624 9 58880 9 59136 11 59392 11 59648 12 59904 12 60160 12 60416 12 60672 12 60840 8 60928 11 61095 10 61184 11 61351 12 61440 11 61607 12 61631 1 61637 4 61696 10 61862 14 61884 15 61952 10 62117 15 62139 16 62208 9 62373 16 62395 16 62465 8 62628 18 62651 16 62884 18 62908 15 63140 18 63165 14 63397 17 63421 14 63653 17 63677 14 63910 15 63934 11 64166 15 64191 10 64420 13 64448 7 64675 12 64707 2 64931 11 65187 10 65425 3 65442 10
274444,0 65536
280079,0 65536
283388,13 224 248 8 270 225 502 10 526 225 757 11 782 228 1011 13 1038 242 1295 241 1551 241 1807 241 2063 241 2321 239 2577 239 2835 237 3093 235 3357 227 3613 227 3879 217 4137 215 4393 215 4649 215 4906 81 4991 129 5162 81 5248 128 5419 75 5505 127 5675 74 5761 127 5931 74 6018 126 6165 1 6187 73 6275 125 6416 11 6443 72 6531 125 6671 13 6699 37 6743 28 6787 125 6927 23 6957 34 7001 25 7045 123 7182 25 7213 2 7217 30 7257 24 7301 123 7437 28 7473 30 7514 17 7557 104 7667 13 7693 28 7729 30 7770 17 7813 103 7923 13 7945 31 7982 33 8027 14 8070 101 8177 15 8199 33 8237 34 8283 14 8327 99 8433 15 8451 40 8492 35 8541 9 8587 92 8690 14 8705 78 8799 4 8844 91 8946 14 8961 78 9101 88 9204 12 9217 78 9357 87 9461 90 9614 84 9721 87 9871 82 9978 87 10093 5 10128 79 10237 3 10241 80 10349 6 10385 77 10494 83 10604 7 10640 76 10751 10 10765 68 10860 7 10895 77 11008 5 11025 64 11116 13 11151 76 11264 5 11281 63 11373 13 11407 76 11520 4 11538 11 11551 46 11630 13 11662 75 11776 4 11794 11 11809 40 11890 10 11918 74 12032 5 12050 10 12067 36 12147 13 12177 3 12185 62 12288 5 12306 10 12326 33 12403 14 12444 57 12544 7 12563 8 12585 8 12596 18 12659 14 12701 53 12800 8 12820 7 12842 5 12852 17 12915 14 12957 52 13056 9 13109 16 13172 13 13213 43 13260 5 13312 9 13365 14 13429 12 13470 41 13568 10 13621 12 13685 12 13726 38 13824 10 13877 12 13942 11 13982 37 14080 10 14135 6 14199 10 14239 37 14323 10 14336 10 14455 10 14496 37 14579 10 14592 10 14711 9 14753 44 14834 12 14848 10 14967 9 15011 42 15064 3 15090 13 15104 9 15224 7 15277 34 15318 6 15345 14 15360 9 15478 9 15536 32 15573 8 15601 14 15616 8 15733 10 15797 5 15807 34 15857 14 15872 7 15989 10 16054 3 16063 34 16113 14 16128 7 16171 3 16245 11 16308 7 16319 36 16369 22 16427 4 16501 12 16564 47 16625 22 16682 6 16757 12 16819 48 16881 22 16937 7 17013 13 17075 49 17137 9 17147 11 17193 8 17269 14 17331 49 17393 6 17404 9 17449 8 17525 14 17587 50 17649 5 17661 7 17705 7 17780 15 17843 50 17920 3 17962 6 18036 15 18099 50 18292 15 18355 50 18549 14 18577 4 18612 50 18805 14 18831 6 18869 49 19061 14 19086 8 19126 48 19317 14 19341 10 19385 4 19393 37 19574 13 19597 13 19650 36 19831 11 19853 18 19909 33 20087 11 20109 19 20166 32 20344 9 20365 21 20420 34 20601 6 20621 22 20676 34 20877 22 20931 35 21133 23 21163 4 21187 35 21388 25 21418 7 21443 36 21644 25 21674 7 21699 36 21901 25 21929 9 21955 38 22157 25 22185 10 22211 38 22413 26 22441 10 22468 38 22584 1 22670 25 22696 11 22724 39 22838 6 22928 25 22954 9 22980 39 23093 8 23185 24 23210 9 23237 38 23349 8 23445 20 23467 8 23493 38 23605 8 23701 19 23723 8 23749 38 23862 7 23960 13 24005 38 24118 7 24220 1 24224 4 24261 37 24375 6 24518 37 24632 4 24775 36 25032 35 25288 35 25545 33 25801 33 25858 7 26058 31 26113 10 26315 30 26368 14 26573 27 26624 15 26831 24 26880 15 27089 21 27136 15 27171 4 27346 19 27392 15 27424 9 27605 16 27648 15 27679 10 27861 15 27904 16 27934 11 28119 13 28160 16 28189 13 28378 9 28416 18 28445 13 28595 4 28636 4 28672 19 28702 12 28850 6 28928 20 28958 12 29105 8 29184 21 29215 11 29360 9 29440 21 29471 11 29615 10 29696 21 29728 9 29871 10 29952 22 30126 11 30208 23 30382 11 30464 23 30638 10 30720 24 30894 10 30976 24 31151 8 31233 24 31407 7 31493 4 31505 8 31763 6 32021 6 32277 6 32533 7 32789 7 33045 7 33301 7 33558 5 33815 3 38309 6 38561 10 38815 13 38848 5 39055 5 39068 16 39104 5 39309 10 39323 17 39359 7 39565 11 39578 19 39615 7 39821 37 39869 10 40077 39 40125 10 40333 41 40381 10 40589 41 40637 10 40844 45 40893 12 41099 49 41149 12 41353 65 41609 67 41863 70 42118 71 42373 72 42629 72 42885 72 43141 71 43233 3 43396 72 43487 13 43651 72 43743 14 43902 77 43998 17 44157 74 44233 2 44253 18 44413 72 44509 18 44668 72 44765 19 44923 72 45021 19 45180 71 45277 19 45437 69 45533 19 45693 68 45789 19 45843 6 45949 68 46046 17 46098 7 46205 68 46302 17 46354 7 46461 68 46558 13 46609 8 46717 67 46815 10 46865 7 46972 68 47071 6 47121 6 47228 68 47327 5 47378 3 47483 74 47561 8 47739 88 47994 69 48064 20 48250 67 48320 21 48505 68 48575 23 48761 94 49016 97 49272 98 49528 99 49784 100 49890 3 50041 100 50145 6 50298 99 50401 6 50553 102 50656 10 50808 115 51063 24 51090 89 51318 26 51346 89 51573 118 51829 119 52085 120 52341 120 52598 119 52854 119 53114 115 53373 112 53630 110 53886 110 54143 109 54399 109 54656 108 54913 106 55171 104 55429 102 55538 1 55687 10 55710 76 55794 2 55945 4 55969 73 56050 2 56226 73 56306 1 56482 73 56562 1 56738 83 56857 6 56993 85 57111 11 57249 86 57367 12 57505 88 57623 14 57761 89 57879 14 58017 89 58133 16 58273 89 58388 17 58530 88 58643 18 58787 88 58899 18 59044 87 59154 19 59306 81 59410 18 59565 80 59666 17 59823 80 59922 17 60080 79 60178 17 60337 79 60434 16 60594 78 60691 14 60719 8 60851 77 60947 14 60974 9 61108 76 61204 11 61229 11 61366 74 61461 10 61485 12 61623 73 61740 14 61880 72 61996 14 62137 71 62251 15 62395 69 62507 16 62535 3 62653 67 62763 16 62789 7 62911 65 63019 16 63045 8 63169 63 63275 34 63426 62 63531 34 63681 63 63787 34 63937 63 64043 34 64193 63 64299 36 64449 63 64556 35 64705 63 64812 35 64961 63 65068 35 65217 63 65325 34 65473 63
283877,209 9 239 17 465 8 497 12 510 2 721 7 753 12 980 1 1011 10 1268 9 1526 7 1783 6 2039 6 2241 4 2295 5 2497 4 2752 5 3007 6 3264 5 3521 2 21760 3 22016 3 22272 5 22528 5 22784 5 23040 6 23296 6 23552 7 23808 7 24064 7 24320 7 24576 7 24832 6 25088 5 25290 3 25344 1 25545 4 25801 4 26057 4 26313 3 31387 4 31598 8 31641 8 31853 10 31896 10 32107 13 32151 12 32362 15 32406 14 32617 18 32661 15 32872 19 32917 16 33127 21 33172 18 33193 1 33383 22 33428 24 33637 24 33684 27 33893 24 33940 28 34148 25 34196 29 34403 27 34452 30 34659 27 34708 31 34772 4 34915 28 34963 32 35027 6 35171 28 35219 33 35281 9 35427 28 35475 33 35537 9 35683 28 35731 33 35791 12 35939 28 35986 35 36047 12 36195 27 36242 39 36303 12 36450 28 36497 40 36559 12 36706 27 36753 41 36815 11 36962 26 37009 42 37071 10 37218 23 37264 43 37327 10 37475 22 37521 42 37584 9 37733 17 37777 43 37841 7 37989 16 38033 44 38097 6 38252 6 38289 44 38545 44 38802 43 39059 42 39315 42 39571 41 39828 5 39841 26 40086 1 40098 25 40354 23 40610 23 40866 10 40879 8 41122 9 41378 9 41634 9 41891 6 42147 5 43019 2 43273 5 43422 2 43529 6 43677 4 43784 7 43933 5 44040 7 44169 1 44189 6 44295 8 44445 4 44551 7 44702 3 44808 5 45066 2 46030 2 46284 5 46537 10 46789 14 47042 18 47295 21 47549 23 47601 6 47805 23 47857 8 48059 24 48111 13 48315 24 48365 17 48569 26 48621 18 48825 25 48877 18 49080 26 49133 19 49337 25 49389 19 49593 25 49646 18 49849 25 49902 18 50064 5 50107 22 50159 17 50319 7 50363 22 50415 17 50573 8 50620 18 50672 16 50825 12 50877 16 50928 16 51080 13 51133 15 51184 16 51335 14 51389 14 51440 16 51590 13 51645 13 51697 15 51846 12 51901 12 51953 15 52102 15 52159 6 52209 15 52358 11 52370 9 52416 3 52465 15 52615 22 52721 15 52873 21 52977 14 53133 18 53233 12 53389 20 53489 9 53644 23 53747 4 53900 24 54003 3 54156 25 54411 26 54668 25 54925 25 55181 25 55437 25 55693 26 55949 26 56205 26 56462 25 56719 22 56889 3 56976 19 57142 8 57235 6 57397 10 57651 13 57907 14 58163 20 58419 21 58675 22 58931 22 59187 22 59443 24 59700 23 59956 24 60211 25 60467 25 60723 26 60978 27 61017 3 61234 27 61271 7 61489 28 61523 12 61745 28 61775 16 62001 29 62031 16 62257 47 62513 48 62769 26 62797 20 63025 26 63054 19 63281 25 63311 18 63537 24 63567 18 63793 18 63823 18 64048 19 64080 17 64305 16 64337 15 64561 16 64593 15 64817 14 64850 13 65073 14 65106 13 65329 12 65363 12
291134,0 65536
293458,137 3 144 47 402 44 658 44 915 42 1171 42 1325 5 1428 40 1581 6 1683 41 1837 6 1938 41 2093 6 2193 42 2341 15 2440 48 2597 15 2695 46 2852 15 2949 45 3108 14 3205 45 3363 12 3453 52 3619 12 3709 53 3875 12 3955 64 4131 12 4185 2 4211 64 4388 9 4439 6 4466 65 4644 9 4695 6 4721 66 4901 8 4925 8 4949 9 4977 67 5158 7 5180 9 5205 9 5233 67 5375 1 5416 6 5435 11 5460 11 5489 13 5505 52 5612 5 5631 1 5673 6 5691 11 5715 12 5745 13 5760 56 5867 7 5887 1 5928 9 5946 12 5970 12 6001 74 6118 14 6184 9 6201 13 6226 11 6258 73 6374 14 6441 8 6456 15 6480 13 6514 74 6629 16 6647 1 6697 7 6711 17 6735 14 6771 73 6885 25 6954 4 6965 20 6989 16 7027 74 7141 27 7221 40 7283 74 7398 26 7477 40 7539 75 7655 25 7734 39 7795 75 7911 25 7991 38 8050 77 8168 24 8247 38 8306 77 8425 23 8503 38 8561 78 8681 23 8759 38 8817 78 8937 23 9015 39 9072 79 9193 23 9271 42 9327 23 9351 55 9449 23 9527 44 9583 22 9609 52 9703 25 9783 45 9839 22 9866 51 9957 27 10039 46 10095 21 10130 35 10209 31 10295 46 10351 20 10388 31 10465 31 10552 46 10608 19 10647 17 10720 32 10809 45 10865 18 10909 10 10975 33 11066 45 11121 18 11231 33 11323 45 11375 20 11487 33 11580 70 11742 34 11836 70 11998 34 12092 70 12253 35 12349 69 12509 35 12605 41 12649 26 12765 35 12861 40 12905 26 12998 2 13021 35 13086 5 13096 7 13119 38 13161 26 13209 4 13252 5 13277 35 13339 25 13375 38 13416 27 13465 4 13507 6 13533 35 13587 35 13632 37 13671 29 13720 6 13759 10 13789 35 13842 37 13890 35 13927 20 13950 7 13977 5 14015 9 14045 35 14098 37 14151 31 14183 18 14207 9 14233 4 14271 8 14303 33 14353 39 14407 50 14463 11 14527 8 14549 6 14560 32 14609 40 14663 28 14695 16 14720 13 14783 7 14803 10 14817 31 14865 40 14920 26 14951 15 14976 13 15038 8 15058 12 15072 32 15122 39 15178 22 15207 14 15232 14 15294 8 15312 48 15378 40 15437 18 15463 13 15487 15 15550 8 15567 49 15634 21 15659 16 15720 11 15743 15 15806 8 15821 51 15890 18 15916 15 15976 11 15999 15 16062 8 16075 27 16104 24 16146 15 16173 15 16233 8 16249 20 16318 66 16402 15 16430 14 16489 7 16505 20 16574 42 16621 19 16659 13 16689 12 16747 3 16760 21 16831 42 16877 19 16915 13 16945 12 17016 20 17087 43 17133 19 17171 13 17203 10 17272 18 17343 65 17428 12 17460 9 17528 17 17601 63 17685 10 17718 7 17786 8 17857 63 17942 9 17975 6 18043 5 18113 63 18203 1 18234 2 18368 64 18623 65 18877 67 19133 67 19388 68 19643 69 19899 62 20155 62 20411 62 20667 62 20923 62 21179 62 21279 4 21435 62 21534 6 21692 61 21788 9 21949 60 22043 11 22206 59 22300 9 22462 59 22556 9 22718 59 22813 7 22975 58 23070 4 23231 57 23487 57 23744 55 24001 54 24184 4 24257 54 24438 7 24515 51 24693 9 24771 50 24940 19 25028 48 25195 20 25285 46 25449 22 25541 44 25703 25 25798 41 25955 31 26056 36 26210 33 26313 33 26464 35 26569 22 26719 36 26826 18 26975 37 27083 14 27231 38 27339 12 27486 39 27597 6 27742 40 27997 42 28253 42 28509 42 28765 42 29021 43 29277 43 29533 43 29789 43 30045 43 30301 42 30557 42 30813 43 31069 42 31325 42 31573 2 31584 39 31827 10 31840 38 32081 52 32335 53 32589 52 32843 52 33099 44 33355 33 33395 2 33611 26 33867 25 34124 22 34381 20 34641 10 34653 2 34898 9 35155 6 35413 2
295041, 
303895,0 33536 33538 254 33804 244 34065 239 34326 234 34589 227 34849 223 35109 219 35367 217 35627 213 35885 211 36149 203 36407 201 36669 195 36927 193 37192 184 37451 181 37710 178 37971 173 38232 168 38493 163 38754 158 39012 156 39273 151 39535 145 39798 138 40057 135 40318 130 40579 125 40840 120 41099 117 41362 110 41620 108 41886 98 42145 95 42410 86 42667 85 42930 78 43188 76 43449 71 43706 70 43968 64 44226 62 44488 56 44746 54 45009 47 45268 44 45532 36 45791 33 46054 26 46312 24 46573 19 46832 16 47093 11 47351 9 47611 5 47868 4 48126 2 48383 1 48639 1
304629,0 48892 48894 253 49151 251 49407 250 49664 249 49920 254 50176 254 50432 1277 51712 253 51968 255 52224 255 52480 255 52736 255 52992 255 53248 255 53504 254 53760 254 54016 253 54272 253 54528 253 54784 253 55040 237 55280 12 55296 237 55537 11 55552 236 55793 11 55808 236 56049 11 56064 237 56305 252 56561 254 56816 255 57072 266 57339 1281 58624 254 58880 6656
305222,0 65536
308936,0 65536
315120,0 65536
317877,1825 8 2081 9 2335 16 2591 18 2847 20 3102 21 3358 22 3614 21 3870 21 4126 19 4383 16 4640 13 4898 3 6949 6 7204 7 7459 9 7715 10 7969 14 8225 17 8481 20 8736 21 8991 23 9247 23 9503 23 9759 23 10014 24 10269 26 10525 26 10781 27 11037 27 11293 27 11549 27 11805 26 12062 25 12319 24 12575 25 12831 25 13085 28 13341 29 13596 31 13852 31 14109 31 14365 31 14624 2 14627 25 14884 23 15142 21 15399 19 15657 16 15914 15 16173 10 16431 5 16518 1 16771 5 17026 6 17281 8 17537 8 17793 8 18049 8 18307 4 19520 1 19775 3 19783 5 19808 5 19911 2 20031 4 20037 8 20063 7 20166 4 20284 19 20317 10 20422 4 20539 29 20570 14 20679 3 20792 49 21040 3 21047 50 21295 59 21550 60 21805 61 22061 61 22318 60 22575 59 22833 56 23089 56 23345 54 23601 53 23858 52 24061 3 24114 51 24316 4 24372 49 24571 5 24629 48 24818 15 24887 46 25073 18 25143 46 25329 20 25400 45 25584 21 25656 45 25840 21 25913 43 26097 12 26112 5 26170 42 26353 12 26368 5 26427 41 26609 10 26624 5 26684 40 26866 9 26880 4 26940 41 27123 6 27136 4 27195 42 27379 6 27392 3 27451 42 27648 2 27707 42 27970 35 28227 2 28231 30 28487 28 28743 27 28997 26 29253 25 29507 26 29763 26 30019 27 30063 5 30275 28 30317 8 30531 31 30569 14 30787 32 30825 16 31043 34 31079 20 31299 56 31553 58 31809 58 32063 61 32319 61 32575 62 32831 62 33087 62 33343 62 33600 62 33856 62 34113 5 34133 42 34371 1 34389 42 34645 42 34901 42 35157 41 35413 41 35669 41 35924 42 36180 42 36435 43 36692 43 36749 5 36948 45 37003 8 37205 62 37461 63 37717 64 37972 65 38227 67 38480 70 38733 74 38989 76 39244 78 39441 4 39500 79 39692 11 39756 81 39948 11 40012 81 40204 11 40269 81 40460 10 40529 77 40716 9 40786 77 40972 9 41042 77 41229 7 41299 77 41484 7 41555 78 41739 5 41813 76 41995 4 42069 76 42251 4 42317 5 42325 75 42507 4 42573 83 42827 84 43082 84 43337 84 43592 85 43847 85 44103 84 44286 2 44359 84 44537 7 44615 84 44791 9 44871 84 44965 6 45043 13 45127 84 45220 8 45290 7 45299 13 45383 88 45475 10 45545 23 45639 102 45800 24 45895 103 46055 25 46151 103 46311 25 46408 103 46567 25 46665 103 46822 26 46922 103 47078 26 47178 103 47333 27 47435 35 47471 68 47589 27 47691 34 47727 68 47845 27 47947 33 47981 70 48100 28 48203 32 48237 70 48356 28 48460 31 48493 74 48612 28 48716 30 48750 73 48868 28 48973 28 49006 75 49125 27 49229 28 49263 76 49381 10 49392 16 49485 28 49519 78 49615 7 49640 5 49649 14 49742 28 49775 80 49870 9 49897 2 49905 14 49999 28 50029 86 50125 14 50162 8 50255 28 50285 110 50419 5 50512 27 50541 114 50656 5 50769 26 50797 121 51025 26 51053 122 51282 25 51309 124 51539 22 51565 124 51795 22 51821 124 52051 22 52077 68 52146 56 52306 23 52333 67 52402 56 52562 23 52589 66 52659 56 52817 24 52845 66 52915 57 53073 24 53101 54 53159 8 53171 58 53329 24 53357 55 53413 12 53426 60 53584 25 53613 130 53840 25 53869 130 54096 25 54125 130 54352 25 54381 72 54456 55 54608 25 54638 71 54711 55 54864 25 54895 127 55121 24 55151 126 55377 25 55408 125 55633 25 55665 67 55733 55 55816 1 55889 25 55921 67 55989 55 56065 11 56144 26 56177 66 56245 54 56320 13 56399 27 56433 64 56501 54 56576 13 56654 27 56688 65 56758 51 56832 13 56909 28 56943 66 57014 51 57088 12 57165 28 57197 69 57271 48 57344 12 57421 28 57453 70 57527 46 57600 11 57676 29 57711 68 57783 44 57856 11 57932 30 57966 70 58039 43 58112 10 58189 147 58368 10 58445 145 58624 9 58701 143 58880 9 58957 143 59136 9 59213 142 59392 9 59470 141 59648 9 59726 107 59834 32 59904 9 59982 106 60091 31 60160 9 60238 105 60347 31 60416 9 60494 105 60603 30 60672 9 60750 22 60773 81 60861 30 60928 9 61006 21 61031 79 61117 30 61184 8 61263 6 61271 10 61287 10 61301 34 61343 23 61385 19 61440 7 61519 6 61527 9 61543 10 61557 34 61599 23 61643 17 61696 5 61777 14 61801 4 61815 30 61857 22 61903 13 61952 4 62033 8 62072 28 62114 21 62161 11 62289 12 62329 27 62371 20 62418 7 62545 13 62585 27 62627 20 62675 4 62801 14 62842 27 62884 19 63057 14 63098 32 63141 18 63314 14 63353 33 63397 17 63569 16 63609 34 63653 17 63825 17 63865 34 63911 14 64067 2 64081 18 64121 34 64168 13 64320 7 64337 18 64359 4 64377 34 64428 7 64575 9 64593 17 64615 6 64633 35 64689 1 64831 10 64849 17 64870 7 64889 34 65087 10 65105 16 65126 7 65145 20 65168 11 65343 11 65362 14 65382 7 65403 16 65425 10
326172,0 65536
331069,21 30 52 131 184 72 278 28 309 86 399 9 411 28 442 70 534 28 565 85 657 5 669 26 698 70 790 27 821 78 901 5 930 20 954 70 1046 26 1077 76 1158 4 1187 19 1210 70 1302 23 1333 74 1417 1 1446 16 1465 71 1557 24 1589 74 1671 3 1703 89 1813 24 1845 5 1854 64 1924 7 1965 83 2069 24 2100 5 2111 63 2179 8 2222 71 2294 10 2324 37 2368 78 2477 83 2580 37 2625 79 2733 84 2823 6 2834 41 2881 81 2988 98 3089 44 3137 82 3243 78 3325 151 3499 76 3583 149 3754 72 3839 87 3927 61 4009 72 4090 90 4183 62 4265 72 4345 92 4439 62 4520 74 4599 94 4696 61 4776 75 4854 159 5032 237 5288 237 5544 237 5800 238 6056 238 6312 238 6568 238 6824 203 7031 30 7080 203 7287 30 7336 203 7545 27 7592 203 7803 25 7848 134 7985 66 8061 22 8104 133 8241 67 8319 18 8361 132 8495 71 8575 16 8615 134 8751 72 8831 14 8871 217 9126 219 9382 219 9637 220 9893 221 10151 220 10407 224 10664 225 10921 225 11179 224 11435 225 11691 226 11947 227 12185 1 12203 228 12439 5 12458 244 12713 246 12968 248 13224 250 13480 255 13737 254 13995 251 14251 251 14507 1586 16096 253 16352 253 16608 7455 24064 254 24320 171 24495 77 24576 133 24712 3 24717 23 24745 1 24752 75 24832 131 24974 21 25009 70 25088 129 25230 21 25266 68 25344 61 25408 61 25487 20 25523 66 25600 61 25665 60 25741 21 25779 66 25856 61 25921 59 25997 20 26034 67 26112 61 26177 57 26253 20 26290 67 26368 61 26432 68 26508 19 26546 67 26624 61 26687 71 26764 18 26801 67 26880 60 26943 73 27019 18 27058 7 27072 51 27136 60 27199 74 27276 17 27314 7 27328 51 27392 60 27455 76 27533 17 27571 2 27584 50 27648 60 27711 96 27839 51 27904 61 27968 97 28094 51 28160 51 28218 3 28225 10 28236 85 28349 52 28416 50 28475 2 28479 98 28605 50 28672 49 28731 2 28735 98 28860 51 28930 45 28987 1 28991 99 29115 51 29184 1 29191 2 29198 31 29247 100 29371 50 29440 1 29456 27 29503 100 29621 54 29696 1 29713 26 29759 100 29877 52 29952 2 29969 18 29991 2 30015 101 30132 47 30208 2 30225 18 30248 1 30272 100 30388 45 30464 3 30479 19 30527 102 30641 44 30705 4 30720 3 30731 23 30782 104 30895 44 30958 9 30976 34 31037 106 31149 44 31205 18 31232 33 31293 106 31403 44 31456 23 31487 32 31549 154 31711 25 31739 26 31768 5 31804 154 31966 55 32060 153 32221 56 32316 152 32476 57 32572 151 32731 58 32828 151 32986 58 33084 150 33241 60 33340 150 33497 60 33581 9 33597 149 33751 62 33837 10 33853 149 34006 63 34092 13 34110 215 34348 13 34367 214 34601 236 34857 236 35113 236 35369 234 35625 234 35881 233 36137 232 36393 71 36465 151 36649 223 36905 224 37159 227 37414 231 37665 123 37789 112 37919 125 38045 116 38173 127 38301 116 38429 127 38557 118 38684 127 38813 120 38940 127 39069 254 39325 238 39565 14 39581 235 39823 12 39837 234 40079 1306 41386 253 41642 252 41898 249 42154 250 42405 5476 47884 251 48140 251 48395 252 48651 250 48907 250 49163 250 49419 250 49675 250 49931 250 50187 250 50443 250 50699 250 50956 248 51213 243 51469 243 51725 243 51983 241 52231 2 52241 239 52487 3 52499 238 52743 3 52756 241 52999 4 53013 247 53269 248 53522 253 53777 2313 56098 248 56355 248 56613 246 56871 245 57129 244 57385 244 57637 249 57892 1817 59711 254 59969 252 60225 253 60481 2599 63084 250 63343 246 63599 246 63856 245 64113 243 64370 241 64627 240 64873 1 64877 2 64884 240 65129 8 65139 242 65386 150
332934,0 65536
337798, 
349461,0 65411 65413 123
372637,0 1346 1349 254 1606 253 1865 250 2122 251 2378 12 2391 239 2634 11 2647 253 2904 252 3159 252 3415 30624 34043 252 34302 249 34560 247 34816 247 35072 247 35328 247 35584 246 35840 246 36096 245 36352 245 36608 245 36864 245 37120 245 37376 245 37632 245 37888 245 38144 245 38400 244 38656 243 38912 243 39168 242 39424 242 39680 242 39936 242 40192 244 40447 246 40702 249 40957 251 41213 253 41467 254 41723 252 41979 252 42236 251 42493 250 42750 249 43007 248 43263 247 43520 245 43776 245 44031 246 44285 248 44537 253 44793 1693 46487 255 46743 255 46999 18537
373056,0 65536
386606,0 65536
391427,9 18 96 9 169 36 249 7 265 17 350 12 423 38 505 7 521 17 605 14 679 38 761 7 778 15 861 15 933 40 1017 7 1035 14 1117 16 1189 41 1273 7 1291 13 1372 18 1443 43 1529 3 1535 1 1548 11 1628 18 1699 43 1786 1 1807 8 1884 18 1955 44 2065 5 2139 19 2210 45 2295 1 2395 19 2467 45 2551 1 2646 24 2709 8 2723 45 2807 1 2900 26 2961 14 2979 46 3155 26 3216 15 3236 45 3408 14 3423 14 3470 19 3494 43 3664 14 3679 14 3725 20 3750 43 3919 15 3935 13 3979 24 4006 32 4040 10 4175 28 4233 26 4262 32 4297 9 4425 32 4489 26 4519 30 4553 8 4680 32 4744 27 4776 29 4810 7 4935 32 5000 28 5033 28 5067 5 5191 32 5256 29 5289 28 5324 2 5337 2 5446 32 5511 30 5545 27 5591 5 5692 3 5703 30 5767 31 5800 28 5847 4 5945 9 5959 22 5987 1 6023 60 6104 3 6201 10 6215 21 6279 60 6361 2 6455 12 6471 20 6534 61 6711 12 6728 19 6789 62 6967 12 6985 8 6994 9 7045 34 7080 25 7222 13 7241 8 7251 8 7301 36 7338 23 7477 14 7498 7 7509 4 7556 36 7595 21 7733 13 7754 7 7765 2 7799 6 7812 36 7852 19 7988 13 8010 9 8043 22 8068 37 8109 16 8243 14 8266 9 8299 24 8324 37 8365 16 8500 12 8522 9 8554 47 8602 14 8621 14 8756 12 8779 8 8810 47 8859 12 8877 12 9013 10 9036 8 9066 27 9096 17 9119 7 9133 11 9269 10 9292 8 9323 25 9352 17 9377 4 9389 11 9527 8 9549 6 9580 9 9593 11 9608 17 9645 11 9783 7 9806 5 9837 7 9850 10 9864 17 9901 10 10107 8 10119 20 10157 10 10363 8 10375 20 10409 14 10621 4 10632 19 10664 13 10888 19 10919 12 11002 6 11145 19 11175 8 11256 8 11401 19 11431 7 11511 9 11658 19 11687 7 11765 11 11915 18 11944 5 12020 12 12172 17 12201 1 12274 14 12403 3 12429 15 12529 15 12657 7 12685 14 12785 15 12911 9 12941 14 13041 15 13111 4 13165 12 13198 11 13297 15 13367 4 13421 12 13454 10 13552 16 13623 5 13675 14 13710 8 13808 16 13879 5 13931 13 13966 7 14063 17 14136 3 14186 13 14223 4 14319 17 14392 3 14442 13 14575 17 14698 13 14830 18 14954 13 15086 18 15209 25 15342 18 15465 25 15598 18 15720 27 15854 18 15975 28 16110 18 16229 32 16366 18 16485 33 16623 17 16740 35 16880 16 16995 37 17137 15 17251 37 17398 3 17405 3 17507 37 17663 1 17764 36 18021 34 18276 35 18532 35 18788 35 19043 35 19285 7 19299 34 19539 10 19554 35 19795 10 19810 32 19927 7 20051 10 20066 31 20182 9 20307 11 20321 30 20437 14 20563 11 20577 28 20693 15 20819 11 20833 22 20947 18 21075 12 21089 22 21203 19 21248 3 21333 33 21459 20 21504 4 21536 1 21589 32 21715 20 21760 5 21791 2 21835 1 21847 7 21855 21 21971 20 22016 5 22046 3 22088 6 22105 4 22111 20 22174 3 22227 20 22272 5 22343 6 22371 2 22378 7 22429 5 22483 20 22528 5 22599 6 22685 6 22741 18 22784 5 22855 6 22941 6 22998 17 23040 5 23111 5 23198 4 23254 16 23296 9 23511 15 23552 10 23767 14 23808 10 24024 13 24064 11 24280 13 24320 11 24537 10 24576 11 24793 9 24832 11 25088 11 25344 12 25600 12 25856 13 26096 5 26112 14 26351 8 26368 14 26563 7 26607 11 26624 13 26817 10 26863 29 27072 11 27119 28 27327 12 27374 27 27580 15 27630 27 27668 5 27835 16 27886 28 27921 9 28091 16 28141 29 28177 10 28347 16 28397 32 28432 11 28605 14 28643 3 28654 45 28707 2 28861 4 28867 9 28897 6 28911 47 28961 6 29126 9 29152 9 29168 55 29383 10 29407 10 29424 56 29639 10 29661 12 29681 55 29769 6 29895 10 29917 13 29936 59 30020 13 30151 11 30171 15 30191 61 30275 14 30407 11 30426 16 30447 62 30529 17 30663 12 30679 18 30703 62 30785 17 30809 2 30920 33 30958 64 31040 19 31061 9 31119 7 31176 33 31215 14 31232 47 31295 32 31375 9 31433 30 31471 14 31488 47 31551 40 31629 14 31691 26 31728 10 31744 47 31807 41 31885 17 31948 23 31984 9 32000 47 32063 42 32125 6 32141 23 32207 18 32256 47 32319 42 32379 8 32397 24 32464 15 32512 47 32575 42 32630 13 32652 25 32721 13 32768 46 32831 42 32885 15 32908 25 32977 13 33024 45 33086 43 33138 18 33163 27 33233 13 33280 45 33342 43 33393 20 33418 28 33489 13 33536 44 33599 42 33649 54 33745 12 33792 43 33854 43 33905 54 34002 11 34048 43 34109 44 34160 57 34259 9 34304 42 34365 44 34416 57 34516 8 34560 42 34620 46 34672 57 34773 6 34816 43 34875 47 34928 57 35031 1 35072 43 35130 49 35185 56 35328 43 35386 49 35441 56 35584 41 35643 48 35700 53 35840 39 35899 48 35957 52 36096 37 36156 47 36214 51 36352 35 36412 47 36471 49 36608 33 36668 47 36729 47 36864 32 36924 46 36987 45 37121 29 37181 34 37222 1 37248 39 37377 29 37437 33 37505 38 37634 27 37693 32 37763 35 37891 26 37949 32 38019 34 38149 2 38155 18 38206 31 38275 30 38415 14 38463 7 38473 4 38480 12 38531 26 38676 8 38719 5 38737 10 38788 24 38933 7 38975 4 38994 8 39045 22 39231 3 39302 20 39484 6 39559 4 39565 10 39739 7 39994 8 40191 1 40249 8 40272 1 40444 4 40505 8 40521 8 40699 5 40761 8 40774 12 40953 7 41017 8 41029 14 41209 7 41273 7 41284 16 41465 7 41529 8 41540 19 41720 8 41785 33 41975 9 42041 34 42231 10 42284 10 42295 37 42487 12 42539 50 42743 12 42793 52 42999 12 43049 52 43256 11 43304 54 43512 11 43559 17 43579 35 43768 8 43813 18 43836 34 44024 8 44069 18 44093 33 44280 8 44322 21 44349 33 44536 8 44576 22 44605 33 44666 3 44767 4 44792 8 44831 23 44862 32 44921 5 45022 6 45048 8 45087 23 45119 30 45176 5 45277 9 45289 7 45305 7 45343 23 45375 30 45431 6 45533 20 45561 7 45599 24 45631 30 45684 8 45705 1 45786 23 45818 6 45855 25 45887 30 45939 9 45957 10 46039 27 46077 3 46111 26 46143 30 46194 9 46212 11 46294 28 46365 30 46398 29 46449 12 46465 16 46488 6 46548 31 46621 30 46653 30 46705 12 46719 18 46743 8 46803 32 46876 63 46960 48 47057 35 47132 9 47143 52 47216 49 47311 38 47387 10 47399 51 47471 50 47565 40 47644 7 47655 51 47727 50 47820 42 47911 50 47982 55 48075 44 48167 49 48237 56 48331 44 48423 34 48463 8 48493 59 48587 44 48678 33 48720 7 48736 3 48749 60 48844 43 48933 34 48979 4 48991 6 49007 60 49101 42 49189 33 49234 5 49246 7 49263 60 49359 40 49445 32 49490 8 49501 8 49519 62 49619 36 49701 32 49746 9 49756 9 49776 61 49875 36 49957 32 50001 22 50033 62 50130 37 50213 32 50256 25 50289 62 50386 37 50469 32 50511 28 50545 63 50640 38 50725 32 50767 30 50801 64 50895 38 50981 32 51023 31 51058 63 51151 32 51237 32 51279 31 51314 63 51406 31 51495 30 51535 97 51661 30 51751 30 51791 96 51917 30 52008 29 52047 96 52167 30 52278 15 52303 95 52422 27 52535 14 52561 93 52678 27 52791 14 52818 92 52934 26 53047 14 53076 89 53190 26 53220 5 53303 14 53333 88 53446 27 53475 7 53559 14 53589 87 53702 37 53816 12 53845 87 53958 37 54063 5 54073 10 54103 84 54213 39 54319 6 54330 8 54360 83 54468 40 54575 6 54589 2 54618 80 54723 42 54831 5 54875 78 54977 45 55088 2 55131 78 55233 46 55388 76 55488 49 55645 73 55743 50 55901 72 55999 51 56097 6 56158 69 56255 52 56353 10 56414 69 56511 52 56608 11 56674 62 56766 53 56863 12 56931 58 57022 54 57119 12 57187 56 57277 55 57344 5 57368 1 57375 12 57444 55 57533 55 57600 43 57701 16 57730 25 57784 60 57856 43 57958 13 57989 22 58039 61 58112 42 58218 8 58256 11 58294 60 58368 42 58478 1 58513 10 58549 60 58624 41 58769 11 58805 59 58880 39 59025 11 59060 60 59136 37 59281 10 59315 60 59392 37 59538 9 59571 60 59648 35 59794 9 59826 60 59904 35 60050 9 60082 59 60160 35 60307 5 60337 58 60416 35 60593 57 60672 34 60847 58 60928 34 61101 59 61184 33 61355 60 61440 33 61611 59 61695 33 61865 40 61906 19 61949 35 62121 38 62167 14 62205 34 62377 39 62427 6 62460 35 62633 39 62716 35 62889 34 62971 36 63145 32 63227 36 63401 32 63483 36 63657 31 63739 36 63913 30 63995 36 64169 30 64251 35 64426 28 64509 3 64513 28 64683 26 64766 2 64771 26 64939 26 65023 1 65027 26 65196 25 65279 1 65284 25 65455 21
398196, 
398477, 
399102,99 65 200 4 205 7 217 17 247 9 357 68 457 13 472 17 496 16 613 69 714 13 728 17 751 17 871 68 970 31 1005 19 1128 67 1225 55 1385 66 1481 55 1642 65 1737 55 1899 66 1980 1 1995 53 2155 66 2236 1 2251 53 2411 68 2509 51 2667 68 2767 49 2922 71 3027 45 3178 72 3283 45 3434 73 3541 43 3690 73 3797 43 3946 74 4054 42 4202 74 4311 41 4457 75 4567 41 4713 75 4823 41 4968 77 5081 39 5224 77 5342 34 5480 78 5600 32 5736 79 5856 32 5992 80 6111 33 6248 80 6367 33 6504 81 6623 33 6760 81 6879 33 7017 80 7127 41 7273 80 7364 4 7381 43 7529 80 7617 8 7637 43 7785 80 7872 9 7892 44 8043 79 8127 11 8147 45 8299 79 8382 12 8403 45 8556 53 8612 23 8638 12 8658 46 8813 51 8869 22 8894 12 8913 47 9071 48 9125 22 9150 12 9167 49 9328 47 9381 22 9406 11 9421 51 9586 45 9637 22 9663 10 9677 51 9843 44 9893 22 9920 7 9933 51 10099 42 10151 18 10177 5 10189 51 10355 42 10407 17 10445 51 10611 41 10665 13 10690 1 10700 52 10867 41 10923 10 10945 7 10955 11 10968 40 11123 41 11183 4 11198 19 11224 40 11301 2 11379 41 11441 1 11453 17 11479 41 11556 5 11604 4 11635 41 11707 18 11733 43 11811 6 11859 6 11875 4 11891 41 11963 18 11989 43 12064 9 12113 9 12129 60 12220 17 12242 46 12319 10 12368 11 12385 60 12476 19 12496 48 12573 13 12623 12 12639 62 12733 67 12827 15 12845 2 12878 13 12895 62 12989 67 13083 24 13133 14 13151 62 13247 65 13338 25 13388 81 13503 65 13594 27 13642 83 13759 65 13850 27 13897 84 14015 65 14106 27 14153 86 14269 67 14362 27 14409 86 14524 68 14609 36 14664 87 14777 71 14864 37 14920 87 15033 71 15117 40 15175 88 15287 73 15371 42 15431 88 15542 74 15626 43 15689 84 15797 75 15881 31 15915 10 15945 13 15959 70 16053 75 16138 31 16172 8 16203 8 16217 67 16309 75 16395 30 16429 5 16461 4 16479 60 16565 75 16651 30 16735 61 16821 75 16909 28 16992 61 17077 75 17168 25 17250 63 17334 74 17425 23 17507 64 17591 73 17684 18 17763 64 17848 72 17940 17 18020 63 18104 72 18197 9 18275 64 18360 72 18455 5 18531 64 18616 72 18734 15 18789 39 18829 22 18872 72 18989 16 19045 39 19085 21 19128 72 19244 19 19302 37 19343 18 19385 71 19500 19 19558 37 19600 17 19641 71 19756 19 19814 37 19858 14 19897 71 20012 19 20071 36 20114 13 20154 70 20269 18 20328 33 20370 13 20410 70 20525 18 20585 32 20626 13 20666 70 20741 4 20783 17 20842 30 20883 12 20923 69 20998 4 21040 16 21099 28 21139 11 21179 69 21254 5 21297 16 21359 22 21396 9 21408 5 21437 67 21511 3 21545 26 21615 22 21652 10 21663 7 21693 67 21767 2 21797 32 21872 21 21908 20 21950 66 22024 1 22051 35 22128 21 22165 6 22173 12 22207 65 22303 40 22387 17 22421 6 22429 21 22463 65 22559 41 22645 14 22676 5 22685 22 22719 65 22815 41 22903 12 22933 3 22941 22 22975 65 23071 41 23159 12 23197 22 23231 65 23327 42 23415 11 23453 22 23486 66 23583 41 23672 9 23707 24 23741 67 23840 40 23928 9 23960 27 23995 69 24096 40 24185 7 24215 28 24251 69 24336 3 24352 40 24424 7 24443 4 24471 28 24507 69 24591 6 24608 39 24679 9 24727 28 24763 69 24844 11 24863 40 24935 10 24983 28 25019 69 25099 12 25119 41 25191 10 25239 28 25275 69 25354 14 25375 42 25448 11 25494 29 25532 68 25610 14 25631 42 25704 11 25732 3 25750 32 25788 68 25866 14 25887 42 25961 14 25985 9 26005 107 26122 14 26143 42 26217 16 26234 17 26261 107 26378 14 26397 48 26475 33 26514 110 26634 15 26653 49 26733 147 26891 14 26908 51 26991 145 27148 12 27165 50 27246 146 27411 3 27421 50 27502 146 27678 49 27758 146 27936 48 28014 146 28193 47 28270 146 28450 47 28527 145 28707 46 28783 145 28963 46 29039 36 29077 107 29221 44 29295 34 29335 105 29480 41 29551 34 29592 104 29737 39 29808 32 29849 103 29993 39 30067 28 30109 99 30249 39 30323 28 30365 99 30506 37 30579 28 30623 97 30761 37 30835 27 30880 96 31018 33 31090 27 31137 95 31275 32 31346 27 31393 8 31403 85 31502 3 31533 30 31601 29 31661 83 31757 4 31789 30 31857 29 31917 83 32013 6 32051 25 32112 30 32175 61 32239 17 32268 7 32308 17 32327 6 32367 32 32431 60 32497 15 32524 7 32565 10 32586 2 32622 33 32691 2 32699 45 32753 18 32780 7 32823 6 32877 34 32955 44 33008 20 33036 6 33133 34 33185 2 33211 42 33263 21 33292 5 33389 35 33439 6 33468 41 33519 22 33549 2 33645 35 33695 8 33725 39 33774 23 33901 36 33950 11 33981 38 34029 26 34157 36 34203 17 34238 37 34285 26 34413 36 34457 19 34495 24 34522 9 34541 26 34669 38 34709 25 34753 20 34779 11 34795 28 34925 66 35015 14 35035 12 35051 27 35182 67 35257 2 35272 13 35291 42 35439 66 35512 5 35529 11 35546 43 35697 66 35767 7 35787 9 35801 44 35953 66 36023 7 36043 8 36057 43 36209 67 36277 9 36299 9 36311 44 36465 77 36555 9 36566 43 36621 2 36721 77 36811 9 36822 42 36876 5 36977 67 37045 8 37067 9 37079 41 37131 8 37232 67 37302 2 37324 9 37336 40 37387 8 37488 67 37579 53 37643 9 37709 2 37743 68 37835 53 37899 9 37960 7 37999 69 38091 53 38155 9 38215 10 38254 11 38266 57 38347 53 38410 10 38471 11 38509 12 38525 54 38603 53 38667 8 38727 12 38765 11 38783 52 38858 54 38925 6 38955 7 38983 12 38997 6 39021 10 39041 50 39107 2 39114 54 39210 9 39240 19 39278 7 39298 48 39361 5 39369 55 39465 12 39497 20 39534 5 39553 49 39616 6 39625 55 39719 16 39758 16 39809 46 39871 8 39880 56 39975 17 40016 15 40038 3 40065 46 40126 66 40231 20 40273 14 40321 46 40377 71 40487 21 40529 15 40577 46 40631 73 40743 21 40786 15 40832 47 40885 75 41001 20 41042 19 41088 47 41141 75 41259 18 41299 19 41344 47 41396 76 41515 18 41555 21 41600 49 41650 78 41773 16 41811 25 41857 86 41944 40 42029 16 42067 26 42113 86 42201 39 42287 14 42323 26 42369 86 42456 40 42544 13 42580 26 42625 127 42805 6 42839 24 42881 127 43097 22 43137 127 43355 20 43392 87 43480 40 43611 21 43648 128 43869 20 43903 129 44125 20 44159 66 44226 62 44381 20 44415 129 44637 20 44672 128 44891 22 44928 128 45147 22 45184 128 45401 24 45440 128 45657 24 45695 129 45913 24 45951 129 46169 24 46207 129 46425 24 46450 2 46461 131 46682 23 46706 2 46717 131 46938 23 46963 1 46971 133 47195 22 47227 133 47451 21 47481 135 47707 21 47735 137 47964 21 47989 139 48220 23 48244 140 48476 164 48733 163 48989 163 49245 163 49506 158 49763 157 50011 6 50018 158 50267 165 50523 165 50778 166 51033 167 51289 167 51545 167 51802 166 52059 165 52317 163 52575 161 52831 161 53089 159 53345 12 53361 8 53372 132 53605 5 53629 131 53861 3 53885 131 54140 132 54355 2 54396 132 54611 2 54652 132 54791 5 54866 3 54908 145 55123 2 55165 144 55421 146 55679 144 55936 143 56192 143 56448 142 56704 142 56960 141 57215 142 57471 142 57727 142 57983 141 58213 9 58239 140 58469 16 58495 138 58723 20 58750 138 58976 23 59006 136 59227 29 59261 136 59482 31 59517 135 59737 96 59835 72 59982 5 59991 98 60093 67 60237 111 60351 65 60492 112 60608 64 60747 181 60998 1 61001 183 61251 189 61506 190 61761 191 62017 191 62272 192 62528 192 62783 193 63039 193 63295 193 63551 193 63807 193 64063 193 64319 193 64575 193 64831 193 65087 193 65345 191
402143,31 86 209 43 289 84 465 42 546 84 721 42 804 83 979 3 987 32 1061 83 1243 32 1319 82 1499 32 1574 83 1753 33 1829 85 2008 32 2085 86 2264 29 2341 86 2519 30 2597 13 2615 68 2775 30 2853 9 2871 68 3031 31 3110 7 3127 67 3287 32 3327 1 3383 66 3543 33 3581 3 3640 65 3800 33 3836 4 3897 64 4056 40 4153 64 4312 40 4410 63 4569 39 4667 62 4825 39 4923 62 5081 39 5180 61 5338 38 5437 60 5599 33 5693 59 5859 29 5949 45 5997 9 6115 29 6205 44 6254 7 6371 29 6462 1 6466 40 6627 29 6723 39 6884 28 6981 37 7141 15 7157 11 7238 36 7397 14 7413 11 7495 35 7656 7 7669 11 7751 35 7913 4 7926 10 8007 34 8182 10 8263 34 8439 9 8520 32 8696 8 8776 31 8953 7 9033 27 9211 5 9289 27 9468 4 9545 26 9649 4 9727 1 9801 26 9905 4 10056 26 10312 25 10569 10 10583 8 10825 10 10840 5 11083 8 11154 5 11340 7 11409 6 11597 5 11632 5 11663 9 11829 4 11855 2 11887 8 11918 11 12083 7 12141 12 12173 12 12212 3 12221 8 12338 8 12397 12 12429 13 12467 20 12592 11 12653 13 12685 14 12721 24 12846 13 12908 15 12941 15 12977 24 13101 14 13163 18 13197 16 13232 26 13357 14 13419 18 13453 15 13487 28 13612 15 13675 19 13709 15 13743 29 13867 16 13931 19 13965 14 13999 30 14123 16 14186 21 14221 14 14255 32 14379 17 14441 22 14477 14 14511 33 14635 18 14697 32 14732 15 14768 33 14891 20 14953 49 15025 32 15147 22 15208 37 15250 6 15285 28 15403 22 15464 37 15507 3 15541 28 15658 24 15719 38 15798 27 15914 24 15975 38 16055 26 16169 26 16231 38 16311 27 16424 27 16487 38 16567 27 16679 28 16744 37 16822 32 16935 28 17000 37 17078 33 17189 29 17257 36 17333 36 17408 3 17445 29 17516 33 17588 37 17664 5 17699 10 17712 17 17775 31 17843 38 17920 5 17955 10 17969 15 18031 32 18098 39 18176 5 18211 8 18226 13 18287 32 18353 38 18432 5 18467 8 18482 12 18543 33 18608 38 18688 4 18725 5 18739 5 18796 35 18863 36 18944 3 18982 3 18995 1 19049 38 19119 36 19303 40 19375 32 19502 6 19559 39 19631 32 19756 9 19815 38 19887 28 20011 10 20071 37 20143 27 20267 10 20327 35 20399 26 20522 12 20583 32 20655 26 20778 13 20839 16 20858 10 20910 27 21034 13 21086 6 21095 16 21115 8 21166 27 21199 2 21211 8 21283 5 21289 15 21341 8 21351 14 21371 6 21421 29 21454 21 21539 22 21597 24 21629 3 21677 31 21709 22 21796 26 21853 24 21931 56 22052 29 22109 24 22187 56 22308 29 22365 24 22443 58 22564 29 22621 24 22699 59 22820 30 22867 1 22877 24 22955 62 23076 30 23120 7 23133 25 23211 63 23332 30 23373 11 23390 25 23467 65 23537 6 23587 31 23629 11 23646 25 23724 65 23791 10 23841 33 23883 14 23903 26 23981 83 24097 6 24106 24 24139 14 24159 26 24237 83 24349 10 24363 22 24394 17 24415 32 24491 85 24605 11 24620 20 24650 17 24671 32 24747 85 24859 13 24877 18 24905 20 24933 27 25001 87 25112 17 25133 18 25161 20 25193 23 25256 88 25365 22 25390 17 25418 19 25451 21 25511 89 25620 23 25646 17 25674 20 25709 20 25767 89 25874 27 25903 15 25931 19 25969 18 26022 90 26129 28 26160 14 26189 18 26226 18 26277 91 26383 47 26445 18 26483 18 26533 91 26639 48 26702 17 26739 18 26788 72 26862 18 26894 49 26958 17 26995 19 27044 92 27150 49 27214 16 27251 19 27300 92 27406 49 27469 16 27504 22 27556 16 27575 73 27662 49 27725 16 27759 23 27813 13 27833 71 27918 51 27981 14 28014 23 28070 11 28093 67 28174 52 28237 12 28269 24 28328 9 28349 67 28429 38 28471 11 28493 12 28525 22 28587 4 28606 66 28685 38 28728 10 28749 12 28780 23 28863 65 28941 37 28985 9 29006 11 29035 23 29121 63 29197 36 29242 7 29263 10 29290 24 29377 63 29454 35 29499 6 29519 10 29545 24 29633 36 29673 23 29710 34 29775 11 29801 24 29889 35 29929 23 29967 30 30032 12 30057 24 30144 34 30187 21 30224 25 30288 13 30313 24 30400 33 30445 19 30481 19 30545 12 30569 26 30656 31 30701 19 30739 16 30801 13 30825 27 30911 30 30957 19 30996 13 31058 13 31081 28 31167 27 31213 19 31253 12 31314 13 31337 28 31424 25 31469 19 31561 4 31569 15 31595 27 31682 20 31724 20 31817 5 31823 17 31852 26 31939 18 31980 20 32072 25 32110 24 32198 8 32235 21 32328 25 32367 23 32455 5 32491 21 32583 25 32622 24 32713 2 32737 31 32839 25 32877 24 32969 1 32992 32 33095 24 33132 25 33247 33 33350 25 33387 26 33479 4 33502 34 33606 21 33641 27 33735 4 33756 36 33861 20 33897 27 33990 5 34011 37 34117 19 34152 29 34247 4 34265 39 34373 18 34408 29 34503 4 34521 39 34627 8 34639 7 34664 31 34776 40 34883 6 34897 3 34920 31 35032 40 35139 4 35176 33 35288 40 35395 3 35431 34 35543 41 35687 36 35799 41 35843 3 35943 37 36055 50 36112 13 36199 39 36311 51 36367 14 36454 41 36567 54 36622 16 36710 13 36728 23 36823 71 36965 14 36984 24 37079 72 37221 13 37241 23 37335 38 37376 31 37477 12 37497 23 37592 37 37632 32 37732 13 37753 24 37849 35 37888 32 37987 13 38010 23 38087 4 38105 35 38144 33 38244 11 38269 20 38341 6 38361 34 38400 34 38501 10 38526 19 38596 7 38617 32 38656 35 38759 6 38784 17 38852 8 38873 24 38899 4 38912 35 39041 16 39108 8 39130 21 39156 2 39168 36 39299 16 39364 9 39388 4 39424 36 39555 17 39620 9 39680 37 39813 16 39876 9 39936 37 40069 16 40132 9 40192 37 40327 15 40389 8 40448 37 40585 14 40645 7 40704 37 40844 10 40901 7 40960 37 41101 8 41115 2 41157 6 41216 37 41359 4 41371 2 41414 5 41472 37 41616 3 41670 4 41728 37 41984 37 42240 36 42496 36 42752 37 42912 11 43008 37 43167 14 43264 38 43422 16 43520 39 43677 17 43776 40 43848 7 43932 19 44032 41 44103 9 44188 19 44288 40 44357 13 44443 20 44544 40 44611 16 44699 20 44800 39 44867 16 44954 21 45056 39 45123 16 45209 22 45312 37 45378 17 45465 23 45568 37 45634 17 45721 23 45824 35 45889 17 45977 23 46080 17 46099 16 46145 17 46233 23 46336 34 46401 18 46490 22 46592 33 46657 18 46746 22 46848 29 46891 4 46913 18 47003 20 47104 29 47146 5 47169 19 47259 4 47268 10 47360 29 47402 5 47425 20 47616 31 47657 6 47681 20 47872 34 47913 7 47938 18 48128 35 48169 7 48194 18 48384 37 48425 8 48450 17 48640 37 48681 8 48706 17 48896 37 48937 8 48963 16 49152 37 49193 8 49219 16 49331 8 49408 37 49449 7 49475 16 49507 1 49582 17 49664 37 49706 6 49732 15 49763 2 49837 19 49920 37 49965 1 49989 13 50019 1 50093 20 50176 36 50245 12 50275 1 50349 21 50432 36 50505 4 50530 2 50604 23 50688 36 50785 3 50860 23 50944 37 51035 10 51115 24 51200 37 51287 14 51371 24 51456 37 51540 19 51626 25 51712 37 51795 20 51882 25 51968 37 52047 25 52137 26 52224 37 52302 26 52393 26 52480 37 52557 26 52648 27 52736 37 52813 26 52904 28 52992 11 53004 23 53067 27 53160 28 53248 11 53262 21 53322 28 53416 28 53504 11 53519 19 53577 28 53671 29 53760 11 53776 18 53833 28 53927 29 54016 12 54035 15 54089 28 54180 31 54272 13 54294 12 54345 27 54435 22 54528 13 54551 10 54602 25 54692 19 54784 13 54808 8 54858 24 54893 3 54949 16 55040 13 55066 4 55114 21 55147 6 55205 13 55296 13 55361 4 55369 22 55403 6 55461 12 55552 13 55616 8 55625 21 55659 6 55718 9 55808 14 55872 30 55915 6 55975 8 56064 15 56127 33 56171 4 56304 11 56320 15 56381 36 56427 4 56557 14 56576 16 56636 39 56811 18 56832 17 56892 39 57067 20 57088 17 57148 41 57222 7 57322 21 57344 19 57404 41 57478 8 57577 22 57600 21 57661 39 57734 14 57825 30 57856 22 57917 39 57990 15 58081 30 58112 23 58175 36 58247 14 58337 55 58431 35 58504 13 58593 61 58688 21 58761 12 58848 63 58953 10 59017 12 59104 63 59211 6 59275 10 59359 64 59469 2 59531 10 59615 64 59787 10 59871 64 60044 9 60127 63 60301 8 60382 63 60557 9 60638 62 60813 9 60894 61 61069 9 61150 60 61325 10 61405 60 61581 10 61661 60 61835 13 61916 61 62091 13 62172 60 62343 17 62427 61 62597 19 62683 60 62853 18 62939 60 63109 18 63195 60 63365 17 63451 60 63621 16 63707 35 63744 22 63877 14 63903 3 63940 3 63963 30 64000 21 64133 14 64157 6 64195 5 64219 28 64256 21 64389 14 64411 10 64446 13 64474 28 64512 21 64587 4 64645 14 64667 11 64689 6 64699 16 64729 29 64768 21 64841 6 64900 15 64921 14 64942 29 64985 28 65024 21 65096 8 65154 18 65177 16 65197 30 65241 28 65280 19 65349 11 65408 10 65423 6 65431 53 65496 29
402654,0 65536
403524,0 107 123 32 157 6 172 1 256 105 379 28 427 4 512 104 635 12 651 9 683 4 768 103 892 11 907 6 938 5 1024 102 1149 10 1164 4 1194 5 1280 99 1408 7 1449 6 1536 101 1664 8 1677 2 1704 7 1792 101 1903 14 1920 17 1959 8 2048 102 2158 16 2177 17 2215 8 2252 1 2304 147 2471 8 2506 7 2560 147 2727 8 2761 9 2816 147 2985 5 3015 12 3072 147 3242 4 3271 12 3328 145 3525 16 3584 145 3757 6 3780 17 3840 147 4011 12 4032 27 4096 149 4267 16 4285 31 4352 145 4501 5 4523 50 4608 145 4757 6 4778 51 4864 145 5013 8 5033 52 5120 157 5290 51 5376 158 5548 48 5623 2 5632 158 5805 47 5878 4 5888 158 6062 46 6134 6 6144 158 6319 45 6389 7 6400 158 6575 46 6645 8 6656 158 6831 46 6901 8 6912 159 7087 48 7136 4 7156 11 7168 160 7342 27 7371 28 7411 12 7424 161 7597 20 7629 27 7660 5 7667 12 7680 161 7853 19 7886 27 7915 6 7923 12 7936 161 8109 6 8142 36 8179 10 8192 162 8366 3 8399 35 8437 8 8448 162 8655 34 8695 4 8704 162 8911 34 8960 162 9168 32 9216 161 9424 27 9472 161 9680 25 9728 161 9935 26 9984 161 10186 29 10240 162 10440 31 10496 163 10693 34 10752 164 10949 20 10973 9 11008 165 11204 21 11263 166 11459 22 11516 169 11710 27 11769 172 11965 28 12025 171 12220 29 12281 171 12475 30 12538 170 12731 30 12794 171 12987 30 13051 171 13243 30 13307 172 13500 29 13563 172 13757 28 13821 170 14014 26 14079 168 14271 24 14336 167 14528 23 14592 167 14785 22 14833 3 14848 167 15041 21 15087 6 15104 167 15299 18 15341 9 15360 168 15556 17 15596 10 15616 169 15819 10 15851 11 15872 169 16079 4 16107 11 16127 171 16361 13 16383 171 16616 14 16638 173 16871 14 16894 173 17127 14 17150 173 17383 2 17387 8 17406 173 17643 8 17662 173 17919 173 18175 174 18430 175 18685 177 18941 178 19199 177 19385 2 19456 178 19640 3 19705 196 19960 197 20215 198 20469 200 20725 200 20982 199 21238 200 21495 199 21751 200 21954 5 22008 207 22264 207 22521 4 22526 201 22784 200 23040 200 23296 201 23552 201 23808 202 24064 203 24320 203 24576 204 24832 205 25088 206 25344 208 25600 208 25856 209 26112 209 26368 208 26624 208 26880 208 27136 208 27365 3 27392 208 27620 6 27648 207 27875 7 27904 207 28131 8 28160 207 28387 9 28416 207 28643 8 28672 207 28899 8 28928 207 29155 8 29184 207 29411 8 29440 207 29669 6 29696 207 29927 4 29952 207 30185 2 30208 207 30442 1 30464 206 30698 1 30720 206 30954 1 30976 206 31210 1 31232 206 31488 206 31733 4 31744 207 31989 4 32000 207 32244 5 32256 207 32500 5 32512 207 32756 4 32768 207 32983 6 33012 4 33024 207 33238 9 33280 208 33494 11 33536 209 33749 12 33792 209 34005 13 34048 226 34304 227 34560 225 34816 225 35072 221 35328 221 35584 221 35840 221 36096 222 36352 222 36608 223 36864 223 37120 225 37376 225 37632 226 37888 226 38124 1 38144 228 38379 4 38400 229 38635 4 38656 230 38891 6 38912 231 39145 8 39168 245 39424 246 39680 248 39936 248 40192 248 40448 248 40704 249 40960 249 41216 251 41472 253 41728 5884 47613 765 48379 4100 52480 254 52736 253 52992 253 53248 254 53504 3580 57086 249 57342 249 57593 2 57598 249 57848 4 57853 250 58104 4 58109 256 58367 254 58624 252 58880 247 59128 3 59136 247 59392 247 59648 247 59904 247 60160 247 60416 248 60672 251 60928 251 61184 252 61440 252 61696 252 61952 252 62208 251 62464 251 62720 249 62976 250 63232 250 63488 250 63744 250 64000 250 64256 249 64512 248 64768 247 65024 247 65280 246 65529 7
403905,0 47 59 243 315 243 571 243 827 243 1084 243 1341 242 1597 242 1855 240 2111 240 2367 240 2623 239 2877 241 3132 207 3340 31 3386 241 3641 240 3896 239 4152 237 4409 212 4624 20 4665 210 4884 14 4921 210 5141 12 5177 210 5397 10 5433 210 5653 4 5661 1 5689 100 5794 105 5907 1 5946 99 6050 105 6162 2 6202 99 6307 104 6418 2 6458 95 6554 6 6562 105 6673 3 6714 95 6810 113 6924 9 6971 94 7066 123 7227 222 7483 230 7739 232 7995 74 8071 18 8090 137 8252 71 8328 17 8346 139 8507 72 8585 2 8589 12 8602 139 8763 72 8845 12 8858 140 9018 73 9093 4 9103 10 9114 141 9274 81 9359 10 9370 141 9531 82 9617 8 9626 141 9787 83 9872 9 9882 141 10043 128 10178 4 10188 92 10299 127 10435 2 10445 91 10555 96 10656 25 10700 92 10811 96 10914 21 10955 93 11069 94 11175 4 11211 46 11264 40 11324 95 11433 1 11467 46 11520 9 11531 29 11579 96 11722 47 11776 6 11788 29 11835 96 11978 46 12033 2 12044 29 12090 97 12233 47 12301 28 12346 98 12488 48 12557 28 12602 101 12744 47 12814 26 12857 103 12999 48 13071 25 13113 105 13255 47 13327 25 13369 106 13511 47 13583 25 13625 107 13767 46 13839 25 13881 107 14023 46 14095 25 14136 109 14280 44 14335 1 14351 25 14391 110 14536 44 14591 1 14607 25 14647 111 14793 42 14847 1 14863 25 14903 112 15050 41 15102 2 15118 26 15159 114 15307 40 15356 4 15373 27 15415 117 15563 40 15613 3 15629 28 15671 120 15819 40 15869 3 15885 28 15926 122 16075 40 16125 3 16140 29 16181 124 16331 42 16380 4 16396 29 16437 124 16587 42 16634 8 16651 29 16692 127 16841 45 16889 10 16907 29 16947 129 17097 46 17144 8 17154 1 17163 28 17201 134 17349 59 17418 29 17457 134 17605 59 17673 31 17712 137 17861 59 17929 32 17967 139 18111 1 18117 59 18185 34 18220 143 18366 66 18441 178 18622 66 18697 179 18877 67 18953 247 19209 247 19465 247 19721 247 19977 247 20225 4 20231 249 20481 4 20486 250 20737 4 20743 249 20994 1 20999 249 21255 249 21511 249 21767 249 22023 252 22278 255 22534 847 23383 11457 34841 254 35097 253 35353 252 35609 252 35865 252 36119 254 36375 254 36630 12343 48977 252 49233 250 49490 249 49747 248 50004 247 50260 247 50516 247 50773 245 51029 244 51285 232 51526 1 51543 230 51799 232 52056 231 52313 230 52572 227 52829 6 52836 64 52903 153 53095 61 53162 151 53314 2 53351 62 53418 155 53608 63 53675 154 53831 2 53865 62 53932 161 54121 63 54189 160 54377 64 54447 159 54631 68 54703 159 54887 68 54959 160 55141 234 55397 236 55652 77 55730 159 55908 77 55989 156 56164 77 56249 153 56414 1 56420 77 56507 152 56667 4 56677 79 56763 152 56922 5 56933 82 57019 152 57176 6 57189 84 57274 153 57431 8 57445 238 57685 615 58301 253 58558 251 58815 250 59071 250 59328 249 59584 249 59840 249 60096 251 60352 252 60607 4929
409913,0 18 41 127 256 17 297 126 512 17 553 125 768 13 809 124 1024 12 1065 124 1280 11 1321 124 1536 10 1576 125 1792 10 1832 125 2048 10 2088 125 2304 9 2345 124 2560 9 2602 122 2816 9 2859 120 3072 9 3117 117 3328 8 3375 114 3584 7 3631 114 3840 7 3887 113 4096 7 4143 112 4352 7 4399 110 4608 6 4655 110 4864 5 4911 108 5120 5 5167 108 5376 3 5425 105 5632 2 5681 105 5938 103 6195 102 6452 101 6708 80 6791 17 6965 77 7053 10 7222 75 7310 9 7481 17 7505 46 7561 2 7568 6 7737 16 7761 45 7817 2 7825 4 7996 12 8020 41 8073 4 8255 8 8279 38 8330 3 8537 36 8585 2 8795 34 8841 2 9051 34 9096 3 9307 34 9351 4 9564 14 9582 15 9606 5 9820 14 9839 14 9862 5 10076 13 10095 12 10118 5 10333 12 10352 11 10374 5 10590 11 10609 10 10630 5 10847 9 10867 7 10887 4 11105 6 11143 3 11401 1 24575 1 24830 2 25084 4 25339 5 25594 6 25849 7 26104 8 26360 8 26613 11 26869 11 27125 11 27381 11 27636 12 27892 12 28147 13 28363 6 28403 13 28604 10 28615 11 28659 13 28859 24 28914 14 29097 4 29114 26 29167 17 29352 7 29365 31 29423 17 29607 45 29679 17 29863 45 29935 17 30119 46 30193 2 30197 11 30375 46 30455 9 30631 46 30711 9 30887 46 30968 8 31029 7 31144 44 31224 8 31283 10 31400 43 31480 8 31536 13 31657 42 31735 9 31791 15 31913 42 31988 12 32045 17 32170 41 32235 21 32299 19 32426 40 32491 21 32555 20 32683 33 32745 23 32798 3 32810 23 32939 32 33001 23 33053 5 33065 25 33195 32 33256 24 33309 5 33321 25 33452 5 33461 22 33511 25 33565 4 33577 26 33711 1 33720 19 33766 26 33821 4 33833 26 33967 1 33977 18 34021 18 34088 27 34222 3 34242 9 34277 17 34343 29 34477 4 34499 7 34533 16 34597 31 34731 6 34788 17 34851 34 34987 6 35044 17 35104 37 35241 8 35299 17 35360 37 35497 8 35555 17 35616 37 35753 8 35812 16 35872 38 36009 8 36068 16 36128 38 36268 1 36324 16 36384 38 36579 17 36640 39 36835 17 36896 39 37090 18 37152 39 37345 19 37370 6 37408 39 37601 18 37625 7 37664 39 37857 18 37880 8 37921 37 38112 17 38135 9 38177 36 38297 4 38368 15 38391 9 38434 35 38552 6 38625 14 38646 10 38691 2 38700 9 38711 12 38807 8 38881 12 38901 11 38957 7 38973 3 39061 10 39137 12 39157 11 39214 6 39316 13 39395 9 39412 12 39468 7 39569 16 39651 9 39667 13 39723 8 39823 18 39923 13 39979 8 39997 2 40079 18 40175 17 40233 10 40250 8 40336 24 40428 20 40488 11 40505 10 40592 24 40684 20 40743 15 40759 15 40779 5 40848 25 40940 20 40999 42 41104 25 41196 20 41253 46 41360 25 41452 20 41509 48 41616 25 41664 3 41708 20 41763 51 41862 5 41871 26 41915 11 41965 19 42019 52 42118 7 42127 25 42170 13 42222 18 42273 55 42336 4 42372 36 42423 16 42477 19 42528 57 42590 7 42627 36 42678 17 42732 20 42784 57 42844 10 42883 36 42932 21 42988 20 43040 70 43138 37 43187 22 43244 20 43296 72 43371 5 43393 39 43443 22 43500 20 43552 81 43649 40 43699 22 43756 20 43809 82 43904 41 43955 22 44011 21 44066 81 44160 41 44211 22 44267 21 44321 82 44416 41 44467 24 44522 22 44577 83 44672 41 44723 24 44777 23 44833 83 44928 75 45033 23 45089 83 45184 75 45288 24 45345 83 45441 74 45541 27 45601 83 45697 75 45796 28 45857 82 45953 75 46049 31 46113 82 46209 75 46301 35 46369 82 46463 77 46555 37 46626 80 46718 78 46810 38 46882 79 46973 80 47064 40 47139 78 47229 80 47318 42 47395 78 47485 131 47652 79 47741 131 47908 83 47997 131 48165 83 48251 133 48421 219 48678 218 48935 88 49025 127 49191 217 49410 4 49447 217 49665 7 49703 232 49959 232 50215 235 50472 235 50729 236 50987 236 51243 56 51303 176 51507 47 51559 177 51765 45 51815 178 52025 40 52073 23 52098 126 52225 24 52282 39 52329 22 52356 124 52481 24 52538 39 52586 21 52613 148 52794 39 52842 21 52871 146 53050 39 53098 21 53129 144 53307 39 53353 24 53385 144 53563 40 53607 28 53643 142 53819 40 53863 30 53899 141 54077 74 54157 139 54334 75 54415 136 54591 76 54672 135 54848 75 54928 133 55106 74 55185 133 55362 74 55440 135 55618 74 55696 135 55874 74 55953 134 56119 84 56209 134 56373 86 56466 134 56628 87 56723 133 56883 88 56979 133 57139 88 57237 56 57295 18 57319 49 57395 88 57493 55 57551 18 57576 48 57650 89 57751 51 57807 18 57833 8 57845 35 57906 89 58007 50 58063 18 58089 6 58101 34 58164 87 58264 49 58319 18 58347 4 58355 36 58421 86 58520 50 58575 17 58605 2 58608 39 58678 85 58777 48 58829 18 58861 41 58935 84 59033 46 59085 18 59117 41 59196 78 59289 44 59341 16 59373 41 59453 78 59546 42 59597 16 59628 43 59711 76 59808 35 59853 18 59879 49 59967 76 60065 32 60109 18 60133 66 60224 76 60320 32 60365 92 60480 77 60575 32 60622 93 60721 5 60732 81 60831 31 60879 104 60987 83 61086 32 61135 18 61157 169 61341 32 61393 16 61415 168 61596 33 61655 10 61671 168 61851 34 61915 6 61927 169 62106 34 62172 5 62182 170 62360 37 62422 185 62615 38 62675 188 62871 38 62924 195 63126 40 63180 194 63381 42 63435 196 63636 43 63690 247 63945 248 64200 251 64454 1082
416208,6655 1 6910 2 7165 3 7419 5 7673 7 7925 11 8177 15 8430 18 8683 21 8936 24 9188 28 9443 29 9697 31 9950 34 10203 37 10457 39 10707 45 10962 46 11216 48 11471 49 11725 51 11980 52 12235 53 12491 53 12745 55 13001 55 13244 6 13256 56 13499 8 13510 58 13755 69 14011 69 14267 69 14523 69 14780 68 15036 68 15292 68 15547 69 15797 75 16052 76 16307 77 16563 77 16818 78 17073 79 17329 79 17584 80 17783 12 17813 6 17839 81 18038 14 18068 8 18095 81 18292 20 18325 8 18350 82 18547 25 18581 8 18605 83 18798 32 18837 9 18861 83 19053 33 19093 10 19117 83 19306 37 19349 11 19369 3 19373 83 19559 40 19605 11 19625 2 19629 83 19812 43 19862 9 19881 2 19888 80 20065 47 20118 8 20131 2 20137 2 20145 79 20318 51 20377 12 20392 6 20399 81 20573 52 20635 11 20647 89 20825 56 20893 99 21079 58 21149 99 21333 60 21406 98 21586 63 21662 98 21837 66 21922 4 21928 88 22093 66 22179 2 22185 2 22189 83 22345 69 22445 83 22599 70 22701 83 22853 72 22958 82 23108 73 23214 82 23353 84 23469 83 23605 88 23715 2 23725 83 23857 92 23966 10 23979 85 24110 95 24221 12 24235 85 24363 99 24467 3 24477 99 24619 100 24722 110 24871 217 25125 219 25379 221 25629 2 25633 223 25882 230 26137 231 26388 236 26642 238 26894 242 27147 245 27397 251 27650 20432 48083 247 48333 4 48340 245 48590 251 48849 247 49105 246 49356 1 49361 243 49611 3 49617 230 49848 12 49868 1 49873 230 50107 8 50130 229 50365 6 50387 228 50621 6 50643 228 50877 6 50899 4 50904 222 51132 7 51163 220 51389 6 51418 221 51649 2 51673 222 51930 220 52175 6 52191 214 52431 6 52447 214 52684 8 52704 213 52939 9 52961 212 53193 10 53217 212 53447 12 53473 211 53699 16 53729 211 53955 15 53985 212 54209 16 54241 212 54465 16 54497 2 54501 210 54719 16 54759 210 54973 18 55016 229 55273 210 55485 16 55529 209 55741 15 55785 210 55997 15 56041 227 56297 228 56553 227 56809 226 57065 224 57322 223 57579 221 57836 219 58093 218 58350 217 58606 217 58863 216 59119 215 59375 214 59631 206 59889 203 60114 1 60145 203 60349 5 60369 6 60401 13 60416 195 60624 11 60657 11 60672 197 60880 17 60913 10 60928 188 61117 8 61136 18 61155 2 61169 10 61184 185 61373 8 61392 23 61424 10 61440 185 61631 5 61648 23 61681 9 61696 184 61903 20 61937 8 61952 184 62150 2 62159 20 62193 8 62208 185 62406 3 62416 19 62449 8 62464 185 62662 3 62672 19 62706 6 62720 185 62919 2 62928 19 62963 4 62976 185 63175 2 63183 19 63220 2 63232 185 63419 3 63425 2 63438 20 63488 184 63675 13 63693 21 63744 184 63932 37 64000 184 64189 35 64256 185 64445 34 64512 185 64701 34 64768 219 65024 219 65280 219
416662,54 11 72 14 99 36 160 94 309 12 324 19 355 35 417 92 565 34 612 34 673 91 819 36 869 33 929 90 1075 36 1127 31 1187 88 1329 37 1386 27 1445 84 1585 37 1642 27 1701 84 1839 39 1899 25 1958 84 2095 38 2155 25 2214 84 2350 39 2411 24 2470 90 2605 40 2667 22 2726 90 2859 42 2922 21 2981 91 3115 43 3178 21 3237 91 3371 46 3430 1 3434 20 3492 92 3627 48 3683 4 3690 20 3749 91 3873 61 3938 7 3946 19 4005 91 4129 62 4193 28 4261 91 4383 73 4460 16 4517 19 4539 69 4639 73 4717 14 4774 17 4797 67 4895 72 4975 10 5031 15 5054 66 5151 71 5231 9 5288 14 5311 65 5407 69 5490 3 5547 8 5575 57 5663 70 5747 2 5803 8 5831 57 5919 70 6057 13 6087 57 6175 70 6313 14 6343 57 6432 70 6517 5 6569 16 6599 57 6689 70 6772 7 6825 18 6854 58 6947 69 7027 9 7080 20 7110 58 7204 69 7282 11 7335 23 7365 59 7461 70 7535 14 7591 24 7620 60 7717 70 7789 17 7847 26 7876 60 7973 89 8102 9 8115 17 8143 49 8229 89 8358 9 8371 17 8400 48 8485 89 8615 6 8628 15 8657 9 8669 35 8741 89 8871 6 8885 14 8915 6 8926 34 8997 90 9127 4 9141 14 9172 3 9183 33 9254 89 9385 1 9397 14 9428 2 9439 33 9510 89 9653 15 9695 33 9766 89 9909 15 9951 33 10023 88 10165 15 10197 6 10205 35 10279 88 10421 15 10452 44 10534 89 10678 14 10707 45 10790 89 10935 12 10962 46 11043 92 11192 11 11217 47 11299 92 11449 8 11473 47 11553 95 11729 47 11809 95 11985 47 12066 94 12175 4 12243 45 12323 93 12422 1 12430 5 12501 43 12581 61 12651 22 12675 6 12685 8 12757 43 12839 58 12909 28 12941 8 13013 43 13095 57 13166 41 13269 43 13352 55 13422 50 13523 45 13609 54 13678 51 13779 45 13865 54 13935 51 14035 45 14122 54 14191 52 14291 45 14378 58 14448 51 14547 45 14634 3 14641 51 14704 51 14803 45 14889 4 14897 51 14960 51 15059 45 15143 6 15154 41 15199 4 15216 51 15315 45 15397 8 15411 40 15472 51 15571 45 15651 10 15669 14 15689 18 15729 49 15827 45 15907 10 15926 11 15947 15 15985 48 16083 45 16161 12 16204 13 16241 46 16339 45 16417 12 16461 10 16498 44 16595 45 16671 14 16720 4 16755 43 16851 45 16925 17 17011 43 17106 46 17179 19 17272 39 17361 47 17435 19 17530 37 17617 47 17689 21 17754 19 17787 37 17873 47 17944 22 18006 24 18043 37 18129 47 18199 22 18235 13 18259 29 18299 36 18384 48 18455 22 18489 16 18514 30 18554 37 18640 48 18711 21 18743 19 18769 32 18810 37 18895 49 18967 21 18999 19 19024 33 19066 37 19151 49 19223 20 19255 20 19279 35 19322 37 19406 50 19478 21 19511 59 19578 37 19662 50 19734 21 19767 60 19835 37 19919 49 19989 22 20023 60 20091 37 20175 49 20245 22 20279 60 20348 36 20431 49 20501 23 20535 60 20605 35 20687 49 20757 23 20791 60 20861 35 20943 34 20981 11 21005 5 21012 24 21047 60 21117 35 21198 35 21238 10 21260 32 21303 60 21373 34 21453 30 21486 3 21494 4 21499 5 21516 32 21559 60 21629 34 21709 29 21743 1 21750 4 21755 3 21772 32 21815 60 21885 33 21954 5 21965 28 22007 2 22028 32 22071 60 22142 31 22209 8 22221 27 22263 2 22284 31 22327 60 22398 30 22465 38 22540 31 22584 8 22595 47 22654 29 22720 39 22797 30 22860 37 22911 28 22975 39 23053 12 23068 14 23116 37 23167 27 23231 40 23311 8 23327 9 23372 36 23423 25 23485 42 23568 6 23584 7 23628 35 23680 23 23741 42 23885 33 23937 18 23997 42 24142 31 24194 14 24253 43 24400 27 24451 11 24509 43 24659 23 24709 8 24765 43 24917 20 25020 44 25175 18 25275 45 25439 8 25523 53 25697 6 25778 54 26032 57 26287 58 26542 59 26797 60 26993 1 27053 60 27247 4 27309 60 27501 7 27564 61 27757 8 27819 62 28011 10 28075 61 28267 11 28331 61 28522 12 28586 61 28778 13 28842 61 28925 3 29005 8 29033 15 29091 68 29179 5 29231 4 29259 11 29289 15 29338 77 29434 6 29485 13 29514 13 29544 17 29588 83 29688 8 29741 14 29769 15 29791 3 29800 17 29844 82 29943 9 29998 14 30025 48 30089 7 30101 81 30198 10 30254 15 30281 48 30345 8 30357 80 30453 11 30510 15 30537 52 30601 7 30613 91 30707 13 30767 15 30793 52 30857 7 30869 107 31023 15 31048 54 31114 5 31125 107 31279 15 31304 54 31371 3 31381 107 31505 6 31535 14 31560 55 31637 107 31761 6 31791 14 31816 55 31893 107 32016 8 32047 14 32073 54 32150 106 32271 9 32303 14 32329 54 32407 105 32527 9 32559 14 32584 54 32663 105 32783 10 32815 14 32839 54 32919 105 33039 10 33071 14 33095 52 33176 104 33295 10 33327 14 33350 48 33433 103 33551 11 33583 15 33605 48 33691 101 33807 11 33839 16 33861 47 33948 100 34064 9 34077 2 34094 17 34115 16 34138 6 34149 14 34208 5 34218 86 34320 8 34332 3 34350 17 34371 14 34405 14 34465 2 34475 41 34518 42 34576 8 34605 18 34626 13 34662 11 34733 38 34774 42 34832 8 34861 17 34882 12 34919 10 34991 28 35021 5 35029 43 35088 8 35116 17 35138 11 35177 4 35253 20 35285 43 35344 8 35370 18 35394 11 35510 19 35541 43 35600 7 35625 18 35650 11 35767 16 35797 43 35856 7 35880 18 35906 11 36024 14 36053 43 36112 6 36136 17 36163 11 36281 12 36309 43 36369 4 36391 18 36419 12 36538 9 36565 43 36647 17 36675 14 36795 7 36820 44 36903 18 36930 15 37051 6 37075 45 37160 17 37185 18 37329 47 37416 17 37441 19 37585 47 37673 16 37695 22 37839 49 37929 17 37951 23 38095 49 38185 16 38207 24 38351 49 38442 15 38463 24 38607 49 38699 13 38719 25 38863 49 38955 12 38975 25 39119 49 39231 25 39375 49 39487 25 39631 49 39744 24 39888 48 40001 23 40145 47 40232 6 40257 22 40402 46 40487 7 40514 21 40659 45 40741 10 40771 20 40917 43 40996 11 41027 20 41175 41 41251 12 41284 18 41433 32 41470 2 41507 13 41539 18 41689 31 41725 3 41762 14 41795 12 41945 24 41981 3 42018 15 42051 10 42201 23 42237 3 42274 17 42306 11 42455 27 42491 5 42529 18 42562 10 42711 8 42725 15 42745 7 42786 17 42817 11 42965 9 42981 27 43042 17 43073 12 43115 2 43221 9 43237 27 43299 16 43327 14 43369 7 43469 18 43493 27 43555 16 43583 14 43624 9 43724 19 43748 28 43814 11 43835 18 43878 11 43897 6 43979 20 44003 29 44072 7 44091 5 44097 12 44133 13 44151 9 44235 20 44259 29 44347 2 44354 11 44389 14 44404 14 44490 54 44603 1 44610 11 44645 30 44745 55 44867 9 44900 31 45001 14 45016 40 45123 8 45156 31 45258 12 45275 37 45381 4 45412 31 45516 9 45531 37 45624 3 45637 4 45667 33 45773 7 45787 37 45875 10 45923 33 46043 37 46129 13 46178 34 46299 37 46385 17 46431 37 46554 39 46641 18 46685 39 46810 40 46897 18 46939 41 47066 40 47153 18 47193 43 47322 41 47409 20 47438 1 47445 46 47579 40 47665 19 47693 4 47700 47 47835 44 47921 18 47949 54 48091 46 48177 18 48204 55 48347 48 48396 3 48433 16 48458 55 48603 52 48689 16 48713 56 48859 53 48933 4 48945 16 48969 55 49115 53 49188 6 49200 17 49225 55 49371 53 49443 10 49455 18 49481 55 49628 53 49699 10 49711 18 49737 54 49883 18 49907 30 49954 31 49993 54 50138 17 50171 22 50210 31 50249 54 50393 17 50429 21 50466 31 50505 54 50606 3 50647 18 50685 22 50721 32 50762 53 50857 3 50861 6 50903 16 50941 22 50977 32 51020 7 51031 39 51094 3 51111 13 51158 15 51197 22 51233 32 51277 4 51288 37 51349 5 51365 15 51414 16 51453 23 51489 32 51545 34 51605 6 51620 16 51670 17 51709 22 51745 32 51802 33 51861 6 51875 18 51926 19 51959 28 52002 30 52051 6 52060 35 52117 7 52127 22 52183 20 52212 31 52258 17 52279 8 52307 6 52317 34 52374 31 52439 20 52467 32 52515 14 52538 5 52561 8 52574 33 52616 5 52629 32 52694 21 52723 32 52771 14 52817 8 52831 33 52871 7 52883 34 52949 22 52978 35 53028 13 53071 10 53090 31 53126 48 53199 28 53233 38 53285 12 53327 10 53347 30 53381 49 53453 29 53488 40 53543 10 53583 10 53604 82 53708 29 53743 41 53799 11 53839 10 53860 82 53964 29 53999 42 54057 8 54094 12 54117 14 54132 67 54219 32 54253 44 54313 8 54349 13 54374 13 54389 66 54475 79 54571 6 54605 14 54631 79 54731 79 54827 4 54862 14 54887 79 54988 78 55119 14 55145 76 55245 77 55374 15 55401 76 55502 75 55626 20 55657 74 55765 59 55825 8 55881 21 55912 75 56022 66 56135 23 56168 75 56280 63 56391 23 56424 74 56540 57 56635 5 56644 25 56679 74 56801 51 56890 35 56935 74 57057 50 57145 29 57187 78 57313 47 57399 30 57440 81 57569 46 57653 32 57695 81 57825 46 57907 34 57951 81 58081 44 58162 37 58207 79 58297 2 58336 44 58417 34 58452 3 58463 74 58551 4 58592 40 58671 36 58717 74 58805 7 58848 39 58927 36 58972 75 59061 7 59103 39 59181 38 59227 76 59314 10 59359 39 59437 38 59482 77 59569 12 59615 38 59692 38 59737 78 59825 14 59871 38 59947 38 59993 78 60081 16 60127 37 60203 39 60248 55 60309 15 60325 2 60337 20 60383 37 60458 40 60503 55 60567 11 60582 1 60593 22 60640 32 60713 42 60758 54 60823 12 60848 25 60896 32 60969 42 61013 54 61079 13 61104 25 61153 31 61225 42 61268 55 61334 15 61360 25 61409 31 61480 43 61524 55 61589 17 61615 27 61666 30 61736 41 61781 53 61845 19 61870 28 61923 29 61992 40 62037 53 62100 21 62125 30 62179 29 62248 39 62293 52 62355 56 62436 28 62505 37 62549 52 62611 56 62693 27 62761 36 62806 51 62867 57 62951 25 63018 35 63063 50 63123 58 63207 25 63275 34 63320 48 63377 61 63465 23 63531 34 63575 49 63633 63 63721 23 63787 34 63829 52 63887 69 63977 23 64043 34 64085 52 64143 70 64233 23 64299 34 64341 54 64397 72 64490 22 64553 36 64597 128 64746 22 64809 35 64852 129 65002 22 65066 33 65108 129 65258 22 65322 33 65365 128 65514 22
417960,0 65536
418853,0 65536
421383,45 86 161 30 193 54 302 85 417 28 449 54 558 85 672 29 705 54 814 53 868 30 927 29 960 54 1071 52 1124 30 1181 31 1216 53 1309 1 1327 50 1380 29 1437 31 1472 53 1565 1 1583 50 1636 29 1692 31 1728 53 1821 1 1838 13 1859 29 1891 30 1948 31 1982 54 2085 4 2093 12 2117 27 2147 29 2204 31 2237 55 2349 14 2374 57 2459 89 2604 15 2630 57 2715 89 2859 16 2887 13 2904 36 2968 92 3113 19 3142 13 3160 35 3223 94 3366 23 3398 11 3416 33 3477 96 3621 24 3653 12 3671 34 3733 96 3876 26 3905 54 3988 97 4132 81 4243 97 4384 83 4499 90 4596 1 4640 82 4755 90 4852 1 4895 83 5011 90 5107 3 5151 82 5267 90 5362 4 5406 83 5524 99 5661 84 5780 99 5917 84 6036 101 6172 85 6292 101 6425 88 6548 102 6669 5 6677 2 6681 88 6804 102 6925 100 7061 102 7180 100 7317 102 7436 99 7574 100 7692 99 7830 100 7947 97 8088 38 8127 59 8203 96 8345 35 8384 57 8460 92 8561 1 8603 33 8639 58 8717 8 8726 81 8816 5 8860 32 8894 59 8975 5 8982 73 9071 6 9117 92 9233 77 9327 7 9373 91 9490 74 9583 8 9597 6 9629 90 9745 74 9839 8 9853 6 9887 88 9999 76 10095 9 10107 10 10145 86 10254 76 10352 8 10362 11 10390 1 10403 84 10498 1 10505 81 10609 6 10618 12 10660 83 10754 2 10759 84 10873 14 10917 82 11011 89 11129 14 11173 82 11267 88 11385 15 11429 82 11524 86 11612 7 11642 23 11687 80 11780 85 11868 8 11898 24 11943 80 12035 86 12125 8 12155 23 12207 73 12291 86 12381 8 12411 24 12464 73 12547 85 12637 8 12667 24 12722 71 12803 85 12893 7 12922 26 12961 6 12979 71 13059 84 13150 5 13177 29 13216 9 13237 4 13243 64 13311 1 13315 84 13433 30 13471 11 13495 2 13500 68 13572 85 13689 30 13725 15 13757 67 13829 84 13945 31 13979 18 14011 69 14086 83 14201 54 14262 74 14343 82 14457 54 14518 74 14599 82 14713 54 14773 75 14854 59 14918 19 14970 53 15030 74 15109 58 15175 18 15227 52 15286 74 15363 60 15432 17 15484 51 15542 74 15617 61 15689 16 15742 21 15764 28 15799 102 15903 30 15946 15 15999 16 16021 27 16055 92 16159 29 16201 17 16256 14 16277 28 16311 92 16415 28 16457 17 16513 13 16533 28 16568 92 16671 26 16712 19 16769 13 16789 28 16825 91 16928 24 16968 19 17025 13 17045 28 17081 92 17184 21 17223 20 17282 13 17301 28 17338 37 17379 50 17441 19 17479 20 17538 14 17557 28 17594 37 17635 50 17698 17 17736 27 17795 15 17813 28 17851 35 17891 51 17955 15 17992 27 18051 16 18069 28 18107 35 18147 51 18215 10 18248 29 18307 17 18325 28 18364 35 18403 51 18474 7 18505 29 18564 45 18621 34 18659 12 18676 11 18688 21 18762 29 18821 45 18877 34 18917 7 18934 8 18944 21 19020 28 19077 45 19132 36 19174 5 19191 6 19200 21 19277 28 19333 46 19387 38 19456 20 19533 28 19589 47 19642 39 19712 19 19789 28 19844 61 19909 28 19968 19 20044 29 20100 61 20166 27 20224 19 20300 28 20357 60 20423 24 20480 19 20555 29 20613 60 20680 23 20736 20 20811 28 20869 46 20917 12 20937 20 20992 21 21067 28 21125 44 21173 13 21193 19 21248 21 21322 28 21383 42 21429 14 21450 16 21487 2 21504 21 21578 28 21639 42 21685 14 21705 16 21741 6 21760 21 21834 42 21897 40 21941 35 21991 13 22016 21 22090 43 22154 13 22170 22 22197 34 22247 14 22272 24 22345 48 22410 11 22426 22 22453 33 22502 16 22528 27 22601 48 22666 9 22682 21 22709 24 22736 4 22757 18 22784 29 22857 49 22922 8 22938 21 22965 24 23013 18 23040 31 23111 50 23178 9 23193 22 23221 24 23269 19 23296 31 23363 54 23435 36 23476 26 23525 19 23552 31 23619 54 23691 37 23732 26 23781 19 23808 32 23873 56 23946 38 23987 27 24034 22 24064 32 24129 56 24194 46 24243 27 24289 23 24320 32 24383 58 24445 50 24499 28 24545 23 24576 32 24639 58 24699 52 24754 30 24801 23 24832 32 24883 2 24893 60 24954 52 25010 31 25057 24 25088 32 25139 4 25149 112 25266 32 25312 25 25344 32 25394 121 25522 33 25568 26 25600 32 25650 121 25779 32 25824 27 25856 32 25905 123 26035 32 26080 27 26112 32 26161 124 26291 32 26336 27 26368 33 26417 69 26489 52 26548 30 26592 27 26624 35 26674 68 26745 52 26804 30 26848 27 26880 37 26930 3 26935 62 27001 52 27061 9 27075 13 27103 28 27136 39 27181 2 27185 68 27257 52 27317 8 27331 12 27359 28 27391 118 27513 52 27573 6 27587 9 27613 30 27646 82 27729 36 27770 51 27830 5 27843 8 27869 31 27901 56 27960 23 27985 35 28026 50 28099 7 28125 88 28217 22 28241 34 28282 49 28356 5 28381 87 28473 21 28497 34 28538 48 28613 3 28637 86 28729 21 28753 33 28794 46 28893 86 28986 19 29010 29 29051 40 29150 22 29175 59 29243 18 29266 28 29307 38 29406 22 29430 52 29485 4 29500 17 29522 27 29563 36 29663 18 29685 53 29741 3 29756 16 29778 26 29819 37 29919 11 29941 53 30013 14 30033 26 30076 39 30167 18 30196 53 30271 11 30289 26 30333 38 30421 20 30452 53 30529 7 30545 24 30590 39 30671 24 30707 54 30787 1 30801 24 30847 39 30926 23 30963 54 31057 22 31104 38 31181 24 31218 53 31275 1 31313 21 31361 37 31437 24 31473 52 31531 2 31569 20 31617 37 31692 26 31729 52 31787 2 31825 19 31874 35 31947 28 31985 53 32043 1 32083 16 32130 35 32195 38 32240 55 32339 16 32386 35 32449 40 32495 62 32600 9 32642 34 32703 45 32750 63 32858 5 32899 33 32959 112 33155 32 33213 114 33412 31 33469 115 33669 30 33725 115 33925 30 33981 116 34183 28 34236 117 34440 27 34491 118 34698 25 34747 119 34929 6 34955 25 35003 120 35185 7 35213 24 35259 120 35441 7 35466 27 35515 121 35699 5 35719 30 35770 123 35955 5 35974 32 36026 123 36212 4 36228 34 36282 123 36468 3 36483 35 36538 124 36681 3 36726 1 36738 36 36795 123 36935 7 36993 37 37051 123 37189 10 37239 46 37308 122 37445 11 37495 46 37565 121 37701 13 37751 44 37823 119 37956 15 38007 44 38080 116 38208 21 38264 42 38337 114 38463 23 38521 40 38593 111 38719 23 38777 36 38850 109 38975 24 39032 36 39106 107 39231 24 39262 1 39288 35 39362 59 39424 44 39483 29 39517 3 39543 36 39618 57 39680 43 39731 37 39771 10 39787 5 39799 36 39875 38 39915 12 39936 43 39985 40 40026 12 40042 7 40055 36 40131 35 40173 7 40191 44 40237 70 40312 36 40387 33 40445 118 40568 37 40643 32 40701 118 40824 41 40899 31 40955 92 41049 27 41080 42 41155 30 41210 89 41305 30 41337 42 41411 28 41464 90 41561 75 41666 29 41719 9 41730 79 41818 75 41922 27 41962 6 41971 13 41987 78 42075 75 42177 26 42217 23 42244 77 42332 75 42433 26 42473 23 42500 77 42589 74 42689 26 42728 24 42756 77 42846 73 42946 25 42981 27 43013 75 43103 72 43203 24 43234 30 43269 6 43279 65 43359 72 43459 61 43527 2 43536 63 43615 72 43715 61 43793 4 43798 57 43871 72 43971 61 44050 2 44055 55 44127 72 44227 61 44311 54 44382 72 44483 61 44567 52 44638 72 44739 61 44823 51 44893 73 44995 61 45080 49 45149 72 45251 61 45337 47 45405 71 45507 61 45593 47 45661 71 45763 61 45849 47 45917 70 46019 61 46106 46 46173 67 46275 61 46362 46 46429 64 46532 60 46618 46 46685 63 46789 59 46874 47 46940 64 47047 57 47130 47 47195 65 47305 55 47386 47 47450 67 47565 51 47642 47 47706 67 47822 50 47898 47 47961 70 48079 49 48155 45 48217 70 48335 49 48411 44 48473 74 48593 47 48667 44 48729 76 48849 47 48923 43 48985 79 49109 43 49180 41 49241 80 49367 41 49437 39 49498 31 49530 47 49624 40 49693 40 49754 20 49776 7 49786 47 49881 39 49951 40 50011 19 50042 47 50138 38 50208 39 50254 1 50277 9 50298 48 50395 37 50467 38 50510 3 50533 9 50554 49 50652 36 50731 32 50767 2 50789 10 50810 49 50911 33 50987 40 51045 10 51066 49 51170 30 51243 40 51300 11 51321 51 51426 30 51499 40 51553 13 51577 52 51682 30 51755 40 51808 13 51833 52 51939 29 52011 40 52063 13 52088 53 52195 29 52267 40 52317 14 52344 53 52451 29 52524 41 52569 19 52600 53 52709 27 52780 65 52856 53 52967 25 53036 65 53112 53 53225 23 53292 65 53368 53 53482 22 53547 67 53624 53 53699 4 53739 21 53803 67 53880 53 53954 6 53996 20 54059 67 54137 52 54198 29 54253 19 54314 68 54393 52 54453 30 54509 19 54570 68 54651 52 54704 37 54748 3 54766 18 54826 67 54907 5 54915 82 55003 5 55022 18 55081 68 55173 81 55258 7 55279 17 55337 68 55429 82 55514 7 55535 17 55593 68 55686 93 55793 15 55849 68 55943 93 56049 15 56105 68 56200 97 56306 14 56361 68 56456 100 56564 12 56618 67 56713 103 56822 9 56875 66 56969 104 57079 6 57133 64 57225 104 57389 64 57481 105 57645 64 57738 105 57901 64 57994 105 58159 60 58251 106 58415 60 58508 105 58672 6 58684 47 58767 103 58930 3 58940 47 59025 102 59196 46 59285 98 59452 45 59543 97 59701 38 59743 10 59801 96 59956 39 60001 8 60057 96 60211 19 60234 16 60259 4 60286 9 60314 97 60466 19 60493 11 60541 11 60570 97 60722 19 60749 4 60796 13 60828 96 60978 19 61005 6 61051 15 61085 96 61234 21 61261 6 61269 2 61305 18 61348 89 61490 40 61558 21 61604 89 61745 42 61813 22 61860 90 62000 43 62068 23 62116 91 62254 45 62323 24 62372 91 62509 47 62579 24 62628 91 62763 51 62835 24 62884 91 63019 52 63091 24 63139 92 63274 54 63347 23 63395 93 63531 54 63603 22 63651 93 63787 56 63860 20 63906 94 64043 56 64116 19 64162 94 64299 58 64373 16 64415 97 64554 59 64631 13 64671 97 64810 60 64888 10 64926 98 65066 60 65145 8 65182 98 65322 25 65349 33 65437 99
423047,7 120 137 10 161 10 173 12 262 123 397 6 429 12 518 117 637 5 654 4 686 11 773 117 893 8 943 10 1029 129 1199 10 1285 99 1390 25 1461 4 1541 99 1646 25 1717 6 1792 104 1903 24 1969 11 2048 104 2159 24 2225 12 2299 109 2419 20 2481 10 2554 110 2679 16 2737 10 2809 111 2935 16 2993 10 3065 111 3191 16 3249 10 3321 110 3447 16 3505 10 3579 108 3703 15 3761 10 3835 106 3960 12 4019 10 4093 102 4217 10 4275 10 4351 98 4473 10 4533 8 4608 96 4726 13 4790 7 4864 94 4981 6 4990 1 5049 2 5120 93 5237 6 5376 91 5493 6 5632 91 5749 7 5874 3 5888 90 6005 7 6021 4 6129 6 6144 89 6261 7 6277 5 6337 1 6385 6 6401 86 6513 13 6533 5 6641 5 6657 86 6768 15 6790 4 6898 4 6913 85 7023 18 7047 1 7156 1 7169 85 7279 18 7373 2 7425 85 7533 20 7627 6 7681 85 7789 20 7883 6 7936 87 8044 24 8069 2 8139 5 8186 93 8300 28 8382 7 8395 4 8441 94 8555 29 8635 18 8699 92 8810 30 8891 18 8956 3 8960 87 9065 32 9146 18 9216 87 9321 32 9402 19 9472 87 9577 32 9658 20 9699 3 9728 87 9834 31 9914 21 9955 4 9984 86 10092 28 10169 22 10210 5 10240 86 10351 25 10425 23 10466 5 10496 86 10613 19 10681 22 10723 3 10752 86 10873 14 10937 22 10980 1 11008 86 11131 12 11193 22 11264 86 11387 12 11449 22 11520 86 11644 11 11705 22 11776 85 11901 10 11961 22 12032 84 12157 10 12218 21 12272 4 12288 83 12413 11 12474 21 12528 5 12544 79 12669 10 12700 2 12730 21 12783 7 12800 78 12925 10 12955 8 12973 2 12987 20 13039 7 13056 77 13181 8 13211 10 13227 6 13243 20 13295 7 13312 77 13437 6 13467 13 13482 7 13499 19 13551 7 13568 76 13686 2 13693 4 13723 23 13755 18 13798 5 13808 5 13824 75 13941 4 13949 4 13978 25 14011 18 14053 7 14064 5 14080 74 14196 5 14229 31 14267 15 14308 9 14322 3 14336 73 14451 6 14484 32 14522 14 14564 9 14592 73 14707 8 14740 34 14779 10 14820 9 14835 4 14847 74 14963 9 14996 35 15035 8 15076 9 15091 6 15102 75 15218 11 15252 35 15291 7 15332 10 15344 11 15357 80 15474 11 15507 37 15547 8 15587 108 15730 11 15763 38 15802 9 15839 113 15986 11 16019 48 16094 114 16242 10 16273 50 16348 116 16498 10 16529 50 16604 116 16755 8 16785 40 16827 7 16860 116 17013 5 17041 40 17117 115 17298 37 17373 115 17554 37 17629 115 17811 36 17886 114 18067 36 18143 113 18325 34 18399 113 18581 34 18655 114 18837 35 18909 118 19093 35 19165 120 19350 34 19419 122 19607 32 19675 122 19830 2 19863 28 19929 125 20085 4 20120 25 20185 125 20341 4 20377 24 20440 126 20597 5 20634 23 20696 127 20853 5 20891 22 20951 128 21109 4 21151 18 21207 129 21365 4 21409 16 21462 131 21622 1 21666 15 21718 131 21925 10 21974 131 22183 7 22229 132 22443 2 22485 131 22741 125 22997 125 23253 124 23467 5 23509 130 23721 8 23765 132 23975 11 24021 132 24225 18 24277 133 24481 18 24533 133 24712 3 24736 19 24790 133 24966 7 24984 27 25046 132 25222 7 25239 28 25302 132 25478 7 25494 29 25557 133 25734 10 25749 30 25813 134 25990 45 26068 43 26112 91 26245 46 26323 43 26368 91 26499 48 26579 42 26624 92 26755 49 26835 41 26880 93 27011 50 27090 41 27136 93 27267 50 27345 41 27392 93 27522 53 27598 42 27648 93 27778 53 27853 36 27891 4 27904 93 28034 53 28108 35 28160 93 28290 58 28363 34 28416 93 28544 62 28619 33 28671 93 28773 2 28799 64 28875 32 28927 92 29028 5 29053 68 29129 34 29182 93 29283 6 29309 68 29383 35 29436 95 29539 7 29562 72 29637 36 29691 96 29795 11 29817 112 29947 95 30053 11 30071 114 30202 96 30309 12 30326 115 30458 96 30566 11 30581 118 30714 96 30822 10 30836 121 30969 96 31079 8 31091 124 31225 96 31335 8 31346 125 31482 95 31591 7 31601 127 31738 94 31848 5 31857 127 31995 93 32107 133 32251 47 32302 42 32363 134 32508 44 32559 42 32617 143 32766 41 32815 42 32873 144 33024 39 33071 7 33082 31 33128 145 33280 39 33327 6 33339 30 33384 143 33536 39 33584 4 33597 29 33639 144 33792 38 33841 3 33854 29 33895 143 34048 38 34111 34 34150 144 34304 38 34367 35 34405 145 34560 39 34623 36 34661 145 34816 39 34879 36 34916 145 35072 39 35135 182 35328 39 35392 181 35584 39 35649 180 35840 39 35905 179 36096 39 36164 176 36352 39 36421 174 36607 41 36667 1 36678 173 36861 44 36921 4 36935 172 37109 5 37115 46 37175 8 37203 159 37365 54 37431 8 37459 159 37621 62 37687 10 37714 159 37877 62 37942 11 37970 159 38133 76 38227 238 38483 166 38651 58 38711 8 38739 167 38907 58 38969 4 38995 226 39253 224 39511 224 39773 218 40030 218 40286 219 40542 219 40797 221 41053 222 41308 223 41563 226 41817 228 42073 229 42328 231 42583 233 42839 38 42879 194 43095 38 43135 200 43351 38 43391 200 43607 240 43864 35 43901 202 44120 5 44129 16 44147 8 44157 200 44385 14 44411 202 44640 15 44667 202 44896 15 44923 203 45151 16 45179 204 45407 16 45434 206 45663 17 45691 206 45919 18 45945 1 45954 200 46175 18 46199 3 46211 199 46433 24 46467 199 46689 23 46723 199 46947 21 46980 197 47204 20 47237 131 47371 62 47461 20 47494 130 47626 63 47717 20 47751 129 47881 63 47975 18 48010 126 48137 63 48232 17 48267 189 48490 16 48523 188 48747 15 48780 187 48995 4 49004 14 49038 11 49051 146 49199 23 49251 5 49259 15 49295 8 49308 143 49465 10 49479 8 49507 23 49541 5 49565 142 49722 9 49734 9 49763 22 49797 5 49821 104 49926 35 49989 11 50018 22 50051 7 50077 104 50182 35 50245 11 50274 21 50306 8 50333 103 50439 34 50501 11 50530 23 50557 12 50589 102 50695 34 50757 10 50786 37 50844 103 50951 33 51013 9 51041 36 51091 2 51099 103 51207 33 51269 8 51296 36 51345 112 51463 33 51509 5 51527 3 51549 38 51599 114 51719 33 51765 6 51803 40 51855 115 51975 34 52021 8 52054 45 52109 117 52231 34 52277 8 52308 47 52365 118 52488 36 52531 10 52563 51 52621 118 52745 37 52783 14 52818 53 52877 118 53001 53 53073 55 53133 118 53257 54 53329 56 53389 117 53513 57 53585 177 53770 57 53841 177 54027 21 54049 35 54094 180 54284 19 54310 31 54349 181 54541 17 54567 30 54604 183 54797 17 54823 30 54860 183 55053 16 55079 32 55115 184 55309 16 55336 31 55372 183 55565 16 55592 32 55628 184 55821 16 55849 32 55885 184 56077 16 56105 18 56127 10 56141 184 56333 17 56362 17 56383 10 56397 183 56591 14 56619 16 56640 10 56655 177 56848 13 56875 16 56896 10 56911 177 57107 10 57128 2 57132 15 57152 11 57169 175 57363 10 57383 4 57388 15 57408 11 57426 174 57621 8 57638 7 57646 13 57665 11 57687 4 57696 160 57878 6 57894 7 57902 14 57921 11 57944 1 57954 158 58150 22 58178 10 58213 155 58407 20 58436 7 58482 142 58662 21 58695 3 58743 137 58917 22 59001 135 59171 6 59179 13 59258 134 59426 7 59436 12 59515 133 59680 9 59692 11 59772 132 59936 9 59949 10 60029 131 60191 9 60207 7 60285 131 60447 9 60464 5 60542 130 60703 8 60797 131 60959 7 61052 132 61216 5 61304 136 61473 3 61558 138 61812 141 62068 141 62324 142 62580 142 62836 142 63093 140 63349 141 63605 141 63862 140 64059 4 64119 140 64313 10 64377 138 64568 12 64635 136 64823 15 64892 135 65079 16 65148 134 65333 18 65403 133
423050,0 65536
432006,0 17556 17557 253 17815 250 18071 250 18328 247 18584 246 18841 245 19097 244 19354 242 19609 242 19865 242 20120 245 20376 245 20633 246 20889 247 21145 248 21403 246 21660 248 21924 241 22181 61 22245 177 22439 58 22500 179 22696 57 22756 180 22953 55 23011 182 23209 54 23267 182 23465 52 23523 184 23721 52 23779 184 23977 50 24035 185 24233 48 24291 185 24491 44 24547 186 24749 42 24803 186 25005 40 25059 186 25261 39 25315 188 25517 36 25571 188 25773 36 25827 190 26030 35 26084 189 26286 34 26340 189 26543 32 26597 188 26799 32 26853 189 27056 28 27110 189 27312 27 27366 189 27569 14 27587 4 27622 189 27825 14 27879 189 28082 10 28135 189 28339 8 28392 189 28648 190 28904 191 29160 191 29416 191 29672 191 29928 191 30185 190 30441 189 30698 15 30717 169 30905 6 30955 14 30974 167 31161 14 31213 12 31231 165 31416 25 31470 10 31487 162 31671 28 31728 7 31743 162 31927 29 31999 162 32170 44 32254 163 32426 44 32509 164 32683 44 32765 164 32939 44 33021 164 33195 44 33276 166 33451 44 33532 167 33707 46 33787 169 33963 48 34043 225 34299 226 34555 227 34812 227 35068 228 35325 228 35581 229 35839 228 36095 237 36351 238 36607 240 36864 239 37120 241 37376 242 37632 244 37888 245 38144 247 38400 247 38656 247 38912 248 39168 249 39424 249 39680 250 39936 250 40192 250 40448 250 40704 250 40960 250 41216 251 41472 251 41728 252 41984 253 42240 253 42496 253 42752 253 43008 253 43264 252 43520 253 43776 1785 45565 252 45821 252 46077 251 46334 251 46591 250 46848 249 47104 250 47360 251 47616 252 47872 253 48128 253 48384 5887 54272 254 54528 251 54784 251 55040 250 55296 249 55552 248 55808 247 56064 248 56319 250 56575 252 56829 4438 61274 249 61531 239 61772 5 61788 235 62029 4 62045 234 62286 1 62300 235 62556 236 62811 237 63067 238 63323 128 63457 104 63580 127 63712 105 63837 127 63967 106 64093 127 64223 106 64349 236 64605 237 64845 3 64861 238 65100 6 65116 247 65371 165
432339,0 65536
433193,0 36046 36051 249 36309 246 36567 246 36817 1 36826 249 37083 248 37339 248 37595 248 37851 228 38081 18 38103 230 38341 7 38353 235 38598 5 38609 235 38866 234 39122 234 39379 234 39635 234 39891 235 40147 236 40403 236 40659 237 40914 239 41169 240 41423 242 41677 23859
435772,0 166 191 22 256 166 447 21 512 165 703 20 768 165 959 20 1024 165 1216 20 1280 163 1472 21 1536 163 1728 21 1792 163 1985 22 2048 163 2241 22 2304 162 2497 23 2560 161 2754 23 2816 161 3011 22 3072 160 3267 22 3328 159 3525 6 3537 8 3584 158 3782 5 3795 5 3840 157 4039 3 4096 157 4352 157 4551 6 4608 156 4807 8 4864 155 5061 11 5120 155 5317 12 5376 155 5573 12 5632 154 5829 12 5888 151 6084 13 6144 151 6340 13 6400 149 6596 13 6656 149 6852 13 6912 146 7109 11 7168 143 7365 9 7424 142 7680 102 7783 38 7936 99 8039 38 8192 99 8295 38 8448 98 8552 35 8704 98 8808 35 8960 97 9065 30 9216 98 9321 28 9472 98 9577 25 9728 98 9835 9 9984 98 10240 97 10496 99 10752 99 11008 5 11014 95 11264 4 11271 97 11531 96 11789 94 12049 90 12305 91 12561 100 12818 101 13075 102 13332 101 13589 101 13845 101 14103 100 14359 100 14616 99 14873 98 15104 3 15132 95 15360 5 15389 94 15616 7 15646 94 15872 7 15903 11 15916 81 16128 7 16163 4 16175 79 16384 7 16432 79 16640 7 16689 79 16896 8 16946 79 17152 8 17203 78 17408 9 17459 78 17664 10 17715 78 17920 11 17971 78 18176 11 18227 80 18432 11 18483 80 18688 15 18739 80 18944 17 18995 81 19200 19 19252 81 19456 21 19507 82 19712 25 19762 85 19968 25 20018 85 20224 25 20274 86 20480 26 20530 87 20736 26 20785 88 20992 27 21041 87 21248 27 21297 87 21504 26 21553 87 21760 25 21809 86 22016 25 22065 86 22272 24 22322 84 22528 23 22579 82 22784 23 22821 2 22837 79 23040 23 23093 78 23296 21 23351 75 23552 21 23607 74 23808 21 23860 76 24064 21 24115 76 24320 25 24369 77 24576 26 24625 76 24832 28 24879 77 25088 29 25134 78 25344 39 25387 80 25600 40 25641 82 25856 123 26112 123 26368 123 26624 123 26880 123 27136 123 27392 122 27648 122 27904 119 28160 117 28416 116 28672 115 28928 115 29184 115 29440 115 29696 115 29952 114 30208 114 30464 113 30720 112 30976 111 31232 109 31488 105 31744 104 32000 102 32256 101 32512 99 32768 99 33024 97 33280 96 33536 91 33792 83 33880 2 34048 85 34304 86 34560 87 34816 87 35072 87 35328 87 35584 88 35840 88 36096 88 36352 87 36608 87 36820 2 36864 87 37074 5 37120 87 37329 8 37376 87 37585 12 37632 87 37841 15 37888 87 38096 16 38144 87 38352 17 38400 86 38608 17 38656 86 38865 17 38912 87 39121 18 39168 87 39378 18 39424 88 39635 18 39680 89 39891 18 39936 89 40148 18 40192 89 40404 18 40448 89 40660 19 40704 88 40916 19 40960 87 41172 19 41216 86 41427 20 41472 86 41683 20 41728 86 41939 21 41984 86 42164 5 42195 21 42240 87 42418 10 42451 21 42496 89 42673 12 42707 21 42752 93 42927 15 42963 22 43008 95 43183 23 43218 23 43264 97 43438 29 43473 24 43520 103 43694 31 43727 27 43776 109 43949 61 44032 109 44205 62 44288 112 44460 63 44544 113 44661 2 44715 65 44800 120 44971 66 45056 120 45226 70 45312 121 45481 74 45568 121 45736 76 45824 122 45991 79 46080 122 46247 80 46336 123 46501 83 46592 123 46757 84 46848 124 47012 85 47104 124 47268 86 47360 125 47523 88 47616 125 47779 88 47872 125 48034 92 48128 125 48287 96 48384 125 48542 223 48797 224 49053 224 49309 225 49565 225 49820 227 50075 228 50331 228 50587 229 50836 1 50842 230 51090 239 51345 240 51601 240 51857 141 52005 93 52112 141 52261 94 52360 3 52368 142 52519 92 52615 7 52623 143 52775 92 52872 151 53031 92 53129 150 53287 92 53386 150 53543 92 53643 150 53799 92 53899 150 54053 93 54155 150 54308 94 54411 161 54577 81 54666 161 54834 80 54922 159 55091 80 55177 160 55346 81 55433 158 55595 1 55602 81 55687 150 55839 8 55850 3 55857 82 55943 149 56105 91 56197 150 56361 241 56615 242 56871 241 57126 242 57381 244 57636 245 57891 245 58137 3 58147 245 58393 4 58402 94 58498 148 58658 93 58754 147 58914 93 59009 148 59171 92 59265 147 59427 240 59683 240 59939 239 60196 238 60452 87 60540 149 60709 83 60796 149 60965 83 61052 148 61223 80 61307 149 61479 80 61563 133 61697 14 61735 79 61819 133 61954 13 61992 77 62074 134 62211 12 62249 76 62330 134 62467 11 62505 76 62585 135 62724 9 62761 76 62841 135 62981 8 63017 76 63097 135 63239 5 63273 75 63353 135 63495 4 63529 75 63609 135 63786 73 63864 136 64042 73 64120 136 64298 73 64376 136 64554 73 64632 136 64810 73 64887 137 65066 73 65143 137 65322 72 65399 137
442157,4 37 262 35 518 35 775 34 1034 31 1075 1 1295 27 1329 5 1551 27 1583 7 1808 27 1837 10 2065 26 2092 11 2322 37 2585 29 2843 26 3099 26 3357 23 3612 23 3866 25 4121 26 4158 5 4375 28 4413 7 4631 28 4669 7 4886 29 4924 8 5141 30 5180 8 5279 2 5397 31 5435 9 5533 7 5653 32 5692 7 5788 14 5909 32 6043 16 6164 33 6299 16 6420 33 6555 16 6676 33 6811 16 6933 32 7067 16 7189 32 7323 16 7445 31 7579 16 7701 30 7835 16 7957 29 8091 16 8213 28 8250 1 8346 17 8469 28 8504 4 8603 17 8725 27 8759 5 8859 17 8981 26 9015 5 9115 18 9237 25 9271 5 9371 20 9493 19 9528 2 9629 20 9749 18 9885 20 10005 17 10141 21 10262 15 10396 22 10522 11 10651 24 10780 8 10907 24 11163 24 11419 24 11675 24 11931 23 12189 20 12445 20 12701 19 12957 19 13215 16 13469 18 13723 20 13978 21 14234 20 14490 11 14747 9 15005 7 15265 3 15721 2 15976 6 16208 1 16232 7 16459 6 16488 7 16715 6 16743 9 16971 6 16999 9 17226 5 17252 12 17483 4 17508 12 17763 13 18017 14 18264 5 18271 8 18520 15 18775 16 19031 15 19287 14 19543 13 19799 12 20055 12 20311 10 20568 7 28305 1 28559 4 28815 5 29070 6 29326 5 29582 2 31399 3 31653 7 31909 8 32134 1 32166 7 32388 5 32422 7 32606 5 32621 6 32641 8 32679 6 32861 6 32875 11 32895 11 32937 4 33115 10 33130 17 33148 15 33371 10 33386 33 33625 12 33642 34 33881 12 33898 35 34138 11 34155 34 34206 1 34221 3 34395 10 34411 34 34461 3 34475 6 34656 4 34667 34 34717 4 34731 8 34923 34 34973 4 34986 9 35179 35 35229 4 35241 11 35435 35 35485 4 35495 13 35691 35 35740 5 35746 17 35947 35 35995 24 36202 35 36251 22 36458 35 36507 17 36714 35 36762 17 36970 35 37018 16 37227 8 37237 24 37274 14 37483 7 37494 23 37531 12 37751 22 38009 20 38267 18 38523 18 38780 15 39036 12 39081 1 39292 11 39336 4 39549 10 39591 5 39809 4 39835 2 39847 5 40091 2 40102 7 40346 4 40357 10 40602 4 40613 12 40843 2 40859 2 40867 14 41097 4 41122 16 41353 4 41377 18 41609 4 41633 17 41889 16 42145 16 42402 14 42658 13 42915 10 43173 6 51461 8 51717 8 51969 14 52225 14 52480 15 52736 15 52992 15 53248 15 53504 15 53760 15 54016 15 54272 16 54528 16 54784 16 55040 16 55296 16 55552 15 55808 15 56064 15 56320 15 56576 14 56832 13 57088 13 57344 13 57600 13 57856 13 58112 9 58124 2 58368 6 58381 1 61795 3 61809 1 62050 6 62063 4 62305 20 62560 21 62815 22 63071 22 63327 22 63583 21 63839 20 64095 20 64351 20 64608 18 64865 16 65121 16 65380 13
442220,0 65536
447372,3 25 77 95 177 48 261 22 334 94 433 21 456 25 517 22 590 94 689 20 713 24 775 20 846 94 945 19 969 24 1032 18 1103 92 1201 19 1226 23 1289 8 1359 92 1457 18 1489 16 1545 8 1615 92 1713 18 1747 14 1801 10 1871 92 1969 17 2004 13 2057 10 2127 92 2225 17 2261 12 2306 19 2383 92 2481 18 2517 11 2561 20 2639 93 2738 17 2772 12 2816 21 2895 93 2994 18 3028 11 3072 21 3151 94 3251 17 3283 12 3328 22 3406 96 3509 16 3539 10 3584 23 3661 97 3765 16 3795 10 3840 23 3916 99 4021 17 4052 8 4096 23 4171 100 4278 16 4308 7 4352 7 4362 13 4427 100 4533 18 4566 5 4608 7 4619 12 4682 101 4789 18 4823 3 4864 6 4877 10 4938 101 5045 18 5120 5 5135 8 5194 100 5301 19 5376 4 5451 98 5557 20 5632 3 5707 98 5813 20 5888 3 5963 92 6070 18 6144 3 6219 86 6307 2 6327 17 6400 3 6475 86 6563 2 6589 10 6656 3 6731 89 6848 5 6912 3 6987 90 7168 3 7244 89 7424 3 7501 88 7680 3 7757 88 7936 3 8013 87 8192 3 8269 86 8448 3 8525 86 8704 3 8781 73 8857 6 8864 1 8960 3 9037 72 9216 3 9292 73 9472 3 9546 74 9728 3 9801 75 10028 3 10054 77 10255 2 10283 5 10309 78 10507 14 10537 8 10565 76 10762 15 10793 8 10821 76 11016 18 11048 10 11077 74 11272 19 11304 10 11333 73 11528 29 11558 12 11589 65 11655 4 11784 42 11845 60 12040 43 12101 60 12296 43 12357 60 12552 44 12613 60 12809 43 12869 61 13066 43 13126 60 13323 42 13383 59 13581 40 13639 58 13837 40 13896 57 14091 43 14153 55 14347 43 14411 52 14602 44 14669 48 14857 45 14925 46 15113 45 15185 4 15207 18 15369 45 15463 18 15625 45 15720 16 15882 45 15976 15 16138 46 16197 6 16233 14 16395 52 16451 9 16489 13 16651 65 16745 13 16896 76 17002 11 17152 75 17261 6 17408 13 17422 61 17519 2 17664 13 17678 62 17920 13 17935 61 18176 12 18191 65 18432 11 18447 66 18688 11 18704 66 18944 11 18961 66 19200 11 19233 50 19399 6 19456 13 19490 49 19654 7 19712 21 19750 45 19909 9 19968 21 20007 45 20164 10 20224 22 20263 46 20419 12 20480 22 20520 45 20675 16 20736 22 20777 44 20930 19 20992 22 21033 44 21186 19 21248 21 21281 1 21289 44 21441 21 21504 23 21544 44 21697 22 21760 25 21799 44 21953 22 22016 26 22055 44 22209 22 22272 31 22311 32 22352 1 22465 22 22528 32 22567 29 22720 23 22784 35 22822 29 22977 22 23040 67 23233 22 23296 68 23489 22 23524 7 23552 68 23746 21 23779 9 23808 69 23905 7 24003 23 24034 13 24064 69 24160 10 24261 23 24289 15 24320 69 24411 18 24518 46 24576 69 24666 20 24775 4 24781 40 24832 48 24885 16 24921 21 25039 39 25088 48 25141 16 25176 22 25294 40 25344 47 25400 9 25431 22 25547 44 25600 47 25686 23 25802 45 25856 48 25941 24 26057 48 26112 48 26196 25 26313 50 26369 50 26451 27 26569 51 26625 51 26707 27 26825 52 26883 49 26962 29 27081 53 27139 50 27217 30 27337 53 27397 48 27464 5 27471 33 27592 55 27654 47 27719 41 27847 56 27911 45 27973 43 28102 58 28167 32 28201 10 28229 42 28357 59 28424 30 28457 10 28485 44 28613 59 28680 29 28714 7 28741 49 28867 61 28936 28 28997 53 29119 65 29192 27 29253 53 29375 65 29447 19 29471 3 29509 38 29549 13 29628 68 29703 20 29727 3 29765 37 29805 13 29882 97 29983 4 30023 34 30061 12 30133 104 30238 5 30280 33 30317 12 30388 103 30495 4 30537 32 30573 12 30593 3 30644 103 30751 4 30793 32 30829 11 30848 5 30899 104 31008 3 31049 32 31086 9 31104 6 31155 103 31305 32 31343 7 31361 5 31411 102 31561 32 31600 4 31617 4 31668 101 31818 31 31875 2 31924 97 32075 30 32183 80 32265 10 32331 30 32439 91 32587 30 32696 90 32844 29 32953 88 33101 28 33209 85 33357 28 33464 85 33615 26 33717 88 33871 26 33972 89 34129 28 34227 90 34385 29 34483 90 34643 27 34739 90 34851 1 34855 6 34900 26 34995 90 35094 6 35103 16 35159 23 35252 89 35349 26 35415 22 35510 87 35603 28 35671 20 35713 10 35769 55 35828 25 35859 28 35928 19 35968 11 36025 55 36085 24 36114 30 36184 17 36212 6 36223 12 36280 56 36342 22 36369 31 36441 16 36467 23 36535 58 36598 23 36625 31 36697 15 36721 26 36788 61 36854 59 36953 14 36976 27 37043 62 37110 59 37209 13 37232 28 37297 64 37366 59 37466 11 37487 29 37551 66 37622 59 37723 8 37743 30 37805 68 37878 60 37979 2 37983 3 37999 30 38061 68 38134 61 38244 3 38254 31 38317 68 38390 61 38499 5 38509 31 38573 68 38646 62 38754 42 38828 70 38903 62 39009 43 39084 70 39160 61 39265 42 39339 71 39417 60 39521 42 39595 71 39674 59 39776 43 39851 70 39936 53 40032 43 40107 52 40162 15 40192 53 40289 42 40364 49 40417 16 40448 53 40545 42 40621 46 40673 16 40704 53 40803 40 40877 46 40928 17 40960 53 41059 40 41134 46 41183 18 41216 53 41317 38 41392 4 41397 60 41472 53 41574 37 41655 58 41728 53 41831 36 41911 59 41984 53 42088 35 42168 58 42240 52 42349 32 42425 57 42496 51 42605 37 42681 57 42752 50 42863 42 42939 3 42945 49 43008 49 43119 40 43203 12 43219 30 43264 47 43377 37 43476 29 43520 46 43633 38 43733 28 43776 43 43891 36 43989 27 44032 43 44148 35 44246 25 44288 28 44322 7 44407 32 44503 24 44544 27 44579 6 44665 30 44759 24 44800 27 44923 29 45016 23 45056 27 45181 28 45273 22 45312 26 45444 21 45529 22 45568 26 45702 19 45785 22 45824 25 45960 17 46041 21 46080 25 46217 17 46298 20 46336 25 46473 17 46555 18 46592 24 46729 17 46811 18 46848 23 46983 21 47068 15 47104 22 47239 22 47325 13 47360 19 47493 25 47583 8 47616 19 47749 25 47841 4 47872 19 48004 26 48047 1 48128 18 48259 26 48301 4 48384 18 48515 26 48556 6 48640 18 48771 24 48811 7 48896 17 49027 23 49067 8 49152 17 49283 22 49323 8 49408 16 49539 22 49579 8 49664 15 49795 23 49835 8 49920 15 50027 10 50052 22 50092 5 50176 15 50283 12 50308 23 50350 1 50432 15 50539 13 50564 23 50688 15 50795 14 50819 26 50908 5 50944 14 51050 17 51075 27 51161 12 51200 13 51306 19 51331 28 51417 13 51456 9 51562 21 51586 31 51671 16 51712 8 51817 23 51842 31 51927 16 51968 7 52073 56 52183 18 52224 7 52329 57 52439 18 52480 7 52585 58 52695 18 52736 7 52841 58 52951 19 52992 5 53094 2 53099 56 53208 18 53248 5 53350 2 53357 54 53465 17 53504 5 53605 4 53614 53 53723 15 53760 5 53861 5 53869 54 53979 15 54016 4 54102 1 54116 63 54239 11 54272 4 54357 6 54371 64 54496 9 54528 1 54612 79 54754 7 54867 80 55013 2 55123 80 55379 80 55634 80 55890 80 56145 80 56400 81 56655 81 56911 66 56983 8 57166 66 57422 66 57677 66 57915 2 57933 66 58169 7 58188 69 58423 10 58434 2 58443 71 58677 94 58933 95 59187 98 59443 98 59699 98 59955 98 60211 98 60467 98 60617 4 60649 3 60671 1 60724 97 60871 10 60902 8 60919 9 60980 97 61125 14 61157 10 61174 10 61236 97 61372 25 61408 15 61427 13 61492 96 61627 28 61661 42 61748 95 61880 80 62003 96 62135 82 62259 94 62389 84 62514 92 62644 86 62757 2 62762 99 62898 88 63012 4 63017 99 63153 89 63268 103 63407 91 63523 105 63662 91 63759 2 63779 105 63917 92 64013 4 64035 105 64173 104 64289 108 64429 108 64545 108 64684 225 64938 227 65193 228 65446 90
451709,9 200 265 200 521 200 777 199 1034 197 1290 197 1546 197 1802 196 2047 1 2058 196 2303 1 2313 197 2557 3 2569 197 2812 4 2819 1 2823 199 3065 7 3075 1 3079 199 3320 8 3331 204 3572 12 3587 204 3827 13 3842 205 4081 15 4097 206 4336 222 4591 223 4847 222 5101 224 5357 224 5613 224 5868 225 6123 226 6379 226 6630 231 6884 235 7139 237 7394 239 7649 240 7905 240 8161 241 8417 240 8672 241 8928 240 9183 240 9439 238 9694 239 9950 241 10207 240 10463 178 10643 60 10720 175 10899 60 10977 172 11155 60 11233 172 11411 60 11490 171 11665 62 11747 171 11920 63 12003 236 12260 192 12455 40 12518 179 12701 7 12709 44 12780 173 12957 53 13037 173 13213 54 13295 172 13469 55 13551 230 13808 229 14065 28 14095 199 14322 25 14351 200 14579 25 14607 200 14841 26 14868 196 15099 22 15126 195 15357 20 15383 194 15615 8 15640 193 15872 7 15897 136 16037 52 16128 5 16153 136 16293 52 16384 5 16409 136 16549 52 16640 4 16665 138 16805 53 16896 4 16922 192 17152 3 17179 191 17408 3 17435 192 17664 3 17691 193 17920 3 17947 194 18176 2 18205 195 18432 2 18461 198 18688 1 18718 199 18943 2 18974 200 19199 1 19230 201 19454 2 19487 200 19711 1 19743 200 19999 200 20257 198 20480 1 20517 194 20736 3 20749 1 20774 193 20992 3 21030 193 21248 5 21287 192 21504 5 21516 2 21543 193 21760 15 21800 197 22016 16 22056 198 22272 17 22299 4 22311 201 22528 17 22554 7 22567 202 22784 17 22809 9 22823 6 22831 194 23040 17 23065 8 23080 4 23089 192 23296 17 23321 8 23347 190 23552 18 23577 8 23589 1 23603 190 23808 19 23832 11 23844 3 23860 87 23948 101 24064 19 24087 16 24116 85 24205 100 24320 39 24373 84 24461 102 24576 40 24629 84 24717 104 24832 41 24887 80 24972 37 25010 68 25088 43 25143 80 25228 34 25267 68 25345 43 25401 74 25484 32 25524 69 25602 42 25658 72 25741 31 25781 3 25790 60 25859 40 25914 71 25997 31 26051 56 26115 40 26170 70 26253 31 26308 56 26372 39 26425 71 26509 30 26561 59 26628 39 26681 71 26765 30 26817 59 26882 42 26937 71 27021 30 27071 61 27136 45 27193 71 27277 30 27327 60 27392 45 27449 71 27523 6 27535 28 27581 59 27648 45 27706 69 27779 5 27791 28 27835 61 27904 45 27963 67 28050 27 28090 62 28160 45 28219 66 28307 28 28345 63 28416 45 28475 64 28564 101 28672 45 28731 62 28820 101 28928 45 28988 46 29045 2 29065 2 29077 100 29184 45 29245 44 29321 2 29332 101 29440 45 29502 43 29567 4 29573 7 29586 42 29629 60 29696 44 29758 43 29821 16 29840 44 29885 60 29951 45 30014 45 30065 3 30076 64 30142 59 30209 43 30270 45 30321 4 30331 65 30400 56 30464 43 30526 48 30575 6 30589 64 30657 58 30718 45 30782 55 30845 65 30913 106 31039 54 31102 11 31117 6 31125 61 31191 84 31295 14 31311 38 31358 9 31374 1 31382 59 31448 83 31552 7 31568 37 31614 9 31639 45 31685 12 31705 82 31809 5 31824 37 31869 9 31895 44 31941 12 31961 39 32001 42 32080 36 32123 11 32150 59 32216 40 32257 42 32336 35 32379 10 32405 60 32471 41 32515 40 32591 35 32633 14 32651 70 32725 43 32775 36 32847 34 32888 136 33035 32 33101 36 33142 138 33291 32 33357 38 33398 138 33547 31 33611 181 33803 31 33865 183 34059 31 34110 143 34255 49 34315 31 34365 143 34512 48 34571 33 34620 145 34768 48 34827 35 34875 146 35025 47 35083 43 35127 151 35281 47 35339 196 35536 48 35595 245 35850 246 36106 246 36362 246 36617 247 36873 247 37127 249 37383 249 37638 250 37894 250 38151 249 38407 249 38663 249 38921 247 39178 246 39434 246 39691 245 39947 245 40203 245 40459 245 40715 245 40971 245 41227 129 41357 115 41483 128 41613 115 41739 126 41869 115 41995 126 42125 115 42248 129 42381 115 42501 132 42636 116 42756 13 42774 13 42790 218 43012 10 43031 12 43046 218 43267 10 43289 9 43303 217 43522 10 43545 9 43558 203 43763 13 43777 10 43799 9 43812 203 44021 11 44033 9 44055 8 44067 204 44278 10 44289 8 44309 219 44535 9 44546 7 44563 221 44793 7 44803 4 44818 223 45051 5 45074 223 45307 5 45325 2 45329 226 45579 232 45831 237 46087 242 46339 242 46582 3 46594 242 46838 3 46849 243 47093 6 47104 253 47360 3839 51200 255 51456 255 51712 255 51968 255 52224 255 52480 255 52736 505 53246 251 53501 235 53757 234 54012 219 54236 8 54266 221 54494 5 54521 222 54777 223 55033 223 55289 223 55545 223 55802 13 55817 207 56058 221 56316 9 56326 209 56572 218 56830 215 57087 211 57344 210 57586 1 57600 177 57779 31 57839 8 57852 180 58036 31 58095 188 58293 30 58350 189 58549 30 58605 189 58807 28 58861 190 59066 25 59117 190 59324 23 59373 190 59580 23 59629 190 59837 5 59847 10 59886 190 60094 3 60103 8 60143 190 60399 190 60655 190 60911 191 61167 191 61420 195 61674 197 61928 199 62183 200 62439 200 62695 200 62951 8 62963 188 63207 4 63219 188 63475 188 63731 188 63987 188 64243 134 64378 53 64498 135 64635 52 64753 135 64892 51 65007 137 65148 51 65263 136 65405 51 65518 18
455136,0 65536
460549,2002 4 2257 6 2318 6 2512 8 2571 9 2767 10 2827 9 3023 10 3083 9 3279 10 3338 9 3536 9 3594 9 3793 8 3851 8 4049 8 4107 8 4307 6 4710 3 4965 5 5221 5 5477 6 5733 5 5990 1 6281 2 6537 3 6793 3 7049 3 7305 2 15696 2 15951 4 16205 10 16461 11 16716 13 16971 15 17226 17 17482 17 17737 18 17993 18 18248 18 18503 19 18758 19 18822 15 18944 1 19013 20 19077 18 19200 1 19267 20 19333 20 19456 1 19523 20 19589 22 19712 2 19779 20 19845 23 19968 2 20035 19 20101 23 20223 2 20292 19 20357 23 20477 3 20548 20 20613 22 20695 1 20732 4 20805 20 20869 22 20949 5 20987 5 21061 20 21124 23 21205 6 21243 5 21319 18 21379 22 21413 6 21452 1 21459 8 21476 2 21498 6 21575 18 21635 23 21669 7 21707 5 21715 8 21732 3 21753 7 21832 16 21890 25 21923 11 21939 3 21962 17 21987 6 22009 7 22088 15 22145 26 22179 12 22194 5 22217 19 22242 7 22265 7 22345 13 22401 27 22434 22 22473 19 22496 18 22521 7 22602 11 22657 27 22690 23 22729 19 22751 20 22777 7 22793 3 22859 8 22912 29 22945 24 22985 43 23033 7 23048 5 23117 5 23167 58 23241 44 23288 8 23303 6 23421 60 23497 45 23544 8 23559 6 23677 60 23753 46 23800 8 23815 5 23932 62 24009 55 24070 5 24188 63 24266 54 24325 7 24444 62 24522 54 24580 9 24701 61 24777 48 24827 5 24835 10 24850 5 24957 59 25034 45 25083 5 25090 11 25105 6 25213 57 25290 45 25340 4 25345 12 25361 7 25419 1 25469 56 25547 43 25597 3 25601 12 25617 7 25675 2 25725 56 25803 44 25853 3 25857 12 25874 5 25931 2 25980 57 26060 43 26109 3 26113 13 26130 4 26187 4 26235 59 26317 42 26365 3 26370 18 26491 60 26573 44 26621 3 26627 16 26747 60 26830 43 26876 4 26885 14 27003 6 27013 51 27086 44 27131 5 27141 3 27145 11 27260 4 27268 48 27318 1 27342 44 27387 5 27397 2 27401 12 27422 5 27523 47 27591 1 27599 14 27617 31 27657 12 27677 6 27779 43 27855 13 27873 31 27914 3 27919 8 27930 9 28035 43 28111 12 28130 30 28170 3 28175 21 28291 42 28367 12 28387 29 28431 21 28548 43 28625 8 28643 29 28687 21 28805 42 28899 29 28943 19 28965 1 29063 40 29155 29 29198 21 29221 1 29320 40 29409 31 29453 22 29476 2 29578 38 29663 33 29709 22 29733 1 29834 39 29919 33 29965 21 30091 39 30169 39 30221 20 30347 42 30425 39 30479 9 30491 7 30605 42 30681 39 30737 6 30749 6 30861 42 30937 39 31006 6 31118 42 31193 39 31262 7 31375 42 31450 38 31518 7 31635 45 31707 37 31773 9 31891 46 31963 37 32029 20 32148 45 32221 35 32285 20 32405 45 32478 34 32540 21 32661 46 32735 33 32796 21 32917 46 32991 33 33051 23 33107 4 33175 45 33248 9 33259 21 33307 24 33363 4 33431 45 33505 6 33515 21 33561 28 33618 7 33689 43 33762 2 33771 19 33816 29 33874 7 33946 41 34027 18 34070 35 34130 8 34203 38 34284 16 34325 37 34386 9 34459 33 34541 14 34581 39 34642 8 34715 32 34797 12 34837 40 34899 7 34971 32 35054 9 35075 3 35093 41 35155 6 35227 31 35311 7 35330 5 35349 41 35412 5 35483 30 35567 6 35585 10 35605 42 35740 29 35825 3 35840 15 35862 41 35996 29 36052 1 36096 15 36118 41 36253 28 36352 15 36374 42 36510 27 36608 16 36630 41 36767 27 36864 16 36887 40 37023 29 37120 16 37143 40 37280 30 37344 5 37376 62 37479 3 37536 31 37599 6 37632 61 37733 6 37792 33 37854 8 37888 60 37989 7 38049 32 38110 8 38144 59 38245 15 38317 20 38366 9 38400 59 38501 16 38575 18 38622 9 38656 61 38757 18 38833 16 38878 9 38912 61 39013 19 39035 2 39091 14 39134 9 39168 63 39269 26 39349 12 39390 8 39424 64 39525 26 39605 12 39638 16 39680 66 39780 29 39862 10 39891 16 39936 67 40036 29 40119 9 40147 14 40192 67 40291 32 40403 14 40448 67 40547 35 40659 14 40704 67 40803 36 40915 13 40960 68 41059 37 41171 13 41216 68 41317 35 41369 2 41428 12 41472 68 41573 35 41624 3 41682 13 41728 68 41840 23 41878 5 41937 14 41984 68 42098 21 42134 5 42193 13 42240 67 42357 18 42390 4 42401 9 42448 13 42496 67 42615 16 42634 3 42645 4 42655 12 42704 13 42752 67 42871 23 42901 4 42910 14 42960 13 43008 67 43126 25 43155 6 43165 16 43217 12 43264 67 43381 27 43410 27 43473 13 43520 68 43637 27 43666 28 43729 14 43776 69 43893 16 43911 8 43921 30 43985 19 44032 69 44148 17 44168 5 44177 30 44242 20 44288 71 44405 16 44425 2 44431 33 44499 24 44544 72 44629 4 44661 16 44687 33 44755 26 44800 73 44881 14 44917 16 44943 34 45011 28 45056 74 45137 14 45173 16 45198 35 45268 29 45312 75 45391 18 45429 16 45453 38 45525 29 45568 75 45647 18 45686 14 45709 39 45781 30 45824 77 45903 19 45943 12 45965 41 46037 10 46051 16 46080 77 46159 20 46201 10 46221 42 46293 10 46307 16 46336 99 46459 7 46477 44 46550 8 46563 16 46592 99 46717 4 46733 44 46807 7 46819 16 46848 99 46989 44 47063 6 47075 16 47104 99 47245 44 47320 4 47331 16 47360 7 47370 89 47501 44 47587 14 47616 6 47627 88 47757 44 47843 14 47872 5 47885 14 47903 68 48013 43 48099 13 48128 5 48144 10 48159 68 48269 43 48355 13 48384 4 48405 4 48417 65 48521 47 48613 8 48641 2 48673 65 48776 47 48871 5 48930 63 49031 48 49187 62 49287 48 49444 62 49541 49 49700 63 49797 48 49957 64 50051 49 50213 64 50307 48 50469 68 50563 46 50726 69 50819 46 50983 70 51076 27 51105 14 51240 69 51332 27 51362 13 51497 68 51589 26 51621 8 51754 67 51845 26 51879 6 51921 4 52013 62 52101 26 52172 12 52270 60 52357 27 52409 4 52427 14 52533 52 52613 28 52664 9 52683 16 52793 48 52869 28 52913 4 52920 10 52939 16 53051 45 53125 29 53167 21 53194 18 53307 48 53381 15 53399 10 53423 22 53449 19 53563 51 53638 11 53657 8 53672 31 53704 20 53819 52 53895 10 53913 8 53928 53 54074 55 54151 8 54167 10 54184 53 54330 27 54363 2 54370 15 54392 3 54408 7 54421 12 54441 3 54445 49 54586 20 54626 29 54664 6 54675 14 54695 55 54842 19 54882 29 54920 6 54931 14 54949 58 55097 20 55138 31 55177 5 55186 15 55203 60 55353 20 55394 31 55435 2 55441 82 55609 20 55650 32 55697 84 55865 20 55906 32 55952 86 56122 18 56162 31 56207 88 56378 17 56418 31 56463 88 56635 16 56674 31 56716 91 56891 14 56931 30 56971 92 57149 11 57188 27 57226 93 57405 10 57446 24 57481 94 57661 10 57679 4 57709 15 57737 13 57751 80 57917 8 57934 7 57965 11 57993 11 58008 79 58129 4 58173 3 58189 9 58223 6 58249 10 58264 77 58384 6 58427 4 58445 10 58479 6 58506 7 58520 77 58639 8 58700 11 58763 4 58775 76 58893 12 58913 6 58957 10 59029 76 59146 19 59167 8 59213 10 59285 76 59401 31 59469 10 59540 77 59657 31 59725 10 59795 78 59913 32 59980 12 60050 79 60170 32 60229 24 60301 84 60427 32 60468 3 60484 26 60556 85 60686 31 60721 6 60739 34 60811 86 60943 32 60977 7 60995 35 61067 86 61199 42 61249 38 61323 84 61456 41 61505 39 61579 84 61676 2 61712 11 61726 28 61761 40 61835 83 61930 5 61969 8 61983 28 62016 41 62092 81 62177 2 62185 7 62227 4 62239 28 62274 40 62348 40 62389 39 62431 16 62495 28 62530 41 62604 39 62646 37 62687 16 62752 26 62787 40 62859 41 62904 33 62941 18 63008 7 63019 15 63043 40 63113 44 63162 30 63196 19 63277 12 63299 40 63367 48 63419 28 63451 20 63535 11 63555 40 63621 50 63675 28 63707 20 63738 1 63792 11 63811 41 63875 53 63933 26 63961 22 63993 3 64048 12 64066 43 64131 53 64189 49 64249 3 64295 6 64303 64 64387 54 64446 47 64551 72 64643 54 64702 46 64807 73 64901 53 64963 32 65063 74 65157 54 65221 30 65319 74 65415 53 65479 6 65489 17 65521 2
461675,0 65536
468422,0 65536
470274,0 28 79 54 182 2 222 11 255 28 335 57 475 15 512 27 592 57 729 17 768 26 849 58 983 19 1024 26 1105 60 1239 19 1280 25 1314 5 1363 59 1494 20 1536 25 1569 7 1619 59 1750 20 1792 24 1823 10 1875 60 2006 21 2048 23 2079 10 2131 60 2262 21 2304 21 2331 15 2349 14 2383 65 2519 20 2560 21 2585 18 2604 17 2639 65 2775 20 2816 21 2841 37 2892 69 3031 20 3072 20 3097 38 3142 75 3287 18 3328 19 3352 40 3397 76 3544 17 3584 19 3607 42 3653 76 3800 16 3840 19 3863 42 3908 79 4056 16 4096 18 4118 43 4164 83 4315 12 4352 65 4421 6 4428 76 4510 5 4563 18 4608 65 4677 5 4687 74 4765 6 4818 19 4864 64 4944 83 5073 20 5120 64 5201 82 5329 20 5376 64 5457 82 5585 20 5632 64 5713 82 5841 20 5887 67 5957 9 5969 81 6097 22 6143 81 6225 80 6353 22 6398 163 6608 25 6653 164 6864 25 6909 18 6932 141 7119 28 7165 18 7188 141 7375 28 7421 18 7445 140 7629 32 7677 18 7701 140 7885 32 7933 18 7956 140 8141 33 8189 18 8211 140 8397 34 8445 18 8468 139 8652 35 8702 16 8724 138 8908 35 8958 16 8981 136 9163 36 9215 16 9238 135 9419 35 9471 16 9495 134 9675 35 9726 17 9751 134 9931 35 9983 18 10007 133 10186 35 10239 19 10262 134 10441 36 10496 19 10518 134 10697 35 10752 155 10953 35 11008 155 11208 35 11264 21 11286 133 11464 35 11520 21 11543 132 11720 34 11776 20 11801 129 11976 34 12032 19 12061 125 12231 35 12288 19 12318 124 12487 34 12544 18 12573 126 12743 35 12800 18 12829 126 12999 35 13055 18 13085 66 13153 58 13255 36 13311 18 13340 67 13409 58 13491 4 13511 36 13566 17 13595 68 13668 11 13683 40 13745 8 13768 36 13821 18 13851 69 13925 9 13939 40 14000 9 14025 35 14076 16 14106 71 14197 38 14255 10 14282 34 14331 16 14361 72 14455 35 14510 11 14539 33 14586 16 14617 72 14713 32 14767 10 14795 33 14839 17 14871 75 14972 28 15023 10 15052 32 15095 16 15126 77 15233 22 15281 6 15309 30 15349 17 15381 78 15489 22 15539 2 15565 30 15605 16 15637 78 15745 21 15821 31 15860 16 15893 79 16001 21 16077 31 16115 16 16150 79 16255 23 16334 30 16369 17 16406 79 16511 23 16591 29 16623 18 16663 79 16767 23 16849 48 16919 79 17023 23 17106 46 17177 78 17279 23 17364 44 17433 78 17535 23 17620 44 17689 78 17790 23 17876 45 17945 79 18045 24 18132 47 18201 84 18293 31 18387 49 18456 85 18549 31 18643 50 18711 87 18805 30 18899 66 18967 87 19061 30 19125 6 19155 155 19317 29 19379 10 19412 155 19573 28 19635 10 19669 154 19829 28 19889 14 19927 153 20085 28 20144 15 20184 153 20341 27 20399 17 20443 150 20597 26 20654 19 20701 148 20853 26 20910 19 20958 3 20963 143 21111 9 21123 11 21165 20 21215 1 21223 142 21381 7 21421 21 21483 138 21639 4 21677 21 21739 142 21933 21 21996 141 22189 21 22252 143 22444 22 22509 143 22700 23 22765 144 22955 24 23020 146 23211 24 23275 148 23466 25 23507 3 23530 149 23722 25 23763 4 23786 94 23882 53 23978 24 24016 8 24042 71 24115 20 24139 52 24234 24 24271 10 24298 154 24490 24 24527 12 24554 97 24652 57 24747 22 24783 14 24810 156 25003 22 25039 16 25067 155 25259 22 25295 17 25323 156 25515 22 25550 20 25579 156 25771 21 25805 22 25835 156 26027 20 26061 24 26091 156 26284 19 26317 24 26347 156 26541 17 26569 29 26603 156 26797 17 26824 30 26859 155 27053 16 27079 32 27116 154 27309 16 27335 32 27373 153 27565 17 27591 32 27624 4 27634 5 27640 141 27821 17 27847 37 27891 3 27897 139 28078 15 28102 36 28153 136 28335 14 28358 35 28409 132 28592 12 28613 37 28651 6 28665 122 28849 10 28869 44 28921 121 29105 8 29123 48 29177 120 29362 6 29379 49 29433 118 29620 1 29635 50 29688 118 29891 51 29944 115 30145 54 30200 115 30401 54 30456 113 30655 56 30713 112 30911 56 30969 111 31166 56 31227 109 31423 55 31483 107 31679 55 31740 49 31791 54 31935 55 31997 47 32047 54 32192 55 32253 46 32303 54 32449 56 32509 46 32559 53 32706 105 32815 53 32962 105 33070 53 33219 160 33384 3 33475 160 33639 6 33733 157 33895 7 33989 156 34151 8 34245 156 34407 8 34501 154 34663 8 34757 154 34919 8 35013 153 35176 6 35269 152 35433 4 35481 1 35525 152 35734 16 35781 152 35990 17 36036 153 36246 17 36291 154 36502 17 36546 155 36758 17 36801 156 37015 16 37057 156 37271 17 37312 101 37415 53 37527 17 37568 100 37678 13 37695 29 37783 18 37823 100 37937 10 37952 27 38039 18 38079 99 38195 7 38208 27 38295 18 38315 2 38335 98 38452 5 38464 27 38551 18 38570 3 38591 98 38720 27 38793 1 38806 19 38826 3 38835 9 38846 99 38975 27 39047 10 39061 21 39091 109 39231 17 39252 5 39302 36 39346 24 39376 81 39487 16 39509 2 39558 36 39602 23 39633 80 39745 8 39813 38 39857 22 39891 78 40002 5 40069 38 40113 22 40147 51 40201 25 40325 37 40369 21 40404 49 40457 25 40581 37 40626 19 40661 46 40713 25 40837 36 40883 18 40917 46 40970 23 41093 37 41139 17 41174 43 41226 23 41349 37 41395 17 41431 41 41483 20 41605 37 41651 17 41688 40 41740 15 41861 36 41907 17 41951 33 41997 14 42117 36 42163 18 42208 32 42257 8 42373 36 42419 18 42465 31 42629 36 42675 18 42721 31 42885 36 42931 19 42978 30 43141 36 43187 19 43235 29 43397 36 43443 20 43491 29 43653 36 43699 20 43748 28 43909 36 43955 20 44007 6 44021 11 44165 36 44211 20 44277 11 44421 36 44466 22 44533 11 44677 36 44722 23 44789 11 44933 36 44977 24 45046 10 45189 35 45234 23 45301 11 45446 33 45490 23 45557 11 45679 5 45702 33 45746 23 45810 14 45933 10 45959 32 46002 23 46064 16 46189 10 46215 32 46258 23 46320 16 46443 13 46471 32 46513 24 46575 17 46697 15 46727 32 46769 24 46831 17 46951 18 46983 32 47023 24 47087 17 47205 19 47239 32 47279 24 47344 16 47459 20 47485 6 47495 32 47533 26 47601 15 47715 20 47741 6 47751 31 47789 26 47857 15 47970 20 47997 6 48007 31 48044 27 48113 15 48225 21 48253 6 48263 30 48300 27 48368 24 48403 10 48481 21 48520 29 48555 27 48623 28 48656 15 48737 21 48777 26 48811 27 48879 51 48965 8 48993 21 49033 19 49067 27 49135 52 49220 9 49249 21 49291 16 49323 27 49390 55 49474 11 49505 22 49550 10 49579 27 49645 58 49729 13 49762 21 49807 8 49835 28 49901 61 49985 14 50019 20 50067 2 50091 28 50157 62 50240 16 50276 19 50347 28 50413 63 50496 17 50533 18 50602 33 50667 66 50751 18 50789 18 50858 34 50921 68 51007 19 51045 18 51114 35 51175 70 51263 19 51301 18 51370 36 51431 70 51519 19 51556 19 51627 35 51687 70 51775 19 51812 18 51882 37 51943 71 52031 19 52067 19 52137 38 52198 45 52250 5 52257 13 52287 19 52323 19 52393 38 52454 25 52481 16 52513 13 52543 20 52579 19 52649 37 52710 24 52738 15 52769 12 52799 20 52835 19 52910 32 52966 23 52996 12 53025 12 53055 20 53091 19 53168 30 53221 24 53253 11 53281 12 53311 20 53347 19 53425 29 53460 6 53475 25 53509 10 53537 10 53568 19 53603 19 53683 27 53712 13 53729 26 53766 9 53794 9 53824 19 53859 20 53940 43 53984 9 53995 16 54023 7 54051 6 54083 14 54117 22 54197 20 54219 30 54253 14 54280 5 54308 4 54339 13 54374 21 54453 20 54475 30 54509 15 54598 5 54632 19 54711 51 54766 18 54889 18 54967 51 55023 17 55147 2 55156 6 55224 50 55280 16 55403 2 55412 6 55480 51 55537 15 55659 2 55668 5 55737 5 55745 42 55799 9 55914 3 55924 5 56001 43 56057 10 56169 5 56180 5 56255 45 56315 8 56425 6 56436 5 56510 47 56572 8 56681 6 56693 3 56766 47 56829 8 56937 6 56949 3 57021 48 57086 7 57193 6 57277 48 57343 6 57450 4 57533 48 57598 7 57789 48 57854 7 58045 49 58110 7 58297 54 58367 6 58552 55 58623 6 58807 56 58880 4 59062 57 59317 58 59572 59 59825 62 60080 63 60335 64 60591 64 60847 70 61103 71 61358 73 61613 74 61858 5 61869 74 62113 7 62124 75 62371 2 62379 76 62635 76 62891 77 63147 77 63403 78 63660 77 63897 8 63917 76 64153 8 64173 76 64407 12 64429 76 64662 14 64686 76 64917 16 64943 75 65173 16 65199 75 65414 3 65429 17 65454 75
474754,16 8 77 8 224 13 273 8 334 6 481 10 529 8 591 3 738 8 785 9 996 5 1041 9 1298 9 1322 5 1554 9 1577 6 1811 8 1833 5 1897 1 2067 8 2077 2 2089 5 2153 2 2323 8 2333 2 2408 3 2579 8 2589 2 2664 3 2835 8 2920 3 3091 8 3177 2 3348 7 3605 5 3861 2 4850 5 5105 10 5361 13 5379 4 5493 2 5617 15 5635 4 5748 3 5873 15 5891 3 6129 15 6147 3 6203 4 6385 15 6405 1 6418 5 6459 4 6641 15 6661 1 6673 8 6714 5 6768 2 6897 15 6917 1 6928 10 6969 6 7024 1 7153 15 7173 1 7184 11 7225 8 7361 2 7394 3 7410 14 7429 1 7439 12 7479 15 7580 2 7615 6 7649 6 7671 9 7696 11 7735 15 7835 4 7870 7 7904 8 7929 7 7952 12 7990 7 7999 7 8091 6 8126 7 8145 4 8160 9 8187 5 8208 12 8245 8 8255 7 8287 2 8347 6 8382 7 8399 6 8415 10 8443 5 8465 10 8504 2 8510 7 8543 2 8602 9 8638 7 8653 9 8671 10 8699 5 8723 8 8766 7 8798 3 8855 2 8858 9 8895 6 8909 10 8927 10 8955 5 8981 5 9021 8 9054 3 9109 15 9151 5 9165 10 9183 9 9212 4 9277 8 9310 3 9365 15 9407 5 9421 10 9439 11 9471 1 9533 8 9566 4 9621 16 9665 2 9676 10 9697 10 9790 7 9823 3 9877 16 9933 9 9959 4 10047 6 10133 16 10189 8 10303 5 10389 17 10446 6 10646 5 10653 9 10903 1 10909 9 11165 9 11422 8 11679 6 11935 6 15565 4 15596 1 15819 8 15850 5 16075 8 16106 5 16203 2 16331 8 16361 6 16459 3 16587 8 16617 6 16715 3 16844 7 16873 6 16971 2 17101 6 17128 7 17227 1 17357 5 17384 7 17614 3 17640 7 17897 6 18153 6 20436 1 20691 3 20947 3 21203 2 21282 5 21299 2 21433 1 21460 1 21538 5 21554 4 21793 6 21809 6 22049 7 22065 7 22305 7 22321 8 22503 4 22561 7 22577 8 22759 4 22818 6 22833 8 22904 2 23014 5 23075 4 23089 8 23159 4 23270 5 23336 1 23348 3 23414 7 23526 5 23669 8 23783 4 23907 2 23925 8 23938 5 24163 4 24180 9 24193 7 24435 11 24447 9 24691 11 24703 9 24947 20 25203 11 25215 8 25461 6 25471 8 25717 6 25728 7 25973 6 25986 3 26230 5 26243 2 26487 3 29653 3 29909 3 30165 3 30421 2 33535 1 33693 2 33790 2 33948 3 34046 2 34301 3 34556 4 34811 5 35067 5 35323 5 35579 5 35835 5 36091 5 36314 4 36347 5 36567 10 36603 5 36822 18 36855 9 37077 24 37111 9 37331 30 37363 13 37587 45 37822 66 38077 67 38332 68 38587 69 38843 69 39098 70 39353 71 39607 73 39862 74 39998 1 40117 75 40248 11 40372 76 40503 13 40568 2 40628 76 40758 15 40823 6 40883 77 41013 16 41078 8 41139 77 41269 16 41334 18 41394 78 41525 16 41590 17 41650 78 41770 7 41779 16 41814 1 41847 16 41906 78 42025 25 42069 2 42103 16 42162 78 42281 25 42359 14 42418 78 42536 26 42615 12 42675 77 42792 31 42870 13 42931 77 43047 34 43125 14 43187 77 43287 6 43303 35 43381 14 43443 77 43542 7 43559 35 43631 3 43638 13 43699 77 43797 9 43815 36 43886 4 43895 12 43954 78 44053 9 44071 36 44126 1 44142 5 44151 12 44209 79 44309 9 44325 38 44379 6 44398 4 44408 9 44465 79 44564 10 44579 40 44635 6 44654 3 44664 9 44721 79 44820 55 44889 9 44921 3 44975 81 45075 56 45144 10 45231 81 45331 58 45398 11 45485 61 45547 21 45586 59 45654 10 45741 83 45841 60 45910 8 45988 1 45994 86 46097 60 46167 6 46243 93 46351 61 46424 3 46491 92 46584 8 46606 62 46743 96 46840 8 46861 63 46991 102 47096 8 47117 63 47247 102 47352 8 47373 63 47501 104 47607 9 47629 63 47718 4 47757 104 47863 9 47885 56 47972 7 48013 115 48141 55 48227 8 48269 115 48397 54 48483 10 48525 115 48653 54 48739 12 48782 114 48908 53 48995 12 49039 113 49164 53 49251 13 49295 113 49419 54 49507 14 49557 107 49675 54 49763 14 49813 107 49931 52 50019 13 50067 109 50187 52 50275 13 50323 109 50442 52 50531 12 50577 111 50697 53 50787 12 50831 113 50953 52 51045 5 51087 113 51209 52 51343 113 51466 51 51598 114 51722 51 51855 113 51979 50 52113 111 52235 50 52369 111 52491 51 52627 109 52747 52 52884 108 53002 54 53141 107 53258 55 53397 107 53514 27 53546 23 53654 106 53770 25 53803 23 53911 105 54028 22 54060 23 54167 105 54286 19 54317 6 54325 14 54423 105 54543 18 54583 12 54679 19 54701 83 54799 17 54839 12 54935 18 54958 82 55046 4 55055 16 55097 9 55191 14 55214 82 55301 6 55311 16 55355 6 55447 8 55470 82 55556 9 55567 15 55595 4 55645 6 55703 7 55725 83 55812 9 55823 14 55850 7 55900 7 55959 7 55981 83 56068 25 56103 12 56155 10 56217 4 56236 84 56324 25 56355 2 56358 20 56411 10 56473 4 56491 85 56580 25 56611 25 56667 10 56745 87 56836 12 56849 12 56866 26 56923 11 56999 89 57091 12 57106 11 57122 27 57179 12 57253 91 57345 13 57363 9 57378 26 57435 12 57496 7 57509 104 57622 3 57634 25 57691 12 57749 11 57765 103 57890 25 57947 12 58005 11 58021 102 58145 26 58203 12 58258 15 58277 101 58401 26 58459 12 58513 16 58533 100 58657 26 58717 10 58767 18 58789 100 58913 26 58974 9 59021 19 59045 99 59168 33 59232 6 59273 24 59301 99 59424 37 59489 5 59529 127 59679 40 59747 2 59785 127 59935 41 60003 2 60041 126 60191 42 60297 126 60447 42 60554 125 60703 44 60809 124 60959 44 61064 121 61216 43 61317 123 61472 43 61573 123 61729 43 61827 125 61986 42 62083 125 62242 42 62337 127 62498 42 62593 127 62753 43 62848 128 63009 43 63057 4 63103 129 63240 8 63265 42 63311 7 63347 5 63359 129 63496 1 63500 5 63520 43 63567 8 63602 142 63757 4 63775 44 63823 10 63856 144 64013 4 64031 44 64079 11 64111 145 64271 2 64288 43 64334 13 64367 145 64528 1 64545 42 64590 13 64623 145 64802 41 64845 14 64879 138 65019 5 65058 41 65101 14 65135 138 65276 4 65315 39 65356 16 65391 138
478603,0 65536
487585,0 75 119 43 207 29 251 80 377 40 465 28 508 79 633 40 721 28 765 79 890 39 982 24 1021 80 1147 37 1239 24 1277 82 1404 36 1495 26 1527 5 1533 82 1662 34 1750 27 1782 89 1929 22 2004 123 2188 19 2259 124 2447 16 2512 127 2703 16 2766 129 2961 12 3019 132 3217 12 3275 132 3474 10 3529 134 3731 8 3783 136 3989 5 4038 137 4245 3 4294 136 4550 136 4806 135 5063 134 5319 133 5576 132 5833 131 6089 131 6345 131 6602 130 6859 129 7116 128 7373 128 7630 127 7886 130 8143 130 8399 131 8655 131 8911 132 9161 2 9167 132 9302 3 9310 5 9416 5 9423 151 9671 8 9680 150 9927 8 9936 151 10183 8 10193 150 10439 8 10450 151 10695 8 10707 150 10952 7 10963 151 11208 7 11221 150 11464 6 11478 120 11599 28 11721 4 11739 115 11855 28 11977 4 11995 114 12111 28 12233 2 12252 113 12367 29 12490 1 12509 111 12623 29 12765 110 12879 28 13021 108 13134 29 13279 105 13389 30 13535 104 13645 30 13793 101 13901 31 14049 140 14306 139 14563 138 14820 137 15076 137 15336 133 15532 5 15592 134 15786 9 15849 133 16040 11 16106 133 16293 15 16363 133 16548 17 16619 133 16800 21 16875 133 17054 23 17131 133 17308 25 17389 130 17563 26 17645 129 17819 26 17901 128 18074 27 18157 127 18330 26 18414 125 18585 27 18671 124 18841 26 18927 124 19095 28 19183 124 19350 29 19440 124 19606 29 19696 43 19743 57 19801 19 19861 31 19952 43 19999 50 20058 19 20117 31 20208 42 20256 46 20313 20 20373 31 20465 40 20513 44 20569 20 20630 30 20721 38 20770 41 20823 22 20887 29 20975 39 21026 40 21076 24 21144 28 21223 1 21227 40 21283 34 21330 26 21402 25 21477 46 21539 34 21585 26 21658 25 21733 45 21796 9 21809 18 21840 27 21915 23 21960 5 21989 45 22053 8 22065 17 22095 28 22171 22 22215 7 22245 45 22309 6 22323 14 22351 28 22427 18 22469 11 22497 50 22567 3 22580 3 22588 4 22606 29 22683 13 22723 14 22752 51 22845 2 22861 30 22941 9 22977 18 23001 57 23117 30 23200 5 23232 19 23256 58 23373 30 23487 83 23629 30 23742 83 23885 30 23997 84 24141 30 24252 85 24397 30 24507 86 24652 31 24762 87 24908 32 25010 4 25015 90 25165 31 25265 95 25421 32 25519 96 25677 34 25775 96 25934 35 26031 96 26191 34 26288 95 26448 36 26544 94 26705 39 26800 93 26963 39 27056 93 27220 39 27300 7 27311 93 27430 3 27477 39 27554 10 27567 93 27684 7 27734 39 27804 111 27935 14 27991 40 28041 1 28048 123 28190 15 28247 42 28294 135 28444 17 28485 7 28503 182 28699 18 28741 8 28759 184 28953 20 28996 10 29015 186 29209 20 29252 10 29271 190 29462 23 29505 16 29526 59 29586 155 29759 20 29780 60 29842 155 30013 84 30098 155 30269 240 30524 242 30779 243 31035 242 31291 242 31545 243 31801 242 32056 243 32311 245 32567 246 32823 248 33076 104 33187 141 33330 107 33443 250 33701 72 33776 173 33957 72 34033 163 34197 8 34213 72 34295 156 34453 9 34470 71 34552 155 34709 88 34810 153 34965 88 35067 152 35221 88 35328 147 35477 88 35584 147 35733 89 35840 238 36097 237 36354 237 36613 17 36633 62 36697 150 36870 15 36889 61 36953 150 37127 13 37145 60 37210 150 37384 12 37401 61 37464 153 37641 10 37654 219 37899 7 37908 222 38162 225 38418 225 38674 226 38930 226 39186 226 39441 227 39695 229 39951 229 40207 229 40463 229 40719 229 40975 228 41232 226 41488 226 41744 226 42000 30 42031 196 42256 29 42289 196 42511 30 42545 196 42767 30 42802 195 43023 29 43058 195 43279 27 43315 195 43534 28 43570 195 43789 28 43826 195 44045 27 44081 196 44299 29 44337 197 44555 28 44593 197 44811 28 44849 197 45067 28 45103 200 45323 27 45357 202 45579 27 45612 203 45835 26 45867 204 46091 26 46123 203 46347 25 46379 203 46603 24 46635 202 46858 25 46891 54 46946 147 47113 26 47146 54 47203 146 47369 24 47402 54 47461 143 47616 3 47624 25 47657 55 47718 142 47872 33 47911 57 47976 141 48128 33 48167 57 48233 140 48384 35 48421 60 48489 140 48640 35 48676 61 48744 141 48896 97 48999 145 49152 97 49255 146 49408 97 49509 148 49664 97 49764 150 49920 96 50020 150 50176 95 50276 150 50432 35 50468 59 50532 149 50688 35 50725 57 50788 149 50944 34 50983 55 51043 150 51200 34 51240 54 51298 151 51456 32 51497 53 51551 154 51712 31 51753 208 51968 29 52009 208 52224 27 52265 208 52480 27 52522 207 52736 27 52769 3 52779 206 52992 28 53023 7 53039 202 53248 39 53296 201 53504 40 53554 55 53614 135 53760 40 53811 53 53872 128 54016 41 54065 56 54130 125 54272 42 54319 58 54387 123 54528 105 54643 123 54784 104 54898 124 55040 103 55153 125 55296 103 55407 127 55552 103 55661 128 55808 104 55917 127 56064 105 56173 126 56320 107 56429 124 56576 194 56775 33 56832 193 57032 31 57088 193 57290 29 57344 192 57547 28 57600 183 57805 7 57813 18 57856 183 58063 1 58071 15 58112 185 58331 10 58368 185 58589 8 58624 186 58880 187 59136 188 59392 189 59648 190 59904 190 60160 191 60416 191 60672 191 60928 191 61184 191 61440 191 61696 191 61952 191 62208 192 62464 192 62720 193 62976 194 63232 195 63488 197 63744 198 64000 198 64256 198 64512 199 64768 199 65024 199 65280 198
487629,0 16 31 13 55 80 140 132 285 16 312 4 319 72 397 131 540 17 569 2 575 73 653 130 794 18 831 62 901 4 910 129 1049 19 1087 61 1157 4 1168 125 1305 18 1343 60 1413 6 1427 122 1561 18 1600 58 1669 6 1682 123 1815 20 1857 56 1926 5 1937 124 2069 22 2113 56 2182 5 2193 124 2321 25 2370 54 2449 123 2577 25 2626 43 2672 7 2704 124 2830 27 2883 42 2960 152 3140 40 3216 151 3396 39 3471 151 3653 38 3727 149 3909 38 3983 113 4102 29 4166 37 4239 113 4364 21 4423 36 4495 113 4621 18 4679 35 4751 113 4878 15 4935 34 5007 113 5134 15 5191 34 5263 113 5390 12 5447 9 5461 19 5519 113 5645 13 5703 8 5719 16 5775 113 5901 14 5960 5 5975 16 6030 114 6156 15 6217 3 6232 14 6285 115 6411 18 6489 11 6540 116 6667 18 6747 4 6795 117 6923 20 7051 117 7179 20 7232 4 7307 117 7435 20 7486 11 7562 118 7691 20 7741 13 7818 118 7949 18 7997 15 8073 119 8209 14 8252 17 8328 120 8469 8 8507 18 8584 120 8726 6 8763 20 8839 121 9019 20 9075 4 9095 121 9275 20 9329 7 9351 121 9532 19 9578 15 9607 121 9789 18 9833 16 9861 123 10047 16 10089 16 10113 127 10303 15 10344 17 10366 130 10559 14 10600 152 10815 13 10856 152 11071 12 11112 152 11327 10 11369 151 11583 10 11627 149 11839 9 11884 148 12097 6 12140 148 12296 1 12353 6 12396 148 12552 2 12653 147 12807 3 12909 147 13063 4 13165 147 13320 1 13421 147 13675 149 13931 149 14187 149 14442 150 14698 150 14954 150 15211 149 15468 148 15727 145 15983 145 16189 2 16241 143 16443 6 16505 135 16698 7 16753 4 16762 134 16954 7 17009 143 17209 8 17264 144 17465 8 17519 145 17721 7 17775 145 17977 6 18031 145 18286 146 18541 147 18797 147 19052 148 19307 149 19561 151 19815 153 20071 153 20327 153 20584 152 20829 4 20840 152 21083 7 21096 152 21338 9 21352 152 21593 10 21607 153 21849 10 21860 156 22104 168 22359 169 22615 169 22871 169 23127 169 23383 169 23639 169 23895 169 24151 169 24408 168 24665 167 24922 166 25178 166 25435 165 25691 165 25947 165 26203 165 26458 166 26713 167 26969 167 27225 167 27454 4 27481 167 27710 4 27737 167 27966 6 27995 165 28222 7 28251 165 28480 3 28509 163 28765 163 29022 162 29279 161 29537 159 29793 159 30050 158 30307 157 30563 157 30820 156 31077 155 31333 155 31588 156 31843 157 32074 11 32099 157 32329 13 32355 157 32583 25 32610 158 32839 186 33095 186 33351 185 33607 185 33863 185 34121 183 34379 181 34641 175 34897 175 35104 7 35155 173 35357 12 35411 173 35587 10 35611 15 35669 191 35866 17 35927 10 35939 181 36121 18 36185 4 36195 200 36451 202 36707 202 36963 202 37219 203 37475 203 37731 204 37988 203 38245 202 38501 203 38758 6 38765 195 39015 4 39023 193 39281 191 39537 191 39792 192 40048 192 40303 193 40559 194 40815 195 41071 196 41328 195 41585 194 41842 194 42100 193 42359 190 42617 190 42874 191 43131 190 43391 187 43649 58 43711 124 43907 40 43971 120 44167 34 44228 121 44423 35 44467 6 44487 118 44680 35 44723 6 44744 117 44936 36 44979 6 45002 116 45192 38 45235 6 45259 115 45448 39 45492 5 45517 114 45704 40 45749 4 45773 115 45960 41 46031 113 46216 41 46288 47 46336 66 46473 41 46544 45 46590 69 46730 40 46800 45 46846 69 46987 40 47057 42 47102 69 47243 41 47314 41 47357 70 47501 41 47572 5 47581 29 47613 70 47737 4 47749 4 47757 41 47837 26 47867 72 47992 7 48003 52 48096 23 48123 72 48247 9 48258 53 48353 22 48379 72 48503 63 48611 19 48635 72 48759 62 48869 17 48891 73 49015 61 49127 15 49150 71 49271 60 49383 14 49407 70 49527 59 49640 12 49664 69 49782 60 49896 12 49920 69 50037 61 50152 11 50176 69 50292 61 50409 9 50432 70 50546 33 50581 29 50665 7 50688 71 50801 34 50837 29 50921 6 50944 72 51056 36 51093 29 51200 73 51312 67 51456 75 51567 68 51712 75 51823 68 51968 75 52077 70 52224 75 52333 70 52480 75 52588 71 52736 75 52844 71 52992 76 53101 70 53248 77 53357 70 53504 77 53614 71 53760 77 53869 72 54016 77 54124 75 54272 77 54379 76 54528 33 54564 41 54633 78 54784 33 54821 39 54889 78 55040 34 55078 37 55144 79 55296 37 55334 37 55399 79 55552 40 55593 33 55655 78 55773 4 55808 40 55849 32 55910 79 56028 5 56064 73 56165 79 56285 4 56320 45 56366 26 56421 78 56541 5 56576 42 56625 22 56676 79 56799 1 56832 41 56882 21 56932 79 57088 40 57139 18 57188 79 57344 39 57396 16 57443 80 57600 29 57699 80 57856 27 57955 80 58211 79 58355 3 58467 78 58609 6 58723 78 58864 8 58979 78 59120 8 59235 77 59375 9 59491 77 59631 8 59748 75 59889 5 60005 74 60145 4 60265 71 60525 68 60783 69 61039 70 61295 71 61551 72 61807 72 62063 72 62319 72 62575 72 62831 72 63087 72 63344 71 63601 70 63857 70 64114 69 64372 67 64614 3 64629 66 64869 8 64886 64 65124 9 65143 63 65379 12 65399 62
489967,0 65536
490941,0 86 94 242 350 236 590 1 606 235 859 231 1093 4 1115 229 1355 1 1369 231 1610 2 1623 234 1865 4 1876 238 2121 4 2130 241 2375 252 2630 5907 8541 2 8548 244 8804 243 9061 243 9317 243 9574 243 9830 243 10086 243 10342 243 10597 244 10853 244 11109 246 11364 251 11619 1539 13159 52377
491029,0 57691 57693 254 57949 7587
494025,15 30 129 118 255 1 271 30 385 118 511 1 526 31 641 117 767 1 781 32 897 116 1023 1 1035 34 1153 116 1279 1 1288 37 1408 116 1543 38 1664 115 1797 40 1920 115 2053 40 2176 114 2309 42 2431 115 2565 44 2687 115 2820 45 2919 6 2942 116 3075 46 3174 8 3197 117 3330 47 3429 12 3453 117 3585 48 3685 13 3708 117 3841 48 3941 14 3963 118 4097 48 4196 15 4217 120 4353 48 4451 19 4473 120 4609 48 4706 124 4831 18 4865 49 4959 126 5088 16 5121 50 5214 127 5345 15 5378 49 5469 128 5603 13 5634 49 5725 128 5860 11 5891 48 5982 126 6147 48 6238 125 6403 48 6496 123 6660 47 6753 121 6912 51 7009 120 7168 51 7265 119 7424 51 7521 118 7680 51 7776 119 7936 51 8031 118 8192 51 8285 120 8448 51 8537 121 8704 51 8791 122 8960 50 9045 124 9216 49 9299 126 9472 21 9498 19 9541 4 9554 126 9728 20 9755 16 9797 5 9809 126 9984 18 10010 16 10052 7 10063 127 10243 15 10265 16 10307 138 10500 15 10521 14 10563 136 10756 15 10778 6 10787 1 10807 2 10819 134 11011 19 11035 3 11061 7 11075 133 11265 21 11317 8 11330 134 11520 22 11573 146 11776 22 11829 146 12032 23 12085 146 12288 23 12341 146 12544 23 12598 145 12800 24 12855 144 13056 25 13112 143 13312 25 13369 142 13568 27 13625 141 13824 27 13882 140 14080 28 14138 139 14319 1 14336 31 14394 139 14575 2 14592 36 14649 139 14848 37 14905 139 15104 38 15161 139 15360 39 15417 109 15528 27 15610 4 15616 43 15673 97 15775 4 15787 24 15865 52 15929 96 16043 24 16121 53 16185 93 16301 22 16377 54 16441 92 16557 21 16632 58 16697 90 16814 9 16827 6 16887 59 16953 90 17071 6 17085 2 17143 60 17209 87 17329 2 17397 64 17465 86 17651 68 17721 83 17905 71 17977 83 18160 155 18415 154 18671 150 18927 148 19183 146 19439 146 19695 146 19950 147 20206 145 20460 147 20715 147 20971 146 21227 145 21482 145 21738 143 21995 141 22251 139 22505 28 22543 102 22759 30 22801 94 23014 31 23057 95 23269 32 23313 96 23523 34 23569 96 23779 34 23825 46 23884 37 24033 37 24082 42 24142 35 24287 40 24337 42 24399 34 24542 41 24593 41 24656 32 24797 43 24849 39 24913 31 25036 7 25053 43 25104 39 25169 31 25291 11 25309 43 25359 40 25426 30 25545 14 25565 43 25615 40 25683 29 25800 16 25822 43 25871 39 25941 26 26055 20 26078 44 26126 40 26197 11 26210 12 26311 20 26334 91 26455 8 26469 8 26567 57 26625 57 26711 7 26725 8 26822 58 26881 59 26969 4 26984 3 27073 2 27077 120 27225 4 27329 3 27333 122 27583 128 27839 29 27869 100 28095 29 28128 98 28351 29 28385 100 28608 29 28641 102 28864 30 28897 103 29121 136 29377 63 29441 74 29633 63 29697 74 29889 63 29955 74 30047 7 30146 59 30211 74 30302 9 30403 38 30443 17 30468 73 30558 9 30659 38 30701 14 30725 72 30814 9 30915 38 30959 12 30981 72 31070 9 31172 38 31231 1 31237 72 31327 7 31429 37 31487 1 31492 73 31685 38 31742 2 31747 73 31941 38 31998 2 32001 74 32172 5 32195 40 32254 77 32428 5 32451 40 32510 75 32683 8 32706 41 32766 2 32769 71 32875 1 32939 10 32961 42 33022 2 33025 70 33129 6 33195 11 33217 41 33278 73 33385 6 33451 12 33473 41 33534 73 33639 10 33705 15 33728 42 33791 71 33895 10 33960 16 33984 41 34047 1 34049 55 34108 10 34153 10 34211 22 34240 41 34301 3 34305 54 34364 10 34409 10 34466 23 34496 41 34557 3 34561 52 34621 8 34666 9 34721 24 34753 40 34812 4 34817 52 34877 8 34922 9 34976 25 35009 40 35067 5 35073 50 35133 8 35177 10 35231 26 35266 39 35323 5 35329 20 35351 29 35390 7 35433 11 35467 3 35487 26 35522 39 35579 5 35585 18 35609 28 35689 12 35705 5 35721 8 35731 8 35743 26 35779 39 35835 5 35841 18 35865 28 35945 13 35959 8 35976 21 35999 26 36035 39 36091 5 36099 15 36121 29 36197 28 36231 50 36291 40 36348 4 36357 13 36377 30 36452 29 36487 50 36547 40 36605 3 36617 8 36633 31 36706 32 36744 49 36803 40 36863 1 36875 4 36888 32 36961 33 37001 48 37059 40 37143 34 37216 34 37259 46 37315 40 37398 35 37471 35 37515 46 37571 40 37640 51 37727 34 37771 46 37827 39 37893 57 37982 35 38027 46 38083 39 38144 65 38237 34 38285 45 38340 38 38400 66 38493 30 38541 45 38596 39 38656 66 38749 25 38798 45 38852 41 38912 66 39005 24 39055 44 39108 41 39168 65 39259 24 39311 44 39365 41 39424 65 39515 24 39567 44 39620 43 39680 63 39760 33 39823 43 39875 44 39936 63 40015 34 40079 43 40131 44 40192 63 40269 34 40334 44 40387 46 40448 63 40525 34 40590 44 40643 46 40704 62 40780 34 40845 45 40899 46 40960 61 41035 34 41101 46 41155 47 41216 61 41291 19 41311 12 41341 4 41357 46 41411 48 41472 60 41546 33 41598 1 41613 46 41667 48 41728 31 41763 24 41801 34 41868 46 41924 47 41983 31 42021 20 42057 34 42123 47 42180 47 42237 37 42279 11 42313 34 42375 50 42436 47 42492 39 42538 5 42569 34 42630 51 42692 46 42747 42 42825 34 42885 51 42947 46 43003 43 43079 36 43141 50 43203 45 43259 44 43331 40 43396 51 43459 40 43515 44 43585 42 43652 51 43715 39 43770 46 43838 45 43907 53 43971 38 44025 48 44093 46 44163 54 44227 38 44280 52 44348 47 44419 54 44483 36 44535 54 44603 48 44675 54 44739 36 44791 55 44857 52 44931 54 44995 35 45046 57 45113 54 45187 53 45251 35 45301 58 45367 58 45426 5 45442 54 45509 32 45557 59 45623 66 45698 53 45766 31 45812 60 45879 66 45953 52 46025 27 46068 61 46135 67 46208 53 46282 25 46323 192 46546 15 46577 194 46803 12 46827 198 47061 8 47081 200 47317 6 47337 200 47555 3 47593 200 47809 7 47850 198 48065 8 48107 197 48320 10 48363 198 48576 12 48620 197 48832 19 48877 107 48991 82 49087 20 49132 107 49247 82 49343 21 49387 107 49503 82 49599 21 49641 110 49759 82 49855 21 49895 114 50015 82 50111 22 50146 122 50269 83 50367 22 50401 206 50623 21 50657 205 50879 20 50912 203 51136 19 51166 203 51392 19 51421 118 51543 79 51649 16 51675 120 51799 78 51905 16 51929 73 52005 46 52053 62 52125 7 52162 15 52183 74 52264 42 52309 62 52383 4 52418 15 52438 75 52528 34 52564 63 52675 13 52692 77 52785 34 52820 67 52931 12 52947 78 53042 102 53188 10 53203 78 53297 104 53443 10 53458 73 53532 7 53553 106 53699 6 53713 72 53789 6 53807 69 53880 35 53955 6 53968 72 54045 84 54137 1 54143 29 54209 10 54222 74 54301 82 54400 29 54465 86 54557 78 54648 38 54721 85 54813 77 54903 40 54977 84 55069 77 55157 42 55233 63 55297 19 55325 78 55411 45 55489 63 55555 16 55582 77 55667 46 55746 62 55812 15 55838 77 55922 47 56002 62 56069 1 56077 6 56094 77 56178 47 56258 62 56351 76 56433 48 56514 62 56607 76 56688 49 56769 63 56863 76 56943 50 57025 63 57119 130 57281 63 57375 130 57537 66 57631 68 57706 54 57793 67 57888 67 57962 53 58048 71 58144 67 58218 51 58303 72 58399 68 58474 50 58559 73 58655 68 58730 50 58814 74 58911 68 58987 49 59038 1 59070 74 59167 67 59243 49 59293 5 59325 75 59423 67 59499 56 59581 76 59679 64 59757 59 59835 78 59935 63 60013 60 60074 4 60091 79 60176 4 60183 70 60268 71 60347 80 60432 5 60438 71 60523 75 60603 161 60779 78 60858 162 61034 242 61288 245 61544 247 61800 247 62056 248 62311 249 62567 249 62823 243 63068 4 63079 241 63325 2 63335 241 63581 2 63591 241 63838 1 63851 2 63856 232 64113 27 64141 210 64370 23 64395 212 64627 20 64651 212 64885 16 64907 212 65140 7 65149 6 65163 212 65394 3 65419 117
500314,63 46 144 7 320 44 400 11 576 44 656 15 833 43 912 17 930 11 1029 6 1091 10 1105 26 1168 32 1283 9 1361 26 1424 35 1537 12 1618 25 1680 35 1792 15 1875 22 1936 37 2011 3 2048 15 2132 21 2192 37 2267 4 2304 16 2389 20 2449 37 2521 10 2560 16 2647 18 2705 37 2775 13 2816 17 2903 17 2962 37 3025 20 3072 17 3160 16 3219 36 3278 24 3328 18 3417 14 3476 36 3533 26 3584 19 3674 13 3733 36 3788 27 3840 19 3990 35 4043 28 4096 19 4247 34 4299 28 4352 20 4503 34 4555 28 4608 20 4760 33 4811 28 4864 21 5016 33 5066 29 5120 21 5272 33 5321 30 5376 21 5528 33 5577 30 5633 20 5783 33 5833 30 5890 19 6039 31 6088 29 6147 18 6295 30 6344 27 6405 16 6550 31 6599 26 6661 16 6805 31 6855 26 6919 13 7060 32 7111 23 7176 9 7316 31 7367 22 7545 2 7571 32 7623 18 7799 6 7827 32 7879 18 8053 9 8085 28 8121 4 8129 22 8309 10 8341 26 8377 28 8565 10 8597 24 8632 29 8821 10 8853 23 8887 30 9077 11 9109 23 9140 32 9333 12 9365 23 9396 32 9588 13 9621 22 9652 32 9822 1 9844 13 9877 22 9908 32 10072 8 10100 15 10132 7 10141 13 10163 33 10327 10 10356 15 10387 5 10397 12 10419 33 10582 11 10611 24 10644 1 10655 8 10675 33 10838 11 10867 24 10900 1 10912 6 10931 33 11093 13 11123 26 11187 33 11349 13 11380 25 11443 33 11605 13 11637 24 11699 32 11861 14 11893 24 11955 32 12115 16 12149 24 12211 31 12371 16 12406 23 12467 30 12626 18 12663 22 12723 30 12881 20 12920 21 12979 30 13135 22 13182 15 13235 30 13387 26 13439 14 13492 28 13642 27 13696 13 13757 18 13897 28 13952 13 14015 16 14151 30 14209 12 14273 10 14405 32 14465 12 14530 3 14661 30 14721 11 14837 3 14916 31 14978 9 15090 7 15171 30 15235 6 15338 22 15427 30 15491 6 15593 23 15684 29 15747 5 15847 25 15941 27 16004 4 16102 26 16198 26 16260 4 16356 28 16455 24 16516 5 16611 29 16713 18 16774 2 16867 29 16971 14 17123 29 17230 8 17302 2 17378 30 17489 4 17552 7 17634 30 17696 1 17806 9 17889 31 17951 4 18062 9 18145 31 18205 8 18257 6 18317 11 18396 2 18401 31 18461 9 18512 8 18573 11 18649 39 18717 10 18766 11 18829 12 18893 51 18973 10 19021 12 19085 12 19148 52 19229 10 19277 12 19341 14 19403 53 19485 11 19533 12 19597 14 19659 53 19741 12 19789 12 19853 14 19914 54 19997 13 20045 12 20109 14 20170 54 20232 1 20253 14 20301 12 20365 13 20425 55 20487 3 20509 14 20557 12 20621 12 20681 55 20743 4 20766 13 20813 11 20879 10 20937 25 20967 6 20976 16 20999 5 21023 12 21069 11 21135 9 21193 25 21225 3 21232 16 21255 6 21280 11 21327 8 21395 4 21449 25 21489 15 21509 8 21537 10 21584 4 21705 25 21745 30 21795 8 21961 25 22009 23 22051 7 22217 24 22270 20 22309 4 22473 24 22528 19 22730 23 22784 19 22986 22 23040 20 23242 21 23296 20 23497 19 23522 7 23552 21 23751 21 23777 8 23808 23 24005 22 24030 15 24064 23 24261 22 24285 18 24320 24 24516 21 24541 18 24576 24 24680 5 24771 20 24797 19 24832 25 24934 10 25027 20 25053 20 25088 25 25190 11 25283 20 25309 20 25344 24 25445 15 25539 20 25566 20 25600 24 25701 16 25796 19 25822 20 25856 24 25957 17 26053 18 26078 21 26112 24 26192 3 26213 18 26310 17 26334 21 26368 23 26447 5 26470 17 26567 16 26589 22 26624 23 26703 6 26727 16 26824 15 26845 22 26880 23 26959 6 26983 16 27081 15 27101 22 27134 24 27216 5 27240 15 27337 16 27357 22 27387 26 27473 4 27497 13 27566 6 27593 17 27611 25 27639 29 27729 3 27753 12 27821 8 27850 72 28011 10 28073 12 28107 70 28274 3 28328 14 28363 70 28524 11 28582 16 28621 15 28637 52 28779 21 28837 17 28877 15 28893 53 29035 23 29093 17 29134 14 29152 7 29160 43 29290 24 29349 17 29390 14 29409 6 29417 45 29546 25 29604 18 29647 13 29673 46 29801 26 29860 18 29903 13 29929 47 30046 1 30057 26 30116 17 30160 11 30186 47 30301 4 30312 27 30372 17 30417 9 30443 48 30556 6 30568 27 30629 14 30699 49 30812 6 30825 26 30886 12 30955 50 31067 8 31081 26 31211 50 31323 8 31337 27 31467 50 31579 7 31595 25 31723 50 31835 7 31851 25 31979 50 32040 10 32092 7 32108 23 32235 50 32295 12 32349 7 32365 22 32491 50 32550 21 32605 8 32621 22 32746 51 32805 23 32861 8 32877 22 33002 51 33060 25 33118 7 33134 21 33258 50 33315 26 33374 7 33391 20 33515 20 33536 28 33570 26 33631 4 33648 19 33717 6 33771 20 33792 28 33825 27 33887 4 33905 17 33973 7 34029 17 34048 28 34081 27 34142 6 34162 15 34228 9 34287 12 34304 28 34337 27 34398 7 34418 14 34483 10 34545 6 34560 28 34593 27 34653 9 34675 12 34739 11 34816 29 34847 29 34909 10 34931 10 34995 12 35072 59 35165 13 35251 13 35328 59 35421 14 35506 15 35584 58 35677 20 35711 4 35761 16 35840 58 35933 21 35966 8 36015 18 36096 56 36188 25 36220 19 36264 25 36352 55 36444 26 36475 20 36519 26 36608 24 36633 30 36697 60 36773 27 36864 23 36889 31 36953 64 37027 28 37120 21 37145 31 37209 66 37280 28 37376 21 37401 31 37465 67 37535 28 37632 19 37657 32 37721 98 37888 18 37913 32 37977 97 38144 14 38169 33 38235 96 38400 12 38425 33 38493 94 38656 10 38680 35 38716 12 38750 93 38912 9 38936 51 39007 92 39192 53 39264 92 39448 53 39519 96 39632 5 39703 55 39774 99 39886 9 39935 1 39959 55 40029 101 40141 10 40191 1 40215 56 40285 70 40359 28 40396 13 40446 2 40471 56 40540 71 40617 26 40651 14 40702 2 40727 57 40795 72 40878 21 40907 14 40958 2 40983 57 41051 72 41135 20 41163 14 41214 2 41239 57 41307 73 41391 20 41419 14 41471 1 41495 56 41563 72 41648 18 41675 14 41752 55 41819 72 41904 15 41931 12 42009 54 42075 54 42130 17 42161 14 42187 12 42265 54 42332 53 42387 14 42417 12 42443 11 42521 54 42589 51 42644 13 42673 12 42698 11 42778 52 42845 50 42901 10 42931 8 42953 11 43035 50 43101 48 43157 10 43209 11 43294 47 43358 43 43415 6 43436 1 43465 10 43550 46 43614 43 43673 4 43689 5 43720 11 43808 43 43870 43 43944 7 43976 11 44065 42 44127 41 44199 9 44231 12 44323 40 44383 41 44453 12 44485 14 44579 40 44640 40 44705 17 44741 14 44834 41 44898 40 44958 21 44997 14 45089 42 45156 40 45198 1 45213 22 45252 15 45344 43 45415 6 45427 30 45469 24 45507 16 45599 44 45672 3 45685 28 45724 25 45763 16 45855 43 45943 28 45977 29 46019 15 46110 44 46200 27 46232 31 46275 15 46366 44 46456 29 46487 34 46531 14 46621 44 46712 69 46787 14 46877 44 46968 72 47043 12 47134 43 47223 88 47390 29 47421 10 47479 87 47647 28 47679 6 47735 87 47904 26 47992 27 48021 46 48073 4 48161 25 48248 26 48277 46 48418 24 48505 24 48533 47 48675 24 48763 21 48789 47 48933 22 49021 18 49044 48 49190 23 49277 18 49300 48 49451 1 49457 14 49533 15 49555 49 49713 15 49789 12 49811 50 49967 16 50003 3 50047 10 50069 50 50120 2 50223 16 50259 4 50304 9 50326 53 50479 11 50512 9 50561 8 50583 54 50709 8 50735 10 50767 12 50817 8 50839 54 50961 14 50992 8 51023 16 51074 7 51095 55 51216 16 51249 7 51278 18 51331 4 51351 56 51471 18 51507 3 51521 32 51607 58 51708 3 51726 19 51776 33 51862 59 51961 7 51981 21 52030 37 52117 62 52215 9 52237 21 52285 38 52373 62 52470 10 52493 22 52539 40 52628 63 52725 11 52749 22 52794 41 52884 63 52981 11 53005 23 53048 44 53139 64 53237 11 53261 23 53303 46 53395 64 53493 11 53517 23 53557 48 53651 63 53749 11 53772 24 53813 49 53907 63 54005 11 54027 25 54070 49 54163 63 54264 8 54282 26 54327 49 54420 63 54521 7 54537 26 54583 49 54677 62 54792 27 54839 50 54933 62 55047 26 55096 49 55189 62 55303 26 55351 50 55445 62 55559 24 55607 51 55701 61 55815 23 55853 4 55863 51 55957 61 56071 23 56107 64 56213 62 56327 22 56363 64 56469 62 56583 22 56618 64 56727 61 56839 22 56874 63 56985 3 56992 53 57094 23 57130 63 57255 48 57350 23 57387 62 57512 46 57605 24 57643 62 57737 4 57769 45 57861 25 57901 60 57992 5 58025 45 58116 27 58164 61 58246 8 58281 44 58372 27 58420 61 58501 9 58537 44 58629 27 58677 61 58755 11 58793 43 58886 26 58934 60 59011 11 59049 43 59143 26 59191 60 59266 12 59306 42 59399 25 59448 59 59522 12 59563 42 59657 22 59705 59 59776 13 59819 45 59913 22 59962 59 60031 14 60076 45 60169 21 60221 58 60285 17 60334 11 60346 32 60384 3 60424 21 60479 79 60604 31 60639 6 60679 21 60737 78 60861 43 60935 20 60994 77 61117 44 61189 21 61251 76 61372 47 61445 22 61507 76 61627 49 61699 25 61764 76 61883 52 61955 26 62021 75 62139 54 62211 27 62244 7 62277 76 62393 58 62466 29 62498 12 62534 75 62649 59 62722 46 62791 74 62903 63 62978 47 63047 74 63158 65 63235 46 63304 73 63413 68 63491 47 63561 72 63669 68 63747 47 63817 71 63925 69 64003 2 64007 44 64073 71 64181 69 64259 6 64267 40 64331 70 64438 68 64516 5 64524 39 64587 74 64695 2 64699 63 64768 7 64780 39 64844 75 64957 61 65024 5 65037 38 65100 75 65213 60 65280 5 65293 38 65357 62 65421 12 65469 60
504868,0 65536
513583,23 31 140 15 159 67 235 21 279 30 397 12 417 66 491 15 507 5 535 30 653 12 673 67 748 14 763 5 789 32 911 9 930 67 1005 13 1019 5 1043 34 1186 67 1261 19 1298 35 1441 69 1517 19 1553 36 1699 68 1774 18 1809 36 1956 67 2030 18 2065 36 2212 67 2287 17 2321 36 2467 68 2543 17 2577 35 2651 2 2723 69 2799 17 2833 34 2905 8 2979 72 3055 17 3091 32 3160 9 3235 94 3355 22 3415 11 3491 19 3514 71 3612 21 3671 11 3747 19 3770 71 3881 7 3915 4 3925 13 4003 16 4027 71 4137 6 4170 24 4259 14 4283 75 4395 2 4426 24 4473 2 4514 13 4538 78 4681 25 4727 6 4770 12 4793 81 4923 2 4937 25 4980 9 5027 10 5048 83 5178 5 5193 25 5235 11 5283 8 5303 85 5433 6 5449 24 5491 12 5540 4 5558 87 5688 7 5704 26 5747 13 5814 92 5943 8 5958 28 6002 15 6070 94 6197 10 6212 30 6258 16 6327 94 6453 45 6513 18 6583 94 6709 45 6769 19 6839 94 6964 45 7023 22 7096 93 7219 46 7279 22 7352 93 7475 46 7534 24 7608 93 7731 46 7789 26 7865 92 7986 47 8043 30 8121 17 8141 71 8242 48 8299 30 8377 17 8398 71 8491 3 8497 48 8553 34 8633 16 8657 68 8746 55 8809 40 8889 16 8916 66 9001 56 9063 44 9147 14 9172 66 9257 57 9319 44 9403 14 9428 67 9512 59 9573 47 9660 12 9683 68 9768 59 9829 47 9917 10 9940 67 10024 108 10197 66 10280 108 10453 65 10536 108 10711 63 10792 109 10969 61 11048 110 11159 3 11226 60 11305 114 11483 59 11561 116 11740 58 11817 117 11997 56 12074 117 12253 56 12331 116 12509 56 12578 5 12588 115 12765 60 12833 6 12845 114 13022 60 13088 8 13105 110 13241 2 13247 10 13279 59 13344 8 13362 110 13497 3 13501 12 13536 58 13600 8 13620 100 13723 8 13755 16 13793 16 13814 10 13825 25 13856 8 13876 96 13980 8 14011 16 14051 9 14063 1 14071 9 14081 25 14113 7 14133 95 14235 10 14267 16 14328 8 14337 25 14369 6 14389 95 14490 11 14523 17 14585 7 14594 23 14627 4 14646 21 14671 70 14746 12 14777 20 14842 6 14850 23 14903 20 14927 36 14969 28 15001 14 15032 22 15099 5 15106 14 15148 4 15160 17 15183 33 15227 27 15257 14 15286 26 15355 5 15366 9 15402 7 15416 17 15440 33 15484 44 15541 27 15611 5 15626 2 15647 19 15673 15 15699 10 15717 4 15722 8 15742 43 15797 28 15867 5 15901 21 15929 14 15974 1 15979 7 15999 42 16051 30 16122 6 16157 21 16186 13 16235 8 16256 43 16302 35 16375 9 16413 21 16442 13 16491 8 16512 81 16630 10 16668 23 16699 11 16748 7 16768 81 16884 12 16924 23 16956 10 17005 8 17024 81 17139 13 17180 23 17214 7 17261 10 17279 82 17395 13 17436 24 17471 6 17518 11 17535 82 17651 13 17693 24 17775 97 17907 13 17949 25 18031 97 18163 13 18205 26 18287 96 18419 13 18461 26 18542 97 18675 13 18718 25 18798 97 18933 11 18974 24 19053 98 19189 11 19231 23 19309 97 19447 9 19487 22 19565 97 19703 9 19745 20 19821 98 19960 8 20003 18 20077 98 20217 7 20261 16 20334 97 20473 7 20518 15 20591 96 20730 6 20773 16 20849 94 20987 5 21026 19 21107 92 21245 3 21279 22 21366 33 21403 52 21533 24 21623 30 21661 50 21787 26 21881 26 21919 47 21973 6 22043 26 22137 26 22176 46 22229 6 22298 27 22393 24 22432 46 22484 8 22554 27 22649 23 22688 46 22739 9 22810 27 22905 22 22944 46 22995 10 23066 27 23161 21 23200 45 23251 10 23323 26 23416 22 23456 44 23506 12 23540 4 23578 29 23671 23 23712 44 23761 14 23780 1 23794 6 23808 5 23829 37 23923 27 23968 43 24016 27 24048 9 24064 7 24084 38 24177 29 24225 42 24272 42 24320 7 24338 41 24431 31 24481 42 24527 44 24576 8 24594 41 24685 34 24738 41 24783 44 24831 10 24849 42 24939 36 24995 40 25037 61 25105 42 25193 40 25252 39 25293 62 25361 42 25447 42 25509 38 25549 62 25617 42 25702 44 25766 102 25873 43 25955 48 26023 12 26039 86 26128 44 26211 48 26280 10 26295 86 26385 43 26467 50 26537 7 26551 86 26641 43 26723 50 26808 85 26899 42 26978 52 27066 7 27076 73 27155 47 27234 52 27323 3 27333 72 27413 50 27490 52 27589 72 27670 49 27746 53 27845 72 27927 50 28000 55 28101 72 28183 51 28255 56 28357 72 28439 51 28511 57 28611 74 28695 51 28767 57 28867 73 28950 52 29023 58 29122 74 29206 51 29279 58 29374 78 29461 52 29535 58 29625 83 29715 54 29792 57 29879 148 30050 54 30125 159 30307 53 30381 161 30565 50 30635 164 30821 50 30891 165 31079 48 31146 167 31335 48 31402 167 31593 46 31658 97 31758 67 31850 45 31914 98 32017 65 32106 44 32171 97 32277 62 32362 43 32427 99 32535 60 32619 41 32683 100 32791 60 32875 40 32941 99 33048 59 33131 38 33198 99 33304 60 33388 37 33455 13 33477 59 33537 18 33561 60 33645 34 33714 9 33735 57 33794 17 33817 60 33901 34 33971 8 33991 57 34054 13 34073 61 34149 2 34159 32 34229 5 34251 53 34311 12 34329 61 34403 5 34415 32 34486 3 34509 51 34569 10 34585 62 34658 7 34673 30 34707 2 34766 50 34825 9 34841 62 34913 8 34930 31 34962 6 35023 49 35083 7 35098 62 35168 9 35188 39 35280 48 35339 6 35354 61 35424 10 35444 39 35494 5 35536 48 35611 60 35679 14 35701 24 35727 13 35748 13 35793 47 35867 60 35935 16 35957 23 35983 14 36003 14 36049 47 36124 57 36192 16 36215 20 36239 15 36258 16 36306 46 36381 55 36449 16 36472 17 36495 36 36563 45 36637 54 36705 16 36729 16 36750 37 36820 44 36893 53 36961 16 36985 16 37005 39 37076 44 37149 35 37187 14 37216 17 37241 16 37260 40 37331 45 37405 35 37443 14 37472 17 37498 59 37587 45 37663 33 37701 11 37727 18 37754 61 37842 46 37919 33 37958 10 37983 19 38010 63 38097 47 38178 30 38238 21 38267 66 38353 47 38438 26 38494 21 38523 67 38608 48 38694 26 38750 23 38782 65 38863 49 38951 25 39006 23 39041 64 39118 50 39207 25 39262 24 39303 59 39373 51 39463 24 39517 26 39559 60 39629 51 39720 22 39773 27 39816 19 39839 36 39885 51 39977 12 39995 1 40028 28 40073 18 40096 35 40141 51 40234 8 40283 29 40329 18 40353 36 40397 51 40493 4 40539 30 40586 17 40610 36 40653 51 40741 4 40795 30 40842 16 40867 36 40910 50 40997 5 41050 31 41099 14 41123 36 41167 49 41252 7 41305 32 41355 14 41379 38 41424 48 41509 6 41561 32 41611 14 41635 38 41681 47 41766 4 41817 32 41868 12 41891 38 41940 44 42073 32 42125 11 42148 37 42198 11 42211 29 42284 13 42328 32 42383 8 42405 36 42455 10 42471 25 42539 16 42584 32 42661 36 42713 7 42729 23 42793 20 42821 3 42839 32 42917 36 42990 18 43047 37 43095 32 43174 36 43247 17 43299 42 43351 31 43430 37 43505 14 43553 44 43607 31 43686 38 43761 13 43808 47 43863 30 43943 38 44063 48 44119 30 44199 38 44319 49 44375 30 44454 39 44575 49 44631 29 44710 39 44831 50 44887 28 44966 38 45019 5 45087 50 45143 28 45222 38 45270 10 45343 50 45399 28 45477 38 45524 13 45599 50 45655 28 45733 37 45779 15 45855 50 45909 10 45921 12 45947 7 45989 33 46035 16 46111 50 46165 8 46179 8 46202 9 46245 31 46291 16 46367 63 46437 5 46457 12 46501 30 46547 17 46624 62 46708 17 46757 28 46803 18 46857 2 46880 62 46955 2 46963 19 47013 22 47059 18 47111 6 47137 61 47209 5 47218 20 47269 21 47315 18 47365 10 47393 61 47463 32 47525 20 47572 18 47620 12 47649 61 47719 32 47780 21 47828 18 47874 16 47906 59 47976 39 48030 25 48085 16 48129 18 48162 59 48232 40 48284 27 48342 15 48385 20 48420 57 48489 40 48537 29 48598 14 48641 21 48677 56 48746 39 48792 29 48854 14 48896 23 48935 54 49003 73 49110 13 49152 23 49192 53 49258 73 49366 13 49408 23 49450 51 49514 72 49622 13 49664 23 49707 50 49769 72 49878 13 49920 23 49964 49 50025 71 50134 11 50176 23 50221 9 50231 38 50280 72 50389 11 50432 25 50489 34 50537 71 50621 8 50643 13 50688 27 50746 33 50793 72 50877 9 50899 12 50944 28 51003 14 51018 15 51049 72 51131 12 51155 12 51200 29 51261 11 51275 14 51306 73 51387 12 51410 14 51456 29 51519 6 51532 11 51565 72 51643 37 51712 29 51777 1 51788 11 51822 71 51899 37 51968 30 52045 10 52080 111 52224 30 52301 9 52337 110 52480 32 52559 6 52594 109 52736 33 52850 108 52992 35 53106 108 53248 36 53363 106 53504 37 53619 45 53666 59 53758 39 53876 43 53922 59 54013 42 54133 42 54179 58 54267 44 54390 41 54435 58 54521 48 54647 39 54691 58 54777 48 54903 39 54947 58 55021 6 55033 50 55159 39 55203 6 55213 49 55269 16 55289 50 55415 38 55459 6 55469 49 55523 19 55544 52 55671 38 55715 3 55725 50 55776 79 55927 37 55971 2 55981 132 56184 36 56238 132 56441 34 56494 133 56698 20 56719 12 56750 133 56955 18 56976 11 57006 133 57212 16 57234 9 57261 134 57469 15 57490 9 57514 137 57727 12 57747 8 57769 138 57984 11 58003 8 58025 137 58241 10 58280 138 58498 9 58536 137 58755 8 58792 14 58807 122 59012 5 59048 13 59064 121 59303 13 59323 119 59559 14 59579 121 59813 16 59837 119 60068 17 60093 67 60161 51 60322 20 60349 67 60417 51 60577 21 60605 67 60673 52 60833 22 60861 24 60886 42 60930 51 61088 23 61118 22 61143 41 61187 52 61343 24 61375 18 61401 39 61443 53 61598 26 61631 17 61657 39 61699 54 61769 4 61853 28 61886 6 61915 37 61955 54 62023 6 62109 28 62142 5 62171 37 62211 54 62277 9 62363 32 62397 9 62427 37 62468 53 62533 9 62618 45 62683 37 62724 53 62788 13 62873 46 62939 37 62980 41 63025 8 63044 15 63129 47 63195 37 63237 36 63283 5 63299 18 63386 47 63453 35 63493 36 63541 2 63555 19 63641 48 63709 35 63751 33 63810 22 63897 47 63965 35 64008 31 64066 23 64153 33 64187 13 64223 33 64271 24 64321 28 64409 32 64447 8 64481 31 64530 21 64577 29 64665 32 64705 5 64739 29 64789 7 64833 30 64920 33 64995 29 65045 6 65089 30 65176 33 65252 28 65345 31 65431 33 65511 25
516869,0 65536
521139,0 65536
524214,0 65536
529350, 
534313,0 55 176 9 256 56 434 8 512 56 690 8 768 56 910 5 943 2 946 7 1024 56 1164 8 1199 2 1202 7 1280 56 1419 10 1455 9 1502 3 1509 6 1536 56 1675 10 1711 8 1757 5 1765 6 1792 56 1931 11 1971 2 2012 17 2048 56 2187 11 2228 1 2267 18 2304 55 2443 12 2524 18 2560 55 2699 12 2780 18 2816 54 2955 13 3039 16 3072 54 3211 13 3297 14 3329 52 3469 12 3555 12 3585 52 3725 12 3812 11 3843 50 3981 20 4071 8 4099 50 4237 21 4328 7 4352 50 4493 22 4551 6 4587 2 4608 49 4749 22 4807 8 4864 47 5005 22 5061 24 5120 47 5261 22 5317 25 5376 47 5517 23 5571 29 5632 47 5773 22 5827 30 5888 35 5924 9 6030 21 6083 30 6144 33 6181 8 6241 4 6287 19 6339 30 6400 32 6437 8 6495 14 6549 12 6595 23 6656 31 6692 9 6751 16 6805 12 6835 2 6851 22 6912 30 6948 9 7000 24 7062 10 7089 8 7108 21 7168 30 7204 9 7254 26 7318 10 7345 9 7364 21 7424 30 7459 12 7483 2 7509 28 7545 3 7574 9 7600 11 7621 20 7680 30 7715 8 7725 2 7738 4 7765 28 7801 4 7829 10 7856 11 7877 20 7936 30 7971 4 7994 5 8020 31 8057 5 8085 9 8112 11 8132 23 8192 30 8227 3 8250 5 8276 31 8313 6 8341 8 8369 9 8388 23 8449 17 8470 9 8506 5 8532 31 8571 2 8599 5 8626 7 8645 22 8705 15 8729 6 8762 5 8788 31 8883 5 8901 22 8963 12 8986 5 9014 1 9018 9 9044 32 9140 1 9158 21 9220 12 9243 4 9269 16 9300 32 9415 20 9478 11 9523 19 9557 30 9679 6 9735 11 9780 18 9813 30 9936 4 9991 12 10041 14 10069 30 10247 12 10297 15 10325 30 10503 12 10533 2 10555 14 10581 29 10759 12 10788 3 10811 15 10837 29 11015 11 11043 5 11067 16 11093 28 11271 11 11299 5 11323 20 11349 27 11528 9 11555 4 11580 51 11785 8 11811 4 11835 50 12043 4 12089 52 12345 51 12600 52 12855 52 13111 52 13366 54 13621 41 13663 14 13877 41 13919 14 14135 38 14175 14 14392 37 14431 14 14649 34 14687 14 14907 31 14943 14 15164 28 15200 12 15420 27 15456 11 15653 8 15677 10 15693 10 15714 6 15907 12 15935 6 15949 9 15971 4 16161 20 16207 6 16416 21 16465 3 16671 22 16927 22 17183 22 17407 1 17439 22 17660 4 17695 22 17913 7 17951 22 18169 10 18207 21 18425 12 18463 20 18680 13 18708 3 18719 20 18936 12 18961 10 18975 20 19192 10 19215 35 19448 10 19464 1 19470 37 19704 9 19718 47 19961 7 19972 49 20217 7 20227 52 20471 9 20483 52 20725 11 20739 53 20979 13 20995 53 21228 4 21235 13 21252 52 21482 22 21507 53 21739 21 21761 56 21995 21 22017 37 22055 18 22251 21 22273 36 22313 15 22511 17 22529 36 22570 12 22767 17 22785 10 22797 24 22823 2 23025 15 23043 7 23053 24 23078 4 23281 15 23304 1 23310 28 23351 5 23536 16 23567 27 23607 6 23792 16 23823 20 23847 2 23859 12 24049 15 24080 19 24104 1 24115 12 24305 15 24338 17 24370 12 24569 7 24595 15 24626 11 24825 7 24853 13 24882 11 25030 4 25082 6 25109 13 25139 9 25284 7 25338 6 25365 14 25396 7 25476 3 25537 12 25594 6 25621 13 25653 6 25732 3 25793 12 25850 6 25877 11 25910 4 25988 3 26048 13 26107 5 26133 10 26167 3 26244 3 26304 13 26364 4 26391 6 26560 13 26623 1 26648 3 26817 12 27073 12 27331 8 28404 1 28588 4 28660 1 28842 7 29097 8 29353 8 29608 8 29864 8 30122 3 30445 1 30488 7 30743 8 30999 10 31254 11 31509 14 31765 14 32021 22 32277 23 32533 24 32789 24 33046 24 33301 26 33557 26 33813 26 34067 28 34322 29 34577 30 34832 31 35087 32 35343 32 35597 34 35853 34 35987 1 36109 34 36239 9 36365 34 36495 10 36525 3 36621 34 36751 12 36779 6 36851 5 36877 33 37007 14 37034 8 37107 8 37134 31 37263 18 37288 10 37363 10 37391 29 37519 18 37544 10 37617 13 37648 27 37775 18 37798 13 37871 16 37905 25 38032 17 38053 14 38126 17 38163 22 38276 5 38288 19 38309 14 38382 18 38420 20 38527 12 38545 19 38565 14 38638 18 38683 12 38781 55 38893 19 38942 8 39035 57 39148 20 39289 60 39403 14 39419 5 39545 60 39659 12 39676 4 39801 59 39913 14 39935 1 40056 60 40169 13 40191 1 40311 48 40363 8 40425 13 40567 48 40619 8 40681 13 40823 47 40877 6 40937 12 41079 47 41135 1 41194 11 41334 47 41451 10 41589 48 41707 10 41757 4 41845 47 41965 9 42013 5 42100 48 42223 8 42269 5 42355 49 42475 12 42525 5 42611 49 42730 13 42783 3 42866 51 42985 14 43121 52 43241 14 43375 54 43497 14 43631 53 43753 14 43775 1 43875 1 43887 53 44009 23 44120 1 44129 4 44143 22 44169 27 44265 23 44363 2 44369 22 44399 22 44426 25 44521 23 44617 31 44654 23 44683 24 44777 23 44872 33 44909 24 44939 24 44974 3 45035 21 45127 62 45196 23 45229 4 45291 21 45383 62 45453 22 45483 8 45532 2 45549 19 45639 62 45710 8 45720 11 45739 8 45806 4 45812 12 45886 70 45967 6 45978 7 45993 12 46069 11 46141 71 46224 5 46235 4 46247 15 46325 11 46396 71 46503 18 46582 10 46637 2 46651 72 46758 19 46838 10 46892 6 46905 76 47014 21 47094 10 47147 93 47270 21 47350 10 47403 34 47439 59 47527 21 47605 11 47659 30 47695 60 47783 22 47861 11 47915 27 47953 58 48040 23 48116 12 48172 25 48209 58 48297 22 48372 12 48427 27 48465 57 48554 21 48629 11 48683 27 48721 57 48810 21 48859 2 48885 11 48937 29 48975 58 49065 22 49113 5 49142 10 49190 32 49231 58 49321 21 49369 5 49399 9 49445 33 49485 60 49576 21 49612 1 49625 5 49657 7 49701 33 49740 61 49831 22 49867 2 49881 5 49913 7 49956 34 49994 63 50086 24 50122 7 50169 7 50211 36 50249 64 50341 25 50378 8 50425 7 50465 103 50595 27 50631 12 50681 7 50717 107 50850 29 50886 14 50911 1 50937 7 50971 108 51105 30 51139 18 51165 4 51191 9 51227 107 51361 52 51420 5 51447 9 51481 101 51617 52 51675 6 51703 9 51736 101 51873 53 51931 6 51958 10 51990 102 52117 2 52129 54 52186 7 52214 10 52225 3 52245 102 52372 4 52385 54 52441 8 52470 16 52500 103 52628 4 52641 64 52726 17 52756 92 52885 3 52897 65 52983 17 53011 90 53154 56 53211 9 53239 17 53267 90 53411 55 53467 14 53495 18 53523 87 53667 54 53723 16 53751 18 53779 86 53924 53 53979 17 54007 16 54034 83 54181 52 54235 20 54262 15 54289 83 54437 52 54491 22 54518 13 54546 83 54693 77 54771 16 54802 83 54949 94 55058 83 55205 94 55313 85 55461 96 55567 88 55718 96 55823 88 55974 194 56231 86 56320 104 56487 85 56576 104 56742 33 56782 46 56832 104 56997 33 57039 45 57088 104 57252 33 57297 43 57344 104 57508 33 57555 2 57561 35 57600 103 57764 33 57818 34 57856 103 58020 34 58074 34 58112 104 58277 34 58329 34 58368 105 58533 35 58585 18 58609 10 58624 105 58789 36 58841 17 58867 6 58880 106 59045 36 59089 2 59097 17 59136 73 59210 33 59302 36 59342 8 59353 18 59392 73 59466 33 59559 34 59598 9 59609 18 59648 73 59724 31 59815 31 59853 10 59865 17 59883 2 59904 73 59981 30 60071 30 60109 10 60121 14 60138 3 60160 75 60237 29 60327 30 60365 9 60379 10 60394 4 60416 75 60493 29 60583 30 60621 8 60635 9 60650 4 60672 75 60751 27 60839 29 60878 6 60894 5 60907 2 60928 75 61007 4 61012 22 61094 30 61135 4 61184 75 61273 18 61350 30 61440 75 61529 18 61606 29 61696 75 61784 19 61861 20 61883 8 61952 75 62040 19 62117 20 62139 8 62208 75 62295 20 62327 5 62373 20 62395 8 62464 75 62551 19 62583 6 62629 20 62651 8 62720 75 62807 18 62838 8 62885 20 62907 8 62976 75 63063 18 63093 10 63141 20 63163 8 63232 75 63319 17 63348 12 63398 19 63419 7 63488 74 63575 17 63604 12 63654 18 63677 4 63744 73 63831 16 63859 14 63876 1 63911 16 64000 73 64088 15 64115 14 64131 4 64167 15 64256 72 64344 3 64348 5 64370 22 64422 15 64512 71 64601 2 64604 5 64625 23 64677 16 64768 69 64861 3 64881 24 64932 17 65023 69 65098 5 65117 3 65136 25 65187 17 65276 70 65352 9 65374 1 65391 27 65443 17 65529 7
534649, 
535798,0 15 65 30 135 61 247 24 321 28 392 16 411 8 429 24 500 27 577 27 649 14 670 3 685 24 755 28 833 26 905 11 941 24 1011 26 1089 26 1162 10 1196 25 1265 27 1344 26 1419 6 1451 25 1480 5 1519 28 1600 25 1675 5 1707 36 1776 27 1855 25 1963 40 2033 26 2111 24 2219 40 2289 26 2367 24 2473 44 2545 26 2623 24 2729 45 2801 26 2879 24 2985 46 3049 6 3056 28 3135 24 3241 46 3304 36 3391 24 3484 9 3498 45 3559 37 3647 23 3739 10 3754 45 3815 36 3903 21 3994 13 4008 47 4070 37 4160 19 4249 62 4325 38 4415 19 4489 1 4505 60 4581 38 4671 18 4744 3 4761 60 4837 27 4869 2 4873 3 4927 18 4955 4 4996 10 5015 58 5093 27 5129 3 5183 18 5209 8 5251 12 5271 57 5349 27 5387 1 5439 18 5464 13 5492 3 5506 77 5605 27 5695 18 5719 15 5741 10 5761 78 5861 27 5951 57 6016 78 6119 25 6207 58 6271 79 6376 24 6464 57 6527 70 6632 24 6721 56 6781 71 6887 25 6977 51 7035 72 7142 16 7183 6 7233 50 7290 73 7398 14 7437 10 7489 26 7517 20 7545 74 7655 5 7692 13 7745 26 7773 20 7801 74 7911 4 7947 16 8001 28 8031 18 8057 74 8137 7 8203 18 8254 31 8287 17 8313 3 8320 67 8392 8 8459 19 8507 35 8543 17 8568 5 8578 78 8677 1 8715 20 8763 35 8799 17 8823 6 8835 77 8932 4 8971 20 9018 54 9078 7 9093 74 9187 6 9227 20 9274 36 9313 15 9333 9 9349 74 9443 6 9483 20 9530 36 9579 6 9589 9 9606 73 9691 4 9699 7 9739 20 9786 35 9835 6 9845 9 9861 73 9946 16 9994 19 10043 33 10089 8 10101 8 10115 74 10201 18 10250 19 10299 32 10344 9 10357 8 10371 72 10457 18 10505 19 10556 27 10593 16 10613 4 10626 71 10713 18 10759 21 10813 19 10849 16 10869 2 10882 70 10969 18 11013 22 11070 15 11104 17 11138 69 11225 16 11269 22 11326 13 11359 18 11395 68 11481 15 11524 23 11583 10 11615 22 11651 65 11738 12 11780 24 11839 10 11871 22 11913 58 11995 11 12035 27 12094 10 12126 23 12171 53 12251 11 12290 29 12349 10 12381 24 12427 52 12507 11 12546 31 12605 8 12637 24 12685 42 12732 1 12763 11 12802 32 12861 7 12888 29 12941 6 12951 32 13019 11 13058 14 13076 15 13117 3 13143 22 13168 5 13198 2 13208 29 13276 10 13315 12 13332 15 13373 3 13398 21 13423 6 13464 30 13533 9 13588 17 13629 3 13654 21 13679 7 13720 30 13790 7 13844 17 13885 3 13910 20 13935 7 13976 30 14047 2 14100 17 14142 1 14166 19 14192 5 14232 30 14356 18 14422 19 14448 5 14488 30 14613 18 14678 10 14690 7 14707 1 14744 30 14870 17 14935 9 14946 7 15000 29 15127 16 15193 8 15203 6 15256 29 15384 15 15450 15 15512 28 15644 11 15708 13 15769 25 15901 10 15965 12 16025 20 16160 5 16218 6 16228 5 16281 20 16438 1 16445 2 16473 6 16485 4 16538 19 16701 2 16727 8 16795 18 16983 8 17051 18 17238 9 17307 18 17495 7 17565 16 17751 6 17824 9 18007 6 18264 5 18389 3 18441 4 18521 3 18644 6 18696 6 18739 2 18899 9 18952 6 18994 3 19155 10 19208 6 19249 4 19296 5 19410 14 19466 2 19507 1 19552 5 19665 17 19793 8 19807 8 19830 1 19921 18 20049 9 20063 8 20085 3 20176 20 20305 9 20319 8 20339 7 20425 27 20561 9 20576 7 20594 9 20680 28 20819 6 20833 6 20849 10 20935 29 21075 6 21089 4 21105 10 21191 29 21267 6 21333 3 21353 4 21359 12 21446 29 21480 3 21522 7 21590 1 21609 4 21615 12 21702 30 21734 5 21771 2 21775 12 21866 3 21871 12 21958 39 22023 20 22123 2 22127 11 22214 39 22275 25 22379 14 22471 27 22499 11 22531 26 22635 12 22727 27 22755 12 22785 30 22883 4 22890 12 22983 41 23041 31 23139 6 23146 12 23239 43 23296 34 23393 20 23496 44 23552 34 23649 20 23752 45 23808 35 23907 4 23914 11 24008 47 24064 35 24163 2 24171 10 24265 46 24320 35 24427 8 24521 46 24576 35 24683 8 24727 4 24777 47 24832 35 24939 6 24981 8 25033 47 25088 34 25195 6 25218 5 25236 10 25289 46 25344 34 25452 5 25471 11 25490 13 25545 46 25600 34 25709 3 25727 12 25746 13 25800 47 25856 35 25983 13 26003 22 26049 54 26112 35 26239 13 26259 22 26305 54 26364 40 26493 14 26515 24 26561 100 26748 15 26771 24 26816 101 27001 18 27027 24 27072 101 27257 17 27283 25 27328 102 27513 16 27537 27 27585 6 27593 94 27770 15 27793 27 27841 5 27850 93 27985 3 28027 13 28047 29 28107 92 28240 5 28284 11 28303 29 28365 91 28483 1 28495 7 28540 11 28557 30 28622 91 28736 7 28750 9 28796 11 28812 18 28831 12 28879 92 28991 26 29051 12 29066 20 29087 10 29137 92 29247 28 29306 35 29344 9 29394 91 29501 32 29536 2 29556 41 29602 6 29653 89 29756 33 29791 4 29811 43 29858 5 29909 90 30006 55 30065 46 30115 2 30166 201 30423 201 30679 202 30935 202 31191 202 31446 202 31702 202 31957 202 32213 202 32469 203 32726 203 32983 41 33025 161 33240 40 33282 161 33455 4 33484 2 33497 39 33541 159 33709 8 33739 5 33755 37 33797 160 33965 9 33995 5 34012 36 34053 161 34221 14 34251 4 34269 35 34309 161 34477 14 34508 3 34526 34 34565 24 34591 136 34731 17 34784 32 34821 24 34849 134 34987 17 35009 2 35041 31 35076 25 35105 155 35263 10 35301 27 35333 24 35362 154 35519 12 35557 27 35589 24 35618 154 35775 13 35815 25 35845 24 35875 153 36031 14 36072 24 36101 22 36131 171 36329 23 36358 19 36387 172 36585 8 36600 8 36615 16 36642 186 36841 8 36858 6 36872 15 36898 187 37096 9 37117 3 37133 10 37153 189 37352 9 37393 6 37409 189 37607 11 37653 4 37665 190 37861 14 37908 7 37921 190 38114 1 38117 14 38161 204 38371 17 38416 204 38627 18 38671 204 38883 18 38926 205 39139 18 39181 100 39284 1 39287 100 39395 18 39437 100 39545 98 39651 18 39693 100 39803 90 39894 6 39907 19 39949 100 40060 88 40151 6 40163 19 40204 101 40315 89 40405 9 40419 19 40460 102 40571 100 40677 4 40687 7 40715 103 40827 82 40915 16 40948 5 40969 105 41082 82 41171 17 41204 7 41222 108 41338 82 41427 18 41460 9 41477 106 41594 82 41683 18 41716 9 41733 98 41850 42 41893 38 41940 17 41972 10 41989 97 42106 41 42149 38 42197 16 42228 10 42245 64 42311 29 42362 40 42406 36 42455 15 42479 14 42501 64 42568 27 42618 39 42662 35 42711 15 42733 16 42757 57 42815 5 42826 24 42874 35 42918 33 42967 15 42988 14 43012 57 43074 3 43082 23 43129 34 43173 33 43223 15 43244 12 43268 56 43331 3 43338 23 43385 32 43429 29 43479 15 43499 12 43524 57 43587 5 43593 24 43635 38 43685 29 43735 15 43754 13 43779 96 43889 40 43940 29 43990 17 44008 19 44035 96 44144 41 44196 29 44246 39 44291 98 44400 40 44452 31 44503 39 44547 99 44656 39 44709 30 44759 26 44789 10 44803 99 44912 38 44965 30 45015 24 45045 10 45059 99 45167 38 45221 30 45271 24 45302 10 45315 98 45423 31 45478 30 45527 24 45558 10 45571 98 45679 30 45734 29 45783 24 45814 10 45827 92 45937 27 45991 28 46039 24 46071 8 46083 91 46193 27 46247 28 46294 25 46328 7 46339 90 46451 24 46503 28 46550 24 46584 5 46596 89 46708 23 46760 27 46805 24 46841 4 46853 90 46965 22 47017 26 47061 22 47097 3 47110 93 47221 22 47273 26 47317 22 47353 2 47367 96 47477 20 47529 23 47573 22 47599 8 47610 1 47624 97 47734 19 47785 21 47829 22 47854 9 47881 98 47991 16 48041 19 48086 21 48109 11 48138 97 48247 16 48297 19 48342 21 48365 11 48383 1 48396 99 48503 15 48552 20 48598 20 48621 12 48639 1 48653 99 48759 14 48808 20 48854 20 48877 12 48895 1 48911 98 49016 13 49063 20 49110 20 49133 13 49151 1 49167 99 49272 12 49319 20 49367 19 49389 13 49424 99 49529 9 49575 20 49623 19 49644 15 49680 99 49785 8 49832 18 49879 19 49900 15 49935 100 50089 16 50137 17 50155 15 50191 100 50351 9 50394 16 50411 15 50449 98 50609 5 50651 30 50706 97 50865 4 50908 29 50963 96 51165 28 51219 97 51421 28 51474 99 51679 8 51689 16 51729 100 51935 8 51945 16 51972 7 51985 101 52177 2 52192 5 52203 12 52227 8 52240 103 52433 2 52449 4 52461 9 52482 9 52495 105 52689 2 52720 4 52735 1 52737 10 52751 106 52945 2 52991 1 52993 10 53006 46 53059 55 53246 2 53249 10 53262 47 53313 57 53502 12 53519 108 53653 5 53759 11 53775 108 53909 6 53919 4 54015 1 54018 121 54163 18 54275 120 54418 19 54533 40 54575 76 54674 21 54790 39 54832 75 54929 22 55047 38 55089 74 55185 23 55282 7 55303 38 55345 74 55441 23 55537 9 55559 38 55600 74 55689 4 55698 22 55791 17 55815 36 55855 74 55944 5 55955 21 56045 19 56071 36 56111 74 56200 5 56211 20 56297 23 56327 36 56367 74 56456 5 56467 20 56552 24 56583 35 56623 73 56711 6 56723 19 56808 24 56839 35 56879 72 56967 6 56978 19 57065 23 57095 35 57135 71 57224 5 57233 19 57255 4 57321 23 57351 36 57391 71 57480 4 57488 29 57578 22 57607 36 57647 71 57743 31 57836 20 57862 37 57903 71 57999 32 58093 19 58117 38 58159 74 58255 32 58350 9 58362 6 58373 38 58415 76 58511 32 58607 7 58620 4 58629 38 58672 78 58766 33 58866 1 58879 1 58885 37 58929 78 59022 34 59141 8 59151 26 59185 79 59278 35 59397 8 59407 26 59443 78 59533 36 59653 8 59667 21 59704 11 59716 62 59788 37 59909 8 59924 20 59961 9 59974 60 60043 39 60165 8 60186 13 60231 60 60298 41 60411 5 60422 7 60443 10 60487 60 60554 41 60666 6 60680 4 60701 7 60747 56 60810 42 60919 9 60958 5 61005 54 61066 43 61172 12 61263 52 61321 45 61427 12 61520 51 61577 46 61682 13 61698 2 61777 52 61831 48 61937 14 61953 3 62033 102 62193 13 62209 2 62291 102 62448 11 62464 3 62547 102 62703 10 62720 3 62805 100 62925 3 62959 10 62976 3 63061 100 63181 4 63215 10 63232 3 63319 98 63436 5 63470 11 63488 4 63575 98 63691 6 63725 12 63744 6 63754 1 63839 88 63947 7 63980 15 64000 12 64096 86 64203 7 64236 16 64256 15 64344 3 64356 81 64459 8 64492 16 64512 16 64599 4 64613 80 64716 7 64748 16 64768 17 64855 5 64869 79 64973 7 65004 17 65024 17 65111 5 65125 85 65229 7 65260 17 65280 18 65367 6 65380 89 65485 7 65517 17
544420,0 65536
548413,0 65536
562305, 
563581,0 4449 4450 255 4710 250 4968 247 5224 247 5479 248 5735 246 5991 245 6246 245 6501 245 6757 244 7014 245 7270 247 7527 247 7783 247 8037 250 8293 250 8549 250 8804 253 9058 17833 26894 253 27150 250 27405 250 27661 249 27918 247 28174 247 28429 248 28685 248 28940 249 29195 250 29449 252 29705 6085 35792 252 36049 250 36305 249 36562 5 36568 242 36820 1 36825 242 37082 242 37339 242 37595 244 37847 2 37850 247 38103 2 38106 246 38362 246 38618 246 38875 244 39132 243 39389 242 39644 242 39899 242 40154 244 40409 246 40665 36 40704 205 40921 36 40960 204 41176 37 41216 203 41430 38 41471 204 41683 248 41937 250 42193 40 42235 209 42447 43 42491 255 42747 6248 48997 253 49254 251 49511 251 49767 659 50427 250 50683 247 50939 246 51196 245 51452 248 51708 249 51963 1614 53579 253 53836 252 54090 5737 59835 33 59869 214 60093 26 60127 212 60345 2 60349 26 60383 212 60601 2 60605 26 60639 248 60896 246 61152 246 61409 245 61664 233 61899 12 61914 5 61920 232 62155 4 62160 7 62169 234 62411 5 62419 12 62433 226 62668 4 62676 10 62689 226 62933 8 62946 225 63189 8 63203 224 63445 7 63460 224 63701 8 63715 227 63956 181 64139 60 64211 248 64464 252 64719 817
563999,0 8 80 9 127 40 196 1 205 58 337 14 381 42 463 54 595 13 637 42 719 54 852 14 891 45 976 53 1108 15 1132 9 1145 47 1232 55 1364 15 1385 64 1489 40 1531 12 1620 15 1641 63 1745 40 1788 10 1875 17 1896 63 2003 36 2046 7 2131 18 2151 63 2259 36 2303 5 2385 85 2515 35 2560 3 2641 84 2761 4 2771 34 2816 2 2897 84 3014 9 3027 34 3072 6 3089 3 3153 84 3269 11 3283 34 3329 8 3343 6 3409 85 3524 49 3584 10 3597 8 3665 85 3779 50 3840 21 3885 6 3920 86 4034 52 4096 22 4141 6 4176 86 4289 53 4352 22 4391 14 4432 87 4543 56 4608 22 4645 16 4687 88 4799 56 4864 22 4897 21 4943 94 5053 58 5120 21 5151 24 5199 96 5299 4 5309 58 5376 20 5403 28 5456 167 5632 20 5659 28 5712 167 5888 20 5914 28 5969 166 6144 19 6170 27 6225 166 6400 19 6427 25 6481 166 6656 20 6685 22 6737 165 6912 21 6942 21 6993 164 7168 23 7197 22 7249 165 7424 51 7506 164 7680 51 7762 164 7936 52 8020 163 8192 53 8277 162 8448 53 8534 162 8704 54 8791 161 8960 54 9027 2 9049 160 9216 54 9283 4 9305 160 9472 55 9538 6 9561 160 9728 55 9794 6 9817 160 9984 55 10051 6 10073 160 10240 55 10307 10 10329 160 10496 55 10565 9 10585 159 10752 54 10821 9 10840 159 11008 54 11077 9 11095 160 11264 53 11333 10 11347 163 11520 53 11589 176 11776 53 11845 176 12032 53 12101 175 12288 53 12356 10 12367 165 12544 53 12613 6 12623 165 12800 53 12869 4 12880 9 12893 150 13056 54 13139 1 13152 147 13312 54 13374 4 13409 146 13568 56 13629 6 13666 135 13824 58 13884 7 13922 133 14080 69 14179 130 14336 69 14435 130 14592 71 14691 129 14848 73 14947 128 15104 21 15129 50 15202 128 15360 21 15385 50 15458 127 15616 22 15644 47 15713 124 15872 22 15901 46 15966 1 15969 122 16128 15 16146 5 16155 48 16219 127 16384 15 16402 5 16410 49 16475 126 16640 14 16666 49 16730 127 16896 13 16921 50 16986 127 17152 13 17177 50 17241 128 17408 13 17433 50 17497 128 17664 13 17690 47 17753 129 17920 13 17946 47 18009 129 18176 14 18203 44 18265 130 18428 19 18459 44 18521 130 18683 20 18716 42 18768 2 18778 129 18939 18 18960 1 18972 43 19024 3 19034 130 19195 18 19215 4 19230 42 19280 4 19290 130 19450 19 19472 3 19486 43 19536 3 19546 130 19706 17 19741 46 19802 131 19963 16 19991 2 19996 47 20058 131 20219 14 20247 52 20314 15 20330 115 20476 12 20503 52 20569 16 20587 113 20733 9 20759 52 20824 15 20845 4 20853 103 20989 8 21015 54 21079 15 21101 3 21109 102 21241 11 21271 78 21358 1 21365 102 21493 14 21527 78 21614 1 21621 102 21749 12 21783 77 21877 101 22003 14 22039 74 22134 100 22259 13 22295 77 22391 98 22515 13 22551 77 22647 98 22771 13 22807 77 22903 98 23026 14 23062 78 23159 97 23282 14 23312 84 23414 97 23538 14 23567 86 23669 98 23794 14 23821 90 23923 100 24050 14 24077 91 24179 100 24306 14 24332 92 24435 104 24562 14 24588 92 24692 105 24818 14 24844 92 24948 106 25073 15 25100 93 25205 106 25329 16 25357 92 25461 106 25585 16 25613 93 25717 108 25840 17 25869 94 25973 110 26096 18 26124 96 26229 110 26351 20 26377 100 26487 109 26605 23 26633 100 26743 109 26860 131 27000 108 27115 132 27255 108 27372 133 27511 93 27607 11 27629 132 27767 93 27864 9 27886 133 28024 93 28121 2 28146 130 28280 94 28403 130 28535 62 28600 33 28659 131 28791 62 28856 33 28915 230 29171 230 29427 230 29683 230 29939 231 30175 4 30196 232 30429 8 30453 241 30709 140 30850 100 30966 136 31109 98 31223 135 31365 98 31481 133 31621 98 31738 131 31877 99 31995 128 32133 99 32256 110 32369 10 32391 97 32512 109 32629 4 32646 101 32768 108 32885 3 32902 101 33024 105 33142 1 33158 102 33280 105 33415 37 33454 63 33536 105 33671 9 33685 20 33713 61 33792 105 33928 7 33943 18 33969 61 34048 104 34185 4 34201 16 34226 17 34245 42 34304 103 34457 15 34482 15 34502 41 34560 102 34715 12 34739 14 34758 42 34816 101 34971 10 34997 12 35014 43 35072 98 35228 5 35253 12 35271 48 35328 97 35485 3 35509 11 35527 51 35584 95 35767 8 35783 56 35840 95 36023 7 36039 152 36295 151 36551 150 36761 4 36807 150 37008 3 37015 7 37063 150 37261 19 37319 152 37517 20 37558 3 37563 3 37574 155 37773 23 37813 14 37829 157 38029 23 38069 14 38085 158 38285 24 38324 15 38341 158 38541 24 38580 15 38597 160 38796 34 38835 16 38853 160 39052 35 39091 17 39109 161 39307 220 39563 220 39797 8 39818 221 40052 9 40073 222 40307 12 40327 224 40562 13 40583 224 40817 18 40837 226 41072 248 41326 251 41578 858 42437 254 42697 248 42955 41 42999 202 43211 40 43257 200 43468 35 43520 193 43724 35 43776 193 43980 33 44032 193 44235 34 44288 194 44492 33 44544 195 44748 32 44800 195 45005 31 45047 8 45056 195 45260 31 45301 207 45516 31 45555 208 45772 31 45809 210 46027 248 46283 249 46539 249 46795 249 47050 250 47306 250 47562 250 47818 249 48075 248 48331 248 48586 249 48842 248 49097 249 49352 251 49607 252 49863 2487 52354 250 52613 247 52871 246 53129 246 53385 246 53641 246 53897 246 54153 247 54410 107 54520 136 54665 107 54777 136 54921 107 55033 136 55176 3 55187 97 55289 136 55432 3 55443 98 55545 136 55687 4 55699 98 55802 135 55944 3 55955 100 56058 135 56211 237 56468 235 56725 234 56981 233 57237 233 57492 233 57745 236 58000 237 58249 244 58505 244 58759 246 59015 247 59267 1572 60840 255 61096 1796 62893 255 63149 255 63405 2131
565798,3851 2 4106 4 21908 1 22163 3 22419 2 22675 2 22903 4 22931 2 23159 5 23187 2 23415 12 23441 4 23671 12 23697 3 23885 2 23928 10 23951 5 24140 3 24184 10 24207 4 24397 2 24440 10 24462 5 24653 2 24696 10 24718 5 24910 1 24953 10 24974 4 25166 1 25209 13 25230 3 25465 18 25721 18 25977 20 26220 3 26232 21 26475 4 26488 21 26730 5 26744 21 26985 6 27000 22 27240 7 27255 24 27495 8 27511 25 27729 1 27751 7 27767 25 27983 7 28006 8 28022 25 28222 3 28239 8 28262 8 28277 25 28475 8 28494 11 28512 3 28518 8 28533 24 28731 9 28749 12 28768 15 28789 22 28985 13 29004 14 29023 17 29043 24 29241 18 29260 15 29279 44 29475 1 29496 83 29731 1 29751 84 30005 86 30261 57 30319 28 30515 87 30771 26 30799 58 31025 26 31055 58 31280 27 31312 57 31527 4 31533 30 31570 17 31588 35 31783 36 31826 16 31845 34 32039 37 32081 16 32103 15 32120 15 32297 56 32360 13 32377 13 32553 56 32617 12 32633 13 32809 56 32873 12 32890 11 33064 58 33129 9 33320 59 33385 8 33575 74 33827 1 33831 73 34080 5 34087 72 34335 6 34343 70 34591 72 34847 72 35099 76 35356 9 35366 65 35613 6 35623 42 35667 20 35869 6 35879 42 35925 19 36127 3 36136 40 36183 20 36383 2 36393 39 36439 22 36651 37 36696 21 36907 18 36929 14 36952 20 37163 8 37186 13 37208 19 37419 7 37443 12 37464 20 37666 3 37674 5 37700 11 37720 21 37909 2 37922 3 37930 5 37956 11 37976 21 38163 4 38178 3 38187 1 38213 10 38232 5 38239 13 38419 4 38434 2 38469 10 38488 3 38496 12 38675 4 38726 9 38743 4 38752 10 38931 4 38983 8 38998 5 39008 9 39188 3 39239 8 39254 5 39261 3 39443 4 39496 5 39511 4 39517 3 39699 5 39771 4 39955 5 40027 4 41431 2 41453 3 41460 1 41687 2 41709 5 41715 3 41941 6 41959 1 41965 9 42196 7 42214 3 42222 8 42452 8 42469 5 42480 5 42708 8 42725 6 42737 2 42964 9 42980 7 43221 9 43235 9 43477 10 43491 12 43733 10 43747 13 43984 15 44003 13 44239 6 44248 7 44259 13 44492 9 44505 22 44747 10 44761 22 44889 4 45002 12 45018 1 45021 18 45145 4 45252 1 45258 12 45277 18 45312 3 45386 5 45401 6 45503 24 45533 17 45568 1 45642 5 45657 6 45759 24 45789 16 45883 3 45898 5 45914 4 46012 27 46043 11 46139 3 46154 5 46171 2 46268 41 46411 6 46427 4 46524 41 46667 6 46683 5 46780 9 46793 28 46924 7 46939 8 46948 6 47036 7 47049 28 47180 7 47196 13 47291 7 47305 28 47437 7 47453 9 47547 4 47561 29 47691 9 47709 9 47802 5 47817 30 47947 8 47966 7 48051 4 48056 6 48069 34 48202 9 48223 6 48306 12 48325 34 48457 10 48479 6 48559 15 48579 36 48713 10 48735 6 48814 16 48835 37 48969 11 48991 5 49069 16 49091 38 49224 12 49247 4 49325 16 49347 38 49473 10 49484 7 49504 1 49521 1 49582 15 49602 40 49731 8 49740 7 49777 3 49837 16 49858 40 49989 12 50009 4 50034 3 50089 19 50115 39 50245 12 50264 6 50290 3 50344 20 50371 38 50503 8 50518 8 50547 3 50601 18 50626 39 50761 6 50773 10 50803 3 50858 13 50881 40 51019 4 51029 10 51115 13 51137 39 51276 3 51283 12 51370 15 51392 40 51533 3 51538 13 51624 18 51647 42 51789 3 51793 14 51881 18 51903 44 52046 2 52049 14 52083 2 52140 1 52147 58 52302 2 52305 14 52339 3 52403 58 52560 16 52582 1 52593 6 52663 45 52709 8 52816 23 52848 7 52919 45 52965 8 53073 22 53104 7 53175 1 53181 36 53223 4 53329 24 53360 7 53438 35 53585 7 53593 18 53617 6 53695 32 53842 6 53850 17 53874 5 53952 30 54098 5 54107 20 54208 28 54354 5 54364 20 54464 27 54610 5 54621 18 54720 19 54865 6 54877 18 54977 16 55121 6 55133 18 55233 10 55377 2 55381 2 55389 18 55489 10 55631 4 55638 1 55647 16 55670 3 55745 2 55752 3 55886 5 55893 3 55903 16 55926 3 56001 2 56009 2 56141 5 56149 3 56159 17 56181 4 56265 2 56397 4 56404 5 56415 18 56437 4 56521 2 56652 38 56693 5 56908 39 56949 5 57164 39 57205 5 57420 39 57460 7 57676 36 57716 7 57932 36 57971 8 58187 36 58226 8 58443 35 58481 9 58699 35 58735 10 58833 1 58956 4 58965 36 59087 4 59213 2 59221 36 59342 5 59469 3 59477 36 59598 4 59726 3 59734 34 59853 4 59982 3 59991 32 60109 3 60238 1 60245 34 60501 6 60508 27 60757 34 61014 32 61271 30 61527 29 61785 26 62042 7 62051 16 62299 24 62555 24 62811 24 63059 1 63068 23 63313 4 63325 22 63570 3 63581 22 63827 1 63837 23 64093 24 64355 20 64611 22 64867 24 65123 25 65379 27
566885,147 109 398 114 653 115 904 120 1155 114 1273 7 1407 81 1491 34 1532 4 1661 84 1746 37 1785 7 1913 135 2168 136 2423 137 2679 137 2935 137 3187 141 3440 144 3694 146 3942 154 4197 155 4449 159 4703 161 4949 171 5205 171 5453 179 5707 181 5961 183 6214 186 6469 187 6725 187 6974 194 7229 195 7481 199 7731 205 7985 207 8240 208 8496 208 8753 207 9009 207 9257 4 9267 205 9511 6 9533 195 9767 6 9788 196 10023 7 10043 197 10279 7 10298 198 10535 7 10553 199 10792 6 10809 199 11050 3 11065 199 11307 4 11320 200 11563 9 11575 201 11818 214 12071 217 12327 217 12582 218 12837 219 13092 220 13347 221 13599 225 13854 226 14109 227 14365 227 14621 227 14877 227 15117 6 15133 228 15373 6 15389 231 15628 8 15645 232 15884 9 15901 250 16156 251 16411 18404 34816 255 35072 247 35321 5 35328 247 35578 1 35584 247 35840 247 36096 247 36357 242 36615 239 36871 238 37129 235 37385 235 37642 54 37697 176 37898 53 37955 173 38155 42 38199 5 38212 170 38412 39 38456 2 38469 165 38669 38 38725 164 38925 37 38981 162 39183 35 39237 160 39440 34 39494 157 39699 32 39734 4 39750 152 39956 31 39989 5 40006 151 40214 29 40244 5 40259 154 40471 32 40515 153 40727 32 40770 153 40983 32 41026 153 41239 33 41281 153 41495 34 41537 152 41753 33 41792 153 42009 34 42048 153 42267 190 42525 188 42783 187 43041 185 43298 184 43554 184 43811 182 44025 3 44067 182 44280 5 44323 182 44530 14 44580 180 44785 15 44837 176 45041 15 45094 175 45297 15 45351 170 45552 16 45607 172 45808 16 45863 178 46062 18 46119 80 46209 88 46316 20 46377 31 46419 32 46465 90 46569 23 46633 30 46676 30 46721 91 46825 23 46891 22 46933 28 46977 23 47002 68 47079 25 47149 19 47189 27 47234 21 47260 67 47333 27 47407 16 47445 26 47490 21 47518 98 47664 15 47702 25 47746 20 47775 3 47781 91 47923 11 47965 18 48002 17 48039 89 48181 8 48222 17 48258 17 48295 89 48481 13 48515 14 48552 31 48585 55 48738 11 48771 13 48809 30 48842 54 49001 3 49027 12 49065 29 49098 54 49285 9 49322 29 49353 55 49545 4 49579 85 49817 4 49835 85 50071 8 50091 85 50326 9 50347 24 50373 59 50574 19 50604 21 50631 57 50830 19 50860 20 50888 56 51085 22 51119 15 51144 56 51341 22 51372 1 51376 13 51400 56 51597 24 51625 4 51656 56 51853 25 51880 5 51912 56 52108 33 52168 56 52363 33 52424 56 52619 32 52678 58 52874 33 52933 59 53130 32 53188 60 53385 36 53443 61 53641 39 53699 61 53897 40 53955 61 54152 43 54210 62 54408 43 54466 62 54665 43 54721 63 54921 43 54976 64 55177 44 55231 65 55434 43 55487 65 55692 42 55742 66 55949 41 55997 67 56206 41 56253 67 56463 40 56509 67 56719 42 56765 67 56976 34 57013 5 57021 67 57233 32 57269 75 57489 32 57524 76 57745 30 57779 77 58002 29 58035 77 58259 27 58291 77 58506 6 58517 25 58547 77 58760 10 58773 26 58803 77 59007 2 59015 12 59029 26 59059 71 59133 3 59260 53 59317 66 59391 1 59515 56 59573 66 59768 125 60023 126 60277 127 60532 127 60785 130 61040 131 61293 134 61549 134 61803 136 62058 137 62313 137 62568 138 62823 138 63079 138 63334 137 63589 138 63844 138 64100 138 64355 139 64611 139 64856 3 64865 141 65111 5 65121 141 65367 152 65522 3
567096,0 65536
567220, 
567636,0 8 25 66 256 9 278 69 349 4 512 10 533 69 605 5 768 13 787 80 1024 99 1280 99 1536 100 1711 2 1792 101 1963 9 2048 101 2217 12 2265 1 2304 101 2470 16 2521 1 2560 101 2725 18 2777 1 2816 102 2947 10 2980 19 3072 103 3203 10 3236 19 3328 103 3457 14 3491 22 3584 103 3713 14 3747 22 3840 103 3968 17 4004 21 4096 103 4224 17 4260 22 4352 102 4477 22 4515 26 4608 101 4729 26 4771 27 4864 101 4985 26 5027 28 5120 101 5240 27 5283 28 5376 60 5438 41 5495 28 5539 29 5632 59 5692 43 5750 29 5795 29 5888 104 6005 31 6051 28 6144 104 6261 31 6307 28 6400 104 6516 32 6563 26 6656 104 6771 33 6819 25 6912 104 7027 34 7075 23 7168 104 7282 35 7331 22 7424 103 7537 37 7587 21 7680 103 7793 38 7843 20 7936 101 8048 41 8099 20 8192 101 8304 41 8356 18 8448 99 8560 42 8612 16 8704 98 8816 43 8869 14 8966 90 9072 43 9125 13 9223 89 9328 43 9381 12 9472 1 9479 87 9584 42 9638 10 9728 2 9735 87 9840 41 9895 8 9984 5 9991 87 10097 40 10151 7 10240 5 10247 87 10353 39 10408 5 10496 95 10611 36 10665 3 10752 48 10803 45 10867 36 10921 2 11008 45 11060 45 11124 34 11185 4 11264 45 11316 45 11380 34 11443 2 11520 45 11573 45 11636 37 11700 1 11776 45 11829 45 11893 37 12032 44 12085 45 12149 37 12288 44 12342 43 12405 38 12544 43 12598 42 12662 36 12800 43 12855 40 12919 35 13056 43 13111 28 13147 1 13176 33 13312 42 13367 28 13432 33 13568 41 13625 25 13692 28 13824 40 13884 15 13900 5 13949 26 14081 38 14145 8 14207 7 14218 11 14339 36 14403 4 14475 9 14595 35 14688 3 14731 10 14848 1 14851 34 14942 9 14988 9 15104 37 15197 13 15231 2 15247 9 15263 6 15360 37 15439 2 15453 15 15483 8 15503 10 15518 9 15616 8 15625 27 15693 6 15709 18 15734 15 15758 29 15872 7 15881 27 15948 7 15965 20 15989 16 16013 31 16128 5 16137 16 16157 6 16205 6 16221 42 16268 33 16384 5 16393 15 16413 6 16461 6 16477 42 16524 34 16640 5 16649 14 16672 1 16717 5 16734 80 16896 4 16905 14 16973 4 16991 80 17152 3 17161 12 17250 77 17408 3 17417 12 17507 76 17664 1 17673 9 17766 74 17929 8 18023 74 18186 4 18281 71 18442 3 18537 71 18794 28 18823 11 18839 25 19050 28 19079 10 19095 24 19306 28 19336 7 19351 24 19562 28 19593 5 19607 24 19817 30 19864 22 20073 30 20120 22 20329 29 20378 19 20585 28 20635 18 20810 5 20839 28 20893 15 21064 7 21094 29 21149 15 21317 12 21349 28 21407 12 21572 13 21605 28 21663 13 21823 18 21843 4 21861 26 21919 16 22077 27 22117 26 22175 16 22325 36 22371 28 22431 18 22579 38 22627 27 22687 19 22831 43 22883 26 22943 21 23087 43 23138 25 23199 23 23343 44 23394 22 23447 2 23456 29 23597 46 23650 21 23712 29 23852 49 23907 19 23969 29 24107 50 24163 19 24226 28 24363 51 24420 18 24483 28 24618 52 24677 17 24740 29 24874 53 24933 16 24997 30 25129 54 25189 16 25252 32 25385 54 25447 14 25507 34 25641 54 25704 12 25763 35 25898 53 25962 9 26019 37 26154 53 26219 8 26275 38 26411 51 26477 4 26530 41 26667 51 26785 42 26923 50 27038 45 27157 1 27179 50 27293 46 27411 6 27435 50 27547 47 27667 6 27690 51 27804 46 27904 1 27923 7 27945 52 28061 4 28071 34 28160 1 28179 7 28200 53 28328 33 28416 1 28435 6 28456 52 28585 32 28672 2 28692 4 28712 51 28842 31 28928 2 28968 51 29070 1 29101 28 29184 1 29225 49 29324 5 29357 28 29440 1 29483 8 29497 32 29576 11 29591 6 29615 26 29740 6 29753 32 29832 23 29872 25 30009 30 30087 28 30131 21 30265 30 30343 29 30389 19 30522 28 30599 28 30647 16 30778 28 30854 29 30904 15 31035 27 31109 30 31161 12 31291 27 31365 30 31418 11 31551 22 31615 36 31675 8 31812 17 31870 37 31931 8 32071 12 32124 39 32188 6 32328 11 32379 41 32444 5 32585 8 32635 42 32731 5 32843 4 32891 42 32986 6 33146 44 33241 8 33402 45 33497 8 33657 47 33755 6 33913 47 34011 6 34168 50 34268 5 34281 2 34423 52 34525 4 34536 5 34678 54 34781 16 34933 56 35036 18 35189 58 35291 19 35443 60 35546 21 35697 63 35801 22 35953 63 36057 22 36208 64 36311 22 36464 64 36567 22 36720 64 36823 20 36976 64 37079 20 37232 63 37335 18 37488 63 37592 16 37743 64 37849 11 37998 65 38105 8 38253 66 38416 5 38458 5 38509 66 38671 7 38713 8 38765 66 38927 8 38968 11 39022 65 39183 8 39223 14 39279 65 39439 9 39479 14 39535 66 39695 10 39735 14 39791 37 39831 7 39842 15 39929 2 39951 10 39991 14 40047 37 40088 5 40098 15 40184 4 40208 9 40247 13 40304 36 40345 1 40355 14 40439 9 40464 10 40503 13 40560 35 40613 12 40692 12 40721 8 40759 12 40817 34 40869 12 40923 7 40947 13 40977 8 41016 11 41037 2 41073 34 41113 1 41126 11 41173 14 41190 5 41202 14 41236 3 41275 7 41291 9 41330 33 41368 3 41384 9 41427 45 41492 3 41546 11 41587 31 41623 4 41640 9 41681 47 41749 2 41800 15 41843 30 41879 5 41896 7 41933 51 42005 2 42055 17 42100 29 42134 7 42151 8 42189 51 42309 19 42356 29 42390 7 42443 53 42565 19 42612 28 42645 8 42699 53 42820 20 42868 28 42901 8 42955 53 43077 18 43125 27 43157 7 43211 53 43333 14 43381 28 43412 8 43467 53 43589 13 43637 28 43667 9 43723 53 43800 1 43845 12 43895 36 43981 51 44050 8 44101 11 44151 36 44237 51 44303 12 44357 11 44407 36 44495 49 44559 13 44613 11 44664 28 44693 5 44751 49 44814 15 44869 11 44920 27 45008 48 45070 15 45125 11 45177 26 45264 48 45325 16 45365 3 45381 11 45434 23 45521 47 45581 16 45619 6 45637 10 45690 23 45777 47 45838 14 45873 10 45893 10 45947 20 46033 47 46095 13 46129 10 46150 8 46203 18 46289 47 46350 1 46355 8 46384 12 46408 4 46443 7 46459 16 46547 45 46605 2 46613 5 46640 13 46695 12 46716 15 46803 45 46861 3 46869 5 46897 12 46949 16 46973 11 47060 44 47116 6 47124 7 47153 12 47204 17 47230 9 47317 43 47370 19 47409 14 47459 18 47574 42 47626 20 47665 14 47714 19 47831 41 47881 23 47917 18 47969 20 48087 32 48120 8 48135 26 48171 20 48225 20 48343 31 48377 7 48391 26 48425 22 48481 20 48600 29 48635 5 48647 27 48681 15 48697 5 48736 21 48856 28 48891 5 48902 29 48936 13 48991 21 49111 28 49147 5 49158 29 49191 14 49244 23 49367 28 49404 4 49415 28 49446 15 49497 26 49623 26 49663 1 49671 46 49752 27 49879 25 49927 48 50007 29 50134 25 50183 48 50263 29 50390 25 50432 56 50519 28 50575 4 50647 23 50688 57 50775 28 50831 6 50903 22 50944 60 51031 28 51086 8 51160 19 51200 63 51288 26 51343 8 51416 17 51456 64 51545 24 51599 8 51675 6 51712 65 51803 20 51854 11 51870 1 51968 66 52061 17 52109 26 52224 67 52318 15 52363 30 52480 67 52575 13 52616 35 52736 67 52832 11 52870 37 52992 68 53090 7 53125 38 53248 68 53347 4 53381 38 53504 67 53637 39 53760 67 53893 39 53938 4 54016 67 54149 41 54191 8 54272 67 54405 51 54528 67 54659 54 54784 66 54915 54 55040 63 55170 55 55296 60 55426 55 55552 53 55681 56 55808 52 55937 56 56064 49 56192 57 56320 47 56447 59 56576 46 56645 4 56703 59 56832 45 56900 7 56958 60 57089 44 57155 10 57173 2 57212 62 57347 42 57411 10 57428 4 57467 63 57605 39 57667 12 57683 6 57722 64 57863 37 57923 22 57977 65 58057 2 58121 34 58179 21 58231 67 58311 6 58378 21 58401 10 58435 21 58486 68 58567 6 58636 18 58659 7 58678 7 58690 21 58741 68 58821 8 58893 2 58899 10 58915 7 58933 34 58997 68 59077 8 59158 5 59172 5 59188 35 59252 53 59309 12 59332 9 59416 1 59429 3 59443 36 59508 52 59565 12 59587 10 59697 39 59764 51 59824 8 59843 10 59895 2 59952 41 60020 50 60081 5 60099 10 60149 6 60199 50 60277 47 60355 8 60403 13 60455 51 60533 46 60611 7 60659 13 60709 54 60789 20 60818 16 60912 16 60964 55 61045 18 61075 14 61167 17 61219 56 61302 16 61335 10 61421 19 61475 56 61559 14 61592 8 61677 19 61730 58 61816 11 61900 6 61933 19 61986 58 62073 10 62155 7 62189 19 62243 58 62331 6 62408 9 62445 19 62500 57 62588 3 62663 9 62701 19 62759 54 62919 8 62958 18 63015 54 63175 8 63214 18 63272 53 63431 8 63471 17 63528 53 63687 7 63727 17 63784 52 63905 9 63944 5 63983 17 64040 52 64159 12 64201 4 64239 17 64296 52 64413 14 64496 16 64552 51 64657 5 64667 16 64753 15 64809 50 64864 2 64912 27 65009 15 65065 58 65167 28 65265 15 65321 60 65420 31 65521 15
570211,0 65536
578073,487 1 743 8 998 11 1254 13 1451 2 1499 8 1509 16 1708 1 1755 9 1765 16 1836 3 2010 28 2091 5 2266 28 2346 6 2521 30 2602 6 2777 31 2857 8 3032 33 3113 8 3287 34 3369 8 3542 35 3625 8 3798 35 3882 7 4053 37 4139 6 4309 37 4564 39 4819 41 5075 41 5330 42 5585 43 5840 44 6095 44 6351 44 6577 1 6607 38 6833 2 6863 36 7089 2 7119 35 7345 2 7375 34 7600 3 7631 34 7855 4 7889 32 8111 3 8150 27 8367 3 8408 25 8666 23 8922 23 9179 21 9435 21 9691 21 9947 21 10026 5 10204 20 10281 6 10460 20 10537 6 10717 18 10795 4 10973 18 11229 17 11486 15 11742 14 11998 13 12255 11 12511 9 12767 7 13023 6 13217 4 13280 3 13472 6 13727 10 13983 12 14238 14 14494 15 14750 17 14773 2 15005 18 15027 5 15261 28 15321 4 15517 29 15575 6 15773 33 15828 9 16029 34 16083 11 16284 35 16338 11 16539 36 16593 12 16795 36 16849 12 17051 36 17105 12 17305 38 17360 12 17562 36 17616 12 17819 34 17872 11 18075 34 18129 10 18331 34 18385 8 18587 33 18845 30 19101 29 19343 7 19359 17 19597 11 19613 18 19851 35 20030 1 20107 34 20277 18 20362 31 20533 20 20617 31 20783 27 20872 32 21028 38 21127 33 21282 41 21382 34 21537 42 21637 35 21793 42 21893 35 22049 42 22149 36 22304 42 22405 36 22560 42 22662 35 22815 42 22918 35 23071 41 23174 34 23327 30 23360 6 23431 32 23583 28 23618 3 23687 32 23839 26 23943 30 24095 21 24199 26 24348 27 24457 22 24602 29 24714 20 24856 31 24972 10 24983 6 25112 32 25229 9 25368 33 25485 8 25624 33 25742 7 25879 34 25999 6 26135 34 26255 6 26393 30 26511 4 26649 30 26767 3 26907 26 27164 24 27421 18 27677 16 27934 11 28190 9 28448 3 29972 5 30227 7 30481 10 30736 13 30759 2 30868 1 30990 29 31123 2 31245 30 31500 30 31755 30 31993 2 32011 28 32249 4 32266 28 32505 6 32521 28 32761 5 32777 28 32907 2 33018 3 33032 28 33163 2 33288 27 33419 3 33544 27 33653 5 33676 3 33800 27 33909 6 33933 2 34056 27 34165 6 34313 26 34421 8 34569 26 34677 8 34825 26 34933 8 35082 25 35189 8 35339 23 35445 8 35595 21 35700 9 35851 21 35956 9 36107 21 36212 10 36363 21 36468 10 36619 20 36725 10 36874 21 36982 9 37131 20 37238 9 37387 20 37494 9 37644 17 37749 8 37900 17 38005 8 38159 11 38261 6 38516 7 38605 6 38772 7 38857 13 39028 7 39113 14 39284 6 39367 18 39541 4 39623 18 39797 3 39878 21 40053 2 40133 22 40389 23 40645 23 40901 24 41157 24 41413 24 41668 25 41923 25 42178 26 42433 26 42689 26 42945 25 43007 1 43113 3 43201 24 43262 2 43368 5 43457 22 43517 3 43623 6 43713 20 43771 5 43878 8 43971 17 44025 7 44133 9 44227 17 44279 9 44387 11 44485 16 44533 11 44643 11 44741 16 44789 11 44898 11 44998 16 45045 11 45154 11 45255 15 45300 12 45409 12 45511 15 45555 13 45665 12 45767 15 45811 13 45919 12 46023 15 46067 13 46175 12 46279 15 46323 13 46431 10 46535 14 46579 13 46687 10 46791 14 46834 14 46943 8 47047 12 47089 15 47199 8 47303 12 47345 15 47436 3 47455 7 47560 11 47585 3 47590 26 47691 4 47711 7 47816 11 47840 32 47946 5 47969 4 48073 9 48093 18 48113 15 48201 6 48227 2 48329 8 48349 18 48373 11 48458 5 48586 5 48604 17 48629 11 48715 4 48842 5 48859 18 48886 10 49099 3 49111 22 49142 10 49355 3 49367 22 49399 9 49611 4 49623 23 49656 8 49867 4 49879 24 49912 8 50123 5 50135 26 50169 7 50379 6 50391 26 50426 6 50636 4 50647 26 50683 5 50893 2 50902 27 51157 29 51411 32 51665 34 51921 34 52175 36 52430 36 52685 36 52940 37 53195 38 53451 38 53549 3 53707 37 53803 6 53963 37 54058 9 54219 36 54314 9 54446 4 54475 36 54569 10 54698 9 54731 33 54825 10 54950 13 54987 30 55081 11 55205 15 55243 28 55337 10 55417 4 55461 16 55500 27 55594 9 55673 6 55705 4 55715 20 55757 24 55849 10 55928 7 55960 5 55971 21 56011 26 56105 9 56184 7 56215 7 56225 24 56265 29 56361 8 56440 6 56470 37 56521 29 56615 10 56725 38 56775 32 56871 10 56981 38 57030 33 57127 9 57235 40 57285 36 57382 9 57491 40 57541 36 57637 8 57747 40 57796 37 57893 8 58003 40 58051 38 58259 40 58306 40 58347 2 58515 40 58561 45 58770 41 58815 47 59026 42 59071 47 59282 85 59368 7 59538 93 59795 91 60051 91 60307 87 60395 4 60564 86 60651 4 60819 34 60855 50 60908 3 61075 35 61111 50 61164 3 61330 35 61370 47 61421 2 61585 14 61600 20 61627 46 61841 13 61858 17 61883 46 62097 13 62114 16 62140 45 62352 15 62371 14 62394 49 62607 16 62627 12 62649 50 62863 17 62885 8 62905 50 63119 18 63142 5 63161 50 63318 3 63375 18 63417 50 63573 5 63631 19 63671 51 63828 7 63889 24 63926 51 64083 8 64145 24 64181 51 64293 2 64338 10 64403 22 64437 50 64547 6 64593 12 64660 22 64693 49 64801 10 64847 15 64917 21 64949 48 65057 10 65103 15 65173 21 65206 45 65312 13 65358 17 65431 19 65466 39
580255,44 18 65 90 299 18 323 88 555 18 579 28 611 56 811 17 836 26 869 54 1067 16 1093 24 1125 54 1323 16 1351 22 1381 55 1579 15 1607 22 1637 56 1837 12 1865 22 1893 58 2093 11 2121 22 2149 59 2350 9 2377 26 2404 61 2607 8 2633 88 2863 7 2889 88 3119 6 3145 88 3400 89 3657 88 3919 82 4102 4 4175 82 4359 2 4432 80 4534 5 4615 2 4688 79 4788 9 4946 77 5043 12 5207 72 5298 15 5466 70 5553 20 5723 70 5809 22 5985 64 6064 25 6241 64 6319 26 6496 65 6573 28 6750 68 6827 30 7004 71 7079 34 7258 72 7333 37 7507 78 7587 40 7762 79 7843 40 8017 77 8098 42 8192 2 8264 4 8272 77 8354 42 8448 4 8518 85 8610 43 8704 4 8773 85 8866 44 8960 5 9028 85 9122 45 9216 5 9283 86 9378 45 9472 5 9539 86 9634 47 9728 5 9794 87 9890 47 9984 5 10049 86 10145 50 10240 5 10305 84 10401 50 10496 5 10559 78 10656 51 10752 5 10814 73 10912 51 11008 5 11069 72 11167 52 11264 5 11325 72 11423 52 11520 5 11581 72 11679 52 11775 6 11837 72 11935 52 12030 7 12091 74 12191 52 12284 9 12347 74 12447 53 12539 10 12602 75 12703 53 12795 9 12858 75 12959 53 13051 8 13113 76 13216 53 13306 7 13369 76 13472 53 13562 6 13625 76 13729 52 13817 7 13881 76 13985 53 14073 7 14137 76 14241 55 14329 7 14393 76 14497 56 14585 7 14649 76 14752 57 14841 7 14905 76 15007 58 15097 7 15162 76 15261 61 15353 7 15418 76 15517 61 15609 7 15676 74 15771 63 15865 7 15933 73 16027 62 16121 7 16190 72 16283 62 16379 5 16447 71 16539 62 16635 5 16703 70 16795 61 16891 5 16959 70 17051 60 17147 6 17216 67 17308 59 17403 6 17472 67 17567 56 17657 9 17729 66 17826 53 17912 11 17986 64 18083 36 18120 15 18167 13 18244 3 18251 54 18341 34 18376 16 18423 13 18508 52 18602 29 18632 17 18679 14 18766 50 18861 25 18888 17 18935 14 19023 49 19118 23 19144 17 19192 12 19260 3 19282 46 19378 19 19401 15 19448 11 19517 2 19537 47 19635 17 19657 15 19705 7 19792 47 19895 12 19915 8 19961 7 20047 47 20153 10 20172 4 20217 7 20293 54 20352 5 20411 7 20474 6 20547 55 20608 5 20669 4 20730 6 20803 54 20864 6 20986 6 21058 55 21120 7 21242 6 21314 55 21376 7 21395 6 21498 6 21569 56 21633 6 21645 13 21754 6 21825 56 21891 4 21899 16 22012 4 22079 57 22147 3 22154 18 22269 3 22333 58 22404 25 22527 1 22589 56 22660 25 22840 61 22916 26 23093 64 23171 26 23348 66 23427 26 23603 67 23683 26 23859 68 23939 25 24115 68 24195 25 24370 70 24450 26 24481 2 24625 72 24706 26 24736 4 24880 73 24962 28 24991 6 25135 76 25217 29 25247 5 25391 111 25503 5 25647 116 25903 116 26159 115 26415 115 26670 115 26925 115 27179 117 27433 118 27689 118 27944 119 28200 118 28456 112 28713 110 28969 109 29225 109 29481 110 29737 111 29993 114 30173 4 30249 114 30427 7 30505 114 30681 10 30761 114 30936 12 31017 114 31191 13 31274 113 31446 15 31531 69 31603 39 31701 16 31788 67 31860 38 31957 16 32045 66 32124 29 32213 17 32301 66 32381 28 32469 18 32559 63 32637 27 32725 18 32816 62 32893 27 32981 18 33074 59 33150 25 33237 18 33331 58 33406 24 33493 18 33589 55 33663 20 33748 19 33845 54 33919 19 34003 20 34101 54 34175 16 34259 19 34357 54 34431 12 34515 19 34613 54 34687 10 34770 19 34869 54 34943 9 35026 19 35124 54 35199 8 35282 17 35302 3 35381 52 35456 6 35539 16 35559 2 35637 48 35797 14 35893 47 36054 13 36163 32 36312 10 36420 31 36568 10 36677 30 36825 8 36937 25 37081 8 37199 18 37337 8 37455 17 37594 6 37714 13 37851 4 37971 11 38990 3 39245 5 39501 5 39757 5 40013 4 43264 1 43520 5 43776 7 44032 7 44288 9 44544 9 44800 9 45056 8 45313 5 45571 1
580290,0 65536
584567,0 43 221 77 477 76 734 75 862 1 990 74 1104 3 1246 73 1358 7 1375 3 1503 72 1597 3 1613 8 1632 2 1759 72 1851 10 1868 11 2014 73 2106 11 2123 13 2270 73 2360 15 2379 13 2526 66 2595 3 2615 16 2634 15 2782 67 2870 35 3038 70 3126 35 3293 72 3381 38 3548 73 3637 38 3803 74 3892 15 3911 20 3994 5 4059 74 4147 15 4168 20 4248 8 4315 74 4402 16 4425 19 4503 10 4571 74 4657 17 4681 19 4759 12 4827 66 4913 16 4938 18 5014 15 5084 63 5169 16 5194 18 5269 17 5341 56 5425 16 5450 18 5525 17 5603 49 5681 16 5706 19 5779 19 5859 36 5927 5 5937 14 5961 20 6032 23 6117 34 6182 6 6192 14 6217 20 6288 23 6374 32 6439 5 6448 13 6474 19 6544 23 6631 30 6695 4 6704 13 6730 19 6800 23 6889 28 6960 11 6987 18 7043 6 7057 22 7086 1 7146 27 7216 11 7243 19 7297 8 7312 24 7341 3 7402 26 7472 10 7499 20 7551 11 7568 25 7595 5 7646 5 7658 25 7728 10 7755 21 7806 13 7823 34 7901 6 7914 23 7985 8 8011 22 8061 14 8079 34 8154 9 8171 21 8242 7 8267 23 8316 16 8334 35 8409 10 8427 21 8499 5 8523 24 8571 54 8663 12 8683 21 8755 4 8778 25 8825 56 8919 12 8939 21 9013 2 9034 25 9080 57 9175 12 9195 21 9269 4 9290 25 9336 57 9430 13 9451 21 9524 6 9546 24 9588 27 9618 30 9684 15 9707 21 9779 7 9802 24 9843 27 9874 30 9940 15 9963 21 10035 5 10058 21 10097 28 10131 28 10195 21 10219 16 10239 1 10291 4 10315 19 10353 27 10387 28 10450 16 10467 6 10475 15 10571 18 10608 27 10643 28 10705 24 10731 14 10827 18 10863 28 10898 29 10961 24 10987 14 11082 18 11119 26 11154 28 11215 26 11244 11 11332 24 11374 26 11410 27 11471 26 11500 11 11587 24 11629 26 11666 26 11727 26 11757 5 11763 5 11843 24 11885 26 11922 25 11983 26 12014 2 12020 4 12099 23 12141 26 12178 25 12239 24 12279 2 12355 22 12397 26 12434 25 12495 24 12535 4 12613 19 12649 30 12691 22 12751 24 12789 4 12800 1 12869 19 12903 32 12947 22 13007 24 13045 4 13056 3 13126 18 13158 34 13204 21 13263 24 13293 5 13299 6 13312 4 13381 19 13414 34 13461 19 13519 23 13550 11 13568 5 13635 21 13671 34 13727 6 13775 22 13806 11 13824 5 13891 8 13900 12 13927 34 14031 21 14063 10 14080 4 14147 6 14156 13 14184 34 14288 16 14319 9 14336 3 14402 5 14413 13 14440 34 14544 15 14575 8 14668 14 14695 36 14799 14 14833 6 14923 15 14949 38 15053 16 15092 2 15178 15 15204 39 15267 7 15307 18 15433 16 15459 41 15523 7 15561 19 15607 4 15689 14 15714 43 15779 7 15816 19 15861 6 15944 14 15969 45 16035 7 16072 19 16117 6 16200 11 16225 46 16327 15 16345 2 16374 6 16456 11 16479 48 16583 14 16601 2 16631 5 16712 9 16731 57 16839 20 16955 1 16969 7 16987 60 17095 20 17209 4 17225 6 17243 61 17351 20 17466 3 17483 2 17500 60 17607 20 17722 3 17756 61 17863 20 17979 2 18012 61 18119 20 18175 1 18267 62 18376 21 18431 1 18523 62 18633 20 18687 1 18778 62 18889 23 18943 1 19033 63 19146 23 19198 2 19287 52 19341 10 19404 21 19453 3 19543 52 19597 10 19659 22 19709 3 19798 51 19855 8 19915 22 19964 4 20054 50 20111 8 20170 23 20219 5 20310 48 20367 8 20425 24 20467 4 20473 7 20565 48 20623 8 20680 25 20721 15 20822 45 20880 6 20935 26 20977 15 21078 45 21136 6 21190 26 21232 16 21335 44 21393 4 21445 27 21485 19 21591 44 21649 4 21702 25 21739 21 21800 1 21847 44 21906 5 21958 24 21993 23 22053 6 22103 44 22162 5 22214 22 22248 24 22308 11 22359 44 22416 11 22471 15 22503 25 22564 11 22615 45 22672 12 22728 13 22759 25 22820 12 22871 51 22926 15 22985 12 23015 24 23076 12 23128 51 23181 17 23243 10 23271 24 23333 11 23385 23 23413 42 23502 6 23527 22 23589 11 23643 20 23671 40 23759 4 23784 20 23849 7 23902 15 23929 38 24042 17 24107 5 24163 9 24185 38 24299 15 24364 4 24414 9 24444 36 24557 12 24621 3 24669 7 24701 35 24813 11 24831 1 24877 2 24924 8 24959 21 24983 8 25057 2 25071 8 25086 2 25179 10 25216 20 25240 7 25311 6 25328 5 25342 2 25378 4 25435 10 25476 17 25498 4 25565 8 25597 3 25633 6 25691 10 25733 24 25821 9 25854 2 25887 8 25947 10 25989 24 26022 5 26064 3 26072 15 26111 1 26142 9 26176 5 26203 9 26246 23 26277 6 26317 26 26367 1 26398 9 26429 9 26460 7 26503 23 26533 8 26571 28 26654 9 26683 12 26717 6 26759 23 26789 8 26827 29 26910 10 26928 1 26936 15 27016 22 27045 8 27083 30 27166 11 27181 5 27189 18 27274 21 27301 8 27339 30 27422 20 27444 20 27533 18 27555 10 27594 31 27678 20 27700 20 27768 4 27791 16 27810 11 27850 32 27934 19 27956 20 28021 9 28049 27 28106 33 28189 19 28211 21 28276 11 28306 12 28319 13 28362 33 28447 16 28468 21 28531 14 28563 24 28619 32 28703 16 28724 22 28786 15 28819 23 28875 32 28960 15 28980 23 29041 16 29076 19 29131 32 29217 15 29236 23 29297 16 29332 18 29387 33 29475 40 29554 16 29589 16 29643 33 29731 40 29810 16 29845 15 29899 34 29987 40 30067 15 30100 17 30156 33 30242 41 30323 16 30355 20 30415 8 30424 21 30497 20 30519 19 30575 20 30611 22 30673 28 30752 21 30777 16 30830 21 30867 22 30929 28 31008 21 31037 12 31085 22 31123 24 31184 14 31203 10 31264 20 31295 10 31339 24 31379 24 31440 13 31459 10 31521 18 31553 7 31594 25 31624 7 31637 31 31695 13 31716 8 31777 17 31809 7 31850 38 31893 32 31950 14 31972 7 32033 15 32066 5 32105 40 32149 32 32205 20 32228 1 32289 14 32323 4 32361 40 32405 32 32460 24 32545 13 32617 42 32661 32 32715 28 32801 13 32873 43 32917 32 32970 31 33057 12 33129 76 33225 33 33313 12 33385 76 33481 34 33569 12 33640 77 33737 34 33825 12 33895 78 33992 36 34081 11 34151 78 34247 37 34337 10 34407 78 34491 2 34502 38 34595 7 34663 77 34748 1 34756 40 34851 6 34919 77 35011 41 35109 1 35176 76 35267 40 35432 76 35522 41 35687 77 35777 41 35943 77 36032 41 36195 2 36199 77 36285 44 36451 81 36540 45 36706 82 36795 46 36962 82 37051 46 37218 82 37305 48 37474 82 37559 50 37730 134 37986 9 37999 120 38243 6 38257 118 38499 5 38513 118 38770 117 39026 117 39283 116 39539 117 39795 118 40051 119 40307 120 40562 122 40817 122 41073 119 41329 118 41586 117 41844 115 42101 113 42356 114 42612 113 42868 113 43125 112 43350 3 43381 111 43607 2 43637 110 43864 1 43893 110 44149 108 44261 4 44405 116 44535 4 44661 116 44789 9 44917 116 45044 12 45173 116 45299 13 45431 115 45555 13 45688 113 45811 13 45946 111 46067 13 46203 109 46323 13 46459 108 46578 14 46715 108 46834 14 46971 2 46976 103 47090 14 47227 2 47233 102 47346 14 47481 5 47490 52 47548 43 47603 13 47738 4 47747 22 47771 26 47805 42 47859 13 47994 4 48003 20 48036 17 48061 42 48116 12 48250 3 48259 19 48292 17 48317 42 48372 12 48501 8 48512 21 48549 16 48573 43 48629 11 48753 10 48767 22 48805 15 48829 43 48886 10 49009 10 49022 24 49061 14 49085 44 49143 9 49265 10 49278 24 49317 11 49341 44 49401 7 49521 11 49533 26 49573 9 49594 47 49777 38 49829 10 49849 48 50003 2 50035 36 50083 15 50105 48 50259 3 50291 36 50339 16 50360 26 50387 22 50515 12 50549 34 50594 18 50617 24 50645 20 50770 13 50806 11 50818 21 50850 19 50873 24 50901 7 50909 11 51026 14 51063 10 51077 18 51102 23 51129 22 51166 9 51281 15 51319 32 51357 24 51386 21 51423 6 51537 15 51575 32 51613 23 51643 20 51793 15 51832 31 51869 23 51899 19 52050 13 52088 31 52125 22 52155 18 52307 12 52344 32 52381 22 52411 18 52571 1 52600 32 52638 21 52667 16 52856 32 52895 19 52923 16 53113 5 53121 24 53155 12 53179 16 53370 3 53378 23 53412 9 53435 15 53635 22 53691 13 53891 22 53947 12 54147 24 54204 9 54403 25 54462 5 54661 25 54917 25 55174 25 55255 4 55431 24 55509 8 55689 22 55762 12 55945 22 56017 13 56201 22 56252 8 56261 8 56272 15 56458 20 56507 36 56714 20 56762 37 56970 19 57017 38 57226 19 57271 40 57482 19 57525 42 57737 22 57780 42 57993 22 58035 42 58248 24 58291 43 58504 25 58543 48 58760 25 58798 53 59016 26 59054 53 59273 26 59311 1 59317 47 59529 26 59573 47 59793 17 59829 47 60051 15 60085 46 60306 15 60341 46 60562 15 60597 12 60611 8 60621 22 60818 15 60854 11 60878 8 60890 8 61074 15 61111 9 61135 5 61149 4 61330 15 61368 7 61586 15 61625 6 61843 5 61851 6 62099 5 62107 6 63445 2 63699 6 63953 13 64209 14 64311 6 64443 8 64464 17 64567 8 64698 9 64720 17 64822 11 64954 10 64976 17 65079 11 65209 12 65233 16 65335 12 65465 13 65492 2 65501 4
596931,0 34 82 15 153 21 202 23 229 60 339 15 408 22 458 23 485 60 595 16 664 22 714 24 741 60 851 16 919 23 970 87 1107 18 1175 23 1226 86 1364 23 1389 5 1431 23 1483 84 1620 31 1687 23 1739 84 1876 33 1943 23 1996 35 2040 38 2133 32 2198 24 2253 32 2297 37 2386 35 2454 24 2509 32 2560 30 2642 36 2710 23 2765 32 2816 32 2897 38 2966 23 3020 33 3072 33 3153 39 3222 23 3276 33 3328 34 3409 41 3479 22 3518 3 3523 2 3531 34 3584 34 3664 43 3735 22 3767 14 3787 34 3840 34 3920 45 3991 23 4021 17 4043 34 4096 34 4176 46 4247 23 4277 18 4298 36 4352 35 4431 48 4503 26 4531 20 4554 36 4608 35 4687 49 4759 48 4810 37 4864 36 4935 4 4943 50 5015 49 5067 36 5120 38 5190 6 5200 49 5271 50 5323 35 5376 40 5444 9 5457 48 5527 50 5581 33 5632 41 5699 10 5713 48 5782 51 5837 34 5888 41 5953 12 5969 48 6037 52 6094 35 6144 42 6208 13 6224 49 6293 52 6351 36 6400 42 6463 66 6549 52 6608 35 6656 42 6719 68 6804 53 6864 35 6912 41 6974 73 7057 56 7121 34 7167 42 7231 74 7313 56 7377 34 7421 43 7487 75 7567 58 7633 35 7677 43 7744 74 7823 59 7889 34 7932 4 7939 36 8003 72 8079 60 8146 33 8188 4 8197 34 8261 70 8335 61 8402 33 8444 4 8454 33 8517 73 8591 61 8659 31 8700 4 8711 34 8773 73 8847 62 8915 31 8957 3 8967 28 8998 3 9027 138 9171 30 9224 27 9255 2 9283 138 9427 30 9481 25 9537 141 9683 28 9737 24 9793 142 9939 28 9983 1 9993 24 10048 143 10195 27 10233 7 10249 24 10303 79 10386 61 10451 26 10489 7 10507 21 10559 78 10643 59 10707 26 10744 8 10764 19 10815 78 10899 58 10963 26 10999 9 11022 17 11069 80 11155 57 11219 25 11255 9 11278 15 11325 79 11411 57 11475 25 11510 10 11535 11 11579 80 11669 54 11731 24 11766 10 11792 9 11835 79 11925 53 11987 24 12022 10 12050 6 12090 80 12182 49 12243 23 12277 11 12346 80 12439 46 12500 22 12533 11 12593 5 12601 81 12696 44 12757 6 12768 9 12787 13 12847 9 12857 82 12953 42 13014 5 13025 8 13043 13 13102 93 13211 39 13299 13 13357 94 13467 38 13555 13 13613 94 13725 36 13811 13 13868 95 13981 36 14067 13 14124 95 14238 35 14323 13 14380 95 14494 35 14580 12 14635 96 14752 33 14838 10 14890 96 15009 32 15095 9 15144 98 15267 16 15289 8 15351 9 15399 99 15524 15 15546 7 15607 9 15655 98 15781 12 15862 10 15910 89 16000 9 16037 12 16117 11 16164 90 16257 8 16295 8 16371 13 16419 90 16513 7 16553 2 16626 14 16655 3 16671 93 16771 3 16881 15 16908 7 16927 92 17137 15 17162 9 17183 88 17393 15 17417 10 17439 87 17649 18 17672 12 17695 85 17845 4 17903 21 17927 13 17952 83 18099 7 18158 37 18209 81 18353 9 18409 42 18465 80 18601 3 18608 10 18664 43 18722 69 18855 19 18919 44 18978 68 19110 19 19175 44 19223 7 19235 66 19364 21 19431 44 19479 8 19491 66 19619 22 19687 44 19735 78 19875 20 19943 44 19990 79 20130 20 20199 43 20247 77 20386 14 20454 43 20503 77 20642 14 20709 44 20759 62 20826 10 20898 14 20964 45 21015 60 21083 9 21155 13 21220 45 21271 60 21415 10 21476 45 21527 60 21671 10 21731 47 21783 60 21929 8 21987 48 22038 61 22185 8 22242 113 22441 9 22495 116 22697 10 22749 116 22904 2 22953 10 23000 121 23158 5 23209 10 23255 116 23413 8 23464 11 23510 117 23669 8 23720 11 23766 117 23923 11 23976 9 24022 47 24075 64 24179 11 24232 9 24278 44 24332 63 24433 13 24487 11 24534 42 24589 62 24689 13 24742 13 24790 42 24845 48 24898 10 24945 13 24997 17 25047 42 25101 46 25154 11 25200 15 25253 18 25303 43 25357 45 25410 13 25455 18 25509 20 25559 43 25613 44 25666 14 25699 4 25711 18 25765 20 25815 44 25869 42 25914 23 25954 33 26021 20 26073 18 26096 19 26125 34 26170 23 26209 35 26277 20 26329 18 26353 19 26379 35 26425 26 26463 38 26529 24 26586 18 26611 59 26680 28 26719 39 26783 26 26843 17 26867 59 26935 30 26973 42 27038 27 27099 18 27131 51 27191 30 27229 42 27294 27 27355 18 27392 47 27446 32 27483 46 27549 28 27581 6 27611 20 27648 46 27701 34 27739 46 27805 38 27865 22 27904 45 27955 86 28061 39 28119 24 28160 45 28211 87 28317 39 28374 25 28416 16 28433 18 28455 4 28467 87 28573 40 28628 27 28672 16 28690 15 28725 85 28828 41 28883 28 28928 15 28948 11 28982 35 29020 46 29083 44 29137 29 29184 16 29205 6 29239 34 29276 46 29339 44 29392 30 29440 16 29497 29 29531 47 29595 46 29647 30 29688 5 29696 17 29753 29 29783 51 29851 46 29903 30 29942 9 29952 17 30009 81 30106 49 30159 30 30196 11 30208 18 30266 80 30361 51 30415 29 30451 12 30464 19 30522 81 30617 84 30706 33 30778 81 30873 84 30961 36 31034 17 31052 64 31129 84 31217 36 31290 17 31308 65 31385 85 31472 41 31546 14 31564 65 31640 130 31802 14 31821 65 31896 129 32057 14 32078 13 32093 49 32152 129 32313 14 32335 12 32351 48 32409 56 32469 66 32568 16 32591 10 32608 47 32665 56 32728 62 32824 16 32848 8 32864 48 32921 56 32986 59 33079 17 33120 49 33177 54 33245 58 33335 17 33376 50 33433 54 33502 57 33591 18 33631 52 33689 51 33759 57 33847 17 33887 53 33946 49 34016 57 34105 14 34143 54 34202 47 34273 56 34362 11 34399 54 34459 44 34529 57 34619 7 34655 37 34696 12 34715 42 34785 58 34877 2 34911 36 34952 11 34970 41 35041 58 35167 35 35208 10 35226 33 35297 59 35425 32 35464 9 35481 34 35553 31 35585 28 35682 28 35719 9 35737 32 35809 31 35841 4 35848 21 35939 26 35975 8 35993 32 36065 31 36097 28 36196 24 36231 8 36250 31 36319 62 36453 22 36487 7 36506 31 36574 63 36653 5 36702 29 36744 5 36763 30 36827 66 36908 7 36957 30 37001 4 37022 27 37083 66 37155 4 37162 10 37212 31 37287 17 37338 67 37410 19 37467 32 37545 14 37594 68 37663 23 37715 41 37803 6 37849 94 37970 43 38061 3 38105 95 38225 47 38316 7 38327 9 38353 103 38481 48 38572 20 38608 104 38737 49 38827 22 38863 105 38993 50 39082 23 39119 105 39248 51 39337 25 39373 106 39504 51 39593 26 39629 105 39759 53 39849 27 39885 104 40015 53 40105 28 40141 104 40270 54 40361 29 40395 106 40525 55 40592 2 40617 30 40651 91 40745 10 40781 54 40847 4 40873 32 40906 92 41003 8 41037 53 41103 19 41129 70 41200 16 41218 35 41293 47 41360 20 41385 70 41459 13 41474 35 41549 46 41617 20 41641 70 41715 13 41730 25 41757 8 41806 45 41874 20 41898 69 41972 4 41982 2 41987 24 42014 7 42063 44 42121 1 42131 20 42154 69 42239 1 42242 25 42271 5 42319 43 42372 7 42387 91 42495 1 42498 25 42527 4 42575 42 42627 8 42644 90 42753 26 42832 41 42883 8 42901 88 43009 27 43087 42 43139 8 43157 88 43263 1 43265 28 43343 26 43373 11 43396 1 43399 4 43411 90 43519 1 43521 28 43598 26 43630 9 43656 3 43665 92 43774 2 43777 31 43853 17 43888 5 43918 76 43995 18 44029 3 44033 31 44108 17 44145 3 44174 75 44251 18 44285 35 44336 5 44363 17 44430 76 44507 19 44541 35 44591 6 44617 19 44686 76 44763 19 44796 36 44847 7 44872 18 44941 77 45021 18 45052 36 45103 7 45128 14 45150 1 45197 78 45278 17 45307 37 45359 8 45384 13 45405 6 45453 78 45536 15 45563 37 45615 7 45641 12 45660 11 45709 78 45792 15 45819 37 45871 7 45897 12 45915 14 45965 31 45999 15 46024 19 46050 10 46075 37 46127 6 46154 10 46171 14 46221 31 46256 9 46281 18 46307 8 46331 37 46384 5 46414 3 46426 20 46448 2 46475 32 46513 7 46538 17 46564 4 46587 37 46640 5 46681 27 46731 31 46771 4 46795 15 46844 33 46896 3 46937 28 46987 28 47053 12 47104 27 47152 1 47193 28 47243 28 47311 8 47360 24 47401 5 47415 5 47449 29 47500 26 47616 24 47656 7 47671 6 47705 30 47736 2 47757 25 47872 24 47911 9 47924 9 47962 35 48015 23 48128 25 48167 9 48179 11 48218 35 48272 22 48364 2 48384 11 48398 11 48423 36 48473 36 48529 20 48617 6 48640 10 48656 10 48679 38 48729 36 48785 20 48873 7 48896 8 48917 5 48935 42 48984 37 49042 17 49128 9 49152 7 49174 4 49191 43 49239 38 49299 15 49383 11 49408 5 49447 44 49495 38 49639 13 49664 5 49703 46 49751 38 49895 15 49920 3 49959 86 50154 18 50176 2 50215 86 50411 18 50432 1 50469 88 50667 21 50724 89 50923 21 50979 90 51179 21 51235 91 51435 21 51491 91 51657 6 51690 22 51747 91 51912 7 51945 23 52002 93 52167 9 52200 24 52258 93 52423 9 52456 24 52513 94 52678 11 52711 25 52769 95 52934 12 52967 25 53024 96 53189 15 53207 8 53223 25 53281 95 53446 27 53478 26 53537 96 53704 56 53793 96 53960 56 54049 96 54217 55 54302 99 54473 55 54557 100 54729 55 54813 100 54985 55 55069 100 55241 55 55325 51 55377 47 55497 55 55583 46 55633 41 55753 55 55839 44 55890 37 56009 55 56092 45 56149 32 56265 55 56347 40 56390 1 56407 29 56521 55 56601 42 56666 23 56779 53 56855 44 56923 20 57036 52 57111 44 57181 11 57293 51 57367 45 57438 9 57548 52 57623 46 57697 3 57803 53 57879 30 57914 12 58059 53 58137 27 58173 10 58315 53 58393 26 58429 10 58571 53 58650 25 58687 8 58825 55 58906 24 58943 8 59036 7 59080 56 59163 21 59200 7 59289 14 59330 62 59420 20 59457 5 59543 18 59585 63 59680 1 59690 5 59790 31 59839 65 60045 33 60095 65 60300 35 60351 65 60555 37 60607 65 60805 44 60863 65 61053 52 61119 65 61303 64 61375 65 61470 13 61559 65 61631 65 61725 18 61813 68 61887 65 61981 18 62069 68 62143 65 62237 18 62325 68 62399 65 62493 18 62581 57 62639 10 62657 63 62736 5 62749 19 62802 5 62835 57 62896 9 62914 62 62991 6 63005 20 63058 8 63070 1 63089 59 63153 8 63171 61 63247 7 63259 23 63313 29 63343 62 63411 4 63429 53 63487 1 63503 9 63515 23 63570 25 63599 62 63668 1 63685 52 63756 39 63827 24 63855 64 63942 50 64008 43 64083 3 64087 20 64111 64 64198 47 64260 48 64339 24 64367 64 64455 43 64513 52 64595 24 64623 64 64711 41 64767 54 64851 24 64879 64 64969 38 65023 55 65107 24 65135 64 65225 38 65279 55 65364 23 65391 64 65489 30 65535 1
597667,0 1115 1119 252 1375 252 1631 252 1887 252 2143 252 2399 252 2654 251 2909 251 3166 249 3423 248 3679 247 3935 247 4191 247 4447 248 4703 249 4959 250 5215 252 5470 253 5727 252 5983 252 6240 253 6497 253 6753 254 7009 652 7665 253 7921 100 8025 150 8177 86 8266 9 8282 151 8435 82 8523 8 8540 233 8779 8 8797 232 9036 7 9053 232 9293 4 9309 232 9555 1 9565 232 9811 1 9821 219 10041 12 10076 218 10297 12 10329 220 10558 3 10587 218 10843 217 11101 215 11357 215 11591 8 11613 215 11847 11 11869 214 12103 12 12125 213 12359 12 12381 211 12614 15 12636 212 12869 16 12892 211 13125 17 13148 210 13380 19 13405 208 13635 21 13661 207 13890 23 13918 202 14145 24 14175 165 14345 30 14401 24 14431 161 14594 1 14605 26 14657 24 14687 161 14864 1 14868 19 14913 24 14943 161 15127 14 15169 26 15199 161 15384 12 15425 26 15455 161 15643 8 15680 193 15901 4 15936 192 16192 192 16449 191 16704 193 16959 194 17215 196 17471 200 17726 24 17753 175 17982 24 18010 176 18237 205 18493 206 18748 207 19004 207 19253 215 19507 218 19763 219 20019 222 20273 224 20529 225 20784 226 21039 228 21295 228 21551 228 21807 228 22063 228 22319 228 22575 229 22831 229 23072 3 23087 229 23327 6 23343 230 23583 8 23598 233 23839 248 24094 251 24348 29387 53741 4 53753 237 54010 235 54267 234 54523 235 54781 234 55039 232 55296 231 55552 232 55808 232 56064 232 56320 232 56576 231 56832 231 57088 229 57344 228 57600 227 57856 226 58112 226 58368 226 58624 226 58880 227 59136 227 59392 227 59648 227 59904 228 60160 228 60416 228 60672 227 60928 227 61184 227 61440 227 61696 226 61952 226 62208 227 62464 227 62720 227 62976 228 63232 34 63269 192 63488 34 63525 192 63744 33 63782 191 64000 33 64039 190 64256 33 64294 190 64512 34 64550 190 64768 227 65024 228 65280 228
602248,0 65536
607765,0 65536
609763,26 32 103 4 108 4 115 141 282 31 359 9 371 141 538 31 615 9 626 142 795 2 799 25 871 3 882 142 1056 24 1138 142 1313 23 1395 27 1426 110 1569 22 1650 29 1681 111 1824 23 1905 143 2079 24 2117 2 2152 1 2160 144 2335 24 2371 7 2415 145 2591 24 2627 8 2671 145 2847 24 2881 14 2927 145 3104 15 3122 6 3133 18 3183 145 3361 12 3379 5 3389 19 3438 146 3617 10 3635 4 3645 19 3695 145 3874 5 3893 2 3901 20 3951 145 4157 20 4178 3 4207 145 4413 18 4435 1 4464 144 4669 16 4721 143 4925 15 4981 139 5180 15 5235 141 5435 15 5491 141 5691 15 5746 142 5946 15 6001 143 6201 16 6257 143 6457 13 6513 143 6713 12 6739 4 6768 144 6941 2 6968 12 6994 8 7021 147 7195 4 7224 11 7249 10 7277 147 7448 9 7480 11 7504 12 7533 147 7703 10 7737 8 7760 13 7789 147 7958 12 7994 6 8015 15 8038 154 8213 14 8251 4 8271 15 8294 154 8468 15 8527 18 8547 157 8723 16 8783 177 8979 16 9038 178 9234 18 9256 1 9294 178 9487 30 9550 178 9743 30 9806 178 9997 33 10051 1 10061 179 10253 34 10305 4 10317 76 10395 101 10509 34 10559 6 10574 74 10652 100 10765 34 10813 8 10831 73 10909 99 11021 34 11067 11 11088 68 11157 3 11165 12 11178 86 11277 34 11323 11 11343 74 11420 100 11533 33 11579 11 11599 177 11789 32 11836 10 11855 177 12045 32 12092 11 12109 179 12301 31 12349 11 12365 87 12456 88 12557 2 12561 26 12607 8 12621 81 12713 87 12813 1 12817 26 12863 7 12879 78 12969 87 13073 26 13121 3 13135 77 13221 4 13226 86 13325 30 13387 2 13391 76 13475 93 13581 30 13643 78 13729 95 13837 29 13899 78 13985 95 14093 28 14153 80 14241 95 14349 26 14408 82 14496 96 14605 26 14663 82 14746 102 14861 25 14919 81 15002 102 15117 25 15174 81 15258 102 15373 25 15430 186 15629 24 15686 9 15698 174 15885 24 15942 8 15954 174 16141 17 16199 7 16210 174 16397 14 16455 7 16466 174 16653 12 16711 7 16719 177 16919 2 16967 7 16975 177 17223 6 17231 177 17479 185 17733 187 17984 2 17989 187 18233 199 18487 201 18726 6 18742 202 18977 12 18998 202 19231 14 19254 202 19486 16 19509 203 19735 233 19991 63 20055 169 20246 234 20501 235 20755 237 21007 241 21261 243 21516 244 21770 246 22025 250 22281 252 22535 254 22790 255 23046 762 23809 255 24065 255 24321 255 24577 255 24833 255 25089 1537 26629 252 26889 248 27145 247 27403 245 27659 252 27913 11264 39179 253 39435 250 39691 250 39947 250 40205 243 40461 243 40718 242 40976 240 41237 235 41495 233 41753 60 41815 169 42009 59 42071 169 42265 231 42522 230 42779 229 43035 229 43266 1 43292 228 43522 1 43549 227 43778 1 43806 226 44034 1 44063 225 44290 2 44320 224 44546 2 44577 223 44802 3 44836 220 45058 2 45092 220 45314 2 45353 215 45609 215 45865 215 46124 212 46381 211 46637 211 46893 211 47149 211 47405 211 47661 211 47916 212 48172 212 48426 214 48681 215 48937 215 49193 215 49421 4 49450 214 49677 5 49706 214 49931 8 49960 3 49971 205 50187 8 50215 4 50227 205 50443 10 50471 3 50481 207 50698 11 50715 1 50727 2 50736 208 50954 13 50970 3 50980 3 50991 209 51210 13 51226 3 51236 4 51246 210 51465 16 51492 5 51502 210 51721 18 51748 5 51758 215 51979 18 52003 7 52013 216 52235 18 52259 8 52268 217 52491 32 52524 17 52544 197 52745 34 52780 15 52801 196 53001 34 53037 12 53059 194 53257 34 53293 12 53313 196 53515 32 53551 14 53567 198 53768 35 53806 16 53823 11713
614290,14846 2 15101 3 15355 5 15604 12 15856 16 16111 17 16364 20 16619 21 16873 23 17128 24 17376 32 17631 33 17880 40 18135 41 18390 42 18646 42 18893 51 19147 53 19399 57 19653 59 19905 63 20157 67 20410 70 20664 72 20915 77 21169 79 21423 81 21675 85 21925 91 22176 96 22429 99 22682 102 22934 106 23189 107 23443 109 23693 115 23947 117 24202 118 24451 125 24706 126 24959 129 25211 133 25463 137 25717 139 25965 147 26219 149 26471 153 26725 155 26976 160 27231 161 27485 163 27733 171 27987 173 28242 174 28495 177 28743 3 28749 179 28996 188 29251 189 29506 190 29761 191 29998 1 30005 8 30015 193 30253 6 30260 204 30507 25 30537 183 30762 25 30794 182 31015 27 31051 181 31269 28 31308 180 31523 30 31565 179 31771 4 31777 32 31820 180 32025 40 32076 180 32280 41 32331 181 32522 57 32586 182 32776 60 32841 183 33030 250 33285 5538 38826 252 39082 250 39338 249 39594 249 39850 247 40105 94 40202 152 40359 96 40460 249 40717 248 40974 246 41231 245 41487 245 41745 243 42002 238 42259 86 42348 148 42517 84 42605 147 42777 80 42861 147 43033 7 43042 72 43116 148 43289 6 43299 221 43545 6 43555 221 43798 9 43809 223 44053 10 44065 233 44317 238 44573 239 44829 240 45085 242 45340 245 45596 246 45851 247 46106 249 46361 250 46616 251 46871 252 47127 7241 54373 250 54629 249 54885 248 55141 248 55397 248 55653 248 55909 248 56165 230 56397 16 56420 229 56654 18 56675 229 56910 19 56930 229 57170 245 57427 243 57685 241 57942 241 58195 244 58451 246 58707 243 58951 2 58963 243 59207 2 59219 243 59475 243 59731 244 59987 244 60243 244 60499 244 60753 246 61008 247 61263 248 61518 249 61773 250 62029 250 62285 251 62541 250 62796 90 62890 157 63052 89 63147 155 63307 72 63385 8 63395 2 63405 153 63563 72 63642 6 63661 152 63818 73 63899 5 63917 152 64073 73 64155 5 64173 153 64329 74 64411 6 64429 230 64667 7 64685 246 64939 249 65189 4 65194 342
614416,0 65536
623676,0 4 239 21 496 20 752 22 1008 23 1264 23 1520 23 1776 23 2032 23 2288 23 2544 22 2800 21 3057 18 3313 15 3569 15 3825 15 4081 11 4337 10 4594 7 4841 2 4851 4 5097 3 5353 4 5609 5 5865 5 6121 5 6377 5 6634 3 6892 1 7949 4 8203 8 8458 12 8713 15 8969 16 9223 18 9478 18 9734 18 9985 23 10217 2 10240 24 10472 6 10496 24 10726 9 10752 24 10981 10 11008 25 11236 13 11264 25 11492 14 11520 26 11747 16 11776 26 12003 16 12032 26 12259 16 12289 25 12515 16 12551 18 12771 16 12809 15 13026 17 13066 5 13281 16 13323 4 13536 17 13581 2 13791 16 14047 15 14303 14 14559 14 14815 14 15072 13 15329 12 15585 11 15843 9 16029 5 16099 8 16281 12 16357 5 16535 14 16615 1 16789 17 17044 18 17299 20 17555 20 17811 20 18067 20 18323 19 18579 19 18836 17 18916 4 19093 16 19171 6 19349 8 19424 10 19607 5 19679 12 19934 16 20190 18 20446 20 20702 21 20959 20 21215 20 21473 18 21729 18 21985 18 22241 17 22499 14 22755 14 23012 12 23270 9 23511 3 23766 5 24020 7 24275 8 24530 9 24785 10 25041 10 25268 1 25274 3 25297 10 25520 15 25551 12 25775 17 25804 15 26031 18 26059 15 26286 20 26314 15 26542 21 26567 18 26798 21 26822 19 27055 21 27077 21 27311 44 27569 46 27826 47 28083 48 28339 49 28596 49 28853 49 29110 49 29368 53 29627 51 29883 51 30141 48 30398 47 30656 45 30894 3 30913 44 31149 8 31173 40 31404 9 31428 41 31659 12 31684 39 31915 12 31939 40 32171 12 32191 43 32426 13 32446 44 32683 12 32701 45 32939 12 32957 46 33198 9 33213 48 33456 7 33469 50 33713 5 33725 56 33970 4 33981 59 34236 63 34492 64 34748 64 35004 64 35260 65 35516 65 35773 66 36029 67 36286 66 36542 66 36798 66 37053 67 37309 67 37565 67 37820 68 38075 69 38331 69 38586 70 38841 71 39095 73 39351 73 39606 74 39862 74 40117 75 40373 75 40629 75 40885 75 41141 75 41397 75 41653 75 41910 74 42167 73 42414 1 42425 71 42669 3 42684 68 42921 7 42941 67 43177 6 43197 67 43413 3 43433 3 43452 68 43668 6 43686 6 43706 70 43923 8 43935 14 43959 73 44179 9 44189 18 44214 74 44392 5 44435 25 44462 2 44469 75 44647 6 44691 24 44719 81 44903 7 44949 23 44973 83 45159 7 45205 107 45415 7 45461 55 45523 45 45672 6 45718 54 45777 47 45975 72 46057 23 46232 71 46315 21 46490 68 46571 16 46591 1 46747 67 46827 15 47003 66 47084 11 47259 66 47340 11 47515 66 47597 5 47771 65 47855 2 47863 2 48027 54 48086 5 48116 10 48283 54 48372 11 48539 5 48551 40 48628 11 48795 4 48807 35 48883 12 48971 5 49063 34 49139 13 49226 7 49320 33 49396 12 49481 8 49577 32 49652 12 49736 10 49833 32 49909 11 49992 9 50093 28 50166 10 50248 9 50350 26 50423 9 50504 9 50585 1 50607 24 50680 8 50761 8 50839 5 50863 21 50937 7 51017 8 51093 9 51121 17 51193 7 51274 6 51349 10 51379 14 51450 6 51603 12 51640 7 51707 5 51857 15 51898 3 51964 4 52110 19 52223 1 52365 20 52621 20 52877 20 53132 21 53236 4 53388 21 53417 4 53491 6 53644 21 53671 9 53745 11 53900 22 53926 11 54001 11 54155 24 54182 14 54201 7 54257 11 54411 25 54437 29 54513 11 54667 60 54769 10 54922 62 55026 8 55177 64 55432 65 55504 3 55687 68 55757 9 55943 80 56198 90 56454 91 56711 93 56968 95 57225 10 57241 80 57482 9 57498 80 57755 82 58011 83 58266 86 58521 88 58645 6 58775 90 58900 8 59029 92 59155 10 59273 5 59284 93 59411 10 59529 104 59667 10 59784 105 59923 10 60040 105 60179 10 60295 106 60415 1 60435 10 60550 107 60669 3 60690 11 60807 106 60925 3 60945 12 61063 106 61182 2 61201 12 61321 104 61457 14 61578 103 61713 15 61835 101 61969 15 62091 100 62225 17 62349 101 62482 17 62606 101 62739 17 62866 99 62996 17 63123 98 63252 19 63379 99 63509 18 63636 98 63765 18 63893 97 64021 18 64149 97 64278 17 64405 96 64535 16 64662 95 64793 14 64919 94 65049 14 65086 1 65176 92 65309 10 65339 6 65434 89
632056,0 11770 11771 2 11776 249 12032 246 12288 243 12544 241 12800 237 13056 233 13312 231 13568 226 13824 223 14080 219 14336 217 14592 213 14848 212 15104 208 15360 206 15616 203 15872 202 16128 200 16384 197 16640 193 16896 189 17152 185 17408 185 17664 180 17920 179 18176 175 18432 172 18688 169 18944 167 19200 162 19456 160 19712 155 19968 154 20224 150 20480 147 20736 141 20992 140 21248 137 21504 136 21760 133 22016 131 22272 126 22528 125 22784 123 23040 122 23296 116 23552 115 23808 109 24064 107 24320 105 24576 103 24832 99 25088 95 25344 92 25600 91 25856 85 26112 83 26368 79 26624 78 26880 75 27136 73 27392 68 27648 67 27904 61 28160 60 28416 56 28672 53 28928 49 29184 47 29440 42 29696 40 29952 37 30208 35 30464 31 30720 29 30976 25 31232 23 31488 20 31744 19 32000 15 32256 13 32512 12 32768 11 33024 5 33280 5 33536 4
636405,0 65536
636648,0 128 256 128 512 128 768 127 1024 127 1280 127 1536 128 1792 128 2048 128 2304 129 2560 129 2816 129 3072 129 3328 129 3584 129 3840 129 4096 129 4352 129 4608 130 4864 130 5120 131 5376 131 5632 131 5888 131 6144 131 6400 131 6656 132 6912 132 7168 132 7424 132 7680 132 7936 133 8192 133 8448 133 8704 133 8960 133 9216 133 9472 134 9728 134 9984 134 10240 134 10496 135 10752 135 11008 135 11264 135 11520 136 11776 136 12032 136 12288 136 12544 137 12800 137 13056 137 13312 137 13568 137 13824 137 14080 138 14336 138 14592 138 14848 138 15104 139 15360 139 15616 139 15872 139 16128 139 16384 139 16640 140 16896 140 17152 141 17408 141 17664 141 17920 141 18176 142 18432 142 18688 142 18944 143 19200 143 19456 143 19712 143 19968 143 20224 143 20480 144 20736 144 20992 144 21248 144 21504 145 21760 145 22016 145 22272 145 22528 145 22784 145 23040 145 23296 146 23552 146 23808 147 24064 147 24320 147 24576 147 24832 147 25088 147 25344 148 25600 148 25856 148 26112 148 26368 148 26624 148 26880 149 27136 149 27392 149 27648 150 27904 150 28160 150 28416 151 28672 151 28928 151 29184 151 29440 151 29696 151 29952 151 30208 152 30464 152 30720 152 30976 153 31232 153 31488 153 31744 153 32000 153 32256 153 32512 153 32768 153 33024 154 33280 154 33536 155 33792 155 34048 155 34304 155 34560 155 34816 156 35072 156 35328 156 35584 156 35840 156 36096 157 36352 157 36608 157 36864 157 37120 157 37376 157 37632 158 37888 158 38144 158 38400 158 38656 159 38912 159 39168 159 39424 159 39680 160 39936 161 40192 161 40448 161 40704 161 40960 161 41216 161 41472 161 41728 162 41984 162 42240 162 42496 163 42752 163 43008 163 43264 163 43520 163 43776 163 44032 163 44288 163 44544 164 44800 164 45056 164 45312 165 45568 165 45824 165 46080 165 46336 165 46592 165 46848 166 47104 166 47360 167 47616 167 47872 167 48128 167 48384 167 48640 167 48896 167 49152 167 49408 167 49664 168 49920 168 50176 168 50432 168 50688 169 50944 169 51200 169 51456 169 51712 169 51968 169 52224 169 52480 169 52736 169 52992 169 53248 170 53504 171 53760 171 54016 171 54272 171 54528 171 54784 171 55040 171 55296 172 55552 172 55808 173 56064 173 56320 173 56576 173 56832 173 57088 173 57344 173 57600 174 57856 174 58112 174 58368 174 58624 174 58880 174 59136 175 59392 175 59648 175 59904 176 60160 176 60416 177 60672 177 60928 177 61184 177 61440 177 61696 177 61952 178 62208 178 62464 178 62720 179 62976 179 63232 179 63488 179 63744 179 64000 179 64256 179 64512 180 64768 181 65024 181 65280 181
650818,39 217 297 215 554 214 811 213 1067 213 1323 213 1579 213 1835 213 2091 213 2349 211 2605 211 2861 211 3118 210 3375 209 3631 209 3887 209 4143 209 4397 211 4653 211 4909 211 5165 211 5421 211 5678 210 5935 209 6191 209 6448 208 6705 207 6961 207 7217 207 7473 207 7729 207 7984 208 8240 208 8496 208 8752 208 9008 208 9265 207 9521 207 9777 207 10034 206 10290 206 10547 205 10803 205 11059 205 11315 205 11570 206 11826 206 12083 205 12339 205 12595 205 12851 205 13108 204 13364 204 13620 204 13877 203 14133 203 14389 203 14645 203 14901 203 15157 203 15413 203 15670 202 15927 201 16183 201 16439 201 16697 199 16953 199 17209 199 17465 199 17720 200 17976 200 18232 200 18488 200 18744 200 19001 199 19259 197 19515 197 19771 197 20027 197 20283 197 20539 197 20795 197 21051 197 21306 198 21562 198 21819 197 22075 197 22331 197 22588 196 22845 195 23101 195 23358 194 23614 194 23870 194 24126 194 24381 195 24637 195 24893 195 25149 195 25405 195 25661 195 25918 194 26175 193 26431 193 26687 193 26943 193 27199 193 27455 193 27711 193 27967 193 28223 193 28479 193 28735 193 28991 193 29247 193 29504 192 29761 191 30017 191 30273 191 30529 191 30785 191 31042 190 31298 190 31553 191 31810 190 32066 190 32322 190 32578 190 32835 189 33091 189 33347 189 33604 188 33861 187 34117 187 34373 187 34629 187 34885 187 35141 187 35397 187 35653 187 35909 187 36165 187 36422 186 36679 185 36935 185 37191 185 37447 185 37703 185 37959 185 38215 185 38471 185 38727 185 38983 185 39239 185 39496 184 39752 184 40009 183 40265 183 40521 183 40777 183 41033 183 41289 183 41545 183 41801 183 42057 183 42313 183 42570 182 42826 182 43083 181 43339 181 43595 181 43852 180 44108 180 44364 180 44620 180 44876 180 45132 180 45388 180 45644 180 45901 179 46157 179 46413 179 46669 179 46926 178 47183 177 47439 177 47695 177 47951 177 48207 177 48463 177 48719 177 48975 177 49231 177 49488 176 49744 176 50001 175 50257 175 50513 175 50769 175 51025 175 51281 175 51537 175 51793 175 52050 174 52306 174 52562 174 52819 173 53075 173 53331 173 53588 172 53844 172 54100 172 54356 172 54613 171 54869 171 55125 171 55381 171 55637 171 55893 171 56149 171 56405 171 56662 170 56918 170 57175 169 57431 169 57687 169 57943 169 58199 169 58455 169 58711 169 58967 169 59223 169 59479 169 59736 168 59993 167 60249 167 60505 167 60762 166 61018 166 61274 166 61530 166 61786 166 62042 166 62299 165 62555 165 62811 165 63068 164 63325 163 63581 163 63837 163 64093 163 64349 163 64605 163 64861 163 65117 163 65373 163
652005,0 65536
655919,0 221 256 222 512 223 768 223 1024 223 1280 223 1536 223 1792 223 2048 222 2304 223 2560 101 2663 120 2816 223 3072 223 3328 223 3584 223 3840 222 4096 222 4352 221 4608 221 4864 222 5120 223 5376 223 5632 224 5888 225 6144 225 6400 225 6656 224 6912 223 7168 223 7424 223 7680 223 7936 225 8192 225 8448 228 8689 4 8704 229 8944 7 8960 231 9199 9 9216 234 9456 9 9472 235 9713 8 9728 236 9969 8 9984 142 10128 94 10225 8 10240 141 10386 93 10481 8 10496 141 10643 93 10739 4 10752 141 10900 93 10995 3 11008 141 11157 92 11263 142 11413 93 11519 142 11669 93 11775 142 11925 94 12031 142 12181 94 12286 112 12399 30 12437 94 12542 112 12655 29 12692 96 12797 143 12948 97 13053 143 13203 98 13309 145 13458 100 13564 251 13819 253 14075 380 14458 251 14715 250 14972 250 15229 249 15484 251 15740 252 15995 1342 17339 254 17594 5047 22642 253 22900 248 23156 241 23413 239 23669 238 23924 141 24068 95 24180 140 24324 94 24437 139 24581 93 24693 139 24837 93 24949 139 25093 94 25205 139 25349 94 25462 138 25605 94 25719 137 25861 93 25976 136 26118 91 26234 134 26375 89 26491 133 26631 87 26749 131 26887 86 27007 129 27143 86 27263 129 27399 86 27518 130 27655 86 27773 131 27912 86 28028 24 28053 106 28169 85 28283 23 28311 94 28425 86 28539 24 28569 86 28681 86 28795 24 28826 83 28938 85 29051 25 29085 78 29193 86 29307 25 29343 74 29449 86 29563 25 29601 66 29705 86 29819 26 29857 60 29962 84 30075 26 30113 33 30150 18 30218 83 30331 26 30370 31 30407 15 30475 82 30587 27 30627 29 30665 2 30731 81 30843 27 30884 27 30987 78 31099 28 31141 25 31243 78 31355 28 31397 24 31499 77 31612 27 31653 10 31667 8 31756 76 31846 1 31869 26 31909 8 31924 1 32012 75 32099 9 32125 26 32268 75 32355 10 32382 25 32524 74 32612 12 32640 22 32781 73 32868 13 32897 20 33037 73 33125 12 33156 14 33293 72 33381 13 33413 10 33550 71 33637 14 33669 8 33806 70 33893 14 33925 6 34062 69 34150 13 34317 69 34407 12 34573 68 34663 12 34829 68 34919 11 35085 67 35177 7 35341 68 35597 2 35601 66 35857 66 36113 48 36163 17 36369 46 36419 18 36624 46 36675 17 36880 46 36931 16 37135 46 37187 8 37197 4 37392 45 37445 4 37648 43 37904 43 38161 41 38417 40 38674 31 38708 3 38930 30 39186 27 39443 21 39699 18 39956 17 40213 11 40470 3
659565,0 65536
661320,0 65536
664566,0 65536
666091,10 246 269 243 527 241 784 240 1040 240 1296 240 1552 240 1808 240 2064 240 2321 239 2577 239 2834 238 3090 238 3346 238 3602 238 3858 238 4114 238 4371 237 4627 237 4883 237 5140 236 5397 235 5653 235 5909 235 6165 235 6421 177 6600 56 6677 176 6857 55 6933 176 7113 55 7189 175 7369 55 7445 170 7625 55 7702 167 7881 55 7959 166 8139 53 8215 166 8395 53 8472 165 8651 53 8729 164 8906 54 8985 165 9161 32 9200 16 9241 165 9416 33 9456 16 9497 166 9665 39 9712 6 9727 1 9753 206 9968 6 9983 1 10009 206 10225 4 10265 206 10481 4 10521 205 10778 194 10973 8 11035 189 11231 3 11291 188 11547 187 11803 166 11970 19 12031 1 12060 165 12226 18 12285 3 12317 182 12541 3 12573 180 12797 3 12829 180 13053 3 13085 178 13310 2 13341 177 13567 1 13598 172 13854 171 14110 169 14367 166 14623 166 14879 165 15135 165 15313 3 15391 165 15568 5 15647 166 15823 7 15903 166 16079 8 16159 169 16337 6 16415 169 16593 6 16672 170 16850 6 16928 171 17106 7 17185 171 17362 9 17441 172 17618 11 17697 191 17896 3 17953 192 18151 5 18209 193 18407 6 18465 194 18663 7 18721 206 18978 205 19234 206 19490 207 19746 208 20002 209 20258 209 20479 1 20514 209 20734 2 20771 209 20988 4 21027 209 21243 5 21283 210 21497 7 21539 212 21752 8 21797 219 22053 219 22309 219 22565 219 22821 219 23077 219 23333 219 23589 219 23845 219 24101 219 24358 218 24615 217 24871 217 25127 217 25383 217 25640 216 25896 216 26153 215 26409 215 26666 214 26923 213 27179 213 27435 213 27692 212 27948 212 28204 212 28460 212 28716 212 28973 211 29229 211 29485 211 29741 211 29997 211 30253 211 30509 211 30765 211 31022 210 31278 210 31534 210 31790 210 32047 209 32303 209 32560 208 32816 208 33073 207 33329 207 33585 207 33841 207 34097 207 34353 207 34609 207 34865 207 35121 207 35377 207 35634 206 35890 206 36146 206 36402 206 36658 206 36914 206 37170 206 37426 206 37683 205 37939 205 38195 205 38452 204 38708 204 38965 203 39221 203 39477 203 39733 203 39989 203 40245 203 40501 203 40758 202 41014 202 41271 201 41527 201 41783 201 42039 201 42296 200 42552 200 42808 200 43065 199 43321 199 43577 199 43834 198 44090 198 44347 197 44603 197 44859 197 45115 197 45371 197 45627 197 45883 197 46140 196 46396 196 46652 196 46909 195 47165 195 47421 195 47677 195 47933 195 48189 195 48445 195 48701 195 48957 195 49214 194 49471 193 49727 193 49984 192 50240 192 50496 192 50752 192 51009 191 51265 191 51521 191 51777 191 52034 190 52291 189 52547 189 52803 189 53059 189 53315 189 53571 189 53827 189 54083 189 54339 189 54597 187 54853 187 55109 187 55365 187 55622 186 55878 186 56134 186 56391 185 56647 185 56904 184 57161 183 57417 183 57673 183 57929 183 58185 183 58441 183 58697 183 58953 183 59209 183 59466 182 59723 181 59979 181 60235 181 60491 181 60747 181 61003 181 61259 181 61515 181 61771 181 62027 181 62284 180 62541 179 62797 179 63054 178 63311 82 63394 94 63567 82 63650 94 63824 176 64081 175 64336 176 64591 177 64847 177 65103 177 65359 177
672675,0 197 256 197 512 197 768 197 1024 197 1280 197 1536 198 1792 199 2048 199 2304 199 2560 199 2816 200 3072 200 3313 3 3328 141 3472 57 3567 7 3584 140 3728 58 3823 8 3840 138 3985 58 4079 8 4096 137 4242 57 4335 9 4352 137 4498 57 4591 8 4608 136 4754 57 4846 9 4864 124 4992 7 5018 48 5102 9 5120 123 5249 6 5274 47 5358 9 5376 123 5531 44 5613 10 5632 123 5787 44 5869 10 5888 121 6043 44 6125 9 6144 121 6299 10 6311 32 6381 8 6400 121 6555 10 6568 31 6637 7 6656 120 6812 9 6825 30 6893 6 6912 119 7051 5 7068 8 7082 27 7151 2 7168 119 7306 7 7325 6 7339 25 7424 119 7562 8 7596 22 7680 119 7818 8 7853 20 7936 118 8075 6 8119 9 8192 118 8331 6 8377 4 8448 105 8554 11 8588 5 8704 105 8846 1 8960 104 9216 103 9472 102 9728 102 9984 101 10240 100 10495 100 10749 102 11004 102 11259 103 11515 103 11771 103 12027 103 12283 102 12538 103 12790 108 13045 109 13300 111 13556 112 13811 114 14067 29 14099 84 14324 26 14356 83 14580 25 14613 82 14837 24 14870 81 15095 9 15110 6 15127 79 15352 9 15367 4 15389 73 15609 8 15647 71 15729 1 15869 4 15903 72 15984 2 16126 3 16163 68 16239 3 16382 3 16420 67 16495 3 16638 2 16681 62 16747 6 16893 3 16938 61 17003 6 17149 3 17197 58 17257 8 17405 3 17453 58 17513 6 17661 3 17709 54 17769 4 17916 4 17965 54 18026 3 18171 5 18221 54 18283 2 18427 5 18476 55 18539 2 18683 5 18731 56 18795 1 18939 5 18966 3 18987 56 19195 5 19221 12 19243 55 19441 4 19451 5 19477 13 19499 55 19698 1 19707 5 19732 16 19757 52 19816 2 19963 5 19988 17 20013 48 20070 5 20219 5 20245 2 20251 7 20270 47 20325 8 20427 2 20475 5 20501 1 20526 40 20567 4 20581 8 20683 3 20732 4 20785 36 20837 8 20937 6 20989 3 21043 34 21093 8 21192 7 21245 4 21301 30 21339 2 21347 8 21448 9 21500 6 21559 28 21593 3 21604 7 21704 9 21757 7 21817 26 21847 4 21861 6 21961 8 22014 7 22074 25 22103 4 22117 6 22217 8 22270 7 22331 24 22360 4 22373 7 22474 7 22527 6 22587 23 22617 4 22631 6 22732 5 22784 5 22844 21 22875 4 22883 11 23001 8 23011 6 23040 5 23101 20 23131 4 23138 12 23255 18 23296 5 23357 20 23387 19 23465 2 23510 20 23552 5 23613 20 23643 19 23720 3 23765 27 23808 4 23869 20 23901 24 23971 8 24021 31 24063 4 24125 20 24157 13 24173 10 24195 2 24227 8 24274 35 24319 1 24381 20 24413 27 24451 2 24484 5 24527 39 24627 2 24636 25 24669 28 24706 3 24740 3 24782 40 24881 38 24923 32 24957 8 25036 43 25136 39 25179 42 25292 43 25391 40 25435 42 25547 44 25647 40 25690 45 25803 44 25890 5 25901 41 25945 50 26058 44 26111 1 26146 7 26157 41 26201 51 26313 44 26365 3 26389 4 26401 53 26455 56 26576 35 26621 3 26644 5 26656 54 26711 56 26832 34 26876 4 26900 5 26911 113 27088 34 27131 5 27156 4 27167 113 27344 35 27387 5 27413 2 27422 115 27599 38 27643 5 27669 2 27678 16 27695 98 27813 2 27855 40 27899 5 27925 2 27934 16 27953 96 28050 3 28064 8 28111 42 28155 5 28181 2 28190 16 28210 101 28319 10 28366 43 28411 5 28445 19 28465 120 28621 45 28669 3 28701 140 28877 45 28926 5 28957 140 29131 48 29183 5 29213 140 29387 48 29440 5 29469 140 29643 48 29696 5 29725 11 29740 126 29899 48 29952 5 29982 9 29995 128 30157 47 30208 5 30238 5 30251 128 30414 46 30464 7 30507 129 30672 44 30720 8 30743 4 30763 130 30929 43 30976 11 30999 5 31019 131 31186 43 31232 12 31255 5 31276 131 31443 41 31488 16 31511 7 31532 131 31699 41 31744 18 31767 8 31788 131 31955 41 32000 20 32024 9 32043 132 32212 39 32256 21 32282 8 32299 132 32468 38 32512 21 32539 8 32551 136 32725 36 32768 21 32795 8 32807 136 32981 36 33024 22 33052 147 33238 34 33280 23 33307 148 33495 33 33536 23 33563 148 33754 29 33792 23 33819 148 34011 28 34048 175 34268 27 34304 175 34525 26 34560 175 34740 4 34782 23 34816 175 34996 4 35038 23 35072 174 35251 5 35295 20 35328 175 35509 3 35552 17 35584 175 35809 13 35840 174 36065 12 36096 171 36323 6 36352 171 36581 3 36608 168 36863 167 37118 165 37307 2 37369 169 37561 5 37623 164 37814 11 37875 160 38037 4 38069 12 38130 159 38323 17 38345 7 38385 160 38579 18 38601 8 38639 162 38833 35 38894 162 39089 36 39149 163 39344 38 39404 164 39599 40 39660 164 39852 46 39915 165 40107 48 40171 164 40359 54 40427 164 40615 55 40683 164 40869 58 40937 165 41125 58 41193 164 41379 60 41447 173 41635 60 41703 174 41890 62 41959 175 42145 63 42215 179 42397 67 42472 248 42728 247 42985 246 43241 246 43499 244 43755 244 44015 241 44279 233 44536 232 44793 231 45050 230 45308 228 45567 224 45823 222 46079 221 46336 218 46591 218 46847 216 47103 215 47359 214 47615 214 47860 1 47871 212 48115 3 48121 218 48361 3 48371 3 48377 217 48615 8 48627 222 48871 8 48883 221 49126 234 49382 234 49637 234 49893 234 50149 234 50405 234 50659 237 50915 238 51171 238 51414 2 51428 245 51688 241 51944 241 52201 240 52457 243 52713 246 52969 248 53226 247 53483 247 53739 247 53995 248 54251 248 54507 248 54764 247 55020 247 55283 240 55540 239 55799 236 56056 236 56313 132 56448 100 56570 234 56827 136 56964 96 57085 132 57221 95 57343 131 57477 94 57599 133 57733 94 57856 227 58112 225 58368 225 58624 223 58880 220 59136 193 59331 22 59392 192 59587 22 59648 191 59845 18 59904 190 60101 16 60160 183 60357 14 60416 182 60614 3 60622 3 60672 182 60869 3 60928 181 61124 5 61184 181 61379 7 61440 181 61637 5 61696 180 61895 3 61952 179 62151 2 62208 179 62464 178 62720 177 62976 177 63232 177 63488 177 63744 176 64000 175 64256 175 64512 175 64768 176 65024 178 65280 179
675111,0 174 256 174 512 174 768 174 1024 174 1280 174 1536 174 1792 174 2048 174 2304 174 2560 175 2816 175 3072 175 3328 175 3584 175 3840 176 4096 177 4352 177 4608 177 4864 177 5120 177 5376 178 5632 178 5888 178 6144 179 6400 179 6656 179 6912 179 7168 179 7424 179 7680 180 7936 180 8192 180 8448 181 8704 181 8960 182 9216 182 9472 182 9728 182 9984 183 10240 183 10496 183 10752 183 11008 183 11264 184 11520 184 11776 185 12032 185 12288 185 12544 6 12555 174 12800 5 12811 174 13056 5 13067 174 13312 5 13323 174 13568 6 13577 176 13824 186 14080 186 14336 186 14592 187 14848 187 15104 187 15360 187 15616 187 15872 187 16128 188 16384 188 16640 188 16896 189 17152 189 17408 189 17664 189 17920 189 18176 189 18432 190 18688 190 18944 190 19200 191 19456 191 19712 191 19968 191 20224 191 20480 191 20736 191 20992 191 21248 192 21504 192 21760 193 22016 193 22272 193 22528 193 22784 193 23040 194 23296 194 23552 195 23808 195 24064 195 24320 195 24576 195 24832 195 25088 196 25344 196 25600 196 25856 197 26112 197 26368 197 26624 197 26880 197 27136 197 27392 197 27648 198 27904 198 28160 198 28416 198 28672 198 28928 198 29184 198 29440 198 29696 199 29952 199 30208 199 30464 200 30720 201 30976 201 31232 201 31488 201 31744 201 32000 202 32256 202 32512 202 32768 202 33024 202 33280 202 33536 202 33792 203 34048 203 34304 203 34560 203 34816 203 35072 203 35328 203 35584 203 35840 204 36096 204 36352 35 36398 159 36608 31 36655 158 36864 31 36911 158 37120 31 37166 159 37376 41 37421 160 37632 205 37888 206 38144 207 38400 207 38656 207 38912 207 39168 207 39424 208 39680 208 39936 208 40192 209 40448 209 40704 209 40960 209 41216 209 41472 209 41728 210 41984 210 42240 210 42496 210 42752 211 43008 211 43264 211 43520 211 43776 211 44032 211 44288 212 44544 212 44800 213 45056 213 45312 213 45568 213 45824 213 46080 213 46336 214 46592 214 46848 214 47104 215 47360 215 47616 215 47872 215 48128 215 48384 215 48640 215 48896 216 49152 216 49408 217 49664 217 49920 217 50176 217 50432 217 50688 217 50944 217 51200 218 51456 218 51712 218 51968 218 52224 219 52480 219 52736 219 52992 219 53248 219 53504 219 53760 219 54016 220 54272 220 54528 220 54784 220 55040 221 55296 221 55552 221 55808 221 56064 221 56320 221 56576 222 56832 222 57088 223 57344 223 57600 223 57856 223 58112 224 58368 225 58624 225 58880 99 58980 125 59136 225 59392 225 59648 226 59904 226 60160 226 60417 225 60675 224 60933 222 61191 220 61446 221 61699 224 61952 227 62208 227 62464 228 62720 228 62976 228 63232 228 63488 228 63744 229 64000 229 64256 229 64512 230 64768 231 65024 231 65280 231
677723,0 65536
680771,0 65536
682813,0 91 256 91 512 91 768 91 1024 91 1280 91 1536 91 1792 91 2048 91 2304 92 2560 92 2816 92 3072 93 3328 93 3584 93 3840 94 4096 94 4352 94 4608 95 4864 95 5120 95 5376 95 5632 95 5888 95 6144 95 6400 96 6656 96 6912 96 7168 96 7424 97 7680 97 7936 97 8192 97 8448 97 8704 97 8960 98 9216 98 9472 99 9728 99 9984 99 10240 99 10496 99 10752 99 11008 99 11264 99 11520 99 11776 99 12032 99 12288 100 12544 101 12800 101 13056 101 13312 101 13568 102 13824 102 14080 102 14336 102 14592 103 14848 103 15104 103 15360 103 15616 103 15872 103 16128 104 16384 104 16640 105 16896 105 17152 105 17408 105 17664 105 17920 105 18176 106 18432 106 18688 106 18944 106 19200 107 19456 107 19712 107 19968 107 20224 107 20480 107 20736 108 20992 108 21248 108 21504 108 21760 109 22016 109 22272 109 22528 109 22784 109 23040 110 23296 110 23552 110 23808 110 24064 111 24320 111 24576 111 24832 111 25088 111 25344 111 25600 111 25856 111 26112 111 26368 112 26624 112 26880 112 27136 113 27392 113 27648 113 27904 113 28160 113 28416 113 28672 113 28928 113 29184 113 29440 113 29696 113 29952 113 30208 113 30464 114 30720 114 30976 114 31232 115 31488 115 31744 115 32000 116 32256 116 32512 116 32768 116 33024 117 33280 117 33536 117 33792 117 34048 117 34304 117 34560 117 34816 117 35072 117 35328 118 35584 119 35840 119 36096 119 36352 119 36608 119 36864 120 37120 120 37376 120 37632 121 37888 121 38144 121 38400 121 38656 121 38912 121 39168 121 39424 122 39680 122 39936 122 40192 123 40448 123 40704 123 40960 123 41216 123 41472 123 41728 123 41984 124 42240 124 42496 125 42752 125 43008 125 43264 125 43520 126 43776 126 44032 126 44288 126 44544 127 44800 127 45056 127 45312 127 45568 127 45824 127 46080 128 46336 128 46592 129 46848 129 47104 129 47360 129 47616 129 47872 129 48128 129 48384 129 48640 129 48896 130 49152 130 49408 131 49664 131 49920 131 50176 131 50432 131 50688 131 50944 131 51200 131 51456 132 51712 132 51968 132 52224 131 52480 132 52736 132 52992 132 53248 133 53504 133 53760 133 54016 133 54272 133 54528 133 54784 133 55040 132 55296 132 55552 132 55808 132 56064 131 56320 131 56576 131 56832 132 56965 2 57088 135 57344 135 57600 131 57733 2 57856 131 57989 2 58112 131 58368 131 58624 131 58880 132 59136 134 59392 134 59648 134 59904 134 60160 134 60416 133 60672 133 60928 133 61184 131 61440 131 61696 131 61952 131 62208 131 62464 131 62720 131 62976 126 63104 2 63232 125 63361 1 63488 125 63744 123 64000 123 64256 122 64512 121 64768 119 65024 119 65280 109
688285,24 72 105 4 192 51 251 5 281 72 450 47 509 3 538 73 706 47 767 1 795 74 963 46 1051 74 1221 44 1311 70 1480 43 1567 70 1737 42 1821 71 1995 40 2077 71 2251 30 2283 8 2333 72 2509 38 2589 73 2765 38 2843 76 3022 38 3098 77 3278 37 3353 80 3535 36 3609 85 3791 36 3865 88 3954 11 4049 35 4121 102 4305 36 4377 103 4561 36 4633 104 4817 36 4888 105 5074 35 5144 105 5331 34 5400 107 5589 33 5655 109 5845 34 5887 1 5911 111 6042 7 6101 34 6142 2 6167 111 6297 8 6357 35 6397 3 6423 112 6552 18 6613 36 6652 4 6679 112 6807 19 6869 36 6907 5 6935 113 7062 21 7124 37 7163 5 7191 113 7317 22 7380 38 7419 5 7449 111 7573 21 7636 44 7706 110 7828 22 7892 44 7963 110 8083 22 8149 43 8219 110 8338 22 8405 43 8475 110 8591 25 8663 41 8731 112 8845 28 8919 41 8987 142 9175 41 9243 142 9431 41 9498 138 9637 3 9688 40 9754 137 9894 1 9944 40 10011 133 10201 39 10267 132 10457 39 10523 130 10713 39 10781 128 10970 38 11037 128 11227 37 11293 128 11483 37 11549 128 11739 37 11805 128 11995 37 12061 128 12252 36 12317 128 12509 35 12573 128 12765 35 12829 128 13022 28 13051 5 13085 128 13279 26 13308 4 13341 128 13535 26 13565 3 13598 126 13792 25 13821 3 13854 126 14048 25 14077 3 14111 125 14305 14 14320 8 14333 3 14367 126 14562 7 14577 6 14590 2 14623 127 14820 2 14833 6 14845 3 14879 128 15091 3 15100 4 15136 130 15355 5 15392 131 15611 5 15648 133 15865 7 15903 134 16120 8 16159 134 16375 9 16415 134 16630 10 16671 135 16809 4 16885 11 16927 143 17141 11 17183 144 17396 5 17404 4 17439 145 17652 5 17661 3 17696 145 17908 4 17918 2 17952 145 18165 1 18175 1 18209 144 18465 146 18721 146 18977 146 19233 147 19489 147 19746 147 20002 147 20259 146 20515 146 20771 147 21027 148 21283 148 21539 148 21795 148 22051 148 22307 148 22563 148 22819 148 23075 147 23332 145 23588 144 23844 143 24100 143 24356 142 24612 141 24868 141 25124 142 25381 141 25637 142 25893 142 26150 142 26407 141 26663 141 26919 141 27175 140 27431 139 27687 138 27943 136 28198 134 28455 132 28711 132 28968 130 29225 129 29481 128 29737 128 29994 127 30250 127 30507 125 30697 10 30763 124 30953 11 31019 124 31207 14 31274 125 31463 14 31529 104 31637 17 31718 15 31785 102 31893 16 31973 16 32043 100 32149 16 32229 16 32299 99 32405 17 32485 16 32555 98 32662 17 32741 16 32811 98 32919 16 32997 16 33068 96 33175 17 33251 19 33323 96 33431 16 33506 20 33579 92 33688 13 33759 23 33835 90 33944 12 34013 26 34091 90 34201 9 34269 26 34347 89 34457 6 34525 26 34603 87 34714 5 34781 25 34859 86 34971 6 35036 26 35115 86 35227 6 35287 2 35291 26 35372 84 35483 6 35541 33 35629 82 35738 7 35791 39 35885 81 35994 7 36047 39 36142 79 36250 7 36301 40 36398 79 36506 7 36556 41 36654 80 36762 6 36811 42 36910 81 37019 4 37067 42 37166 83 37276 1 37322 45 37422 83 37531 4 37577 48 37678 83 37785 7 37833 51 37934 83 38041 7 38089 52 38191 82 38295 10 38344 52 38447 82 38551 10 38600 52 38655 1 38703 51 38759 10 38770 15 38807 12 38856 42 38899 7 38910 2 38959 50 39015 10 39028 14 39062 13 39111 43 39158 3 39166 2 39216 49 39273 7 39286 13 39318 13 39367 42 39421 3 39472 49 39529 6 39543 12 39574 14 39623 42 39678 2 39729 48 39787 2 39803 8 39831 13 39878 43 39935 1 39985 48 40060 7 40087 13 40134 42 40191 1 40241 48 40317 6 40343 13 40390 41 40447 1 40497 49 40573 6 40600 12 40646 40 40703 1 40753 49 40857 11 40902 37 41009 50 41113 11 41158 35 41265 50 41369 12 41413 34 41469 1 41522 49 41625 14 41669 34 41779 48 41882 15 41924 32 42035 47 42138 15 42179 32 42292 46 42395 14 42435 31 42548 46 42651 6 42659 6 42690 32 42804 45 42916 4 42945 32 43060 45 43174 1 43201 32 43316 44 43455 34 43572 43 43711 34 43827 44 43966 35 44083 43 44222 35 44339 44 44467 3 44479 34 44596 43 44722 5 44735 34 44852 47 44977 7 44991 34 45109 47 45234 7 45247 34 45365 48 45491 44 45621 48 45746 45 45877 49 46001 46 46133 50 46257 46 46389 50 46502 4 46512 47 46645 51 46756 7 46768 47 46901 51 47011 8 47024 48 47157 51 47267 8 47280 48 47413 51 47523 10 47538 47 47669 51 47778 11 47794 47 47927 50 48033 14 48049 48 48183 50 48288 65 48440 49 48542 17 48562 47 48696 50 48797 17 48818 47 48953 50 49006 5 49053 16 49074 47 49209 50 49260 9 49309 16 49331 45 49465 62 49565 16 49589 42 49722 61 49820 17 49845 41 49981 59 50075 18 50100 38 50237 60 50331 18 50355 36 50493 59 50587 19 50610 36 50748 59 50843 20 50866 36 51004 59 51098 59 51261 58 51354 58 51517 57 51611 56 51773 58 51867 56 52029 60 52124 55 52285 62 52381 53 52542 68 52637 50 52798 69 52893 50 53054 71 53150 49 53311 70 53406 48 53567 70 53663 46 53823 70 53919 46 54078 71 54177 44 54334 71 54438 40 54590 72 54701 32 54847 71 54957 32 55105 73 55213 32 55360 74 55469 32 55616 76 55725 31 55873 76 55981 31 56129 76 56237 30 56385 77 56493 30 56641 78 56749 30 56897 78 57005 30 57153 78 57259 32 57409 77 57515 32 57666 71 57771 32 57922 71 58026 33 58179 69 58273 2 58283 33 58435 68 58528 5 58539 34 58691 68 58781 11 58794 35 58947 68 59036 13 59050 34 59203 67 59291 49 59459 67 59546 49 59714 67 59800 51 59970 67 60055 52 60226 66 60309 43 60354 7 60483 65 60564 35 60611 5 60739 64 60819 33 60867 2 60995 63 61074 29 61118 4 61252 59 61329 30 61374 5 61508 59 61583 32 61629 6 61764 58 61838 33 61885 6 62020 57 62093 34 62141 5 62276 57 62349 33 62397 5 62532 56 62605 33 62654 3 62788 54 62862 31 62911 1 63044 53 63118 31 63301 52 63375 30 63557 52 63631 29 63813 52 63887 28 64069 52 64143 28 64325 52 64391 35 64581 52 64635 1 64645 36 64837 52 64890 3 64900 37 65093 57 65155 40 65349 59 65410 43
689810,0 65536
692688,0 8705 8708 252 8965 251 9221 251 9477 251 9733 251 9989 251 10245 251 10502 250 10758 250 11015 249 11271 249 11527 249 11784 248 12041 247 12298 246 12554 246 12810 246 13065 247 13321 247 13578 246 13834 246 14091 245 14348 244 14605 243 14861 243 15117 243 15373 243 15630 242 15887 241 16143 241 16399 241 16655 241 16911 241 17167 241 17423 241 17680 240 17936 240 18195 237 18451 237 18707 237 18963 237 19220 236 19476 236 19732 236 19989 235 20245 235 20501 235 20757 235 21013 235 21269 235 21525 235 21783 233 22041 231 22297 231 22553 231 22809 231 23064 232 23320 232 23577 231 23835 229 24091 229 24347 229 24603 229 24859 229 25115 229 25371 229 25629 227 25885 227 26141 227 26397 227 26654 226 26910 226 27166 226 27422 226 27679 225 27936 224 28193 223 28448 224 28704 224 28959 225 29215 225 29472 224 29728 224 29985 223 30242 222 30498 222 30754 222 31011 221 31267 221 31523 221 31780 220 32037 219 32293 219 32549 219 32805 219 33061 219 33318 218 33576 216 33832 216 34088 216 34344 216 34599 217 34855 217 35111 217 35368 216 35625 215 35881 215 36137 215 36393 215 36650 214 36906 214 37163 2 37166 210 37419 2 37422 210 37678 210 37934 210 38189 211 38445 211 38701 211 38957 211 39213 211 39471 209 39729 207 39985 207 40241 207 40497 207 40754 206 41010 206 41267 205 41523 205 41779 205 42035 205 42291 205 42547 205 42803 205 43060 204 43317 203 43574 202 43830 202 44086 202 44343 201 44599 201 44857 199 45113 199 45369 199 45625 199 45881 199 46137 199 46395 197 46651 197 46908 196 47164 196 47420 196 47676 196 47933 195 48189 195 48447 193 48703 193 48959 193 49215 193 49471 193 49728 192 49985 191 50241 191 50497 191 50753 191 51009 191 51265 191 51521 191 51778 190 52035 189 52291 189 52547 189 52804 188 53060 188 53316 188 53571 189 53827 189 54087 185 54343 185 54599 185 54855 185 55111 185 55368 184 55624 184 55881 183 56137 183 56393 183 56649 183 56905 183 57161 183 57418 182 57674 182 57931 181 58188 180 58444 180 58701 179 58957 179 59213 179 59469 179 59726 178 59983 177 60239 177 60495 177 60751 177 61007 177 61265 175 61521 175 61777 175 62033 175 62290 174 62547 173 62803 173 63060 172 63317 171 63573 171 63829 171 64085 171 64342 170 64598 170 64855 169 65111 169 65367 169
694806,71 38 126 33 181 38 315 2 327 38 382 33 437 38 571 3 583 38 638 33 693 38 825 7 835 42 895 32 951 37 1080 52 1151 32 1207 38 1335 53 1407 32 1465 37 1591 53 1664 31 1710 1 1721 37 1847 53 1923 28 1964 5 1979 36 2103 53 2180 27 2219 6 2236 35 2359 52 2437 26 2475 6 2493 34 2531 9 2615 51 2695 25 2731 6 2749 34 2785 11 2869 42 2951 25 2988 5 3006 47 3123 43 3208 24 3244 4 3261 48 3378 43 3465 14 3482 7 3517 48 3633 44 3721 13 3739 5 3773 48 3889 44 3981 7 4027 50 4145 44 4239 4 4281 52 4402 42 4537 51 4658 41 4792 52 4914 40 5048 51 5171 38 5304 51 5427 35 5559 52 5683 34 5815 52 5888 1 5941 32 6070 51 6144 1 6197 32 6325 52 6400 2 6457 28 6582 41 6656 3 6719 22 6839 39 6912 3 6977 1 6989 8 7096 37 7168 3 7247 6 7353 36 7424 3 7616 29 7680 3 7872 29 7936 3 8128 29 8191 4 8383 30 8447 4 8639 30 8700 7 8893 32 8955 8 9147 35 9209 10 9402 39 9465 11 9656 42 9721 11 9911 44 9977 11 10167 44 10225 5 10234 10 10422 45 10481 5 10491 9 10679 44 10735 8 10748 8 10935 44 10989 10 11005 7 11191 44 11243 13 11262 6 11448 44 11499 14 11517 7 11705 43 11753 16 11772 8 11962 42 12009 16 12027 8 12107 4 12219 40 12268 22 12361 6 12475 39 12527 17 12615 8 12733 34 12787 13 12867 12 12990 31 13045 1 13051 5 13097 3 13121 13 13249 26 13307 5 13351 8 13378 12 13506 27 13564 4 13605 12 13636 9 13763 28 13861 14 13893 6 14020 28 14115 18 14151 3 14277 30 14370 20 14533 30 14624 23 14790 30 14879 24 15046 3 15055 21 15129 30 15312 20 15385 30 15556 3 15569 19 15639 31 15811 5 15826 17 15895 30 16067 6 16083 16 16127 1 16151 34 16323 6 16340 15 16383 1 16407 34 16578 7 16598 12 16639 1 16664 35 16834 8 16855 12 16921 36 17041 4 17090 8 17110 13 17177 36 17295 9 17347 7 17366 13 17433 37 17550 11 17603 7 17622 13 17689 38 17805 12 17860 5 17878 13 17946 37 18060 13 18117 3 18134 13 18201 38 18311 22 18391 6 18457 38 18567 24 18713 38 18821 27 18969 38 19077 27 19225 38 19333 27 19481 38 19589 27 19736 38 19845 26 19991 39 20101 26 20247 39 20357 24 20503 39 20613 24 20759 38 20870 21 21015 38 21127 20 21271 38 21385 2 21397 3 21527 38 21782 39 22038 39 22293 40 22549 40 22805 40 23061 39 23317 38 23574 37 23831 35 24088 34 24351 28 24608 27 24868 23 25125 23 25383 22 25639 22 25895 22 26151 23 26408 22 26557 8 26665 21 26811 11 26885 1 26903 4 26921 21 27067 12 27139 6 27157 10 27178 19 27323 13 27392 11 27411 14 27436 17 27578 14 27648 11 27666 15 27693 15 27834 15 27904 13 27919 19 27953 9 28090 15 28160 13 28174 21 28212 5 28315 2 28345 16 28416 35 28570 4 28602 15 28672 35 28825 6 28858 15 28928 35 29080 7 29115 14 29184 35 29332 1 29335 8 29371 14 29440 35 29586 12 29627 14 29696 35 29841 13 29883 14 29952 35 30095 16 30140 12 30208 35 30351 16 30396 11 30464 35 30605 22 30653 9 30720 35 30861 22 30910 7 30976 35 31117 23 31232 35 31373 23 31488 35 31629 23 31744 35 31885 23 32000 34 32139 24 32256 33 32395 24 32512 32 32650 23 32768 31 32906 10 32917 10 33024 29 33162 9 33280 28 33418 9 33536 23 33602 13 33621 5 33675 5 33792 22 33857 16 33876 7 34048 22 34112 27 34159 9 34195 8 34304 21 34367 29 34414 10 34451 8 34560 23 34624 27 34669 12 34705 12 34778 5 34810 1 34816 23 34880 27 34925 12 34961 13 35033 8 35064 31 35137 18 35156 6 35181 13 35216 14 35288 11 35318 33 35394 15 35413 4 35437 13 35471 15 35544 11 35573 34 35653 10 35694 12 35727 15 35800 12 35828 35 35910 8 35951 11 35983 15 36056 13 36083 13 36099 16 36207 10 36239 15 36312 13 36338 14 36357 14 36464 9 36496 15 36568 14 36593 15 36615 10 36721 9 36752 15 36824 14 36848 16 36872 8 36977 9 37008 16 37080 14 37104 16 37130 3 37232 11 37264 17 37336 14 37358 18 37488 11 37519 18 37591 15 37612 20 37743 13 37775 18 37838 3 37846 42 37999 14 38031 18 38093 6 38101 43 38251 20 38286 20 38343 57 38506 22 38542 21 38596 60 38761 24 38797 28 38851 61 39016 25 39053 30 39107 61 39207 5 39271 28 39309 31 39362 62 39462 8 39527 28 39565 32 39617 63 39717 10 39781 30 39822 31 39872 64 39972 12 40037 30 40078 31 40128 64 40228 13 40291 32 40335 31 40383 65 40484 13 40545 34 40591 31 40637 61 40699 5 40740 13 40799 36 40847 31 40887 65 40957 3 40997 12 41055 35 41103 32 41143 64 41213 3 41254 10 41309 36 41360 31 41397 64 41468 4 41510 10 41565 36 41616 31 41653 64 41724 4 41767 7 41821 36 41873 99 41980 4 42024 5 42077 36 42130 98 42236 4 42333 36 42387 98 42492 4 42589 36 42643 100 42747 5 42768 8 42845 36 42901 107 43021 12 43058 3 43081 6 43101 37 43159 105 43272 17 43313 6 43333 12 43357 38 43419 101 43526 21 43568 7 43587 14 43613 38 43676 100 43780 33 43823 9 43842 17 43868 39 43933 99 44035 34 44078 11 44098 17 44123 40 44189 99 44290 37 44334 18 44353 18 44379 40 44445 99 44545 38 44589 39 44635 39 44701 99 44801 39 44845 84 44957 99 45057 39 45101 84 45213 139 45358 56 45415 24 45474 133 45613 82 45731 130 45867 82 45989 127 46122 81 46245 124 46379 80 46501 123 46636 78 46750 1 46757 122 46894 77 47004 5 47013 122 47151 78 47259 131 47407 81 47507 4 47515 131 47663 82 47761 141 47919 84 48014 144 48175 84 48269 145 48431 86 48522 148 48687 87 48776 150 48943 238 49199 209 49409 28 49454 239 49709 239 49963 241 50219 240 50475 240 50731 238 50988 186 51177 48 51244 186 51433 47 51501 106 51613 72 51689 47 51757 104 51868 75 51944 24 51970 22 52013 104 52122 102 52227 21 52268 105 52378 102 52483 20 52524 212 52739 20 52780 212 52993 22 53036 235 53292 234 53549 16 53569 212 53805 16 53825 210 54065 10 54081 208 54322 9 54337 208 54582 4 54593 208 54848 209 55102 211 55357 212 55612 68 55688 137 55868 69 55945 119 56065 15 56123 22 56150 45 56201 119 56321 15 56379 22 56407 44 56457 119 56577 14 56635 22 56661 47 56713 119 56833 14 56889 26 56916 50 56967 121 57091 11 57143 4 57151 193 57347 11 57399 4 57407 173 57581 19 57603 10 57654 5 57665 169 57839 17 57860 9 57910 4 57921 169 58096 16 58116 11 58177 191 58372 11 58433 191 58627 12 58688 192 58882 12 58944 192 59137 12 59199 193 59393 12 59410 1 59455 193 59649 12 59662 8 59711 16 59732 172 59905 9 59917 10 59967 14 59989 171 60162 3 60171 12 60224 13 60246 18 60267 149 60427 12 60480 13 60503 16 60524 148 60681 14 60737 11 60762 13 60780 148 60937 14 60993 11 61019 165 61192 15 61250 11 61277 163 61447 15 61506 11 61533 163 61703 14 61763 11 61789 75 61875 3 61884 68 61958 15 62019 14 62045 74 62141 67 62214 14 62276 13 62303 71 62397 67 62467 2 62470 13 62532 14 62559 70 62654 66 62723 1 62726 9 62787 14 62816 5 62823 60 62911 65 62982 7 63042 14 63072 5 63079 34 63114 25 63167 65 63240 4 63297 10 63327 6 63335 34 63371 23 63424 64 63496 3 63509 4 63552 15 63582 43 63627 23 63681 63 63763 8 63807 20 63837 42 63883 22 63941 59 64019 8 64063 20 64093 41 64139 22 64197 59 64275 8 64318 23 64349 40 64395 22 64453 59 64530 9 64573 24 64605 40 64652 21 64708 60 64785 10 64813 11 64827 27 64861 38 64911 17 64963 61 65041 10 65069 41 65117 38 65170 14 65218 62 65297 10 65323 44 65375 36 65427 13 65473 63
695503,0 65536
701596,6 69 93 60 181 42 238 18 262 68 350 58 432 3 437 42 494 18 518 67 607 57 688 4 693 41 751 17 774 65 863 56 943 47 1007 17 1030 64 1119 56 1198 47 1263 22 1287 62 1375 56 1453 48 1520 21 1543 62 1631 55 1696 5 1708 49 1777 20 1801 60 1887 54 1949 12 1963 45 2036 17 2057 60 2143 42 2205 58 2297 13 2314 59 2400 41 2459 44 2508 11 2554 12 2571 27 2601 28 2657 40 2714 45 2765 10 2813 10 2829 13 2846 7 2857 28 2919 33 2969 46 3022 8 3071 8 3085 14 3103 6 3114 27 3176 31 3225 45 3279 7 3327 8 3343 12 3371 24 3433 30 3481 44 3537 4 3583 8 3599 11 3627 20 3690 29 3737 38 3776 5 3793 3 3839 8 3855 11 3885 15 3946 28 3993 38 4095 8 4111 10 4145 9 4202 28 4249 37 4351 8 4369 6 4459 22 4505 37 4606 9 4715 20 4761 37 4862 8 4981 8 5017 37 5071 4 5114 12 5239 5 5272 38 5326 6 5369 12 5526 40 5581 9 5623 16 5781 41 5837 10 5879 18 6033 45 6092 19 6133 21 6289 45 6347 21 6389 22 6543 46 6605 20 6645 22 6798 47 6861 20 6901 22 6957 1 7050 47 7119 19 7157 22 7305 48 7375 19 7413 24 7501 2 7559 48 7633 18 7671 22 7755 4 7811 2 7815 47 7889 18 7927 23 8011 6 8063 42 8106 11 8145 18 8185 22 8266 7 8319 41 8364 9 8401 18 8441 23 8523 6 8575 40 8621 6 8655 20 8697 24 8780 4 8831 40 8877 6 8911 20 8952 25 9087 40 9134 4 9167 20 9207 26 9342 41 9391 1 9423 20 9463 21 9598 41 9679 20 9718 21 9854 41 9935 20 9974 20 10110 41 10191 19 10230 19 10366 41 10447 19 10486 19 10621 41 10703 18 10742 20 10877 41 10958 19 10998 20 11133 40 11209 23 11255 19 11365 5 11389 40 11465 22 11511 18 11619 9 11645 40 11721 17 11768 17 11874 11 11901 40 11978 15 12025 15 12128 13 12145 5 12157 39 12235 14 12281 15 12355 2 12383 14 12400 7 12413 38 12491 14 12539 12 12608 9 12639 25 12668 38 12721 4 12747 14 12798 9 12863 11 12894 27 12923 39 12977 5 13003 14 13055 7 13118 15 13145 1 13149 28 13178 39 13232 7 13259 14 13312 6 13374 16 13399 4 13404 69 13488 7 13515 14 13568 6 13629 17 13653 80 13743 12 13771 14 13823 7 13885 17 13909 73 13984 6 13999 12 14028 13 14079 7 14127 33 14164 72 14240 6 14253 16 14273 2 14285 11 14335 7 14381 35 14419 72 14496 6 14508 23 14541 11 14591 7 14633 114 14751 6 14762 27 14798 10 14846 8 14888 124 15017 28 15054 9 15101 9 15143 122 15272 31 15311 8 15356 11 15399 103 15505 16 15528 31 15567 7 15611 12 15655 101 15768 9 15784 33 15825 3 15865 14 15911 101 16024 10 16039 34 16121 15 16164 101 16280 49 16376 17 16419 100 16536 49 16632 23 16674 99 16781 2 16792 49 16887 25 16929 100 17037 2 17048 49 17143 25 17185 99 17292 4 17303 50 17399 26 17441 45 17487 9 17497 43 17548 3 17559 50 17654 28 17697 45 17754 42 17815 50 17899 6 17908 30 17953 44 18010 42 18071 50 18153 44 18209 46 18267 42 18327 49 18407 47 18465 47 18523 42 18583 49 18662 49 18721 47 18781 40 18839 49 18911 56 18977 48 19038 39 19095 49 19165 59 19231 50 19300 34 19351 50 19418 62 19481 55 19556 34 19607 50 19672 119 19812 34 19863 50 19927 112 20041 4 20068 34 20119 50 20182 112 20299 1 20325 32 20375 50 20437 113 20581 32 20632 49 20693 112 20840 29 20889 40 20933 3 20948 113 21097 18 21118 7 21146 38 21204 113 21355 14 21376 5 21403 35 21460 113 21611 14 21632 4 21660 34 21716 111 21832 2 21856 5 21869 10 21917 32 21973 109 22088 3 22111 6 22125 8 22173 31 22229 109 22341 8 22367 7 22384 4 22429 31 22486 107 22597 9 22622 9 22684 32 22743 106 22852 11 22878 9 22940 33 23000 105 23108 11 23134 9 23197 33 23257 104 23364 12 23390 8 23453 36 23506 3 23515 102 23620 12 23646 7 23709 36 23760 6 23771 102 23877 11 23903 5 23925 4 23973 27 24014 9 24026 103 24133 11 24159 4 24179 7 24230 18 24251 4 24269 10 24281 39 24321 40 24365 34 24425 17 24486 19 24509 26 24536 40 24577 38 24621 33 24680 18 24741 20 24766 66 24833 30 24878 29 24935 19 24997 22 25021 67 25090 28 25133 28 25191 19 25252 91 25346 26 25389 26 25444 22 25507 90 25602 27 25645 26 25699 23 25762 90 25857 20 25880 6 25901 26 25955 24 26008 3 26013 94 26113 19 26137 6 26157 26 26209 26 26261 100 26369 16 26411 28 26465 27 26514 103 26625 14 26666 29 26721 28 26769 104 26880 12 26920 31 26976 37 27023 103 27136 12 27175 32 27232 37 27279 102 27392 11 27429 34 27488 39 27534 101 27648 12 27685 36 27744 40 27789 101 27904 12 27941 38 27999 42 28043 103 28160 13 28197 39 28254 43 28298 103 28416 13 28453 39 28509 148 28672 13 28710 38 28764 148 28928 13 28967 31 28999 5 29019 148 29184 13 29223 31 29255 5 29275 148 29440 13 29479 31 29514 2 29531 152 29696 14 29735 31 29787 152 29952 15 29990 32 30043 154 30208 16 30246 33 30299 154 30464 16 30502 33 30555 158 30720 17 30758 33 30811 158 30976 17 31015 32 31067 182 31271 32 31323 181 31527 34 31579 181 31783 31 31816 1 31835 179 32040 29 32092 177 32297 27 32349 175 32527 4 32555 24 32604 185 32810 8 32823 11 32860 187 33052 3 33065 6 33116 188 33305 8 33321 7 33372 198 33576 8 33628 199 33831 10 33883 214 34138 215 34393 217 34645 221 34901 222 35156 223 35412 223 35669 222 35925 221 36183 165 36350 51 36439 117 36563 40 36607 50 36696 115 36820 39 36863 48 36952 115 37075 39 37119 46 37209 114 37331 39 37375 45 37465 115 37587 39 37632 42 37699 4 37722 115 37843 38 37888 41 37955 6 37978 115 38099 36 38144 40 38209 13 38235 113 38353 38 38400 39 38465 14 38491 113 38609 37 38656 37 38721 16 38748 111 38863 38 38912 35 38976 19 39004 111 39119 38 39168 32 39232 19 39261 97 39360 9 39375 38 39424 32 39488 19 39517 96 39618 7 39631 38 39680 31 39744 21 39774 94 39887 38 39936 25 40000 21 40030 94 40143 38 40192 23 40255 22 40287 92 40400 36 40448 23 40511 23 40544 91 40657 34 40704 22 40765 25 40803 86 40913 33 40961 20 41021 25 41060 5 41067 76 41170 32 41209 7 41221 1 41225 10 41275 28 41325 71 41427 31 41461 11 41481 10 41528 31 41581 71 41683 45 41736 9 41775 39 41837 70 41939 45 41992 8 42031 39 42094 69 42195 45 42249 7 42287 39 42352 17 42372 48 42451 45 42505 7 42543 39 42592 7 42609 16 42629 48 42707 45 42761 7 42798 39 42845 11 42867 13 42887 46 42959 49 43017 7 43054 39 43101 11 43125 11 43143 46 43215 49 43274 6 43309 40 43356 12 43381 10 43399 46 43471 49 43531 5 43563 42 43612 11 43638 9 43655 45 43726 50 43789 2 43807 54 43868 10 43911 45 43981 51 44063 54 44124 10 44166 11 44179 9 44189 22 44236 52 44319 54 44381 8 44423 10 44447 20 44491 53 44574 55 44637 7 44680 9 44705 17 44747 53 44829 56 44895 4 44937 8 44965 12 45003 53 45085 56 45152 3 45193 8 45222 11 45261 51 45313 2 45340 57 45409 4 45450 7 45480 3 45505 1 45517 51 45569 3 45596 57 45665 4 45707 6 45737 1 45758 6 45774 50 45825 4 45852 57 45921 5 45963 6 46007 14 46031 49 46081 4 46107 59 46177 5 46219 6 46255 2 46260 18 46287 49 46337 4 46363 61 46434 3 46510 26 46543 49 46593 4 46619 62 46685 2 46690 3 46765 28 46799 49 46849 3 46875 73 47017 33 47055 49 47106 1 47131 74 47272 35 47309 51 47388 75 47527 89 47645 75 47783 89 47902 75 48037 91 48159 75 48293 91 48399 6 48420 71 48534 5 48548 92 48647 16 48678 69 48789 7 48803 93 48901 28 48935 68 49037 5 49044 9 49059 93 49157 29 49191 68 49291 20 49314 94 49411 32 49447 68 49538 126 49667 32 49703 68 49792 128 49923 103 50045 131 50179 102 50301 131 50435 101 50557 131 50689 102 50813 231 51069 230 51325 228 51581 228 51837 228 52094 227 52351 226 52609 224 52865 2 52869 221 53127 219 53373 6 53383 220 53627 232 53882 233 54137 134 54272 99 54392 133 54528 99 54647 131 54784 99 54901 132 55040 99 55153 134 55296 99 55407 136 55552 37 55593 59 55661 138 55808 35 55849 24 55874 34 55916 139 56064 37 56113 51 56171 139 56320 37 56370 50 56427 139 56576 37 56627 50 56683 140 56832 37 56883 50 56940 139 57088 37 57139 24 57165 24 57196 141 57343 38 57396 23 57422 23 57451 142 57599 38 57653 21 57679 21 57707 110 57821 28 57855 38 57910 20 57936 6 57943 12 57963 110 58077 29 58111 36 58167 20 58193 4 58199 12 58219 143 58365 38 58423 20 58450 3 58455 12 58475 143 58619 39 58679 20 58705 4 58712 9 58731 183 58936 19 58961 5 58969 7 58987 184 59193 18 59216 9 59226 5 59242 185 59449 18 59471 16 59498 185 59706 17 59727 17 59754 144 59899 40 59963 16 59983 18 60010 144 60155 40 60221 14 60238 19 60265 145 60412 39 60480 11 60493 21 60521 144 60669 18 60691 15 60741 30 60777 145 60925 16 60947 14 60999 28 61033 145 61179 18 61203 13 61255 197 61460 11 61511 195 61717 8 61768 193 61975 4 62024 192 62279 192 62534 186 62721 4 62787 189 62977 4 63041 191 63234 1 63295 144 63457 28 63486 2 63489 3 63551 144 63714 35 63773 5 63807 144 63971 34 64028 7 64063 144 64227 46 64282 9 64318 71 64392 71 64484 47 64537 10 64573 71 64649 70 64741 48 64791 12 64828 71 64906 69 64999 60 65083 72 65162 69 65256 58 65339 24 65365 33 65403 7 65419 68 65513 23
702433,0 65536
711772, 
715702,0 65536
719371,0 18 82 192 338 192 593 194 848 195 1095 204 1339 1 1347 210 1591 226 1838 237 2093 240 2349 241 2605 242 2858 245 3112 247 3366 48 3415 200 3621 49 3671 200 3876 251 4132 251 4387 252 4642 254 4897 255 5153 18 5176 19 5197 229 5433 16 5453 8 5466 199 5667 14 5691 13 5710 7 5721 199 5927 5 5949 9 5968 3 5977 199 6205 7 6225 2 6232 200 6488 200 6744 199 7000 199 7257 198 7513 198 7769 199 8025 5 8031 193 8281 4 8289 192 8538 3 8545 192 8794 3 8800 193 9057 192 9316 189 9572 189 9829 188 10084 188 10340 187 10595 186 10851 184 11107 184 11363 183 11619 183 11875 183 12131 183 12387 184 12645 182 12903 182 13088 1 13163 183 13421 183 13677 183 13934 181 14191 180 14447 182 14703 182 14960 181 15217 180 15426 5 15474 180 15681 8 15735 175 15937 10 15992 180 16192 13 16249 180 16448 13 16506 180 16704 14 16719 6 16763 180 16959 22 17019 182 17215 24 17277 181 17471 24 17533 184 17727 24 17791 184 17983 25 18048 184 18240 24 18304 185 18496 24 18559 186 18753 10 18765 12 18815 186 19009 10 19021 11 19071 186 19266 9 19277 11 19327 186 19522 9 19532 12 19582 185 19779 20 19837 185 20035 20 20092 162 20261 9 20275 1 20291 20 20347 163 20548 18 20601 164 20804 17 20855 166 21060 17 21111 166 21305 3 21315 18 21365 166 21559 29 21621 162 21814 28 21877 160 22070 27 22132 161 22324 28 22388 161 22579 22 22603 5 22643 161 22833 23 22860 3 22900 161 23088 24 23116 3 23156 161 23342 26 23372 3 23414 159 23576 1 23601 23 23627 8 23671 164 23858 37 23928 163 24115 37 24185 162 24371 38 24439 164 24627 39 24684 164 24849 10 24886 37 24937 177 25141 38 25191 174 25397 38 25443 179 25653 42 25697 188 25908 235 26145 5 26164 245 26413 9106 35520 253 35777 251 36033 249 36290 241 36547 238 36803 220 37024 2 37030 11 37059 215 37288 9 37315 214 37545 8 37571 214 37801 9 37826 215 38058 8 38082 214 38315 6 38337 214 38571 6 38592 213 38829 2 38842 218 39097 217 39351 218 39607 218 39861 219 40117 217 40373 216 40628 216 40885 215 41141 4 41152 203 41410 201 41667 201 41925 199 42181 200 42438 199 42694 199 42951 198 43208 197 43465 196 43722 193 43979 191 44236 188 44493 186 44750 185 45009 183 45265 184 45522 183 45778 183 46009 2 46033 184 46264 5 46289 184 46517 10 46545 184 46773 12 46800 184 47027 17 47055 185 47283 18 47310 185 47538 21 47563 188 47793 213 48013 3 48047 215 48269 4 48302 215 48523 8 48557 215 48778 10 48796 3 48809 218 49034 10 49050 6 49063 221 49289 10 49305 6 49319 221 49545 8 49561 5 49575 221 49801 8 49817 5 49831 222 50060 1 50075 2 50086 223 50342 223 50597 224 50853 224 51109 224 51365 224 51621 224 51877 224 52132 225 52371 1 52388 225 52623 7 52643 226 52877 10 52899 225 53133 12 53154 226 53389 12 53410 225 53645 12 53658 233 53901 245 54157 244 54413 244 54669 244 54925 244 55181 244 55437 245 55694 11 55707 232 55951 10 55963 234 56211 4 56219 234 56475 235 56733 234 56989 234 57247 233 57504 232 57763 230 58019 9 58029 220 58277 6 58286 219 58533 6 58543 217 58789 6 58800 9 58815 201 59045 6 59057 8 59072 199 59301 8 59319 2 59330 197 59557 7 59587 195 59814 5 59845 192 60071 4 60102 190 60360 187 60617 11 60630 88 60723 80 60876 5 60889 86 60980 79 61145 86 61237 78 61345 1 61401 86 61493 78 61600 4 61657 87 61751 76 61854 7 61913 87 62007 76 62109 8 62169 88 62264 75 62367 6 62425 88 62521 73 62627 2 62681 89 62777 73 62937 89 63034 71 63193 88 63290 71 63449 88 63546 71 63705 88 63802 71 63961 85 64047 2 64058 71 64217 84 64314 72 64471 86 64569 75 64725 88 64824 79 64978 91 65072 1 65078 81 65233 92 65327 89 65487 49
722180,0 232 256 231 512 231 768 231 1024 231 1280 232 1536 232 1792 233 2048 233 2304 233 2560 233 2816 234 3072 234 3328 234 3584 234 3840 235 4096 235 4352 235 4608 235 4864 236 5120 237 5376 237 5632 237 5888 237 6144 237 6400 237 6656 237 6912 238 7168 238 7424 238 7680 238 7936 239 8192 239 8448 239 8704 239 8960 240 9216 240 9472 241 9728 241 9984 241 10240 241 10496 241 10752 241 11008 241 11264 242 11520 242 11776 242 12032 242 12288 243 12544 243 12800 243 13056 243 13312 243 13568 243 13824 243 14080 243 14336 244 14592 245 14848 245 15104 245 15360 245 15616 245 15872 245 16128 246 16384 246 16640 247 16896 247 17152 247 17405 250 17661 251 17916 252 18172 253 18428 253 18684 253 18940 253 19196 253 19451 254 19707 255 19963 1794 21758 254 22016 252 22272 252 22528 252 22784 253 23040 253 23296 253 23552 253 23808 253 24064 253 24320 253 24576 254 24832 254 25088 255 25344 19975 45321 252 45579 249 45837 246 46093 248 46347 252 46602 1293 47902 249 48159 248 48415 248 48671 247 48927 246 49184 241 49440 241 49697 240 49958 235 50217 232 50474 232 50730 232 50987 231 51243 231 51498 232 51754 231 52010 230 52265 230 52522 228 52779 227 53035 227 53292 227 53550 225 53807 225 54063 225 54319 225 54573 226 54829 226 55083 228 55337 230 55593 229 55848 231 56103 232 56359 205 56567 24 56614 205 56827 21 56869 206 57084 21 57125 206 57341 20 57381 206 57598 20 57637 206 57855 19 57894 205 58111 20 58150 205 58367 20 58406 205 58623 20 58662 205 58878 21 58919 204 59134 20 59175 204 59389 20 59431 203 59644 21 59689 201 59897 23 59947 199 60153 22 60204 198 60409 21 60461 198 60666 19 60717 200 60923 18 60973 26 61002 171 61179 15 61229 22 61261 170 61433 16 61485 22 61517 186 61741 22 61772 187 61998 21 62028 42 62071 144 62257 18 62283 43 62327 144 62515 15 62539 43 62583 144 62773 12 62795 188 63030 11 63052 187 63290 5 63308 187 63549 1 63564 187 63819 187 64075 186 64269 1 64331 186 64523 4 64587 186 64777 8 64842 187 65031 10 65098 187 65286 11 65353 183
726981,30 25 106 20 289 23 362 12 375 6 547 21 618 11 804 21 874 10 995 4 1061 21 1129 11 1249 8 1317 22 1385 10 1505 8 1573 22 1641 10 1760 10 1829 22 1895 12 2015 12 2085 22 2151 11 2270 13 2341 21 2407 10 2525 18 2597 21 2663 10 2779 22 2853 20 2919 9 3035 23 3109 20 3175 9 3291 23 3366 17 3431 8 3449 3 3547 24 3576 8 3623 15 3688 7 3705 2 3803 24 3831 9 3879 12 3945 4 4057 39 4136 10 4203 2 4312 40 4394 7 4564 44 4653 2 4820 44 5075 45 5331 45 5422 16 5586 46 5677 18 5842 47 5933 19 6099 46 6189 19 6355 48 6444 20 6609 50 6699 21 6864 51 6953 23 7115 56 7208 24 7370 57 7463 26 7625 58 7719 28 7881 57 7975 31 8136 57 8231 32 8392 56 8488 31 8647 57 8744 32 8903 57 9000 32 9158 58 9255 34 9414 58 9511 34 9670 58 9766 35 9926 58 10021 35 10181 58 10277 35 10437 58 10532 36 10692 57 10788 35 10948 57 11043 36 11203 58 11298 37 11459 58 11543 3 11553 38 11715 57 11799 4 11809 37 11970 58 12055 5 12063 40 12225 58 12311 6 12319 40 12443 3 12481 56 12569 46 12697 7 12737 53 12827 43 12951 10 12993 51 13083 43 13198 22 13250 41 13339 43 13453 24 13507 34 13595 42 13707 28 13767 28 13851 42 13961 30 14024 27 14106 45 14215 33 14279 28 14334 2 14362 45 14471 33 14535 23 14589 3 14618 45 14725 35 14790 30 14833 6 14841 7 14875 44 14980 35 15046 35 15088 16 15132 43 15235 36 15301 20 15323 37 15387 45 15483 5 15490 37 15557 18 15579 37 15642 46 15735 48 15813 18 15835 37 15897 47 15991 48 16069 18 16091 37 16151 49 16242 53 16326 15 16346 38 16407 49 16497 54 16583 13 16602 38 16662 49 16751 57 16825 1 16839 12 16856 40 16918 49 17006 59 17075 10 17095 10 17111 41 17174 49 17261 82 17352 5 17367 41 17430 49 17516 84 17609 4 17622 42 17679 3 17687 48 17771 86 17865 4 17877 43 17935 4 17943 47 18027 86 18121 4 18133 43 18181 1 18192 2 18198 47 18283 86 18377 5 18389 43 18437 1 18454 46 18539 85 18633 5 18645 43 18707 48 18795 85 18889 5 18900 44 18962 49 19051 85 19145 5 19155 45 19217 48 19306 86 19401 4 19411 45 19473 48 19561 88 19657 4 19667 45 19727 49 19816 89 19921 47 19983 49 20071 91 20177 47 20237 50 20327 93 20431 49 20493 50 20583 94 20687 49 20747 50 20837 96 20942 50 21003 50 21093 96 21198 50 21257 52 21349 96 21453 51 21513 52 21604 97 21709 51 21767 54 21859 97 21965 51 22023 55 22115 97 22220 52 22278 57 22371 96 22475 53 22533 58 22627 95 22730 54 22789 58 22882 95 22984 56 23045 58 23138 95 23239 57 23300 59 23393 96 23495 57 23555 60 23648 97 23750 58 23810 59 23903 99 24005 59 24066 59 24159 161 24322 57 24413 163 24579 51 24669 163 24836 49 24924 58 24987 101 25093 48 25179 59 25243 3 25247 97 25357 39 25435 57 25505 95 25614 38 25691 56 25761 95 25870 36 25947 54 26017 95 26126 35 26202 54 26274 94 26381 34 26458 53 26530 94 26637 33 26714 53 26786 94 26884 2 26892 25 26971 50 27042 101 27148 25 27227 50 27298 101 27403 26 27483 48 27555 130 27740 47 27811 6 27819 122 27997 46 28067 4 28079 118 28253 46 28324 1 28335 116 28509 44 28593 112 28765 44 28850 108 29021 38 29107 107 29278 35 29363 107 29540 28 29619 108 29797 27 29875 108 30054 24 30131 108 30311 23 30387 108 30564 25 30643 108 30819 25 30899 108 31073 26 31155 108 31325 30 31411 108 31576 32 31668 107 31831 31 31924 107 32086 30 32180 107 32341 30 32436 108 32597 30 32693 107 32853 30 32949 107 33109 30 33207 105 33366 28 33463 105 33623 26 33720 104 33879 26 33977 102 34135 24 34233 100 34392 23 34490 97 34650 21 34747 96 34907 19 35003 96 35139 3 35149 7 35166 15 35260 95 35394 6 35405 8 35423 13 35515 96 35648 23 35770 97 35903 24 36025 98 36159 25 36279 100 36414 26 36535 100 36669 28 36790 101 36923 30 37045 102 37176 5 37183 26 37301 102 37432 5 37439 26 37557 101 37688 4 37697 24 37812 102 37945 2 37954 23 38068 101 38212 21 38323 102 38472 2 38476 13 38579 102 38733 13 38835 102 38990 12 39091 62 39155 38 39247 12 39347 62 39413 36 39503 12 39603 64 39670 34 39759 11 39782 9 39859 64 39927 33 40015 11 40037 11 40115 64 40184 31 40271 11 40292 13 40370 65 40440 31 40527 11 40547 15 40625 67 40696 30 40783 11 40802 19 40881 101 41039 12 41057 23 41137 100 41295 12 41311 27 41392 101 41551 12 41567 34 41647 102 41807 10 41821 41 41871 6 41903 101 42063 9 42077 42 42125 8 42158 13 42173 28 42203 56 42319 8 42333 43 42381 8 42413 14 42435 79 42575 7 42589 43 42636 10 42668 14 42692 75 42831 6 42845 43 42891 11 42923 14 42949 72 43087 6 43101 44 43147 11 43178 15 43205 70 43326 5 43343 7 43357 44 43403 11 43433 16 43462 69 43581 6 43599 8 43613 44 43659 11 43689 16 43718 69 43837 7 43855 57 43916 9 43942 19 43975 68 44093 7 44111 56 44173 8 44196 21 44231 68 44349 6 44368 55 44430 5 44445 28 44486 69 44604 7 44624 54 44701 27 44742 69 44859 7 44880 53 44955 28 44997 69 45114 8 45136 53 45211 27 45252 70 45367 11 45391 53 45467 24 45507 20 45529 49 45622 12 45647 52 45723 23 45763 20 45785 48 45877 13 45903 52 45980 21 46014 75 46133 13 46159 51 46237 20 46269 74 46389 14 46414 51 46493 9 46503 10 46526 6 46535 64 46645 14 46670 51 46749 7 46759 10 46782 6 46792 61 46901 14 46925 51 47005 5 47015 10 47039 5 47049 60 47157 14 47181 50 47261 4 47271 9 47295 5 47305 59 47413 14 47437 49 47517 4 47527 8 47551 4 47560 59 47669 13 47693 49 47773 4 47783 7 47807 4 47816 57 47925 12 47950 47 48029 6 48039 6 48063 1 48071 58 48181 10 48206 47 48284 15 48318 2 48327 57 48437 8 48461 48 48531 6 48538 15 48573 4 48581 59 48694 7 48717 48 48786 23 48829 4 48837 59 48973 47 49041 24 49086 3 49091 61 49228 47 49296 25 49347 61 49483 42 49551 15 49569 8 49579 4 49603 61 49739 40 49808 14 49825 8 49834 4 49858 62 49994 39 50065 12 50082 10 50114 62 50249 40 50321 12 50338 10 50370 49 50426 1 50430 2 50503 41 50579 9 50595 5 50625 48 50758 41 50836 7 50851 4 50881 46 51013 35 51095 3 51108 1 51136 47 51269 33 51391 47 51525 28 51641 51 51781 28 51895 52 52035 30 52149 54 52289 4 52295 26 52388 1 52405 54 52544 6 52551 27 52581 2 52644 1 52661 55 52800 40 52900 1 52917 55 53056 41 53172 57 53311 43 53428 57 53567 51 53661 7 53683 58 53823 51 53916 9 53939 58 54072 59 54171 12 54195 58 54327 60 54426 13 54450 60 54580 63 54681 15 54705 60 54835 64 54937 16 54961 60 55090 64 55192 19 55215 62 55345 65 55448 84 55601 62 55705 82 55857 57 55961 82 56111 58 56217 81 56367 57 56473 80 56621 54 56729 80 56877 54 56985 80 57131 56 57241 78 57387 56 57496 79 57640 59 57751 80 57895 60 58007 80 58151 60 58262 81 58406 61 58518 81 58659 64 58774 8 58783 71 58913 66 59030 8 59039 70 59167 66 59286 6 59295 69 59391 1 59423 64 59542 6 59552 68 59646 2 59677 60 59773 2 59799 4 59808 68 59901 3 59933 59 60028 4 60056 3 60064 68 60156 4 60188 58 60283 6 60321 68 60412 4 60443 59 60539 6 60577 68 60667 5 60699 58 60795 6 60835 66 60923 5 60954 59 61051 7 61091 66 61179 5 61209 60 61307 7 61349 52 61403 10 61435 5 61465 60 61563 6 61606 51 61660 9 61691 5 61721 60 61821 2 61864 49 61917 8 61947 5 61976 61 62121 48 62173 7 62203 5 62233 59 62375 50 62431 4 62459 5 62489 58 62631 50 62715 5 62745 58 62868 1 62885 45 62933 3 62971 5 63001 56 63123 4 63139 46 63227 5 63259 52 63377 8 63393 46 63483 5 63515 52 63632 9 63649 46 63739 5 63775 46 63885 12 63905 45 63997 3 64031 46 64140 13 64161 45 64253 3 64287 46 64395 17 64415 46 64511 1 64543 46 64650 67 64767 1 64800 45 64905 68 65056 46 65161 68 65313 46 65407 7 65417 67
732471, 
734470,117 7 129 5 372 10 386 3 627 12 643 2 882 18 1091 4 1138 18 1341 12 1387 25 1595 15 1643 25 1847 26 1897 27 2103 27 2153 28 2190 1 2357 30 2408 30 2442 7 2612 31 2663 42 2867 34 2919 44 3122 35 3175 44 3377 36 3431 44 3633 36 3688 44 3889 37 3945 47 4145 37 4201 53 4401 37 4459 56 4657 36 4715 56 4911 38 4973 56 5163 42 5229 57 5417 44 5485 58 5673 44 5741 58 5928 44 5983 5 5996 61 6183 45 6237 8 6251 62 6438 46 6492 9 6507 62 6694 45 6747 11 6762 63 6949 46 7003 11 7018 64 7203 48 7259 11 7273 65 7424 11 7436 6 7455 49 7515 10 7529 65 7680 18 7711 48 7771 10 7784 66 7936 18 7967 47 8028 8 8039 67 8192 18 8222 47 8285 6 8295 67 8448 19 8478 47 8542 2 8551 68 8704 19 8734 46 8805 70 8960 19 8987 46 9061 70 9216 19 9241 48 9316 71 9472 19 9495 47 9571 72 9728 69 9827 72 9984 68 10082 75 10240 68 10338 76 10496 67 10593 78 10752 67 10849 79 11008 67 11084 3 11105 79 11264 67 11336 9 11361 79 11520 67 11590 12 11617 78 11776 67 11845 13 11873 77 12032 67 12101 12 12130 75 12288 66 12356 13 12386 74 12544 64 12613 11 12643 73 12800 63 12870 9 12899 74 13056 60 13155 74 13312 59 13411 75 13568 58 13666 77 13824 57 13921 78 14080 57 14176 80 14336 57 14431 81 14592 56 14685 84 14848 56 14939 86 15104 56 15195 86 15360 56 15451 86 15616 54 15706 87 15872 53 15942 2 15945 6 15962 69 16035 14 16128 51 16196 11 16217 69 16293 10 16384 49 16451 13 16473 69 16640 48 16707 14 16729 70 16896 47 16962 16 16985 70 17152 47 17217 18 17241 70 17408 47 17473 20 17497 70 17664 46 17729 94 17920 46 17985 94 18176 47 18241 94 18432 47 18497 93 18688 47 18754 92 18944 47 19011 90 19200 46 19268 89 19456 45 19524 89 19712 45 19780 92 19968 44 20036 93 20224 34 20259 6 20292 95 20480 33 20517 2 20547 97 20736 34 20803 100 20992 35 21059 101 21248 35 21314 103 21504 36 21570 103 21760 37 21825 106 22016 37 22081 106 22272 37 22337 106 22528 37 22594 105 22784 37 22849 107 23040 37 23105 107 23296 38 23360 108 23552 38 23615 109 23808 39 23861 8 23871 109 24064 39 24115 121 24320 40 24368 124 24576 40 24621 128 24832 173 25088 173 25344 110 25457 60 25538 5 25600 109 25713 60 25793 6 25856 107 25969 60 26048 8 26112 107 26225 60 26304 9 26368 106 26481 60 26559 10 26624 102 26736 61 26815 10 26880 99 26991 61 27071 10 27136 99 27246 61 27327 10 27392 99 27501 60 27581 12 27648 99 27757 58 27837 12 27904 98 28013 19 28033 34 28089 17 28160 97 28269 14 28290 31 28345 18 28416 95 28525 12 28546 31 28599 20 28672 94 28781 12 28802 31 28855 20 28928 91 29037 6 29057 32 29110 21 29184 91 29294 4 29307 2 29312 34 29365 21 29440 90 29561 43 29621 20 29696 90 29817 43 29877 20 29952 89 30073 44 30133 19 30208 89 30329 44 30390 17 30464 89 30586 42 30647 16 30720 89 30842 42 30903 16 30976 89 31098 42 31159 16 31232 7 31241 80 31354 43 31415 16 31498 81 31610 44 31671 17 31755 81 31866 44 31927 18 32013 81 32121 45 32181 20 32269 81 32376 46 32437 22 32526 80 32631 47 32693 22 32783 79 32887 46 32949 22 33040 77 33143 46 33204 24 33295 78 33398 47 33460 24 33551 78 33653 47 33716 24 33807 78 33909 47 33971 17 33989 6 34063 78 34164 48 34227 16 34248 3 34305 5 34319 78 34419 49 34483 15 34505 2 34560 9 34574 79 34675 51 34739 14 34816 93 34930 53 34995 12 35072 93 35185 56 35251 10 35328 93 35441 56 35508 9 35584 93 35695 59 35766 4 35840 93 35951 60 36096 93 36197 4 36205 62 36299 3 36352 94 36453 70 36555 4 36608 95 36708 72 36811 4 36864 96 36964 72 37067 5 37120 173 37324 4 37376 171 37580 4 37632 99 37732 70 37888 99 37988 69 38144 167 38400 166 38656 166 38912 167 39168 167 39351 9 39424 166 39606 11 39680 165 39861 12 39936 165 40117 12 40192 164 40371 15 40448 164 40627 16 40704 163 40882 17 40960 161 41138 17 41216 159 41393 19 41472 159 41649 19 41728 159 41905 18 41984 159 42160 19 42240 97 42339 60 42416 19 42496 96 42595 60 42672 19 42752 95 42852 60 42928 19 43008 95 43107 61 43185 19 43264 93 43363 62 43441 20 43520 93 43620 61 43697 22 43776 92 43877 59 43953 24 44032 91 44134 58 44209 25 44288 81 44371 8 44395 53 44464 27 44544 80 44628 6 44654 49 44719 28 44800 79 44886 1 44911 47 44973 30 45056 78 45167 45 45229 30 45312 77 45423 42 45483 32 45568 76 45679 42 45739 33 45824 72 45936 41 45994 35 46080 64 46193 40 46250 35 46337 61 46450 41 46505 38 46593 60 46707 41 46760 39 46849 59 46964 43 47015 42 47105 59 47221 43 47271 42 47361 58 47479 42 47527 43 47617 58 47735 42 47782 44 47874 56 47993 40 48037 45 48130 55 48251 38 48293 45 48387 53 48512 83 48643 52 48770 81 48901 58 48969 4 48987 1 49028 79 49158 59 49223 8 49241 7 49285 77 49415 74 49495 12 49543 74 49673 72 49751 13 49799 73 49929 74 50005 16 50056 65 50185 74 50260 17 50312 63 50441 92 50569 61 50697 92 50825 20 50847 39 50952 93 51081 19 51105 36 51208 93 51337 18 51362 35 51464 93 51595 15 51621 30 51721 92 51854 11 51877 30 51977 93 52113 7 52137 24 52233 93 52371 3 52396 20 52489 93 52654 17 52746 93 52911 16 53002 94 53168 14 53258 95 53423 14 53515 98 53666 9 53677 12 53771 99 53921 22 54027 100 54176 23 54272 1 54284 99 54432 22 54528 1 54541 96 54687 22 54784 2 54797 96 54943 22 55040 3 55055 94 55199 20 55296 4 55311 94 55455 11 55552 5 55567 93 55808 5 55823 93 55923 1 56064 5 56079 93 56177 4 56320 5 56335 94 56432 5 56576 5 56590 105 56832 7 56845 106 57088 119 57344 120 57600 121 57856 121 58112 121 58368 91 58460 29 58624 91 58717 28 58880 91 58975 26 59136 91 59232 26 59392 91 59489 25 59649 90 59748 23 59905 90 60005 23 60162 89 60261 28 60419 88 60517 28 60675 92 60772 31 60931 92 61027 32 61187 93 61283 32 61442 94 61539 32 61697 96 61795 32 61897 4 61952 131 62152 6 62208 131 62394 7 62406 8 62464 131 62649 22 62720 130 62905 22 62976 129 63161 21 63232 126 63417 21 63488 123 63673 20 63744 121 63928 21 64000 121 64183 21 64256 121 64438 22 64512 121 64693 22 64768 120 64949 22 65024 119 65204 23 65281 116 65459 23
737692,0 65536
747518,0 65536
748680,0 65536
769836,0 109 256 109 512 109 768 110 1024 110 1280 110 1536 110 1792 111 2048 111 2304 111 2560 112 2816 112 3072 113 3328 113 3584 113 3840 113 4096 114 4352 114 4608 115 4864 115 5120 115 5376 115 5632 116 5888 117 6144 117 6400 117 6656 117 6912 118 7168 118 7424 118 7680 119 7936 119 8192 119 8448 120 8704 120 8960 120 9216 121 9472 121 9728 121 9984 123 10240 123 10496 123 10752 123 11008 123 11264 123 11520 123 11776 124 12032 125 12288 125 12544 125 12800 126 13056 126 13312 127 13568 127 13824 127 14080 128 14336 128 14592 129 14848 129 15104 129 15360 129 15616 130 15872 130 16128 131 16384 131 16640 131 16896 131 17152 132 17408 132 17664 133 17920 133 18176 133 18432 134 18688 134 18944 134 19200 135 19456 135 19712 135 19968 135 20224 136 20480 136 20736 137 20992 137 21248 137 21504 137 21760 137 22016 138 22272 139 22528 139 22784 139 23040 139 23296 139 23552 140 23808 140 24064 140 24320 141 24576 141 24832 141 25088 142 25344 142 25600 142 25856 143 26112 143 26368 143 26624 144 26880 144 27136 145 27392 145 27648 145 27904 145 28160 146 28416 147 28672 147 28928 147 29184 147 29440 147 29696 148 29952 149 30208 149 30464 149 30720 150 30976 150 31232 150 31488 151 31744 151 32000 152 32256 152 32512 153 32768 153 33024 153 33280 153 33536 153 33792 153 34048 155 34304 155 34560 155 34816 155 35072 155 35328 155 35584 156 35840 157 36096 157 36352 157 36608 158 36864 158 37120 159 37376 159 37632 159 37888 159 38144 160 38400 161 38656 161 38912 161 39168 161 39424 161 39680 162 39936 162 40192 163 40448 163 40704 163 40960 163 41216 163 41472 163 41728 164 41984 164 42240 165 42496 165 42752 166 43008 166 43264 166 43520 166 43776 167 44032 167 44288 167 44544 168 44800 168 45056 168 45312 169 45568 169 45824 169 46080 169 46336 170 46592 171 46848 171 47104 171 47360 171 47616 171 47872 172 48128 172 48384 173 48640 173 48896 174 49152 174 49408 174 49664 175 49920 175 50176 175 50432 175 50688 175 50944 176 51200 176 51456 177 51712 177 51968 177 52224 177 52480 179 52736 179 52992 179 53248 179 53504 179 53760 179 54016 181 54272 181 54528 181 54784 181 55040 182 55296 182 55552 182 55808 183 56064 183 56320 184 56576 185 56832 185 57088 185 57344 185 57600 185 57856 185 58112 187 58368 187 58624 187 58880 187 59136 187 59392 187 59648 189 59904 189 60160 189 60416 190 60672 190 60928 191 61184 191 61440 191 61696 191 61952 191 62208 192 62464 193 62720 193 62976 193 63232 193 63488 193 63744 193 64000 193 64256 195 64512 195 64768 195 65024 195 65280 196
772465,0 65536
777433,14241 1 14497 2 14753 1 15263 1 15311 6 15567 6 15823 8 16079 9 16334 10 16590 10 16846 10 17103 9 17360 7 17617 5 21129 1 21381 8 21637 10 21887 16 22143 17 22397 19 22653 19 22908 20 23164 20 23421 19 23676 20 23931 20 24187 20 24443 19 24686 1 24691 2 24698 19 24938 35 25190 39 25445 39 25700 23 25725 12 25955 22 25986 3 26211 22 26467 22 26723 21 26980 19 27019 6 27235 20 27274 8 27491 19 27527 12 27747 18 27782 13 28004 17 28037 16 28261 16 28292 17 28519 12 28547 18 28776 10 28802 19 29035 4 29057 20 29311 22 29566 23 29822 23 30078 23 30333 23 30590 22 30846 23 31102 23 31358 23 31614 23 31870 23 32126 23 32381 24 32637 23 32893 22 33027 6 33149 16 33283 6 33405 15 33539 6 33661 13 33795 6 33917 12 34174 11 34431 9 34690 5 50696 3 50949 8 51205 8 51460 11 51715 12 51970 13 52067 4 52085 5 52226 13 52321 7 52340 7 52481 13 52577 7 52595 12 52737 12 52833 7 52851 12 52993 12 53089 6 53107 13 53249 12 53346 5 53363 13 53508 7 53603 2 53619 12 53766 4 53876 11 54103 2 54132 9 54358 6 54388 7 54614 7 54644 7 54870 7 54900 6 55126 7 55157 5 55383 6 55413 5 55639 6 55669 4 55896 5 55925 4 57616 2 57871 5 58127 6 58383 6 58638 9 58894 11 59148 14 59404 15 59435 4 59659 16 59689 9 59915 16 59944 11 60173 14 60199 12 60429 14 60455 12 60686 13 60711 14 60942 14 60966 15 61199 14 61221 18 61455 14 61477 18 61711 15 61733 18 61967 16 61989 18 62222 16 62246 17 62477 17 62504 15 62735 14 62761 14 62992 13 63017 14 63250 6 63257 4 63273 14 63508 3 63514 2 63529 14 63784 15 64040 15 64295 4 64304 7 64551 4 64563 4 64807 3 65063 3 65319 2
778684,393 4 648 5 902 8 1157 10 1412 13 1667 19 1923 22 2179 23 2435 24 2691 24 2947 24 3203 24 3459 24 3716 24 3974 24 4231 24 4489 26 4746 26 5003 26 5260 26 5517 26 5774 25 5941 4 6031 26 6192 11 6287 26 6443 19 6543 28 6699 21 6799 28 6953 26 7056 28 7208 29 7312 29 7463 31 7568 30 7719 32 7824 30 7975 34 8080 31 8231 34 8336 31 8488 34 8593 30 8744 35 8849 30 9001 34 9107 8 9118 17 9258 33 9363 6 9376 15 9517 30 9777 25 10035 23 10291 23 10548 21 10805 19 11063 10 11322 2 18207 3 18463 5 18717 8 18973 8 19228 9 19484 9 19712 9 19740 9 19968 9 19989 2 19996 9 20224 11 20244 7 20252 8 20397 3 20480 13 20499 8 20508 7 20547 6 20652 5 20736 14 20754 9 20798 13 20907 8 20992 15 21009 10 21052 17 21162 9 21248 26 21306 20 21417 10 21504 25 21561 22 21673 11 21760 24 21815 25 21928 15 22016 23 22071 25 22184 16 22272 23 22327 25 22439 18 22528 23 22583 25 22695 18 22784 22 22840 23 22869 2 22951 18 23040 22 23095 24 23125 3 23208 17 23296 22 23351 22 23380 5 23465 16 23552 22 23606 23 23637 4 23721 15 23808 22 23861 25 23894 1 23979 10 24064 22 24116 26 24320 21 24371 13 24385 14 24576 21 24625 15 24641 15 24832 21 24877 19 24897 18 25088 20 25133 40 25344 18 25388 41 25600 18 25643 42 25856 16 25899 44 26112 15 26155 44 26368 13 26411 45 26531 9 26625 12 26666 47 26787 10 26883 7 26921 50 27043 11 27141 4 27163 1 27177 50 27299 12 27417 12 27431 53 27555 13 27673 68 27810 14 27929 68 28066 13 28185 69 28316 1 28321 14 28441 69 28571 19 28697 69 28826 19 28953 69 29081 19 29209 69 29337 18 29465 69 29593 17 29720 70 29849 18 29975 70 30105 18 30231 70 30361 19 30487 69 30615 22 30743 68 30866 27 30998 69 31121 28 31254 73 31376 29 31509 75 31631 31 31765 76 31887 31 32022 75 32142 35 32250 6 32279 75 32397 36 32505 7 32535 74 32653 38 32761 7 32792 73 32909 38 33016 8 33049 72 33163 41 33272 8 33306 70 33419 41 33527 9 33563 68 33673 44 33781 11 33819 67 33928 45 34037 11 34075 67 34184 46 34292 12 34331 67 34440 46 34548 12 34588 67 34695 48 34803 13 34844 67 34951 48 35059 13 35101 67 35205 51 35315 13 35357 67 35461 52 35571 13 35614 66 35716 53 35827 13 35871 65 35971 54 36083 13 36133 60 36227 53 36339 13 36391 58 36482 54 36595 13 36649 56 36737 54 36851 13 36907 54 36993 54 37107 13 37167 51 37249 52 37364 12 37425 49 37505 52 37621 11 37685 46 37761 51 37879 9 37943 44 38017 51 38137 7 38203 1 38211 32 38274 53 38467 32 38531 53 38725 30 38787 54 38983 28 39043 54 39241 26 39299 54 39497 25 39555 54 39753 25 39811 55 40009 24 40067 55 40265 23 40322 57 40522 17 40542 1 40578 57 40778 17 40833 58 41035 16 41089 58 41291 15 41344 59 41547 15 41600 58 41803 14 41855 58 42059 13 42110 59 42315 12 42365 60 42571 12 42621 60 42828 10 42877 60 43013 4 43084 9 43134 59 43267 6 43342 5 43391 58 43523 7 43647 58 43776 11 43903 57 44032 12 44160 56 44288 13 44417 55 44544 13 44673 55 44800 13 44931 52 45056 13 45187 52 45312 14 45443 51 45499 5 45568 14 45700 50 45753 9 45824 15 45957 48 46008 11 46080 15 46213 41 46264 12 46336 15 46470 39 46519 14 46592 15 46727 38 46773 16 46848 15 46985 35 47027 18 47104 15 47242 34 47280 21 47329 4 47360 15 47500 31 47533 24 47581 10 47616 15 47757 30 47789 24 47836 13 47872 14 48017 26 48045 23 48088 17 48128 13 48275 24 48301 22 48343 19 48384 12 48531 24 48557 21 48597 21 48640 11 48788 24 48813 21 48852 23 48897 6 49045 44 49108 23 49153 6 49301 44 49363 24 49557 44 49619 24 49665 5 49814 43 49875 24 49921 8 50071 42 50131 25 50177 8 50329 5 50339 30 50387 29 50433 9 50602 23 50641 32 50689 10 50858 23 50895 34 50946 9 51114 23 51151 26 51181 5 51203 9 51370 23 51407 24 51438 4 51459 10 51627 22 51663 22 51716 10 51883 22 51919 22 51973 11 52142 18 52177 19 52229 12 52405 11 52433 18 52485 14 52661 10 52689 20 52741 14 52917 10 52945 20 52997 16 53173 8 53200 22 53253 16 53429 8 53456 22 53509 18 53687 1 53712 23 53765 18 53967 23 54023 16 54223 22 54279 15 54479 22 54538 11 54735 21 54797 8 54980 1 54991 20 55085 12 55230 11 55246 21 55320 1 55340 14 55440 5 55484 13 55503 20 55575 5 55594 17 55693 12 55739 15 55759 6 55768 9 55831 6 55845 22 55948 14 55995 15 56016 4 56025 7 56087 36 56203 17 56251 15 56273 2 56284 1 56343 38 56459 18 56507 15 56598 46 56714 20 56763 14 56854 47 56970 20 57004 2 57018 14 57111 49 57226 21 57256 13 57274 13 57367 52 57482 23 57510 16 57530 12 57623 54 57738 26 57765 19 57787 10 57880 54 57995 46 58045 7 58136 56 58251 46 58303 3 58392 57 58507 46 58649 57 58764 45 58905 58 59021 43 59162 57 59279 41 59375 4 59425 50 59536 39 59631 6 59684 47 59794 37 59886 13 59941 46 60050 37 60142 17 60196 47 60305 37 60397 19 60452 47 60561 37 60653 19 60708 55 60816 37 60909 19 60964 55 61071 38 61164 20 61220 57 61327 37 61395 6 61418 22 61475 58 61583 38 61651 7 61674 22 61731 60 61839 38 61905 10 61929 23 61987 61 62095 39 62160 12 62185 23 62240 64 62351 39 62415 13 62440 24 62495 65 62608 38 62670 14 62695 25 62751 66 62865 37 62925 16 62950 26 63006 67 63121 36 63181 16 63206 26 63261 72 63378 35 63436 17 63461 27 63517 78 63634 33 63692 17 63718 26 63773 84 63891 28 63948 17 63974 26 64029 85 64147 27 64204 17 64230 26 64286 85 64403 27 64460 17 64485 27 64542 85 64659 26 64717 16 64741 27 64799 85 64915 26 64973 16 64996 28 65055 86 65171 26 65229 15 65252 28 65311 86 65427 26 65484 15 65507 29
787614,0 65536
797883,138 15 160 96 395 13 415 97 651 13 671 97 907 9 917 2 928 96 1164 7 1185 95 1451 85 1708 84 1966 82 2223 81 2479 81 2735 81 2992 80 3241 1 3248 80 3492 7 3504 80 3749 6 3761 79 4007 6 4017 79 4266 3 4273 79 4531 77 4787 77 5045 75 5301 75 5558 74 5815 73 6073 2 6079 65 6336 64 6593 63 6850 41 6893 19 7107 38 7149 19 7364 37 7405 19 7622 34 7661 19 7879 33 7917 19 8135 32 8174 18 8392 29 8431 17 8649 27 8688 16 8910 21 8944 16 9175 9 9201 15 9432 6 9457 15 9689 2 9713 15 9969 15 10226 13 10482 10 10740 5 10998 3 18401 2 18657 2 18912 3 19167 3 19423 2 19679 1 21783 2 22007 8 22039 4 22263 9 22296 1 22517 11 22773 11 23029 11 23285 11 23541 11 23797 11 24053 11 24310 10 24566 10 24823 9 25079 9 25336 8 25594 1
798199,0 65536
798724,0 54 77 102 200 46 252 59 331 105 438 65 508 59 586 173 764 59 841 95 939 76 1021 58 1097 94 1199 72 1278 57 1353 92 1457 3 1461 66 1536 55 1608 93 1713 70 1792 61 1855 102 1968 70 2048 165 2223 8 2232 62 2304 166 2479 72 2560 166 2734 73 2816 167 2989 74 3071 168 3245 74 3327 169 3501 74 3583 170 3757 74 3839 248 4095 248 4351 248 4607 248 4863 248 5119 248 5375 247 5630 248 5886 211 6101 33 6143 209 6357 33 6399 209 6614 33 6655 196 6853 11 6870 33 6911 194 7109 11 7127 32 7167 194 7366 9 7382 33 7422 195 7623 8 7637 35 7676 197 7879 8 7893 4 7899 30 7931 110 8047 82 8134 9 8156 28 8187 110 8304 81 8389 10 8412 7 8421 19 8443 109 8559 16 8577 78 8677 19 8699 109 8815 15 8834 77 8933 19 8956 108 9069 17 9091 74 9190 17 9212 109 9322 20 9347 71 9446 17 9469 130 9604 70 9695 2 9702 16 9725 130 9859 70 9951 2 9958 16 9981 204 10207 3 10213 5 10219 11 10238 202 10464 9 10475 11 10494 201 10721 8 10735 7 10751 199 10979 6 10992 6 11007 119 11133 70 11235 6 11249 4 11263 119 11389 69 11492 6 11506 3 11519 119 11646 67 11735 4 11750 5 11763 3 11776 118 11902 67 11991 4 12006 5 12019 3 12032 117 12159 66 12244 7 12263 4 12288 117 12415 66 12495 12 12521 2 12544 119 12672 65 12748 15 12777 2 12800 119 12928 65 13003 15 13033 2 13056 121 13185 19 13206 43 13258 16 13289 2 13312 120 13441 64 13514 16 13546 1 13568 118 13697 66 13769 17 13824 117 13953 66 14026 15 14080 116 14209 66 14283 14 14336 115 14465 40 14507 25 14540 12 14592 117 14720 41 14764 24 14801 6 14848 118 14975 42 15020 24 15057 6 15104 119 15231 41 15277 24 15360 120 15485 44 15531 26 15616 107 15727 10 15740 73 15872 107 15983 86 16128 107 16240 37 16281 46 16384 107 16496 36 16538 45 16640 109 16752 37 16794 45 16857 7 16896 109 17008 38 17049 44 17112 9 17152 110 17263 85 17368 9 17408 110 17519 84 17624 9 17664 110 17775 82 17865 2 17879 2 17882 7 17920 193 18121 2 18134 2 18139 6 18176 193 18375 4 18391 10 18432 193 18631 4 18647 10 18688 191 18886 6 18903 8 18944 191 19141 7 19160 5 19200 191 19397 8 19430 3 19456 195 19653 8 19685 3 19712 172 19888 19 19909 8 19924 1 19940 4 19968 171 20145 18 20165 8 20180 1 20195 4 20224 165 20402 28 20452 4 20480 165 20658 29 20709 3 20736 165 20914 31 20967 1 20992 163 21170 31 21248 161 21419 2 21426 32 21504 160 21670 3 21674 39 21760 159 21925 34 21961 7 22016 159 22180 35 22221 2 22272 159 22435 36 22528 159 22691 36 22784 153 22938 5 22946 37 23040 152 23194 5 23202 37 23296 151 23450 3 23458 39 23503 2 23552 151 23707 2 23713 40 23759 2 23808 151 23967 41 24017 1 24064 151 24223 41 24273 2 24320 151 24479 40 24576 151 24735 40 24832 151 24992 39 25088 150 25248 38 25344 150 25504 36 25561 2 25600 150 25759 36 25817 2 25856 149 26014 36 26073 4 26112 149 26269 36 26330 3 26368 149 26525 34 26624 149 26781 33 26880 148 27037 32 27136 148 27293 32 27392 148 27547 32 27648 148 27797 2 27803 32 27904 152 28058 33 28160 187 28416 186 28672 185 28928 185 29184 185 29440 184 29696 184 29952 184 30208 184 30464 184 30720 183 30976 183 31170 4 31177 1 31232 183 31426 5 31488 161 31653 18 31681 8 31744 161 31909 19 31937 8 32000 166 32168 16 32192 8 32256 166 32425 16 32447 8 32512 166 32679 19 32704 6 32768 187 32961 4 33024 187 33220 1 33280 187 33473 4 33536 188 33729 4 33792 188 33984 5 34048 188 34238 5 34304 188 34493 6 34523 2 34560 195 34779 2 34816 195 35035 2 35072 197 35328 197 35584 169 35757 26 35840 169 36013 27 36096 169 36269 28 36352 169 36525 28 36608 169 36780 29 36864 201 37120 200 37376 199 37632 193 37888 193 38144 191 38400 189 38599 2 38615 1 38620 1 38656 187 38854 3 38871 6 38912 187 39110 2 39126 7 39168 185 39366 2 39377 2 39381 8 39424 185 39633 11 39680 185 39887 12 39936 184 40123 6 40142 13 40192 197 40395 16 40448 198 40650 5 40656 11 40704 199 40904 18 40960 217 41216 196 41415 2 41418 14 41455 1 41472 169 41642 46 41709 3 41728 169 41899 44 41964 5 41981 1 41984 169 42155 44 42219 6 42236 219 42461 9 42476 3 42495 216 42717 9 42732 3 42751 215 42973 9 43008 213 43229 9 43264 213 43488 6 43520 213 43744 6 43776 213 43995 12 44017 6 44032 196 44230 13 44251 12 44271 8 44287 214 44507 12 44527 10 44542 216 44763 7 44771 4 44782 12 44798 217 45018 7 45027 4 45037 243 45283 3 45293 239 45538 3 45546 242 45795 2 45801 244 46057 244 46312 249 46563 537 47101 2799 49903 252 50160 251 50416 3599 54016 252 54272 251 54528 249 54784 249 55040 249 55296 249 55552 248 55808 248 56064 247 56320 247 56576 245 56832 244 57088 243 57344 243 57600 242 57856 241 58112 237 58368 236 58624 234 58880 234 59136 233 59392 233 59648 233 59904 233 60160 233 60416 232 60672 232 60928 231 61184 231 61440 231 61696 229 61952 229 62208 227 62464 226 62720 226 62976 226 63231 230 63487 232 63743 235 63989 2 63998 237 64244 4 64253 238 64507 241 64763 242 65019 242 65271 249 65527 8
799155,0 2129 2133 252 2390 251 2647 249 2903 249 3158 250 3411 3501 6914 254 7170 254 7427 253 7683 253 7939 253 8195 253 8453 251 8709 251 8969 247 9226 246 9488 240 9744 240 10000 240 10256 240 10506 246 10761 247 11016 248 11271 27 11301 219 11527 20 11548 3 11558 218 11783 20 11805 1 11814 218 12039 20 12071 217 12294 21 12327 217 12551 22 12583 217 12807 22 12839 217 13065 20 13095 217 13321 20 13351 217 13578 19 13607 217 13835 18 13864 216 14093 16 14121 215 14351 14 14379 213 14609 12 14635 213 14865 13 14891 5 14900 204 15123 11 15147 4 15157 203 15381 9 15403 4 15412 204 15629 6 15643 2 15668 204 15884 7 15924 204 16135 13 16157 1 16173 2 16180 204 16389 16 16408 1 16413 1 16428 3 16435 205 16643 28 16684 212 16899 29 16940 39 16980 205 17195 37 17239 202 17450 38 17496 202 17703 41 17754 50 17810 144 17959 41 18011 49 18069 4 18074 137 18212 53 18267 51 18326 2 18331 192 18524 51 18587 244 18843 244 19098 245 19354 245 19610 245 19867 244 20123 244 20380 243 20637 242 20893 242 21149 156 21306 86 21404 157 21564 83 21659 156 21821 82 21915 155 22079 80 22171 154 22335 79 22425 156 22592 78 22681 153 22851 59 22914 11 22935 153 23108 57 23171 10 23191 152 23355 4 23364 57 23447 153 23611 4 23618 59 23703 156 23865 70 23957 122 24083 33 24121 70 24213 120 24339 37 24377 72 24466 122 24595 37 24634 71 24716 129 24851 112 24972 129 25108 112 25228 130 25365 112 25483 131 25621 113 25739 132 25875 116 25995 132 26130 117 26251 2189 28441 253 28697 252 28955 250 29211 250 29468 249 29724 247 29981 246 30237 245 30494 243 30751 242 31007 242 31263 6 31271 233 31520 5 31529 230 31777 3 31786 228 32047 221 32272 1 32293 2 32305 207 32513 6 32549 1 32562 206 32818 206 33075 205 33331 205 33587 205 33821 6 33843 205 34076 11 34098 206 34331 14 34353 207 34585 18 34609 207 34841 19 34865 207 35095 233 35351 233 35605 235 35861 235 36116 236 36371 237 36627 237 36882 238 37137 239 37393 239 37647 241 37903 244 38158 245 38414 246 38670 247 38926 247 39182 249 39438 249 39695 249 39951 250 40206 251 40461 253 40717 254 40973 254 41229 254 41485 254 41742 253 41998 252 42255 251 42511 251 42767 250 43023 250 43280 249 43536 250 43790 253 44045 1286 45337 250 45595 248 45852 247 46109 247 46365 247 46621 248 46877 248 47133 252 47387 176 47565 253 47821 7 47831 242 48079 4 48087 242 48343 242 48602 5 48609 232 48860 2 48867 230 49125 228 49383 176 49560 15 49577 32 49641 173 49817 14 49834 30 49897 173 50073 15 50091 28 50152 174 50330 14 50347 28 50407 193 50604 27 50667 189 50861 26 50925 68 50999 114 51118 24 51182 67 51255 116 51374 23 51439 66 51511 117 51629 16 51696 65 51767 134 51952 66 52023 134 52209 66 52278 136 52466 4 52473 198 52730 197 52987 197 53228 5 53235 2 53243 197 53483 11 53499 198 53732 19 53754 199 53987 222 54241 224 54497 225 54752 226 55007 228 55263 228 55513 2 55517 230 55766 238 56009 1 56021 246 56276 40 56319 204 56532 39 56576 203 56787 42 56831 202 57043 246 57299 246 57555 245 57809 247 58065 247 58320 248 58576 248 58831 248 59087 248 59343 248 59598 249 59853 249 60109 248 60365 248 60620 249 60876 249 61131 9 61141 242 61387 8 61399 241 61643 8 61655 251 61912 250 62169 248 62425 248 62683 246 62941 244 63197 245 63455 244 63710 238 63949 6 63965 238 64205 6 64221 1315
799282,47 42 97 2 111 37 304 39 353 6 367 37 561 37 609 10 622 38 817 35 864 53 923 7 1073 34 1119 54 1178 9 1330 31 1375 69 1586 31 1631 69 1841 33 1887 70 2097 33 2143 70 2354 33 2401 69 2610 33 2659 67 2867 32 2917 65 3124 31 3173 65 3381 29 3429 64 3637 28 3685 64 3894 25 3940 65 4115 2 4151 23 4196 64 4369 6 4407 23 4451 64 4624 7 4664 21 4707 64 4879 9 4921 20 4963 64 5135 9 5177 20 5219 64 5391 10 5434 17 5477 62 5564 2 5647 10 5691 16 5733 62 5820 1 5904 9 5947 13 5991 59 6161 7 6204 10 6247 59 6417 6 6460 9 6504 57 6675 3 6715 11 6760 56 6971 8 6981 4 7017 55 7227 8 7236 8 7273 56 7482 19 7529 58 7738 20 7785 58 7936 7 7994 20 8041 58 8192 12 8250 21 8297 35 8335 12 8349 6 8448 15 8505 22 8551 36 8590 9 8704 17 8751 4 8761 22 8807 36 8845 8 8960 19 8999 14 9017 22 9062 36 9101 8 9216 20 9254 16 9274 21 9317 38 9357 7 9472 21 9509 18 9531 21 9572 39 9615 4 9728 21 9765 18 9788 21 9826 41 9872 2 9984 21 10010 4 10021 17 10045 20 10069 6 10076 46 10240 21 10265 6 10277 17 10301 77 10496 21 10520 31 10558 74 10752 21 10775 32 10814 73 11008 56 11071 67 11264 56 11327 66 11520 57 11583 63 11776 57 11840 60 12032 57 12097 56 12288 58 12353 54 12544 59 12608 39 12650 10 12800 59 12863 40 12907 1 13056 59 13119 39 13312 101 13568 99 13824 94 13919 3 14080 93 14336 91 14592 89 14848 87 15104 78 15360 77 15616 61 15681 8 15872 60 15939 2 16128 59 16384 59 16640 58 16896 56 17152 49 17409 46 17669 40 17927 36 18191 25 18448 23 18705 19 18960 17 19216 5 19222 4 19472 4 19728 1 19984 1
804179,0 65536
809952,1535 1 2815 1 3061 11 3315 13 3567 17 3823 17 4074 22 4327 25 4579 29 4835 29 5089 31 5343 33 5595 37 5849 39 6099 45 6353 47 6603 53 6857 55 7111 57 7366 58 7615 65 7869 67 8119 73 8372 76 8623 81 8878 82 9131 85 9385 87 9638 90 9892 92 10145 95 10398 98 10651 101 10904 104 11156 108 11409 111 11661 115 11915 117 12165 123 12420 124 12674 126 12928 128 13181 131 13435 133 13686 138 13940 140 14191 145 14445 147 14699 149 14953 151 15205 155 15460 156 15713 159 15965 163 16219 165 16470 170 16723 173 16976 176 17226 182 17477 187 17729 191 17983 193 18234 198 18488 200 18741 203 18995 205 19247 209 19501 211 19754 214 20008 216 20261 219 20515 221 20767 225 21022 226 21271 233 21526 234 21778 238 22033 239 22281 247 22536 43000
810943,0 22043 22045 254 22300 255 22556 42980
822622,5103 2 5107 3 5114 6 5358 7 5370 6 5610 10 5625 7 5865 11 5881 7 6120 14 6136 8 6373 27 6619 3 6627 29 6875 4 6882 30 7124 1 7129 39 7378 4 7385 17 7403 21 7633 5 7641 17 7659 12 7674 6 7888 6 7897 17 7915 12 7930 6 8144 39 8185 7 8387 4 8400 39 8441 7 8644 2 8657 47 8913 47 9169 47 9411 3 9419 53 9663 65 9900 1 9917 67 10167 73 10421 75 10666 3 10674 78 10902 1 10921 87 11154 7 11173 91 11409 8 11424 96 11659 14 11675 101 11915 14 11930 102 12171 117 12427 117 12683 117 12938 118 13192 120 13447 121 13675 12 13697 127 13931 12 13952 128 14187 13 14207 129 14444 13 14463 129 14700 13 14718 130 14956 13 14974 130 15190 1 15211 13 15229 131 15467 13 15485 131 15725 12 15741 131 15977 1 15981 12 15997 131 16233 2 16237 12 16251 133 16489 2 16492 148 16747 149 17004 148 17247 4 17260 148 17503 6 17517 147 17757 8 17774 146 18013 8 18031 145 18269 9 18289 143 18525 9 18546 142 18781 8 18802 137 19037 8 19058 135 19293 8 19313 134 19549 8 19569 135 19825 135 20082 134 20337 134 20593 134 20849 134 20991 1 21104 134 21247 1 21360 131 21500 4 21615 132 21755 5 21871 24 21897 104 22009 5 22112 2 22127 24 22153 103 22265 4 22381 25 22410 101 22521 2 22637 25 22666 101 22777 2 22892 25 22923 100 23147 26 23179 101 23286 4 23379 4 23401 28 23438 101 23542 5 23636 3 23657 28 23693 103 23797 6 23914 25 23949 110 24170 17 24189 4 24205 110 24319 1 24425 10 24437 6 24445 5 24459 117 24681 8 24693 6 24701 6 24709 123 24936 8 24951 4 24957 7 24965 123 25175 2 25192 8 25207 4 25213 131 25430 4 25448 8 25464 3 25468 132 25687 3 25704 8 25719 137 25959 9 25971 3 25975 10 25986 119 26108 4 26215 9 26227 14 26243 17 26261 99 26364 4 26454 3 26471 26 26498 18 26517 99 26621 3 26709 5 26727 26 26754 10 26768 103 26877 3 26964 7 26982 37 27025 102 27134 2 27219 7 27241 34 27282 101 27389 4 27474 7 27491 1 27501 30 27538 4 27543 97 27645 3 27730 7 27747 1 27756 32 27794 102 27901 3 27987 4 27995 1 28007 42 28050 102 28155 5 28251 3 28261 44 28307 102 28411 5 28507 3 28517 149 28667 5 28763 2 28768 3 28772 29 28802 126 29009 1 29019 2 29023 34 29058 10 29069 115 29264 2 29275 3 29279 4 29284 29 29314 126 29519 4 29531 8 29540 156 29773 7 29787 8 29796 156 30029 8 30042 166 30285 8 30298 166 30541 7 30554 166 30797 6 30810 166 31054 5 31065 167 31310 5 31322 166 31566 9 31578 166 31822 10 31833 167 32082 174 32339 173 32595 173 32851 173 33054 4 33088 1 33095 9 33107 173 33309 6 33349 11 33363 173 33546 4 33564 7 33604 12 33622 170 33802 4 33820 8 33851 2 33859 14 33877 171 34059 3 34077 8 34104 7 34114 190 34315 4 34333 8 34358 10 34369 192 34573 1 34590 7 34613 204 34846 7 34868 205 35102 6 35123 207 35357 8 35379 207 35611 10 35636 206 35867 10 35892 23 35916 181 36123 11 36145 208 36379 11 36401 14 36417 191 36635 11 36657 6 36667 2 36673 134 36808 56 36891 11 36913 6 36929 133 37064 56 37148 10 37169 4 37183 135 37321 55 37404 10 37425 4 37440 134 37576 56 37661 10 37681 4 37696 134 37832 56 37909 1 37917 10 37937 4 37952 192 38174 11 38193 4 38208 192 38431 10 38449 3 38465 4 38471 185 38687 10 38704 3 38722 3 38727 185 38943 10 38960 3 38978 190 39199 10 39215 4 39235 189 39455 8 39471 5 39491 189 39707 2 39712 6 39727 10 39750 186 39962 3 39969 4 39983 11 40006 186 40219 1 40225 3 40236 14 40260 188 40482 1 40492 14 40515 189 40745 215 40970 2 41000 216 41225 4 41242 2 41255 217 41511 217 41767 217 42023 217 42279 200 42480 16 42509 1 42534 200 42737 15 42765 2 42790 199 42995 13 43046 199 43253 4 43259 5 43302 199 43519 1 43558 199 43795 1 43814 199 44050 2 44070 199 44330 198 44589 196 44845 197 45099 200 45353 202 45609 202 45865 202 46120 203 46375 203 46631 202 46887 202 47129 3 47143 202 47381 8 47399 202 47638 7 47655 202 47894 9 47911 6 47919 193 48151 8 48167 6 48175 193 48406 10 48423 6 48431 192 48662 11 48679 200 48918 13 48934 200 49151 1 49174 13 49188 201 49405 3 49431 212 49659 5 49687 212 49915 5 49942 213 50169 7 50198 213 50425 7 50455 212 50681 7 50711 212 50937 7 50968 212 51193 7 51224 212 51449 7 51480 212 51704 8 51737 212 51960 8 51992 213 52216 8 52248 213 52472 8 52506 209 52728 8 52762 206 52984 8 53017 206 53241 7 53273 206 53497 7 53525 210 53753 7 53781 210 54009 7 54037 210 54265 7 54292 211 54520 8 54545 214 54775 9 54799 216 55030 10 55055 214 55284 12 55311 213 55539 13 55567 212 55795 13 55823 212 56051 13 56077 11 56090 200 56307 13 56333 10 56346 199 56563 13 56589 11 56602 197 56820 12 56846 10 56858 197 57077 11 57103 205 57335 9 57359 204 57593 7 57617 200 57851 5 57874 3 57879 194 58107 5 58138 189 58363 5 58397 186 58618 6 58655 184 58874 6 58911 184 59131 5 59159 3 59169 74 59247 4 59252 99 59387 5 59425 75 59503 104 59643 5 59680 77 59759 104 59902 2 59936 77 60015 104 60158 2 60191 76 60271 104 60413 3 60442 3 60447 63 60512 11 60528 103 60669 3 60697 4 60703 63 60767 12 60784 103 60924 4 60953 4 60961 74 61040 103 61179 5 61209 6 61219 72 61296 104 61435 5 61465 7 61475 72 61552 105 61691 5 61718 12 61731 70 61812 101 61947 5 61973 13 61988 9 61999 58 62069 101 62203 5 62229 12 62245 8 62255 57 62325 102 62457 7 62485 10 62501 6 62511 20 62533 34 62582 101 62711 9 62741 8 62760 3 62764 21 62791 33 62827 4 62839 100 62964 12 62997 7 63017 24 63047 40 63097 97 63219 13 63254 5 63273 13 63293 2 63304 40 63353 96 63465 5 63473 15 63511 3 63529 13 63549 6 63559 42 63609 96 63721 23 63783 28 63814 45 63864 96 63969 5 63977 23 64038 29 64069 46 64120 95 64225 5 64233 23 64293 30 64324 51 64376 97 64481 5 64493 19 64549 6 64561 71 64634 95 64737 5 64750 18 64795 1 64804 7 64819 38 64860 13 64874 17 64897 16 64914 72 65006 18 65050 5 65059 8 65075 38 65116 11 65131 18 65154 15 65170 72 65263 17 65304 25 65332 11 65347 22 65373 8 65389 18 65411 14 65426 73 65519 17
826515,0 65536
830714,0 65536
839719,0 65536
841484,6329 5 6583 12 6838 14 7092 23 7347 25 7601 28 7857 28 8111 30 8365 32 8620 33 8876 33 9131 34 9387 33 9643 32 9899 32 10155 32 10411 31 10667 30 10923 30 11179 30 11436 28 11693 26 11949 27 12205 28 12461 28 12717 28 12973 28 13227 30 13483 30 13739 30 13995 30 14253 26 14509 23 14765 21 15022 19 15279 18 15535 18 15791 18 16047 18 16302 19 16557 20 16813 22 17069 23 17325 24 17582 24 17839 24 18095 24 18351 24 18608 23 18865 22 19123 20 19381 18 19638 17 19897 13 20155 10 20411 10 20668 10 20925 8 21182 7 21440 5 27592 5 27847 6 28076 1 28100 11 28331 3 28356 11 28587 4 28611 13 28843 4 28866 15 29100 4 29107 8 29121 16 29358 15 29376 17 29587 6 29615 34 29658 9 29841 9 29871 34 29912 11 30094 14 30120 41 30163 19 30349 16 30375 42 30419 32 30603 20 30631 78 30859 21 30887 78 31115 22 31144 78 31371 30 31402 76 31626 30 31659 75 31882 31 31915 75 32113 7 32139 30 32171 76 32368 9 32395 30 32427 76 32523 2 32624 11 32651 108 32778 4 32870 1 32880 11 32909 3 32917 100 33033 5 33125 5 33136 12 33175 100 33289 5 33379 7 33393 11 33430 101 33545 3 33635 8 33653 7 33685 104 33802 1 33890 8 33909 7 33940 106 34048 4 34145 9 34166 5 34197 106 34304 5 34401 8 34422 5 34453 106 34560 9 34657 8 34678 5 34709 118 34913 8 34934 6 34965 120 35169 7 35189 8 35207 6 35221 120 35425 7 35445 8 35463 6 35477 120 35682 6 35701 10 35719 6 35734 120 35938 6 35957 10 35975 6 35990 119 36193 7 36213 10 36233 1 36246 119 36449 6 36470 10 36502 118 36705 6 36727 9 36757 118 36961 6 36983 9 37013 117 37218 5 37240 8 37269 116 37475 2 37496 7 37525 112 37754 4 37779 109 38011 2 38035 109 38229 5 38291 109 38478 1 38485 6 38547 109 38732 4 38739 8 38803 109 38987 5 38994 9 39059 109 39243 18 39316 108 39498 19 39573 107 39752 21 39829 107 40008 21 40085 85 40173 19 40263 23 40343 80 40429 5 40435 13 40519 24 40553 4 40599 80 40685 4 40691 13 40773 28 40806 9 40857 78 40940 20 41028 29 41061 11 41113 78 41195 21 41281 33 41317 12 41357 4 41371 74 41451 21 41537 32 41573 13 41611 6 41627 74 41706 22 41779 7 41792 33 41829 15 41867 8 41884 71 41961 10 41979 5 42034 9 42048 33 42085 15 42122 9 42141 70 42217 10 42237 3 42289 10 42303 34 42341 16 42377 11 42399 32 42435 30 42475 7 42545 12 42559 34 42596 17 42633 12 42657 30 42691 28 42731 6 42799 51 42852 17 42887 14 42915 28 42949 22 42987 6 43054 52 43108 16 43142 15 43173 26 43206 20 43245 2 43309 53 43364 16 43391 22 43429 27 43467 13 43565 52 43621 15 43647 22 43685 27 43724 11 43820 53 43878 14 43902 23 43941 28 43985 2 44076 53 44135 12 44158 23 44197 29 44332 52 44393 12 44414 23 44453 30 44589 50 44650 11 44669 23 44709 30 44845 48 44907 11 44925 23 44965 30 45103 39 45152 3 45162 15 45181 23 45221 31 45360 35 45407 7 45417 43 45477 32 45617 33 45661 10 45673 43 45733 32 45874 31 45915 57 45990 29 46131 30 46171 58 46247 28 46394 23 46426 59 46503 20 46525 4 46650 23 46682 59 46759 18 46907 21 46937 60 47016 15 47164 20 47193 60 47273 14 47423 16 47448 62 47529 11 47681 14 47703 62 47787 7 47940 9 47958 63 48197 6 48213 64 48469 62 48669 4 48725 30 48757 30 48924 6 48981 29 49015 26 49179 8 49237 30 49271 24 49433 10 49493 30 49527 20 49688 11 49749 30 49784 19 49943 12 50006 29 50041 17 50198 12 50263 28 50297 16 50453 13 50519 10 50533 14 50555 14 50709 13 50776 8 50791 11 50811 14 50964 13 51049 8 51073 7 51219 14 51306 7 51331 4 51451 5 51474 16 51681 4 51705 7 51730 16 51936 6 51960 8 51985 17 52192 8 52215 9 52241 17 52447 10 52470 10 52497 18 52703 12 52726 10 52753 18 52959 12 52982 10 53011 16 53213 16 53238 10 53268 14 53468 19 53494 10 53529 8 53723 24 53750 10 53785 8 53973 43 54045 2 54225 47 54480 48 54734 50 54989 51 55243 53 55499 53 55753 55 56009 55 56265 55 56521 55 56777 55 57033 55 57290 54 57547 53 57805 51 58062 50 58320 39 58360 8 58457 1 58577 38 58617 7 58709 8 58835 36 58874 6 58965 9 59091 36 59130 6 59220 11 59349 33 59386 6 59476 11 59605 33 59642 6 59731 12 59869 24 59899 5 59987 12 60126 23 60155 5 60243 12 60384 21 60410 6 60499 11 60641 20 60665 7 60755 10 60898 19 60921 7 61011 9 61156 16 61177 7 61267 7 61421 6 61433 7 61526 3 61690 6 61947 5 62203 5 62459 5 62715 5 62971 5 63227 5 63483 5 63739 5 63996 4 64108 3 64253 3 64359 9 64615 9 64870 11 65126 10 65382 10
842508,163 66 231 20 421 66 488 19 677 66 744 19 939 60 1001 18 1199 56 1258 17 1455 56 1515 14 1711 56 1771 14 1967 56 2028 13 2223 56 2285 10 2478 57 2543 12 2734 57 2801 13 2989 57 3061 11 3245 57 3317 11 3500 57 3573 11 3755 58 3829 11 4011 58 4086 10 4267 58 4343 9 4523 17 4541 40 4600 8 4758 3 4779 17 4797 39 4857 7 5013 6 5035 17 5055 36 5114 6 5269 6 5290 17 5311 36 5371 5 5524 8 5546 17 5567 13 5581 20 5780 8 5802 17 5824 10 5838 19 6036 8 6059 15 6082 6 6096 13 6292 8 6315 14 6353 10 6547 9 6570 14 6612 3 6803 9 6826 13 7058 9 7081 14 7315 8 7336 15 7571 7 7591 16 7828 5 7847 16 8104 14 8361 13 8617 12 8874 11 9135 4 9392 2 12199 2 12454 5 12709 7 12965 7 13220 12 13476 12 13520 8 13733 12 13773 14 13989 12 14025 2 14029 14 14241 16 14283 18 14496 17 14539 18 14747 30 14794 19 15002 33 15050 20 15257 35 15305 21 15513 35 15560 22 15769 36 15812 26 16025 37 16066 28 16281 36 16319 30 16537 35 16575 30 16793 67 17049 67 17307 64 17563 65 17819 66 18075 67 18331 68 18587 68 18843 68 19099 68 19355 68 19611 68 19867 67 20123 16 20144 46 20381 13 20400 45 20638 11 20657 43 20895 10 20913 42 21151 10 21169 41 21407 10 21425 40 21663 10 21682 39 21919 10 21939 38 22175 10 22197 36 22431 10 22454 33 22687 10 22711 32 22943 10 22969 28 23199 10 23226 27 23456 8 23485 24 23713 6 23742 23 23999 21 24255 21 24512 19 24768 18 25025 16 25268 5 25281 14 25523 6 25541 6 25779 6 25798 3 26035 6 26291 6 26549 8 26566 2 26807 9 26821 4 27064 19 27319 20 27575 21 27830 22 28086 25 28342 26 28598 31 28854 34 29111 34 29367 34 29626 31 29882 32 30139 31 30395 31 30651 31 30906 32 31161 34 31417 34 31672 35 31927 36 32183 40 32439 43 32695 43 32951 43 33208 42 33464 42 33720 42 33976 42 34231 44 34487 44 34742 46 34998 47 35254 47 35510 46 35767 37 36023 36 36280 35 36537 34 36794 33 37050 33 37307 32 37564 31 37822 29 38079 28 38335 28 38591 26 38847 22 39103 22 39359 20 39615 19 39870 18 40126 17 40382 12 40638 11 40894 9 41150 7 41407 4 41662 7 41917 9 42173 9 42429 9 42685 9 42941 9 43197 9 43453 10 43709 10 43965 8 44222 6 44479 4 45003 4 45259 12 45513 18 45765 22 46017 28 46063 7 46273 28 46319 8 46528 30 46573 12 46784 30 46829 12 47040 30 47084 15 47296 30 47339 16 47552 30 47594 17 47809 29 47849 18 48066 27 48105 18 48323 26 48361 18 48579 25 48617 18 48836 23 48873 17 49095 17 49130 15 49351 16 49388 13 49608 14 49864 13 50122 10 50379 8 50638 3 51172 2 51427 5 51681 8 51937 8 52193 8 52449 8 52704 9 52933 4 52943 4 52956 12 53187 9 53197 7 53211 14 53443 18 53466 15 53698 40 53954 41 54210 41 54258 1 54466 41 54513 4 54723 51 54979 52 55236 52 55492 53 55747 56 56004 55 56261 54 56519 52 56775 53 57032 52 57288 53 57542 54 57795 55 58051 55 58305 57 58561 41 58603 15 58816 39 58859 15 59071 40 59113 16 59327 32 59362 1 59369 16 59583 31 59620 20 59839 30 59876 19 59903 1 60095 29 60132 19 60159 1 60351 28 60387 22 60413 3 60607 26 60643 22 60668 4 60863 26 60899 23 60923 5 61120 24 61155 23 61179 5 61377 22 61411 29 61633 22 61667 29 61889 22 61925 27 62145 22 62181 27 62401 22 62439 25 62658 21 62697 23 62915 20 62953 23 63172 19 63208 24 63429 18 63463 25 63685 18 63719 25 63945 14 63973 27 64203 11 64228 28 64458 11 64482 30 64714 10 64737 31 64969 10 64993 31 65225 10 65249 31 65479 11 65504 29
844747,0 65 83 2 97 8 113 62 233 3 251 71 339 2 349 3 353 8 369 61 505 74 595 2 604 12 624 61 760 79 851 3 855 18 879 62 1014 82 1106 23 1135 61 1269 84 1362 17 1380 5 1391 60 1523 86 1617 24 1646 61 1779 85 1873 24 1902 61 2034 85 2128 25 2157 63 2290 85 2384 26 2413 63 2545 86 2640 27 2669 63 2801 87 2896 27 2925 61 3055 90 3152 27 3182 57 3311 92 3411 23 3439 53 3565 95 3667 22 3697 50 3821 98 3925 18 3959 44 4076 100 4181 18 4215 43 4323 4 4332 101 4439 14 4473 40 4578 8 4587 102 4695 13 4729 40 4833 114 4951 12 4986 39 5089 114 5207 12 5243 38 5345 118 5465 10 5503 18 5542 1 5602 117 5722 9 5760 6 5769 7 5795 4 5858 116 5981 4 6027 2 6047 6 6115 37 6155 75 6303 6 6371 36 6412 74 6559 8 6627 36 6669 72 6814 15 6884 35 6926 71 7018 6 7070 17 7140 35 7183 70 7274 7 7327 17 7397 34 7439 70 7529 18 7583 18 7621 8 7633 2 7654 33 7696 69 7784 19 7839 19 7876 15 7911 31 7953 67 8038 23 8094 21 8131 17 8168 29 8209 66 8293 24 8350 21 8387 17 8424 29 8467 64 8547 26 8606 21 8643 24 8681 28 8723 64 8803 27 8862 21 8899 24 8937 28 8981 62 9058 29 9118 21 9155 25 9195 25 9239 60 9314 29 9374 21 9411 26 9451 25 9497 17 9516 39 9569 32 9631 19 9668 25 9709 22 9754 15 9773 38 9825 33 9886 19 9924 26 9967 19 10017 8 10030 36 10080 35 10142 19 10181 26 10226 15 10275 5 10286 35 10335 36 10397 20 10420 1 10439 25 10483 13 10531 46 10589 37 10653 26 10697 4 10705 15 10741 11 10787 45 10845 36 10909 27 10961 15 10998 10 11043 45 11100 36 11165 28 11218 21 11256 8 11298 47 11355 36 11421 29 11474 23 11513 7 11553 48 11610 35 11677 30 11730 25 11775 1 11809 48 11866 35 11933 30 11985 27 12065 23 12090 24 12122 35 12190 29 12237 32 12320 23 12346 24 12378 35 12447 28 12491 34 12577 21 12603 23 12632 35 12703 28 12746 36 12833 21 12859 22 12887 36 12960 27 13001 37 13089 21 13115 22 13142 35 13217 26 13257 38 13345 20 13372 21 13397 35 13473 26 13513 38 13604 3 13615 6 13628 23 13653 32 13714 5 13729 27 13769 38 13871 6 13884 23 13908 31 13969 7 13985 8 13995 17 14025 38 14127 5 14139 55 14225 8 14251 17 14282 37 14383 4 14395 54 14481 8 14507 17 14539 36 14639 3 14651 53 14737 10 14764 17 14795 36 14895 2 14907 52 14979 8 14993 10 15009 1 15020 17 15051 37 15152 1 15163 50 15234 11 15250 10 15264 6 15277 16 15307 38 15419 50 15488 13 15506 11 15519 9 15531 18 15563 38 15675 45 15737 22 15762 43 15819 38 15932 42 15993 67 16075 38 16189 42 16249 67 16331 38 16446 41 16504 68 16588 37 16705 39 16759 70 16843 38 16889 7 16961 39 17014 72 17098 39 17143 9 17218 38 17269 41 17311 34 17353 39 17396 12 17473 39 17525 41 17567 35 17609 40 17651 13 17729 40 17779 43 17823 37 17864 56 17985 40 18035 43 18080 36 18119 57 18193 6 18239 43 18291 141 18448 8 18494 45 18547 141 18703 10 18748 47 18804 140 18959 10 19003 48 19060 140 19215 11 19259 49 19317 65 19385 71 19473 8 19515 50 19573 65 19643 69 19731 6 19771 50 19825 42 19869 26 19903 65 19989 2 20027 50 20080 42 20125 26 20159 65 20283 50 20335 42 20382 25 20415 65 20540 50 20591 42 20639 24 20671 65 20795 50 20848 41 20898 22 20926 66 21022 6 21051 50 21105 40 21155 22 21181 67 21260 8 21272 14 21306 51 21362 39 21415 89 21516 9 21526 17 21562 51 21619 38 21671 89 21771 30 21817 52 21876 37 21914 3 21931 85 22027 32 22073 52 22133 36 22170 4 22192 80 22283 40 22328 54 22389 42 22449 79 22538 43 22582 56 22644 43 22705 79 22793 103 22899 46 22959 81 23049 156 23215 81 23304 158 23470 82 23560 159 23726 82 23815 106 23927 50 23982 82 24071 106 24183 50 24237 83 24327 106 24440 51 24493 83 24583 105 24697 135 24839 105 24955 133 25096 104 25213 131 25353 103 25470 46 25517 83 25609 104 25727 45 25773 83 25866 103 25983 44 26029 83 26123 22 26146 79 26238 44 26286 82 26388 11 26405 77 26493 47 26543 81 26651 4 26662 76 26749 48 26799 81 26918 77 27005 49 27056 80 27174 77 27260 50 27313 79 27430 77 27516 51 27571 77 27686 76 27771 52 27827 77 27944 73 28027 133 28201 71 28283 92 28379 36 28468 59 28541 90 28635 35 28725 56 28797 90 28891 34 28981 55 29057 84 29147 34 29238 53 29314 83 29404 33 29494 49 29570 82 29670 23 29751 47 29827 81 29927 22 30008 45 30083 80 30183 22 30265 43 30339 54 30395 23 30440 20 30521 42 30594 55 30653 20 30697 17 30777 41 30850 55 30911 18 30953 17 31033 34 31068 4 31104 57 31169 16 31210 15 31289 32 31361 56 31426 17 31467 14 31545 24 31617 56 31682 22 31727 8 31739 5 31800 26 31873 56 31939 22 31983 8 31995 5 32056 28 32129 56 32195 22 32242 14 32312 29 32385 56 32452 22 32499 13 32520 1 32567 30 32639 56 32709 21 32755 13 32776 1 32823 30 32893 58 32967 19 33011 13 33079 31 33148 56 33224 19 33247 4 33266 14 33335 31 33403 57 33481 18 33503 4 33521 15 33592 33 33632 9 33658 57 33737 18 33757 7 33775 17 33849 34 33888 10 33914 57 33994 18 34013 8 34029 19 34105 37 34143 10 34169 58 34250 15 34267 10 34283 21 34361 48 34425 57 34506 15 34524 9 34539 21 34618 46 34681 57 34742 3 34763 14 34779 10 34794 22 34875 44 34937 50 34990 3 34997 6 35019 13 35035 10 35049 23 35131 44 35193 32 35230 11 35250 10 35275 12 35291 10 35305 23 35387 44 35449 32 35487 10 35505 11 35532 11 35545 12 35561 23 35644 42 35705 32 35760 12 35791 7 35801 12 35816 24 35900 42 35961 32 36015 13 36050 3 36056 13 36072 24 36151 48 36213 37 36267 17 36309 43 36369 2 36407 48 36467 39 36522 18 36565 43 36663 48 36721 40 36777 19 36820 44 36919 48 36977 40 37033 18 37075 45 37174 49 37232 41 37289 18 37329 47 37429 50 37488 40 37545 17 37585 47 37683 52 37744 37 37801 13 37841 47 37939 52 38000 36 38057 12 38097 47 38159 3 38195 52 38256 35 38315 5 38354 46 38415 4 38453 49 38512 35 38610 46 38671 5 38710 47 38768 34 38867 45 38927 5 38966 47 39024 34 39123 45 39183 5 39222 45 39279 34 39381 43 39439 5 39479 44 39536 33 39637 43 39697 3 39735 43 39792 30 39897 39 39955 2 39991 42 40048 29 40154 38 40209 6 40247 43 40305 28 40411 37 40465 6 40503 43 40561 28 40667 37 40721 6 40759 44 40818 27 40924 36 40977 7 41015 44 41075 26 41180 36 41233 7 41272 43 41331 26 41437 35 41489 8 41529 42 41588 25 41693 35 41745 10 41785 42 41845 24 41891 5 41950 34 42002 9 42041 42 42103 22 42146 6 42206 34 42259 12 42298 40 42364 15 42401 8 42446 2 42462 34 42515 12 42554 40 42657 8 42701 3 42717 35 42771 12 42810 38 42913 8 42954 7 42968 40 43028 11 43066 37 43158 2 43169 8 43209 9 43222 42 43284 11 43323 29 43395 4 43411 7 43426 7 43463 57 43541 10 43579 27 43651 7 43667 8 43682 6 43719 57 43797 10 43837 20 43906 10 43921 10 43973 59 44053 10 44093 20 44162 11 44177 10 44229 59 44309 10 44353 14 44415 28 44483 61 44565 9 44611 12 44671 28 44738 62 44821 10 44870 8 44925 30 44993 63 45077 10 45128 5 45181 30 45248 64 45333 11 45435 32 45502 66 45589 11 45690 33 45758 66 45845 12 45944 35 46014 57 46077 3 46101 12 46199 36 46270 55 46333 3 46357 12 46452 40 46526 55 46589 3 46614 11 46706 42 46783 53 46845 3 46870 11 46959 45 47038 54 47101 3 47126 11 47171 4 47215 45 47293 54 47357 3 47382 11 47424 9 47469 46 47548 55 47613 3 47638 11 47680 12 47725 46 47804 55 47869 3 47895 10 47935 14 47981 46 48059 56 48126 2 48152 10 48191 14 48237 45 48315 56 48382 2 48409 8 48447 14 48493 44 48571 57 48639 1 48666 7 48703 14 48750 43 48827 57 48895 1 48923 4 48959 14 49006 42 49069 12 49083 56 49181 2 49215 14 49261 42 49323 14 49338 57 49407 1 49472 11 49517 42 49578 72 49661 3 49729 10 49772 43 49829 76 49917 3 49985 10 50027 43 50083 78 50175 1 50241 8 50283 43 50337 80 50431 1 50496 9 50539 42 50591 82 50687 1 50752 10 50771 2 50795 42 50846 83 50943 1 51006 15 51024 7 51049 44 51101 84 51199 1 51261 26 51305 44 51357 84 51455 1 51507 5 51515 29 51560 45 51612 85 51711 1 51763 38 51816 45 51868 85 51965 3 52019 39 52073 44 52124 86 52219 5 52275 40 52329 44 52380 86 52473 7 52530 42 52587 42 52636 86 52727 9 52786 43 52843 42 52893 85 52982 10 53041 44 53100 41 53149 84 53237 11 53297 45 53356 40 53405 84 53492 12 53549 50 53613 39 53662 80 53748 12 53805 51 53869 38 53918 69 53991 6 54004 12 54061 51 54125 38 54175 66 54249 2 54258 14 54316 53 54381 38 54431 66 54513 15 54577 48 54637 38 54687 54 54745 5 54768 16 54833 47 54893 38 54943 52 55002 3 55019 21 55090 46 55149 38 55200 49 55274 22 55346 46 55406 37 55456 49 55529 23 55602 45 55663 36 55713 48 55785 23 55859 44 55919 36 55969 48 56041 23 56115 44 56175 36 56225 47 56297 23 56371 43 56432 35 56481 46 56553 23 56627 43 56689 33 56737 44 56808 24 56883 43 56945 32 56993 44 57063 25 57122 3 57139 43 57202 30 57250 41 57317 27 57379 1 57395 43 57458 29 57506 40 57573 27 57651 43 57714 28 57762 33 57829 27 57907 43 57970 27 58019 31 58085 27 58163 42 58227 25 58275 30 58339 29 58419 42 58485 23 58531 30 58595 29 58675 41 58743 20 58788 29 58850 30 58931 40 59000 18 59045 28 59105 31 59188 36 59258 15 59303 25 59361 31 59445 34 59515 12 59559 25 59617 31 59701 33 59817 21 59872 32 59957 32 60074 19 60128 32 60215 28 60330 16 60384 32 60472 26 60586 13 60641 31 60729 24 60843 11 60896 32 60986 22 61100 9 61151 33 61244 18 61358 7 61406 34 61501 16 61615 5 61661 35 61761 11 61872 4 61916 36 62018 9 62129 2 62172 36 62428 36 62684 36 62941 35 63197 35 63455 33 63711 33 63968 32 64225 31 64319 3 64470 8 64481 31 64573 6 64725 10 64737 31 64828 7 64979 45 65083 8 65234 46 65337 10 65487 49
846389,80 13 146 21 248 8 336 13 402 21 503 9 592 13 657 22 759 9 848 13 913 22 1015 9 1105 12 1134 1 1169 22 1270 10 1361 12 1390 4 1424 22 1526 10 1617 12 1680 22 1781 11 1875 9 1935 23 2037 11 2132 7 2191 23 2293 11 2447 24 2548 12 2613 2 2703 24 2804 12 2868 5 2959 25 3060 12 3123 7 3215 25 3315 13 3379 8 3471 25 3571 13 3636 6 3727 25 3827 13 3893 4 3941 7 3983 25 4083 13 4149 3 4197 8 4239 25 4339 13 4451 10 4495 24 4595 13 4707 10 4751 24 4850 14 4963 10 5007 24 5105 15 5221 8 5262 25 5361 15 5478 7 5517 25 5616 16 5735 6 5773 24 5872 16 6028 25 6127 17 6283 25 6383 17 6539 26 6640 16 6795 26 6896 16 7051 26 7153 15 7307 27 7409 15 7565 25 7649 4 7667 13 7821 25 7905 4 7923 13 8077 26 8179 13 8334 25 8436 12 8499 7 8591 25 8691 13 8754 8 8847 26 8947 13 9009 10 9103 26 9185 7 9196 20 9265 10 9312 1 9359 26 9441 31 9520 11 9566 5 9615 26 9695 33 9776 11 9822 5 9871 25 9951 33 10033 9 10078 4 10127 24 10206 34 10289 9 10334 3 10383 24 10462 34 10547 4 10639 23 10718 34 10895 22 10974 34 11152 20 11231 33 11408 19 11488 32 11664 16 11745 31 11921 14 12002 30 12178 12 12259 29 12435 11 12515 29 12697 5 12771 29 12953 6 13026 30 13209 6 13279 33 13465 5 13534 34 13723 2 13789 35 14045 35 14300 36 14556 36 14812 36 15068 36 15324 36 15581 35 15838 34 16095 33 16182 5 16354 30 16437 6 16611 29 16693 7 16867 29 16949 8 17124 28 17204 9 17243 2 17381 27 17460 9 17499 4 17637 27 17717 7 17754 6 17893 27 17973 6 18010 7 18149 27 18267 7 18405 27 18523 8 18661 27 18779 8 18918 26 19035 9 19174 26 19277 2 19291 10 19431 25 19533 2 19549 7 19688 24 19945 23 20201 23 20457 23 20713 23 20968 24 21223 25 21479 25 21600 4 21607 2 21734 26 21853 14 21945 1 21990 26 22109 14 22199 6 22245 27 22365 14 22455 8 22501 27 22621 14 22711 9 22757 27 22877 15 22967 10 23012 28 23133 16 23223 11 23267 29 23389 16 23480 11 23523 29 23645 17 23737 11 23777 31 23902 17 23993 12 24030 34 24159 16 24251 10 24285 35 24413 18 24510 5 24540 36 24667 20 24767 3 24796 36 24922 21 25052 36 25178 21 25309 35 25433 21 25566 34 25689 21 25823 33 25945 21 26080 32 26201 21 26336 32 26457 21 26593 31 26713 21 26849 30 26969 20 27105 30 27225 20 27361 30 27482 14 27619 28 27738 12 27875 28 27994 11 28131 20 28152 7 28251 10 28387 20 28410 5 28504 13 28643 20 28759 14 28900 19 29015 15 29157 16 29271 16 29410 1 29413 16 29513 4 29526 17 29595 2 29665 4 29673 9 29769 4 29782 17 29850 5 29921 4 29929 8 30026 3 30037 19 30105 8 30159 1 30176 5 30185 8 30283 1 30293 19 30360 9 30414 4 30432 5 30440 9 30548 20 30614 15 30671 3 30688 4 30697 8 30804 21 30869 18 30927 4 30944 3 30953 7 31059 22 31123 22 31185 1 31210 4 31315 22 31378 24 31570 23 31633 26 31826 23 31889 27 32082 23 32147 26 32339 22 32404 26 32599 18 32663 24 32857 16 32919 25 33116 13 33176 24 33247 2 33373 12 33433 23 33500 9 33631 10 33691 21 33753 14 33887 10 33948 20 34009 14 34142 12 34206 16 34265 14 34397 14 34463 12 34521 14 34653 14 34777 14 34909 14 35034 13 35133 5 35164 15 35291 13 35387 9 35420 15 35547 12 35641 13 35676 15 35803 12 35840 1 35897 14 35932 15 36059 12 36096 3 36153 16 36188 16 36254 8 36316 10 36352 3 36409 16 36444 16 36509 10 36572 10 36608 4 36665 17 36693 23 36765 10 36829 10 36864 5 36921 17 36948 24 37020 11 37086 10 37120 5 37179 15 37201 28 37275 13 37345 8 37363 4 37376 5 37435 15 37456 29 37531 14 37601 9 37620 2 37632 5 37691 16 37711 30 37787 14 37856 13 37888 5 37946 17 37967 30 38042 15 38111 16 38144 3 38201 52 38297 16 38335 5 38363 22 38400 2 38456 53 38553 16 38589 10 38618 23 38711 54 38808 17 38844 11 38873 25 38903 4 38967 54 39063 17 39099 12 39129 26 39157 7 39223 54 39289 1 39319 16 39355 13 39384 37 39479 54 39545 1 39575 16 39610 15 39639 39 39735 52 39801 4 39831 16 39865 16 39893 42 39992 49 40057 8 40087 15 40121 17 40149 43 40249 47 40311 14 40343 14 40375 73 40507 43 40567 15 40599 14 40629 75 40766 35 40819 20 40855 13 40884 76 41023 34 41075 20 41111 12 41141 75 41280 34 41322 3 41329 22 41367 8 41397 75 41535 36 41577 5 41583 24 41621 11 41653 75 41790 37 41833 29 41876 13 41908 76 42046 38 42089 28 42131 14 42163 77 42301 38 42346 26 42379 22 42419 77 42531 2 42556 39 42603 24 42635 22 42675 77 42785 14 42811 40 42859 22 42888 25 42930 78 43039 18 43067 40 43115 21 43142 29 43185 79 43280 4 43289 26 43321 40 43372 20 43397 32 43440 81 43543 29 43577 39 43628 20 43652 34 43696 81 43797 32 43831 36 43885 18 43907 36 43952 81 44053 32 44087 34 44141 17 44162 39 44208 83 44308 68 44397 17 44418 44 44463 84 44564 67 44652 17 44674 130 44820 68 44907 154 45076 68 45163 154 45332 14 45349 52 45419 140 45560 5 45566 7 45588 13 45605 58 45674 139 45817 4 45824 5 45844 12 45860 63 45924 145 46080 5 46100 11 46116 34 46151 174 46336 4 46355 11 46371 210 46611 10 46627 210 46865 13 46881 212 47120 229 47370 3 47374 230 47625 235 47879 236 48134 235 48390 235 48639 1 48646 235 48893 3 48902 235 49147 5 49158 235 49401 7 49415 234 49655 9 49671 234 49910 10 49927 234 50163 13 50183 235 50419 13 50437 251 50692 252 50946 254 51201 995 52197 253 52455 249 52711 248 52967 246 53223 246 53479 242 53735 238 53990 243 54235 5 54246 250 54502 249 54758 249 55014 248 55270 247 55526 247 55782 245 56038 244 56293 244 56549 244 56802 247 57057 248 57312 249 57567 250 57822 251 58077 1059 59138 254 59393 255 59649 255 59905 255 60161 255 60417 255 60673 39 60716 251 60973 249 61229 249 61484 249 61740 249 61995 250 62251 250 62507 250 62763 250 63019 250 63274 252 63530 254 63786 1494 65281 3 65289 4 65294 69 65364 172
850742,0 28857 28858 255 29115 36421
863209,0 13818 13819 254 14076 246 14336 239 14592 237 14848 233 15104 229 15360 226 15616 219 15872 215 16128 208 16384 207 16640 203 16896 199 17152 195 17408 192 17664 186 17920 181 18176 175 18432 171 18688 166 18944 165 19200 162 19456 160 19712 155 19968 153 20224 145 20480 144 20736 137 20992 135 21248 130 21504 125 21760 123 22016 121 22272 119 22528 113 22784 111 23040 108 23296 104 23552 103 23808 97 24064 93 24320 85 24576 83 24832 77 25088 75 25344 73 25600 72 25856 67 26112 62 26368 58 26624 56 26880 51 27136 43 27180 5 27392 41 27648 38 27904 33 28160 32 28416 30 28672 22 28928 20 29184 18 29440 12 29696 5 29952 3 30208 2
863364,0 26 65 216 322 215 578 215 835 213 1091 212 1347 212 1602 213 1826 3 1857 214 2081 4 2113 216 2337 4 2369 216 2592 5 2625 218 2847 6 2881 218 3103 6 3137 219 3359 6 3393 220 3615 6 3648 231 3884 7 3904 231 4139 8 4159 246 4415 246 4670 247 4925 248 5181 248 5435 250 5691 250 5945 252 6201 9724 15930 250 16186 249 16442 247 16697 247 16952 247 17206 249 17461 250 17716 250 17972 4077 22053 252 22311 249 22567 248 22824 247 23081 244 23337 244 23593 243 23849 242 24106 241 24362 241 24618 241 24874 241 25131 241 25387 242 25643 243 25899 244 26156 243 26412 244 26668 245 26924 245 27180 233 27436 233 27682 2 27692 234 27937 4 27946 236 28193 4 28201 81 28285 254 28544 251 28803 248 29061 247 29318 247 29575 247 29831 250 30087 253 30343 1286 31632 253 31889 251 32146 249 32403 247 32659 247 32915 246 33171 245 33428 243 33685 243 33941 244 34196 246 34452 247 34707 248 34963 248 35219 249 35475 250 35731 250 35987 251 36244 250 36501 249 36757 249 37013 249 37271 247 37527 247 37782 248 38038 248 38294 247 38550 247 38806 247 39063 246 39319 246 39575 246 39833 244 40089 244 40345 244 40601 245 40858 245 41113 1006 42125 249 42381 249 42638 247 42894 246 43150 245 43407 245 43663 248 43919 248 44175 252 44433 251 44689 252 44945 252 45201 251 45457 251 45713 252 45969 252 46226 252 46480 7611 54092 251 54349 249 54605 249 54861 248 55117 248 55372 213 55588 33 55627 248 55882 248 56138 195 56336 50 56394 182 56601 40 56650 182 56857 40 56907 181 57113 39 57164 180 57369 39 57421 179 57622 41 57677 179 57879 40 57933 179 58136 39 58189 179 58392 39 58445 179 58648 39 58700 180 58904 39 58955 181 59160 40 59211 181 59417 38 59466 182 59674 33 59721 183 59931 31 59977 183 60187 31 60232 184 60444 30 60487 185 60700 30 60739 189 60955 31 60992 192 61211 31 61245 195 61467 229 61722 230 61978 230 62234 230 62490 230 62747 229 63003 229 63261 227 63517 227 63773 227 64029 227 64283 229 64537 231 64788 236 65043 237 65298 238
863933,0 65536
863998,11775 1 12031 1 12287 1 12531 2 12543 1 12785 6 12799 1 13039 9 13291 14 13546 15 13798 19 14049 24 14302 28 14557 30 14813 30 15068 31 15323 32 15580 31 15813 9 15837 26 16068 11 16093 25 16313 22 16337 1 16349 24 16568 23 16593 2 16605 24 16823 24 16849 3 16861 24 17079 24 17104 4 17117 23 17335 29 17373 22 17591 29 17629 22 17847 28 17886 20 18081 2 18103 28 18142 20 18334 8 18358 25 18398 19 18589 9 18614 25 18654 19 18843 12 18870 25 18909 18 19097 13 19126 24 19165 18 19351 15 19381 24 19421 17 19607 15 19637 23 19662 3 19677 17 19861 17 19893 22 19917 5 19932 17 20117 17 20149 22 20173 5 20188 17 20372 16 20405 22 20429 5 20443 17 20627 16 20660 23 20685 6 20699 16 20883 16 20916 22 20942 3 20955 16 21107 3 21114 3 21139 15 21173 20 21211 16 21361 14 21396 13 21430 18 21467 16 21617 14 21652 12 21687 16 21723 16 21754 5 21872 16 21910 7 21952 3 21979 16 22008 8 22128 17 22169 2 22236 15 22263 9 22384 17 22492 18 22518 10 22641 17 22749 19 22774 10 22896 19 23005 20 23030 10 23151 20 23261 20 23286 10 23406 21 23449 1 23517 21 23542 10 23661 22 23703 3 23774 20 23799 9 23917 22 23959 4 24031 19 24055 9 24172 23 24214 5 24288 18 24311 9 24427 23 24471 4 24545 16 24567 9 24683 23 24727 3 24803 14 24823 9 24939 22 25061 12 25080 8 25195 22 25317 12 25336 8 25451 10 25465 6 25575 10 25593 7 25707 10 25721 2 25725 2 25831 10 25844 2 25849 7 25962 11 25977 2 26089 20 26218 11 26232 2 26346 17 26473 21 26603 15 26624 1 26729 22 26859 15 26880 4 26985 23 27103 5 27115 15 27136 5 27240 24 27358 11 27371 15 27392 5 27496 24 27612 31 27648 5 27751 25 27867 31 27904 4 28007 24 28122 31 28160 3 28263 24 28327 3 28377 31 28519 24 28581 7 28633 30 28775 23 28836 9 28890 29 29031 22 29091 11 29147 28 29288 21 29347 11 29403 28 29545 19 29603 12 29661 24 29801 19 29859 12 29918 22 30058 17 30114 15 30175 24 30314 17 30370 15 30432 24 30571 14 30626 15 30688 27 30828 11 30881 17 30943 28 31085 8 31136 18 31193 36 31342 7 31392 18 31447 38 31533 4 31647 19 31701 41 31788 5 31903 18 31957 42 32044 7 32158 17 32212 43 32299 8 32409 22 32467 44 32556 7 32661 26 32717 50 32812 7 32916 27 32971 52 33069 6 33171 28 33227 52 33325 6 33427 28 33482 53 33684 26 33737 38 33776 4 33940 25 33993 38 34033 2 34197 23 34248 39 34338 9 34453 22 34504 39 34591 24 34709 21 34759 42 34846 25 34965 20 35015 43 35101 26 35221 20 35271 44 35356 27 35478 19 35527 45 35611 28 35735 17 35785 44 35867 28 35961 3 35991 16 36041 44 36122 29 36213 8 36249 12 36298 42 36378 29 36468 10 36505 10 36555 41 36633 32 36723 12 36763 5 36813 23 36837 15 36889 32 36979 12 37020 1 37071 2 37075 15 37093 14 37145 34 37235 12 37333 12 37349 14 37400 35 37491 12 37589 11 37606 13 37655 37 37747 11 37845 10 37863 13 37911 38 38003 11 38101 9 38119 13 38169 36 38258 11 38357 8 38375 13 38425 36 38514 11 38614 7 38632 12 38682 35 38771 10 38870 6 38890 9 38939 34 39027 10 39126 5 39149 6 39196 33 39284 9 39453 32 39541 7 39637 3 39710 29 39799 4 39890 7 39967 28 40135 3 40145 10 40224 26 40387 9 40400 14 40482 23 40643 28 40740 20 40899 30 40997 11 41011 4 41154 31 41255 7 41409 32 41511 7 41665 32 41767 6 41921 32 42023 6 42040 1 42177 32 42279 6 42295 3 42433 30 42536 3 42551 3 42689 30 42806 5 42947 4 42956 18 43062 4 43212 18 43317 4 43469 18 43574 1 43723 20 43979 23 44234 25 44347 6 44489 26 44538 1 44603 7 44745 26 44794 1 44857 10 44914 7 44999 28 45049 2 45105 4 45111 12 45163 15 45254 29 45305 2 45359 20 45417 18 45507 32 45552 5 45615 20 45672 19 45763 32 45809 4 45869 22 45927 20 46019 30 46124 23 46183 20 46275 29 46379 23 46438 23 46530 31 46635 22 46694 31 46786 31 46889 16 46909 2 46949 33 47041 32 47143 18 47166 1 47205 34 47295 34 47398 19 47461 34 47503 4 47537 6 47547 38 47653 20 47717 34 47758 7 47792 49 47907 22 47971 36 48013 10 48048 49 48162 22 48227 36 48269 10 48303 50 48416 23 48483 36 48525 10 48559 51 48671 24 48739 36 48781 10 48815 51 48894 2 48927 23 48994 35 49037 10 49070 53 49149 3 49182 25 49251 34 49293 10 49326 53 49406 2 49436 27 49507 29 49549 10 49581 54 49663 1 49691 29 49763 30 49805 10 49837 54 49919 1 49947 30 50019 30 50061 10 50093 54 50173 3 50203 31 50276 29 50317 10 50349 54 50429 3 50458 35 50534 27 50574 9 50605 52 50684 4 50714 36 50791 27 50830 9 50861 51 50938 6 50970 37 51047 26 51087 6 51116 49 51186 14 51227 36 51303 26 51344 5 51372 49 51441 15 51483 37 51560 24 51628 48 51695 17 51739 37 51816 23 51884 48 51950 18 51995 36 52073 22 52141 47 52205 19 52252 35 52331 18 52397 47 52461 19 52508 35 52590 13 52653 48 52716 20 52764 34 52847 12 52910 47 52972 20 53020 31 53167 46 53227 21 53276 31 53423 46 53483 21 53533 24 53679 46 53739 21 53789 22 53936 45 53996 20 54047 20 54193 44 54253 19 54303 19 54450 43 54511 17 54561 17 54707 42 54767 17 54818 16 54964 40 55025 15 55075 15 55230 8 55240 10 55281 15 55333 12 55499 6 55537 15 55594 7 55793 15 55851 4 56049 15 56304 16 56559 17 56814 18 57070 18 57325 19 57581 19 57836 20 58091 21 58281 2 58344 24 58536 4 58541 3 58599 25 58791 8 58853 27 59047 8 59064 5 59108 28 59303 7 59317 10 59363 29 59561 6 59568 15 59619 29 59819 22 59875 29 60075 22 60131 29 60259 4 60330 23 60387 32 60512 9 60586 23 60643 33 60766 13 60839 26 60868 1 60900 33 61021 15 61094 28 61123 3 61156 33 61276 17 61349 46 61413 32 61528 21 61604 47 61670 31 61782 24 61828 4 61859 48 61927 30 62037 25 62083 6 62115 48 62185 29 62293 26 62338 8 62371 48 62442 28 62548 27 62593 9 62627 48 62699 26 62803 28 62849 10 62883 48 62955 26 63059 28 63105 10 63140 47 63212 25 63314 29 63361 10 63397 46 63469 24 63569 30 63617 10 63654 45 63725 24 63825 30 63873 10 63912 6 63921 34 63981 24 64080 31 64129 10 64170 3 64179 32 64237 23 64337 32 64386 9 64435 32 64493 23 64593 33 64642 10 64691 33 64749 22 64849 33 64898 11 64947 34 65005 22 65105 33 65155 10 65203 34 65261 20 65363 30 65411 10 65459 35 65519 17
867180,1 46 61 10 131 2 139 4 258 45 317 8 420 1 518 41 573 6 676 1 774 41 828 6 1031 42 1084 5 1287 44 1339 4 1543 44 1595 6 1611 1 1799 44 1844 3 1849 8 1865 6 1945 12 2055 58 2118 9 2200 13 2312 35 2348 23 2373 11 2455 16 2477 4 2568 13 2582 21 2604 36 2710 19 2732 9 2824 9 2839 19 2860 37 2965 20 2986 13 3079 8 3095 16 3115 38 3221 35 3334 7 3353 12 3371 38 3475 43 3526 1 3590 6 3609 12 3627 38 3731 43 3847 5 3861 2 3865 11 3884 37 3985 45 4103 4 4117 2 4121 10 4140 37 4241 22 4267 19 4289 1 4359 6 4373 2 4377 9 4397 36 4497 37 4615 6 4629 3 4633 8 4654 34 4754 36 4871 6 4886 11 4913 8 4925 20 5012 33 5127 6 5139 2 5142 11 5181 20 5269 32 5376 7 5386 2 5395 2 5398 5 5405 6 5438 21 5510 3 5526 16 5544 14 5632 3 5637 1 5642 1 5651 8 5661 6 5693 22 5766 3 5782 16 5799 14 5888 3 5907 7 5917 4 5949 22 6038 13 6054 14 6081 1 6144 3 6163 7 6173 3 6198 1 6205 22 6294 11 6310 13 6337 2 6400 2 6415 11 6428 3 6454 3 6461 22 6551 10 6565 12 6593 1 6656 1 6669 10 6681 6 6710 4 6717 22 6807 10 6821 9 6849 1 6924 11 6937 6 6967 4 6972 22 7064 4 7069 4 7076 8 7179 13 7193 6 7213 2 7223 26 7319 4 7325 4 7334 5 7435 20 7467 10 7481 10 7493 2 7497 6 7575 4 7581 4 7596 1 7601 4 7691 20 7723 10 7737 8 7755 2 7829 6 7837 4 7858 3 7939 2 7949 8 7958 9 7979 22 8084 11 8118 1 8195 7 8208 1 8214 9 8235 22 8339 11 8373 3 8449 10 8463 2 8470 9 8491 21 8595 10 8629 3 8705 10 8719 2 8726 8 8747 21 8851 9 8885 3 8960 12 8975 2 8982 8 9004 7 9013 10 9033 1 9105 2 9111 4 9142 2 9216 12 9231 2 9239 7 9261 6 9269 10 9288 3 9361 1 9368 5 9472 13 9487 3 9495 7 9518 16 9544 5 9611 2 9617 1 9625 5 9728 13 9743 2 9752 6 9777 13 9799 6 9861 4 9867 2 9873 2 9881 5 9985 11 10008 7 10035 10 10055 7 10116 9 10128 6 10138 4 10242 6 10249 3 10264 7 10291 10 10309 10 10372 9 10384 7 10395 3 10520 7 10551 4 10565 11 10628 8 10640 5 10651 3 10776 7 10807 4 10820 13 10885 6 10896 3 10907 2 11032 7 11070 1 11075 17 11131 2 11143 4 11152 2 11164 1 11288 7 11325 2 11331 18 11387 2 11400 3 11408 2 11420 1 11545 2 11581 25 11611 1 11657 1 11663 3 11673 2 11678 1 11837 25 11867 1 11891 1 11919 3 11929 2 12095 12 12108 13 12139 2 12173 4 12185 1 12351 12 12364 13 12395 3 12429 3 12603 16 12620 12 12649 5 12685 2 12798 2 12810 2 12859 16 12876 12 12905 5 12929 1 12940 3 13053 3 13063 6 13073 3 13108 23 13132 12 13147 2 13157 9 13183 4 13196 1 13271 3 13307 9 13318 7 13329 4 13350 1 13364 23 13388 12 13403 4 13413 9 13439 4 13527 1 13563 17 13585 8 13603 8 13623 20 13644 13 13658 20 13692 7 13815 21 13841 8 13857 10 13873 4 13879 20 13900 35 13947 8 14071 35 14109 14 14129 67 14201 10 14218 3 14325 38 14364 15 14385 69 14456 12 14473 4 14580 57 14640 94 14769 2 14835 156 15024 3 15091 156 15279 5 15347 156 15535 5 15602 155 15791 5 15831 1 15858 155 16047 6 16067 2 16087 2 16113 158 16283 4 16292 8 16301 8 16323 2 16342 3 16369 158 16538 5 16547 18 16579 3 16597 4 16625 158 16790 31 16835 4 16853 4 16880 160 17045 32 17090 7 17108 3 17136 63 17202 97 17301 32 17345 9 17364 1 17392 63 17458 131 17601 12 17620 2 17648 62 17714 128 17857 13 17876 2 17881 1 17905 60 17970 127 18113 13 18132 2 18137 2 18161 192 18361 4 18368 15 18387 4 18417 192 18616 23 18643 5 18673 192 18869 28 18899 6 18921 2 18929 191 19123 8 19135 18 19155 6 19177 3 19185 190 19379 6 19391 18 19412 11 19431 8 19440 193 19634 7 19647 35 19687 210 19898 41 19942 211 20154 45382
874368,1431 4 1687 5 1943 6 2199 6 5217 2 5471 5 5727 6 5979 10 6233 12 6487 14 6743 14 6998 15 7253 16 7509 17 7765 17 8021 9 8276 9 8531 10 8787 9 9043 8 9300 7 9557 5 9814 3 10397 6 10480 3 10648 13 10735 5 10903 14 10991 5 11157 17 11246 6 11413 17 11501 7 11669 18 11756 7 11924 19 12011 8 12179 19 12267 8 12435 18 12522 8 12690 18 12764 3 12777 8 12945 18 13019 5 13033 8 13199 20 13274 7 13289 8 13454 21 13530 8 13545 7 13707 24 13786 9 13801 5 13963 24 14042 9 14058 2 14219 23 14299 6 14475 21 14555 6 14731 17 14923 4 14987 16 15177 8 15243 16 15433 9 15499 15 15563 3 15688 11 15757 12 15815 9 15944 11 16013 12 16068 12 16195 2 16199 12 16271 8 16322 14 16450 17 16529 4 16577 14 16705 16 16833 14 16961 7 16969 8 17089 14 17217 6 17229 2 17345 13 17474 5 17601 12 17858 7 18115 3 20765 4 21021 4 21275 7 21531 7 21785 10 22041 10 22297 9 22369 4 22553 9 22603 4 22623 8 22809 9 22857 6 22878 10 23066 8 23112 7 23133 12 23323 6 23367 9 23387 14 23579 6 23623 9 23642 15 23838 1 23878 9 23896 18 24133 10 24151 20 24390 8 24405 22 24647 4 24660 22 24915 23 25171 23 25413 2 25426 23 25668 4 25681 24 25923 6 25936 25 26179 6 26191 25 26435 38 26691 38 26949 36 27205 35 27461 35 27717 35 27973 34 28229 34 28485 34 28741 33 28821 4 28997 32 29075 8 29253 32 29331 8 29511 29 29585 11 29767 29 29841 12 30024 27 30096 15 30281 25 30352 16 30537 23 30608 17 30792 23 30824 5 30837 2 30864 17 31048 20 31077 9 31091 5 31120 18 31303 20 31332 11 31346 6 31376 18 31559 16 31587 21 31633 16 31815 15 31843 22 31889 16 32071 6 32083 1 32098 23 32143 18 32327 5 32354 23 32399 17 32584 3 32609 24 32653 18 32841 1 32865 24 32905 22 33121 25 33160 22 33377 25 33416 21 33633 25 33672 21 33889 24 33928 21 34145 24 34184 23 34402 22 34440 23 34658 20 34696 24 34914 17 34952 25 35149 3 35170 17 35207 21 35229 4 35406 2 35426 16 35463 19 35485 3 35503 3 35662 2 35683 14 35718 18 35754 11 35918 1 35939 14 35974 17 36009 12 36195 13 36229 18 36264 13 36451 12 36485 17 36520 13 36708 11 36741 17 36775 13 36964 11 36996 17 37031 13 37220 11 37251 17 37286 13 37476 18 37507 17 37542 13 37733 22 37763 16 37797 14 37989 22 38019 16 38053 14 38252 16 38275 17 38309 13 38509 15 38531 18 38565 12 38765 16 38788 17 38821 12 39021 16 39044 17 39077 13 39277 16 39300 17 39332 14 39533 16 39557 16 39587 16 39789 15 39813 15 39843 16 40045 15 40069 15 40099 16 40300 15 40325 15 40355 16 40555 16 40581 15 40611 16 40811 16 40837 14 40866 16 41067 16 41094 13 41121 17 41323 15 41353 10 41377 16 41401 4 41579 14 41608 11 41632 19 41655 7 41835 13 41863 12 41887 32 42091 12 42119 12 42143 32 42346 11 42375 12 42399 33 42602 10 42630 13 42655 34 42857 10 42886 13 42911 34 43112 11 43142 13 43166 36 43367 10 43398 12 43421 38 43624 9 43655 11 43677 39 43881 6 43912 9 43932 41 44137 5 44169 8 44188 41 44427 4 44443 42 44699 42 44955 42 45210 43 45465 43 45721 43 45875 4 45976 44 46131 5 46232 43 46386 7 46488 43 46642 7 46743 43 46899 6 46999 42 47155 6 47255 40 47413 2 47511 39 47766 39 48022 38 48165 6 48278 37 48419 10 48534 37 48673 12 48790 36 48928 13 49047 35 49184 14 49303 36 49439 16 49559 36 49695 17 49815 36 49950 19 50073 35 50206 20 50329 36 50462 21 50585 36 50717 22 50841 36 50973 23 51097 36 51229 23 51353 36 51485 23 51609 35 51741 23 51865 35 51968 3 51997 23 52122 33 52224 3 52254 22 52378 33 52480 4 52510 22 52634 33 52736 5 52767 20 52891 31 52992 6 53023 20 53146 30 53248 6 53279 20 53401 30 53504 7 53516 11 53535 20 53655 31 53760 6 53770 14 53791 20 53911 30 54016 5 54025 17 54047 20 54167 7 54185 10 54272 5 54280 18 54302 22 54423 6 54441 10 54463 4 54528 5 54535 20 54557 21 54659 4 54681 4 54699 7 54716 11 54784 5 54791 42 54915 6 54937 4 54955 6 54969 16 55040 49 55170 9 55211 4 55225 18 55296 48 55426 10 55467 4 55481 18 55552 48 55682 11 55723 3 55736 20 55808 48 55937 12 55979 3 55992 21 56064 47 56194 11 56249 20 56320 46 56450 11 56505 20 56576 45 56707 10 56760 23 56832 45 56964 8 57016 23 57088 45 57221 6 57271 26 57344 44 57478 3 57526 28 57600 41 57781 30 57856 40 58037 31 58112 39 58293 31 58368 38 58549 31 58624 37 58805 31 58880 36 59061 30 59136 5 59142 25 59316 29 59351 2 59392 29 59572 29 59607 2 59648 29 59827 29 59863 4 59904 27 60083 28 60119 4 60160 27 60267 8 60339 30 60373 4 60416 27 60522 9 60595 30 60627 5 60672 25 60771 3 60777 10 60851 36 60928 18 60951 2 61025 18 61107 36 61184 15 61278 21 61363 36 61440 8 61533 22 61620 35 61696 7 61784 27 61880 31 61952 7 62039 29 62138 29 62208 6 62258 5 62295 30 62397 25 62464 6 62513 7 62551 30 62655 22 62720 5 62768 9 62806 31 62926 5 62976 4 63023 12 63061 32 63232 2 63279 13 63317 32 63488 1 63535 12 63573 32 63791 12 63809 4 63829 32 64047 12 64064 6 64085 32 64303 12 64317 10 64342 30 64559 24 64598 29 64815 24 64855 27 64933 7 65071 24 65111 27 65188 8 65327 24 65368 25 65443 10
877548,0 65536
890795,0 25875 25878 253 26135 251 26392 249 26648 249 26904 248 27160 246 27416 245 27673 242 27929 240 28186 239 28443 237 28699 236 28956 235 29212 234 29468 233 29724 233 29980 233 30235 233 30479 8 30489 235 30735 244 30990 245 31245 246 31500 247 31756 247 32011 248 32266 249 32521 250 32777 249 33032 180 33217 65 33287 180 33474 62 33541 182 33732 60 33796 183 33989 59 34051 183 34246 58 34307 183 34503 243 34760 242 35017 241 35275 238 35533 236 35791 234 36048 6 36058 222 36303 1 36313 223 36557 3 36569 224 36812 5 36823 226 37068 5 37078 227 37324 238 37580 239 37836 239 38092 239 38342 245 38597 247 38852 249 39107 494 39605 250 39864 246 40121 245 40374 247 40628 249 40880 252 41135 249 41389 250 41645 249 41900 249 42155 250 42410 251 42666 251 42920 254 43175 1533 44709 252 44965 250 45222 246 45479 244 45735 238 45991 236 46248 235 46504 234 46760 232 47016 227 47273 172 47448 49 47529 172 47705 48 47785 172 47961 48 48039 174 48217 48 48295 174 48475 45 48545 180 48733 43 48801 180 48993 38 49046 2 49056 180 49252 34 49301 4 49311 177 49509 29 49556 5 49567 178 49765 24 49811 6 49823 178 50021 22 50067 7 50079 178 50277 21 50323 7 50335 179 50533 20 50579 7 50590 180 50789 17 50835 8 50845 181 51045 14 51091 6 51101 181 51302 12 51347 6 51357 181 51559 9 51577 1 51605 2 51612 181 51815 8 51832 3 51868 181 52074 3 52088 3 52123 182 52344 3 52379 181 52601 1 52635 181 52891 181 53147 181 53403 181 53659 180 53915 180 54171 179 54427 178 54683 176 54917 2 54939 170 55170 10 55193 170 55426 11 55449 170 55681 16 55703 172 55937 17 55959 172 56194 193 56441 4 56451 193 56697 2 56706 195 56960 197 57215 198 57470 199 57714 3 57725 199 57969 4 57980 199 58223 182 58407 27 58479 209 58734 209 58989 210 59242 213 59494 217 59750 217 60005 218 60261 218 60516 220 60771 221 61019 229 61273 232 61528 233 61782 235 62037 235 62291 236 62546 235 62801 235 63057 234 63312 235 63567 236 63821 238 64077 238 64331 240 64587 244 64841 246 65097 245 65351 185
891930,134 2 139 20 210 23 389 26 466 22 645 6 652 19 722 21 900 28 978 19 1155 30 1235 17 1411 36 1491 14 1667 36 1709 5 1748 13 1923 37 1962 11 2005 10 2179 50 2262 9 2437 30 2470 15 2521 4 2697 25 2726 15 2953 24 2983 14 3209 24 3240 13 3465 21 3497 11 3721 20 3753 11 3931 5 3977 20 4009 12 4186 7 4233 19 4265 12 4443 4 4489 20 4522 11 4699 2 4744 22 4779 9 4803 4 4831 4 4999 24 5036 7 5055 12 5087 4 5119 1 5255 24 5293 6 5311 12 5343 4 5373 3 5494 1 5501 35 5567 14 5598 3 5623 9 5749 3 5755 37 5822 15 5855 2 5879 9 6003 21 6027 21 6077 15 6127 17 6258 21 6285 19 6333 15 6383 17 6514 21 6541 18 6584 20 6634 22 6770 21 6798 17 6837 23 6889 23 7027 20 7055 16 7083 34 7135 2 7144 24 7283 20 7311 17 7339 34 7391 3 7400 24 7543 17 7566 19 7593 37 7647 4 7655 25 7799 18 7822 19 7849 37 7903 4 7912 24 8057 16 8077 20 8105 38 8157 6 8168 24 8313 16 8333 20 8361 40 8403 4 8411 8 8425 23 8571 14 8589 20 8617 61 8680 24 8827 14 8842 23 8873 87 9084 29 9115 8 9129 87 9340 28 9372 8 9383 89 9595 27 9631 40 9674 54 9851 26 9887 38 9931 53 10107 11 10121 10 10143 38 10187 53 10362 11 10379 2 10385 1 10399 37 10443 53 10619 9 10640 5 10651 41 10699 53 10875 8 10895 6 10906 42 10955 53 11151 7 11160 44 11211 53 11407 54 11466 54 11662 56 11721 55 11918 114 12175 113 12431 113 12687 113 12943 113 13199 14 13221 91 13455 10 13477 91 13711 10 13735 75 13814 10 13967 10 13992 74 14071 9 14223 10 14250 71 14328 8 14480 8 14509 68 14585 7 14737 5 14765 66 14842 6 14995 2 15021 66 15098 6 15277 64 15355 5 15533 65 15611 5 15755 7 15789 66 15867 5 16010 9 16045 67 16124 4 16264 11 16281 7 16300 71 16380 4 16519 12 16537 8 16556 72 16636 4 16775 13 16791 10 16811 74 16893 3 17030 14 17047 12 17067 75 17149 3 17285 15 17301 14 17323 75 17406 2 17541 30 17578 77 17663 1 17796 32 17833 78 17919 1 18046 38 18089 78 18299 124 18554 125 18807 129 19062 130 19199 1 19317 132 19455 1 19565 2 19572 133 19711 1 19817 8 19826 135 19967 1 20071 147 20223 1 20328 146 20478 2 20584 147 20734 2 20841 146 20990 2 21099 144 21247 1 21357 142 21503 1 21612 143 21868 93 21965 45 22124 93 22221 45 22380 87 22477 44 22637 85 22733 44 22893 84 22989 33 23025 4 23149 84 23246 31 23405 84 23502 29 23660 85 23759 28 23915 86 24019 17 24059 5 24171 86 24276 15 24315 5 24427 86 24533 12 24570 6 24683 86 24790 9 24826 6 24940 85 25081 7 25197 83 25337 7 25454 81 25591 9 25711 80 25847 9 25967 78 26103 9 26223 77 26343 1 26359 9 26479 76 26614 10 26736 73 26870 10 26993 72 27126 10 27249 71 27381 11 27505 70 27637 11 27762 69 27893 11 28019 70 28147 13 28275 70 28403 13 28531 71 28657 15 28787 71 28913 15 29044 71 29169 15 29300 70 29425 15 29556 69 29681 15 29812 69 29937 15 30069 54 30126 9 30141 3 30194 14 30325 53 30383 8 30396 5 30451 13 30581 51 30641 4 30650 7 30707 13 30838 49 30905 9 30963 13 31095 46 31161 11 31219 13 31350 47 31416 16 31475 13 31606 46 31671 20 31731 13 31862 45 31927 20 31987 13 32117 46 32183 27 32243 13 32373 45 32439 28 32498 14 32629 44 32695 29 32755 13 32885 44 32951 29 33011 13 33141 44 33206 31 33267 13 33398 43 33461 32 33524 12 33654 43 33717 33 33782 10 33911 42 33972 34 34039 9 34169 40 34227 36 34296 8 34427 38 34483 36 34553 7 34684 37 34738 39 34809 7 34941 35 34993 43 35065 7 35199 32 35244 50 35322 6 35456 29 35499 52 35579 5 35714 25 35755 54 35835 5 35971 23 36011 54 36091 5 36231 18 36267 54 36346 6 36491 14 36523 54 36602 6 36749 10 36779 58 36858 6 37006 7 37035 59 37114 6 37284 1 37292 60 37371 5 37537 5 37549 61 37627 5 37790 9 37806 65 37884 4 38045 10 38063 65 38132 1 38140 4 38301 12 38319 72 38397 3 38558 11 38575 72 38653 3 38814 89 38909 3 39070 89 39164 4 39326 89 39419 5 39581 90 39675 5 39827 100 39932 4 40081 102 40189 3 40335 104 40445 3 40589 106 40702 2 40843 108 40957 3 41099 108 41213 3 41354 109 41467 5 41610 109 41721 7 41865 119 42121 119 42378 118 42634 118 42891 117 43147 117 43401 119 43659 117 43916 116 44172 116 44429 115 44685 115 44941 115 45197 115 45453 115 45709 115 45963 117 46219 117 46475 117 46731 117 46987 117 47243 117 47498 118 47754 118 48009 119 48265 119 48521 119 48777 115 48894 2 49033 112 49151 1 49289 112 49407 1 49545 102 49648 8 49801 81 49883 19 49905 6 50057 80 50143 12 50163 4 50314 57 50374 19 50403 5 50419 4 50571 56 50631 18 50827 56 50888 16 51083 56 51147 12 51339 56 51403 10 51596 11 51608 44 51852 69 52109 71 52365 30 52399 38 52623 24 52656 37 52879 24 52913 36 53135 24 53171 35 53391 24 53429 34 53647 24 53691 28 53904 22 53947 29 54160 21 54205 28 54417 20 54462 27 54673 19 54719 27 54930 17 54975 28 55187 15 55231 29 55267 2 55443 14 55487 29 55523 2 55699 13 55743 30 55779 4 55955 13 55999 30 56035 4 56211 12 56255 30 56291 6 56467 11 56511 30 56547 6 56724 9 56769 28 56804 7 56980 9 57026 5 57035 18 57060 7 57236 8 57297 11 57316 8 57493 6 57555 8 57572 8 57828 9 58084 9 58341 7 58597 6 58855 4 58878 2 59133 3 59388 4 59642 6 59897 7 60153 7 60409 7 60665 7 60921 7 61177 7 61433 7 61689 7 61945 7 62201 7 62369 3 62457 7 62623 6 62706 1 62713 7 62878 7 62960 4 62969 7 63133 8 63216 4 63225 7 63388 10 63471 6 63480 8 63644 10 63729 3 63735 9 63899 11 63990 10 64155 11 64229 3 64245 11 64411 12 64500 12 64667 12 64755 13 64924 11 65009 15 65180 10 65261 19 65439 6 65515 21
892843,45 52 103 4 169 20 246 10 301 64 426 19 501 11 557 64 683 18 757 11 813 66 939 18 1013 11 1069 66 1197 16 1270 10 1325 67 1455 14 1502 3 1527 9 1581 68 1711 14 1758 3 1783 9 1836 69 1973 8 2014 5 2040 8 2092 69 2229 8 2270 5 2296 8 2348 69 2483 8 2527 2 2552 8 2604 69 2736 11 2808 8 2861 68 2987 16 3064 8 3117 67 3243 16 3320 8 3377 62 3497 18 3576 8 3633 61 3753 18 3833 7 3891 57 4009 25 4089 7 4148 55 4265 26 4346 6 4405 52 4522 25 4605 3 4661 51 4778 25 4863 1 4917 47 5034 25 5173 46 5291 24 5352 5 5400 4 5429 45 5547 24 5606 10 5657 2 5686 43 5803 24 5861 12 5943 28 5973 10 6059 22 6117 12 6199 28 6231 7 6315 22 6370 15 6455 26 6571 22 6625 18 6713 24 6828 20 6880 19 6971 20 7084 20 7133 23 7228 19 7341 19 7388 25 7485 5 7493 7 7598 21 7643 27 7742 1 7855 22 7899 27 8117 17 8155 28 8375 15 8411 28 8634 13 8667 28 8890 13 8923 28 9131 2 9145 14 9179 28 9387 2 9398 17 9435 27 9472 2 9642 4 9652 19 9692 25 9728 3 9898 5 9907 20 9949 24 9984 4 10151 8 10163 20 10208 20 10240 5 10401 2 10405 11 10419 20 10465 18 10496 5 10653 42 10721 17 10752 5 10907 43 10979 14 11008 5 11162 43 11239 2 11243 6 11264 5 11417 44 11501 1 11520 5 11672 44 11724 11 11776 4 11928 43 11979 13 12032 4 12183 42 12235 14 12288 3 12439 40 12491 14 12544 2 12695 38 12746 15 12951 38 13002 15 13208 36 13258 15 13464 37 13514 14 13720 38 13770 13 13975 40 14026 13 14230 41 14283 11 14486 41 14539 10 14741 42 14797 8 14997 42 15054 5 15252 43 15509 41 15615 1 15765 41 15871 1 16021 40 16126 2 16278 8 16289 28 16378 6 16546 27 16633 7 16803 26 16889 7 17059 25 17145 7 17247 2 17316 23 17400 8 17573 22 17655 9 17691 6 17829 22 17909 11 17947 7 18085 21 18164 12 18202 9 18343 18 18418 14 18458 9 18599 18 18673 15 18714 9 18857 15 18929 15 18971 8 19114 13 19184 16 19227 7 19372 8 19439 17 19484 6 19628 7 19681 2 19695 17 19742 1 19929 12 19949 19 20184 13 20205 19 20439 14 20461 19 20695 14 20717 19 20950 15 20973 19 21206 15 21229 19 21358 1 21461 16 21486 18 21614 1 21718 14 21742 18 21885 6 21974 13 21999 17 22139 8 22231 12 22257 5 22268 4 22395 10 22488 10 22651 11 22745 8 22907 12 23002 6 23163 13 23259 4 23419 14 23675 13 23931 13 24020 8 24188 12 24274 11 24313 2 24445 10 24526 15 24567 2 24703 7 24781 16 24823 1 25003 4 25035 19 25078 2 25260 3 25291 19 25335 1 25516 3 25546 20 25772 3 25801 21 26027 3 26055 22 26198 1 26283 3 26311 22 26394 7 26447 12 26538 5 26565 25 26640 17 26703 13 26793 6 26821 25 26895 20 26957 16 27048 7 27075 28 27150 21 27212 17 27304 8 27330 30 27405 22 27465 21 27559 9 27585 32 27660 23 27719 24 27815 9 27840 33 27916 23 27973 27 28071 9 28095 34 28159 1 28171 24 28228 29 28327 9 28350 35 28415 1 28427 24 28483 31 28583 9 28605 36 28669 3 28682 25 28738 33 28840 7 28861 36 28925 3 28938 24 28993 34 29097 6 29117 36 29180 4 29194 24 29248 35 29353 4 29373 36 29436 4 29450 23 29503 35 29629 37 29692 4 29706 23 29759 35 29885 37 29948 4 29963 22 30014 34 30141 38 30204 4 30219 22 30269 34 30397 38 30459 5 30477 18 30526 33 30653 38 30715 5 30735 16 30782 33 30910 37 30971 5 30993 12 31039 32 31121 6 31167 35 31227 5 31250 9 31295 32 31375 10 31425 33 31483 5 31551 31 31629 14 31682 32 31739 5 31807 31 31885 14 31939 31 31995 5 32063 30 32141 15 32195 32 32253 3 32319 30 32396 16 32451 32 32511 1 32575 28 32651 16 32707 32 32831 26 32906 17 32963 32 33007 2 33086 23 33161 17 33219 32 33261 6 33342 23 33417 16 33475 31 33517 6 33598 23 33672 15 33705 5 33733 28 33771 9 33855 22 33928 15 33960 7 33991 26 34023 1 34027 10 34045 3 34075 2 34111 22 34184 13 34214 11 34247 26 34283 11 34299 5 34330 5 34367 22 34440 11 34469 12 34504 24 34539 11 34555 5 34584 9 34623 22 34696 9 34723 15 34759 24 34790 26 34839 10 34879 22 34952 8 34979 16 35015 24 35045 27 35094 11 35134 24 35208 6 35234 17 35270 25 35301 27 35350 11 35390 24 35465 4 35490 17 35525 25 35556 28 35606 10 35645 26 35746 18 35781 24 35811 29 35862 10 35901 26 36002 18 36037 23 36067 29 36119 8 36156 27 36258 18 36294 21 36323 29 36375 6 36411 28 36514 18 36551 14 36566 4 36579 29 36667 29 36770 18 36807 13 36835 29 36923 30 37026 19 37064 12 37091 29 37136 4 37177 32 37281 20 37321 11 37346 30 37391 6 37433 32 37536 21 37577 11 37602 30 37645 8 37689 32 37791 22 37835 8 37858 21 37901 9 37945 32 38045 23 38091 8 38113 20 38157 11 38200 33 38299 25 38350 3 38363 16 38413 12 38456 33 38555 24 38618 16 38669 13 38713 31 38811 24 38873 16 38926 13 38969 31 39066 26 39127 18 39183 12 39226 29 39320 28 39382 21 39439 13 39483 26 39573 32 39637 24 39696 13 39741 23 39827 40 39891 28 39952 13 39997 22 40082 43 40145 30 40208 13 40254 21 40336 45 40399 32 40463 15 40510 21 40587 51 40653 34 40719 16 40767 19 40840 54 40907 36 40975 17 41023 18 41095 55 41162 37 41231 19 41279 16 41349 56 41417 38 41487 20 41535 16 41605 56 41673 38 41743 22 41791 15 41860 57 41928 39 41999 22 42047 10 42059 1 42115 58 42183 39 42257 21 42305 6 42368 59 42439 40 42513 21 42562 2 42623 60 42694 41 42770 20 42877 61 42950 47 43027 19 43133 60 43206 48 43284 19 43387 60 43462 49 43540 19 43643 62 43719 48 43797 17 43827 4 43840 4 43899 64 43983 41 44053 17 44081 7 44095 6 44155 64 44240 40 44310 16 44337 21 44411 64 44496 41 44567 15 44593 22 44667 65 44752 41 44809 9 44824 13 44849 23 44924 64 45009 40 45062 15 45079 14 45105 24 45181 63 45265 40 45316 20 45337 10 45362 23 45443 56 45522 40 45571 32 45618 23 45699 56 45779 39 45826 31 45877 18 45956 53 46018 3 46040 7 46049 25 46082 24 46108 4 46135 16 46213 52 46273 4 46307 23 46338 23 46392 14 46469 51 46565 27 46594 23 46648 13 46679 3 46725 50 46821 27 46849 24 46905 34 46942 1 46980 51 47079 25 47105 24 47161 38 47236 54 47337 23 47361 23 47418 39 47492 55 47601 15 47617 22 47674 40 47748 55 47857 38 47929 41 48005 54 48118 33 48185 41 48261 54 48375 14 48392 13 48439 43 48518 53 48630 15 48649 9 48695 42 48774 53 48886 10 48897 3 48951 36 48988 4 49031 52 49141 11 49153 3 49205 38 49245 2 49287 52 49397 11 49461 38 49543 53 49599 6 49652 12 49716 39 49799 52 49854 9 49908 12 49971 40 50055 51 50110 10 50163 13 50226 41 50311 50 50366 10 50419 13 50481 42 50565 44 50613 4 50622 11 50675 13 50737 42 50820 42 50870 2 50879 10 50931 13 50993 42 51075 40 51135 11 51187 13 51249 42 51331 40 51391 12 51412 3 51443 13 51505 42 51587 40 51646 14 51667 6 51701 11 51761 42 51843 40 51902 14 51923 6 51964 4 52017 42 52098 41 52159 13 52179 6 52221 3 52273 42 52354 41 52416 13 52434 8 52477 3 52529 42 52609 42 52672 14 52688 9 52733 3 52785 41 52865 42 52927 25 52988 4 53037 45 53119 42 53183 24 53244 4 53291 48 53372 44 53439 24 53501 3 53545 51 53625 45 53695 24 53758 2 53800 53 53880 45 53951 24 54015 1 54055 56 54134 46 54193 2 54197 4 54208 23 54311 56 54389 47 54447 10 54465 22 54567 56 54644 47 54701 12 54721 22 54823 56 54895 52 54955 14 54979 5 54986 13 55079 56 55147 54 55209 16 55243 14 55335 56 55403 54 55465 16 55499 14 55591 55 55659 52 55721 15 55755 22 55847 55 55915 50 55977 14 56011 23 56059 5 56104 53 56171 48 56233 14 56267 24 56311 9 56361 52 56427 47 56489 14 56523 24 56566 10 56617 52 56682 46 56746 13 56779 24 56820 12 56874 51 56938 45 57002 16 57035 24 57075 13 57131 49 57194 44 57259 16 57291 25 57331 13 57387 49 57450 44 57515 17 57547 25 57586 14 57626 5 57645 46 57706 44 57771 18 57804 25 57841 15 57881 6 57902 45 57962 44 58027 19 58060 25 58097 15 58135 8 58159 42 58219 49 58283 19 58317 22 58353 15 58391 9 58416 40 58475 50 58539 20 58575 20 58610 14 58647 8 58669 42 58732 49 58795 19 58831 19 58865 15 58904 5 58923 44 58989 48 59051 19 59088 17 59114 22 59177 46 59247 46 59307 16 59345 16 59367 25 59433 46 59503 15 59521 29 59563 16 59606 11 59621 27 59688 48 59761 11 59779 27 59819 17 59838 3 59868 5 59875 29 59944 48 60018 9 60035 27 60075 24 60107 2 60125 4 60131 29 60161 5 60199 49 60297 21 60331 25 60358 9 60381 35 60417 6 60455 49 60553 21 60586 37 60638 34 60673 6 60711 48 60810 21 60841 40 60889 31 60923 5 60929 6 60968 47 61066 21 61097 79 61179 5 61185 7 61224 47 61322 21 61353 80 61439 1 61441 7 61481 46 61578 21 61609 82 61697 6 61737 46 61834 20 61867 82 61953 5 61994 46 62090 20 62123 82 62251 46 62346 19 62379 84 62507 46 62602 19 62636 83 62765 47 62858 18 62891 84 63023 46 63114 17 63145 87 63283 43 63371 16 63400 88 63541 42 63627 16 63655 89 63799 40 63883 16 63909 91 64057 38 64139 16 64165 91 64315 37 64373 11 64391 20 64419 41 64461 51 64572 36 64629 13 64645 22 64675 17 64693 23 64717 51 64828 36 64882 41 64931 16 64951 2 64954 18 64973 51 65084 36 65137 42 65187 16 65211 69 65340 36 65392 41 65443 15 65469 12 65483 53
904357,136 15 159 13 178 33 392 13 415 13 434 33 511 1 648 13 671 12 690 33 767 1 904 11 928 11 946 33 1023 1 1159 12 1184 11 1202 34 1269 4 1279 1 1415 10 1441 10 1458 34 1523 12 1671 10 1697 10 1712 36 1778 14 1926 10 1954 9 1965 39 2033 15 2181 11 2211 9 2221 39 2288 16 2435 14 2469 47 2544 16 2689 16 2725 47 2799 17 2945 20 2986 42 3055 17 3201 20 3242 42 3311 17 3457 22 3498 41 3568 16 3713 21 3754 41 3824 16 3971 19 4000 6 4010 41 4081 15 4227 19 4255 8 4266 41 4337 15 4483 18 4509 10 4522 40 4593 15 4739 18 4765 10 4779 39 4849 15 4995 18 5019 12 5037 36 5104 16 5251 18 5275 14 5293 36 5359 17 5507 18 5530 15 5550 36 5613 19 5763 18 5786 15 5805 38 5869 19 6019 18 6043 14 6061 40 6124 20 6265 1 6275 18 6299 14 6315 42 6379 21 6531 17 6555 14 6570 45 6636 20 6788 16 6812 59 6892 20 7044 15 7069 58 7131 4 7150 18 7301 14 7325 58 7386 6 7407 17 7557 14 7585 54 7641 8 7665 15 7813 14 7842 53 7896 9 7921 15 8070 13 8098 63 8177 15 8326 13 8354 62 8433 15 8582 13 8610 61 8689 15 8838 14 8866 61 8945 15 9093 15 9122 53 9176 5 9201 15 9349 14 9378 52 9432 5 9457 15 9605 14 9634 51 9713 15 9861 14 9890 52 9969 15 10056 5 10117 14 10147 56 10225 15 10311 8 10323 1 10373 13 10403 56 10481 15 10566 18 10629 12 10660 57 10739 12 10821 20 10885 12 10924 49 10995 11 11077 21 11142 11 11184 47 11333 20 11399 10 11441 47 11588 21 11657 7 11702 44 11843 22 11917 4 11959 44 12099 26 12174 5 12214 45 12354 29 12430 6 12470 45 12609 34 12686 7 12725 46 12864 37 12942 8 12981 46 13119 41 13199 8 13237 47 13375 42 13455 8 13493 48 13629 45 13681 6 13711 9 13749 48 13884 47 13936 7 13967 10 14005 49 14138 61 14223 12 14237 6 14263 48 14393 62 14473 27 14519 48 14649 62 14729 28 14776 47 14905 62 14985 28 15032 47 15162 61 15241 28 15287 48 15419 63 15497 28 15543 47 15677 63 15755 25 15799 46 15934 62 16012 24 16054 47 16191 62 16268 23 16309 48 16448 61 16524 23 16565 48 16703 63 16780 23 16821 48 16958 65 17036 23 17077 50 17213 66 17292 23 17333 52 17469 66 17548 23 17589 52 17725 68 17805 22 17844 55 17981 68 18061 22 18099 56 18237 69 18317 20 18355 57 18493 70 18573 20 18610 58 18749 75 18831 16 18866 58 19006 75 19087 16 19122 58 19265 72 19345 13 19378 58 19521 73 19601 13 19634 58 19779 72 19859 11 19891 57 20036 71 20117 10 20137 2 20147 56 20292 71 20386 12 20403 56 20549 70 20641 14 20659 56 20805 70 20894 17 20915 55 21062 69 21149 18 21171 54 21319 68 21403 21 21429 52 21575 68 21659 21 21685 51 21831 22 21855 44 21913 23 21943 48 22088 19 22111 43 22167 24 22200 46 22344 18 22369 40 22421 25 22459 38 22600 17 22625 39 22677 23 22717 34 22860 11 22881 38 22932 23 22974 30 23118 9 23138 38 23188 23 23231 28 23376 7 23395 2 23399 34 23435 5 23443 14 23459 8 23496 7 23509 4 23633 5 23657 56 23717 5 23753 16 23898 2 23914 33 23949 21 23973 5 24013 11 24035 6 24153 4 24170 33 24205 21 24229 4 24269 10 24291 6 24408 6 24428 4 24435 24 24461 28 24522 15 24545 9 24664 7 24693 22 24717 29 24777 20 24800 11 24919 8 24950 19 24973 32 25028 1 25032 36 25086 2 25175 9 25207 18 25229 32 25283 42 25341 3 25432 9 25465 16 25485 33 25537 45 25595 5 25688 9 25724 13 25739 34 25793 46 25851 5 25945 8 25966 1 25983 46 26050 45 26101 11 26203 6 26221 3 26240 45 26307 44 26356 12 26475 7 26499 43 26563 46 26611 13 26731 8 26756 42 26819 61 26987 8 27012 42 27075 61 27243 8 27269 42 27330 62 27472 2 27498 7 27525 43 27586 62 27728 3 27755 6 27781 44 27842 62 27985 1 28013 2 28037 45 28099 61 28293 45 28355 61 28531 4 28547 47 28611 61 28786 6 28801 49 28860 1 28868 60 29041 8 29055 51 29126 58 29297 8 29307 56 29382 58 29553 68 29639 57 29809 68 29895 40 29936 16 30065 68 30151 37 30193 15 30321 68 30407 35 30449 15 30577 70 30663 33 30704 16 30834 71 30919 30 30960 16 31090 75 31175 28 31216 16 31346 76 31432 26 31472 16 31603 77 31690 23 31728 16 31858 78 31947 22 31983 17 32113 79 32205 20 32239 17 32368 80 32462 19 32495 17 32623 81 32721 2 32729 7 32750 18 32877 83 32985 6 33005 19 33132 83 33243 4 33261 19 33385 86 33499 3 33516 20 33637 90 33771 21 33893 91 34027 21 34147 94 34283 21 34403 94 34539 21 34657 98 34795 21 34911 102 35052 20 35166 69 35242 28 35308 20 35421 70 35494 32 35564 20 35677 60 35745 1 35749 34 35820 20 35932 61 36003 36 36076 20 36187 62 36257 39 36331 21 36442 63 36513 39 36587 21 36696 65 36769 40 36843 21 36951 66 37025 40 37099 21 37206 67 37280 41 37355 21 37461 68 37536 41 37611 21 37655 4 37716 68 37792 41 37867 21 37910 6 37971 68 38047 41 38123 21 38165 10 38219 76 38303 7 38311 31 38381 19 38420 11 38475 76 38559 7 38569 27 38637 19 38675 13 38730 77 38815 6 38825 26 38895 17 38931 13 38986 77 39071 6 39081 26 39152 16 39186 14 39241 78 39335 28 39409 15 39442 14 39497 78 39588 31 39665 15 39698 14 39751 81 39843 32 39922 14 39954 14 40007 81 40099 32 40178 14 40211 13 40261 84 40352 34 40435 13 40467 13 40517 84 40607 35 40691 13 40725 10 40772 47 40820 36 40861 37 40947 13 40989 1 41027 46 41077 34 41117 37 41204 12 41283 45 41333 30 41373 38 41461 11 41538 46 41589 30 41629 38 41717 11 41794 45 41845 28 41885 39 41973 11 42049 46 42101 26 42141 39 42229 11 42305 45 42357 27 42397 39 42485 11 42561 44 42613 27 42653 39 42741 11 42818 43 42869 36 42909 40 42997 11 43074 42 43125 36 43165 40 43253 11 43331 39 43382 36 43421 42 43509 11 43587 39 43638 35 43677 42 43765 11 43845 36 43894 35 43933 44 44021 11 44101 36 44150 35 44189 44 44277 11 44357 38 44399 42 44445 44 44532 12 44613 68 44682 15 44701 44 44788 12 44870 67 44938 13 44957 44 45043 13 45126 81 45214 43 45299 13 45383 76 45470 43 45555 13 45639 77 45727 41 45811 13 45895 77 45977 2 45983 40 46066 14 46151 86 46239 40 46322 14 46407 85 46496 39 46579 13 46663 85 46752 39 46835 13 46919 85 47009 38 47091 13 47175 86 47265 38 47348 12 47431 86 47523 36 47606 10 47688 86 47779 36 47861 11 47945 88 48037 34 48113 15 48202 87 48293 34 48369 15 48459 87 48551 31 48625 15 48715 87 48809 29 48880 16 48909 12 48971 86 49066 27 49136 16 49164 13 49227 86 49323 24 49393 15 49419 14 49482 86 49579 18 49649 15 49674 16 49739 85 49835 18 49905 15 49930 17 49995 85 50092 15 50162 14 50186 17 50251 85 50349 13 50419 13 50443 5 50449 11 50507 85 50607 10 50675 13 50707 10 50764 85 50863 9 50931 13 50963 10 51021 85 51121 5 51187 13 51219 10 51277 86 51380 1 51443 13 51475 8 51532 89 51700 12 51730 9 51787 91 51956 12 51984 8 51994 1 52043 93 52212 12 52239 9 52251 1 52298 95 52467 13 52495 9 52507 1 52554 95 52724 12 52751 10 52811 94 52980 12 53007 12 53067 95 53237 11 53263 15 53323 96 53493 11 53520 17 53581 98 53751 9 53776 18 53837 99 54007 9 54032 28 54094 99 54262 10 54287 29 54352 97 54517 11 54543 30 54610 44 54657 50 54772 12 54799 30 54837 6 54867 43 54915 48 55027 13 55055 32 55092 8 55127 39 55172 48 55283 13 55311 33 55347 9 55383 39 55428 48 55539 13 55569 43 55641 38 55685 48 55795 13 55825 43 55897 38 55941 48 56050 14 56083 41 56154 39 56197 49 56307 13 56333 4 56339 40 56410 39 56454 48 56563 13 56589 46 56666 41 56710 48 56819 13 56845 46 56921 93 57075 13 57101 44 57177 94 57333 11 57357 44 57432 95 57589 11 57613 43 57687 97 57845 11 57870 42 57941 99 58102 10 58127 41 58194 102 58357 11 58383 42 58449 103 58613 11 58631 3 58640 40 58704 104 58867 13 58887 4 58897 39 58960 104 59122 14 59143 4 59154 38 59197 4 59215 104 59377 15 59398 6 59411 32 59445 14 59470 105 59633 15 59654 6 59669 30 59703 127 59889 15 59909 7 59925 30 59959 127 60145 15 60165 7 60183 27 60215 125 60401 15 60421 7 60440 26 60471 125 60657 15 60677 7 60697 24 60727 124 60913 15 60932 8 60953 24 60983 118 61169 15 61187 9 61210 23 61239 115 61426 14 61445 8 61466 23 61495 114 61681 15 61704 6 61723 23 61751 114 61937 15 61961 6 61979 23 62007 113 62193 15 62217 6 62236 20 62263 112 62448 16 62473 6 62493 18 62519 112 62704 16 62730 6 62751 16 62775 112 62961 15 62986 6 63008 15 63030 113 63217 15 63245 1 63265 14 63283 116 63475 13 63521 13 63538 117 63731 13 63761 4 63777 12 63793 118 63987 13 64017 5 64033 12 64048 119 64244 12 64273 6 64291 132 64501 11 64530 5 64549 130 64757 11 64786 5 64806 128 65015 9 65042 5 65065 125 65272 8 65299 2 65303 2 65311 2 65322 123 65532 4
905849,0 65536
907141,0 193 207 37 255 124 386 62 463 35 512 121 643 61 719 34 768 121 901 57 975 34 1024 120 1157 56 1233 32 1280 118 1423 44 1491 26 1536 117 1680 42 1747 25 1792 116 1938 39 2005 22 2048 115 2196 36 2261 22 2304 115 2453 34 2518 17 2560 114 2709 34 2775 15 2816 113 2965 22 2989 7 3032 11 3072 113 3220 23 3245 6 3289 10 3328 111 3457 8 3475 22 3547 6 3584 110 3713 8 3731 22 3803 6 3840 109 3969 9 3986 23 4059 6 4096 109 4225 9 4242 23 4316 6 4352 109 4481 8 4497 24 4571 4 4608 109 4737 6 4753 26 4827 4 4864 109 4995 2 5009 27 5083 3 5120 109 5265 28 5334 3 5339 3 5376 109 5488 3 5521 28 5589 8 5632 109 5743 9 5777 29 5843 12 5888 107 5999 14 6033 30 6097 16 6144 107 6255 14 6289 30 6340 2 6352 17 6371 3 6400 107 6512 15 6545 31 6595 39 6655 107 6768 15 6801 31 6851 40 6911 106 7024 15 7057 32 7106 43 7166 106 7280 15 7313 32 7361 45 7422 105 7535 16 7568 34 7611 52 7677 106 7791 16 7824 35 7867 53 7933 102 8047 16 8080 98 8189 101 8303 16 8337 99 8445 100 8555 19 8593 208 8809 21 8850 139 8993 63 9064 19 9107 138 9249 63 9319 20 9363 137 9505 63 9574 15 9620 129 9751 5 9761 63 9829 18 9877 128 10009 5 10017 64 10085 22 10112 3 10132 128 10266 5 10273 64 10341 22 10368 5 10381 3 10387 129 10523 72 10596 176 10779 250 11037 248 11293 248 11549 248 11805 247 12060 248 12315 249 12569 250 12824 251 13080 251 13336 250 13591 251 13847 251 14101 74 14179 176 14357 70 14436 245 14692 245 14947 245 15203 245 15458 247 15713 248 15969 249 16225 250 16480 251 16737 250 16993 252 17249 30778 48030 251 48288 249 48547 246 48803 245 49060 8 49069 235 49318 6 49326 2 49330 230 49576 3 49590 226 49833 2 49846 226 50101 227 50355 231 50590 1 50603 2 50611 232 50845 4 50859 3 50867 239 51113 8 51122 241 51368 14168
919234,0 24837 24838 255 25094 764 25860 253 26117 252 26374 252 26630 253 26887 252 27143 252 27401 250 27657 250 27913 250 28169 252 28425 252 28681 13321 42003 253 42259 253 42515 251 42769 253 43025 251 43279 16580 59863 21 59885 228 60120 19 60143 226 60376 18 60400 225 60632 18 60657 248 60915 245 61172 242 61430 227 61659 10 61687 226 61945 224 62201 224 62458 223 62714 222 62971 222 63227 203 63432 17 63486 219 63743 218 64000 217 64256 217 64512 218 64768 219 65024 220 65280 221 65527 1
925045,0 65536
927607,195 8 209 4 452 17 708 16 964 16 1219 18 1473 20 1729 20 1983 22 2239 23 2495 23 2751 22 3007 22 3265 6 3273 12 3524 1 3532 9 3789 7 4046 6 4302 5 4863 1 5116 4 5372 4 5627 5 5883 5 8632 5 8857 4 8886 8 9111 7 9141 10 9367 8 9395 12 9621 10 9651 13 9877 11 9906 14 10133 11 10161 15 10389 11 10416 16 10644 13 10673 15 10881 4 10899 15 10929 15 11137 6 11155 18 11185 15 11393 6 11410 19 11443 12 11649 8 11663 24 11700 11 11905 8 11917 27 11956 10 12161 8 12170 31 12211 4 12417 7 12426 31 12466 4 12676 1 12682 31 12721 6 12938 31 12976 7 13194 31 13231 9 13450 31 13487 9 13706 29 13743 9 13962 17 13983 7 13999 9 14218 16 14255 8 14474 10 14486 1 14511 8 14730 9 14768 5 14986 9 15025 2 15242 8 15498 8 15755 7 16011 7 16271 2 16829 5 17084 8 17339 12 17557 7 17595 12 17609 1 17813 9 17851 16 18069 9 18107 16 18325 10 18363 16 18581 10 18619 16 18838 11 18875 20 19095 12 19131 22 19352 12 19387 24 19609 12 19644 23 19865 13 19900 23 20122 12 20157 22 20377 13 20414 21 20632 13 20671 19 20887 14 20929 16 21142 15 21188 12 21397 16 21653 16 21909 16 22165 16 22421 16 22677 16 22933 14 23189 13 23446 11 23703 10 23961 6 24220 1 31433 2 31687 6 31942 7 32197 9 32453 9 32708 10 32778 3 32963 11 33032 6 33041 7 33215 2 33218 12 33287 18 33469 17 33541 21 33723 19 33796 22 33979 19 34051 23 34235 20 34306 24 34335 4 34490 21 34560 37 34604 9 34746 22 34816 38 34859 12 35002 23 35072 58 35258 23 35328 60 35514 23 35584 62 35770 23 35840 62 36026 23 36096 63 36283 21 36352 63 36539 20 36608 63 36795 20 36864 63 37051 19 37120 63 37307 19 37376 64 37563 18 37632 66 37819 18 37888 67 38075 17 38144 68 38330 18 38400 69 38585 19 38656 69 38841 18 38912 69 39097 18 39170 66 39352 19 39427 65 39608 19 39686 61 39865 18 39942 61 40121 18 40195 63 40379 14 40450 63 40636 13 40705 63 40894 10 40962 61 41151 9 41219 59 41409 6 41475 59 41666 5 41733 56 41990 55 42247 54 42503 54 42759 41 42805 8 43015 40 43061 8 43273 36 43320 3 43529 36 43787 32 44037 1 44045 29 44301 19 44471 6 44557 17 44726 9 44813 14 44981 10 45068 12 45237 10 45323 10 45493 10 45579 9 45749 9 45836 3 46006 6 46093 1 46677 6 46932 8 47185 12 47439 14 47694 16 47949 18 48041 10 48204 20 48296 12 48459 22 48551 14 48651 3 48715 22 48807 14 48906 5 48970 23 49062 15 49162 5 49225 24 49318 15 49418 6 49480 25 49573 16 49673 8 49735 26 49829 16 49928 11 49989 28 50085 16 50183 12 50243 30 50340 2 50343 14 50369 1 50437 16 50499 30 50601 11 50623 4 50693 16 50755 30 50833 4 50859 9 50878 6 50948 18 51011 30 51087 9 51118 5 51134 7 51203 18 51266 31 51340 13 51390 7 51459 18 51522 30 51588 22 51645 8 51714 20 51778 30 51843 24 51902 7 51969 21 52033 31 52097 26 52159 4 52225 21 52288 32 52353 26 52415 4 52481 21 52539 36 52606 30 52737 21 52793 36 52860 33 52900 4 52992 21 53046 37 53114 36 53154 8 53248 21 53301 37 53368 39 53409 9 53504 21 53557 34 53611 6 53620 55 53760 21 53812 33 53865 66 54016 20 54068 31 54118 71 54272 20 54324 26 54351 3 54373 72 54528 19 54580 25 54629 74 54784 17 54835 26 54885 75 55043 12 55091 24 55139 78 55301 9 55347 23 55395 78 55560 1 55603 21 55649 80 55858 21 55905 81 56113 22 56159 84 56361 4 56367 24 56411 88 56614 33 56659 3 56663 93 56869 34 56914 98 57125 36 57163 1 57168 101 57381 143 57613 6 57636 19 57657 123 57868 7 57891 20 57915 120 58120 11 58143 22 58175 115 58376 11 58398 23 58432 113 58631 13 58653 24 58689 111 58887 14 58909 24 58945 18 58964 91 59142 15 59164 25 59202 15 59221 88 59398 15 59419 26 59458 15 59477 87 59654 16 59674 27 59715 13 59734 85 59910 17 59929 28 59971 12 59990 77 60073 1 60163 50 60227 7 60245 76 60329 5 60418 51 60483 5 60499 77 60585 6 60628 2 60673 52 60738 7 60753 78 60841 8 60883 6 60929 52 60993 9 61007 79 61096 9 61139 6 61184 53 61249 92 61351 18 61395 7 61440 53 61505 92 61607 22 61651 7 61696 53 61761 92 61862 28 61907 7 61952 53 62017 92 62117 29 62163 7 62208 53 62273 92 62373 28 62421 5 62464 52 62529 92 62628 29 62679 2 62720 50 62787 89 62883 30 62976 49 63043 89 63139 30 63232 48 63301 86 63395 29 63488 47 63557 86 63651 29 63744 47 63815 84 63907 30 64000 46 64072 83 64163 30 64256 45 64319 91 64417 31 64512 45 64573 26 64602 63 64672 32 64768 45 64826 28 64859 62 64926 33 65013 2 65024 44 65081 29 65116 61 65181 34 65269 3 65280 44 65336 29 65373 61 65437 34 65511 4 65524 5
927691,0 6706 6708 252 6965 251 7221 251 7477 22 7507 221 7732 22 7763 222 7987 22 8023 226 8253 12 8282 216 8500 3 8514 8 8539 215 8770 8 8795 214 9026 8 9051 214 9283 7 9307 214 9539 6 9562 216 9796 5 9818 217 10052 5 10075 217 10308 4 10331 217 10565 2 10595 209 10852 205 11058 1 11083 1 11108 207 11338 3 11364 207 11589 9 11621 207 11844 11 11877 208 12095 16 12123 1 12133 208 12349 18 12378 3 12389 208 12605 18 12632 6 12643 210 12861 17 12887 8 12898 211 13117 15 13142 223 13372 7 13382 6 13397 225 13623 12 13650 241 13901 248 14152 253 14407 19508 33919 250 34175 250 34431 249 34687 249 34944 247 35200 27 35229 218 35457 244 35714 243 35971 238 36236 229 36493 226 36750 225 37006 225 37263 223 37519 222 37776 221 38032 210 38248 3 38289 208 38546 201 38749 2 38803 195 39000 1 39060 193 39317 192 39573 192 39831 190 40087 190 40344 9 40354 179 40601 5 40611 178 40857 4 40867 180 41123 176 41300 3 41379 180 41625 1 41635 181 41881 2 41889 183 42136 3 42144 184 42397 188 42653 188 42907 192 43162 193 43417 194 43673 196 43927 198 44181 202 44431 209 44647 3 44686 211 44901 6 44939 216 45156 7 45195 226 45438 239 45693 240 45947 242 46196 3 46201 12395 58598 251 58863 241 59121 238 59380 235 59636 237 59892 237 60148 240 60405 240 60661 242 60917 242 61173 242 61430 241 61685 243 61941 244 62197 244 62453 245 62709 245 62965 246 63221 246 63477 246 63729 1807
933048,60 8 139 12 157 22 317 4 393 10 409 26 573 4 649 10 665 26 830 3 904 10 920 28 1088 1 1159 11 1176 29 1345 2 1414 12 1431 30 1670 13 1687 30 1925 14 1942 32 2181 14 2197 33 2435 16 2455 30 2691 16 2711 18 2733 8 2946 17 2973 9 3202 19 3229 8 3458 20 3486 5 3714 21 3743 3 3971 20 4227 20 4483 21 4739 21 4996 21 5252 21 5509 22 5765 23 6022 24 6279 24 6539 21 6796 21 7054 17 7311 15 7571 9 7828 7 8087 3 62337 2 62366 4 62590 7 62615 12 62845 8 62869 16 63099 10 63124 18 63353 12 63378 21 63608 13 63633 22 63863 13 63889 22 64119 13 64145 23 64376 11 64390 4 64401 24 64632 11 64645 6 64657 24 64889 8 64901 7 64914 24 65145 8 65157 8 65170 24 65413 8 65427 23
938416,21 11 279 6 535 6 12287 1 12543 1 12799 1 13567 1 13823 1 14079 1 14334 2 14589 3 14831 6 14845 3 15087 8 15100 4 15341 12 15355 5 15596 20 15851 21 16106 22 16360 24 16615 25 16871 25 17127 25 17384 24 17641 23 17897 23 18153 23 18409 23 18659 29 18911 33 19167 33 19421 35 19677 35 19927 41 20183 41 20437 43 20692 44 20947 45 21203 45 21459 45 21715 45 21971 45 22228 44 22484 44 22740 44 22996 44 23251 45 23507 45 23763 45 24019 45 24275 45 24531 45 24788 44 25044 44 25300 44 25556 41 25812 41 26068 41 26279 1 26324 41 26367 1 26533 5 26579 45 26789 5 26835 45 27043 8 27091 45 27299 8 27346 46 27553 10 27599 49 27809 10 27855 49 28066 9 28110 50 28322 9 28366 50 28579 8 28623 49 28835 8 28879 49 29093 4 29137 47 29393 47 29649 46 29905 46 30161 44 30416 43 30671 41 30927 40 31155 6 31181 42 31407 11 31437 42 31487 1 31661 16 31691 44 31741 3 31917 18 31946 45 31997 3 32171 22 32201 46 32251 5 32427 22 32456 46 32507 5 32681 24 32712 46 32762 6 32935 26 32969 44 33018 6 33187 31 33225 44 33273 7 33443 32 33481 44 33529 7 33699 33 33739 39 33779 13 33955 34 33995 38 34036 12 34210 36 34251 36 34292 12 34462 40 34508 35 34548 12 34717 42 34763 36 34805 11 34973 42 35019 36 35061 11 35229 42 35275 36 35317 11 35485 42 35530 38 35573 11 35741 84 35829 11 35997 84 36085 11 36253 85 36341 11 36510 8 36519 75 36595 13 36767 5 36776 88 37024 4 37032 78 37112 8 37265 4 37281 3 37288 78 37371 5 37521 7 37535 88 37627 5 37777 102 37884 4 38033 102 38140 4 38287 104 38397 3 38543 104 38653 3 38797 107 38909 3 39053 108 39165 3 39308 116 39563 117 39819 117 40075 117 40331 117 40587 117 40843 117 41099 117 41357 101 41459 13 41619 5 41628 100 41886 98 42143 97 42399 97 42655 97 42911 21 42934 19 42958 50 43166 22 43191 18 43215 10 43228 36 43420 23 43447 18 43478 2 43487 20 43510 10 43676 23 43703 18 43745 17 43767 9 43931 24 43960 16 44003 4 44013 4 44023 9 44187 24 44216 16 44260 1 44270 3 44279 9 44443 25 44474 11 44515 3 44525 4 44535 9 44699 25 44731 9 44770 4 44781 4 44791 9 44955 25 45026 4 45035 7 45046 10 45211 25 45282 5 45290 22 45467 26 45539 4 45544 24 45722 26 45796 2 45800 24 45977 27 46009 2 46025 9 46056 24 46233 26 46265 3 46279 12 46312 24 46489 26 46534 14 46568 24 46745 26 46789 15 46824 24 47002 25 47045 18 47079 25 47258 25 47300 23 47335 25 47514 25 47555 30 47590 26 47770 25 47811 31 47846 26 48027 24 48067 61 48283 24 48323 61 48540 23 48579 61 48797 22 48835 40 48877 19 49053 22 49090 40 49134 18 49309 22 49345 42 49390 18 49565 22 49598 66 49821 22 49853 67 50077 10 50094 4 50108 68 50333 10 50363 69 50590 8 50619 69 50847 6 50875 69 51130 70 51386 70 51640 72 51895 42 51938 30 52150 41 52195 29 52364 6 52406 41 52451 13 52467 13 52613 14 52661 41 52708 11 52723 13 52868 15 52917 41 52965 10 52980 5 52987 5 53123 17 53173 40 53222 9 53244 4 53378 19 53429 40 53479 10 53491 4 53501 3 53633 21 53685 39 53739 12 53759 1 53889 21 53941 39 53995 12 54015 1 54144 23 54197 37 54252 15 54400 23 54453 35 54509 14 54655 25 54710 28 54766 13 54911 25 54967 26 55023 12 55039 1 55165 28 55206 3 55225 16 55280 11 55293 3 55418 35 55461 5 55481 15 55536 16 55671 42 55715 8 55739 12 55791 17 55926 43 55971 9 55996 11 56047 17 56180 57 56253 10 56299 21 56435 59 56511 8 56554 22 56691 61 56756 9 56769 5 56808 24 56947 74 57027 2 57063 25 57202 75 57319 25 57458 75 57575 25 57713 76 57831 25 57969 76 58087 25 58224 87 58342 26 58480 89 58598 26 58735 91 58853 27 58991 92 59109 27 59197 4 59247 92 59364 28 59451 7 59503 93 59620 28 59705 10 59760 93 59876 28 59959 12 59979 1 60017 92 60132 28 60214 13 60232 5 60274 92 60388 28 60419 5 60469 14 60487 6 60531 91 60645 38 60725 14 60742 8 60788 90 60901 38 60982 13 60997 8 61045 89 61157 25 61184 15 61239 22 61301 88 61413 21 61440 17 61495 22 61557 88 61668 21 61696 18 61751 20 61813 85 61924 13 61952 19 62009 18 62069 84 62180 12 62208 20 62266 17 62325 82 62435 12 62464 21 62523 16 62581 80 62690 13 62720 21 62779 17 62837 74 62945 14 62976 22 63035 18 63093 72 63201 14 63232 23 63293 16 63349 9 63363 57 63457 15 63488 23 63549 16 63606 7 63621 55 63713 16 63744 23 63803 19 63864 5 63877 54 63969 18 64000 23 64059 19 64121 4 64133 52 64225 7 64235 9 64256 25 64289 9 64314 21 64377 4 64389 50 64469 7 64483 4 64491 9 64512 43 64570 21 64633 4 64646 47 64724 9 64739 4 64747 10 64768 44 64825 23 64889 5 64902 46 64979 11 64997 1 65003 10 65024 44 65081 24 65126 1 65143 8 65159 44 65235 11 65259 10 65280 44 65335 26 65379 10 65397 10 65416 43 65491 12 65514 3 65521 2
942725,0 35 84 15 153 46 256 35 339 15 410 43 512 10 523 24 594 16 666 42 768 7 780 23 850 15 923 40 1024 7 1037 22 1106 15 1179 40 1280 5 1293 22 1362 14 1435 40 1536 4 1549 22 1618 13 1692 39 1805 22 1875 10 1949 37 2061 22 2131 9 2205 36 2318 20 2388 7 2463 34 2574 19 2645 4 2720 33 2831 18 2977 32 3087 18 3170 3 3234 31 3269 2 3345 16 3425 6 3491 28 3523 6 3601 16 3680 7 3747 28 3777 8 3858 15 3934 10 4003 39 4063 18 4114 15 4189 12 4258 41 4317 21 4371 14 4445 12 4511 8 4522 75 4627 14 4701 12 4767 8 4779 77 4883 15 4957 12 5022 8 5035 78 5139 15 5214 12 5279 6 5291 79 5395 16 5471 12 5535 6 5550 3 5560 68 5651 16 5727 11 5793 4 5817 68 5906 17 6072 69 6162 17 6328 72 6417 17 6583 73 6673 17 6839 73 6927 17 7093 75 7183 16 7348 76 7439 12 7603 77 7695 12 7859 77 7951 14 8019 8 8033 8 8043 6 8105 5 8113 79 8207 14 8274 11 8287 20 8361 6 8368 80 8465 12 8529 36 8617 87 8721 12 8784 40 8826 5 8872 88 8977 13 9039 50 9128 88 9233 13 9295 52 9385 87 9489 14 9550 55 9641 87 9745 14 9806 57 9897 87 10002 13 10061 64 10156 84 10259 12 10317 64 10414 82 10517 10 10573 14 10588 49 10676 76 10775 8 10829 14 10844 49 10933 75 11031 8 11074 24 11101 48 11189 75 11286 11 11315 2 11327 27 11357 48 11445 75 11541 17 11566 8 11577 21 11599 10 11613 48 11701 75 11797 18 11821 44 11869 48 11958 74 12053 18 12077 43 12125 46 12215 73 12308 19 12332 39 12381 46 12471 73 12563 21 12585 44 12637 45 12728 72 12819 66 12892 45 12985 71 13073 69 13147 43 13241 7 13253 59 13329 70 13404 42 13499 4 13510 58 13584 72 13660 41 13768 56 13839 73 13916 41 14024 56 14094 74 14172 41 14281 55 14349 75 14428 40 14537 58 14605 74 14684 39 14794 58 14861 74 14939 40 15051 58 15116 73 15195 40 15308 57 15372 72 15452 38 15565 58 15626 69 15709 36 15823 128 15965 34 16081 126 16221 33 16339 124 16477 32 16595 124 16733 12 16750 14 16852 123 16989 11 17008 11 17108 122 17247 9 17267 6 17365 122 17503 8 17525 3 17621 122 17884 1 17893 106 18149 90 18243 16 18407 87 18500 16 18589 6 18663 87 18757 16 18844 7 18921 85 19014 15 19099 9 19177 85 19274 11 19311 10 19355 10 19435 14 19456 61 19531 10 19567 12 19611 10 19691 14 19712 60 19787 10 19823 17 19867 11 19945 10 19968 59 20043 10 20079 18 20122 12 20201 8 20224 58 20299 10 20335 20 20377 14 20456 9 20480 57 20553 12 20591 20 20633 14 20712 9 20736 21 20760 33 20808 13 20847 21 20889 14 20959 4 20968 9 20992 20 21017 32 21063 15 21103 22 21145 14 21215 5 21225 8 21248 19 21274 30 21319 15 21359 23 21401 14 21470 7 21483 3 21504 18 21530 29 21574 17 21615 24 21657 14 21726 7 21760 17 21787 26 21829 19 21869 28 21915 10 21981 8 22016 17 22044 25 22085 19 22125 29 22171 9 22237 9 22272 17 22301 23 22341 8 22355 6 22376 33 22429 5 22494 9 22528 17 22559 20 22597 6 22611 7 22631 34 22750 11 22787 13 22816 11 22830 5 22870 7 22887 34 23007 10 23044 12 23076 6 23087 2 23126 10 23143 33 23264 8 23304 6 23381 14 23399 32 23521 7 23637 14 23655 31 23779 3 23893 14 23912 28 24007 3 24149 14 24168 27 24260 7 24403 15 24425 26 24513 14 24659 15 24681 26 24769 16 24840 1 24871 4 24914 15 24937 26 25024 17 25123 9 25170 15 25193 26 25280 17 25377 12 25426 13 25449 26 25537 16 25633 12 25682 11 25705 25 25793 17 25889 12 25939 8 25961 24 26051 15 26145 12 26197 4 26217 24 26308 14 26401 12 26473 24 26566 12 26658 11 26729 23 26823 10 26914 11 26984 21 27081 8 27171 9 27239 21 27337 7 27495 18 27639 4 27749 20 27895 5 27982 13 28003 22 28150 7 28237 16 28258 23 28405 8 28493 46 28541 5 28661 9 28749 54 28917 10 29005 55 29076 7 29173 10 29261 56 29331 10 29428 11 29518 58 29585 14 29684 11 29774 59 29840 15 29940 12 30031 60 30094 17 30195 13 30287 60 30349 19 30451 13 30543 80 30707 13 30799 80 30963 13 31055 80 31219 13 31311 79 31475 13 31568 41 31610 35 31732 12 31824 41 31868 33 31988 12 32080 42 32127 28 32245 11 32336 42 32384 27 32501 11 32593 34 32630 4 32641 26 32759 9 32849 33 32887 2 32897 26 33017 6 33105 32 33153 26 33362 31 33409 26 33619 27 33666 24 33877 24 33922 24 34135 19 34178 24 34392 17 34434 24 34559 1 34649 16 34690 25 34814 2 34906 14 34945 26 35069 3 35163 11 35201 26 35325 3 35419 11 35457 26 35581 3 35675 10 35713 26 35837 3 35931 10 35969 27 36093 3 36121 4 36189 8 36227 26 36342 10 36377 6 36445 8 36483 26 36597 11 36631 9 36702 5 36738 28 36851 13 36887 9 36992 30 37105 15 37143 10 37243 36 37289 4 37359 17 37399 9 37499 36 37539 12 37613 19 37656 7 37754 37 37793 16 37865 23 37913 6 38009 38 38048 18 38120 24 38265 59 38375 25 38521 60 38631 25 38776 61 38886 26 39031 63 39142 26 39287 63 39398 26 39537 69 39653 28 39792 69 39909 30 40047 68 40164 37 40303 67 40420 39 40559 66 40676 39 40742 15 40814 67 40932 40 40997 17 41070 67 41188 40 41253 19 41326 40 41370 23 41398 12 41445 40 41508 20 41582 39 41627 22 41650 18 41701 44 41764 19 41839 37 41885 42 41957 44 42020 19 42096 35 42141 45 42213 45 42276 19 42360 27 42397 46 42466 48 42532 19 42617 26 42653 46 42721 50 42788 18 42875 24 42908 48 42977 50 43044 17 43133 9 43143 12 43164 47 43233 50 43301 12 43403 8 43419 48 43489 50 43557 12 43659 8 43674 49 43745 50 43813 12 43915 8 43929 49 43988 1 44003 7 44015 2 44025 26 44069 11 44171 8 44184 49 44243 4 44260 5 44281 26 44327 9 44429 6 44438 52 44498 5 44541 22 44583 9 44687 1 44693 54 44753 10 44798 21 44840 7 44947 74 45055 20 45096 7 45203 76 45312 21 45352 2 45459 78 45568 22 45607 4 45715 78 45824 23 45861 8 45971 80 46080 24 46117 8 46227 80 46336 24 46372 9 46485 80 46592 24 46627 11 46741 80 46848 25 46877 2 46881 14 46998 80 47104 25 47130 22 47261 74 47360 53 47519 73 47616 54 47775 74 47872 24 47897 30 48031 74 48128 24 48153 31 48287 75 48384 56 48543 77 48640 57 48799 13 48813 64 48896 57 49055 10 49071 9 49086 49 49152 57 49311 10 49328 6 49343 49 49408 57 49567 8 49600 49 49664 58 49824 6 49856 50 49920 15 49937 4 49942 37 50113 50 50176 13 50198 37 50370 51 50432 13 50454 37 50624 55 50688 13 50709 38 50879 58 50944 13 50964 39 51135 59 51200 13 51219 39 51391 60 51456 12 51475 38 51525 2 51645 62 51713 10 51730 39 51781 3 51901 62 51969 4 51985 37 52037 3 52077 2 52156 64 52241 36 52294 1 52331 6 52411 65 52481 3 52497 36 52550 6 52583 12 52667 64 52737 4 52752 37 52805 8 52818 8 52838 15 52923 64 52993 4 53008 37 53053 6 53060 27 53093 17 53180 62 53248 5 53265 35 53309 35 53349 18 53437 61 53504 5 53523 16 53544 11 53565 59 53693 60 53760 5 53779 16 53801 10 53821 59 53950 59 54016 4 54039 9 54062 3 54077 60 54207 58 54272 4 54332 61 54466 55 54528 4 54588 66 54725 52 54784 4 54844 67 54983 50 55040 4 55101 68 55240 49 55296 4 55358 67 55497 48 55552 4 55615 68 55757 46 55808 4 55871 68 56014 9 56024 35 56064 5 56127 68 56280 37 56320 5 56383 68 56536 37 56576 4 56639 68 56791 38 56832 3 56895 68 57047 38 57088 1 57151 68 57301 40 57407 68 57556 41 57663 66 57811 42 57919 66 58067 41 58173 67 58323 40 58429 55 58485 10 58578 41 58684 55 58743 9 58834 39 58940 55 58998 11 59091 38 59195 55 59254 13 59347 38 59451 55 59510 13 59603 37 59692 6 59707 54 59766 15 59860 35 59947 8 59963 54 60022 15 60117 33 60202 9 60218 54 60278 17 60374 27 60458 9 60473 54 60534 17 60631 23 60713 12 60727 55 60789 20 60888 7 60899 10 60967 71 61045 20 61067 4 61145 3 61155 9 61222 71 61301 28 61384 6 61412 7 61477 72 61557 28 61639 9 61669 5 61733 71 61813 29 61894 13 61927 1 61989 71 62069 30 62149 14 62245 70 62326 29 62405 15 62501 70 62582 29 62661 15 62720 4 62757 68 62839 28 62889 6 62917 16 62976 4 63013 68 63097 26 63145 7 63173 16 63232 5 63270 63 63355 24 63400 9 63429 16 63488 5 63527 60 63611 24 63655 10 63686 15 63744 5 63787 50 63869 23 63910 12 63943 14 64000 6 64045 46 64125 24 64165 13 64199 13 64256 5 64303 43 64381 24 64419 15 64455 12 64512 5 64561 40 64638 22 64667 23 64712 10 64768 5 64819 38 64895 21 64922 24 64969 8 65024 5 65075 38 65151 22 65178 23 65225 8 65280 5 65333 36 65407 22 65433 24 65486 2
944809, 
962767,20 18 136 6 191 65 277 17 390 7 447 65 533 17 646 7 703 65 791 14 902 7 960 64 1047 13 1157 8 1217 63 1413 7 1475 61 1671 3 1731 61 1989 59 2245 59 2491 4 2502 58 2746 5 2758 62 3002 6 3014 62 3259 5 3270 63 3515 5 3527 62 3772 3 3783 62 4039 62 4295 62 4551 62 4807 61 5059 64 5314 63 5570 62 5826 62 6082 62 6251 2 6338 62 6499 11 6594 62 6751 16 6849 63 7005 18 7105 63 7259 20 7361 63 7511 24 7617 63 7766 25 7873 63 8017 31 8129 63 8272 33 8385 63 8527 34 8641 63 8782 36 8897 63 9037 38 9154 62 9293 38 9410 62 9549 38 9666 62 9805 38 9923 61 10061 38 10179 61 10317 37 10435 61 10573 37 10691 61 10829 37 10948 60 11085 36 11205 59 11340 37 11461 59 11595 38 11717 59 11851 38 11973 59 12107 36 12229 59 12363 8 12373 26 12485 59 12619 6 12632 22 12743 8 12755 45 12877 2 12888 21 12999 9 13011 45 13145 20 13258 7 13269 43 13401 19 13517 4 13527 41 13659 3 13666 9 13774 4 13785 39 13923 8 14030 4 14041 39 14184 1 14285 5 14299 37 14541 4 14555 37 14798 3 14813 35 15069 35 15327 33 15584 30 15843 20 16100 18 16359 3 16365 9 16622 8 16739 2 16881 3 16995 2 17001 12 17251 3 17255 17 17507 22 17763 22 18019 22 18275 22 18531 22 18644 4 18788 21 18898 7 19044 20 19153 8 19301 17 19409 8 19557 17 19664 9 19817 12 19885 4 19920 10 20074 10 20140 6 20175 12 20334 4 20396 7 20430 13 20653 6 20685 15 20909 6 20939 18 21166 3 21186 29 21441 32 21697 32 21951 35 22207 36 22442 3 22459 40 22697 5 22713 43 22952 7 22967 46 23207 8 23223 46 23463 8 23479 46 23718 9 23734 47 23972 11 23990 47 24227 12 24245 48 24481 14 24501 48 24735 16 24757 48 24865 4 24871 4 24990 18 25014 48 25121 12 25245 20 25270 49 25376 15 25405 4 25500 21 25528 3 25534 41 25632 15 25661 5 25756 21 25785 1 25791 40 25888 16 25917 6 26012 23 26057 31 26144 16 26173 7 26268 23 26314 31 26399 17 26429 18 26525 23 26571 30 26655 17 26685 20 26781 23 26805 3 26827 30 26911 17 26941 22 27037 23 27061 4 27085 28 27167 17 27196 25 27293 23 27317 3 27341 28 27422 18 27451 28 27551 20 27598 27 27677 18 27707 28 27809 17 27855 26 27934 17 27963 30 28067 12 28112 25 28190 17 28219 30 28324 9 28369 24 28447 16 28475 31 28626 23 28703 17 28731 31 28883 21 28959 18 28985 34 29140 19 29214 19 29239 36 29396 19 29469 62 29568 5 29652 17 29725 62 29823 7 29908 17 29980 63 30077 10 30164 10 30236 9 30250 49 30331 12 30420 9 30493 8 30507 48 30587 12 30635 5 30677 8 30749 8 30763 48 30843 13 30881 4 30891 6 30934 5 31006 7 31019 35 31058 8 31100 12 31136 17 31263 6 31275 34 31315 7 31356 12 31391 18 31531 34 31573 4 31613 10 31643 23 31787 34 31829 2 31869 10 31898 25 32043 34 32130 2 32152 36 32300 33 32407 38 32556 33 32663 39 32811 35 32919 40 33061 2 33066 37 33175 43 33314 45 33433 42 33569 45 33693 38 33824 39 33865 4 33949 38 34079 38 34205 38 34334 39 34461 38 34589 40 34717 38 34843 43 34973 38 35097 46 35226 41 35351 48 35481 43 35605 51 35736 44 35861 52 35992 44 36117 52 36247 45 36373 52 36503 45 36629 53 36759 44 36885 53 37014 45 37140 54 37269 44 37396 54 37525 44 37631 1 37643 8 37653 53 37781 42 37884 4 37899 8 37909 53 38037 42 38139 5 38154 63 38293 41 38395 5 38410 63 38549 40 38651 5 38665 24 38693 35 38747 1 38804 41 38907 5 38921 23 38951 33 38995 10 39059 42 39163 5 39177 21 39210 29 39250 13 39270 5 39315 42 39418 6 39433 21 39467 28 39506 13 39525 7 39570 43 39673 7 39690 17 39724 27 39761 15 39779 19 39825 44 39929 7 39946 16 39980 26 40017 15 40034 21 40080 45 40184 8 40203 14 40237 16 40258 3 40272 42 40336 46 40440 8 40460 11 40495 12 40514 3 40528 43 40592 47 40696 8 40719 5 40753 8 40784 45 40849 48 40952 8 41040 45 41105 48 41208 8 41296 46 41362 48 41465 7 41553 45 41618 47 41721 7 41812 43 41875 45 41978 6 42069 42 42131 44 42235 5 42251 4 42328 39 42389 42 42493 3 42506 5 42585 37 42645 42 42749 3 42761 8 42842 37 42901 42 43007 1 43017 8 43099 36 43158 42 43272 9 43355 38 43415 41 43528 10 43611 38 43672 9 43682 30 43785 13 43867 40 43929 5 43940 28 44041 14 44123 40 44188 1 44197 27 44296 14 44340 6 44378 42 44454 25 44552 13 44593 12 44607 5 44634 42 44710 25 44807 14 44827 3 44847 22 44890 43 44967 22 45063 14 45080 7 45100 26 45146 44 45223 22 45319 14 45335 10 45351 32 45401 46 45481 16 45575 14 45591 12 45606 34 45657 48 45738 4 45744 9 45831 13 45847 49 45913 50 46001 7 46087 13 46103 50 46169 50 46257 6 46343 66 46425 50 46516 1 46566 8 46599 66 46681 50 46819 12 46855 9 46867 54 46936 51 47071 22 47110 67 47191 52 47326 24 47366 13 47380 53 47446 53 47581 28 47621 14 47636 53 47701 54 47836 29 47877 67 47957 54 48091 32 48133 67 48213 53 48347 34 48389 66 48468 51 48603 34 48644 67 48724 50 48858 36 48899 68 48979 50 49114 37 49155 68 49235 51 49370 37 49411 68 49490 52 49625 38 49667 68 49746 52 49881 38 49923 68 50002 51 50138 35 50179 68 50259 50 50395 33 50437 2 50443 59 50515 48 50651 32 50700 57 50771 46 50909 29 50957 50 51010 2 51027 44 51167 26 51214 48 51283 43 51423 26 51471 43 51539 41 51680 25 51729 40 51795 40 51936 25 51991 32 52051 39 52191 26 52248 31 52307 38 52447 26 52506 19 52529 4 52563 38 52605 6 52702 27 52763 18 52819 38 52859 8 52957 28 53022 13 53075 49 53213 27 53279 12 53331 49 53469 26 53538 5 53560 5 53588 47 53725 24 53815 6 53845 46 53953 1 53980 24 54071 7 54103 44 54208 3 54236 23 54327 7 54359 44 54464 3 54492 21 54582 9 54617 42 54721 1 54748 18 54837 10 54873 42 55004 17 55092 12 55137 34 55260 16 55347 13 55394 33 55516 15 55601 16 55651 31 55773 13 55857 16 55907 30 56029 12 56112 16 56163 30 56287 10 56367 16 56419 28 56547 6 56622 15 56675 27 56806 3 56879 3 56886 6 56932 25 57063 1 57135 2 57199 14 57392 1 57456 12 57717 5 57974 3 58279 6 58529 14 58680 1 58781 22 58880 1 58935 4 59037 23 59136 4 59189 8 59291 26 59392 5 59445 8 59547 27 59648 5 59701 10 59803 28 59904 7 59914 1 59957 10 60059 28 60160 15 60213 12 60315 40 60416 15 60469 12 60570 42 60672 16 60725 12 60826 43 60928 17 60981 12 61082 44 61184 17 61238 10 61338 44 61440 17 61494 10 61594 45 61696 15 61751 8 61850 45 61952 15 62007 8 62105 46 62208 15 62263 8 62359 48 62464 14 62515 2 62519 8 62615 47 62720 13 62771 12 62871 47 62976 13 63027 4 63033 6 63127 46 63232 12 63283 4 63291 5 63382 46 63488 13 63547 5 63639 45 63744 13 63801 8 63895 44 64000 13 64057 8 64151 44 64256 13 64318 1 64407 43 64512 13 64662 43 64768 13 64918 43 65024 13 65173 43 65280 11 65429 42
966384,0 47 87 15 118 13 163 24 193 10 247 2 256 49 343 14 375 10 421 20 449 12 502 3 512 49 599 14 632 7 677 20 705 13 757 4 768 50 856 11 890 3 933 18 961 14 1011 6 1024 51 1113 6 1190 16 1217 14 1266 6 1280 53 1447 8 1471 17 1522 6 1536 53 1704 5 1727 18 1778 6 1792 56 1983 19 2033 5 2048 57 2238 21 2289 5 2304 59 2493 26 2560 59 2623 5 2749 27 2816 71 3003 30 3072 72 3259 30 3328 73 3515 30 3584 75 3771 31 3840 78 4025 34 4096 79 4281 34 4335 8 4352 81 4536 37 4590 12 4608 82 4791 38 4845 18 4864 84 5047 39 5101 104 5302 40 5355 107 5557 42 5610 108 5813 42 5865 110 6059 7 6070 41 6120 111 6245 2 6313 10 6326 41 6375 113 6490 4 6499 6 6565 58 6631 131 6819 60 6888 131 7075 22 7100 36 7144 131 7331 22 7358 35 7401 130 7587 22 7619 30 7658 129 7843 22 7875 30 7915 129 8051 4 8099 22 8133 28 8172 128 8307 5 8355 22 8389 28 8429 128 8562 6 8609 24 8646 27 8691 122 8818 7 8865 23 8903 26 8949 121 9073 8 9119 24 9161 24 9206 120 9329 8 9374 25 9418 22 9462 133 9627 28 9675 17 9719 132 9882 29 9932 14 9975 133 10133 34 10188 13 10210 1 10240 124 10388 34 10444 13 10465 5 10496 124 10643 35 10699 13 10721 7 10752 123 10897 36 10955 13 10977 8 11008 123 11151 38 11210 14 11232 9 11264 123 11405 40 11465 15 11488 10 11520 122 11660 41 11721 14 11739 16 11776 122 11916 41 11977 35 12032 123 12172 41 12234 35 12288 123 12428 41 12490 36 12533 4 12544 123 12684 40 12748 37 12787 9 12800 122 12940 40 13005 160 13169 9 13197 40 13263 158 13425 9 13452 41 13520 156 13686 1 13707 42 13776 155 13963 43 14033 152 14219 43 14289 47 14337 100 14476 42 14545 47 14596 96 14731 43 14801 47 14853 81 14935 12 14987 42 15057 47 15110 77 15243 42 15313 47 15367 76 15499 42 15569 47 15623 73 15756 40 15825 47 15879 70 16013 39 16081 47 16137 67 16269 22 16294 13 16337 47 16395 64 16467 4 16526 13 16552 11 16593 47 16653 62 16721 8 16783 9 16815 4 16850 46 16909 19 16929 42 16973 12 17040 5 17073 2 17106 46 17167 15 17186 57 17363 25 17392 16 17422 15 17443 56 17619 45 17678 15 17699 62 17877 43 17933 16 17956 20 17978 40 18134 42 18189 16 18213 17 18235 40 18399 33 18444 17 18469 16 18493 38 18659 29 18699 19 18725 15 18749 39 18916 28 18954 21 18981 14 19005 38 19171 29 19209 23 19237 12 19260 39 19427 29 19465 23 19494 10 19516 39 19683 26 19721 23 19772 38 19938 25 19977 23 20028 37 20194 24 20235 18 20285 36 20326 5 20449 24 20493 16 20541 35 20581 8 20705 24 20753 10 20798 35 20834 13 20961 25 20991 1 21055 49 21217 31 21313 48 21473 31 21569 48 21730 30 21828 46 21989 27 22088 42 22247 25 22345 40 22409 1 22489 2 22507 21 22601 40 22653 2 22661 8 22683 2 22688 13 22744 3 22765 19 22857 39 22908 19 22936 25 22999 5 23022 18 23113 39 23164 19 23191 26 23254 6 23278 18 23371 36 23420 20 23446 29 23510 6 23535 17 23627 35 23676 21 23701 30 23766 6 23790 18 23885 31 23933 20 23957 32 24022 5 24045 19 24141 30 24189 57 24279 4 24301 19 24399 15 24419 7 24443 60 24534 4 24547 5 24556 20 24655 14 24677 4 24695 65 24790 4 24803 6 24811 21 24911 13 24949 68 25045 5 25057 8 25067 21 25169 10 25205 68 25301 6 25312 9 25323 21 25427 8 25460 33 25496 33 25556 44 25683 7 25716 33 25754 31 25812 22 25835 21 25942 1 25971 35 26013 28 26068 21 26091 21 26227 35 26269 28 26324 21 26347 21 26410 5 26482 36 26525 27 26581 43 26665 7 26737 38 26781 27 26838 42 26919 11 26992 39 27037 27 27101 35 27175 12 27247 40 27292 28 27357 35 27430 18 27501 42 27547 29 27613 35 27686 19 27727 2 27757 41 27803 29 27869 35 27941 22 27979 7 28013 41 28059 28 28113 4 28125 35 28197 22 28235 7 28269 40 28315 28 28369 4 28381 35 28451 27 28489 10 28525 41 28569 30 28623 7 28637 36 28707 29 28743 12 28781 74 28879 7 28893 39 28961 50 29037 74 29133 10 29150 39 29204 2 29217 50 29292 75 29389 10 29406 41 29457 8 29471 56 29547 76 29644 11 29663 42 29713 8 29726 57 29803 77 29900 11 29919 44 29967 12 29981 59 30058 81 30155 12 30177 44 30223 12 30237 60 30314 82 30411 12 30435 42 30478 75 30570 88 30667 12 30692 41 30734 75 30827 88 30923 12 30948 41 30990 75 31083 34 31119 54 31179 12 31205 116 31340 31 31375 54 31435 12 31461 117 31596 26 31633 53 31690 12 31717 117 31853 24 31889 54 31946 12 31973 40 32015 76 32109 23 32147 52 32203 10 32229 40 32271 76 32365 22 32403 52 32459 10 32485 40 32529 74 32621 21 32660 51 32715 9 32740 41 32785 74 32877 20 32916 51 32972 7 32996 39 33043 1 33052 63 33133 18 33173 50 33230 3 33251 40 33307 64 33389 18 33429 50 33507 41 33563 65 33645 18 33685 50 33763 41 33819 38 33859 25 33901 19 33941 49 34019 42 34075 37 34119 21 34156 27 34198 47 34276 41 34331 37 34379 2 34385 11 34411 29 34454 45 34532 41 34587 37 34641 14 34667 30 34711 40 34789 40 34843 37 34898 15 34922 31 34968 39 35047 38 35099 37 35153 18 35177 32 35225 37 35310 31 35355 36 35409 20 35431 35 35482 35 35567 29 35612 35 35665 58 35740 30 35833 6 35840 11 35869 33 35921 58 35997 24 36097 9 36130 28 36175 68 36253 22 36353 8 36387 26 36429 72 36509 20 36644 25 36683 76 36765 20 36838 5 36901 24 36937 79 37021 19 37093 6 37164 15 37190 83 37275 9 37285 10 37347 9 37421 13 37446 93 37541 9 37601 12 37681 4 37701 35 37738 56 37799 5 37857 12 37957 35 37995 30 38026 25 38055 4 38112 14 38212 36 38253 26 38282 25 38367 15 38467 37 38511 23 38538 25 38623 15 38723 37 38769 14 38793 27 38879 15 38920 3 38979 37 39030 1 39049 27 39135 15 39174 7 39234 39 39305 28 39391 15 39429 9 39489 39 39561 28 39648 14 39684 11 39744 39 39817 28 39905 13 39939 13 39999 40 40073 29 40161 13 40193 18 40213 1 40255 27 40331 27 40418 11 40448 24 40511 26 40588 26 40675 10 40704 25 40768 25 40849 21 40932 9 40960 26 41024 24 41107 19 41189 6 41216 27 41281 21 41367 14 41472 27 41538 20 41568 7 41623 13 41728 27 41797 15 41820 13 41843 8 41884 3 41975 36 42053 14 42073 16 42099 9 42228 39 42313 10 42329 16 42354 11 42481 42 42571 7 42585 16 42609 12 42736 43 42829 3 42840 18 42864 13 42938 7 42990 45 43096 18 43119 13 43193 8 43209 4 43245 46 43352 19 43375 12 43447 14 43462 9 43501 46 43608 19 43631 12 43702 14 43717 11 43756 47 43863 20 43887 11 43957 15 43973 12 44011 48 44119 20 44142 11 44213 14 44229 12 44265 49 44375 20 44399 10 44467 30 44520 49 44631 20 44655 10 44723 30 44775 48 44887 20 44911 7 44978 31 45030 49 45143 20 45165 9 45233 32 45285 48 45399 20 45421 8 45489 34 45540 49 45655 30 45745 38 45795 49 45911 30 45947 10 46000 41 46049 50 46167 7 46175 22 46202 12 46256 42 46305 50 46431 22 46457 18 46513 42 46559 52 46688 20 46713 20 46769 42 46815 26 46848 18 46945 18 46969 22 47025 42 47070 25 47104 18 47202 17 47225 23 47282 42 47325 26 47360 17 47463 9 47480 25 47541 22 47566 41 47616 15 47721 6 47736 25 47797 21 47823 40 47872 9 47993 24 48054 19 48080 38 48128 9 48249 24 48310 18 48337 37 48384 9 48504 26 48567 16 48593 38 48640 9 48759 28 48823 14 48849 38 48896 9 49015 28 49082 6 49105 38 49152 9 49271 27 49359 40 49408 9 49527 27 49614 43 49664 9 49783 4 49788 21 49869 45 49920 8 50041 2 50045 20 50125 47 50176 8 50301 20 50380 49 50432 7 50557 20 50627 30 50659 26 50688 7 50813 20 50837 5 50881 30 50917 25 50944 5 51068 21 51091 8 51136 31 51174 23 51200 5 51324 33 51392 31 51431 21 51456 6 51477 4 51580 34 51647 31 51687 16 51712 7 51732 5 51836 34 51903 31 51943 16 51968 8 51987 7 52091 36 52159 31 52201 12 52224 8 52242 8 52347 36 52415 31 52458 9 52480 8 52498 8 52603 36 52672 31 52716 5 52736 8 52754 8 52859 36 52928 31 52975 1 52992 8 53010 8 53114 37 53184 33 53248 8 53267 7 53370 37 53441 32 53504 8 53524 5 53626 37 53697 21 53720 9 53760 7 53781 4 53882 36 53953 20 53977 8 54016 7 54078 5 54112 2 54139 34 54211 17 54234 7 54272 7 54330 10 54366 7 54395 34 54467 17 54491 5 54528 5 54584 13 54621 11 54651 10 54663 22 54729 10 54747 4 54839 14 54877 11 54909 6 54920 20 54987 8 55004 1 55095 14 55133 12 55177 16 55247 2 55351 14 55390 11 55434 15 55607 13 55647 10 55691 12 55863 13 55903 9 55947 11 56120 13 56160 7 56205 7 56376 13 56417 4 56464 3 56633 14 56737 1 56741 2 56829 3 56889 14 56992 9 57084 4 57144 15 57246 13 57339 5 57400 15 57502 15 57595 5 57656 15 57757 17 57850 6 57913 14 58013 18 58106 6 58169 14 58268 19 58361 7 58426 12 58524 19 58617 7 58684 9 58779 21 58873 7 58941 8 59034 22 59129 7 59289 24 59386 6 59432 5 59545 24 59643 5 59687 8 59800 25 59899 5 59943 8 60055 26 60155 5 60198 9 60312 25 60413 3 60454 10 60568 25 60669 3 60710 10 60824 32 60926 2 60966 11 61080 34 61183 1 61222 11 61337 36 61439 1 61478 12 61594 35 61695 1 61734 12 61854 33 61949 3 61989 13 62111 32 62205 3 62245 12 62348 7 62369 32 62459 5 62501 12 62603 8 62625 33 62715 5 62757 11 62853 14 62882 33 62969 7 63013 10 63107 17 63139 32 63223 9 63269 9 63361 20 63397 30 63470 6 63477 11 63524 10 63616 20 63654 29 63724 20 63777 12 63870 22 63911 29 63979 21 64024 1 64031 14 64125 23 64168 28 64234 22 64277 26 64381 22 64425 27 64488 24 64532 27 64637 22 64681 28 64743 25 64787 28 64892 22 64938 27 64998 26 65043 29 65148 22 65194 27 65254 26 65297 31 65404 22 65451 25 65509 27
972712,3479 4 3735 4 3991 4 4247 4 4287 4 4503 4 4545 2 4759 4 4802 3 5059 3 5314 5 5570 5 5825 6 6081 5 6337 5 6593 4 6849 4 7106 1 10012 3 10267 5 10522 7 10778 7 11034 9 11291 7 11548 5 11804 5 12060 4 12316 3 12572 3 12829 2 13085 2 13139 1 13341 1 13645 4 13901 4 14157 3 14413 3 16130 7 16385 12 16640 17 16896 17 17152 19 17408 19 17664 18 17920 13 17935 2 18176 12 18432 12 18688 11 18944 11 19200 11 19456 11 19713 9 19975 2 25521 6 25777 8 26031 12 26287 12 26543 13 26798 15 27054 15 27310 15 27566 15 27822 15 28079 11 28109 4 28335 6 28363 6 28619 6 28709 2 28875 7 28963 12 29130 9 29219 13 29386 8 29451 6 29471 18 29641 6 29649 1 29706 7 29723 22 29898 5 29961 9 29977 25 30053 2 30217 9 30232 26 30308 5 30472 10 30488 26 30564 6 30728 10 30743 27 30779 2 30820 6 30849 1 30983 11 30999 27 31033 4 31075 8 31103 5 31239 11 31255 27 31290 3 31329 10 31359 4 31495 10 31511 28 31583 12 31615 4 31751 10 31768 27 31838 13 31871 4 32006 10 32032 19 32093 14 32262 6 32289 19 32349 14 32545 18 32605 13 32801 18 32861 12 33057 18 33117 11 33313 18 33373 10 33569 18 33630 7 33825 17 33886 7 34081 15 34143 6 34337 7 34349 2 34400 5 34594 5 34657 3 34745 4 34851 4 35000 5 35144 2 35255 6 35400 2 35511 6 35651 8 35766 7 35907 7 36022 7 36163 6 36278 8 36419 5 36535 7 36792 5 37049 4 41967 4 42222 6 42478 6 42734 6 42990 5 43247 4 43504 3 46693 6 46947 10 47203 10 47367 6 47458 12 47623 6 47714 12 47880 5 47970 12 48137 5 48226 12 48482 12 48738 12 48994 13 49251 12 49508 11 49764 11 49923 3 50019 14 50179 4 50275 16 50531 17 50787 17 51043 18 51299 18 51557 16 51813 16 52070 14 52327 13 52583 12 52840 11 53097 9 53355 6
976097, 
980103,0 201 202 241 446 253 704 12 717 236 961 248 1216 1276 2493 254 2749 252 3005 251 3261 249 3515 250 3771 249 4027 247 4282 247 4538 247 4794 247 5049 248 5305 251 5557 12 5570 21 5592 231 5827 20 5848 231 6083 252 6339 22 6365 226 6595 21 6620 228 6851 21 6876 229 7107 21 7132 253 7387 255 7643 487 8133 253 8389 254 8645 254 8901 254 9157 254 9413 254 9671 252 9927 252 10184 251 10440 251 10696 251 10951 253 11207 253 11463 1290 12756 252 13013 250 13269 250 13526 249 13783 248 14039 248 14295 248 14550 250 14806 251 15061 5375 20438 253 20695 251 20952 249 21204 1 21207 249 21460 251 21716 249 21972 249 22228 248 22484 247 22740 247 22996 248 23251 250 23505 254 23760 8965 32728 253 32985 252 33241 253 33497 15409 48907 255 49163 255 49419 2015 51437 250 51694 249 51950 249 52206 249 52461 250 52717 251 52972 272 53248 253 53504 1969 55475 253 55740 243 55996 243 56253 242 56509 241 56765 241 57021 241 57270 3 57279 239 57524 5 57534 241 57778 9 57789 253 58045 16 58063 234 58301 12 58319 234 58557 11 58575 233 58813 9 58831 232 59069 8 59087 226 59326 5 59342 227 59583 4 59598 227 59853 229 60109 230 60363 232 60598 2 60619 238 60874 251 61129 2310 63441 254 63699 250 63955 248 64212 248 64467 249 64723 250 64978 252 65234 253 65489 47
981723,0 5 24 53 142 73 237 12 254 2 257 5 279 54 398 73 493 19 513 6 535 54 654 73 749 19 769 6 791 54 911 72 1005 19 1025 6 1048 53 1167 72 1261 26 1305 7 1318 38 1424 69 1518 25 1562 5 1576 37 1680 69 1775 24 1835 34 1936 69 2032 23 2092 34 2192 69 2289 25 2349 34 2448 68 2545 27 2607 33 2705 66 2801 30 2864 33 2961 66 3057 32 3120 33 3187 2 3217 66 3313 33 3377 32 3441 6 3473 64 3569 33 3633 32 3696 7 3728 65 3825 32 3889 32 3949 11 3984 65 4083 30 4145 32 4203 14 4239 66 4339 30 4401 31 4459 14 4495 68 4597 29 4657 30 4714 15 4751 68 4854 28 4913 29 4970 16 5005 70 5112 27 5169 29 5226 17 5261 70 5369 26 5424 29 5478 25 5517 71 5626 25 5680 29 5734 3 5739 21 5773 70 5883 25 5935 29 5989 3 5999 18 6030 69 6114 9 6141 24 6191 29 6243 5 6255 19 6286 69 6365 15 6400 21 6447 29 6499 2 6513 18 6543 69 6618 21 6656 21 6703 29 6753 3 6770 17 6799 69 6873 22 6912 23 6959 30 7007 4 7028 15 7055 70 7129 24 7168 24 7215 29 7257 4 7263 4 7284 15 7312 70 7384 26 7424 26 7457 2 7471 23 7510 13 7541 13 7569 98 7680 27 7711 6 7727 22 7765 15 7797 12 7825 98 7936 39 7980 22 8011 1 8019 17 8053 11 8080 102 8192 40 8235 23 8265 3 8275 18 8309 10 8335 104 8448 66 8519 8 8529 20 8565 4 8571 1 8581 2 8590 107 8704 67 8775 30 8811 13 8835 4 8846 107 8960 67 9031 31 9064 16 9091 5 9101 110 9216 67 9285 33 9319 17 9347 5 9357 110 9472 120 9603 6 9613 112 9728 120 9860 5 9870 112 9984 120 10127 112 10240 120 10384 111 10496 119 10639 44 10685 184 10895 42 10941 174 11118 2 11149 43 11199 64 11264 32 11299 72 11405 42 11455 64 11520 31 11557 70 11659 20 11686 15 11719 55 11776 31 11813 70 11913 20 11944 12 11976 53 12032 31 12069 69 12166 25 12202 9 12235 48 12288 30 12325 69 12421 26 12459 8 12493 45 12544 29 12581 68 12676 29 12716 5 12750 43 12800 29 12837 69 12931 30 12973 3 13007 42 13056 28 13092 71 13186 32 13263 40 13312 28 13348 72 13442 33 13519 41 13568 27 13603 74 13697 36 13775 41 13824 27 13859 74 13953 36 14032 40 14080 26 14114 77 14207 39 14293 34 14334 27 14370 77 14463 39 14551 32 14589 28 14626 78 14719 39 14807 31 14843 30 14881 79 14975 40 15064 29 15099 21 15137 79 15231 40 15307 5 15320 29 15355 22 15393 79 15487 40 15562 7 15576 28 15610 25 15649 78 15743 40 15817 10 15832 28 15865 26 15905 78 16000 39 16073 11 16088 28 16121 29 16161 77 16256 40 16328 45 16374 39 16417 77 16512 41 16584 165 16768 41 16839 165 17024 41 17093 160 17280 41 17348 161 17536 41 17603 164 17793 42 17843 2 17859 164 18049 42 18097 5 18114 163 18305 42 18351 8 18369 163 18561 42 18607 8 18623 164 18817 42 18862 11 18875 168 19073 42 19118 180 19328 44 19373 181 19583 45 19629 182 19813 8 19838 229 20069 10 20093 244 20349 245 20604 250 20858 2353 23213 252 23473 248 23729 247 23987 27 24019 213 24245 24 24277 210 24502 23 24544 199 24759 22 24801 197 25016 21 25057 197 25273 19 25313 196 25532 15 25570 196 25791 12 25825 198 26081 198 26337 14 26360 179 26593 10 26616 180 26849 10 26872 14 26889 18 26914 139 27107 6 27128 13 27147 16 27171 138 27363 6 27384 13 27409 7 27428 137 27623 1 27641 12 27665 6 27677 4 27684 137 27897 11 27930 9 27942 135 28154 10 28186 9 28199 134 28414 7 28442 9 28455 134 28672 5 28698 9 28711 134 28928 5 28954 9 28965 135 29184 5 29210 9 29221 135 29440 5 29468 5 29477 135 29696 5 29733 135 29952 4 29991 135 30208 4 30247 136 30464 3 30503 79 30583 58 30720 1 30759 79 30839 58 31015 79 31095 59 31271 139 31527 138 31783 138 32041 77 32119 57 32297 77 32376 55 32554 133 32767 1 32811 132 33023 1 33068 130 33279 1 33324 130 33535 1 33581 128 33791 1 33837 127 34094 3 34101 118 34360 115 34592 3 34618 113 34846 7 34874 112 35098 13 35133 108 35353 14 35390 107 35607 16 35649 102 35861 18 35914 93 36095 1 36115 20 36172 91 36350 2 36370 21 36428 91 36605 3 36625 21 36685 90 36857 7 36881 20 36941 89 37113 7 37136 21 37197 89 37367 9 37392 21 37453 89 37623 9 37647 21 37709 88 37879 9 37903 21 37941 2 37966 87 38134 10 38160 21 38193 7 38221 93 38390 10 38416 21 38448 9 38477 98 38646 10 38673 21 38703 11 38734 99 38903 9 38928 22 38958 13 38991 99 39139 3 39160 8 39184 23 39213 14 39237 4 39248 99 39393 6 39417 7 39439 25 39468 15 39490 8 39504 99 39647 9 39674 11 39694 47 39744 11 39760 99 39900 13 39931 10 39950 47 39999 12 40016 99 40155 15 40187 11 40206 48 40255 13 40271 101 40409 19 40443 12 40463 62 40527 101 40664 21 40699 12 40719 167 40917 25 40948 19 40975 168 41168 30 41203 21 41231 169 41420 35 41456 24 41487 170 41672 65 41743 250 41999 250 42255 250 42511 250 42767 250 43023 250 43281 247 43538 245 43801 231 44033 6 44057 231 44289 4 44313 231 44546 2 44569 231 44824 232 45079 233 45335 233 45591 233 45847 233 46104 236 46361 237 46617 240 46875 238 47125 3 47134 237 47378 8 47394 105 47503 125 47634 7 47651 104 47759 138 47909 94 48016 137 48166 92 48273 138 48424 89 48529 139 48681 88 48786 139 48938 86 49042 85 49128 53 49194 85 49298 85 49384 24 49409 29 49450 80 49554 83 49640 21 49663 1 49665 30 49706 79 49810 83 49897 20 49920 31 49963 75 50067 80 50153 19 50176 31 50219 74 50324 78 50409 18 50432 31 50477 72 50581 76 50665 18 50688 31 50733 72 50837 76 50922 17 50944 31 50991 69 51093 74 51179 15 51200 31 51249 67 51350 73 51436 14 51457 30 51509 62 51607 13 51621 55 51693 12 51713 30 51767 60 51864 11 51877 54 51950 11 51970 30 52024 63 52123 5 52136 50 52208 7 52227 29 52281 64 52393 48 52466 5 52481 32 52538 65 52649 48 52736 33 52795 64 52906 47 52992 33 53055 61 53162 47 53248 34 53312 61 53418 47 53504 34 53569 60 53673 53 53760 34 53826 59 53929 54 54016 35 54083 58 54185 55 54272 35 54340 57 54441 56 54528 35 54597 56 54697 58 54784 36 54853 56 54953 58 55040 36 55109 55 55210 58 55296 36 55365 56 55466 59 55552 37 55623 54 55723 58 55808 36 55879 54 55980 58 56064 36 56135 54 56237 18 56267 27 56320 35 56392 53 56493 17 56525 25 56576 34 56649 52 56749 16 56783 24 56832 33 56906 51 57005 16 57039 24 57088 25 57163 50 57262 15 57295 24 57344 26 57419 50 57519 14 57551 24 57600 7 57612 15 57675 50 57781 6 57807 24 57856 7 57869 14 57932 49 58039 3 58062 25 58112 5 58126 14 58189 47 58317 26 58368 5 58382 15 58445 46 58573 27 58624 3 58639 14 58702 45 58829 28 58895 14 58958 44 59085 28 59151 14 59214 43 59341 28 59407 14 59469 47 59526 3 59597 13 59613 12 59663 14 59725 50 59781 5 59801 9 59853 12 59871 8 59919 14 59981 50 60036 7 60056 11 60109 11 60128 7 60173 15 60236 51 60291 9 60310 14 60361 15 60429 15 60491 52 60547 10 60565 16 60615 16 60685 14 60747 40 60788 10 60803 14 60821 16 60869 18 60941 14 61001 36 61040 14 61058 15 61077 16 61125 19 61197 12 61255 23 61283 6 61297 7 61313 36 61381 19 61453 12 61510 23 61539 5 61554 3 61568 37 61636 21 61709 12 61765 22 61811 1 61823 37 61892 21 61965 13 62020 21 62079 37 62148 21 62220 15 62275 21 62332 38 62403 22 62475 16 62531 20 62587 38 62643 2 62659 23 62731 17 62787 19 62841 37 62895 7 62915 23 62975 1 62987 18 63043 18 63097 36 63148 11 63171 23 63229 3 63242 20 63299 18 63351 36 63401 16 63427 23 63479 9 63498 21 63556 16 63607 36 63657 18 63683 23 63735 9 63754 22 63814 13 63859 38 63912 22 63939 23 63991 9 64002 1 64010 23 64071 10 64114 36 64168 23 64195 23 64246 10 64265 25 64331 1 64369 35 64424 49 64501 11 64521 25 64624 35 64680 49 64756 12 64772 3 64777 26 64879 36 64936 49 65011 13 65027 4 65033 26 65135 36 65193 48 65267 13 65281 6 65290 26 65391 36 65449 46 65506 9 65518 18
982804,0 151 157 61988 62146 770 62919 252 63175 250 63431 248 63687 248 63946 8 63955 235 64204 5 64212 227 64471 224 64728 223 64984 223 65240 224 65495 11 65507 28
986585,0 7235 7236 255 7492 1532 9025 254 9281 252 9537 252 9793 1780 11577 252 11833 252 12089 253 12346 2007 14357 244 14613 243 14868 243 15123 243 15377 244 15631 245 15887 244 16138 248 16393 247 16649 247 16904 248 17159 249 17414 250 17669 251 17925 252 18179 12248 30429 254 30686 254 30944 252 31201 252 31461 248 31725 241 31981 241 32237 241 32484 2 32492 252 32751 250 33009 248 33273 240 33529 240 33785 4 33792 233 34042 2 34048 234 34291 9 34304 252 34560 5475 40036 255 40292 255 40548 255 40804 5465 46271 142 46416 109 46529 138 46675 106 46785 138 46935 102 47041 138 47191 104 47296 137 47448 241 47703 241 47959 241 48215 240 48471 240 48727 239 48983 239 49239 239 49489 246 49743 248 49997 251 50253 6880 57135 254 57391 253 57648 253 57903 3962 61866 255 62122 3414
990714,97 14 133 12 177 35 241 6 352 14 389 12 434 33 498 5 574 2 608 14 645 12 690 33 755 4 829 4 863 15 901 12 946 32 1013 1 1085 4 1119 16 1157 12 1202 32 1341 4 1375 18 1413 12 1458 31 1597 4 1631 19 1669 12 1714 31 1886 21 1926 11 1969 32 2142 21 2183 10 2225 32 2397 22 2439 10 2481 34 2653 22 2695 10 2737 35 2909 22 2951 9 2994 35 3165 22 3208 8 3250 34 3421 22 3465 6 3507 33 3678 20 3721 5 3763 33 3935 18 4020 32 4192 17 4277 31 4341 5 4451 12 4534 31 4597 10 4709 2 4791 30 4852 12 5048 29 5108 12 5303 30 5363 13 5559 30 5619 13 5815 31 5875 13 6030 1 6070 33 6131 13 6284 5 6325 34 6387 13 6539 7 6581 36 6644 12 6795 8 6836 38 6901 11 7051 9 7091 40 7159 9 7307 11 7347 40 7417 7 7563 12 7603 39 7674 6 7819 13 7859 39 7931 5 8075 13 8114 40 8190 2 8331 14 8369 42 8587 13 8625 40 8843 12 8882 39 9098 10 9138 38 9205 6 9354 8 9393 38 9460 7 9610 7 9648 37 9715 13 9866 6 9903 36 9971 13 10123 3 10157 37 10227 13 10413 37 10483 13 10668 39 10739 13 10923 40 10995 13 11179 42 11251 13 11434 43 11508 12 11690 44 11764 12 11946 44 12019 13 12202 44 12273 15 12458 44 12529 15 12614 6 12715 42 12783 17 12869 8 12972 41 13039 17 13123 10 13229 40 13293 19 13379 10 13485 40 13549 19 13634 12 13741 40 13805 19 13889 13 13996 41 14061 19 14145 14 14241 4 14251 42 14317 19 14401 14 14497 4 14507 42 14573 19 14657 14 14753 4 14762 42 14829 19 14914 13 15009 4 15018 42 15085 19 15171 12 15265 3 15274 42 15341 19 15410 7 15428 11 15521 3 15525 2 15530 41 15597 19 15663 10 15689 6 15777 2 15781 44 15853 19 15918 12 15947 2 16033 2 16037 44 16110 18 16173 14 16290 45 16366 18 16428 16 16546 45 16622 18 16681 20 16704 4 16801 45 16877 19 16935 30 17056 45 17133 19 17190 32 17311 45 17388 5 17397 11 17446 32 17566 45 17644 20 17702 33 17821 44 17898 22 17957 34 18073 2 18077 44 18153 23 18214 33 18325 52 18408 24 18470 33 18577 55 18663 25 18690 1 18726 33 18831 56 18911 33 18945 3 18981 34 19085 57 19166 39 19237 34 19339 54 19421 40 19493 34 19595 53 19676 41 19749 34 19851 52 19931 42 20005 34 20107 52 20186 43 20261 34 20362 48 20438 47 20516 33 20617 48 20693 48 20770 33 20873 47 20948 49 21024 34 21129 46 21203 50 21278 35 21385 10 21413 18 21459 50 21532 37 21641 10 21669 18 21715 50 21785 20 21815 10 21897 8 21925 18 21970 51 22040 20 22072 10 22154 7 22181 18 22226 54 22295 19 22329 8 22411 4 22437 18 22481 56 22550 19 22586 7 22693 19 22737 57 22804 19 22845 2 22949 19 22993 56 23062 17 23205 19 23249 56 23319 15 23461 18 23505 56 23575 14 23717 18 23762 55 23833 11 23973 18 24018 55 24089 10 24229 18 24275 53 24345 8 24485 18 24531 53 24601 6 24741 19 24787 53 24856 5 24999 18 25043 54 25111 6 25255 18 25300 53 25365 8 25513 17 25557 52 25621 8 25769 18 25813 52 25876 11 26026 19 26069 52 26131 12 26282 19 26325 52 26387 13 26539 19 26580 53 26643 13 26795 19 26835 55 26900 12 27051 20 27091 55 27156 12 27186 5 27307 20 27347 56 27413 11 27441 8 27535 4 27563 20 27603 56 27669 11 27697 8 27790 5 27819 20 27859 56 27927 8 27953 8 28045 7 28075 20 28114 57 28184 6 28209 8 28300 8 28331 20 28370 58 28466 5 28555 13 28587 19 28625 60 28723 2 28809 17 28843 19 28881 61 29065 19 29099 18 29137 62 29321 20 29355 18 29393 62 29577 21 29612 17 29648 17 29667 44 29832 22 29869 17 29905 14 29924 45 30088 22 30125 18 30161 14 30181 44 30344 22 30382 17 30417 14 30437 46 30599 23 30639 16 30675 11 30693 46 30855 23 30896 15 30932 9 30948 47 31111 23 31154 14 31203 48 31367 23 31411 14 31459 49 31623 22 31669 12 31715 49 31879 22 31926 12 31970 51 32136 21 32183 12 32224 53 32392 21 32439 14 32479 54 32536 1 32649 19 32696 13 32734 63 32905 18 32952 13 32989 68 33067 3 33169 10 33209 12 33244 71 33323 3 33425 9 33465 12 33500 75 33577 3 33723 8 33755 82 33953 1 33981 5 34011 83 34202 10 34267 83 34456 12 34523 83 34705 19 34779 83 34960 20 35034 83 35215 21 35259 8 35269 4 35289 84 35471 20 35515 15 35545 84 35725 22 35769 18 35801 84 35979 24 36025 18 36057 86 36226 32 36280 19 36316 83 36481 32 36536 20 36573 82 36737 32 36792 21 36831 81 36993 32 37047 22 37089 81 37249 32 37303 22 37349 77 37505 32 37559 23 37607 76 37762 31 37814 24 37868 71 38018 31 38069 25 38127 68 38275 16 38293 12 38325 25 38387 64 38532 13 38549 12 38565 4 38581 25 38645 62 38789 12 38805 23 38838 24 38902 61 39045 12 39061 24 39095 23 39157 62 39302 10 39316 27 39352 22 39413 61 39559 9 39573 27 39609 21 39668 61 39816 7 39829 28 39865 21 39923 60 40073 4 40085 28 40121 20 40179 59 40343 28 40381 16 40435 40 40476 15 40602 25 40640 12 40692 53 40857 27 40898 8 40949 52 41112 29 41155 6 41205 51 41366 33 41445 7 41462 50 41621 35 41700 9 41727 41 41875 38 41954 11 41984 40 42131 38 42210 12 42240 39 42388 37 42466 12 42496 32 42531 4 42644 37 42722 11 42752 32 42901 40 42979 12 43008 32 43158 40 43235 13 43264 33 43415 40 43493 15 43520 33 43671 40 43750 15 43776 34 43927 40 44007 18 44032 34 44183 40 44263 18 44288 35 44440 40 44518 61 44697 40 44748 2 44773 62 44955 38 45003 4 45029 62 45212 37 45259 5 45284 62 45471 35 45514 7 45539 63 45676 5 45727 35 45770 7 45793 64 45929 10 45986 33 46026 7 46041 72 46185 11 46243 32 46283 5 46297 72 46441 12 46501 29 46540 2 46553 72 46696 13 46759 5 46765 19 46809 72 46952 13 47025 8 47064 72 47189 10 47209 12 47282 5 47320 71 47443 14 47465 12 47576 71 47699 15 47721 12 47831 70 47954 17 47978 11 48086 71 48209 18 48234 10 48342 70 48466 17 48491 9 48570 7 48598 70 48722 16 48747 9 48825 8 48854 69 48979 14 49003 9 49079 10 49110 69 49235 14 49259 10 49334 11 49366 69 49493 12 49515 10 49589 12 49623 68 49749 12 49772 9 49843 14 49879 68 50007 10 50029 7 50062 5 50096 16 50135 40 50176 27 50263 9 50285 7 50317 7 50352 15 50391 39 50432 31 50520 7 50544 2 50573 6 50608 15 50647 38 50688 31 50776 7 50829 6 50865 13 50903 36 50944 33 51085 6 51123 8 51159 33 51200 36 51341 6 51380 2 51415 31 51456 39 51599 5 51619 4 51671 28 51712 40 51854 7 51873 6 51927 28 51968 41 52109 27 52184 26 52224 42 52273 4 52363 29 52440 26 52480 43 52526 8 52617 32 52697 24 52736 43 52781 9 52872 33 52953 24 52992 55 53127 35 53211 21 53248 55 53382 37 53467 20 53504 55 53637 40 53724 19 53760 54 53893 41 53981 17 54016 53 54149 41 54272 53 54389 5 54404 42 54528 51 54635 16 54660 43 54784 49 54890 17 54916 43 55040 2 55044 43 55144 21 55172 44 55296 2 55300 43 55400 21 55428 44 55552 5 55558 39 55655 24 55685 44 55753 2 55808 45 55911 24 55941 44 56007 6 56064 44 56167 24 56197 44 56260 13 56321 42 56423 24 56453 44 56515 15 56577 42 56679 24 56711 1 56714 38 56771 24 56833 9 56843 33 56935 23 56972 36 57026 25 57060 7 57089 8 57101 31 57190 23 57228 36 57280 29 57313 20 57345 8 57357 30 57445 24 57484 36 57535 30 57569 20 57601 7 57613 28 57701 23 57740 35 57790 30 57824 21 57857 7 57870 27 57957 21 57996 35 58045 31 58080 21 58114 5 58126 26 58213 21 58252 35 58299 34 58337 19 58370 5 58383 25 58469 21 58508 35 58555 34 58593 19 58639 25 58725 22 58765 34 58810 37 58849 2 58854 13 58895 25 58981 22 59021 34 59065 41 59111 11 59151 25 59238 21 59277 34 59319 43 59371 6 59407 26 59494 21 59533 34 59575 44 59630 2 59665 24 59751 21 59791 32 59829 46 59921 25 60007 21 60047 33 60085 46 60179 23 60264 20 60304 32 60339 48 60437 22 60520 20 60560 32 60595 48 60695 19 60777 18 60816 31 60851 48 60951 19 61033 18 61070 33 61107 48 61211 15 61291 14 61321 24 61351 6 61363 48 61470 11 61547 14 61575 25 61610 3 61619 49 61729 7 61803 14 61829 25 61875 51 61988 3 62060 12 62085 24 62131 52 62317 10 62341 24 62388 53 62575 8 62597 23 62644 53 62853 23 62900 54 63109 24 63155 56 63365 24 63411 57 63622 23 63667 57 63727 5 63741 3 63879 22 63923 57 63983 17 64136 21 64179 57 64238 18 64393 20 64436 56 64493 19 64650 19 64693 55 64749 19 64795 1 64907 9 64921 2 64950 74 65151 2 65163 9 65207 73 65308 4 65405 7 65421 7 65465 71
995278,185 71 443 69 699 69 956 68 1213 67 1472 64 1728 64 1983 65 2239 65 2494 66 2749 67 3004 68 3111 6 3259 69 3366 9 3515 69 3621 11 3771 69 3877 12 4027 69 4132 13 4283 69 4382 17 4539 69 4637 18 4796 68 4891 18 5054 66 5147 17 5310 66 5402 18 5566 66 5658 17 5822 66 5914 17 6078 66 6171 16 6334 66 6427 16 6590 66 6685 13 6846 66 6943 9 7102 66 7199 8 7358 66 7613 67 7869 67 8125 67 8379 69 8633 71 8889 71 9143 73 9399 73 9654 74 9910 74 10030 5 10167 73 10285 6 10423 73 10541 7 10681 71 10797 7 10937 71 11053 7 11194 70 11309 7 11449 71 11567 5 11701 75 11823 5 11956 76 12211 77 12467 77 12721 79 12977 79 13232 80 13487 81 13743 81 13999 81 14255 81 14511 81 14748 8 14767 81 15003 11 15024 80 15259 13 15282 78 15515 13 15539 77 15741 8 15771 13 15797 10 15815 57 15997 12 16027 14 16054 9 16072 56 16252 17 16283 14 16312 5 16328 56 16508 18 16539 14 16584 56 16763 24 16795 14 16840 56 17018 26 17052 12 17096 56 17273 28 17309 11 17352 53 17529 29 17565 11 17609 51 17784 30 17825 6 17865 43 18040 31 18085 2 18121 42 18295 31 18378 40 18551 31 18635 39 18687 1 18807 31 18894 5 18905 25 18942 2 19051 3 19061 33 19162 24 19198 2 19305 8 19315 35 19365 3 19419 23 19453 3 19560 9 19570 36 19620 5 19675 22 19710 2 19815 47 19876 5 19933 20 19967 1 20071 48 20132 5 20189 20 20325 23 20349 26 20388 5 20447 17 20579 25 20606 25 20644 5 20705 4 20712 7 20834 28 20863 24 20901 4 21089 54 21158 1 21345 54 21600 55 21855 54 22110 55 22365 56 22621 55 22876 56 23132 55 23388 55 23644 55 23901 54 24157 55 24411 58 24667 58 24921 7 24932 49 25177 8 25189 48 25432 10 25449 45 25688 11 25708 43 25928 7 25945 12 25965 44 26183 9 26201 12 26223 42 26439 9 26456 15 26478 45 26695 10 26712 15 26733 46 26950 11 26967 18 26989 46 27206 12 27223 68 27462 13 27479 69 27718 13 27735 69 27973 88 28229 88 28484 89 28740 88 28997 86 29253 85 29512 81 29769 79 30025 79 30281 78 30538 79 30621 2 30794 87 31050 91 31306 92 31561 94 31817 95 32073 95 32175 3 32329 95 32430 7 32586 72 32662 18 32842 71 32919 17 33099 70 33177 14 33355 70 33434 13 33612 71 33691 10 33868 71 33947 10 34123 73 34203 8 34379 73 34459 7 34636 34 34675 33 34715 4 34892 32 34932 32 34971 3 35149 28 35188 32 35228 1 35405 26 35444 31 35661 23 35700 7 35709 22 35917 22 35957 5 35966 21 36172 24 36214 1 36223 19 36428 18 36447 5 36479 19 36684 17 36735 8 36750 1 36940 15 36991 6 37197 14 37247 4 37453 13 37502 5 37711 7 37755 6 37968 6 38011 6 38225 4 38267 4 38483 2 38513 4 38523 4 38731 1 38741 7 38767 6 38987 2 38997 8 39023 5 39241 5 39253 8 39277 6 39497 5 39508 9 39534 3 39752 7 39763 11 40007 8 40018 13 40263 24 40519 25 40774 26 41030 26 41286 26 41542 26 41800 2 41807 16 42064 15 42321 12 42577 12 42833 5 42840 1 43089 4 43347 1
