id,segmentation
000001,0 30 38 116 157 6 174 111 293 127 429 112 548 128 682 114 803 129 936 116 1059 129 1191 117 1315 128 1446 117 1571 128 1701 118 1826 248 2082 248 2338 247 2593 247 2849 247 3105 247 3360 248 3616 248 3871 249 4127 249 4383 248 4639 248 4896 246 5152 245 5409 243 5665 243 5921 243 6178 242 6434 222 6657 19 6690 222 6913 19 6945 223 7169 19 7201 223 7425 19 7457 223 7681 19 7713 223 7938 18 7969 223 8194 18 8225 223 8451 16 8481 223 8708 15 8737 223 8964 15 8993 223 9221 14 9249 223 9477 16 9504 224 9735 16 9753 231 9994 246 10249 247 10503 249 10759 249 11014 250 11267 4625 15896 253 16153 253 16411 253 16667 254 16924 253 17180 253 17437 252 17693 251 17949 250 18205 248 18462 244 18718 243 18974 242 19231 239 19487 240 19743 188 19937 46 20000 183 20193 46 20256 182 20448 47 20512 179 20702 49 20768 177 20956 51 21023 171 21212 50 21279 132 21419 25 21467 50 21536 126 21678 20 21722 49 21793 124 21942 13 21978 47 22051 79 22131 42 22198 13 22233 47 22307 78 22388 40 22455 11 22489 45 22563 77 22645 38 22711 11 22744 45 22819 76 22900 36 22973 2 22985 2 23000 44 23074 77 23156 34 23240 4 23255 44 23330 75 23412 33 23497 3 23511 44 23586 75 23668 32 23767 42 23824 4 23841 76 23924 31 24023 41 24078 7 24096 77 24180 29 24278 42 24334 7 24350 54 24408 20 24436 29 24532 44 24589 8 24605 49 24665 19 24693 28 24788 44 24845 8 24860 50 24921 17 24951 26 25043 45 25091 4 25101 8 25116 40 25159 6 25177 16 25209 24 25299 45 25346 5 25357 10 25372 39 25416 3 25432 16 25466 23 25555 45 25601 7 25612 53 25688 15 25722 22 25810 54 25867 18 25890 28 25943 15 25979 21 26066 75 26149 24 26199 15 26235 21 26322 75 26407 23 26454 16 26491 21 26578 76 26664 22 26710 15 26747 21 26834 77 26921 22 26966 15 27003 20 27090 78 27178 22 27221 16 27259 15 27346 78 27435 21 27460 1 27477 15 27515 14 27602 78 27691 27 27734 11 27772 12 27857 80 27947 28 27991 7 28029 9 28113 80 28204 27 28248 4 28286 6 28370 80 28460 27 28544 1 28626 80 28717 26 28882 81 28974 26 29138 81 29231 25 29394 82 29489 23 29651 81 29747 21 29908 80 30003 21 30164 80 30261 19 30420 80 30521 15 30677 79 30779 12 30934 78 31035 12 31190 78 31291 11 31446 78 31547 11 31703 77 31802 12 31959 77 32058 11 32216 81 32314 11 32473 83 32571 9 32730 83 32827 9 32988 84 33083 8 33244 88 33339 7 33501 88 33596 5 33759 86 33853 2 34017 85 34274 85 34530 87 34787 87 34987 2 35043 89 35235 21 35299 90 35490 24 35555 91 35746 25 35811 92 36001 27 36067 93 36236 6 36257 28 36324 92 36491 7 36512 30 36581 92 36746 9 36767 32 36837 93 37000 11 37022 33 37093 94 37253 15 37278 35 37349 95 37505 21 37534 36 37605 95 37760 23 37789 43 37861 96 38016 25 38044 46 38117 97 38271 78 38373 97 38525 82 38629 97 38776 88 38885 98 39031 89 39142 97 39287 89 39399 96 39542 90 39656 95 39797 90 39913 94 40052 91 40170 93 40308 90 40428 91 40563 91 40685 90 40818 91 40943 87 41074 91 41201 85 41329 91 41458 84 41584 90 41714 83 41839 90 41971 82 42095 89 42228 82 42351 89 42485 81 42580 1 42607 91 42741 81 42834 5 42862 92 42996 82 43090 7 43118 86 43206 5 43241 93 43346 16 43373 83 43462 5 43495 95 43602 18 43626 83 43720 4 43750 96 43858 106 43976 4 44006 96 44114 87 44203 15 44261 96 44370 103 44517 96 44625 104 44773 96 44881 108 45029 95 45136 111 45285 95 45391 112 45541 93 45646 114 45797 92 45902 114 46053 90 46158 115 46307 90 46415 114 46563 88 46672 115 46818 88 46928 115 47074 88 47185 98 47285 13 47330 89 47441 98 47544 9 47586 89 47698 98 47800 8 47841 90 47954 98 48054 10 48097 89 48211 107 48352 90 48468 105 48608 91 48725 104 48863 93 48981 103 49117 103 49237 103 49372 106 49493 103 49626 111 49750 103 49882 112 50006 104 50137 113 50263 104 50390 116 50519 104 50643 119 50775 104 50897 121 51032 103 51149 124 51289 101 51404 125 51545 98 51658 126 51802 96 51911 129 52058 96 52165 132 52314 96 52419 135 52570 96 52672 139 52827 94 52926 141 53087 89 53182 142 53345 86 53437 144 53602 84 53693 144 53858 73 53937 2 53950 144 54115 71 54206 144 54371 70 54463 143 54628 68 54719 142 54885 7 54894 57 54976 141 55142 4 55153 54 55232 141 55411 52 55488 142 55668 51 55743 143 55925 50 55999 145 56182 48 56244 6 56255 146 56439 47 56498 8 56512 146 56699 43 56752 11 56768 146 56958 39 57007 12 57024 147 57215 38 57263 13 57280 148 57470 39 57519 13 57537 149 57725 40 57774 15 57793 149 57980 42 58029 16 58049 151 58235 44 58285 17 58305 152 58489 46 58540 173 58745 47 58795 174 59001 222 59256 214 59471 5 59513 212 59769 212 60025 213 60239 2 60282 218 60538 219 60766 6 60795 219 61021 7 61053 219 61275 10 61311 231 61569 229 61829 227 62086 232 62348 228 62605 114 62720 113 62862 93 62956 18 62976 113 63118 91 63213 16 63232 114 63352 1 63374 91 63470 15 63488 114 63606 6 63630 91 63725 16 63744 115 63861 8 63884 95 63980 16 64000 127 64139 112 64256 129 64394 112 64512 130 64650 112 64768 131 64906 112 65024 131 65162 112 65280 132 65419 111
000002,0 251 256 251 512 251 768 251 1024 251 1280 250 1536 250 1792 249 2048 248 2304 248 2560 247 2816 247 3072 247 3327 248 3583 249 3838 251 4094 252 4349 254 4605 60931
000003,0 65536
000004,0 65536
000005,0 65536
000006,153 8 192 56 411 5 447 57 702 57 958 57 1213 58 1468 59 1724 59 1979 60 2235 60 2491 61 2747 61 3003 60 3259 60 3512 63 3759 71 4014 71 4269 73 4525 75 4780 28 4810 47 5035 28 5067 49 5290 28 5324 51 5544 30 5580 52 5800 29 5836 52 6055 28 6092 52 6311 27 6349 51 6567 25 6604 52 6822 25 6860 52 7079 23 7115 53 7335 22 7370 54 7592 19 7625 55 7848 7 7858 7 7881 54 8107 1 8116 1 8136 51 8392 49 8647 49 8902 50 9155 54 9410 56 9665 57 9920 59 10176 59 10431 59 10688 58 10944 55 11200 53 11457 51 11714 49 11766 10 11971 47 12021 11 12227 39 12271 17 12484 36 12527 17 12742 32 12782 18 13000 29 13037 19 13256 30 13292 20 13513 30 13548 20 13769 33 13804 20 14026 54 14282 54 14538 54 14795 53 15053 51 15317 43 15574 42 15830 42 16074 4 16085 43 16329 7 16340 44 16584 9 16596 44 16839 10 16851 45 17094 58 17349 12 17363 45 17604 12 17620 44 17860 12 17875 45 18116 11 18131 45 18373 10 18386 46 18630 8 18642 46 18888 5 18897 11 18914 30 19152 11 19171 29 19408 10 19428 28 19663 11 19684 9 19695 17 19919 10 19940 9 19953 15 20176 8 20197 8 20212 2 20454 6 20711 4 21721 5 21972 10 22227 11 22482 13 22737 14 22992 15 23247 16 23502 17 23758 16 24014 16 24063 1 24270 15 24309 3 24317 3 24527 13 24545 1 24564 5 24572 4 24784 11 24800 2 24820 12 25040 10 25077 11 25296 9 25333 11 25553 6 25589 11 25810 4 25845 11 26101 11 26357 11 26612 12 26868 12 27124 12 27379 13 27635 13 27890 14 28146 14 28402 14 28658 14 28914 14 29169 15 29425 15 29680 16 29936 16 30193 11 30449 10 30706 8 30963 6 31222 2 42862 6 42870 1 43118 9 43373 10 43629 10 43885 10 44141 9 44397 9 44653 8 44909 7 45166 5 45422 4
000007,0 65536
000008,32 43 106 8 153 8 194 49 288 43 361 9 409 7 450 49 544 44 617 9 666 6 705 50 800 44 872 11 961 50 1056 45 1127 12 1217 51 1312 46 1383 11 1473 52 1569 45 1639 11 1729 53 1825 47 1895 11 1985 54 2082 48 2151 11 2241 54 2339 48 2407 11 2497 54 2595 49 2663 10 2752 56 2851 50 2920 8 3008 55 3106 52 3176 7 3264 55 3354 61 3433 6 3520 55 3607 65 3689 5 3776 55 3861 68 3946 3 4032 56 4116 70 4223 4 4288 58 4371 73 4477 7 4521 2 4544 59 4626 76 4732 9 4775 7 4799 60 4882 78 4986 12 5029 13 5054 61 5137 81 5241 14 5278 24 5310 62 5393 84 5496 17 5532 28 5565 62 5649 86 5751 18 5788 30 5820 63 5905 87 6006 20 6043 96 6162 87 6261 21 6298 96 6418 87 6517 20 6554 95 6674 87 6772 21 6809 96 6930 86 7029 20 7064 96 7186 86 7285 19 7319 97 7430 3 7442 85 7541 19 7574 97 7685 7 7697 86 7797 19 7829 98 7940 99 8054 17 8085 98 8192 102 8310 12 8324 1 8340 99 8448 103 8565 12 8596 99 8704 103 8820 12 8851 99 8960 103 9076 12 9107 99 9216 104 9332 6 9340 1 9362 99 9472 104 9588 4 9618 98 9728 104 9846 1 9874 97 9984 104 10129 97 10240 104 10386 95 10496 103 10642 94 10752 103 10898 93 11008 102 11155 92 11264 101 11412 91 11520 100 11669 90 11776 99 11926 89 12032 98 12183 88 12288 98 12439 89 12544 98 12696 89 12800 98 12952 90 13056 98 13209 89 13312 98 13466 89 13568 99 13723 88 13824 99 13980 88 14080 99 14236 87 14336 99 14492 86 14592 100 14748 84 14848 100 15004 83 15104 101 15222 4 15259 83 15360 102 15470 14 15515 83 15616 104 15725 21 15771 83 15872 106 15980 24 16027 82 16128 133 16283 82 16384 134 16539 82 16640 135 16795 83 16896 136 17052 82 17152 137 17309 80 17408 138 17567 78 17664 139 17823 78 17920 139 18080 76 18176 140 18319 5 18334 78 18432 149 18589 79 18688 150 18844 79 18944 151 19100 78 19200 151 19355 78 19456 152 19611 76 19712 152 19866 77 19960 3 19968 230 20215 5 20224 230 20471 5 20480 229 20726 5 20736 229 20982 5 20992 229 21238 4 21248 229 21484 2 21493 6 21504 230 21738 6 21749 6 21760 240 22006 5 22016 241 22262 5 22272 241 22518 6 22528 241 22774 6 22784 242 23030 6 23040 243 23286 7 23296 244 23544 4 23552 244 23808 244 24064 244 24320 244 24576 243 24832 243 25088 243 25344 242 25600 242 25856 241 26112 240 26368 239 26624 238 26880 237 27136 237 27392 237 27648 236 27904 236 28160 236 28416 236 28672 236 28928 235 29184 126 29315 104 29440 126 29571 104 29696 125 29827 104 29952 124 30082 104 30208 123 30338 104 30464 122 30593 104 30720 120 30849 103 30976 119 31104 103 31232 117 31359 104 31488 117 31613 106 31744 117 31867 108 32000 118 32122 110 32241 7 32256 118 32377 114 32496 9 32512 118 32632 115 32751 11 32768 235 33005 13 33024 234 33261 13 33280 233 33517 13 33536 232 33773 13 33793 95 33895 128 34029 14 34048 94 34153 125 34286 13 34304 94 34410 120 34544 11 34560 84 34645 8 34666 118 34801 10 34816 76 34922 117 35058 9 35072 72 35177 117 35314 9 35328 72 35432 117 35570 10 35584 71 35687 117 35826 10 35840 70 35942 117 36082 9 36096 66 36197 118 36339 11 36352 64 36453 118 36596 74 36709 119 36853 72 36965 119 37114 66 37210 5 37220 120 37370 65 37465 7 37476 120 37613 4 37625 65 37721 7 37732 120 37868 6 37881 65 37977 6 37988 120 38124 6 38136 3 38140 61 38233 3 38244 120 38380 6 38392 2 38400 57 38501 118 38636 5 38645 4 38656 56 38757 102 38865 9 38893 3 38898 68 39014 101 39154 66 39270 100 39410 65 39515 4 39526 99 39665 65 39764 1 39769 7 39781 100 39921 64 40017 16 40037 100 40176 64 40271 19 40293 101 40432 61 40525 125 40682 66 40780 127 40937 23 40961 39 41035 127 41191 25 41217 37 41291 127 41445 27 41473 35 41547 127 41700 28 41730 33 41803 128 41956 28 41987 30 42059 128 42213 27 42243 29 42315 128 42471 25 42501 25 42571 129 42728 24 42760 20 42827 130 42984 24 43018 16 43084 129 43239 25 43275 13 43341 128 43492 28 43531 8 43599 127 43747 29 43788 5 43856 126 44003 29 44113 124 44259 29 44370 10 44384 108 44516 5 44523 21 44628 7 44641 106 44781 19 44886 3 44897 106 45038 18 45154 105 45294 18 45410 104 45550 18 45666 105 45807 17 45923 105 46063 12 46079 1 46180 105 46320 5 46437 105 46693 105 46949 105 47165 4 47175 5 47205 105 47359 1 47418 20 47461 104 47615 1 47671 23 47717 101 47871 1 47925 26 47972 101 48127 1 48179 29 48227 101 48434 31 48481 103 48689 32 48734 107 48885 5 48944 34 48989 111 49140 7 49150 2 49199 34 49245 112 49389 19 49455 34 49501 112 49644 20 49711 33 49757 112 49899 21 49966 33 50013 111 50153 23 50219 35 50269 111 50407 25 50464 4 50473 36 50525 110 50661 27 50718 46 50781 109 50915 29 50973 47 51036 109 51171 29 51229 47 51290 110 51427 29 51478 54 51543 112 51683 29 51731 57 51795 115 51939 29 51986 58 52050 116 52195 29 52237 62 52305 118 52451 29 52492 63 52561 119 52704 32 52746 64 52817 122 52950 42 53001 65 53073 126 53205 43 53257 65 53329 128 53461 43 53513 65 53585 130 53717 43 53769 65 53841 175 54025 65 54097 175 54281 65 54351 177 54537 65 54605 179 54793 247 55049 247 55304 248 55560 248 55816 248 56072 248 56328 248 56583 249 56839 249 57095 249 57351 249 57608 248 57864 248 58121 247 58378 246 58635 245 58892 244 59149 243 59406 242 59662 242 59920 240 60184 232 60441 231 60697 231 60952 232 61208 232 61464 232 61721 231 61978 230 62235 229 62492 228 62749 227 63006 226 63263 225 63521 223 63778 222 64034 222 64291 221 64547 221 64803 221 65053 227 65308 228
000009,0 25 38 24 106 5 153 128 293 25 362 4 409 128 548 26 665 128 803 26 921 118 1041 7 1059 26 1177 116 1299 5 1314 28 1433 115 1557 2 1569 29 1636 10 1663 2 1690 113 1823 32 1891 12 1946 113 2077 35 2147 13 2203 112 2331 38 2402 15 2458 112 2585 41 2658 15 2714 112 2840 45 2913 17 2969 113 3095 47 3169 17 3225 113 3351 48 3425 17 3481 112 3606 50 3681 17 3737 112 3860 52 3937 16 3993 112 4115 53 4193 15 4249 112 4370 55 4448 16 4506 110 4626 56 4703 16 4762 110 4882 56 4959 15 5019 109 5138 57 5215 15 5276 108 5394 58 5459 4 5471 15 5532 112 5650 58 5713 8 5728 14 5790 112 5904 74 5985 12 6047 189 6242 11 6303 190 6499 9 6559 191 6755 8 6816 190 7012 7 7072 104 7178 84 7269 4 7328 103 7434 84 7584 103 7690 84 7840 103 7946 84 8096 96 8194 4 8202 84 8352 96 8458 84 8609 95 8714 84 8865 95 8971 84 9121 95 9227 84 9377 95 9484 83 9632 96 9739 84 9887 97 9995 84 10124 116 10251 84 10378 118 10507 29 10539 52 10633 119 10764 28 10796 51 10889 119 11020 27 11052 51 11145 119 11277 26 11308 51 11400 120 11533 25 11564 52 11655 121 11789 24 11821 51 11910 122 12045 24 12077 52 12165 123 12301 23 12334 52 12421 123 12558 21 12591 51 12676 124 12815 19 12851 47 12931 125 13075 14 13108 46 13185 127 13334 9 13366 44 13440 128 13623 44 13695 129 13880 43 13951 129 14135 44 14207 129 14391 44 14464 128 14647 44 14720 128 14904 43 14977 127 15160 44 15233 127 15417 43 15489 127 15673 45 15744 128 15928 46 16000 128 16185 46 16255 129 16441 47 16511 129 16697 46 16767 129 16954 45 17024 128 17209 47 17279 129 17464 48 17534 130 17718 50 17789 131 17972 52 18045 131 18223 58 18301 131 18476 61 18557 131 18730 63 18814 130 18985 63 19075 125 19241 63 19332 124 19497 63 19588 124 19752 65 19845 123 20008 66 20101 123 20263 68 20357 123 20518 70 20614 122 20773 71 20869 123 21029 72 21125 123 21285 72 21381 123 21541 33 21575 37 21636 124 21796 72 21892 124 22052 70 22148 124 22309 69 22404 124 22565 68 22660 124 22821 69 22916 124 23078 68 23172 124 23334 69 23425 127 23590 70 23680 128 23846 70 23935 129 24102 70 24191 129 24358 71 24447 129 24613 72 24703 129 24838 4 24869 72 24960 128 25092 8 25125 73 25217 127 25347 11 25380 73 25475 125 25602 14 25636 73 25731 125 25858 15 25891 75 25988 124 26113 16 26147 76 26244 124 26370 15 26403 77 26500 124 26626 14 26659 78 26756 124 26883 12 26916 78 27012 124 27142 6 27174 76 27267 125 27401 1 27430 76 27523 125 27672 1 27686 77 27778 126 27927 2 27943 76 28034 126 28183 3 28199 77 28289 127 28456 77 28545 127 28712 78 28799 129 28969 215 29226 214 29484 212 29745 207 30003 205 30260 204 30517 203 30775 201 31033 199 31291 197 31548 196 31805 195 32061 195 32316 196 32572 196 32828 196 33084 196 33341 195 33600 58 33659 133 33859 55 33915 133 34116 188 34373 187 34629 187 34885 187 35075 6 35141 187 35330 15 35397 187 35585 17 35653 187 35841 18 35908 188 36097 18 36164 188 36353 18 36420 188 36609 26 36677 101 36781 83 36865 27 36933 101 37038 82 37121 27 37189 101 37294 82 37378 26 37445 101 37550 82 37634 27 37701 101 37806 82 37891 26 37957 101 38062 82 38150 23 38213 101 38317 83 38409 20 38468 188 38666 19 38724 188 38923 19 38980 188 39179 19 39237 187 39435 18 39494 186 39691 18 39751 185 39947 18 40007 185 40203 18 40262 186 40458 18 40498 1 40518 96 40618 86 40714 18 40752 5 40773 97 40874 86 40970 19 41008 6 41029 97 41129 87 41225 22 41263 8 41286 97 41385 87 41481 25 41519 9 41544 63 41609 119 41737 30 41775 9 41801 61 41866 118 41992 32 42031 12 42058 50 42109 7 42122 118 42248 33 42287 14 42313 51 42367 4 42379 117 42503 34 42543 16 42569 51 42635 117 42758 35 42800 15 42824 51 42892 116 43014 34 43057 14 43079 52 43149 115 43270 34 43315 12 43329 58 43405 115 43526 34 43571 11 43585 58 43662 114 43783 33 43828 10 43841 59 43918 114 44039 33 44085 7 44097 59 44175 14 44193 95 44296 33 44342 5 44353 61 44431 14 44450 94 44552 34 44589 6 44598 5 44609 62 44687 13 44706 94 44808 51 44865 64 44943 13 44963 93 45063 52 45121 65 45198 14 45218 94 45319 53 45377 66 45454 15 45474 94 45573 57 45632 68 45711 13 45729 95 45827 130 45969 10 45985 95 46082 132 46226 8 46240 96 46337 134 46483 8 46496 232 46739 9 46751 233 46995 10 47007 233 47252 244 47509 1 47511 241 47769 239 48028 236 48285 235 48542 233 48798 233 49054 232 49310 231 49567 229 49823 228 50079 227 50335 225 50590 221 50847 219 51103 219 51359 220 51616 220 51873 221 52130 4 52138 214 52394 215 52650 215 52905 217 53161 217 53418 217 53674 218 53932 219 54157 8 54170 5 54189 220 54411 23 54445 246 54702 246 54956 2207 57165 253 57422 4 57427 246 57684 22 57710 219 57942 20 57968 217 58199 18 58225 216 58456 17 58481 216 58715 13 58738 14 58754 199 58972 12 58994 13 59013 195 59229 13 59251 10 59270 195 59476 3 59486 18 59508 8 59528 1 59531 190 59731 5 59742 19 59765 5 59788 190 59987 4 59998 19 60023 2 60046 188 60243 4 60254 20 60303 190 60512 1 60515 15 60559 191 60772 15 60814 193 61028 15 61070 194 61283 14 61326 195 61541 9 61585 1 61588 190 61848 4 61859 176 62116 176 62295 8 62328 1 62373 186 62589 3 62597 5 62629 186 62845 5 62851 9 62885 186 63101 15 63141 186 63358 14 63397 187 63614 14 63653 188 63871 13 63909 188 64129 12 64165 189 64386 12 64421 188 64630 3 64642 14 64678 187 64885 4 64897 17 64934 187 65141 4 65153 17 65191 89 65288 89 65398 3 65409 17 65448 88
000010,0 65536
000011, 
000012,618 5 872 9 1128 10 1384 10 1639 12 1895 12 2152 11 2170 3 2408 10 2423 7 2664 9 2677 10 2922 21 3183 17 3438 18 3693 19 3948 21 4204 21 4459 21 4715 21 4971 19 5226 18 5483 16 5739 14 5995 12 6252 10 6509 9 6765 9 7022 7 7281 2 12427 2 12677 12 12931 15 13185 18 13440 19 13696 20 13951 21 14207 22 14463 22 14720 21 14976 21 15233 19 15490 17 15749 12 17810 3 18066 4 18321 6 18576 8 18832 8 19087 9 19345 6 19602 3 20733 3 20987 5 21243 5 21498 6 21754 6 22010 6 22266 6 22522 6 22779 5 23039 1 31606 1 31827 5 31859 6 32082 13 32114 8 32334 18 32369 10 32588 21 32625 11 32843 23 32881 11 33098 24 33137 11 33353 26 33395 8 33608 27 33651 8 33864 27 33908 5 34120 27 34157 11 34376 24 34412 9 34633 21 34666 10 34890 14 34915 17 35148 11 35171 16 35427 15 35683 14 35939 13 36195 12 36451 11 36708 9 36968 3 39500 3 39755 6 40009 9 40264 11 40518 14 40772 16 41027 17 41283 17 41537 18 41792 19 42047 20 42303 21 42558 23 42814 24 43069 25 43325 25 43581 26 43836 28 44088 32 44343 33 44598 35 44853 36 45109 37 45365 37 45621 37 45878 36 46098 5 46134 36 46350 11 46390 36 46605 12 46646 35 46860 14 46902 35 47116 15 47157 36 47371 18 47413 36 47627 19 47670 34 47882 20 47926 34 48137 20 48183 32 48393 19 48440 30 48640 3 48648 20 48698 2 48701 24 48896 5 48904 19 48959 22 49152 27 49216 21 49408 27 49472 21 49664 27 49728 22 49920 26 49984 23 50176 26 50239 24 50432 5 50439 18 50495 24 50688 20 50711 1 50751 25 50943 16 51007 25 51197 7 51205 8 51262 26 51452 7 51462 6 51517 27 51707 7 51720 4 51773 26 51962 6 52029 26 52218 6 52285 26 52474 6 52541 25 52730 6 52798 24 52986 6 53055 23 53242 6 53311 22 53350 4 53498 6 53568 20 53606 5 53753 7 53824 20 53862 5 54007 9 54080 19 54118 5 54263 9 54336 18 54375 4 54386 4 54518 10 54592 18 54632 3 54641 6 54774 10 54823 2 54849 13 54897 7 55030 10 55078 6 55105 12 55153 8 55286 10 55333 9 55361 11 55409 9 55542 10 55588 11 55617 11 55659 3 55666 9 55799 9 55842 14 55874 9 55914 6 55922 10 56056 8 56097 17 56115 4 56131 7 56170 6 56179 10 56314 5 56349 29 56387 6 56426 20 56605 30 56644 3 56681 22 56860 31 56937 22 57115 33 57193 23 57371 32 57449 23 57627 32 57706 6 57715 13 57884 31 57962 4 57971 14 58140 31 58220 1 58228 13 58396 31 58440 1 58483 15 58653 30 58695 4 58739 16 58909 30 58948 8 58976 3 58995 17 59165 30 59203 10 59232 5 59239 4 59251 19 59422 29 59459 11 59487 13 59506 22 59657 2 59685 22 59714 13 59743 13 59762 24 59912 6 59940 22 59969 14 59999 13 60019 24 60167 8 60195 22 60225 15 60255 13 60276 23 60422 9 60446 27 60480 16 60511 10 60533 23 60678 9 60701 28 60736 16 60760 3 60767 9 60790 22 60934 10 60955 30 60991 17 61016 4 61023 9 61047 21 61189 11 61209 32 61247 16 61272 5 61279 8 61303 21 61444 53 61503 15 61529 4 61536 7 61559 21 61699 54 61759 15 61786 2 61793 4 61814 22 61954 55 62016 13 62069 23 62209 56 62273 10 62325 23 62465 56 62531 7 62580 23 62720 57 62835 23 62976 57 63084 5 63091 23 63232 56 63339 31 63488 56 63595 31 63744 56 63850 31 64000 55 64105 32 64256 55 64360 32 64512 55 64616 32 64768 54 64871 33 65024 54 65128 32 65280 54 65385 28
000013,198 13 454 13 711 12 968 9 6536 5 6791 8 7046 9 7301 10 7555 13 7810 14 8065 15 8321 15 8578 14 8834 13 9091 6 9873 2 9906 4 10128 4 10161 6 10371 6 10384 5 10417 7 10622 13 10640 4 10672 8 10877 16 10896 4 10927 9 11132 24 11181 12 11387 25 11436 15 11456 9 11643 26 11692 30 11899 27 11947 32 12156 26 12202 33 12412 26 12457 33 12668 26 12713 32 12923 27 12968 32 13179 27 13224 30 13435 26 13480 29 13690 26 13736 29 13946 26 13992 30 14202 25 14248 30 14457 25 14504 31 14713 25 14760 31 14969 25 15016 32 15224 25 15271 34 15480 25 15527 18 15547 15 15736 23 15782 18 15803 15 15991 23 16037 18 16059 16 16078 3 16247 23 16293 18 16315 16 16332 7 16503 22 16549 18 16572 24 16759 21 16806 17 16828 26 17015 19 17062 16 17085 27 17271 18 17319 14 17341 31 17527 17 17576 12 17597 32 17784 15 17832 13 17853 33 18041 13 18089 12 18109 33 18298 8 18346 11 18358 2 18365 33 18602 11 18614 2 18621 34 18860 7 18870 2 18877 34 19118 2 19128 39 19383 40 19639 40 19894 41 20150 41 20406 41 20662 41 20918 41 21175 40 21431 39 21687 38 21943 37 22199 37 22454 37 22710 37 22965 37 23221 37 23476 37 23732 36 23988 36 24243 36 24500 34 24756 34 25012 33 25268 31 25524 31 25780 31 26036 31 26293 31 26550 31 26807 8 26817 21 27064 6 27074 19 27321 4 27331 18 27587 19 27844 18 28102 17 28360 16 28617 15 28873 16 29130 15 29386 15 29644 12 29901 10 30159 6
000014,183 7 254 2 439 8 510 2 695 7 765 3 900 1 951 7 1020 4 1154 5 1208 5 1276 4 1410 6 1531 5 1666 7 1786 6 1922 8 2042 6 2177 9 2298 6 2432 11 2554 6 2688 11 2810 6 2943 13 3010 6 3066 6 3197 15 3234 2 3264 9 3322 6 3448 21 3478 4 3488 5 3519 11 3578 6 3702 24 3734 4 3743 7 3774 12 3835 5 3956 27 3990 4 3998 8 4030 12 4091 5 4212 28 4246 4 4254 8 4286 13 4349 3 4467 38 4510 8 4542 13 4607 1 4723 36 4766 9 4798 14 4978 37 5023 9 5054 15 5233 38 5279 9 5310 16 5488 39 5532 13 5566 17 5743 40 5786 15 5822 17 5998 42 6041 16 6078 17 6253 59 6334 17 6508 60 6589 18 6763 61 6845 18 7018 61 7101 17 7272 62 7357 17 7528 54 7613 16 7710 6 7783 52 7869 15 7964 12 8038 52 8126 14 8218 15 8294 52 8383 13 8417 3 8473 17 8549 53 8639 14 8673 4 8728 18 8805 53 8896 13 8928 6 8984 18 9061 53 9152 14 9184 6 9239 19 9318 52 9408 14 9440 6 9494 20 9574 52 9664 13 9696 4 9750 20 9830 52 9921 12 9953 1 10005 21 10087 51 10177 11 10260 21 10343 51 10433 11 10516 20 10600 50 10689 10 10771 20 10857 49 10946 7 11027 8 11038 9 11114 47 11203 4 11283 7 11295 8 11370 47 11539 7 11552 7 11627 46 11795 7 11809 5 11884 44 12051 7 12065 5 12142 42 12308 6 12323 2 12401 39 12565 5 12658 39 12821 5 12916 37 13079 2 13173 37 13315 4 13429 37 13570 6 13685 37 13825 8 13941 37 14081 9 14197 37 14336 12 14453 37 14580 5 14592 14 14709 37 14834 9 14848 15 14912 1 14966 36 15089 11 15104 17 15167 6 15222 35 15343 13 15360 19 15422 9 15479 12 15496 17 15598 14 15616 22 15678 10 15736 8 15753 15 15853 15 15872 23 15934 11 16011 11 16108 15 16128 23 16189 12 16268 9 16364 14 16384 23 16445 12 16525 6 16620 14 16640 22 16701 11 16876 13 16896 22 16958 9 17132 13 17152 23 17215 7 17388 13 17408 24 17643 14 17664 25 17897 15 17921 24 18151 16 18178 23 18407 15 18435 22 18663 14 18691 22 18920 12 18948 21 19177 10 19205 19 19332 2 19433 9 19463 17 19587 4 19689 8 19719 17 19841 6 19868 4 19946 7 19975 17 20096 7 20111 4 20122 8 20203 4 20231 17 20352 7 20366 6 20375 12 20486 18 20607 8 20621 23 20742 17 20863 8 20876 24 20997 18 21119 8 21131 26 21253 18 21376 7 21387 26 21509 18 21632 7 21643 27 21765 18 21887 9 21899 29 22021 18 22142 10 22156 30 22277 18 22398 10 22413 30 22533 18 22654 10 22669 31 22789 18 22910 9 22925 31 23045 18 23166 8 23182 31 23301 17 23422 8 23438 31 23558 15 23678 6 23694 32 23815 13 23935 5 23951 31 24072 8 24194 1 24207 32 24332 1 24464 32 24721 32 24978 39 25236 38 25493 38 25749 39 26006 38 26111 1 26263 38 26366 2 26520 37 26620 4 26776 37 26876 4 27033 36 27131 5 27289 35 27386 6 27546 29 27641 7 27803 27 27897 7 28060 4 28066 20 28152 8 28324 17 28407 9 28582 14 28659 2 28662 10 28840 8 28914 14 29169 15 29424 16 29680 16 29936 16 30193 6 30200 8 30451 1 30458 6 30714 6 30970 6 31227 5 31485 3 31742 2 31998 2 32253 3 32509 3 32764 4 33020 4 33276 4 33532 4 33788 4 34044 4 34300 4 34557 3 34814 2 35070 2 35325 3 35578 6 35832 8 36087 9 36343 9 36598 10 36853 11 37108 12 37364 12 37620 12 37876 12 38132 12 38387 13 38643 13 38730 4 38899 13 38985 6 39155 13 39241 7 39411 13 39496 10 39668 12 39752 10 39924 12 40008 10 40181 11 40264 11 40437 11 40520 12 40693 11 40776 13 40949 11 41032 14 41205 11 41288 14 41451 8 41460 12 41544 15 41704 24 41800 15 41957 27 42057 15 42211 29 42313 16 42466 30 42570 16 42721 31 42827 15 42977 31 43083 15 43233 31 43339 15 43489 31 43594 16 43745 31 43850 15 44001 31 44105 15 44257 31 44362 10 44514 30 44619 5 44770 30 45026 30 45282 30 45538 30 45795 29 46052 28 46308 28 46564 28 46820 28 47073 31 47328 32 47584 32 47839 33 48095 33 48351 33 48607 33 48863 33 49119 33 49375 33 49631 33 49885 35 50140 36 50396 36 50651 37 50906 38 51161 39 51415 41 51670 42 51924 44 52179 45 52378 7 52435 45 52633 9 52690 46 52888 10 52945 47 53143 11 53180 8 53200 48 53398 12 53436 9 53454 50 53654 12 53691 11 53708 52 53909 13 53945 71 54165 12 54200 72 54421 12 54456 72 54677 11 54712 72 54933 11 54967 73 55189 10 55223 73 55446 9 55479 73 55702 8 55735 73 55960 4 55992 72 56249 71 56505 71 56762 70 57019 56 57076 12 57103 5 57275 54 57332 12 57357 8 57532 52 57588 12 57601 5 57611 11 57792 47 57844 21 57866 12 58050 45 58100 35 58307 44 58356 36 58568 39 58613 36 58826 37 58871 34 59083 37 59127 34 59345 31 59382 35 59602 32 59636 37 59860 4 59869 1 59871 12 59888 41 60129 10 60145 40 60386 8 60402 39 60642 9 60655 41 60898 9 60908 44 61152 56 61404 60 61659 61 61915 61 62170 62 62425 64 62680 65 62936 65 63192 65 63448 40 63489 24 63705 39 63746 23 63962 38 64003 23 64218 38 64260 22 64474 38 64516 23 64729 39 64771 24 64984 40 65026 25 65240 67 65495 41
000015,7 20 30 5 38 8 225 31 263 19 286 5 295 7 481 31 519 19 542 5 551 6 737 30 776 17 799 4 810 1 993 30 1032 17 1056 2 1250 29 1289 16 1507 28 1545 16 1764 27 1792 1 1801 16 1835 5 2022 24 2048 2 2057 15 2088 9 2278 24 2304 3 2313 12 2342 11 2535 21 2560 3 2569 11 2597 12 2791 20 2816 4 2825 9 2842 1 2852 14 3047 19 3072 6 3080 10 3097 4 3107 15 3303 18 3328 18 3352 6 3363 16 3560 17 3584 18 3607 7 3619 17 3816 17 3840 7 3850 8 3862 8 3876 16 4072 16 4096 7 4107 19 4131 17 4328 16 4352 6 4364 18 4386 18 4584 15 4608 5 4626 13 4641 19 4841 11 4864 3 4882 35 5098 8 5137 36 5356 5 5393 37 5612 5 5649 38 5869 3 5906 38 6162 39 6419 39 6675 39 6931 40 7187 41 7443 41 7697 44 7951 46 8207 46 8462 46 8718 45 8974 38 9014 2 9230 37 9487 36 9743 36 9999 35 10142 4 10255 34 10396 13 10511 32 10576 4 10651 16 10766 32 10831 8 10902 22 10999 1 11022 31 11087 12 11110 4 11140 3 11158 23 11255 1 11279 28 11342 16 11365 6 11395 5 11413 24 11511 1 11535 27 11597 19 11620 7 11652 4 11668 25 11792 26 11852 21 11876 8 11908 3 11922 15 11940 9 12051 9 12061 13 12107 22 12131 9 12171 23 12197 7 12308 7 12318 13 12363 23 12387 8 12427 24 12456 3 12566 4 12575 12 12619 23 12644 7 12683 24 12832 12 12874 24 12939 25 13089 11 13130 25 13188 3 13193 27 13345 12 13386 26 13443 34 13601 13 13641 27 13698 36 13832 2 13857 12 13895 29 13954 37 14080 4 14086 5 14115 9 14150 30 14209 38 14336 11 14374 4 14406 31 14463 40 14592 10 14662 31 14718 40 14848 9 14919 31 14973 41 15104 7 15176 30 15230 39 15360 6 15437 26 15486 39 15616 6 15695 24 15744 37 15872 5 15952 23 16001 36 16128 5 16209 21 16258 35 16384 6 16467 18 16515 35 16551 4 16640 7 16724 16 16771 41 16896 8 16954 3 16982 13 17027 41 17152 9 17209 5 17240 11 17283 41 17408 10 17465 5 17500 6 17540 41 17664 12 17678 3 17719 7 17796 40 17920 17 17971 12 18052 40 18176 18 18227 13 18309 38 18432 18 18482 14 18565 34 18688 18 18739 14 18821 34 18944 18 18996 14 19077 34 19200 14 19215 2 19254 12 19332 36 19456 12 19512 10 19587 37 19712 11 19769 9 19842 39 19968 3 20025 9 20096 41 20282 9 20351 42 20539 8 20607 42 20795 9 20863 42 21051 9 21119 30 21152 9 21305 11 21376 28 21409 8 21556 1 21560 13 21633 27 21666 6 21809 20 21891 25 21923 5 22065 20 22148 24 22180 3 22320 20 22405 23 22576 19 22661 22 22832 17 22918 20 23088 13 23174 18 23346 10 23430 17 23604 8 23686 15 23863 3 23943 14 24199 13 24456 12 24712 12 24968 12 25069 6 25225 11 25324 9 25481 10 25579 11 25737 10 25834 12 25995 7 26090 13 26254 1 26345 14 26596 19 26851 20 27106 21 27362 21 27618 21 27874 21 28130 21 28386 21 28642 20 28899 19 29155 19 29412 17 29668 17 29925 15 30181 8 30190 5 30437 7 30693 6 30949 6 31206 4 31281 4 31534 8 31789 10 32043 15 32298 20 32511 1 32553 22 32766 2 32809 23 33021 3 33064 25 33277 3 33320 26 33532 4 33575 28 33786 6 33831 29 34040 8 34085 31 34293 11 34339 33 34548 12 34594 34 34803 13 34850 33 35058 14 35106 33 35314 14 35362 32 35570 13 35618 32 35826 13 35873 33 36083 11 36128 33 36340 9 36383 34 36598 2 36639 34 36894 35 37150 34 37406 34 37663 33 37919 32 38175 32 38397 3 38432 24 38636 12 38652 4 38688 24 38892 13 38907 5 38946 23 39147 21 39204 22 39402 22 39461 23 39653 27 39722 18 39908 28 39980 16 40067 3 40162 30 40239 13 40318 12 40418 30 40500 7 40572 16 40667 2 40674 30 40758 2 40828 16 40923 3 40931 29 41083 17 41179 3 41187 29 41339 17 41444 28 41595 17 41700 28 41851 17 41956 28 42109 16 42212 28 42368 10 42380 1 42468 28 42625 9 42725 27 42881 9 42899 7 42981 27 43137 9 43155 9 43236 28 43394 7 43411 9 43491 29 43650 6 43667 10 43746 30 43907 4 43923 10 44002 30 44179 11 44258 30 44435 11 44515 29 44691 10 44774 26 44947 10 45032 24 45203 9 45289 23 45459 8 45546 22 45716 6 45803 21 45972 5 46060 20 46316 20 46573 19 46829 19 47086 18 47342 18 47599 17 47856 16 48113 15 48370 14 48627 13 48884 5 48893 3 49143 1 49151 1 52532 2 52786 7 53041 9 53297 9 53550 13 53802 18 53933 5 54057 19 54186 10 54271 1 54312 20 54432 4 54439 13 54526 2 54567 21 54688 20 54781 3 54822 23 54943 21 55033 7 55077 24 55199 21 55288 8 55333 24 55454 22 55480 3 55542 10 55588 25 55710 31 55798 10 55844 25 55966 32 56052 12 56100 24 56221 33 56302 3 56306 14 56356 24 56477 33 56555 21 56612 24 56732 34 56809 23 56870 22 56988 32 57063 25 57128 20 57244 28 57318 26 57384 20 57506 22 57574 26 57640 21 57764 9 57776 8 57829 27 57896 22 58022 5 58034 5 58085 27 58151 23 58291 4 58342 26 58407 24 58598 26 58663 25 58856 24 58919 25 59112 24 59175 25 59369 23 59431 25 59625 23 59687 25 59882 22 59943 25 60138 22 60198 25 60395 21 60453 25 60651 21 60709 24 60787 2 60907 21 60964 25 61041 9 61162 22 61220 25 61296 21 61417 23 61477 24 61552 23 61673 23 61734 23 61808 23 61929 23 61990 23 62065 22 62186 22 62246 22 62322 21 62447 17 62502 9 62516 7 62579 21 62664 12 62704 16 62758 7 62836 21 62919 14 62960 16 63016 3 63093 21 63174 15 63217 15 63349 21 63429 16 63474 14 63604 22 63685 16 63730 14 63859 24 63940 18 63987 13 64114 25 64195 19 64244 12 64370 26 64450 20 64500 12 64626 25 64705 21 64757 11 64882 25 64961 22 65014 10 65139 23 65216 23 65271 9 65395 23 65472 23 65528 8
000016,3473 3 3726 8 3981 16 4236 19 4492 21 4748 23 5004 26 5260 27 5492 6 5516 28 5747 8 5772 28 6003 10 6028 28 6259 11 6284 27 6515 15 6538 28 6772 48 7028 45 7285 43 7541 42 7799 39 8056 37 8313 35 8570 33 8827 32 9084 31 9341 30 9598 29 9854 29 10111 29 10367 29 10623 29 10879 29 11135 29 11392 27 11648 26 11904 25 12160 25 12416 25 12672 27 12928 28 13185 28 13441 29 13698 27 13955 26 14214 22 14472 17 14733 10 14990 7 15250 1 28302 8 28556 11 28811 13 29067 13 29322 15 29578 15 29834 15 30091 14 30349 11 30606 9 30862 8 31119 6 31377 2 61183 1 61437 3 61692 4 61946 6 62198 10 62453 11 62709 11 62964 12 63220 12 63476 12 63731 13 63987 13 64243 13 64498 14 64755 13 65011 13 65267 13 65523 13
000017,214 7 225 31 470 6 482 30 726 5 738 30 982 4 995 29 1237 4 1251 29 1494 3 1508 28 1750 3 1765 27 2021 27 2276 28 2530 30 2786 30 3043 4 3048 24 3299 4 3306 22 3553 5 3562 22 3807 4 3818 22 4062 5 4074 22 4318 5 4330 22 4574 5 4587 21 4830 5 4844 20 5086 4 5102 18 5342 3 5358 18 5615 17 5871 17 6129 15 6387 13 6644 12 6900 12 7143 1 7156 12 7398 3 7409 1 7413 11 7653 4 7672 8 7909 4 7928 8 8184 8 8440 8 8696 8 8952 8 9203 1 9208 8 9458 3 9465 7 9714 3 9722 6 9970 4 9978 6 10226 5 10235 5 10479 8 10492 4 10735 9 10748 4 10989 11 11005 3 11243 13 11261 3 11498 14 11517 3 11755 13 11772 4 12011 13 12028 4 12267 15 12284 4 12523 21 12780 19 13041 14 13297 1 13302 9 13559 7 13803 1 13809 1 13817 4 14058 3 14065 1 14074 3 14314 4 14321 1 14330 6 14562 4 14570 4 14577 1 14587 5 14818 5 14844 4 15074 6 15100 4 15330 6 15586 6 15843 6 15858 2 16093 2 16100 6 16111 6 16356 6 16366 7 16380 4 16612 5 16621 9 16636 4 16870 2 16876 10 16892 2 17132 10 17388 9 17645 7 17902 5 18158 5 18415 3 18423 1 18671 1 18679 1 18927 1 18934 2 19190 2 19197 3 19445 3 19453 3 19686 3 19701 1 19709 3 19941 5 19957 4 19965 1 20194 9 20212 6 20449 10 20462 13 20705 22 20728 3 20732 2 20960 21 21216 20 21466 2 21472 20 21499 3 21720 5 21727 21 21755 4 21976 27 22011 5 22232 27 22267 5 22487 28 22523 5 22743 28 22779 5 22999 29 23035 5 23255 22 23278 7 23292 4 23511 31 23548 4 23768 32 23805 3 24025 32 24060 4 24281 32 24314 6 24538 38 24794 38 25052 36 25310 34 25566 34 25822 34 26079 33 26344 24 26601 23 26858 22 27115 21 27373 19 27632 16 27890 14 28146 14 28404 12 28660 12 28903 6 28916 12 29158 7 29172 12 29413 8 29426 14 29668 11 29680 16 29923 22 29946 6 30178 23 30202 6 30433 24 30458 6 30690 30 30947 29 31204 28 31461 27 31718 26 31974 26 32230 26 32487 25 32742 26 32998 26 33254 26 33509 27 33765 2 33768 24 34021 1 34024 17 34042 6 34285 11 34300 4 34542 3 34546 5 34803 3 39281 5 39536 6 39561 2 39792 6 39813 8 39838 1 40068 14 40083 18 40106 1 40324 41 40370 2 40378 4 40580 49 40630 8 40837 57 41095 55 41353 53 41610 52 41867 51 42122 52 42378 52 42632 54 42887 56 43142 59 43399 5 43406 53 43655 5 43662 53 43912 4 43918 54 44168 4 44174 54 44425 3 44431 55 44489 4 44514 2 44681 3 44686 63 44765 9 44937 3 44941 65 45020 12 45193 23 45218 46 45269 1 45274 19 45311 1 45452 19 45475 46 45522 5 45528 22 45567 1 45708 19 45732 15 45752 55 45965 20 45989 13 46009 56 46071 3 46221 22 46245 12 46266 70 46478 28 46510 2 46522 70 46735 25 46777 71 46992 23 47033 71 47247 26 47289 71 47501 29 47545 71 47756 32 47805 67 48011 36 48062 66 48264 41 48318 66 48520 45 48574 66 48776 46 48829 67 49032 46 49084 68 49288 46 49339 69 49544 47 49594 70 49800 120 50055 121 50311 121 50567 121 50823 121 51079 121 51335 121 51591 121 51847 112 51960 8 52103 111 52217 7 52359 110 52474 6 52615 110 52730 6 52871 112 52984 8 53127 121 53384 120 53641 119 53898 118 54156 116 54413 115 54673 10 54684 100 54932 6 54942 2 54947 93 55190 3 55205 91 55462 90 55719 89 55976 88 56223 2 56233 1 56236 84 56469 2 56493 83 56723 5 56750 82 56980 3 57007 81 57173 2 57237 1 57263 81 57428 3 57520 80 57684 3 57776 80 57941 2 58033 7 58042 70 58298 70 58554 70 58810 70 59067 69 59324 68 59580 68 59836 5 59842 62 60091 6 60098 62 60347 6 60354 62 60603 6 60610 62 60859 6 60866 62 61115 69 61369 71 61624 72 61880 72 62136 53 62191 17 62392 7 62400 45 62450 14 62648 52 62706 14 62904 52 62963 13 63159 7 63169 42 63222 10 63415 6 63426 39 63481 7 63682 38 63735 9 63938 38 63991 9 64194 41 64236 4 64246 10 64450 11 64464 33 64502 3 64506 6 64707 9 64721 32 64756 12 64959 1 64963 8 64979 30 65011 13 65220 7 65236 44 65478 5 65492 44
000018,137 53 202 17 220 12 392 55 458 17 477 11 646 57 714 17 734 10 758 3 900 59 969 19 990 10 1013 6 1156 65 1222 23 1247 9 1268 8 1411 91 1505 6 1524 9 1667 91 1762 4 1780 9 1923 92 2035 10 2179 94 2291 11 2434 95 2547 11 2690 96 2803 12 2946 97 3057 15 3202 97 3312 16 3459 95 3567 17 3715 95 3822 18 3971 94 4078 18 4228 92 4332 20 4484 90 4585 23 4740 89 4839 25 4997 87 5094 26 5253 85 5349 27 5510 82 5604 28 5766 81 5859 29 6023 80 6115 29 6280 79 6370 30 6536 79 6626 30 6793 78 6882 30 7051 76 7138 30 7308 74 7394 30 7565 73 7651 29 7822 72 7907 29 8079 71 8164 28 8336 70 8420 28 8572 5 8592 71 8676 28 8825 9 8848 71 8924 2 8932 28 9076 16 9104 112 9331 17 9360 112 9587 18 9616 112 9842 20 9871 113 10098 20 10126 114 10353 21 10381 115 10608 20 10636 116 10863 20 10892 116 11118 20 11148 116 11374 18 11405 115 11631 16 11661 115 11888 12 11918 114 12145 9 12174 106 12282 6 12429 106 12539 5 12684 105 12794 6 12938 105 13050 6 13193 104 13306 6 13449 103 13563 5 13704 104 13820 4 13960 104 14077 3 14216 103 14471 104 14728 102 14984 102 15240 101 15497 100 15753 99 16010 97 16266 96 16522 94 16779 92 17036 89 17294 86 17554 82 17811 80 18068 79 18324 79 18581 79 18838 78 19104 69 19363 66 19620 66 19877 66 20134 65 20390 66 20646 67 20902 67 21159 67 21416 66 21674 64 21931 44 21980 14 22188 42 22239 10 22445 41 22495 10 22704 37 22752 10 22961 35 23008 10 23218 31 23263 11 23475 55 23732 54 23989 54 24247 53 24503 54 24760 54 24831 1 25018 53 25085 3 25275 13 25290 37 25340 4 25533 4 25538 4 25548 36 25596 4 25806 35 25851 5 26062 35 26101 4 26106 6 26318 50 26574 50 26829 51 27083 53 27338 54 27593 55 27848 56 28104 56 28360 56 28615 57 28870 58 29126 58 29371 5 29382 58 29627 7 29638 58 29882 10 29893 59 30138 70 30394 70 30650 70 30832 2 30907 69 31087 5 31163 69 31341 8 31420 68 31597 8 31677 67 31853 8 31934 66 32108 9 32190 66 32364 8 32446 66 32619 9 32702 66 32873 11 32958 66 33128 13 33214 66 33384 15 33470 66 33639 16 33726 66 33894 17 33985 63 34149 18 34244 60 34405 18 34500 60 34661 18 34757 59 34916 18 35014 58 35172 18 35270 58 35428 17 35527 57 35683 18 35784 56 35937 21 36043 53 36190 24 36300 45 36348 4 36445 26 36556 43 36604 4 36701 26 36812 42 36861 3 36957 27 37068 41 37119 1 37213 27 37323 41 37469 27 37578 41 37725 27 37834 41 37982 26 38090 41 38238 25 38345 43 38494 25 38600 45 38751 23 38853 48 39008 22 39108 49 39267 19 39364 49 39524 19 39619 50 39780 19 39875 50 40037 18 40130 51 40293 18 40386 51 40549 17 40642 51 40806 14 40898 50 41064 1 41068 2 41153 51 41324 1 41409 50 41665 50 41803 2 41921 49 41993 4 42058 3 42177 49 42248 5 42313 5 42434 48 42503 6 42569 5 42691 47 42760 5 42825 5 42884 4 42949 45 43017 3 43080 6 43137 9 43207 43 43336 5 43388 15 43464 42 43593 4 43643 17 43721 40 43850 1 43898 21 43977 40 44050 4 44154 23 44232 41 44304 10 44409 26 44488 40 44558 14 44665 27 44744 40 44813 16 44920 29 44999 41 45068 19 45177 29 45255 40 45323 21 45433 29 45511 39 45579 22 45689 29 45767 37 45835 23 45946 28 46022 23 46046 8 46091 24 46202 28 46279 21 46303 7 46347 24 46457 29 46535 20 46560 5 46604 23 46712 30 46792 18 46817 4 46860 23 46967 31 47048 18 47116 23 47223 32 47306 14 47372 22 47478 33 47567 6 47628 22 47734 33 47885 20 47990 32 48142 19 48246 32 48399 18 48502 31 48657 16 48759 28 48916 2 48921 9 49015 25 49177 9 49271 23 49434 8 49528 21 49690 8 49784 18 49946 7 50040 16 50203 6 50298 14 50460 3 50555 13 50813 10 51070 8 51327 5 51806 1 52060 4 52315 6 52571 6 52826 8 53082 8 53337 9 53593 9 53849 8 54105 7 54361 6 54618 4 55382 2 55636 7 55870 4 55888 15 56125 6 56141 19 56379 9 56395 22 56632 13 56648 25 56887 43 57143 43 57397 46 57650 50 57905 51 58160 53 58415 54 58671 54 58927 53 59183 53 59439 53 59695 53 59951 53 60209 51 60467 49 60723 52 60979 55 61235 55 61491 56 61747 56 62004 55 62260 55 62515 55 62771 55 63027 55 63283 54 63540 10 63551 41 63797 8 63809 15 63835 13 64057 2 64066 9 64092 11 64350 8 64580 1 64610 3 64836 3 65092 4 65347 6
000019,0 65536
000020,0 65536
000021,0 102 256 62 321 37 512 60 578 36 768 59 835 34 1024 59 1092 33 1280 59 1352 27 1536 58 1610 22 1792 57 1870 18 2048 57 2129 15 2304 55 2384 16 2560 41 2603 11 2640 16 2816 41 2860 6 2896 15 3072 41 3152 15 3328 41 3408 14 3584 41 3664 10 3840 41 3921 5 4096 41 4352 41 4608 40 4864 39 5120 39 5376 38 5632 37 5888 36 6144 36 6400 35 6656 34 6912 18 6931 13 7168 17 7187 12 7424 16 7445 9 7680 16 7702 7 7936 16 8192 16 8448 16 8704 16 8960 16 9216 16 9472 16 9728 16 9984 15 10240 15 10496 15 10752 15 11008 14 11264 14 11520 13 11776 12 12032 7 12288 4 12544 2 17000 5 17253 9 17492 3 17504 14 17748 3 17757 18 18004 3 18012 20 18036 3 18259 4 18267 29 18515 4 18521 32 18770 40 19025 41 19280 43 19535 44 19791 44 20046 46 20301 48 20556 50 20811 52 21066 54 21322 54 21577 56 21833 56 22088 58 22343 58 22599 58 22854 60 23110 60 23366 61 23621 63 23876 66 24131 69 24387 69 24643 70 24899 70 25155 71 25411 71 25668 70 25924 70 26181 69 26437 69 26693 68 26949 68 27204 69 27460 69 27716 69 27972 69 28229 7 28237 60 28493 59 28749 58 29005 58 29261 58 29517 57 29773 57 30029 56 30285 55 30540 55 30796 53 31052 52 31309 51 31566 49 31824 2 31829 41 32086 39 32343 36 32599 32 32856 29 33113 5 33121 19 33378 17 33635 15 33891 14 34147 7 34404 5 48376 2 48625 10 48880 13 49135 14 49391 14 49648 14 49882 5 49888 7 49904 14 50136 16 50160 16 50390 19 50416 16 50645 20 50672 16 50900 21 50928 16 51156 22 51183 17 51412 23 51439 17 51668 44 51923 45 52179 45 52434 46 52690 46 52946 46 53202 46 53460 44 53720 40 53976 40 54232 40 54488 20 54511 17 54744 18 54769 15 55000 13 55028 12 55256 12 55285 11 55512 11 55541 11 55767 11 55797 11 56023 9 56052 12 56280 7 56308 12 56537 5 56564 12 56795 1 56820 12 57077 11 57335 9 57592 8 57848 8 58104 8 58360 8 58615 9 58871 9 59128 8 59384 8 59642 6 59828 1 59900 4 60156 4 60412 4 60668 4 60925 3 61180 4 61436 4 61692 4 61948 4 62204 4 62459 5 62716 4 62972 4 63229 3
000022,46061 1 46311 9 46565 13 46820 25 47075 29 47331 29 47586 30 47842 30 48098 30 48355 29 48612 28 48869 27 49125 27 49382 26 49638 26 49895 25 50151 25 50408 24 50664 16 50682 6 50921 12 50938 6 51178 10 51194 6 51435 8 51450 11 51695 1 51706 12 51963 11 52001 5 52188 6 52219 10 52255 9 52443 8 52458 4 52475 10 52510 12 52523 4 52698 11 52713 11 52732 8 52763 22 52891 4 52954 28 52988 8 53019 23 53145 7 53205 3 53210 29 53244 8 53274 25 53398 10 53459 39 53500 8 53530 14 53545 10 53653 11 53714 50 53787 13 53801 10 53907 13 53970 49 54043 12 54057 9 54161 14 54225 11 54238 37 54299 12 54314 8 54415 16 54479 14 54494 36 54555 12 54570 7 54670 17 54731 53 54811 12 54825 7 54926 17 54985 55 55067 20 55140 1 55181 19 55237 59 55323 20 55392 8 55437 25 55492 60 55567 3 55580 19 55647 11 55690 29 55747 61 55821 35 55901 14 55943 32 56002 62 56076 38 56156 15 56198 34 56256 64 56331 23 56356 15 56411 17 56454 34 56510 66 56587 19 56612 16 56666 18 56709 37 56764 68 56843 19 56867 17 56922 18 56964 40 57019 69 57098 42 57178 17 57219 41 57274 70 57354 43 57434 17 57470 47 57530 70 57609 44 57691 15 57725 49 57786 70 57863 46 57916 1 57948 22 57979 51 58042 70 58118 48 58170 5 58206 21 58233 53 58297 71 58373 49 58427 4 58461 23 58486 56 58553 71 58628 51 58684 3 58716 82 58806 74 58883 52 58971 84 59059 77 59138 53 59199 10 59225 167 59394 53 59454 11 59479 169 59650 53 59710 11 59735 169 59906 53 59965 12 59989 171 60161 54 60221 12 60245 171 60417 55 60478 11 60500 228 60735 9 60754 109 60865 118 60994 6 61007 111 61122 117 61262 111 61379 115 61517 113 61635 115 61773 115 61891 114 62029 117 62147 113 62285 231 62540 230 62795 228 63048 228 63303 228 63557 226 63812 226 64067 226 64322 226 64577 226 64833 224 65089 219 65345 191
000023,1 38 78 16 97 54 241 15 257 39 334 16 352 55 496 16 513 40 591 15 607 56 705 1 752 16 769 41 848 70 951 3 958 6 1008 16 1026 41 1106 5 1116 58 1206 16 1264 16 1282 42 1372 19 1393 37 1461 17 1520 16 1539 41 1627 17 1650 37 1716 19 1777 15 1797 40 1880 20 1906 37 1971 20 2034 14 2054 39 2136 20 2162 38 2227 20 2290 14 2310 39 2391 19 2419 37 2482 22 2547 13 2566 39 2647 18 2675 37 2738 23 2804 12 2822 39 2903 15 2932 35 2993 24 3060 12 3078 40 3159 14 3188 34 3249 25 3317 11 3334 6 3344 30 3416 9 3445 32 3504 27 3534 4 3572 12 3591 4 3601 29 3673 5 3701 31 3756 40 3827 13 3857 30 3958 30 4012 45 4083 13 4114 29 4214 30 4267 48 4339 13 4371 28 4471 29 4523 51 4595 13 4628 27 4727 29 4779 52 4851 13 4885 26 4982 30 5035 53 5090 4 5107 13 5142 25 5238 29 5290 61 5364 12 5399 24 5493 29 5546 62 5619 13 5657 23 5749 28 5801 64 5875 13 5913 23 6005 27 6057 65 6131 13 6170 5 6179 13 6261 26 6313 66 6387 13 6436 13 6516 26 6569 68 6643 13 6694 11 6772 26 6825 68 6899 13 6952 8 7027 27 7081 69 7156 12 7210 5 7283 27 7338 68 7412 12 7539 28 7594 22 7618 44 7668 12 7794 30 7838 2 7850 21 7874 43 7924 12 8050 30 8093 5 8107 20 8130 43 8180 12 8305 31 8349 6 8364 19 8386 41 8435 13 8561 32 8605 6 8621 18 8644 38 8692 12 8817 32 8861 6 8880 16 8901 35 8948 12 9073 32 9117 6 9137 15 9160 32 9205 11 9329 33 9374 5 9394 14 9417 31 9462 10 9555 5 9585 33 9630 5 9651 13 9674 30 9720 8 9810 7 9842 32 9887 3 9908 12 9931 29 9977 7 10066 8 10099 30 10144 6 10165 11 10187 29 10233 7 10322 13 10357 28 10401 8 10423 7 10443 29 10490 6 10577 16 10614 26 10656 12 10698 30 10746 6 10833 17 10871 24 10912 13 10954 30 11003 5 11088 22 11128 22 11168 18 11210 30 11260 4 11283 3 11342 25 11385 3 11389 16 11424 20 11467 30 11517 3 11538 5 11597 28 11652 8 11680 22 11723 31 11794 5 11852 31 11910 3 11936 22 11979 32 12050 5 12107 33 12192 23 12235 32 12306 5 12363 34 12448 23 12492 38 12619 38 12704 23 12748 39 12876 38 12960 23 13004 22 13030 14 13133 39 13214 25 13262 18 13287 14 13389 39 13469 26 13546 11 13645 40 13724 27 13802 12 13901 40 13979 28 14044 4 14058 13 14157 40 14233 30 14298 8 14314 13 14412 41 14485 34 14553 11 14570 13 14668 40 14740 34 14807 15 14825 14 14855 1 14924 40 14995 35 15062 17 15080 14 15179 41 15251 35 15317 33 15435 40 15506 36 15572 34 15690 41 15762 35 15828 35 15946 39 16017 34 16084 36 16202 39 16272 31 16340 37 16458 39 16528 31 16597 36 16715 39 16783 32 16854 35 16930 7 16971 39 17039 33 17110 35 17185 11 17227 39 17295 36 17367 33 17441 12 17483 38 17551 38 17625 29 17696 14 17738 39 17807 42 17883 24 17951 16 17994 39 18064 43 18141 21 18207 16 18250 39 18320 46 18398 20 18462 16 18506 39 18576 47 18654 20 18718 28 18762 41 18832 48 18911 20 18973 30 19019 43 19088 48 19168 20 19229 31 19275 45 19344 48 19397 1 19425 21 19485 31 19531 45 19601 48 19652 4 19681 22 19740 17 19758 15 19788 45 19857 55 19938 21 19996 17 20015 14 20044 46 20113 56 20194 21 20251 18 20271 15 20301 19 20323 23 20369 56 20451 20 20507 18 20527 15 20558 17 20581 21 20625 56 20708 19 20763 36 20815 14 20839 20 20861 4 20881 56 20964 18 21019 36 21073 5 21097 25 21138 55 21221 15 21242 3 21275 37 21353 24 21394 56 21477 13 21497 5 21531 38 21609 24 21650 37 21689 17 21734 10 21752 7 21786 39 21864 24 21904 39 21946 16 21990 10 22008 6 22041 40 22120 19 22159 39 22204 14 22245 11 22264 6 22296 41 22375 20 22414 41 22460 14 22501 12 22520 4 22551 42 22631 20 22669 43 22716 14 22756 14 22806 44 22887 19 22924 62 23012 15 23061 45 23143 11 23156 6 23179 62 23267 17 23316 22 23344 18 23400 10 23414 1 23432 64 23520 21 23572 21 23601 17 23656 8 23686 63 23773 25 23828 21 23856 18 23913 6 23943 54 23998 5 24027 27 24084 21 24112 18 24170 1 24200 52 24282 29 24341 20 24368 18 24456 52 24538 28 24597 20 24624 18 24713 51 24793 29 24854 18 24880 17 24970 10 24982 38 25048 30 25111 16 25137 16 25228 5 25239 36 25304 31 25369 13 25394 14 25476 1 25496 35 25559 34 25628 9 25651 10 25728 7 25753 34 25815 35 25886 6 25907 8 25982 9 26012 30 26071 36 26164 5 26236 12 26270 5 26278 20 26327 36 26421 3 26490 14 26535 18 26583 37 26744 16 26800 7 26839 38 26995 20 27025 5 27057 5 27096 38 27248 21 27270 1 27280 6 27299 5 27352 38 27501 23 27536 6 27554 9 27609 37 27756 23 27793 5 27810 10 27865 37 28011 23 28050 4 28066 11 28121 37 28267 23 28322 11 28378 35 28473 6 28524 23 28578 10 28635 32 28677 4 28728 8 28781 22 28835 8 28892 30 28932 6 28983 10 29038 24 29093 4 29149 28 29188 7 29238 11 29295 24 29405 28 29444 7 29493 12 29552 24 29661 29 29695 1 29700 7 29748 13 29809 23 29918 29 29950 2 29956 7 30004 12 30065 23 30174 29 30207 1 30213 6 30260 10 30313 5 30321 22 30430 30 30469 6 30517 8 30556 7 30568 31 30685 21 30708 8 30726 4 30811 9 30823 31 30941 20 30965 7 31057 4 31067 9 31079 30 31197 20 31222 6 31312 48 31452 20 31480 2 31567 47 31708 21 31823 46 31964 22 32079 48 32221 22 32335 54 32477 22 32591 59 32734 22 32846 62 32992 20 33102 63 33250 18 33357 39 33400 22 33508 16 33614 36 33656 23 33696 3 33764 17 33870 34 33912 24 33950 6 34019 18 34126 33 34167 27 34205 8 34274 19 34383 31 34422 29 34459 10 34529 21 34639 30 34677 31 34712 13 34785 21 34895 29 34932 32 34966 20 35041 22 35151 29 35187 33 35221 21 35296 22 35373 5 35406 30 35442 56 35552 22 35628 9 35661 31 35698 55 35808 21 35884 11 35917 29 35954 55 36064 20 36131 4 36140 14 36175 26 36210 56 36271 2 36320 20 36385 8 36396 15 36431 23 36466 49 36519 11 36549 2 36576 19 36638 11 36652 16 36688 21 36723 47 36773 16 36797 3 36804 5 36832 19 36893 31 36946 17 36980 46 37028 21 37053 14 37088 19 37148 32 37211 7 37237 69 37309 14 37344 19 37404 32 37494 68 37566 14 37600 18 37660 32 37750 69 37822 15 37857 17 37916 31 38006 87 38099 1 38113 16 38172 31 38261 40 38303 46 38353 6 38370 14 38428 29 38517 39 38560 45 38608 9 38627 12 38670 3 38684 28 38773 39 38816 45 38864 10 38885 9 38926 4 38941 26 39029 39 39072 46 39120 10 39146 2 39182 4 39197 26 39285 14 39307 18 39328 59 39438 3 39453 26 39541 12 39563 18 39584 60 39677 3 39694 3 39709 26 39797 11 39818 20 39840 62 39932 4 39966 24 40054 8 40074 20 40096 62 40188 4 40222 26 40251 12 40311 6 40329 21 40352 62 40444 4 40478 43 40585 20 40609 62 40700 4 40735 8 40746 31 40841 19 40866 60 40957 3 40992 5 41004 30 41097 18 41123 59 41213 3 41262 28 41354 16 41380 58 41465 7 41519 27 41612 14 41637 56 41720 8 41776 26 41869 12 41895 26 41924 24 41974 10 42033 26 42125 12 42152 24 42182 21 42229 11 42290 25 42382 10 42408 24 42438 21 42485 11 42547 28 42638 8 42663 24 42693 21 42740 12 42804 28 42895 5 42918 25 42949 21 42996 12 43061 29 43171 26 43205 20 43252 12 43318 14 43337 12 43426 22 43461 20 43508 12 43575 13 43593 13 43666 2 43681 18 43716 20 43764 12 43833 11 43849 14 43921 5 43937 16 43971 20 44020 12 44090 10 44105 15 44151 6 44176 8 44193 15 44225 22 44276 12 44346 10 44361 15 44406 9 44432 14 44449 15 44481 21 44532 12 44601 11 44617 15 44662 10 44676 1 44687 16 44705 14 44736 22 44788 12 44856 12 44873 15 44917 17 44942 32 44992 22 45044 12 45111 12 45129 15 45173 18 45198 32 45249 21 45300 12 45367 11 45385 15 45429 18 45454 24 45481 4 45506 13 45520 6 45535 4 45557 10 45623 10 45641 15 45684 18 45709 24 45763 8 45778 4 45790 7 45814 7 45879 9 45898 14 45938 20 45965 24 46020 4 46035 2 46045 8 46073 1 46136 6 46155 13 46194 19 46221 24 46300 11 46393 3 46411 12 46449 20 46478 23 46555 12 46667 12 46705 19 46734 23 46810 13 46923 12 46961 18 46990 23 47063 16 47179 11 47217 17 47245 23 47318 17 47435 10 47473 15 47501 23 47574 17 47691 8 47730 6 47757 23 47831 16 47947 6 47986 5 48012 23 48088 14 48184 1 48204 1 48268 23 48345 12 48434 8 48524 23 48602 9 48689 10 48780 23 48860 5 48943 12 49037 21 49119 1 49198 14 49213 6 49250 3 49293 21 49375 1 49451 26 49505 10 49550 20 49631 3 49706 28 49759 14 49807 7 49818 14 49834 6 49886 4 49962 28 50015 15 50064 4 50076 21 50107 4 50142 4 50218 28 50271 15 50322 2 50332 37 50399 3 50475 27 50526 16 50588 38 50656 2 50731 25 50782 16 50843 39 50988 23 51038 16 51097 42 51248 17 51294 15 51351 44 51505 8 51550 14 51605 45 51763 4 51806 12 51860 45 52062 11 52115 45 52319 9 52371 45 52575 8 52626 45 52832 7 52881 46 53089 5 53136 46 53392 45 53648 44 53904 44 54160 43 54417 42 54674 41 54931 39 55189 37 55445 36 55702 33 55959 29 56215 28 56364 1 56472 26 56618 4 56729 23 56846 4 56873 6 56896 4 56985 21 57101 6 57123 13 57150 9 57242 18 57339 1 57356 12 57377 16 57406 13 57498 16 57593 4 57611 14 57632 17 57661 20 57754 14 57849 5 57867 14 57887 19 57917 21 58011 12 58105 5 58122 16 58142 23 58173 23 58268 8 58362 4 58371 3 58377 17 58397 25 58428 26 58624 25 58652 28 58683 30 58880 24 58908 28 58939 31 59136 23 59164 63 59333 2 59392 22 59420 63 59580 13 59648 20 59676 63 59834 17 59904 16 59932 63 60087 21 60160 11 60187 64 60339 26 60416 10 60443 64 60593 28 60672 8 60698 64 60848 30 60928 7 60954 64 61103 31 61185 3 61209 65 61359 31 61466 64 61615 22 61638 5 61722 64 61871 20 61903 2 61979 63 62127 20 62158 13 62235 62 62382 20 62413 15 62435 4 62492 40 62533 20 62637 20 62666 20 62689 7 62749 10 62762 16 62781 5 62790 18 62893 20 62921 31 63005 8 63020 13 63038 3 63047 17 63148 21 63176 33 63261 7 63278 10 63307 13 63403 21 63431 34 63517 6 63535 8 63565 11 63659 21 63687 35 63774 3 63791 7 63822 9 63914 22 63942 36 64048 4 64079 7 64169 22 64197 38 64306 1 64338 1 64424 23 64452 39 64680 22 64708 39 64936 20 64964 39 65192 18 65220 37 65451 12 65476 32
000024,0 130 153 26 206 179 410 24 462 179 668 22 719 177 927 5 937 6 975 177 1232 175 1496 167 1752 167 1996 3 2007 168 2250 6 2263 168 2503 10 2521 167 2758 13 2778 166 3014 186 3270 186 3526 25 3552 159 3783 24 3810 156 3968 7 3991 5 4039 24 4066 155 4223 10 4246 7 4295 26 4322 169 4501 9 4552 195 4757 10 4808 194 5012 12 5064 193 5268 13 5321 190 5524 13 5577 189 5780 14 5834 188 6036 15 6090 187 6292 15 6331 2 6347 22 6372 161 6549 15 6568 4 6585 6 6603 21 6628 161 6805 16 6823 5 6840 8 6859 20 6883 162 7059 26 7094 10 7115 19 7139 161 7314 27 7349 12 7371 16 7395 160 7568 29 7604 16 7628 14 7651 158 7823 31 7858 20 7885 12 7906 158 8078 33 8112 23 8142 10 8162 132 8297 22 8333 59 8400 7 8418 131 8554 20 8588 60 8674 131 8810 19 8843 62 8930 131 9066 18 9098 63 9186 130 9323 16 9354 63 9443 128 9579 16 9610 63 9699 128 9836 14 9866 63 9956 127 10093 13 10122 63 10212 127 10351 10 10378 63 10469 126 10634 64 10724 128 10890 64 10980 128 11145 66 11236 129 11400 68 11492 130 11655 69 11748 131 11911 69 12005 131 12166 70 12261 132 12399 4 12422 70 12518 132 12653 7 12678 69 12774 132 12908 8 12934 68 13030 143 13191 66 13286 144 13436 1 13448 64 13543 143 13690 4 13707 61 13799 151 13968 55 14057 149 14224 55 14313 149 14480 37 14519 15 14569 149 14735 37 14776 14 14826 149 14991 37 15033 12 15082 149 15248 36 15289 12 15338 149 15504 36 15546 11 15593 150 15762 34 15802 11 15849 138 15992 6 16019 33 16058 11 16106 129 16237 4 16250 3 16275 32 16314 11 16362 128 16532 30 16571 11 16619 127 16788 29 16827 10 16876 125 17045 26 17084 9 17133 123 17302 24 17342 6 17391 119 17559 16 17650 114 17815 15 17908 94 18003 6 18012 6 18071 14 18166 87 18272 1 18328 13 18424 83 18584 13 18684 78 18841 12 18881 2 18941 77 19098 10 19135 6 19200 74 19356 7 19390 8 19456 74 19633 5 19646 9 19712 74 19888 8 19901 10 19968 74 20143 9 20157 10 20224 75 20383 5 20395 14 20412 11 20480 76 20638 7 20648 31 20736 76 20894 41 20992 76 21149 42 21248 76 21405 43 21504 76 21660 45 21760 76 21914 49 22016 77 22160 2 22169 51 22272 77 22386 4 22416 5 22424 53 22528 77 22641 6 22671 63 22784 78 22897 7 22928 63 23040 78 23152 9 23185 63 23296 78 23408 10 23443 63 23552 78 23664 11 23701 62 23807 79 23920 12 23959 60 24062 81 24176 14 24217 59 24316 83 24433 17 24475 57 24572 83 24689 17 24747 41 24828 83 24945 21 25002 42 25084 83 25201 22 25258 42 25340 83 25457 23 25514 41 25596 83 25714 22 25770 40 25852 82 25970 22 26026 39 26108 82 26226 23 26283 38 26364 81 26483 23 26539 38 26620 80 26740 22 26795 37 26876 79 26996 21 27052 36 27132 61 27199 11 27252 20 27308 35 27388 59 27455 12 27507 21 27564 34 27643 57 27712 12 27750 3 27763 21 27820 32 27898 58 27967 16 28004 6 28018 22 28075 31 28153 58 28223 17 28259 7 28273 23 28330 30 28409 58 28478 18 28514 9 28527 25 28586 30 28664 59 28733 21 28769 40 28841 31 28919 60 28989 21 29023 42 29097 31 29175 61 29244 22 29278 43 29352 32 29430 62 29499 25 29533 44 29608 32 29679 3 29685 64 29754 26 29789 44 29864 32 29933 72 30010 26 30044 45 30120 32 30188 73 30266 26 30300 45 30377 31 30443 73 30522 26 30556 45 30633 20 30654 10 30699 73 30778 26 30811 45 30890 12 30912 9 30954 73 31034 26 31067 45 31147 11 31169 8 31210 72 31290 27 31322 46 31405 9 31426 8 31466 72 31546 28 31578 46 31662 8 31682 8 31722 71 31803 27 31834 46 31919 7 31938 8 31978 71 32060 76 32176 6 32194 7 32234 72 32317 75 32433 5 32450 6 32491 71 32573 75 32690 3 32707 4 32747 72 32829 33 32865 39 33004 72 33085 33 33121 39 33260 72 33341 33 33379 37 33516 73 33597 33 33636 35 33773 72 33853 38 33893 34 34030 72 34110 37 34149 34 34287 71 34367 36 34405 34 34544 70 34624 72 34735 6 34800 70 34884 69 34990 8 35007 1 35016 2 35056 70 35141 68 35246 9 35261 5 35271 5 35313 68 35399 67 35502 10 35516 7 35526 6 35569 68 35656 28 35685 36 35758 10 35772 8 35781 8 35826 66 35912 28 35942 35 36015 9 36027 18 36083 65 36164 32 36198 34 36272 9 36282 9 36292 9 36340 64 36419 32 36455 31 36529 8 36538 9 36549 8 36596 65 36674 33 36711 30 36772 3 36786 6 36794 9 36806 7 36853 65 36929 34 36967 20 36990 3 37027 6 37050 9 37062 6 37111 64 37183 37 37222 21 37282 7 37306 9 37318 6 37376 56 37435 41 37478 21 37531 14 37563 7 37573 6 37632 123 37785 16 37820 4 37828 7 37888 124 38037 20 38083 8 38144 124 38292 20 38338 9 38400 124 38547 21 38593 11 38656 125 38798 25 38849 12 38912 125 39051 28 39104 14 39167 126 39306 28 39360 15 39423 127 39561 29 39615 17 39678 129 39817 28 39871 18 39933 135 40072 29 40125 21 40189 168 40380 23 40444 170 40631 29 40701 168 40884 32 40957 168 41138 35 41216 165 41394 36 41472 165 41650 38 41728 164 41905 40 41984 163 42161 41 42240 163 42418 41 42496 162 42675 40 42752 162 42932 39 43008 162 43190 16 43208 19 43264 162 43447 14 43464 19 43517 166 43703 13 43720 19 43747 5 43772 168 43960 8 43976 19 44001 8 44028 170 44218 4 44231 19 44257 8 44283 171 44475 1 44487 19 44512 9 44538 172 44744 18 44767 10 44787 3 44794 173 45000 17 45023 10 45040 183 45256 16 45279 10 45295 184 45513 8 45535 10 45550 185 45771 2 45791 10 45806 185 46048 11 46060 187 46305 198 46562 198 46819 197 47076 197 47333 197 47589 199 47844 201 48099 202 48354 203 48610 203 48865 203 49121 203 49376 204 49632 204 49888 205 50145 204 50401 30 50432 176 50643 3 50658 27 50688 182 50898 6 50915 25 50944 183 51154 9 51172 23 51200 184 51409 12 51429 21 51456 185 51665 12 51687 18 51712 185 51920 14 51944 16 51968 185 52176 15 52200 15 52224 122 52351 59 52432 15 52456 15 52480 120 52612 54 52688 16 52712 14 52736 119 52868 55 52945 17 52968 13 52992 119 53124 55 53201 18 53225 12 53248 119 53380 55 53456 20 53482 11 53504 119 53635 55 53711 22 53739 10 53760 119 53891 55 53967 22 53996 9 54016 118 54147 54 54223 22 54253 8 54272 118 54403 54 54479 22 54509 9 54528 118 54659 53 54735 22 54765 10 54784 117 54915 53 54991 21 55021 11 55040 117 55170 54 55247 20 55276 12 55296 117 55426 54 55502 20 55532 12 55552 117 55681 55 55758 19 55788 13 55808 118 55936 56 56013 20 56044 13 56064 119 56192 56 56268 22 56301 13 56320 119 56448 55 56516 31 56557 14 56576 120 56705 54 56771 33 56814 14 56832 120 56962 51 57026 35 57070 15 57088 120 57219 48 57282 35 57327 14 57344 119 57476 46 57537 36 57585 11 57600 118 57734 43 57793 36 57842 10 57856 118 57991 41 58049 37 58100 6 58112 117 58248 39 58305 37 58368 117 58504 38 58562 36 58624 116 58761 36 58819 36 58880 114 59017 36 59074 37 59136 108 59273 36 59329 39 59392 107 59529 35 59584 41 59648 106 59786 34 59839 42 59904 104 60043 32 60095 42 60160 103 60300 30 60349 44 60416 102 60557 28 60600 49 60672 102 60814 26 60854 50 60928 103 61071 25 61102 4 61109 50 61184 104 61328 24 61357 57 61440 104 61584 25 61613 56 61696 105 61840 25 61868 56 61939 4 61952 105 62095 26 62124 56 62194 5 62208 105 62350 28 62379 57 62449 7 62464 105 62605 87 62705 7 62720 105 62860 88 62961 7 62976 105 63115 89 63217 8 63232 103 63371 89 63473 8 63488 101 63608 2 63626 91 63730 8 63744 100 63862 6 63876 4 63881 92 63986 9 64000 100 64117 9 64131 98 64242 9 64256 100 64373 11 64385 101 64498 9 64512 101 64629 113 64755 7 64768 101 64884 114 65012 6 65024 101 65140 113 65269 3 65280 101 65396 111
000025,32755 3 33010 5 33266 6 33522 6 33534 2 33780 4 33789 3 34037 3 34044 4 34299 5 34555 5 34811 5 35067 5 35323 5 35580 4 35836 4 36093 3 36349 3 36605 3 36861 3 37116 4 37372 4 37628 4 37884 4 38140 4 38393 7 38648 8 38904 8 39160 8 39415 9 39671 9 39927 9 40184 8 40440 8 40697 7 40954 6 41211 5 41469 3 49141 5 49396 7 49652 8 49908 9 50164 9 50417 1 50420 9 50672 3 50677 8 50927 6 50934 7 51182 15 51437 17 51693 18 51949 19 52204 20 52461 19 52717 19 52975 17 53232 16 53489 15 53746 14 54002 14 54259 13 54516 12 54773 11 55030 10 55288 8 55544 8 55800 8 56056 8 56312 8 56568 8 56824 8 57080 8 57336 8 57592 8 57848 8 58104 8 58360 8 58616 8 58872 8 59128 8 59384 8 59641 7 59897 7 60153 7 60409 7 60665 7 60921 7 61177 7 61434 6 61688 8 61943 9 62198 10 62454 10 62710 10 62966 10 63221 11 63477 11 63733 11 63988 12 64244 12 64500 12 64756 12 65013 11 65269 11 65526 10
000026,61855 6 62109 9 62364 11 62619 13 62874 15 63130 16 63386 17 63620 7 63642 17 63875 10 63898 18 64129 13 64154 19 64385 14 64410 20 64641 15 64666 21 64897 16 64922 21 65154 15 65178 21 65410 15 65434 21
000027,150 13 407 12 663 12 921 9 1178 7 1436 4 4956 4 5210 8 5464 11 5719 13 5974 17 6230 17 6486 18 6743 18 6999 18 7255 18 7511 19 7767 19 8023 18 8279 18 8535 17 8792 14 9048 13 9305 9 9562 7 9572 1 9818 4 9827 2 10084 1 10174 4 10216 4 10340 1 10429 7 10469 7 10684 9 10723 10 10940 10 10978 11 11189 3 11194 13 11234 11 11443 20 11488 12 11695 25 11741 15 11950 26 11997 15 12205 27 12252 16 12461 27 12508 15 12678 1 12716 28 12763 16 12785 2 12931 7 12972 27 13018 18 13039 5 13185 11 13227 28 13274 27 13440 13 13483 28 13530 28 13668 2 13695 14 13739 30 13785 29 13922 6 13950 14 13996 30 14041 29 14177 8 14206 14 14252 31 14296 31 14433 9 14461 15 14508 33 14552 31 14688 10 14717 15 14764 38 14808 31 14844 4 14944 10 14972 16 15020 39 15067 28 15099 5 15200 8 15217 6 15226 19 15276 40 15324 28 15354 6 15456 7 15470 31 15532 40 15581 35 15714 3 15724 33 15787 42 15838 34 15979 34 16043 42 16095 33 16235 33 16299 42 16353 31 16491 32 16554 44 16612 28 16747 31 16808 47 16868 28 17003 31 17062 49 17125 27 17260 30 17317 51 17382 26 17517 28 17572 53 17640 24 17773 28 17826 53 17897 23 18029 28 18082 52 18153 23 18284 28 18337 52 18408 24 18540 28 18592 52 18663 25 18796 28 18848 51 18918 26 19052 28 19104 51 19174 26 19294 4 19309 27 19360 51 19429 27 19549 6 19566 8 19575 17 19616 51 19685 27 19805 8 19824 5 19833 15 19872 51 19940 28 20061 9 20089 16 20128 51 20196 28 20317 10 20345 16 20385 50 20451 29 20573 11 20601 15 20642 11 20655 36 20706 29 20829 11 20857 14 20898 10 20912 35 20962 28 21062 4 21085 12 21114 9 21155 9 21168 35 21217 28 21315 8 21340 13 21371 5 21413 5 21426 33 21473 27 21571 9 21596 13 21686 28 21730 25 21826 10 21852 14 21944 26 21987 23 22082 10 22108 14 22201 25 22245 16 22338 10 22364 14 22458 24 22502 15 22594 10 22620 13 22716 22 22759 12 22850 10 22877 11 22972 22 23015 11 23106 10 23134 9 23228 22 23272 5 23363 9 23391 6 23484 24 23620 7 23739 26 23879 3 23995 26 24250 28 24319 1 24506 27 24572 4 24700 2 24761 28 24825 7 24942 4 25017 28 25079 9 25197 6 25273 28 25334 10 25452 8 25529 27 25588 12 25708 8 25785 27 25843 13 25963 9 26039 29 26099 13 26218 11 26285 5 26293 30 26354 14 26472 13 26540 40 26611 13 26728 13 26795 19 26816 20 26867 13 26983 14 27050 19 27072 20 27124 12 27239 13 27305 19 27328 20 27380 12 27496 13 27561 17 27584 20 27637 11 27752 13 27816 15 27839 20 27893 11 28009 13 28072 15 28093 22 28150 10 28265 13 28328 15 28348 23 28412 4 28521 14 28578 2 28584 43 28777 14 28833 3 28839 44 29033 15 29089 3 29095 44 29289 15 29352 43 29545 14 29608 43 29801 14 29864 43 30056 14 30121 41 30312 14 30377 38 30569 12 30633 34 30825 12 30890 32 31081 12 31146 32 31337 12 31407 6 31417 17 31594 10 31674 15 31850 9 31930 15 32107 6 32187 13 32364 4 32444 10 32701 7 34382 7 34636 11 34891 13 35147 14 35402 16 35658 16 35914 16 36169 17 36426 16 36682 16 36938 15 37194 15 37451 12 37709 9 37969 3 38883 6 39137 12 39383 23 39629 34 39741 5 39883 36 39996 8 40138 38 40251 11 40394 38 40507 14 40649 39 40763 15 40905 39 41019 16 41160 39 41276 15 41416 39 41533 14 41672 39 41789 14 41927 40 42046 13 42182 40 42302 12 42438 40 42518 4 42559 9 42693 41 42774 4 42816 3 42949 41 43030 5 43205 41 43288 2 43326 3 43460 42 43582 5 43716 43 43838 5 43972 43 44094 6 44228 43 44350 6 44484 43 44607 5 44740 43 44863 4 44997 42 45254 40 45511 38 45768 32 46025 30 46281 30 46537 30 46793 30 47048 31 47304 32 47559 33 47815 34 48071 34 48327 34 48583 34 48839 34 49095 34 49351 34 49606 35 49862 35 50117 36 50372 37 50627 39 50882 41 51137 42 51391 26 51418 17 51646 25 51680 10 51901 26 51938 6 52157 25 52375 10 52412 26 52630 12 52668 25 52885 14 52924 25 53141 15 53180 24 53396 16 53436 24 53528 2 53652 16 53692 25 53783 5 53907 17 53947 26 54039 5 54163 17 54203 27 54291 9 54418 18 54459 31 54546 10 54673 19 54715 32 54801 10 54926 22 54954 1 54972 33 55057 10 55181 24 55208 5 55230 32 55313 10 55437 24 55464 5 55487 31 55569 10 55692 25 55720 4 55744 30 55825 9 55948 17 55970 2 55976 4 56000 30 56080 10 56202 19 56233 2 56256 30 56298 7 56336 9 56452 26 56505 5 56513 29 56552 12 56592 7 56707 27 56760 7 56770 27 56808 13 56848 6 56961 30 57016 8 57026 27 57064 14 57104 6 57216 32 57271 9 57283 25 57320 15 57361 4 57472 33 57528 7 57539 25 57576 15 57727 35 57785 6 57795 25 57832 16 57983 35 58042 4 58052 24 58088 16 58239 36 58308 24 58343 18 58494 37 58565 11 58578 10 58599 19 58750 38 58821 10 58835 8 58855 22 59006 38 59078 8 59093 4 59111 25 59263 37 59334 7 59368 24 59519 37 59591 5 59624 24 59776 36 59848 4 59879 25 60032 36 60134 26 60289 36 60389 27 60546 34 60644 28 60803 33 60899 29 61060 8 61073 19 61155 29 61318 4 61331 16 61411 29 61588 14 61667 29 61847 2 61854 2 61923 29 62179 29 62435 29 62691 29 62946 30 63202 30 63458 30 63714 30 63970 30 64225 31 64481 31 64737 31 64994 30 65250 30 65507 29
000028,0 65536
000029, 
000030,0 65536
000031, 
000032,0 65536
000033, 
000034,199 57 453 59 709 59 964 60 1220 60 1477 59 1733 59 1989 59 2246 58 2502 58 2758 58 3013 59 3269 59 3524 60 3779 61 4034 62 4289 63 4544 64 4800 64 5055 65 5310 66 5566 66 5822 66 6079 65 6336 64 6592 64 6848 64 7103 65 7352 3 7358 66 7597 4 7608 3 7614 66 7850 8 7864 72 8099 18 8120 72 8354 94 8610 94 8865 95 9121 95 9378 94 9634 94 9890 94 10146 94 10402 94 10658 94 10913 95 11169 95 11424 96 11680 96 11935 97 12190 98 12446 98 12701 99 12956 100 13212 100 13467 101 13723 101 13979 101 14234 102 14490 102 14746 102 15001 103 15256 104 15512 104 15767 105 16023 105 16279 105 16535 105 16791 105 17047 105 17303 105 17559 105 17815 105 18071 105 18327 105 18584 104 18840 104 19096 104 19352 104 19608 104 19864 104 20120 104 20376 104 20632 104 20889 103 21145 103 21401 103 21657 103 21913 103 22169 103 22424 104 22680 104 22936 104 23192 104 23447 105 23703 105 23958 106 24214 106 24469 107 24725 107 24981 107 25237 107 25492 108 25747 109 26003 109 26259 109 26515 109 26770 110 27026 110 27281 111 27537 111 27793 111 28050 110 28306 110 28562 110 28818 110 29074 110 29330 110 29585 111 29841 111 30098 110 30354 65 30426 38 30611 63 30683 37 30867 61 30940 36 31123 59 31197 35 31378 59 31454 34 31634 55 31712 32 31890 54 31968 32 32146 52 32225 31 32402 44 32451 1 32481 31 32658 39 32738 30 32914 30 32995 29 33170 19 33252 28 33426 17 33508 28 33682 13 33771 21 33938 12 34030 18 34195 9 34287 17 34451 3 34544 16 34807 9 35064 8 35321 7 35577 7 35834 6 36090 6 36347 5 36604 4 36861 3 37118 2 37375 1 54841 2 55096 3 55352 3 55608 3
000035,32 124 170 42 228 28 285 128 426 43 484 28 540 129 683 45 739 29 790 136 939 47 995 29 1040 143 1196 47 1251 29 1295 144 1453 47 1506 30 1549 147 1709 47 1762 30 1793 159 1966 49 2016 193 2222 244 2479 244 2736 244 2993 244 3249 245 3506 249 3764 249 4021 249 4278 249 4537 246 4794 245 5050 246 5306 246 5562 247 5818 254 6075 254 6331 255 6588 1097 7687 11 7699 242 7945 8 7956 236 8193 4 8203 4 8213 235 8449 5 8469 242 8725 243 8981 244 9238 244 9495 243 9753 231 9985 10 10011 229 10242 9 10267 229 10500 7 10523 229 10757 7 10778 230 11015 5 11031 233 11274 3 11285 235 11539 237 11794 238 12050 238 12305 239 12560 240 12816 240 13072 240 13328 241 13585 241 13841 242 14097 244 14353 246 14610 246 14866 252 15122 254 15378 3716 19097 253 19352 254 19607 2342 21950 253 22208 250 22465 248 22721 247 22978 245 23234 243 23490 235 23745 224 24001 185 24189 32 24256 185 24447 7 24457 19 24512 184 24718 13 24768 185 24975 11 25024 185 25231 10 25279 188 25489 7 25536 187 25747 3 25792 188 26048 188 26304 189 26560 189 26815 190 27070 190 27326 190 27521 2 27582 188 27776 5 27838 188 28031 7 28095 186 28287 8 28352 186 28543 17 28609 185 28799 19 28865 187 29055 20 29121 187 29312 20 29377 188 29569 20 29632 191 29825 21 29888 215 30144 215 30399 217 30656 217 30912 219 31169 223 31426 224 31682 226 31937 229 32193 230 32449 231 32704 234 32960 236 33215 238 33471 239 33727 241 33982 244 34237 247 34492 249 34748 250 35003 251 35259 252 35515 252 35771 254 36027 255 36283 1278 37563 3829 41396 250 41654 248 41911 247 42168 246 42425 245 42683 243 42939 243 43195 243 43450 244 43706 244 43962 244 44218 243 44474 243 44730 243 44986 242 45241 243 45497 243 45751 246 46004 1416 47421 254 47678 1 47682 249 47939 248 48196 247 48453 247 48710 246 48966 246 49223 245 49479 245 49735 245 49992 197 50194 42 50249 193 50451 41 50506 191 50707 42 50763 190 50964 42 51020 188 51221 40 51278 4 51283 181 51477 40 51539 180 51734 38 51795 178 51991 37 52052 172 52249 34 52308 172 52506 33 52564 172 52763 32 52820 172 53019 32 53077 171 53275 32 53332 172 53531 33 53588 172 53787 33 53844 172 54043 34 54099 173 54300 35 54355 173 54556 36 54610 174 54790 1 54814 36 54865 175 55044 7 55071 35 55120 176 55299 9 55329 33 55375 177 55554 12 55586 33 55631 177 55809 18 55841 34 55886 178 56065 22 56097 34 56140 206 56353 35 56394 209 56609 36 56649 211 56865 252 57121 2619 59741 255 59997 423 60425 247 60683 245 60939 245 61185 3098 64291 248 64548 248 64805 247 65061 247 65317 219
000036,0 65536
000037,7217 5 7472 8 7728 9 7984 9 8240 9 8497 8 8754 6 9012 2 46154 1 46409 5 46664 6 46920 7 47176 7 47432 7 47689 5 47946 3
000038,38656 1 38912 3 39168 3 39424 3 39680 3 39936 3 40192 2 40448 2 46875 1 47131 1
000039,0 65536
000040,0 65536
000041,0 65536
000042,0 6 91 19 147 12 177 3 241 20 347 19 404 10 432 4 496 20 603 19 660 9 687 6 752 19 856 21 918 3 942 8 1007 18 1112 21 1198 9 1260 20 1371 17 1453 15 1515 21 1629 15 1709 33 1771 21 1895 4 1965 34 2003 1 2026 22 2220 36 2258 4 2282 22 2476 47 2538 22 2732 48 2794 22 2988 48 3048 24 3245 46 3304 24 3503 44 3559 25 3760 43 3814 26 3891 7 4016 43 4070 26 4146 9 4272 43 4326 26 4402 11 4528 44 4582 26 4658 17 4784 44 4839 25 4915 17 5040 45 5096 24 5171 19 5192 1 5296 45 5352 24 5428 25 5553 44 5609 23 5684 26 5809 44 5865 23 5940 26 6064 46 6123 21 6195 28 6319 47 6380 20 6450 29 6571 51 6638 18 6705 31 6826 52 6896 16 6959 33 7081 53 7152 16 7214 34 7336 54 7408 16 7470 34 7592 54 7664 16 7726 34 7847 55 7920 16 7982 34 8096 2 8102 55 8177 15 8239 33 8351 62 8434 14 8495 34 8608 60 8690 14 8751 35 8864 59 8947 13 9007 35 9121 56 9204 12 9263 35 9377 55 9461 11 9520 34 9634 53 9718 10 9777 33 9891 51 9974 10 10034 32 10148 48 10230 10 10291 31 10405 46 10486 10 10548 29 10661 44 10742 10 10806 26 10918 39 10998 10 11065 20 11175 37 11254 10 11321 16 11433 34 11510 10 11578 14 11695 26 11767 9 11835 12 11952 23 12023 9 12093 9 12209 20 12281 7 12352 5 12466 17 12540 4 12723 16 12980 4 12987 7 13136 8 13244 6 13388 13 13501 3 13507 3 13643 15 13757 15 13898 16 14013 16 14095 2 14144 2 14151 19 14269 17 14341 5 14349 6 14399 5 14405 22 14524 18 14595 16 14655 28 14689 2 14780 19 14851 17 14911 29 14945 3 15036 20 15106 18 15167 29 15201 2 15292 20 15361 19 15422 31 15548 21 15616 21 15677 33 15805 20 15872 21 15932 34 16062 20 16128 21 16185 38 16318 20 16384 21 16440 39 16575 19 16640 21 16695 41 16831 18 16896 21 16951 41 17085 1 17087 18 17152 21 17207 40 17339 21 17408 20 17462 40 17529 2 17544 5 17552 3 17595 20 17664 20 17717 40 17783 5 17798 14 17850 21 17920 19 17972 40 18037 8 18053 16 18106 8 18118 7 18176 20 18227 35 18293 9 18309 16 18362 7 18432 20 18483 30 18548 11 18564 17 18618 7 18688 20 18739 29 18805 11 18820 18 18874 7 18944 20 18994 30 19061 33 19131 5 19200 20 19250 29 19317 33 19456 19 19505 30 19568 1 19574 22 19599 7 19712 19 19761 30 19822 6 19831 22 19855 7 19968 17 20016 30 20077 7 20088 21 20112 6 20224 17 20271 30 20333 33 20369 9 20480 17 20527 30 20588 34 20628 13 20736 18 20782 31 20844 35 20884 15 20992 18 21038 27 21068 1 21100 35 21140 16 21248 19 21294 26 21324 3 21356 35 21394 20 21504 19 21551 24 21581 2 21612 36 21649 21 21760 20 21808 22 21836 3 21868 58 22016 20 22065 19 22091 4 22124 59 22272 20 22321 19 22344 2 22349 1 22358 3 22380 58 22528 20 22578 16 22597 6 22612 6 22636 58 22784 20 22834 16 22851 10 22867 7 22892 58 23040 19 23091 27 23123 8 23149 57 23296 19 23347 40 23405 57 23552 18 23603 40 23661 58 23754 6 23808 17 23858 42 23917 59 24008 9 24023 1 24069 12 24114 42 24173 60 24262 13 24276 6 24327 8 24370 42 24429 61 24518 21 24626 42 24685 63 24773 23 24883 41 24941 51 24999 3 25029 24 25139 41 25197 50 25285 24 25395 40 25453 51 25541 25 25652 39 25710 51 25798 24 25909 38 25966 54 26054 24 26166 36 26223 53 26312 21 26422 36 26479 54 26568 21 26679 33 26736 53 26827 18 26934 33 26993 53 27084 16 27184 34 27250 52 27341 15 27439 37 27511 47 27597 14 27695 38 27768 47 27853 13 27952 41 28024 47 28110 11 28208 43 28280 47 28366 10 28465 43 28536 47 28624 7 28722 42 28792 46 28979 41 29047 47 29236 40 29303 46 29494 39 29559 46 29755 5 29763 26 29815 45 30017 28 30071 45 30273 27 30327 45 30528 28 30584 44 30783 29 30840 44 31038 29 31097 42 31293 30 31353 41 31549 31 31609 41 31805 39 31865 40 32062 38 32120 41 32319 37 32375 41 32576 36 32630 42 32832 35 32886 39 33089 34 33142 37 33345 33 33398 36 33602 32 33655 34 33860 30 33912 33 34117 29 34169 31 34375 26 34427 27 34637 20 34685 16 34902 11 34943 11 35159 10 35202 7 35416 9 35673 8 35821 11 35929 8 36075 14 36186 6 36329 17 36443 4 36583 20 36827 3 36838 26 37082 6 37093 27 37338 7 37348 28 37593 8 37604 28 37748 3 37843 4 37848 11 37860 28 38001 7 38098 46 38257 8 38353 47 38512 10 38608 48 38766 13 38864 48 39020 18 39120 48 39275 20 39377 47 39531 20 39633 47 39787 20 39890 46 40043 20 40146 46 40300 19 40402 46 40556 19 40658 46 40812 19 40914 46 41068 20 41170 46 41321 23 41426 46 41575 25 41682 46 41830 26 41938 46 42086 26 42194 46 42341 27 42449 46 42505 2 42595 29 42704 38 42745 5 42760 4 42849 30 42960 37 43003 1 43016 5 43104 31 43216 37 43271 6 43359 32 43472 37 43526 7 43615 32 43728 37 43780 9 43870 8 43879 24 43984 38 44035 11 44126 6 44137 23 44240 38 44290 12 44382 6 44393 22 44496 38 44546 13 44638 6 44650 20 44751 39 44801 14 44894 6 44907 17 45006 40 45057 14 45151 5 45163 13 45261 39 45312 15 45407 5 45420 12 45516 34 45568 15 45664 5 45677 11 45772 11 45786 19 45824 15 45912 3 45921 3 45934 9 46028 9 46045 15 46080 15 46168 3 46191 7 46284 7 46303 12 46337 14 46424 3 46449 3 46541 4 46560 11 46572 8 46593 15 46680 3 46818 20 46849 14 47075 4 47080 15 47102 2 47105 14 47336 16 47356 18 47592 17 47610 18 47848 34 48104 31 48361 28 48617 23 48872 24 49128 24 49384 24 49640 24 49897 23 50152 24 50408 24 50663 25 50918 26 51173 27 51428 28 51684 28 51827 5 51939 29 52081 8 52195 29 52336 10 52451 29 52591 11 52707 28 52846 13 52964 25 53102 13 53220 22 53358 12 53476 19 53614 12 53732 13 53870 10 53987 9 54126 9 54244 6 54383 7 54614 3 54640 4 54868 9 55123 12 55144 3 55376 16 55397 9 55631 32 55887 34 56142 36 56398 36 56654 37 56910 38 57165 39 57222 2 57422 38 57477 3 57678 38 57732 5 57935 37 57986 7 58191 37 58240 9 58448 36 58496 9 58705 35 58751 10 58962 32 59007 10 59123 3 59219 29 59264 8 59378 4 59474 29 59520 5 59635 3 59729 29 59778 1 59980 2 59983 30 60234 33 60401 1 60490 32 60655 5 60746 30 60910 7 61002 31 61166 7 61258 31 61422 7 61514 32 61678 7 61770 32 61934 7 62026 32 62190 7 62283 32 62446 7 62540 32 62703 6 62797 33 62960 5 63054 33 63218 2 63311 32 63567 32 63824 32 64005 6 64081 31 64260 8 64338 30 64516 9 64594 30 64771 10 64851 29 65027 10 65107 28 65283 9 65362 27
000043,0 65536
000044, 
000045, 
000046,107 19 362 21 618 22 873 24 1129 24 1385 25 1640 26 1896 29 2152 29 2408 30 2665 28 2921 28 3177 27 3433 26 3472 3 3688 27 3728 4 3945 25 3984 4 4201 25 4240 3 4457 24 4713 24 4927 5 4970 23 5014 6 5088 4 5182 7 5226 22 5270 6 5343 7 5439 6 5482 22 5526 6 5598 10 5694 7 5739 21 5782 6 5854 10 5949 9 5995 21 6038 6 6110 11 6201 14 6251 21 6295 3 6366 12 6446 5 6455 18 6507 21 6622 13 6701 28 6763 20 6877 14 6951 34 7018 20 7133 15 7205 36 7274 18 7389 15 7459 38 7530 16 7645 14 7714 40 7786 16 7902 13 7968 42 8042 15 8161 9 8223 43 8299 13 8419 6 8479 39 8519 2 8557 7 8677 2 8734 38 8989 38 9197 1 9207 2 9244 39 9451 16 9498 40 9706 18 9753 41 9961 20 10009 40 10215 22 10264 41 10470 24 10519 42 10725 25 10775 42 10981 25 11030 43 11237 26 11286 42 11493 27 11541 43 11749 27 11797 43 12005 27 12052 43 12261 26 12308 43 12518 24 12564 42 12774 23 12820 42 13030 21 13077 41 13287 20 13334 40 13497 2 13544 11 13557 5 13592 38 13751 5 13801 9 13815 1 13849 37 14007 5 14059 6 14105 37 14263 5 14316 4 14361 36 14519 4 14618 5 14628 25 14885 24 15142 22 15399 20 15656 18 15914 15 16171 14 16423 2 16428 12 16680 1 16685 4 18944 1 19572 2 19828 3 19876 1 19971 2 20076 1 20083 4 20130 7 20224 7 20332 1 20340 2 20384 9 20480 7 20588 1 20640 10 20736 7 20895 11 20992 7 21151 12 21249 5 21407 13 21507 2 21663 14 21919 16 22176 16 22432 16 22688 16 22944 15 23200 15 23456 14 23713 13 23970 10 24227 7 24485 2 24664 3 24920 3 25176 2 26453 3 26708 5 26963 6 27219 6 27476 4 35072 2 35328 3 35584 2 35840 2 36096 1 40229 5 40482 9 40737 11 40993 12 41249 12 41505 12 41761 12 42017 11 42273 11 42529 11 42786 10 43042 10 43299 9 43556 8 43812 8 43946 6 44068 8 44200 15 44324 8 44456 18 44579 9 44711 23 44835 9 44967 28 45091 10 45223 29 45348 8 45479 35 45605 7 45735 38 45861 7 45991 38 46246 40 46501 41 46756 41 47012 41 47268 41 47523 44 47779 46 48035 47 48291 48 48547 50 48711 4 48803 52 48966 8 49059 53 49220 14 49316 53 49475 16 49572 55 49730 17 49829 55 49985 18 50086 54 50241 18 50343 54 50496 19 50599 54 50752 18 50855 53 51008 18 51111 53 51264 17 51367 52 51520 17 51623 50 51777 16 51879 47 52033 15 52135 45 52254 3 52290 14 52391 44 52509 6 52548 12 52647 31 52682 8 52764 8 52807 9 52903 30 53020 9 53064 8 53159 29 53275 10 53321 7 53415 29 53531 10 53578 6 53672 28 53787 10 53835 4 53928 27 54042 10 54184 27 54297 11 54441 25 54553 10 54699 23 54809 10 54957 20 55065 8 55215 17 55321 8 55471 17 55578 7 55728 16 55834 7 55984 15 56090 7 56241 13 56345 8 56499 9 56600 9 56853 12 57108 13 57363 14 57619 14 57875 13 58132 11 58388 10 58644 9 58901 8 59159 5 63127 4 63382 6 63637 8 63893 8 64149 8 64404 10 64568 1 64660 11 64821 6 64917 12 65077 5 65173 12 65333 5 65430 12
000047,0 65536
000048, 
000049, 
000050, 
000051,12 30 55 5 154 14 238 9 268 30 311 5 399 26 493 10 523 31 566 6 654 28 749 10 779 31 821 7 910 29 1005 10 1034 32 1077 7 1166 30 1260 11 1290 32 1332 7 1422 31 1516 11 1546 31 1588 7 1677 32 1772 11 1803 30 1844 7 1933 33 2028 12 2060 29 2100 6 2188 34 2285 11 2317 27 2357 5 2444 34 2541 11 2574 25 2615 3 2700 34 2798 10 2830 24 2872 1 2957 33 3056 7 3086 19 3213 33 3313 6 3341 18 3469 33 3597 18 3725 34 3852 19 3982 34 4108 18 4239 33 4363 19 4500 28 4619 20 4757 23 4875 24 5014 20 5131 25 5167 4 5270 19 5387 26 5422 6 5527 18 5643 29 5677 8 5784 16 5899 31 5934 7 6042 13 6155 32 6190 7 6299 11 6411 33 6447 4 6555 9 6667 34 6811 8 6924 33 7068 5 7181 32 7325 3 7437 33 7693 33 7949 15 7965 17 8205 13 8221 17 8451 4 8461 12 8477 18 8707 4 8717 10 8733 19 8963 4 8975 7 8989 20 9218 5 9245 20 9472 8 9501 20 9728 8 9758 19 9984 9 10015 18 10240 9 10272 17 10496 8 10521 3 10528 17 10752 7 10775 5 10785 16 10854 4 11008 7 11030 6 11041 16 11110 6 11264 7 11285 7 11299 13 11365 9 11520 7 11540 8 11557 10 11621 23 11776 8 11791 13 11815 7 11876 25 12032 29 12071 7 12132 26 12288 29 12327 7 12388 26 12544 30 12584 5 12644 27 12800 30 12842 1 12900 28 13056 30 13156 28 13312 31 13412 28 13568 31 13668 29 13824 31 13924 30 14080 31 14179 32 14336 31 14435 33 14592 32 14691 33 14848 33 14947 32 15104 35 15204 31 15360 36 15460 30 15616 39 15717 31 15872 41 15974 30 16128 41 16230 31 16384 42 16486 31 16640 42 16741 32 16896 42 16996 33 17152 42 17251 34 17408 43 17506 35 17664 43 17762 35 17920 43 18017 36 18176 43 18273 36 18432 15 18450 25 18528 37 18688 14 18706 26 18784 37 18944 14 18963 25 19039 37 19200 14 19219 25 19295 37 19456 15 19475 25 19542 6 19550 38 19712 43 19797 47 19968 42 20052 48 20224 41 20308 48 20480 40 20564 48 20736 40 20820 48 20992 40 21077 47 21248 43 21333 47 21504 45 21590 45 21760 40 21845 46 22016 40 22101 46 22272 39 22357 46 22528 38 22613 45 22784 39 22869 45 23040 39 23126 44 23296 40 23382 44 23552 40 23638 50 23808 40 23888 57 24064 41 24143 58 24320 40 24398 60 24576 40 24653 61 24817 5 24832 40 24909 50 24961 10 25072 7 25087 41 25164 50 25217 11 25327 9 25341 43 25420 50 25473 11 25527 10 25581 59 25675 49 25729 11 25781 16 25836 60 25932 47 25986 10 26035 21 26091 61 26188 46 26243 9 26290 23 26346 62 26444 46 26500 8 26545 25 26602 34 26638 26 26701 44 26758 5 26799 28 26858 34 26895 25 26957 15 26975 22 27015 2 27025 4 27054 29 27114 34 27151 25 27213 15 27231 20 27279 7 27309 31 27370 34 27408 23 27454 1 27469 15 27487 20 27534 16 27564 33 27626 34 27665 22 27708 7 27725 15 27744 19 27789 18 27820 33 27881 35 27921 22 27963 9 27981 15 28000 19 28044 20 28076 34 28130 42 28178 17 28218 10 28237 15 28256 19 28299 21 28332 34 28384 32 28419 9 28435 15 28474 10 28493 15 28512 18 28554 22 28588 34 28638 34 28676 8 28691 14 28729 11 28748 15 28768 17 28809 24 28845 33 28894 34 28933 7 28948 12 28985 11 29004 15 29024 17 29061 28 29101 33 29149 35 29189 6 29205 10 29241 12 29261 13 29280 16 29316 29 29358 32 29402 38 29447 3 29462 8 29497 12 29517 13 29536 16 29572 29 29614 32 29657 20 29678 18 29719 6 29752 13 29782 2 29793 15 29828 29 29870 32 29913 18 29935 17 29975 6 30008 13 30049 14 30075 4 30083 30 30126 32 30169 17 30192 16 30233 2 30264 12 30305 14 30330 6 30338 31 30382 31 30432 7 30449 15 30520 12 30562 13 30585 40 30638 31 30706 14 30776 12 30818 12 30841 40 30894 30 30962 14 31031 14 31073 13 31096 40 31150 29 31219 13 31286 16 31329 11 31352 40 31398 2 31406 29 31476 12 31542 16 31586 9 31607 41 31662 29 31732 12 31797 19 31842 8 31863 40 31918 29 31988 12 32053 20 32099 6 32118 40 32174 30 32245 11 32308 23 32374 40 32430 30 32479 4 32503 9 32561 25 32630 39 32686 30 32733 6 32762 6 32815 23 32886 38 32942 30 32988 8 33020 4 33068 25 33142 37 33199 28 33240 13 33276 4 33322 27 33398 37 33456 26 33495 16 33516 5 33526 3 33532 4 33577 28 33653 37 33713 24 33750 18 33772 20 33831 31 33909 37 33970 22 34006 19 34028 20 34087 31 34165 37 34226 22 34261 21 34283 21 34343 32 34410 1 34421 37 34482 22 34517 43 34599 31 34676 37 34738 22 34773 42 34855 31 34932 37 34994 22 35029 42 35112 30 35188 36 35250 22 35285 42 35369 29 35443 37 35496 6 35506 22 35541 42 35626 28 35699 37 35751 8 35763 21 35797 42 35881 29 35954 37 36006 9 36019 21 36053 42 36137 31 36211 36 36261 11 36276 20 36309 43 36389 36 36468 35 36516 12 36533 19 36565 43 36643 39 36725 34 36772 13 36791 6 36804 3 36821 43 36898 40 36983 32 37028 13 37077 43 37153 41 37241 30 37284 13 37331 23 37356 20 37409 41 37499 26 37541 13 37586 24 37613 19 37665 41 37756 24 37798 13 37841 25 37870 18 37921 41 38013 22 38055 12 38096 26 38127 16 38177 41 38276 1 38285 5 38313 11 38351 28 38385 14 38432 42 38570 11 38606 30 38642 13 38687 43 38826 11 38862 31 38899 12 38942 43 39083 9 39118 31 39156 12 39197 44 39339 8 39374 31 39412 12 39453 37 39493 4 39597 4 39630 31 39669 10 39709 37 39749 5 39885 33 39926 8 39965 36 40006 5 40141 33 40221 37 40261 7 40397 32 40477 48 40653 32 40733 48 40909 31 40988 48 41164 31 41244 48 41420 30 41500 47 41676 29 41756 46 41932 28 42012 47 42188 28 42269 46 42444 28 42525 46 42700 28 42781 45 42956 28 43037 44 43212 28 43293 44 43468 27 43549 43 43724 27 43806 42 43980 27 44062 41 44236 26 44319 39 44493 23 44575 36 44750 9 44766 5 44831 33 45006 7 45087 32 45264 4 45344 30 45600 29 45856 28 46112 27 46369 25 46625 25 46880 26 47136 26 47353 7 47391 26 47609 7 47647 26 47864 8 47903 24 48120 8 48160 5 48171 10 48376 8 48429 7 48632 8 48662 7 48684 8 48888 8 48916 9 48940 8 49144 8 49172 10 49195 9 49400 8 49428 10 49451 8 49656 8 49685 9 49707 8 49912 8 49942 8 49964 6 50168 8 50199 6 50222 2 50424 8 50680 8 50937 7 51193 7 51450 6 51707 5 56417 2 56671 5 56926 7 57180 11 57435 13 57688 17 57943 19 58198 21 58453 24 58709 25 58964 27 59219 29 59475 30 59730 31 59986 33 60241 35 60423 6 60497 36 60678 11 60752 38 60933 14 61008 39 61188 17 61264 40 61444 18 61520 40 61700 20 61778 39 61955 23 62035 38 62211 23 62291 38 62467 24 62547 38 62722 25 62803 37 62978 26 63059 37 63235 25 63315 37 63492 25 63571 36 63749 24 63826 36 64005 25 64082 35 64262 24 64338 35 64519 23 64595 33 64776 21 64852 32 65032 21 65108 32 65289 19 65366 29
000052,0 65536
000053,0 65536
000054,0 65536
000055,0 65536
000056,0 65536
000057,0 65536
000058,0 65536
000059,0 65536
000060, 
000061,0 65536
000062, 
000063, 
000064,0 65536
000065, 
000066, 
000067,0 65536
000068,0 65536
000069,0 65536
000070,0 65536
000071,18695 2 18950 4 19207 3
000072,0 65536
000073,0 65536
000074,0 65536
000075,0 65536
000076,0 65536
000077,0 2 101 15 117 34 256 2 352 56 512 1 607 57 863 57 1119 58 1374 59 1629 59 1885 59 2141 59 2396 60 2652 60 2909 59 3162 63 3416 66 3672 68 3742 3 3927 76 4183 77 4439 78 4695 83 4951 85 5207 85 5464 84 5720 6 5731 73 5987 72 6243 71 6499 71 6754 71 7012 68 7271 65 7527 65 7783 65 7918 6 8039 65 8171 10 8183 6 8295 65 8427 20 8551 64 8682 22 8807 64 8939 21 9063 63 9173 4 9195 21 9319 62 9427 6 9452 20 9576 60 9681 7 9708 20 9832 60 9937 7 9965 19 10087 60 10192 7 10220 20 10342 5 10349 54 10447 8 10471 1 10475 21 10594 10 10605 54 10703 9 10726 3 10730 22 10846 14 10861 54 10959 9 10981 27 11101 69 11216 9 11237 27 11356 70 11473 8 11494 26 11611 70 11728 11 11752 24 11866 70 11982 14 12009 23 12121 70 12237 16 12266 22 12377 68 12492 17 12522 22 12631 70 12748 18 12778 22 12887 70 13004 19 13034 22 13141 71 13261 19 13290 22 13397 68 13518 19 13545 23 13652 69 13777 1 13780 18 13800 24 13907 70 14038 42 14162 72 14293 43 14417 74 14549 43 14671 77 14803 45 14925 79 15058 46 15180 80 15314 46 15436 80 15570 46 15692 80 15826 46 15948 80 16083 45 16205 78 16339 45 16461 77 16588 3 16597 43 16718 75 16842 7 16854 42 16974 73 17097 10 17110 42 17230 73 17353 11 17366 42 17486 72 17609 55 17741 74 17864 56 17997 75 18120 56 18252 79 18375 57 18508 80 18630 58 18765 67 18834 10 18886 58 19021 63 19091 9 19142 58 19277 23 19308 30 19347 9 19398 58 19533 22 19565 29 19603 9 19654 58 19790 20 19821 28 19858 10 19910 58 20046 19 20077 27 20113 10 20161 63 20303 18 20334 25 20369 11 20416 64 20560 17 20590 23 20625 11 20672 64 20817 16 20847 13 20865 3 20881 12 20929 63 21074 15 21105 9 21137 12 21185 63 21330 16 21361 7 21394 10 21442 62 21588 15 21618 4 21651 9 21698 62 21845 7 21857 2 21909 7 21954 62 22114 1 22166 4 22211 61 22467 66 22723 74 22950 8 22978 76 23204 13 23228 82 23319 3 23460 106 23574 6 23715 107 23829 7 23970 109 24085 7 24226 109 24341 7 24482 110 24597 7 24738 110 24853 7 24993 112 25110 6 25249 112 25366 7 25504 114 25622 8 25760 126 26016 127 26272 127 26528 127 26784 88 26880 31 27041 85 27136 31 27297 82 27392 31 27553 81 27648 31 27810 79 27904 31 28064 81 28160 31 28319 83 28416 30 28574 84 28672 29 28830 85 28928 28 29086 85 29184 26 29342 85 29440 25 29598 84 29696 24 29854 84 29952 23 30110 84 30208 13 30366 83 30464 12 30621 83 30720 11 30876 79 30976 10 31131 79 31232 6 31387 77 31488 6 31644 75 31744 5 31900 74 32000 4 32157 72 32256 4 32413 71 32512 3 32669 70 32768 2 32925 70 33019 1 33024 2 33148 1 33180 71 33273 5 33280 2 33402 5 33435 71 33529 6 33536 1 33657 7 33686 76 33785 6 33911 9 33940 78 34043 5 34165 12 34195 79 34282 2 34300 4 34420 14 34450 79 34538 3 34557 3 34675 16 34705 80 34794 5 34810 6 34922 4 34928 20 34959 81 35051 5 35064 8 35178 4 35183 23 35215 64 35282 8 35292 3 35306 7 35317 11 35435 27 35470 64 35547 4 35562 22 35692 27 35726 63 35802 7 35817 23 35949 27 35982 63 36057 10 36071 25 36207 25 36238 63 36312 40 36465 23 36493 63 36568 40 36722 23 36748 64 36824 40 36979 90 37080 40 37221 4 37236 140 37476 6 37494 2 37500 94 37597 35 37731 9 37760 90 37855 33 37987 10 38018 88 38112 32 38242 12 38277 86 38368 32 38498 12 38534 122 38754 12 38789 123 39010 11 39044 124 39266 11 39296 128 39523 10 39552 128 39779 10 39808 127 40035 7 40064 124 40290 6 40320 123 40546 4 40576 123 40802 3 40832 122 41089 120 41345 112 41458 6 41601 110 41856 109 42111 113 42366 115 42621 116 42876 118 43132 93 43227 23 43387 93 43484 23 43643 93 43740 23 43899 92 43997 22 44155 92 44253 22 44412 91 44509 22 44667 91 44766 21 44923 91 45022 21 45179 90 45279 10 45292 6 45435 88 45536 8 45550 3 45691 87 45793 5 45947 86 46204 84 46460 83 46717 81 46973 39 47014 12 47028 26 47229 37 47270 5 47286 24 47486 36 47529 2 47543 23 47742 35 47801 20 47998 35 48059 16 48257 32 48291 3 48324 4 48514 31 48546 4 48769 32 48802 5 49025 40 49281 50 49339 1 49537 51 49593 5 49793 51 49848 6 50049 51 50103 8 50306 61 50563 60 50819 60 51075 60 51331 61 51588 60 51824 4 51844 62 51963 5 52079 8 52101 64 52211 13 52324 21 52357 67 52464 16 52579 23 52613 68 52718 18 52834 28 52868 76 52972 20 53089 31 53124 76 53226 22 53345 112 53481 23 53594 4 53600 113 53737 23 53849 121 53993 23 54103 123 54249 23 54358 123 54506 22 54613 124 54762 22 54867 111 54982 11 55018 22 55122 111 55240 8 55274 22 55376 112 55496 7 55530 22 55631 110 55753 5 55786 22 55884 111 56009 5 56042 22 56139 110 56263 8 56298 22 56393 111 56518 11 56556 20 56648 111 56773 13 56814 18 56902 112 57029 13 57076 12 57156 114 57284 13 57334 10 57411 114 57537 16 57591 9 57666 114 57792 16 57831 3 57848 8 57922 114 58047 18 58087 5 58104 8 58178 113 58303 18 58343 5 58361 7 58433 114 58559 17 58599 5 58618 6 58688 115 58816 16 58856 4 58877 1 58944 116 59072 15 59113 2 59199 118 59328 14 59455 119 59586 11 59711 119 59846 6 59967 120 60224 120 60487 114 60744 113 61001 112 61258 110 61516 107 61695 1 61778 100 61949 3 62035 99 62205 3 62294 96 62460 4 62554 92 62716 4 62811 91 62972 4 63069 88 63229 3 63326 86 63583 81 63840 79 64097 78 64354 77 64611 76 64868 75 65124 46 65171 27 65387 15 65405 20 65428 26
000078,0 65536
000079,28 52 285 54 541 55 797 58 1053 60 1310 60 1567 60 1823 60 2079 60 2335 59 2591 59 2844 1 2847 57 3074 4 3100 1 3104 10 3117 42 3328 9 3361 8 3373 41 3584 11 3629 40 3840 12 3857 2 3885 40 4096 13 4111 12 4141 37 4352 30 4398 36 4608 32 4642 5 4655 33 4864 41 4912 32 5120 42 5170 29 5376 43 5427 18 5449 4 5632 44 5685 15 5888 45 5941 14 6144 45 6199 12 6400 45 6455 13 6656 46 6711 14 6912 46 6967 14 7168 46 7222 15 7424 47 7478 14 7680 47 7734 14 7936 48 7990 13 8192 50 8245 4 8253 4 8448 56 8704 56 8960 56 9216 56 9472 55 9728 53 9984 51 10240 50 10496 49 10752 47 11008 47 11264 46 11520 45 11776 45 12033 44 12290 42 12546 41 12802 40 13058 40 13312 42 13568 42 13824 43 14080 45 14336 46 14592 46 14848 46 15104 46 15360 46 15616 45 15872 10 15884 33 16128 10 16141 12 16154 19 16384 9 16397 11 16411 18 16440 1 16640 9 16654 10 16667 18 16896 9 16911 7 16924 17 17152 7 17168 30 17408 6 17425 29 17664 5 17683 27 17920 5 17939 26 18176 5 18195 26 18432 4 18451 25 18688 6 18707 24 18944 7 18963 23 19200 8 19219 21 19456 9 19476 19 19712 11 19733 9 19745 5 19968 12 19991 6 20002 3 20224 14 20248 4 20480 16 20497 1 20736 19 20992 19 21248 20 21504 21 21760 22 22016 24 22272 24 22528 25 22784 25 23040 25 23269 2 23296 26 23524 3 23552 26 23777 1 23780 3 23808 28 24033 4 24064 29 24289 3 24320 30 24545 4 24576 30 24803 2 24832 30 25058 6 25088 30 25313 8 25344 30 25402 4 25569 9 25600 30 25655 12 25825 10 25856 31 25900 24 26081 10 26112 31 26153 28 26272 4 26336 12 26368 32 26408 29 26528 4 26592 12 26624 32 26662 31 26784 3 26848 12 26880 69 27040 3 27104 11 27136 69 27296 4 27360 8 27392 69 27552 4 27617 5 27648 69 27808 3 27820 2 27873 3 27904 70 28063 4 28074 6 28160 71 28318 5 28328 9 28416 71 28574 6 28582 12 28672 71 28829 21 28928 71 29085 21 29184 71 29340 22 29440 71 29596 23 29696 71 29851 24 29952 72 30106 26 30208 72 30361 28 30464 72 30617 28 30720 72 30874 28 30976 72 31130 29 31232 71 31386 30 31422 4 31488 66 31642 32 31677 7 31744 65 31898 45 32000 65 32154 46 32256 38 32297 25 32411 45 32512 37 32555 23 32673 40 32768 36 32812 22 32929 41 33024 36 33071 19 33184 43 33280 36 33328 17 33440 44 33536 35 33588 12 33695 46 33792 34 33845 10 33951 46 34048 34 34102 8 34207 46 34304 25 34333 3 34358 7 34462 48 34560 24 34598 3 34616 3 34718 48 34816 24 34851 8 34974 48 35072 24 35105 10 35230 48 35328 25 35358 13 35485 48 35584 43 35741 48 35840 42 35997 48 36096 42 36253 47 36352 42 36510 46 36608 42 36766 46 36864 41 37022 45 37120 41 37278 44 37376 40 37534 44 37632 39 37790 43 37888 38 38046 43 38144 37 38302 42 38403 29 38559 40 38661 26 38815 40 38870 5 38928 11 39051 4 39072 39 39125 7 39186 7 39306 6 39328 39 39380 9 39443 4 39562 6 39584 39 39624 2 39635 10 39817 8 39840 44 39890 11 40073 8 40096 45 40146 10 40328 9 40352 46 40401 10 40583 10 40608 58 40838 11 40864 57 41093 12 41121 55 41349 13 41377 54 41605 13 41634 45 41695 1 41862 13 41890 44 41947 7 42119 13 42146 42 42202 9 42375 13 42403 40 42457 11 42632 13 42660 38 42713 11 42889 13 42919 34 42969 11 43145 16 43176 31 43225 10 43401 16 43433 29 43481 9 43657 15 43689 28 43737 8 43913 14 43946 26 43993 7 44169 13 44202 24 44250 5 44424 14 44458 21 44506 4 44646 4 44680 15 44714 21 44901 6 44936 15 44970 21 45157 10 45193 13 45226 20 45413 11 45449 14 45483 18 45669 12 45705 14 45740 15 45925 12 45962 13 45997 13 46181 11 46218 14 46255 9 46439 8 46474 14 46512 7 46695 7 46730 14 46769 5 46952 6 46987 12 47209 2 47243 12 47500 11 47756 11 48012 11 48268 11 48524 11 48780 12 49037 12 49294 17 49330 4 49552 17 49585 7 49809 16 49840 10 50066 16 50095 11 50321 19 50349 14 50576 20 50601 18 50764 3 50832 20 50856 20 51019 5 51087 21 51112 20 51274 7 51343 22 51367 20 51530 8 51599 42 51785 9 51855 41 52041 9 52111 40 52297 9 52367 40 52552 11 52623 39 52808 11 52879 39 53065 10 53136 38 53321 11 53393 37 53578 11 53650 36 53834 11 53906 36 54090 11 54163 35 54346 10 54419 35 54602 10 54674 36 54858 9 54930 36 55115 4 55186 36 55442 2 55449 28 55707 25 55967 20 56224 18 56480 16 56736 11 56993 9 57250 8 57507 6 57764 4 58021 3 63857 7 64112 9 64368 9 64623 10 64651 6 64878 11 64905 15 65135 10 65161 12 65174 1 65391 10 65416 13
000080,58470 4 58724 7 58978 9 59234 10 59490 10 59747 9 60004 7 60261 5
000081,0 65536
000082,0 116 244 128 501 127 757 126 1013 20 1036 103 1269 20 1293 101 1525 19 1549 100 1781 19 1807 98 2038 18 2065 95 2295 17 2322 62 2385 31 2552 16 2579 57 2641 32 2808 17 2836 57 2897 32 3064 17 3094 54 3152 33 3319 18 3351 50 3407 34 3573 20 3609 47 3665 33 3826 23 3867 41 3921 33 4080 26 4126 35 4178 32 4334 18 4354 8 4383 33 4435 31 4587 21 4611 8 4621 2 4639 34 4692 30 4841 23 4869 11 4895 35 4949 28 5079 1 5095 25 5126 11 5150 37 5206 26 5332 7 5348 28 5385 8 5405 39 5463 25 5587 10 5603 29 5641 8 5660 41 5704 3 5720 24 5842 13 5858 30 5897 8 5915 43 5959 4 5977 22 6097 47 6153 8 6170 49 6234 20 6353 50 6410 7 6426 50 6492 1 6499 5 6507 2 6608 52 6666 7 6682 50 6864 52 6922 6 6937 53 7120 52 7179 4 7193 54 7375 53 7449 55 7629 55 7685 1 7705 55 7884 52 7939 5 7961 55 8140 52 8195 5 8217 55 8322 4 8395 53 8452 5 8473 55 8575 9 8650 54 8709 4 8729 55 8829 12 8905 55 8966 2 8986 54 9083 16 9161 55 9242 53 9339 17 9417 55 9498 53 9589 3 9593 23 9673 55 9755 52 9844 31 9928 56 10011 57 10100 31 10185 55 10267 59 10356 32 10441 55 10523 65 10597 8 10612 33 10696 56 10779 68 10851 11 10868 34 10952 56 11035 69 11105 14 11123 37 11208 56 11291 3 11299 77 11378 38 11464 56 11546 3 11556 117 11723 53 11800 5 11813 116 11980 52 12054 6 12069 116 12236 52 12310 6 12326 115 12493 51 12565 9 12575 2 12582 115 12751 49 12821 132 13008 48 13076 133 13264 48 13330 136 13519 49 13585 138 13776 48 13840 140 14032 48 14095 142 14288 48 14351 142 14545 5 14555 37 14607 142 14811 195 15067 195 15321 104 15427 91 15575 105 15684 90 15831 105 15941 88 16087 198 16343 196 16600 194 16857 192 17113 191 17369 190 17626 189 17882 186 18070 2 18139 184 18396 110 18507 7 18518 61 18653 107 18764 5 18774 61 18909 106 19030 60 19165 105 19286 60 19419 107 19541 62 19675 108 19797 62 19931 37 19969 71 20052 63 20187 37 20225 72 20308 64 20443 37 20481 73 20564 64 20700 36 20737 73 20821 63 20955 37 20993 5 21000 67 21079 60 21210 38 21251 1 21256 67 21337 58 21463 41 21512 67 21594 57 21718 42 21768 68 21851 39 21891 15 21973 43 22023 69 22107 34 22142 3 22149 12 22229 43 22279 69 22364 35 22407 7 22485 43 22535 70 22621 34 22740 44 22792 69 22877 34 22996 44 23048 70 23133 35 23252 44 23305 70 23389 35 23508 44 23562 70 23645 35 23757 51 23819 70 23901 35 24012 52 24075 71 24156 36 24268 52 24331 72 24412 35 24524 52 24588 72 24667 36 24780 52 24844 73 24923 36 25036 52 25100 73 25179 35 25294 50 25355 75 25435 35 25550 50 25611 75 25692 34 25808 48 25867 76 25948 35 26064 48 26124 76 26204 36 26321 47 26381 75 26461 38 26577 47 26637 75 26717 39 26834 6 26845 35 26893 76 26973 40 27090 5 27103 33 27150 76 27230 39 27347 3 27360 32 27406 76 27486 40 27616 32 27662 77 27742 40 27873 31 27919 76 27998 40 28129 31 28177 73 28255 40 28386 30 28434 72 28511 40 28643 29 28691 71 28768 39 28900 28 28947 71 29025 38 29157 27 29203 71 29281 38 29415 25 29459 71 29538 36 29672 24 29715 71 29795 35 29929 23 29972 70 30052 34 30185 23 30228 69 30314 28 30441 23 30484 69 30571 27 30697 23 30741 67 30829 24 30954 22 30997 66 31087 21 31209 23 31254 58 31313 2 31346 17 31465 23 31510 57 31602 16 31721 23 31766 55 31859 13 31977 23 32022 53 32115 10 32233 23 32278 52 32358 6 32373 5 32489 23 32535 51 32613 8 32746 22 32791 50 32868 9 33002 22 33047 50 33123 11 33258 22 33303 47 33379 11 33515 21 33559 46 33634 13 33771 21 33815 44 33889 15 34028 20 34071 43 34145 15 34284 20 34327 42 34401 16 34541 19 34583 42 34657 16 34798 18 34838 43 34914 14 35056 9 35093 44 35171 13 35313 7 35349 44 35427 12 35605 44 35683 11 35861 43 35940 8 36118 41 36196 6 36375 39 36454 2 36632 36 36889 4 36897 25 37155 23 37412 22 37669 22 37925 22 38182 21 38439 19 38697 16 38955 11 39212 10 39469 8 39726 7 39984 3 51296 6 51551 8 51807 10 52062 12 52318 12 52573 14 52829 15 52855 6 53085 15 53110 10 53339 17 53366 12 53593 19 53621 13 53711 4 53847 21 53877 15 53963 9 54102 23 54132 17 54217 12 54357 25 54387 22 54466 19 54612 27 54642 24 54720 21 54790 6 54867 28 54897 26 54976 20 55045 8 55123 28 55153 26 55231 21 55301 10 55378 28 55409 26 55487 21 55556 12 55628 3 55633 29 55665 27 55743 20 55812 12 55884 34 55920 27 55999 20 56064 16 56143 29 56175 28 56255 20 56320 16 56401 27 56431 28 56512 18 56576 17 56657 27 56685 31 56768 18 56832 18 56914 59 57025 16 57088 20 57171 59 57281 15 57344 21 57429 58 57537 12 57600 22 57687 11 57700 43 57793 10 57856 24 57942 58 58050 8 58112 26 58196 60 58308 4 58368 28 58450 65 58624 28 58706 67 58880 28 58961 69 59136 28 59217 77 59392 27 59473 78 59557 4 59648 26 59728 80 59812 6 59904 25 59980 84 60068 6 60160 24 60234 87 60325 6 60416 23 60478 1 60489 102 60672 17 60733 5 60745 103 60928 17 60989 5 60999 104 61184 17 61238 4 61245 113 61440 17 61478 3 61493 7 61502 112 61696 18 61733 5 61749 7 61759 111 61952 19 61989 6 62005 7 62015 111 62208 19 62244 8 62261 7 62271 110 62464 20 62501 8 62517 120 62720 20 62758 7 62773 121 62976 20 63015 7 63026 124 63232 26 63271 9 63281 125 63417 9 63488 27 63527 136 63672 12 63744 28 63784 136 63928 13 64000 28 64041 135 64184 13 64256 28 64301 131 64440 13 64512 27 64558 131 64696 14 64768 25 64814 132 64953 13 65024 24 65071 131 65209 12 65280 22 65327 131 65465 12
000083,0 65536
000084,0 65536
000085,61133 3 61387 7 61642 8 61897 10 62152 12 62408 12 62664 12 62920 11 63177 7 64665 4 64920 6 65176 6 65433 5
000086, 
000087,0 65536
000088,0 65536
000089,0 18 60 19 88 47 231 43 313 3 317 18 344 47 487 44 568 22 599 49 743 46 816 5 822 23 854 50 914 3 999 47 1049 2 1071 30 1109 51 1169 6 1255 55 1326 32 1364 53 1425 7 1511 57 1581 34 1619 54 1678 10 1768 58 1836 93 1931 14 2024 58 2091 111 2280 59 2346 112 2536 59 2598 117 2792 58 2854 117 3048 58 3111 117 3304 57 3367 117 3559 58 3624 117 3814 59 3880 117 4069 59 4137 117 4324 61 4393 116 4579 64 4649 116 4834 66 4905 116 5090 68 5159 118 5346 188 5602 188 5858 188 6114 188 6369 189 6623 192 6879 192 7134 193 7389 195 7644 197 7899 199 8155 199 8411 199 8668 198 8924 190 9117 5 9180 27 9212 157 9374 4 9436 27 9469 155 9692 26 9726 152 9947 25 9982 150 10203 24 10238 149 10458 24 10493 150 10714 24 10748 151 10969 25 11004 151 11225 25 11260 150 11480 27 11515 151 11736 28 11771 151 11992 29 12026 151 12249 29 12283 148 12506 29 12539 144 12762 29 12795 143 12983 3 13019 29 13051 14 13067 129 13237 9 13252 4 13275 29 13306 14 13326 118 13447 6 13492 11 13507 6 13531 30 13562 13 13584 32 13617 78 13698 1 13702 8 13748 24 13787 44 13842 30 13873 76 13958 9 14004 25 14041 45 14098 30 14129 75 14214 9 14260 27 14295 6 14305 34 14355 28 14385 72 14470 9 14516 27 14550 7 14562 30 14611 27 14641 71 14727 9 14773 28 14802 11 14821 27 14866 13 14883 11 14897 49 14949 19 14984 8 15006 3 15029 41 15080 24 15122 12 15141 8 15153 47 15207 10 15241 7 15261 5 15283 42 15345 15 15378 9 15398 7 15410 44 15463 9 15498 6 15517 5 15537 43 15601 15 15635 7 15655 5 15666 42 15720 7 15756 2 15774 4 15792 44 15856 16 15892 5 15922 40 15977 5 16030 4 16047 45 16111 17 16178 40 16233 5 16303 46 16367 17 16434 39 16490 3 16558 48 16622 18 16690 38 16744 5 16815 50 16879 17 16947 37 17000 6 17071 51 17136 16 17204 35 17256 6 17328 51 17392 16 17461 34 17512 6 17585 50 17649 15 17716 34 17768 5 17842 49 17907 13 17972 33 18026 2 18099 48 18164 12 18227 35 18295 2 18356 47 18421 11 18482 37 18549 5 18613 46 18677 11 18738 39 18805 6 18869 45 18933 11 18993 41 19060 7 19125 43 19189 11 19249 41 19315 8 19381 42 19446 10 19505 42 19571 8 19637 42 19702 7 19761 41 19826 9 19893 41 19960 3 20017 41 20082 10 20149 40 20273 40 20338 10 20406 28 20439 4 20529 30 20594 10 20662 28 20747 6 20786 28 20850 10 20919 27 21001 9 21042 27 21105 11 21176 25 21256 10 21298 27 21362 10 21433 25 21503 1 21511 12 21553 28 21619 8 21691 23 21757 3 21767 13 21808 29 21878 1 21940 31 21972 4 22011 5 22023 14 22063 29 22195 38 22267 5 22279 14 22319 28 22448 42 22522 6 22534 16 22576 3 22583 18 22702 45 22777 7 22790 19 22814 2 22841 9 22956 47 23032 8 23045 29 23098 5 23211 48 23288 8 23301 30 23467 48 23543 9 23557 30 23722 49 23799 9 23813 30 23978 49 24055 9 24070 29 24234 49 24310 10 24326 29 24489 50 24566 10 24582 29 24745 51 24821 11 24838 29 24989 3 24994 58 25075 13 25095 28 25244 64 25329 15 25351 29 25499 66 25584 16 25607 29 25755 67 25840 16 25864 28 26011 67 26096 16 26120 28 26268 67 26352 16 26377 28 26525 66 26608 16 26634 27 26761 2 26781 66 26865 15 26890 27 27015 7 27035 68 27121 15 27146 27 27270 10 27289 70 27378 14 27402 26 27525 12 27543 72 27635 13 27658 26 27720 1 27780 91 27892 12 27915 24 27973 6 28035 92 28151 9 28171 24 28228 7 28291 92 28409 7 28427 24 28482 10 28546 92 28666 6 28683 24 28737 12 28802 92 28923 5 28940 22 28993 12 29058 92 29179 5 29196 22 29249 13 29313 93 29436 4 29453 21 29505 13 29570 91 29692 4 29709 20 29761 13 29826 90 29948 4 29967 17 30017 13 30082 90 30204 4 30225 14 30273 13 30329 4 30339 20 30361 65 30460 4 30484 10 30529 12 30584 29 30617 65 30716 4 30742 6 30786 11 30838 30 30873 64 30972 4 30999 5 31043 9 31093 31 31128 65 31229 3 31257 2 31304 4 31348 32 31384 65 31487 1 31562 1 31602 34 31639 66 31857 36 31895 65 32112 104 32368 104 32623 105 32879 104 33135 104 33391 103 33647 103 33882 6 33904 102 34137 8 34160 101 34393 10 34415 102 34648 12 34671 102 34903 15 34919 7 34927 101 35157 124 35412 123 35667 124 35922 125 36177 126 36433 126 36689 126 36945 127 37201 127 37457 127 37713 112 37827 12 37969 110 38225 109 38481 108 38736 107 38991 107 39245 90 39337 17 39500 89 39594 15 39755 89 39852 13 40009 91 40110 10 40264 91 40367 8 40519 92 40775 92 41030 92 41286 92 41541 92 41797 92 42053 91 42304 96 42559 67 42627 30 42815 65 42884 29 43071 55 43128 3 43141 28 43327 55 43397 28 43582 55 43652 29 43838 55 43907 30 44095 54 44163 29 44351 53 44418 29 44608 51 44674 28 44864 44 44912 1 44930 28 45121 43 45185 28 45378 42 45441 28 45634 42 45697 27 45890 42 45943 5 45952 27 46148 39 46198 31 46405 37 46454 30 46663 34 46710 30 46919 32 46966 30 47176 12 47191 5 47201 2 47222 31 47434 8 47448 3 47478 31 47619 2 47734 31 47872 7 47906 1 47990 31 48128 7 48159 6 48177 4 48246 31 48384 7 48414 8 48427 19 48502 31 48640 8 48668 36 48758 31 48896 8 48923 37 49015 30 49152 8 49178 39 49271 30 49408 8 49433 41 49528 29 49664 8 49687 43 49784 29 49920 8 49942 44 50041 28 50176 8 50197 45 50299 26 50432 8 50452 47 50558 23 50688 8 50708 47 50816 20 50944 8 50964 47 51073 18 51200 9 51219 47 51330 15 51456 10 51474 48 51588 4 51712 68 51900 4 51968 69 52155 6 52224 70 52409 9 52480 72 52664 11 52736 74 52919 12 52992 75 53175 12 53248 76 53431 13 53504 77 53686 14 53711 3 53760 78 53942 15 53966 5 54016 78 54198 20 54222 7 54230 5 54272 78 54453 24 54478 14 54528 79 54709 40 54784 79 54964 41 55040 80 55220 42 55296 74 55373 3 55388 1 55476 42 55552 73 55630 1 55644 2 55660 1 55732 42 55808 73 55898 6 55914 6 55988 41 56064 73 56154 6 56169 9 56244 41 56320 74 56409 9 56422 15 56500 41 56576 74 56665 30 56756 41 56832 75 56920 32 57013 39 57088 76 57176 33 57271 37 57344 77 57432 33 57527 36 57600 77 57688 33 57783 35 57856 78 57944 32 58039 33 58095 2 58112 78 58199 33 58295 27 58331 3 58349 6 58368 79 58456 31 58551 26 58586 5 58604 8 58624 80 58712 30 58807 26 58842 10 58859 10 58880 81 58968 30 59063 25 59098 12 59112 14 59136 81 59225 29 59319 25 59354 29 59392 82 59481 29 59575 29 59609 31 59648 82 59737 29 59832 64 59904 82 59993 29 60088 64 60160 82 60249 30 60344 65 60416 82 60504 31 60601 64 60672 82 60759 34 60858 64 60928 81 61015 37 61115 63 61184 81 61270 39 61372 9 61383 51 61440 81 61526 41 61629 7 61639 51 61696 81 61782 42 61866 5 61894 52 61952 82 62038 44 62120 10 62150 52 62208 82 62294 44 62375 12 62405 53 62464 83 62551 44 62630 14 62658 56 62720 18 62740 64 62808 44 62886 15 62909 62 62976 17 62997 63 63065 43 63142 17 63163 56 63220 6 63232 16 63254 62 63324 1 63328 37 63397 76 63478 4 63488 15 63510 62 63584 37 63653 76 63744 14 63765 63 63840 39 63909 76 64000 13 64021 63 64088 5 64095 43 64165 76 64256 13 64276 64 64343 52 64421 77 64512 12 64532 120 64676 79 64768 11 64788 121 64932 79 65024 11 65043 123 65188 79 65280 10 65299 123 65444 79
000090, 
000091,58283 2 58539 3 58794 4 59050 4 59306 4 59562 3 59818 3
000092,0 65536
000093,0 65536
000094,0 65536
000095,0 65536
000096,0 65536
000097, 
000098,248 8 504 8 760 8 1016 8 1272 8 1528 8 1784 8 2040 8 2296 8 2552 8 2808 8 3064 8 3321 7 3577 7 3833 7 4088 8 4343 9 4598 10 4854 10 5110 10 5367 9 5624 8 5880 8 6136 8 6392 8 6647 9 6903 9 7159 9 7414 10 7671 9 7922 2 7927 9 8184 8 8442 6
000099,0 8 26 33 67 26 99 12 150 24 182 74 257 7 282 32 324 24 352 16 407 22 437 75 538 32 581 23 606 18 663 21 693 75 794 31 838 43 919 14 949 75 1050 30 1095 42 1171 13 1205 38 1244 36 1305 31 1352 41 1426 12 1461 37 1504 32 1561 15 1579 13 1609 40 1681 13 1717 37 1761 31 1817 15 1836 12 1866 38 1936 14 1973 12 1994 16 2018 30 2073 14 2094 10 2123 37 2192 14 2229 10 2250 16 2275 29 2329 13 2355 3 2380 36 2448 15 2485 9 2508 14 2532 28 2585 12 2636 36 2704 16 2742 7 2765 12 2788 28 2840 10 2892 37 2960 18 2999 5 3025 6 3045 27 3097 7 3147 38 3200 3 3217 18 3301 27 3354 5 3404 38 3455 5 3475 16 3558 26 3660 39 3710 6 3732 16 3814 26 3915 41 3966 6 3989 15 4070 26 4170 44 4221 7 4245 16 4326 26 4426 46 4473 11 4501 16 4582 26 4662 2 4681 59 4757 16 4838 26 4916 6 4937 60 5013 15 5094 26 5171 9 5193 64 5269 13 5351 25 5427 10 5448 66 5524 12 5608 24 5682 12 5704 67 5780 11 5864 24 5937 14 5962 65 6036 10 6057 5 6121 23 6193 14 6219 64 6288 1 6291 10 6312 8 6326 3 6350 2 6377 23 6449 14 6477 80 6567 19 6605 6 6635 3 6642 14 6705 13 6734 78 6823 20 6861 7 6900 12 6962 10 6991 77 7078 22 7117 8 7157 11 7218 6 7248 75 7334 22 7373 9 7414 10 7505 26 7541 37 7590 22 7629 9 7671 9 7763 24 7799 34 7846 22 7885 9 7927 9 8019 24 8060 28 8101 23 8141 8 8183 9 8276 23 8318 20 8346 4 8357 23 8398 7 8439 9 8532 24 8575 19 8600 36 8654 6 8696 8 8789 23 8831 18 8856 35 8912 1 8952 8 9045 9 9059 10 9087 17 9111 35 9208 8 9302 8 9319 6 9343 17 9367 30 9435 1 9456 15 9472 6 9548 3 9559 8 9576 6 9599 15 9622 32 9690 5 9711 12 9728 8 9803 5 9815 8 9832 6 9855 14 9878 32 9945 7 9967 11 9984 9 10058 7 10071 9 10089 5 10111 10 10134 33 10190 4 10201 9 10223 11 10240 10 10314 8 10326 11 10346 4 10366 10 10390 33 10445 6 10458 9 10470 6 10479 11 10496 10 10570 9 10581 13 10602 4 10609 5 10622 10 10646 33 10690 6 10699 9 10714 19 10735 10 10752 10 10826 25 10858 5 10865 6 10878 11 10903 32 10945 20 10971 6 10979 12 10992 9 11008 9 11082 27 11112 6 11120 7 11133 12 11159 32 11201 21 11229 3 11234 13 11248 9 11264 9 11338 36 11376 7 11389 12 11415 32 11456 23 11490 23 11520 8 11595 35 11632 7 11645 12 11671 31 11712 23 11746 23 11776 7 11852 34 11888 8 11900 13 11927 30 11967 25 12002 24 12032 6 12109 33 12145 26 12183 31 12223 27 12258 24 12288 5 12371 27 12402 26 12438 32 12479 28 12513 25 12544 5 12627 27 12662 25 12694 32 12735 28 12769 24 12800 4 12884 26 12919 24 12949 34 12991 28 13025 23 13056 4 13100 1 13141 24 13175 24 13205 37 13246 29 13281 23 13312 4 13354 5 13398 23 13431 24 13461 38 13502 28 13537 23 13568 4 13610 6 13656 22 13687 14 13703 8 13716 70 13794 21 13824 4 13866 7 13914 20 13944 11 13959 9 13971 71 14050 21 14080 4 14122 8 14172 20 14202 9 14215 10 14227 71 14307 20 14336 4 14377 9 14430 19 14459 7 14471 83 14563 20 14592 4 14633 10 14687 19 14716 5 14727 84 14819 20 14848 4 14889 11 14944 20 14972 4 14983 67 15052 15 15075 19 15104 3 15144 12 15201 19 15239 62 15309 13 15331 19 15360 3 15400 12 15457 19 15495 59 15566 12 15588 18 15616 2 15655 14 15714 17 15751 56 15823 6 15843 18 15911 14 15970 16 16006 14 16024 39 16099 17 16166 16 16227 13 16262 13 16280 38 16355 17 16422 16 16483 9 16518 11 16536 38 16611 16 16659 4 16680 14 16774 10 16792 36 16867 17 16914 6 16938 12 17030 9 17048 33 17122 19 17170 6 17194 12 17286 8 17305 28 17378 21 17411 3 17427 5 17450 12 17542 8 17562 26 17624 2 17633 23 17666 6 17682 5 17704 14 17800 4 17819 25 17877 7 17888 24 17921 9 17937 5 17959 15 18077 22 18129 39 18177 10 18192 7 18214 16 18284 3 18333 22 18382 43 18432 11 18447 10 18470 16 18540 5 18590 19 18637 44 18688 12 18701 13 18725 17 18795 8 18846 19 18892 45 18944 27 18981 18 19051 9 19102 18 19127 1 19148 46 19200 28 19237 20 19306 13 19359 17 19382 3 19404 46 19456 28 19494 21 19562 16 19615 18 19638 4 19659 47 19712 29 19750 21 19817 19 19872 18 19895 2 19915 47 19968 29 20007 21 20072 20 20129 17 20171 47 20224 31 20263 11 20279 7 20325 24 20387 15 20426 47 20480 32 20520 6 20536 8 20579 27 20644 14 20682 43 20736 33 20776 10 20793 8 20834 29 20901 14 20938 42 20992 35 21033 10 21049 9 21089 30 21158 13 21194 42 21248 36 21289 12 21305 9 21345 32 21415 11 21449 34 21486 6 21504 37 21545 13 21561 10 21600 34 21672 10 21705 33 21744 3 21760 38 21801 27 21835 8 21855 36 21928 10 21961 31 22016 69 22089 11 22109 39 22185 8 22218 12 22235 8 22272 133 22443 5 22474 12 22493 4 22528 134 22731 10 22784 134 22988 8 23040 135 23296 135 23552 135 23808 135 24064 134 24214 3 24320 67 24389 65 24466 9 24576 66 24646 64 24719 13 24832 66 24903 64 24974 14 25088 65 25160 63 25230 15 25344 64 25417 62 25486 15 25600 63 25673 62 25743 14 25856 62 25929 61 25999 13 26112 60 26185 60 26255 13 26368 59 26442 59 26512 12 26624 57 26698 59 26769 10 26881 55 26956 57 27029 5 27137 53 27215 54 27395 51 27471 54 27659 43 27727 54 27916 41 27984 53 28175 38 28240 53 28432 37 28497 52 28689 36 28753 52 28945 36 29010 51 29201 36 29268 49 29360 6 29457 36 29525 48 29615 9 29714 35 29781 48 29870 11 29970 35 30037 48 30126 11 30227 34 30290 48 30381 13 30485 31 30544 49 30637 14 30743 29 30800 48 30893 14 30999 29 31055 37 31093 10 31148 15 31256 27 31311 35 31351 6 31404 16 31514 25 31566 34 31609 2 31660 16 31771 22 31822 26 31916 18 32000 4 32028 21 32078 25 32171 20 32227 1 32256 5 32285 7 32298 6 32333 25 32427 21 32456 7 32480 6 32512 5 32543 3 32589 25 32682 22 32711 9 32734 8 32768 5 32845 25 32937 24 32966 11 32982 17 33024 5 33102 24 33192 24 33221 12 33237 18 33280 4 33358 23 33446 26 33476 14 33492 19 33536 3 33614 23 33702 26 33732 36 33839 4 33869 22 33958 26 33988 37 34089 12 34125 23 34151 5 34214 27 34242 40 34343 16 34381 32 34470 69 34544 2 34599 17 34637 33 34726 69 34799 3 34851 23 34893 34 34983 68 35055 3 35105 25 35149 35 35240 67 35360 26 35406 34 35497 67 35614 28 35650 6 35663 34 35753 67 35868 30 35905 8 35922 34 36010 67 36123 31 36160 10 36179 34 36266 67 36378 32 36416 10 36435 35 36522 67 36633 33 36671 11 36691 35 36778 68 36889 34 36927 11 36947 35 37034 68 37145 49 37196 4 37203 35 37291 67 37401 57 37459 35 37548 66 37657 57 37715 35 37806 64 37913 93 38066 60 38169 67 38243 18 38323 59 38425 59 38485 5 38499 15 38579 9 38589 49 38681 59 38755 14 38836 7 38846 48 38937 59 39011 13 39094 4 39102 48 39193 59 39268 12 39358 48 39449 59 39525 10 39614 48 39705 59 39781 9 39870 48 39942 11 39961 59 40038 3 40126 49 40192 19 40217 58 40382 49 40439 4 40448 19 40473 57 40637 65 40704 19 40729 55 40893 66 40960 19 40985 54 41090 14 41150 85 41241 53 41345 16 41406 85 41498 52 41600 18 41661 86 41755 50 41855 19 41917 87 42014 46 42110 20 42173 67 42241 19 42272 43 42365 21 42429 45 42478 18 42498 19 42528 30 42559 10 42619 23 42686 41 42734 18 42754 19 42784 28 42815 8 42873 25 42942 40 42991 17 43011 18 43040 27 43072 6 43124 30 43200 37 43247 17 43267 18 43296 25 43328 5 43378 32 43457 36 43503 17 43524 17 43552 23 43586 1 43632 34 43730 19 43759 17 43780 9 43792 5 43809 20 43884 37 43986 19 44015 17 44036 10 44052 2 44066 18 44138 38 44242 18 44271 17 44291 12 44307 7 44324 14 44387 45 44498 18 44525 19 44545 27 44581 10 44641 47 44754 17 44780 20 44801 27 44838 8 44895 50 45010 16 45036 49 45095 5 45151 52 45267 13 45292 49 45406 54 45524 10 45548 48 45615 3 45661 58 45781 6 45803 49 45871 4 45915 63 46039 1 46059 49 46128 2 46170 65 46314 49 46385 2 46425 67 46570 22 46593 26 46641 5 46657 2 46680 68 46797 3 46826 22 46849 25 46897 6 46912 4 46935 69 47052 5 47082 22 47105 25 47152 8 47169 3 47190 69 47308 5 47338 22 47361 24 47408 9 47426 1 47445 70 47563 6 47594 22 47617 24 47665 8 47690 4 47700 71 47820 5 47849 23 47873 23 47921 9 47945 6 47955 72 48076 4 48104 47 48177 7 48201 6 48212 71 48333 1 48359 48 48457 6 48468 71 48614 49 48687 4 48710 1 48715 3 48724 72 48870 50 48940 9 48963 12 48980 72 49126 26 49153 23 49191 15 49215 93 49381 27 49409 23 49438 4 49446 17 49470 95 49637 51 49693 6 49701 19 49725 96 49893 51 49950 26 49981 97 50149 51 50206 27 50236 98 50405 49 50468 123 50661 48 50724 124 50918 45 50980 124 51174 45 51236 125 51431 44 51493 126 51687 14 51702 29 51749 128 51944 11 51959 29 52005 130 52201 8 52216 28 52261 131 52431 5 52460 3 52472 28 52518 131 52684 9 52729 28 52773 132 52939 13 52986 27 53029 133 53195 15 53248 22 53284 134 53450 19 53504 22 53539 135 53700 26 53760 23 53795 135 53955 28 54016 23 54051 136 54210 29 54272 23 54307 139 54466 29 54528 23 54563 141 54722 29 54784 23 54819 143 54978 29 55040 23 55074 145 55234 29 55296 23 55329 147 55490 30 55552 22 55585 149 55747 29 55810 20 55840 152 56004 28 56039 1 56067 19 56096 154 56260 28 56293 5 56323 18 56352 155 56517 28 56548 8 56581 2 56587 10 56608 156 56774 27 56802 13 56818 5 56844 8 56863 159 57031 49 57101 5 57119 159 57290 47 57375 161 57546 48 57631 167 57803 3 57809 42 57888 168 58066 44 58144 169 58323 44 58400 170 58579 45 58656 170 58836 44 58901 4 58912 169 59091 45 59156 6 59167 169 59347 45 59411 180 59603 45 59666 98 59765 82 59859 45 59922 95 60026 77 60115 45 60177 93 60284 75 60371 45 60434 88 60539 75 60627 45 60690 82 60795 75 60883 45 60947 80 61050 66 61118 7 61140 44 61204 78 61306 65 61376 3 61396 44 61460 78 61552 3 61562 65 61651 45 61717 77 61805 7 61819 63 61906 46 61973 77 62052 17 62075 63 62162 46 62229 65 62296 8 62307 18 62331 62 62418 46 62485 64 62553 6 62561 21 62588 60 62674 46 62742 10 62756 48 62810 4 62817 22 62844 60 62910 3 62930 46 62998 9 63020 38 63071 24 63101 59 63166 4 63186 46 63255 6 63277 36 63327 25 63359 57 63421 5 63441 47 63533 34 63583 25 63616 59 63678 4 63696 48 63790 29 63839 25 63873 7 63884 48 63934 2 63952 48 64048 25 64095 24 64131 3 64142 46 64208 48 64316 12 64350 20 64401 43 64465 47 64572 12 64606 19 64658 42 64721 48 64829 12 64861 19 64915 41 64977 48 65085 12 65116 20 65171 41 65232 49 65341 11 65371 20 65428 39 65487 49
104502,0 1331 1333 254 1589 254 1846 252 2102 251 2357 252 2613 252 2868 254 3123 58076 61203 251 61460 247 61717 243 61974 241 62231 239 62487 238 62747 234 63003 235 63261 233 63517 233 63774 232 64030 234 64277 6 64284 238 64533 248 64788 251 65043 493
106940,0 52388 52389 13147
112782,0 65536
123643,0 65536
126000,0 65536
126135,0 117 121 250 379 247 635 184 820 61 891 245 1147 242 1404 241 1659 241 1913 201 2119 36 2168 203 2375 36 2421 206 2631 36 2676 207 2887 36 2931 208 3143 36 3186 209 3399 34 3441 247 3697 247 3953 246 4209 246 4465 246 4722 145 4870 95 4980 4 4991 130 5127 94 5247 129 5383 87 5506 126 5639 86 5761 127 5893 88 6013 131 6148 89 6268 132 6405 87 6523 133 6662 86 6779 133 6918 85 7035 133 7173 86 7291 133 7427 87 7547 133 7682 87 7803 133 7938 86 8061 52 8114 78 8194 84 8317 52 8370 78 8451 24 8477 56 8574 51 8626 78 8707 23 8733 56 8830 130 8963 22 8991 53 9087 129 9219 22 9247 53 9307 1 9343 129 9474 21 9503 31 9537 20 9560 7 9599 129 9730 21 9759 31 9793 20 9815 8 9855 129 9987 15 10016 30 10047 34 10111 129 10243 12 10272 65 10367 129 10500 11 10529 66 10623 129 10757 11 10785 41 10829 22 10879 129 11014 12 11042 11 11061 18 11088 21 11135 129 11271 12 11299 10 11317 9 11327 6 11344 22 11391 129 11531 9 11557 8 11573 8 11601 22 11647 129 11789 7 11814 6 11828 9 11857 22 11903 129 12046 6 12084 9 12111 24 12159 132 12302 6 12340 9 12367 23 12403 5 12416 131 12559 4 12597 8 12621 25 12654 15 12671 132 12816 1 12853 8 12877 25 12910 148 13111 6 13132 26 13165 68 13237 75 13368 5 13388 26 13421 68 13493 75 13643 28 13676 148 13899 28 13931 149 14155 27 14187 149 14410 28 14443 149 14665 29 14698 150 14921 30 14953 151 15177 96 15280 80 15431 98 15536 80 15686 99 15792 80 15942 99 16048 80 16200 97 16303 81 16457 97 16557 83 16713 183 16970 182 17227 181 17483 181 17739 181 17995 181 18252 180 18509 179 18769 175 19026 47 19074 126 19282 47 19331 125 19537 48 19588 124 19793 48 19845 123 20049 48 20101 123 20305 48 20358 122 20561 49 20615 55 20673 63 20816 51 20873 52 20931 61 21072 35 21108 17 21128 53 21187 61 21325 6 21333 29 21365 71 21444 60 21581 6 21588 31 21621 70 21700 60 21836 110 21956 60 22092 105 22212 60 22349 103 22470 58 22605 103 22727 57 22862 32 22896 68 22983 57 23042 1 23055 2 23119 29 23153 67 23239 62 23309 6 23375 28 23409 68 23495 62 23565 7 23632 26 23665 67 23750 17 23768 46 23821 8 23832 1 23888 26 23920 67 24006 16 24027 44 24077 14 24144 26 24176 66 24261 16 24285 42 24335 12 24401 98 24517 18 24541 26 24572 12 24593 11 24657 99 24773 18 24797 25 24829 12 24851 9 24904 2 24912 101 25030 19 25053 23 25086 10 25107 10 25159 7 25167 103 25287 18 25309 22 25342 10 25365 8 25415 112 25545 16 25563 20 25599 8 25621 8 25671 112 25803 14 25819 20 25855 1 25877 8 25923 117 26063 10 26075 22 26111 1 26133 8 26179 117 26319 9 26331 22 26367 1 26390 7 26403 4 26434 117 26576 6 26588 21 26647 6 26659 4 26690 117 26833 4 26845 19 26903 6 26915 6 26945 116 27101 18 27160 6 27171 6 27199 117 27357 16 27419 4 27428 7 27453 117 27596 3 27615 7 27676 3 27684 9 27709 116 27851 4 27871 4 27939 12 27964 117 28106 5 28194 15 28219 118 28361 6 28450 16 28475 118 28617 5 28706 17 28731 118 28874 4 28963 18 28986 121 29118 2 29219 20 29241 124 29372 5 29479 100 29582 41 29627 8 29735 100 29838 43 29882 9 29992 99 30093 54 30249 98 30349 53 30505 98 30605 53 30761 154 31017 154 31273 156 31527 24 31561 125 31742 2 31781 26 31817 125 31997 3 32035 28 32073 126 32241 5 32251 5 32291 8 32300 3 32306 14 32329 126 32497 6 32504 8 32547 6 32564 12 32582 135 32751 17 32803 5 32821 11 32837 136 33006 18 33061 1 33077 143 33221 9 33260 20 33333 142 33477 9 33515 21 33588 141 33734 7 33771 21 33843 142 33990 7 34027 21 34098 99 34199 42 34247 4 34283 21 34353 99 34457 40 34503 3 34539 21 34597 3 34606 102 34716 39 34794 22 34853 112 34973 38 35049 23 35107 114 35230 38 35295 5 35303 25 35363 115 35487 36 35551 33 35618 117 35743 33 35785 2 35811 29 35873 54 35930 61 35999 32 36041 3 36067 29 36125 56 36187 48 36239 8 36255 30 36323 29 36381 54 36444 47 36496 7 36511 21 36580 28 36629 61 36700 47 36754 6 36767 19 36825 2 36836 28 36884 62 36956 47 37010 7 37023 18 37080 5 37093 27 37137 64 37213 48 37266 7 37279 15 37336 6 37349 27 37391 66 37469 50 37522 7 37535 14 37592 6 37604 28 37645 68 37727 58 37791 9 37847 6 37858 30 37901 68 37984 57 38047 8 38103 6 38113 31 38159 66 38247 50 38303 8 38370 30 38415 6 38427 54 38503 50 38560 10 38626 30 38683 53 38761 29 38796 13 38816 11 38883 29 38939 52 39017 29 39053 12 39072 13 39139 29 39194 52 39280 21 39310 11 39328 14 39395 29 39450 51 39537 20 39567 10 39585 13 39651 29 39706 51 39779 2 39794 19 39824 7 39843 12 39906 30 39962 51 40035 2 40051 18 40081 6 40099 12 40161 31 40218 49 40291 2 40308 17 40358 8 40415 33 40475 47 40547 3 40565 15 40614 8 40671 33 40723 4 40731 45 40829 6 40872 5 40925 35 40978 5 40988 43 41181 35 41233 8 41247 36 41437 35 41489 8 41505 33 41693 35 41746 7 41765 28 41839 5 41950 34 42003 6 42022 10 42033 15 42094 7 42206 34 42261 2 42279 6 42290 14 42347 10 42464 32 42535 4 42547 12 42601 12 42721 31 42803 12 42857 12 42979 29 43061 10 43113 12 43235 29 43369 10 43490 1 43495 25 43624 11 43752 24 43880 11 44010 22 44136 11 44267 21 44393 10 44523 21 44565 1 44595 1 44649 10 44779 21 44906 9 45035 21 45162 9 45291 21 45420 7 45549 19 45677 5 45805 19 46065 15 46322 14 46584 8 46841 7 47099 5 47357 3 48245 5 48499 8 48755 8 49011 6 49267 2 50571 6 50626 10 50826 10 50837 7 50880 15 50902 1 51080 22 51107 6 51135 18 51155 6 51191 4 51336 38 51389 30 51445 6 51591 48 51640 36 51699 9 51847 85 51955 9 52104 84 52211 8 52360 84 52467 8 52616 85 52724 7 52873 86 52960 5 52981 4 53129 93 53385 94 53640 95 53895 96 54145 102 54393 4 54399 103 54646 79 54733 25 54901 80 54989 24 55157 78 55245 24 55412 79 55501 24 55667 70 55739 8 55756 25 55797 1 55923 69 55995 8 56011 25 56180 65 56253 5 56268 24 56436 62 56511 3 56524 24 56693 62 56767 4 56781 24 56950 61 57022 6 57038 23 57171 6 57214 55 57277 8 57295 24 57425 8 57471 55 57533 8 57551 24 57679 11 57728 56 57788 11 57809 22 57935 11 57984 6 57993 48 58043 13 58065 9 58075 18 58191 12 58239 76 58317 12 58334 16 58446 17 58494 91 58591 15 58697 24 58749 91 58858 5 58952 26 59005 90 59115 4 59207 28 59261 90 59372 3 59462 29 59517 92 59628 4 59637 3 59717 30 59774 102 59884 12 59973 31 60030 103 60140 12 60229 32 60287 104 60395 13 60486 32 60544 104 60651 13 60740 35 60801 118 60995 36 61058 116 61248 40 61314 115 61502 41 61571 114 61755 44 61827 112 62010 44 62083 111 62264 45 62342 113 62519 23 62543 20 62599 113 62775 22 62801 15 62856 113 63031 22 63058 14 63113 112 63287 22 63315 13 63369 96 63466 15 63542 22 63572 12 63594 3 63625 94 63721 15 63797 23 63829 12 63849 5 63881 92 63977 14 64053 22 64085 12 64104 6 64137 91 64233 14 64308 24 64342 11 64361 4 64393 94 64489 14 64564 25 64599 10 64618 3 64649 94 64747 12 64819 26 64906 94 65005 5 65011 4 65075 25 65163 94 65261 10 65331 25 65420 93 65517 11
136374,0 65536
142027,0 13 30 7 40 1 45 2 70 47 120 26 256 13 288 2 293 7 327 42 377 24 512 13 549 7 583 32 617 7 634 23 768 13 805 8 839 31 875 4 890 23 1024 13 1061 8 1094 31 1147 22 1280 14 1318 7 1349 32 1403 22 1536 17 1575 6 1605 32 1659 22 1792 20 1860 33 1917 20 2048 21 2116 33 2174 19 2304 21 2363 41 2431 18 2560 21 2617 42 2689 17 2772 1 2816 22 2872 43 2947 16 3026 5 3072 22 3127 43 3205 14 3282 5 3329 22 3383 42 3463 12 3537 6 3585 22 3639 41 3719 12 3793 7 3841 22 3895 38 3976 11 4049 8 4097 22 4151 34 4232 11 4305 8 4352 24 4407 35 4489 9 4561 8 4608 24 4663 35 4747 6 4817 8 4864 23 4919 36 5005 2 5074 7 5120 23 5175 36 5233 3 5331 6 5376 20 5431 36 5487 6 5587 5 5632 19 5687 36 5731 2 5743 6 5844 3 5888 19 5944 35 5986 5 6000 5 6144 19 6201 34 6241 6 6256 5 6400 19 6456 35 6497 7 6656 19 6710 37 6753 7 6912 18 6965 37 7009 7 7168 17 7221 37 7265 8 7424 11 7476 38 7521 10 7680 11 7732 38 7777 11 7936 11 7987 39 8034 11 8192 11 8242 40 8290 12 8448 11 8495 43 8546 13 8704 11 8750 43 8803 12 8934 6 8960 10 9005 43 9059 12 9185 12 9216 9 9261 42 9315 12 9439 15 9472 8 9517 38 9572 11 9693 24 9728 7 9773 36 9829 10 9949 27 9984 5 10028 36 10086 7 10204 30 10235 9 10283 36 10342 7 10459 40 10535 36 10600 3 10714 39 10791 35 10969 39 11046 34 11223 41 11302 33 11478 42 11558 31 11732 44 11814 31 11987 45 12073 27 12242 46 12330 25 12498 46 12587 24 12754 46 12837 2 12843 24 13010 46 13087 10 13103 10 13117 6 13147 2 13266 46 13343 12 13359 9 13376 1 13403 2 13522 46 13598 17 13659 2 13769 2 13777 47 13854 17 13915 1 14025 2 14033 47 14109 20 14287 49 14365 20 14543 49 14621 21 14798 50 14877 22 14903 4 14914 4 15054 50 15119 6 15133 42 15309 51 15374 7 15389 42 15565 51 15629 9 15645 43 15821 51 15884 10 15900 45 16077 51 16139 12 16155 48 16333 51 16393 14 16410 51 16589 51 16642 78 16845 51 16897 80 17102 50 17153 81 17358 50 17409 81 17615 132 17871 30 17904 99 18127 30 18161 105 18384 139 18641 138 18900 135 19156 135 19413 134 19669 134 19924 113 20039 20 20180 3 20184 7 20192 123 20321 3 20436 135 20576 5 20692 134 20831 8 20947 134 21087 8 21203 133 21343 9 21458 134 21600 8 21713 116 21831 15 21856 9 21969 116 22087 14 22112 9 22224 117 22343 12 22368 11 22382 2 22479 118 22599 10 22624 11 22637 4 22735 117 22855 10 22879 19 22988 119 23111 10 23135 20 23243 53 23298 65 23368 9 23389 22 23498 54 23555 64 23625 10 23644 26 23754 54 23812 62 23882 48 24009 55 24069 8 24078 23 24105 24 24139 48 24265 55 24327 4 24335 22 24362 23 24394 50 24521 55 24593 20 24619 22 24649 52 24777 55 24857 12 24876 22 24905 52 25033 55 25116 9 25132 23 25159 54 25289 55 25383 3 25393 76 25545 55 25639 4 25652 73 25800 56 25894 6 25909 70 26001 8 26048 3 26055 57 26150 6 26165 70 26256 9 26303 65 26384 1 26407 6 26421 68 26511 13 26558 66 26638 3 26664 5 26677 67 26766 15 26813 67 26893 5 26921 4 26933 65 27019 18 27069 67 27149 6 27177 4 27190 62 27274 20 27324 68 27404 7 27435 1 27447 60 27528 23 27579 69 27660 8 27691 1 27701 62 27784 24 27835 69 27917 8 27947 70 28039 28 28091 69 28173 10 28203 69 28295 28 28347 69 28429 10 28458 67 28552 27 28602 70 28685 10 28713 66 28808 27 28858 70 28944 7 28965 68 29064 27 29113 71 29203 4 29221 68 29320 27 29363 77 29477 68 29576 27 29617 79 29733 68 29832 27 29873 79 29969 3 29993 62 30089 26 30127 81 30224 5 30249 52 30303 8 30345 27 30379 85 30479 5 30505 50 30601 27 30635 85 30735 4 30762 49 30857 27 30890 86 30991 3 31018 47 31113 28 31146 86 31274 47 31370 27 31402 73 31478 10 31531 44 31627 27 31658 65 31726 2 31736 8 31787 43 31883 28 31914 63 31993 7 32044 40 32139 94 32249 7 32300 35 32395 12 32411 78 32505 7 32556 33 32651 10 32667 78 32761 7 32813 32 32907 9 32923 78 33017 7 33069 32 33161 10 33179 78 33274 6 33325 31 33417 11 33435 78 33531 5 33580 29 33672 13 33691 76 33791 1 33835 27 33928 15 33944 79 34091 26 34179 2 34184 95 34346 27 34435 4 34441 93 34602 27 34690 101 34858 27 34946 101 35114 26 35202 101 35371 24 35413 2 35458 53 35517 42 35627 24 35668 7 35702 6 35714 52 35774 41 35885 22 35923 9 35958 6 35970 52 36030 41 36143 19 36179 11 36214 5 36226 58 36285 40 36400 18 36434 13 36470 5 36482 99 36660 9 36688 16 36738 98 36917 4 36943 17 36966 1 36994 98 37198 19 37219 10 37251 49 37301 46 37454 31 37507 96 37710 32 37763 96 37966 33 38020 95 38221 34 38277 47 38325 46 38476 35 38533 47 38581 12 38597 30 38731 36 38789 46 38838 11 38854 27 38985 38 39045 46 39095 8 39110 20 39239 40 39300 47 39351 8 39367 18 39494 41 39557 45 39608 6 39624 17 39747 44 39813 44 39865 4 39883 12 39915 5 40003 45 40069 42 40121 3 40141 10 40170 7 40257 48 40325 40 40399 1 40423 12 40513 48 40581 39 40676 15 40768 49 40836 39 40929 18 41023 50 41092 39 41185 18 41279 49 41345 42 41439 20 41535 48 41601 42 41695 20 41791 45 41857 42 41952 20 42047 44 42113 42 42208 20 42303 44 42354 4 42369 42 42464 22 42559 44 42609 6 42625 42 42705 2 42720 23 42816 43 42865 8 42881 42 42959 8 42974 25 43073 41 43121 10 43136 43 43215 41 43330 39 43376 13 43391 44 43469 44 43586 39 43632 58 43725 43 43844 36 43889 56 43981 42 44101 34 44145 56 44238 41 44357 22 44380 9 44402 53 44493 42 44614 19 44637 7 44658 51 44749 42 44874 14 44914 49 45005 42 45131 12 45170 49 45261 42 45389 9 45425 50 45517 42 45645 9 45681 33 45717 14 45773 42 45902 7 45936 33 45975 9 46029 41 46159 5 46192 33 46232 7 46285 41 46447 34 46542 41 46703 34 46799 40 46958 34 47056 41 47214 34 47313 40 47458 7 47469 34 47571 39 47711 12 47726 33 47827 7 47837 30 47965 14 47984 3 47991 22 48101 22 48220 15 48241 1 48247 20 48357 22 48475 23 48505 16 48613 21 48731 24 48761 14 48869 21 48987 24 49018 11 49125 20 49243 26 49274 10 49381 20 49499 37 49636 20 49755 33 49892 19 50010 34 50149 18 50266 34 50405 18 50522 35 50662 17 50777 36 50918 17 51033 36 51175 16 51289 36 51431 16 51546 35 51689 13 51802 35 51945 13 52059 1 52069 24 52201 12 52325 24 52457 12 52582 22 52713 11 52839 21 52970 9 53099 16 53227 8 53256 3 53310 4 53356 15 53483 7 53505 11 53561 11 53617 10 53743 1 53760 13 53816 13 53874 9 54016 13 54071 16 54133 4 54272 13 54326 17 54528 15 54553 2 54571 3 54580 20 54740 2 54784 15 54808 4 54826 31 54995 5 55040 16 55063 8 55081 32 55249 9 55296 16 55319 8 55337 33 55505 10 55552 17 55574 11 55592 35 55760 11 55808 18 55829 13 55848 35 56015 12 56064 37 56102 37 56271 12 56320 75 56527 12 56576 75 56784 11 56832 75 57041 10 57088 76 57297 10 57344 75 57555 7 57600 75 57856 74 58112 73 58309 2 58368 72 58564 4 58624 72 58807 2 58819 7 58880 72 59049 1 59061 6 59075 8 59136 72 59305 2 59315 25 59392 72 59561 1 59571 26 59648 73 59825 29 59904 73 60079 31 60160 73 60334 33 60416 73 60590 33 60672 73 60845 34 60928 73 61101 34 61184 73 61326 3 61356 36 61440 73 61582 4 61613 36 61696 73 61837 6 61869 36 61952 73 62093 7 62125 36 62208 74 62351 4 62371 4 62382 35 62464 74 62625 7 62639 34 62720 75 62878 11 62895 34 62976 75 63134 11 63151 34 63232 6 63241 66 63389 12 63407 34 63488 7 63497 67 63645 52 63744 7 63753 67 63901 50 64000 7 64011 66 64156 51 64256 8 64268 64 64413 48 64512 8 64524 64 64669 47 64768 9 64781 62 64925 46 65024 10 65037 62 65181 46 65280 13 65295 58 65437 46
143150,0 65536
144284,34 19 155 14 196 60 293 17 411 14 453 59 549 17 666 15 709 59 807 15 921 16 965 59 1065 12 1177 16 1221 36 1259 18 1278 2 1326 1 1433 16 1477 34 1519 12 1535 1 1538 2 1688 16 1733 33 1775 11 1791 8 1943 17 1989 32 2033 6 2046 10 2199 17 2245 31 2290 3 2302 19 2417 3 2455 16 2501 30 2547 3 2557 21 2671 6 2710 16 2757 30 2803 3 2812 25 2926 10 2966 14 3014 29 3061 1 3069 26 3181 13 3222 13 3270 29 3328 24 3426 26 3478 13 3507 6 3527 28 3584 24 3681 28 3734 13 3764 4 3783 27 3840 25 3935 30 3989 14 4038 26 4096 25 4190 32 4245 14 4294 25 4352 25 4445 34 4500 15 4549 26 4608 24 4701 34 4755 16 4804 26 4864 24 4957 34 5011 15 5059 28 5120 23 5212 35 5267 15 5315 28 5376 23 5468 35 5523 14 5571 28 5632 23 5723 36 5779 14 5827 28 5888 23 5979 34 6035 15 6083 29 6144 23 6181 2 6235 33 6291 15 6338 30 6400 24 6433 14 6491 32 6544 19 6594 30 6656 25 6688 17 6747 31 6798 21 6850 29 6912 25 6943 24 7003 30 7053 22 7105 30 7168 25 7199 24 7259 30 7309 22 7362 29 7424 25 7454 26 7516 27 7565 22 7618 29 7657 4 7680 25 7709 27 7772 27 7821 22 7875 28 7913 4 7936 24 7964 27 7999 2 8027 28 8076 23 8131 27 8169 4 8192 24 8220 27 8254 4 8283 28 8332 23 8387 27 8425 4 8448 24 8475 28 8509 5 8539 27 8588 24 8643 26 8704 24 8731 28 8765 5 8795 26 8844 24 8899 25 8960 55 9022 4 9049 29 9100 24 9155 25 9216 54 9279 2 9305 30 9356 23 9411 24 9472 48 9522 3 9561 31 9612 23 9667 24 9721 5 9728 47 9817 32 9868 23 9923 22 9977 6 9984 47 10075 30 10125 20 10179 17 10232 55 10331 32 10383 16 10436 14 10488 54 10591 32 10642 12 10691 13 10744 53 10848 31 10899 10 10947 12 10999 54 11104 32 11158 5 11203 10 11255 54 11360 32 11415 3 11459 9 11512 51 11615 33 11715 9 11769 50 11871 33 11971 8 12025 50 12127 34 12216 7 12227 8 12283 48 12383 34 12470 9 12483 8 12541 46 12639 36 12722 13 12742 1 12800 43 12894 39 12974 17 13056 5 13067 33 13148 42 13229 18 13312 2 13324 32 13403 43 13485 18 13581 32 13653 50 13733 26 13838 31 13908 51 13988 27 14080 1 14097 28 14163 52 14243 28 14336 2 14355 26 14418 54 14499 28 14592 3 14613 25 14673 55 14753 31 14848 3 14869 26 14927 57 15009 31 15104 3 15125 26 15173 6 15181 59 15265 32 15360 3 15382 25 15428 68 15521 31 15616 1 15639 24 15680 72 15776 32 15872 1 15895 25 15936 72 16032 32 16122 1 16152 23 16191 73 16287 32 16378 2 16409 22 16447 73 16543 31 16634 3 16667 20 16702 73 16798 31 16926 16 16957 74 17054 31 17185 12 17213 74 17297 1 17311 30 17442 12 17469 74 17551 4 17567 30 17699 11 17724 75 17806 5 17824 28 17955 11 17980 75 18061 6 18080 28 18211 12 18235 77 18317 6 18337 26 18467 12 18491 78 18573 6 18593 26 18688 1 18724 11 18746 79 18829 6 18850 24 18944 1 18980 11 19001 82 19085 6 19107 22 19200 3 19237 10 19256 84 19341 5 19369 16 19456 3 19493 10 19513 82 19597 4 19626 15 19712 4 19752 10 19769 82 19883 14 19968 5 20009 10 20025 82 20139 14 20224 5 20264 12 20281 82 20396 13 20480 5 20520 13 20538 81 20652 13 20736 6 20775 14 20795 78 20908 13 20992 8 21031 16 21052 77 21163 14 21248 9 21286 18 21308 77 21419 14 21504 10 21542 19 21564 77 21675 14 21760 11 21797 21 21821 76 21931 13 22016 11 22053 21 22077 76 22186 13 22272 12 22309 22 22335 74 22444 9 22528 14 22565 22 22591 34 22628 37 22702 7 22784 16 22821 22 22849 29 22887 36 23040 16 23077 22 23105 28 23149 31 23296 15 23332 23 23361 26 23409 30 23552 16 23588 23 23617 26 23665 31 23808 16 23843 22 23870 29 23921 32 24064 16 24099 21 24125 30 24177 32 24320 16 24355 20 24380 30 24428 39 24576 16 24611 20 24636 29 24683 40 24832 15 24867 19 24891 29 24938 42 25088 15 25123 19 25147 28 25193 44 25305 2 25344 13 25380 18 25402 27 25448 47 25559 4 25600 13 25636 18 25657 27 25703 48 25814 5 25856 14 25894 44 25959 49 26069 6 26112 14 26151 42 26215 50 26325 6 26368 15 26409 40 26471 50 26580 7 26615 4 26624 15 26667 37 26727 50 26835 8 26869 8 26880 16 26925 34 26983 51 27091 8 27124 11 27136 16 27184 30 27239 52 27347 8 27379 12 27392 15 27444 24 27496 51 27603 8 27635 28 27700 24 27752 51 27859 8 27890 29 27957 24 28008 51 28116 8 28145 30 28213 24 28264 51 28372 9 28399 31 28469 23 28519 52 28629 10 28653 32 28726 22 28775 51 28885 10 28908 33 28983 20 29031 50 29141 10 29163 34 29239 20 29287 50 29398 9 29418 33 29497 16 29541 51 29655 6 29673 34 29753 16 29797 51 29912 5 29929 33 30008 16 30051 53 30183 33 30263 16 30306 54 30439 34 30523 13 30561 55 30694 36 30780 13 30817 55 30950 36 31036 14 31071 57 31205 37 31291 17 31327 56 31461 37 31547 20 31583 56 31715 39 31803 20 31839 57 31898 4 31970 41 32059 21 32095 64 32225 42 32315 22 32351 65 32481 42 32571 22 32607 65 32737 30 32768 12 32827 22 32863 64 32993 27 33024 13 33083 23 33119 64 33249 25 33280 13 33340 22 33375 64 33505 25 33536 14 33597 22 33631 64 33761 25 33792 14 33853 22 33887 64 34017 25 34048 14 34110 21 34144 62 34275 23 34304 15 34366 21 34400 39 34442 20 34531 23 34560 15 34623 19 34657 37 34701 17 34788 22 34816 15 34881 17 34913 37 34959 15 35044 22 35072 15 35138 15 35170 36 35215 15 35301 20 35328 15 35395 12 35426 37 35471 14 35557 20 35584 16 35655 4 35682 39 35727 14 35813 18 35840 16 35938 39 35982 15 36070 17 36096 16 36181 4 36195 40 36237 16 36327 14 36352 17 36435 10 36451 58 36584 12 36608 17 36629 9 36691 12 36707 57 36843 8 36864 17 36884 11 36946 13 36964 55 37099 8 37120 32 37202 14 37221 52 37356 5 37376 33 37458 14 37477 36 37514 15 37615 1 37632 34 37714 15 37733 32 37773 9 37888 34 37970 16 37989 30 38031 4 38144 35 38226 48 38338 3 38400 35 38483 46 38593 5 38656 35 38739 46 38822 2 38849 14 38912 36 38997 44 39077 4 39105 16 39168 37 39255 42 39333 6 39361 17 39424 37 39512 42 39588 7 39617 16 39680 37 39773 38 39831 10 39842 9 39874 15 39936 37 40030 37 40086 21 40131 13 40192 39 40287 35 40342 21 40389 8 40448 40 40543 35 40598 21 40704 41 40799 34 40853 22 40960 43 41055 34 41109 22 41216 45 41311 24 41365 22 41472 46 41567 24 41617 26 41728 47 41823 24 41869 30 41984 47 42079 24 42113 2 42125 30 42240 49 42331 28 42367 6 42380 32 42496 49 42587 28 42622 7 42635 33 42752 50 42842 28 42877 10 42890 34 43008 51 43097 29 43131 49 43264 51 43352 29 43386 50 43520 51 43608 30 43640 52 43776 51 43864 83 44032 51 44119 84 44288 50 44375 84 44544 49 44631 84 44800 49 44885 86 45056 48 45140 86 45314 46 45395 86 45571 44 45650 86 45827 44 45905 86 46084 42 46160 87 46339 44 46387 2 46416 86 46595 52 46672 86 46851 54 46928 86 47107 54 47185 85 47360 58 47441 84 47616 57 47697 84 47872 57 47952 35 47988 47 48099 5 48128 56 48207 36 48245 46 48353 8 48384 55 48463 34 48501 44 48605 13 48640 55 48719 34 48757 44 48859 16 48896 55 48975 34 49012 43 49114 18 49152 55 49231 34 49268 43 49370 19 49408 54 49487 34 49523 43 49625 22 49664 53 49743 34 49778 43 49881 22 49920 52 49999 34 50034 43 50137 24 50176 49 50255 77 50393 24 50432 48 50510 78 50649 24 50688 49 50766 78 50904 25 50944 49 51022 78 51159 26 51200 48 51278 77 51415 25 51456 48 51533 78 51670 25 51712 48 51790 77 51925 26 51968 49 52047 75 52181 25 52224 50 52304 9 52314 9 52324 53 52436 26 52480 51 52575 3 52584 49 52671 8 52689 30 52736 51 52841 46 52925 11 52945 30 52992 51 53106 36 53180 13 53199 33 53248 51 53363 35 53435 14 53455 33 53504 51 53563 4 53619 34 53684 3 53690 15 53707 38 53760 51 53819 4 53875 24 53902 7 53940 4 53946 55 54016 52 54073 8 54092 5 54131 22 54203 54 54272 53 54329 9 54347 7 54388 21 54459 55 54528 68 54603 8 54644 17 54715 56 54784 69 54859 8 54900 16 54971 56 55040 69 55114 10 55157 12 55225 58 55296 70 55369 11 55413 12 55481 58 55552 84 55659 4 55669 12 55735 61 55808 85 55915 4 55925 11 55988 65 56064 85 56180 12 56242 11 56261 48 56320 85 56435 13 56497 10 56518 47 56576 86 56693 10 56753 6 56774 38 56815 5 56832 86 56952 3 57030 37 57073 2 57089 88 57286 37 57345 90 57542 37 57602 95 57799 36 57859 94 58054 37 58116 95 58309 38 58373 94 58565 38 58629 94 58821 37 58886 93 59076 37 59143 91 59332 37 59399 90 59587 36 59656 87 59843 34 59913 85 60099 32 60169 84 60352 33 60425 84 60604 37 60681 31 60713 51 60768 1 60859 37 60937 29 60970 51 61023 3 61113 39 61193 26 61227 51 61279 3 61368 40 61450 25 61483 50 61536 2 61623 44 61671 1 61706 24 61739 49 61877 52 61963 23 61995 49 62133 53 62220 11 62235 7 62251 48 62387 54 62479 6 62492 7 62506 49 62642 55 62749 5 62761 50 62896 56 63006 4 63017 50 63151 57 63273 50 63406 57 63529 50 63661 58 63785 50 63917 59 63999 1 64041 49 64173 59 64255 1 64297 48 64428 59 64510 2 64554 47 64684 59 64765 3 64810 46 64939 60 65021 3 65067 44 65195 60 65277 3 65325 39 65451 60 65532 4
149617, 
157706,0 55 114 79 256 55 372 77 512 54 629 76 768 53 886 75 1024 53 1143 74 1280 51 1400 73 1536 50 1656 73 1792 49 1847 6 1860 3 1913 72 2048 48 2102 8 2115 4 2169 72 2304 47 2357 10 2371 4 2426 71 2560 47 2613 10 2627 4 2683 71 2816 45 2867 19 2939 72 3072 45 3123 18 3196 71 3328 45 3379 17 3453 70 3584 46 3635 16 3707 72 3840 47 3892 15 3961 75 4096 47 4148 15 4217 75 4352 47 4405 13 4473 76 4608 47 4661 12 4729 76 4864 46 4918 11 4986 75 5120 46 5174 11 5242 75 5376 45 5430 10 5499 75 5632 43 5686 9 5755 75 5888 41 5945 4 6013 74 6144 41 6269 74 6400 39 6525 74 6656 39 6781 74 6912 38 7037 74 7168 37 7293 75 7424 37 7550 74 7680 36 7805 76 7936 35 8053 84 8192 29 8223 2 8307 86 8448 27 8561 88 8704 26 8816 89 8960 24 9060 101 9216 23 9316 101 9472 21 9571 103 9728 20 9827 104 9984 17 10084 103 10240 13 10340 103 10496 11 10596 103 10752 10 10851 105 11008 9 11102 111 11264 7 11345 1 11357 112 11520 3 11595 10 11611 114 11776 1 11849 13 11866 115 12032 3 12103 135 12288 3 12359 135 12544 4 12613 137 12800 4 12868 138 13056 5 13123 140 13312 5 13378 141 13568 5 13633 142 13824 5 13889 142 14080 7 14143 144 14336 7 14398 146 14592 8 14652 148 14848 8 14907 149 15104 9 15163 150 15360 9 15418 151 15616 9 15673 152 15872 9 15929 152 16128 9 16184 155 16384 9 16440 155 16640 10 16695 156 16896 11 16951 156 17152 11 17207 156 17408 11 17462 157 17664 11 17718 157 17920 11 17973 158 18176 11 18226 162 18432 11 18481 164 18688 11 18733 168 18944 10 18988 169 19200 9 19243 26 19271 143 19456 9 19498 25 19526 144 19712 5 19753 26 19781 146 19968 5 20009 25 20037 146 20224 4 20264 25 20295 144 20480 4 20520 25 20551 144 20736 3 20775 25 20807 145 20992 3 21031 24 21064 145 21248 1 21287 23 21324 101 21427 38 21504 1 21543 22 21583 2 21589 92 21683 38 21799 20 21847 89 21941 36 22055 20 22103 88 22197 36 22311 18 22361 84 22455 35 22567 18 22617 37 22657 43 22711 35 22823 15 22875 17 22899 10 22911 45 22969 34 23079 13 23131 16 23157 55 23226 33 23333 13 23387 16 23420 49 23484 31 23590 12 23619 2 23643 15 23675 50 23741 30 23847 9 23874 5 23898 15 23925 56 23997 31 24104 7 24130 5 24153 15 24179 57 24253 31 24387 4 24403 20 24433 60 24510 30 24643 4 24657 20 24688 61 24767 30 24911 20 24940 65 25024 29 25167 19 25194 68 25281 28 25421 19 25449 70 25538 27 25677 19 25703 72 25795 27 25931 21 25957 74 26052 26 26187 21 26213 74 26308 27 26422 3 26443 100 26565 26 26677 6 26699 101 26821 26 26929 12 26955 102 27078 25 27182 15 27211 102 27334 26 27436 19 27466 103 27591 26 27691 20 27721 105 27847 26 27947 21 27973 111 28103 26 28202 23 28228 113 28359 26 28425 9 28457 140 28616 25 28679 12 28713 140 28873 24 28928 2 28934 13 28969 140 29129 24 29184 20 29225 140 29386 23 29440 21 29480 142 29643 23 29696 21 29736 142 29899 23 29952 22 29993 142 30155 23 30208 22 30249 142 30412 23 30464 23 30510 139 30669 22 30720 24 30766 139 30925 22 30976 25 31022 139 31181 22 31232 24 31279 138 31437 22 31488 23 31535 140 31693 21 31744 23 31790 141 31949 21 32000 21 32045 142 32205 22 32256 21 32301 142 32462 22 32512 20 32556 143 32718 23 32768 20 32811 91 32903 52 32974 23 33024 19 33061 96 33159 52 33233 1 33238 15 33280 21 33315 96 33415 53 33495 15 33536 25 33569 98 33671 54 33751 16 33792 27 33823 99 33926 55 34007 16 34048 130 34181 57 34241 9 34262 17 34304 131 34437 58 34496 10 34517 9 34528 7 34560 131 34693 70 34771 9 34785 5 34816 131 34948 71 35027 8 35072 203 35282 9 35328 203 35538 9 35584 145 35735 52 35793 11 35840 145 35991 52 36049 12 36096 139 36248 51 36307 14 36352 138 36504 51 36563 15 36608 137 36756 1 36761 51 36820 16 36864 136 37017 52 37076 17 37120 135 37274 51 37333 18 37376 135 37530 51 37588 21 37632 133 37786 52 37843 24 37888 133 38042 53 38099 24 38144 134 38298 81 38400 134 38554 81 38656 135 38811 79 38912 136 39067 78 39168 137 39324 77 39424 137 39581 75 39680 138 39838 74 39936 138 40094 24 40120 48 40192 139 40351 23 40377 46 40448 139 40607 22 40634 45 40704 140 40865 21 40889 46 40960 140 41121 71 41216 141 41378 72 41472 142 41635 72 41728 143 41891 72 41984 143 42148 71 42240 145 42407 69 42496 146 42664 68 42752 147 42920 68 43008 147 43176 68 43264 147 43432 66 43501 6 43520 147 43688 75 43776 147 43943 76 44032 148 44199 77 44288 147 44455 77 44544 147 44712 76 44800 147 44968 77 45056 146 45223 78 45312 145 45479 78 45568 145 45735 78 45824 143 45982 1 45991 79 46080 143 46236 4 46247 79 46336 143 46492 5 46503 79 46592 143 46749 4 46759 79 46848 143 47005 4 47015 79 47104 144 47262 2 47271 80 47360 144 47527 81 47616 145 47783 81 47872 145 48039 82 48128 145 48295 82 48384 149 48552 82 48640 150 48808 82 48896 55 48958 89 49065 82 49152 54 49215 88 49321 82 49408 53 49476 84 49579 80 49664 53 49734 82 49835 81 49920 52 49991 82 50093 80 50176 51 50248 82 50349 80 50432 51 50505 82 50606 79 50688 51 50761 82 50862 80 50944 50 51018 83 51118 81 51200 49 51274 84 51374 81 51456 49 51531 91 51630 131 51788 90 51887 128 52046 88 52147 124 52303 12 52316 74 52406 120 52561 10 52573 32 52607 39 52663 116 52817 9 52829 31 52863 39 52919 110 53073 8 53089 25 53120 38 53176 108 53330 6 53347 22 53375 39 53432 107 53605 20 53631 38 53688 107 53861 20 53886 39 53944 107 54115 23 54141 40 54199 108 54371 23 54397 40 54455 108 54626 65 54711 108 54882 65 54967 108 55138 60 55200 2 55223 96 55321 9 55394 59 55479 94 55577 7 55649 60 55734 95 55833 4 55905 60 55990 95 56159 62 56245 96 56414 63 56501 96 56669 65 56755 98 56925 66 57011 98 57181 67 57267 98 57437 69 57523 96 57692 71 57779 96 57948 72 58035 100 58204 72 58290 101 58460 73 58536 4 58545 105 58717 190 58973 193 59229 194 59486 193 59743 193 59999 194 60221 10 60255 195 60477 11 60511 196 60732 13 60767 196 60988 15 61023 196 61243 17 61279 195 61499 18 61535 192 61755 18 61791 190 62011 19 62046 191 62267 26 62302 191 62523 26 62557 192 62779 28 62813 193 63035 29 63068 195 63291 30 63322 197 63548 229 63805 228 64061 227 64317 227 64573 227 64830 225 65086 194 65281 30 65342 194
158770,8 109 265 107 521 107 705 2 779 104 959 6 971 7 1041 98 1213 10 1225 10 1299 96 1462 33 1557 94 1717 35 1817 91 1971 38 2036 1 2074 90 2226 39 2290 3 2331 88 2481 42 2548 1 2555 5 2587 87 2737 42 2809 7 2840 90 2991 46 3064 8 3095 91 3247 47 3320 8 3349 10 3361 82 3502 49 3575 9 3605 11 3617 82 3757 50 3831 9 3861 11 3874 81 4010 55 4087 9 4117 11 4131 79 4263 58 4343 9 4373 10 4387 78 4515 62 4600 8 4630 8 4644 77 4771 62 4856 8 4888 4 4900 76 5026 63 5098 7 5112 8 5157 74 5282 63 5353 8 5368 8 5413 72 5538 62 5609 9 5624 8 5670 72 5794 62 5865 9 5880 8 5929 70 6050 62 6121 9 6136 8 6186 69 6306 62 6377 9 6392 8 6443 68 6562 60 6635 6 6649 7 6699 68 6818 56 6891 6 6905 7 6933 6 6955 68 7074 53 7161 7 7189 8 7211 68 7329 52 7417 6 7444 12 7467 67 7584 50 7700 13 7723 67 7840 50 7953 18 7979 66 8096 50 8207 21 8235 66 8351 51 8451 4 8458 29 8491 66 8608 51 8704 40 8747 66 8864 51 8960 41 9004 67 9120 52 9216 43 9260 68 9377 51 9472 43 9516 69 9635 50 9728 43 9772 69 9891 50 9984 43 10030 67 10149 48 10240 43 10287 66 10405 48 10496 41 10543 66 10663 45 10752 40 10800 65 10926 38 11008 38 11050 3 11055 66 11184 36 11264 39 11305 72 11441 10 11453 23 11520 40 11561 72 11700 3 11712 21 11776 113 11969 20 12032 113 12225 20 12288 113 12482 20 12527 7 12544 113 12738 21 12779 15 12800 114 12994 21 13033 138 13249 23 13287 140 13505 24 13543 140 13759 6 13768 17 13797 37 13835 104 14016 4 14025 16 14053 35 14089 106 14285 10 14311 33 14346 105 14567 140 14825 138 15082 49 15142 75 15339 48 15398 75 15513 2 15594 48 15655 71 15766 8 15848 50 15911 70 16021 10 16103 50 16167 70 16276 17 16357 52 16424 69 16531 19 16613 60 16680 69 16786 21 16867 63 16937 68 17042 21 17123 64 17193 68 17297 22 17379 64 17448 69 17553 22 17635 139 17810 22 17851 12 17888 142 18066 22 18105 15 18143 98 18242 31 18276 9 18323 21 18358 19 18399 95 18499 30 18533 8 18579 21 18612 21 18655 92 18756 28 18791 4 18836 20 18864 25 18910 92 19013 26 19049 1 19093 19 19119 26 19167 89 19269 26 19349 18 19373 28 19423 88 19525 26 19605 18 19629 28 19679 86 19781 21 19861 17 19883 30 19936 85 20037 18 20117 16 20139 31 20193 84 20282 5 20293 18 20373 16 20395 31 20449 85 20537 6 20549 18 20629 16 20652 30 20707 92 20805 17 20886 15 20910 29 20963 92 21062 15 21142 14 21167 28 21219 93 21322 9 21399 12 21425 26 21475 93 21578 9 21655 10 21682 25 21731 93 21835 7 21881 3 21938 26 21987 93 22092 6 22136 4 22195 26 22243 96 22348 8 22451 26 22500 97 22604 9 22707 26 22756 98 22857 12 22965 26 23012 114 23221 29 23269 114 23478 30 23525 114 23735 29 23780 19 23803 93 23993 28 24035 18 24061 91 24250 27 24291 18 24318 89 24509 23 24547 20 24573 90 24767 21 24802 22 24829 90 25024 19 25058 118 25279 20 25314 119 25535 20 25570 120 25791 19 25827 120 25949 4 26047 17 26083 11 26096 107 26204 6 26303 16 26339 10 26352 115 26560 13 26595 9 26608 115 26816 12 26851 9 26863 116 27073 10 27109 5 27118 117 27329 9 27373 110 27484 7 27587 5 27629 108 27740 7 27844 3 27884 108 27998 3 28140 108 28267 1 28395 108 28519 6 28649 110 28774 8 28904 110 29029 10 29158 111 29284 11 29413 112 29539 14 29603 5 29666 114 29794 15 29858 7 29921 114 30050 15 30111 12 30174 116 30306 15 30367 13 30429 116 30561 16 30611 4 30623 14 30683 117 30815 18 30867 6 30878 15 30938 117 31065 24 31122 30 31193 118 31319 26 31377 31 31449 117 31575 27 31633 31 31705 116 31830 29 31889 32 31961 116 32086 30 32144 33 32217 116 32342 31 32399 34 32474 115 32599 30 32650 40 32731 114 32855 30 32905 42 32987 114 33113 28 33160 44 33245 111 33371 26 33415 45 33502 84 33589 22 33630 5 33646 5 33670 46 33759 70 33830 11 33847 20 33904 1 33915 2 33925 47 34016 68 34087 8 34107 14 34171 2 34179 48 34272 67 34346 2 34365 11 34427 3 34435 48 34528 65 34623 7 34683 3 34690 49 34784 63 34880 4 34939 2 34945 50 35040 61 35201 58 35297 60 35458 58 35553 58 35715 58 35809 58 35971 59 36066 58 36229 59 36323 57 36486 58 36579 34 36614 23 36743 58 36836 33 36871 22 36999 58 37094 30 37127 24 37256 57 37353 26 37383 24 37512 58 37610 24 37639 24 37768 59 37868 21 37895 24 38024 59 38125 19 38153 21 38280 65 38382 18 38410 19 38536 67 38639 17 38670 15 38793 66 38896 16 38926 15 39049 67 39153 15 39183 13 39305 68 39418 2 39421 3 39439 13 39561 68 39673 7 39697 11 39816 69 39895 11 39919 1 39929 7 39953 10 39973 2 40072 69 40151 12 40175 1 40185 7 40211 6 40224 11 40328 69 40406 14 40431 1 40441 7 40469 2 40479 13 40584 68 40662 15 40687 1 40697 7 40734 15 40840 68 40917 16 40943 1 40953 7 40989 18 41091 2 41097 68 41171 18 41199 1 41208 8 41244 21 41345 5 41354 67 41425 21 41452 4 41463 9 41499 23 41601 6 41611 67 41681 22 41707 6 41718 10 41755 23 41857 7 41869 90 41963 7 41973 11 42011 23 42112 8 42125 91 42219 7 42227 13 42265 25 42367 10 42380 116 42520 25 42622 11 42635 117 42775 26 42873 135 43030 27 43128 136 43285 27 43383 137 43539 29 43639 137 43795 30 43895 137 44050 31 44150 138 44306 30 44406 138 44562 30 44661 139 44818 29 44917 139 45074 29 45173 139 45331 28 45430 138 45587 28 45686 138 45843 28 45887 3 45943 137 46099 28 46141 6 46199 137 46356 31 46388 17 46455 137 46613 49 46710 138 46873 46 46965 139 47131 45 47218 104 47323 37 47395 39 47465 5 47471 102 47584 32 47651 39 47719 110 47838 34 47908 39 47969 116 48091 37 48164 39 48225 117 48347 37 48420 40 48479 119 48603 37 48677 39 48735 119 48859 37 48931 2 48934 39 48989 121 49115 37 49185 44 49244 123 49371 37 49439 46 49499 124 49627 37 49695 46 49755 124 49883 37 49951 45 50011 124 50140 36 50207 45 50267 124 50397 35 50462 47 50521 126 50653 35 50717 48 50777 126 50909 35 50973 49 51032 127 51165 35 51229 49 51287 128 51421 35 51485 51 51541 130 51677 35 51741 51 51797 130 51933 35 52000 49 52053 130 52185 39 52257 48 52309 130 52440 40 52518 43 52567 169 52774 43 52823 28 52852 140 53031 41 53081 20 53111 137 53287 40 53338 14 53368 136 53545 36 53627 133 53801 34 53884 132 54057 33 54141 131 54314 32 54399 129 54570 31 54612 8 54656 128 54827 30 54867 10 54913 127 55083 30 55123 13 55169 127 55339 30 55379 15 55425 127 55596 29 55634 21 55681 127 55853 28 55889 24 55937 127 56110 25 56140 29 56194 93 56288 32 56367 22 56395 30 56450 93 56546 30 56624 22 56649 33 56707 92 56803 29 56881 58 56963 91 57061 27 57114 7 57139 56 57221 89 57319 25 57369 9 57396 55 57477 88 57576 24 57623 13 57652 55 57733 84 57835 21 57879 14 57909 54 57990 82 58091 21 58131 18 58165 54 58246 79 58346 22 58387 19 58421 53 58502 77 58602 22 58642 20 58678 51 58758 73 58857 23 58897 21 58936 48 59014 71 59113 23 59153 20 59199 38 59269 63 59368 24 59409 20 59455 36 59525 63 59624 18 59645 3 59665 19 59711 32 59781 62 59880 15 59903 1 59921 18 59967 31 60037 62 60136 15 60159 1 60179 16 60224 29 60293 61 60393 23 60435 14 60480 29 60550 58 60650 22 60692 12 60737 27 60808 48 60892 4 60908 20 60949 10 60994 9 61005 13 61066 44 61148 5 61165 19 61251 5 61263 10 61324 39 61403 6 61422 18 61507 4 61519 9 61580 39 61660 5 61679 17 61777 5 61837 38 61916 3 61935 17 62033 4 62095 35 62191 18 62239 6 62353 32 62449 17 62493 9 62612 29 62706 16 62748 11 62869 26 62963 15 63003 12 63070 1 63125 26 63219 15 63258 14 63325 2 63381 26 63476 14 63513 15 63638 24 63732 16 63766 19 63895 22 63989 11 64001 3 64021 21 64152 9 64163 10 64245 15 64277 23 64403 5 64410 5 64419 10 64501 14 64533 26 64657 7 64667 4 64675 10 64757 14 64788 27 64913 7 64924 1 64930 12 65013 14 65044 27 65168 9 65185 14 65268 12 65281 3 65300 23 65423 10 65440 16 65473 2 65524 12
169327,0 65536
187649,209 12 225 1 461 23 717 24 972 25 1228 26 1483 29 1739 28 1995 28 2251 28 2319 7 2507 29 2573 10 2763 29 2829 12 3020 27 3085 12 3276 27 3341 12 3533 25 3597 12 3789 25 3855 9 4044 25 4111 8 4300 24 4369 2 4555 24 4811 24 5067 24 5323 23 5579 22 5707 1 5835 21 5959 8 6073 2 6091 20 6213 10 6328 5 6347 19 6469 11 6585 4 6603 19 6725 11 6841 4 6859 19 6881 1 6982 10 7114 18 7135 6 7145 4 7239 9 7369 20 7391 8 7401 5 7495 8 7623 22 7647 16 7752 7 7879 22 7903 16 8010 3 8134 42 8389 43 8645 26 8672 6 8680 9 8901 26 8929 2 8937 10 9157 26 9193 12 9410 29 9449 12 9663 32 9706 13 9918 33 9962 13 10172 33 10219 14 10427 34 10475 14 10683 33 10733 14 10773 1 10939 33 10989 14 11027 4 11193 20 11216 11 11247 13 11282 5 11448 21 11472 11 11503 12 11538 6 11703 23 11729 8 11763 8 11794 6 11958 25 11984 9 12020 6 12049 8 12213 36 12279 1 12305 8 12469 36 12561 7 12725 36 12816 8 12980 38 13072 7 13237 37 13328 7 13493 37 13585 4 13751 34 13841 3 14008 33 14266 23 14291 5 14523 21 14733 8 14779 20 14988 10 15034 21 15243 11 15290 19 15499 12 15546 19 15754 13 15802 16 16006 2 16010 13 16058 15 16261 18 16315 12 16517 17 16573 8 16772 16 17028 15 17283 14 17539 13 17796 10 18052 9 18310 7 18350 7 18567 4 18605 8 18861 10 19117 11 19373 12 19412 5 19629 12 19667 7 19757 4 19884 13 19923 8 20012 7 20139 14 20178 10 20267 10 20395 13 20433 11 20523 18 20651 13 20689 11 20765 7 20777 22 20906 13 20945 11 21019 36 21161 13 21201 10 21273 40 21417 11 21457 10 21529 41 21673 10 21714 9 21783 45 21929 7 21972 4 22039 46 22185 6 22293 49 22444 1 22549 49 22804 50 23060 50 23194 3 23317 49 23449 5 23572 50 23705 6 23827 52 23961 8 24083 53 24217 8 24337 58 24473 12 24593 60 24729 13 24848 64 24918 1 24985 14 25066 1 25087 1 25104 65 25172 5 25241 14 25319 7 25340 4 25359 76 25469 8 25497 15 25573 10 25593 7 25615 76 25725 9 25753 15 25829 10 25848 8 25870 78 25979 12 26009 16 26085 27 26125 79 26235 12 26265 16 26340 28 26370 8 26379 78 26490 14 26522 15 26593 31 26625 87 26746 14 26778 16 26849 116 27001 16 27034 16 27104 117 27257 17 27290 16 27359 116 27511 20 27547 15 27615 117 27767 20 27803 15 27870 119 28019 24 28059 14 28126 119 28275 24 28316 13 28382 123 28511 3 28531 24 28573 12 28639 122 28766 5 28786 25 28829 11 28895 122 29022 5 29042 25 29085 10 29151 122 29279 3 29298 24 29343 7 29407 122 29555 10 29567 10 29663 121 29811 10 29823 10 29919 118 30068 9 30083 2 30175 116 30327 6 30431 116 30583 6 30688 115 30835 10 30944 115 31091 10 31134 6 31201 114 31347 8 31389 8 31457 112 31603 3 31641 13 31713 112 31896 14 31969 112 32151 14 32225 112 32407 14 32481 112 32663 12 32737 111 32919 11 32993 110 33174 10 33250 109 33430 9 33507 109 33686 7 33768 104 33942 5 34025 102 34201 1 34272 7 34280 103 34411 1 34527 10 34539 100 34664 6 34708 1 34713 1 34781 114 34919 8 34963 3 34967 7 35037 114 35157 8 35173 11 35217 16 35293 114 35415 6 35429 12 35473 17 35549 114 35671 6 35683 14 35727 20 35805 114 35927 6 35939 15 35983 21 36061 113 36185 4 36195 16 36238 23 36314 116 36443 1 36451 16 36493 25 36570 115 36708 15 36749 26 36825 116 36965 14 37004 28 37081 116 37221 15 37259 31 37336 117 37477 16 37515 33 37550 1 37592 118 37734 15 37770 39 37848 120 37991 14 38026 39 38104 121 38247 14 38282 39 38361 121 38489 4 38503 14 38538 39 38617 122 38743 6 38759 15 38794 41 38875 120 38998 6 39015 15 39051 40 39131 120 39253 6 39272 14 39307 48 39389 117 39509 4 39528 14 39563 48 39647 1 39651 111 39765 2 39785 13 39819 50 39909 109 40021 2 40042 11 40075 50 40166 107 40277 2 40297 12 40331 50 40424 9 40439 90 40533 2 40553 12 40587 50 40685 4 40696 88 40790 1 40809 10 40843 50 40921 2 40954 86 41046 1 41065 10 41098 51 41175 7 41211 85 41322 7 41354 51 41429 12 41470 81 41579 5 41610 51 41683 14 41727 80 41825 2 41835 4 41867 50 41938 17 41984 79 42081 3 42091 2 42123 50 42194 17 42240 79 42337 4 42381 33 42417 11 42449 19 42496 78 42593 4 42637 32 42674 9 42705 19 42752 77 42849 3 42894 31 42931 6 42961 20 43008 77 43105 3 43151 31 43217 20 43264 57 43327 14 43361 3 43410 28 43473 20 43520 56 43586 11 43616 3 43667 27 43729 20 43776 55 43844 8 43871 4 43925 24 43985 21 44032 53 44101 6 44126 5 44181 24 44241 21 44288 55 44379 8 44439 22 44498 20 44544 56 44635 8 44695 21 44755 19 44800 57 44886 13 44953 17 45012 18 45056 57 45141 14 45209 17 45268 18 45312 58 45395 15 45467 12 45525 16 45568 59 45649 16 45723 11 45781 15 45824 59 45900 18 45982 5 46035 16 46080 59 46155 18 46291 14 46336 59 46409 20 46547 11 46592 59 46665 20 46803 10 46848 59 46920 20 47060 7 47104 59 47175 20 47317 6 47360 59 47431 19 47583 2 47616 59 47685 21 47872 61 47939 20 48082 9 48128 62 48194 20 48337 10 48384 83 48593 11 48640 82 48848 13 48896 82 49070 4 49103 15 49152 82 49326 4 49359 16 49408 61 49473 18 49499 1 49582 5 49614 17 49664 61 49729 18 49753 4 49838 5 49870 18 49920 61 49985 18 50005 8 50125 20 50176 61 50241 28 50381 21 50432 62 50495 30 50637 23 50688 93 50893 24 50944 92 51150 24 51200 92 51405 25 51456 92 51631 5 51661 24 51712 92 51886 7 51917 24 51968 92 52141 8 52173 23 52224 75 52300 16 52397 8 52429 22 52480 91 52653 9 52684 21 52736 90 52909 9 52940 20 52992 89 53165 9 53197 16 53248 90 53421 9 53453 15 53504 91 53602 4 53678 7 53760 92 53857 6 53935 6 54016 93 54112 15 54272 93 54367 18 54528 94 54623 21 54784 94 54879 22 55040 117 55296 117 55552 117 55808 118 56064 118 56320 119 56576 120 56832 120 57088 121 57344 121 57600 122 57856 122 58112 122 58340 3 58368 122 58595 5 58610 1 58624 122 58852 5 58865 2 58880 122 59109 4 59119 5 59136 123 59368 13 59392 123 59625 12 59648 123 59881 14 59904 122 60138 13 60160 118 60279 3 60295 4 60309 7 60394 13 60416 117 60537 1 60549 7 60557 2 60565 8 60650 13 60672 117 60791 4 60803 27 60839 6 60907 12 60928 113 61042 11 61059 28 61093 10 61163 12 61184 113 61299 45 61347 14 61419 12 61440 113 61556 45 61603 14 61675 12 61696 112 61813 60 61931 12 61952 112 62069 60 62188 11 62208 112 62327 58 62444 11 62464 112 62583 58 62700 11 62720 112 62840 57 62906 7 62957 11 62976 112 63096 57 63159 12 63213 11 63232 112 63353 56 63413 16 63469 11 63488 113 63610 55 63667 19 63724 13 63744 113 63867 76 63980 13 64000 114 64123 76 64235 14 64256 113 64379 78 64491 14 64512 113 64636 78 64747 14 64768 113 64894 77 65001 15 65024 113 65149 77 65256 15 65280 113 65405 77 65511 16
190259,0 216 229 23 256 216 486 21 512 217 743 20 768 217 999 19 1024 217 1256 17 1280 217 1512 8 1524 5 1536 217 1769 6 1781 3 1792 216 2025 5 2048 216 2281 5 2304 217 2560 217 2816 219 3072 219 3328 220 3584 220 3840 220 4096 220 4352 221 4608 221 4844 1 4864 223 5092 12 5120 241 5376 241 5632 242 5888 242 6144 242 6400 242 6656 242 6912 242 7168 242 7424 243 7680 243 7936 243 8192 243 8448 244 8704 244 8960 244 9216 245 9472 245 9728 245 9984 244 10240 244 10496 243 10752 243 11008 242 11264 207 11472 34 11520 206 11729 32 11776 206 11985 19 12006 10 12032 206 12240 16 12265 6 12288 206 12496 15 12521 4 12544 205 12752 14 12800 161 12963 42 13008 13 13056 161 13221 39 13264 12 13312 161 13477 39 13521 10 13568 160 13734 37 13779 7 13824 160 13991 34 14037 4 14080 161 14248 33 14336 161 14505 31 14592 160 14762 29 14848 160 15018 29 15104 160 15274 28 15360 160 15531 27 15616 159 15787 28 15872 159 16044 27 16128 159 16309 18 16384 158 16565 18 16640 158 16823 15 16896 158 17081 12 17152 158 17408 158 17664 158 17920 158 18176 158 18432 159 18688 159 18944 160 19200 161 19439 4 19456 162 19687 1 19694 6 19712 163 19941 15 19968 163 20195 18 20223 164 20450 17 20479 164 20705 18 20735 163 20960 17 20990 164 21216 17 21246 164 21471 16 21502 164 21727 16 21745 4 21758 163 21982 17 22000 9 22014 163 22237 29 22270 163 22493 28 22526 162 22749 28 22783 114 22901 44 23005 29 23039 113 23157 44 23261 29 23295 112 23415 7 23425 34 23517 30 23552 112 23672 5 23682 33 23773 29 23808 112 23938 33 24030 12 24045 13 24063 114 24194 33 24287 11 24301 13 24319 114 24450 33 24544 10 24559 8 24576 113 24706 33 24801 9 24817 5 24832 113 24961 34 25059 8 25088 113 25217 34 25315 8 25344 87 25433 24 25472 34 25572 7 25600 86 25690 23 25728 33 25828 7 25856 84 25946 22 25983 32 26085 6 26112 81 26203 20 26239 32 26341 6 26368 81 26459 16 26476 3 26495 31 26624 81 26715 14 26733 2 26750 31 26880 80 26971 14 27006 31 27136 80 27227 14 27262 31 27392 80 27484 12 27519 30 27648 80 27740 12 27775 30 27904 79 27997 10 28031 29 28121 9 28160 79 28253 10 28287 28 28376 11 28416 78 28510 7 28544 27 28631 15 28672 78 28767 6 28801 26 28887 15 28928 77 29059 24 29141 18 29184 45 29231 30 29315 23 29397 18 29440 45 29489 28 29573 20 29652 21 29696 45 29745 28 29829 20 29908 23 29952 44 30002 28 30083 21 30164 25 30208 44 30258 28 30339 20 30420 25 30464 43 30515 26 30593 22 30676 25 30720 42 30772 25 30849 21 30932 26 30976 41 31030 1 31036 16 31105 20 31189 24 31232 41 31293 14 31361 10 31372 9 31445 24 31488 41 31619 5 31702 21 31744 41 31875 4 31959 20 32000 40 32221 14 32256 40 32478 13 32512 39 32695 4 32735 11 32768 39 32949 8 32991 10 33024 25 33052 3 33059 2 33201 14 33250 6 33280 25 33457 15 33536 25 33712 17 33792 25 33968 17 34048 26 34225 16 34304 27 34481 16 34560 27 34738 15 34816 27 34995 14 35072 31 35251 14 35328 33 35508 13 35584 35 35767 10 35840 35 36025 7 36096 36 36352 37 36608 37 36864 37 37120 37 37376 37 37632 37 37888 37 38144 37 38400 36 38656 34 38912 33 39168 28 39424 24 39680 21 39936 20 40192 9 40204 6 40448 8 40463 2 40704 7 40960 7 41074 6 41216 5 41327 12 41472 5 41582 14 41728 5 41837 17 41980 1 41984 5 42093 18 42234 4 42240 5 42307 6 42347 20 42496 5 42562 7 42603 20 42752 5 42811 16 42859 21 42884 5 43008 5 43064 19 43115 21 43139 8 43264 5 43318 23 43371 22 43395 11 43452 1 43494 4 43520 5 43573 24 43627 22 43651 12 43749 6 43776 5 43828 25 43883 37 44002 10 44019 3 44032 5 44083 26 44139 38 44256 12 44275 4 44288 5 44338 27 44395 38 44508 17 44532 2 44544 5 44594 27 44651 38 44763 18 44800 5 44849 28 44906 39 45018 19 45056 5 45105 28 45163 38 45274 19 45312 5 45341 2 45361 28 45419 38 45529 22 45568 5 45596 6 45616 28 45675 39 45785 24 45815 4 45824 5 45851 8 45871 24 45932 39 46039 29 46071 6 46080 5 46106 10 46127 22 46189 39 46293 32 46326 7 46336 5 46361 12 46382 21 46446 39 46545 44 46592 5 46617 12 46638 20 46703 39 46801 45 46848 5 46866 21 46891 19 46961 38 47049 46 47099 10 47121 44 47218 37 47303 47 47355 10 47375 44 47478 33 47557 49 47611 9 47631 43 47735 32 47812 50 47867 8 47885 44 47994 29 48064 54 48123 8 48141 43 48251 27 48313 61 48378 7 48397 43 48508 27 48569 62 48633 7 48653 43 48764 27 48825 62 48889 7 48909 44 49021 27 49080 72 49165 44 49277 28 49336 72 49421 45 49534 27 49580 9 49592 72 49675 47 49791 28 49835 12 49849 71 49928 51 50048 36 50091 13 50107 69 50183 52 50305 37 50346 14 50363 69 50439 53 50562 55 50618 70 50694 54 50818 126 50949 56 51075 125 51205 56 51331 125 51459 60 51594 118 51715 61 51850 118 51972 61 52105 119 52228 61 52361 58 52423 57 52485 62 52561 4 52617 56 52681 55 52741 62 52816 6 52849 5 52872 57 52938 54 52999 60 53071 10 53103 10 53127 58 53194 54 53255 61 53327 13 53355 3 53359 10 53384 57 53450 54 53513 60 53583 14 53609 18 53641 56 53706 54 53769 60 53839 15 53865 18 53897 56 53961 55 54033 52 54096 15 54120 20 54151 57 54214 58 54289 52 54352 15 54375 21 54407 56 54469 59 54547 49 54609 16 54630 89 54725 59 54803 49 54867 108 54981 59 55060 45 55124 108 55237 59 55316 44 55381 108 55493 59 55573 41 55638 107 55750 58 55829 32 55866 3 55895 107 56007 57 56085 29 56151 111 56264 56 56341 27 56407 111 56520 56 56598 18 56663 112 56778 54 56855 16 56919 112 57035 53 57111 13 57175 112 57293 51 57368 9 57431 112 57549 51 57687 112 57805 51 57943 112 58061 18 58081 31 58200 111 58319 4 58341 27 58457 110 58575 4 58597 27 58711 68 58783 40 58854 26 58965 70 59040 39 59110 26 59219 70 59299 36 59365 27 59459 1 59475 70 59555 36 59621 27 59713 87 59809 1 59813 34 59877 27 59969 86 60065 2 60069 34 60133 27 60227 84 60319 5 60325 33 60389 27 60483 84 60575 38 60644 28 60743 80 60829 38 60900 28 60999 80 61085 38 61156 28 61255 81 61341 37 61412 28 61511 81 61596 38 61668 28 61763 1 61767 82 61851 39 61923 29 62019 2 62023 82 62106 39 62179 29 62272 129 62435 20 62459 5 62527 130 62691 19 62715 5 62780 115 62902 11 62947 18 62972 4 63035 116 63158 11 63203 18 63229 3 63289 117 63415 12 63459 18 63487 1 63544 118 63671 14 63715 17 63743 1 63799 119 63927 16 63971 16 64055 119 64183 16 64228 15 64311 120 64437 20 64485 14 64567 120 64692 21 64741 14 64822 147 64998 12 65078 148 65255 10 65325 2 65333 150 65512 5
191621,0 65536
191853,0 65536
192744,0 61 74 241 329 242 585 242 838 247 1093 249 1346 253 1601 767 2371 252 2628 251 2885 250 3141 253 3397 254 3652 42729 46385 248 46642 243 46900 240 47156 233 47390 3 47413 239 47669 224 47895 16 47923 226 48152 17 48178 5 48186 218 48407 252 48663 36 48701 211 48917 38 48964 201 49172 39 49221 188 49427 41 49477 187 49683 41 49733 187 49939 41 49990 186 50195 41 50246 186 50452 38 50503 185 50708 35 50759 185 50964 34 51017 183 51219 35 51274 182 51475 35 51535 177 51731 36 51792 176 51987 36 52048 176 52243 36 52305 175 52500 35 52561 175 52756 35 52816 176 53013 34 53072 176 53270 33 53328 176 53535 22 53584 176 53792 21 53840 176 54049 18 54097 175 54305 17 54354 174 54561 18 54612 159 54775 9 54799 5 54816 19 54869 158 55030 10 55050 12 55071 21 55125 171 55304 15 55327 22 55381 171 55557 48 55637 171 55813 48 55893 171 56069 48 56147 173 56324 48 56403 173 56579 49 56656 176 56835 48 56911 208 57123 16 57167 207 57379 16 57422 207 57634 17 57677 208 57890 18 57933 211 58145 20 58188 233 58443 234 58699 235 58955 236 59212 235 59468 237 59724 237 59980 236 60237 235 60493 234 60749 233 61006 231 61265 228 61522 225 61779 78 61858 144 62035 27 62063 48 62116 141 62291 24 62321 44 62373 139 62547 23 62577 44 62630 132 62803 22 62834 41 62886 132 63059 22 63090 41 63141 134 63317 20 63345 39 63396 92 63489 42 63574 19 63601 39 63652 92 63753 34 63834 14 63857 39 63908 92 64011 32 64091 12 64112 40 64164 92 64267 32 64348 11 64367 145 64522 33 64605 9 64623 145 64778 33 64864 5 64878 146 65034 33 65121 4 65134 147 65289 34 65379 1 65390 146
196973,0 65536
217771,0 65536
222553,0 65536
222596,0 65536
227391,0 65536
232617,20 37 139 6 223 18 276 37 395 8 479 17 532 37 651 9 735 16 787 37 907 17 992 15 1043 36 1163 18 1248 15 1299 34 1418 19 1504 13 1555 34 1674 20 1761 12 1800 1 1810 33 1930 21 2019 9 2056 2 2066 32 2186 21 2275 8 2322 21 2345 8 2442 22 2533 6 2578 19 2603 4 2699 22 2790 5 2834 19 2886 9 2955 22 3089 20 3141 13 3211 22 3345 10 3356 8 3395 16 3467 23 3602 7 3613 6 3651 16 3723 24 3859 4 3871 3 3906 19 3979 24 4117 1 4127 3 4161 20 4235 24 4410 27 4491 24 4666 27 4747 24 4920 30 5004 24 5174 32 5261 23 5427 35 5518 25 5682 37 5775 24 5888 1 5937 40 6033 20 6144 1 6193 40 6290 19 6400 1 6448 42 6547 18 6704 42 6804 17 6960 43 7061 12 7216 43 7319 9 7471 44 7534 11 7577 4 7727 44 7789 13 7982 47 8041 18 8237 48 8295 20 8491 52 8549 22 8733 2 8747 80 8988 6 9002 80 9245 5 9258 79 9502 5 9513 4 9521 70 9759 5 9769 4 9777 70 10016 5 10026 2 10034 69 10272 7 10291 68 10529 4 10547 69 10786 2 10804 69 11061 69 11317 70 11574 69 11831 68 12087 68 12343 67 12545 3 12599 66 12800 4 12856 64 13056 5 13114 61 13312 5 13371 8 13380 50 13568 5 13591 2 13616 2 13639 46 13824 4 13847 2 13861 1 13871 4 13896 45 14085 1 14115 5 14126 5 14153 43 14341 2 14370 7 14381 6 14409 43 14597 4 14625 10 14638 4 14665 42 14853 4 14880 11 14895 2 14921 42 15109 4 15136 11 15177 41 15365 4 15379 1 15392 11 15432 41 15620 5 15633 4 15648 11 15687 41 15875 6 15889 5 15904 10 15943 40 16132 3 16145 4 16161 8 16198 38 16388 3 16401 4 16419 5 16454 37 16645 1 16657 4 16709 38 16901 1 16913 3 16965 37 17221 35 17477 35 17667 1 17733 35 17923 1 17989 34 18246 33 18502 33 18759 31 18951 2 19015 31 19207 5 19271 30 19461 6 19527 31 19717 5 19783 32 19973 4 20039 33 20296 33 20552 35 20588 4 20809 42 21065 43 21321 44 21576 46 21831 47 22077 6 22087 48 22331 8 22341 50 22587 60 22841 63 23096 65 23164 3 23351 74 23606 76 23860 78 24115 80 24369 82 24455 3 24624 83 24708 7 24879 70 24952 21 25135 70 25208 21 25389 71 25465 1 25473 13 25645 71 25717 6 25729 14 25901 78 25984 16 26157 78 26240 17 26413 79 26495 19 26669 80 26751 20 26925 102 27181 102 27437 103 27694 102 27950 102 28206 103 28462 103 28718 103 28938 9 28974 103 29192 13 29230 103 29447 16 29486 103 29701 19 29742 102 29955 24 29998 102 30211 27 30254 101 30467 32 30500 112 30723 48 30775 94 30979 45 31032 94 31235 45 31288 95 31491 46 31545 95 31747 46 31801 95 32003 47 32057 96 32259 48 32314 95 32514 51 32567 98 32769 153 33024 154 33280 154 33536 154 33792 154 34048 153 34304 153 34560 153 34816 153 35072 153 35328 153 35584 152 35840 151 36096 150 36352 149 36608 147 36864 146 37120 139 37376 139 37632 139 37888 140 38144 141 38400 141 38656 141 38912 141 39168 141 39424 140 39680 136 39936 135 40192 133 40448 131 40704 131 40960 130 41216 129 41472 129 41728 129 41984 116 42103 10 42240 116 42363 3 42496 116 42752 116 43008 115 43264 115 43520 115 43776 115 44032 115 44288 115 44544 115 44800 115 45056 115 45312 115 45568 115 45824 114 46080 113 46336 113 46592 96 46690 13 46848 95 46947 10 47104 94 47204 7 47360 93 47616 93 47872 93 48128 93 48384 93 48640 93 48896 93 49152 93 49408 93 49664 93 49920 94 50176 95 50432 102 50688 4 50695 96 50944 1 50953 30 50985 64 51208 30 51241 65 51464 29 51496 67 51720 28 51752 67 51976 11 51992 11 52009 67 52233 9 52249 9 52265 67 52489 8 52508 5 52526 63 52746 6 52784 61 53042 59 53298 58 53555 35 53594 16 53812 33 53851 14 54069 32 54107 13 54327 30 54364 11 54584 28 54621 7 54841 14 54862 5 54878 3 55099 8 55119 4 55359 3 56833 8 57088 11 57344 13 57360 3 57405 5 57600 21 57659 10 57856 21 57914 13 58112 21 58155 1 58169 16 58368 21 58408 6 58424 17 58624 22 58664 7 58680 17 58880 22 58919 9 58935 18 59136 23 59175 10 59191 18 59392 22 59431 9 59447 18 59650 14 59687 9 59701 20 59907 11 59943 10 59957 20 60198 37 60453 39 60708 41 60963 42 61219 42 61475 43 61733 41 61989 41 62245 42 62501 42 62758 41 63015 40 63271 28 63301 10 63529 24 63558 7 63791 17 64049 14 64306 5 65283 3
238364,0 466 469 252 725 12440 13168 253 13424 251 13680 251 13936 251 14191 252 14447 252 14701 1475 16178 253 16434 253 16691 252 16949 251 17205 5 17213 242 17461 6 17468 242 17717 248 17973 250 18229 3 18233 247 18485 2 18489 248 18745 249 19001 250 19257 253 19513 2524 22041 252 22297 251 22553 251 22809 251 23066 250 23327 246 23582 247 23835 250 24091 250 24345 252 24601 252 24857 252 25111 246 25366 246 25623 244 25871 2 25879 243 26127 2 26135 244 26382 3 26391 250 26647 251 26903 251 27158 252 27413 2288 29702 255 29959 254 30215 254 30471 254 30727 254 30983 254 31238 3564 34805 252 35062 251 35318 1301 36620 255 36876 1279 38158 252 38415 251 38671 251 38927 251 39183 252 39439 254 39694 3593 43293 250 43549 250 43806 249 44062 251 44319 250 44577 250 44833 251 45089 252 45345 222 45568 29 45601 3066 48668 253 48924 253 49179 8940 58125 249 58381 243 58637 243 58893 243 59146 246 59403 245 59659 245 59915 2 59918 242 60174 242 60431 9 60441 231 60687 241 60943 241 61185 3 61199 241 61441 4 61455 248 61711 248 61967 248 62222 249 62476 12 62493 232 62730 13 62753 228 62985 14 63010 227 63240 15 63268 225 63496 16 63523 226 63752 1 63756 16 63775 230 64012 249 64270 246 64527 12 64540 228 64769 2 64784 10 64797 227 65041 10 65053 227 65298 3 65302 5 65313 75 65393 143
243578,30206 2 30461 3 30715 5 30967 9 31221 11 31475 13 31727 17 31981 19 32235 21 32487 25 32741 27 32996 28 33245 35 33499 37 33751 41 34005 43 34259 45 34511 49 34764 52 35017 55 35268 60 35522 62 35775 65 36030 66 36285 67 36539 69 36791 73 37044 76 37295 81 37550 82 37804 84 38059 85 38309 91 38564 92 38817 95 39071 97 39323 101 39574 106 39827 109 40079 113 40330 118 40583 121 40837 123 41091 125 41344 128 41599 129 41851 133 42105 135 42357 139 42611 141 42862 146 43117 147 43369 151 43623 153 43876 156 44128 160 44382 162 44637 163 44888 168 45142 170 45392 176 45647 177 45900 180 46153 183 46407 185 46662 186 46917 187 47171 189 47422 194 47671 201 47924 204 48179 205 48433 207 48688 208 48942 210 49196 212 49443 221 49697 223 49952 224 50202 3 50206 226 50454 234 50708 236 50960 240 51214 242 51465 247 51719 249 51969 13567
246195,0 1998 2003 250 2259 250 2516 249 2772 249 3031 246 3289 244 3547 243 3803 244 4059 244 4316 244 4569 249 4823 17022 21849 251 22105 252 22361 253 22617 1012 23633 250 23891 246 24147 246 24403 245 24659 244 24915 244 25171 243 25426 106 25534 135 25681 107 25790 131 25936 76 26015 28 26045 131 26191 75 26271 27 26301 129 26443 78 26528 27 26557 127 26698 77 26785 152 26954 70 27027 2 27041 152 27210 68 27299 148 27466 67 27559 143 27722 66 27817 145 27977 66 28053 3 28077 143 28233 66 28309 4 28333 146 28489 66 28566 1 28589 146 28745 66 28833 1 28843 149 29001 66 29089 1 29097 152 29256 67 29353 152 29510 69 29607 155 29765 70 29863 128 29999 92 30115 131 30256 91 30370 131 30520 85 30625 132 30778 83 30880 131 31037 81 31135 132 31293 81 31391 130 31551 80 31647 130 31807 81 31903 128 32059 86 32161 125 32314 87 32417 121 32569 90 32674 117 32824 93 32930 112 33079 96 33186 109 33335 98 33441 95 33541 7 33591 201 33797 6 33847 201 34103 201 34358 202 34611 205 34866 206 35089 14 35117 211 35343 17 35372 133 35509 75 35597 20 35627 129 35766 74 35853 20 35883 128 36023 73 36101 3 36108 23 36138 129 36279 6 36289 63 36356 5 36364 23 36394 129 36535 4 36547 61 36611 33 36649 132 36785 13 36802 62 36866 35 36905 215 37121 37 37159 10418 47582 248 47838 245 48094 243 48350 243 48607 242 48863 240 49121 238 49380 213 49597 18 49642 11 49659 190 49853 17 49900 6 49920 185 50111 12 50176 185 50432 185 50688 185 50944 185 51200 185 51456 185 51712 185 51901 5 51968 195 52224 196 52480 195 52736 195 52992 195 53248 192 53504 190 53760 189 54016 188 54272 187 54528 186 54784 185 55040 177 55219 5 55296 176 55552 175 55808 175 56064 174 56320 173 56576 173 56832 173 57088 172 57344 171 57600 171 57856 171 58112 171 58368 171 58624 171 58880 171 59136 171 59392 170 59648 86 59735 82 59904 86 59991 81 60160 87 60249 78 60416 87 60506 76 60672 87 60763 74 60928 86 61020 73 61184 86 61277 72 61440 86 61533 22 61559 44 61696 86 61791 17 61824 32 61952 85 62048 14 62082 27 62208 85 62307 1 62339 23 62464 84 62595 21 62720 83 62852 17 62976 83 63109 16 63232 81 63365 10 63488 80 63622 9 63744 79 64000 78 64256 2 64266 68 64523 67 64781 65 65040 1 65044 58 65300 57
246347,48 9 105 2 169 4 305 10 561 10 817 10 1073 10 1328 12 1584 11 1840 11 2096 11 2113 3 2353 10 2369 3 2609 10 2625 3 2865 9 3121 8 3378 3 3633 3 3887 4 3931 2 4001 2 4142 4 4187 3 4257 4 4397 5 4651 7 4905 9 5157 12 5411 13 5667 11 5817 1 5923 7 6073 2 6179 6 6328 3 6583 4 6838 5 7093 6 7349 5 7604 5 7862 1 8643 2 8897 5 8923 3 9150 8 9177 6 9406 7 9433 7 9661 8 9688 9 9917 8 9944 9 10173 7 10199 10 10429 7 10455 10 10611 7 10682 11 10711 10 10867 8 10937 12 10967 9 11121 11 11159 2 11185 2 11192 13 11222 9 11376 12 11417 1 11425 2 11441 21 11478 9 11631 13 11673 2 11679 6 11697 22 11734 7 11887 13 11929 12 11952 23 11990 6 12143 12 12171 5 12186 11 12207 24 12249 1 12399 12 12427 5 12443 10 12462 25 12656 11 12682 5 12699 10 12717 26 12912 11 12938 5 12956 10 12973 26 13169 10 13195 2 13213 10 13226 28 13426 7 13469 41 13727 38 13983 38 14237 6 14245 32 14489 10 14502 31 14744 11 14758 30 14961 4 14999 12 15014 29 15199 2 15215 8 15254 12 15269 29 15455 3 15472 7 15509 13 15525 29 15711 4 15729 6 15747 2 15764 15 15781 28 15967 4 15985 5 16003 4 16019 45 16221 5 16255 9 16275 45 16476 5 16510 10 16531 12 16546 30 16766 11 16786 12 16803 29 17022 11 17043 11 17059 29 17279 10 17299 9 17315 30 17389 8 17536 8 17555 8 17572 29 17645 8 17795 3 17813 2 17831 25 17901 6 18087 25 18157 5 18344 23 18427 4 18601 22 18681 7 18858 9 18869 10 18927 1 18936 8 19114 7 19126 9 19183 17 19370 6 19383 9 19438 18 19627 4 19641 7 19694 18 19901 2 19949 19 20204 20 20458 22 20713 23 20967 25 21223 25 21479 25 21735 25 21993 23 22250 22 22511 17 22769 15 23025 15 23282 14 23539 12 23796 9 25344 3 25600 3 25856 2 26112 2 26311 3 26368 3 26567 3 26624 3 26825 1 26880 4 27136 4 27392 5 27648 5 27904 5 28160 5 28416 5 28426 3 28672 5 28681 5 28928 5 28935 8 29180 8 29191 8 29435 9 29447 9 29686 14 29704 9 29941 15 29961 7 30196 16 30217 7 30452 17 30707 18 30963 18 31219 18 31475 18 31731 5 31744 5 31988 3 32000 6 32256 6 32512 7 32768 7 33024 8 33280 9 33536 9 33792 10 34048 9 34304 9 34560 10 34816 10 35072 11 35328 10 35584 9 35840 9 36096 9 36352 10 36608 10 36864 10 37120 11 37376 11 37632 11 37888 11 38144 9 38400 8 38656 8 38912 9 39169 4 39175 2 40968 1 41221 6 41476 8 41729 12 41984 13 42240 13 42496 13 42752 15 43008 16 43264 18 43520 18 43776 19 44032 19 44288 20 44544 21 44800 21 45056 21 45312 21 45568 21 45824 20 46080 20 46336 20 46592 19 46848 19 47104 19 47361 18 47617 17 47875 14 48131 14 48389 10 48645 10 48903 7 49159 6 50965 4 51221 4 51477 4 51735 2 63019 2 63274 3 63531 1 64775 5 65030 6 65281 13
250616,0 65536
252446,172 1
254228,0 65536
255130,0 65536
255132,0 75 79 93 200 25 256 164 424 2 455 25 512 163 710 25 768 163 965 26 1024 163 1220 27 1280 163 1475 27 1536 159 1697 1 1731 26 1792 135 1930 19 1987 26 2048 135 2186 18 2243 25 2304 134 2443 16 2499 25 2560 134 2699 15 2756 23 2816 134 2955 14 3012 23 3072 135 3211 13 3268 22 3328 135 3466 12 3522 23 3584 136 3722 13 3775 23 3840 151 4029 18 4096 151 4285 17 4352 152 4543 6 4608 152 4801 1 4864 152 5120 152 5376 151 5632 151 5861 3 5879 1 5888 149 6116 6 6133 6 6144 149 6371 8 6388 8 6400 148 6627 8 6641 12 6656 147 6883 9 6895 15 6912 147 7139 28 7168 147 7395 28 7424 83 7508 63 7652 27 7680 147 7909 174 8172 166 8429 162 8685 161 8941 159 9197 158 9451 159 9707 158 9962 159 10217 160 10473 160 10727 162 10982 163 11230 5 11237 163 11485 6 11493 162 11741 170 11997 169 12251 171 12507 171 12761 173 13015 174 13269 176 13524 177 13779 177 14035 175 14291 174 14547 170 14802 32 14842 129 15058 31 15099 96 15199 18 15313 30 15355 116 15569 31 15611 110 15825 32 15867 110 16080 33 16123 110 16335 36 16379 110 16589 38 16634 111 16844 40 16890 111 17099 41 17145 112 17271 11 17354 43 17401 112 17525 14 17610 43 17657 113 17779 18 17801 4 17866 43 17912 115 18035 28 18122 43 18168 117 18289 30 18377 45 18424 118 18544 32 18633 46 18680 152 18887 48 18936 151 19143 48 19192 151 19398 49 19449 149 19653 50 19705 147 19908 50 19961 146 20163 51 20217 145 20419 51 20473 144 20675 51 20729 143 20931 51 20985 142 21187 52 21240 134 21445 186 21701 186 21957 187 22214 185 22469 47 22520 135 22725 47 22777 133 22981 46 23035 130 23237 45 23291 128 23493 44 23549 126 23749 44 23804 127 24007 41 24060 127 24265 38 24316 125 24522 37 24571 121 24779 36 24827 118 25035 37 25082 119 25292 37 25337 119 25549 36 25593 119 25805 36 25849 119 26053 5 26061 36 26104 119 26308 7 26317 36 26360 119 26564 45 26615 120 26820 45 26871 106 26978 13 27075 46 27127 106 27234 13 27316 1 27330 47 27383 108 27492 11 27568 8 27580 52 27639 107 27749 9 27823 65 27895 107 28011 1 28078 65 28151 107 28333 65 28407 107 28588 65 28661 109 28844 64 28917 109 29099 64 29171 110 29355 64 29427 110 29611 63 29681 112 29866 64 29935 113 30121 182 30376 181 30625 188 30881 186 31135 188 31391 188 31645 190 31901 190 32155 193 32411 71 32483 120 32667 68 32739 120 32923 65 32994 118 33179 62 33249 117 33434 63 33505 116 33689 63 33760 116 33944 63 34016 115 34199 64 34271 116 34455 62 34527 116 34710 61 34783 116 34966 58 35038 117 35222 47 35293 118 35478 46 35549 92 35645 29 35733 46 35805 91 35902 28 35989 46 36061 90 36159 26 36245 46 36315 92 36416 11 36428 13 36501 46 36571 90 36673 7 36757 46 36827 89 36931 4 37013 46 37082 88 37269 46 37338 88 37525 46 37594 87 37781 46 37850 86 38037 46 38107 86 38293 46 38364 85 38549 46 38621 84 38805 45 38878 83 39061 44 39135 82 39317 44 39391 82 39550 6 39573 43 39647 82 39804 11 39819 5 39830 41 39905 80 40059 14 40074 6 40087 39 40162 78 40314 23 40345 36 40419 72 40493 2 40569 24 40602 34 40676 69 40822 28 40859 33 40932 69 41077 29 41115 33 41188 74 41329 33 41370 35 41443 72 41583 35 41626 35 41699 72 41836 38 41883 35 41954 73 42091 39 42139 35 42210 72 42347 30 42381 6 42395 36 42466 71 42603 30 42639 4 42651 36 42722 71 42857 32 42895 5 42909 34 42978 70 43112 33 43150 7 43165 34 43233 70 43366 36 43405 8 43422 34 43489 70 43621 48 43677 35 43745 69 43876 49 43933 36 43999 70 44131 50 44189 36 44255 71 44381 56 44443 37 44511 71 44635 57 44699 37 44767 72 44885 62 44954 37 45023 72 45139 64 45210 37 45279 74 45394 63 45465 36 45536 73 45650 63 45721 36 45793 72 45905 64 45977 29 46049 72 46161 65 46233 28 46306 70 46417 66 46489 26 46562 70 46673 66 46746 24 46818 70 46929 67 47003 21 47074 70 47185 67 47259 20 47294 2 47330 70 47440 68 47524 10 47547 11 47585 71 47696 68 47781 9 47803 12 47841 72 47951 68 48039 6 48055 18 48097 72 48203 72 48297 2 48307 22 48353 73 48428 3 48458 72 48558 27 48609 80 48695 3 48713 72 48813 29 48865 92 48968 72 49069 31 49122 91 49223 73 49325 32 49378 93 49479 10 49490 61 49564 3 49579 36 49635 92 49734 11 49746 61 49819 5 49835 36 49891 109 50003 61 50075 5 50090 37 50147 108 50259 63 50331 5 50345 38 50404 106 50514 65 50601 38 50660 105 50770 67 50857 38 50917 102 51026 68 51113 38 51174 103 51282 68 51369 37 51431 102 51538 69 51627 34 51691 98 51794 69 51882 35 51948 99 52049 16 52066 53 52136 36 52205 99 52305 15 52322 53 52391 36 52461 115 52579 53 52644 39 52718 114 52835 53 52899 40 52974 16 52992 95 53091 53 53155 40 53231 12 53248 95 53347 53 53411 41 53487 10 53504 96 53602 31 53634 21 53667 42 53744 6 53760 96 53858 31 53891 19 53923 43 54001 4 54016 129 54151 3 54157 8 54178 45 54253 2 54272 130 54414 5 54433 24 54459 20 54508 3 54528 130 54671 6 54687 24 54720 15 54763 5 54784 130 54928 5 54941 26 54977 14 55019 4 55040 93 55137 33 55185 37 55234 13 55275 4 55296 90 55393 32 55441 37 55490 12 55531 4 55552 82 55649 32 55697 36 55746 11 55808 81 55905 32 55953 36 56002 11 56064 80 56160 32 56210 36 56257 12 56320 79 56415 32 56467 36 56513 12 56576 79 56670 33 56723 37 56768 13 56832 78 56925 33 56979 38 57023 14 57088 77 57176 37 57235 41 57277 17 57344 78 57430 39 57490 60 57600 79 57684 41 57745 40 57787 19 57856 79 57939 42 58001 40 58044 18 58112 126 58259 37 58301 17 58368 127 58516 36 58557 17 58624 127 58773 34 58814 16 58880 101 58984 23 59029 33 59070 16 59136 78 59217 10 59232 1 59242 21 59285 33 59326 16 59392 75 59475 7 59499 20 59541 33 59581 17 59648 72 59757 17 59797 34 59837 18 59904 71 60014 16 60053 34 60093 18 60160 72 60273 12 60310 33 60348 18 60416 72 60530 10 60566 34 60603 18 60672 73 60789 5 60823 34 60858 19 60928 73 61080 53 61184 73 61339 49 61440 73 61596 48 61696 74 61853 47 61952 75 62110 45 62208 75 62371 40 62464 75 62629 38 62720 75 62887 35 62976 74 63143 34 63232 73 63399 34 63488 73 63655 34 63744 71 63911 35 64000 71 64167 36 64256 71 64423 38 64512 71 64680 38 64768 71 64936 39 65017 78 65193 38 65273 78 65449 38 65511 2 65528 8
255544,0 18176 18179 253 18435 253 18691 253 18948 252 19204 252 19461 251 19717 251 19973 251 20229 251 20485 251 20742 250 20998 250 21255 249 21511 249 21768 248 22024 248 22280 248 22536 248 22793 247 23049 247 23305 247 23561 247 23818 246 24074 246 24331 245 24587 245 24844 244 25100 244 25357 243 25613 243 25870 242 26126 242 26382 242 26639 241 26895 241 27151 241 27407 241 27664 240 27921 239 28177 239 28433 239 28690 238 28947 237 29203 237 29459 237 29715 237 29971 237 30227 237 30484 236 30740 236 30996 236 31253 235 31509 235 31765 235 32022 234 32279 233 32535 233 32791 233 33047 233 33303 233 33560 232 33816 232 34073 231 34329 231 34585 231 34841 231 35097 231 35353 231 35610 230 35867 229 36123 229 36379 229 36635 229 36891 229 37148 228 37404 228 37660 228 37916 228 38173 227 38429 227 38685 227 38941 227 39198 226 39454 226 39711 225 39967 225 40223 225 40480 224 40736 224 40993 223 41249 223 41505 223 41762 222 42019 221 42275 221 42531 221 42788 220 43044 220 43300 220 43556 220 43813 219 44069 219 44325 219 44582 218 44838 218 45095 217 45351 217 45607 217 45863 217 46119 217 46376 216 46633 215 46889 215 47145 215 47401 215 47657 215 47914 214 48170 214 48427 213 48683 213 48939 213 49195 213 49452 212 49708 212 49965 211 50221 211 50478 210 50734 210 50990 210 51246 210 51503 209 51759 209 52015 209 52272 208 52529 207 52785 207 53041 207 53297 207 53553 207 53809 207 54067 205 54323 205 54579 205 54835 205 55092 204 55348 204 55604 204 55861 203 56117 203 56374 202 56631 201 56887 201 57143 201 57399 201 57655 201 57911 201 58168 200 58425 199 58681 199 58937 199 59193 199 59449 199 59705 199 59962 198 60219 197 60475 197 60732 196 60988 196 61244 196 61500 196 61756 196 62013 195 62269 195 62526 194 62783 193 63039 193 63295 193 63551 193 63807 193 64063 193 64320 192 64576 192 64832 192 65088 192 65344 192
260940,0 117 230 9 256 117 487 7 512 117 735 1 744 5 768 116 991 2 1001 3 1024 116 1247 2 1257 2 1280 108 1391 5 1469 4 1502 3 1536 107 1648 3 1726 3 1759 2 1763 6 1792 107 2015 12 2048 106 2271 13 2304 106 2527 15 2560 106 2782 17 2816 106 3037 19 3072 106 3293 20 3328 107 3459 2 3549 20 3584 107 3715 3 3805 20 3840 106 3956 4 3963 12 4061 20 4096 106 4211 21 4317 20 4352 105 4465 24 4581 11 4608 103 4720 25 4839 8 4864 101 4973 29 5098 4 5120 101 5227 31 5376 99 5481 34 5583 6 5632 99 5735 36 5839 8 5888 139 6093 12 6144 139 6348 15 6400 140 6604 15 6656 140 6860 16 6912 140 7117 16 7168 140 7345 2 7375 13 7424 139 7600 6 7635 9 7680 139 7855 7 7894 6 7936 139 8110 10 8151 6 8192 139 8365 11 8407 6 8448 139 8616 16 8664 7 8704 139 8871 17 8920 7 8960 85 9047 52 9125 19 9177 7 9216 139 9381 18 9433 8 9472 139 9637 17 9691 6 9728 139 9892 17 9947 6 9984 139 10148 17 10203 6 10240 139 10403 18 10459 6 10496 33 10535 98 10659 16 10713 8 10752 32 10791 98 10915 16 10969 8 11008 30 11047 97 11171 14 11223 11 11264 29 11303 96 11427 14 11479 12 11520 29 11558 97 11687 6 11735 13 11776 29 11812 99 11991 14 12032 134 12245 16 12288 133 12501 17 12544 133 12756 18 12800 133 13011 19 13056 132 13267 18 13312 133 13523 18 13568 135 13779 18 13824 137 14035 18 14080 139 14291 19 14336 139 14548 19 14592 139 14805 19 14848 140 15003 2 15063 17 15104 146 15257 6 15321 16 15360 147 15512 7 15578 15 15616 69 15691 16 15719 56 15836 12 15871 70 15947 16 15979 52 16092 12 16126 69 16203 16 16239 48 16349 12 16379 55 16437 12 16459 16 16496 47 16594 5 16606 12 16634 41 16679 10 16716 14 16753 46 16848 27 16889 17 16908 23 16937 8 16973 12 17010 46 17103 28 17145 17 17166 20 17195 7 17229 10 17267 46 17357 30 17401 17 17423 19 17450 8 17485 9 17523 46 17612 29 17657 17 17681 7 17692 6 17705 10 17739 6 17781 47 17865 32 17912 18 17938 5 17949 6 17961 10 17995 6 18037 48 18120 32 18168 17 18197 2 18203 8 18217 10 18250 8 18293 51 18373 34 18423 18 18459 8 18473 9 18505 9 18549 51 18628 35 18679 18 18709 2 18713 10 18730 7 18760 11 18804 53 18883 34 18935 18 18964 16 18987 6 19015 12 19059 54 19139 34 19191 17 19216 21 19245 2 19270 13 19315 56 19373 5 19394 33 19447 8 19456 8 19471 22 19527 14 19571 64 19650 33 19703 8 19712 9 19726 23 19785 12 19827 6 19839 53 19905 33 19960 5 19968 9 19981 24 20042 11 20083 6 20096 53 20161 32 20217 3 20224 8 20237 25 20301 9 20331 8 20340 3 20352 54 20417 30 20480 8 20493 25 20557 9 20587 8 20609 54 20672 31 20736 7 20750 25 20813 10 20843 9 20865 54 20923 35 20992 6 21007 25 21069 10 21100 9 21121 54 21177 36 21247 1 21263 26 21325 10 21357 8 21377 54 21432 36 21501 3 21520 25 21582 9 21614 6 21633 54 21690 34 21757 3 21777 25 21839 6 21889 54 21948 32 22013 3 22034 25 22097 3 22145 15 22163 36 22208 28 22269 3 22290 25 22403 11 22421 36 22464 22 22489 2 22525 3 22547 24 22660 9 22678 35 22721 20 22781 3 22803 23 22919 4 22935 35 22977 19 23038 2 23059 23 23191 38 23234 17 23295 1 23307 6 23316 22 23382 1 23438 1 23447 40 23492 12 23562 8 23572 22 23638 1 23694 1 23703 41 23755 2 23817 10 23828 21 23948 4 23960 41 24072 11 24085 20 24203 5 24217 40 24328 11 24343 18 24459 5 24476 37 24584 11 24599 18 24619 6 24714 6 24733 36 24841 10 24857 27 24970 6 24990 43 25097 9 25114 27 25226 5 25247 44 25355 6 25371 34 25415 3 25503 46 25611 6 25628 35 25669 7 25759 47 25867 6 25884 50 26014 49 26122 7 26141 50 26270 50 26378 6 26395 53 26512 3 26526 49 26634 6 26645 60 26767 4 26781 50 26890 5 26900 61 27023 4 27037 50 27146 5 27156 61 27281 1 27293 50 27403 2 27412 62 27548 52 27659 3 27668 63 27804 52 27915 5 27925 62 28060 54 28171 6 28181 62 28315 56 28427 72 28572 55 28683 73 28828 55 28939 74 29085 54 29195 74 29341 54 29448 78 29597 54 29703 79 29854 52 29959 79 30110 49 30214 80 30366 47 30471 79 30585 4 30622 43 30727 79 30839 10 30879 42 30983 79 31071 4 31093 15 31132 2 31135 42 31239 79 31327 5 31349 15 31387 46 31495 79 31581 8 31605 15 31641 48 31752 78 31836 9 31860 19 31897 8 31906 38 32010 75 32091 10 32116 22 32152 9 32162 38 32267 72 32347 10 32372 23 32408 9 32418 38 32525 70 32603 9 32627 28 32663 49 32784 66 32882 30 32918 13 32934 34 33043 62 33130 39 33173 14 33193 31 33301 61 33385 42 33428 15 33450 30 33557 61 33639 60 33707 28 33814 60 33895 61 33965 28 33994 3 34069 60 34152 62 34221 34 34325 60 34409 62 34477 34 34581 59 34665 64 34733 34 34837 58 34921 65 34989 35 35093 57 35178 65 35245 36 35349 56 35434 66 35501 36 35603 58 35689 67 35757 37 35859 57 35945 106 36114 58 36201 108 36370 58 36457 109 36626 58 36711 77 36793 29 36882 57 36967 76 37049 11 37061 17 37137 58 37221 76 37309 5 37329 5 37393 58 37475 78 37565 4 37585 4 37621 6 37649 55 37729 79 37820 4 37875 11 37904 55 37982 82 38076 4 38130 13 38159 54 38237 82 38385 15 38415 54 38492 83 38637 19 38670 54 38746 85 38891 21 38926 54 39001 75 39082 5 39146 22 39181 54 39253 66 39339 3 39401 23 39436 55 39507 67 39595 3 39657 23 39691 55 39762 66 39850 5 39913 23 39947 54 40017 66 40105 6 40169 22 40203 53 40273 66 40360 7 40424 23 40462 49 40528 67 40615 9 40679 24 40716 49 40784 67 40855 4 40871 9 40935 24 40971 49 41041 67 41109 6 41127 9 41191 23 41227 48 41297 74 41383 9 41447 22 41482 49 41553 74 41639 9 41703 22 41737 50 41810 4 41816 67 41895 8 41958 22 41992 51 42066 3 42073 66 42148 11 42214 21 42248 51 42323 2 42328 59 42389 6 42403 12 42471 20 42504 51 42579 2 42583 60 42645 6 42659 12 42728 19 42760 51 42834 63 42916 1 42921 4 42985 17 43016 51 43090 63 43241 16 43273 49 43345 65 43497 16 43529 48 43601 68 43753 16 43785 46 43857 72 44009 15 44041 46 44112 74 44265 15 44295 46 44367 78 44521 14 44550 47 44623 78 44777 14 44803 48 44878 79 45034 13 45057 50 45134 78 45291 12 45312 50 45389 64 45456 11 45547 12 45568 50 45645 64 45713 10 45803 12 45824 49 45901 63 45970 8 46059 12 46080 49 46157 63 46227 6 46314 13 46336 48 46413 62 46483 6 46569 14 46592 47 46669 62 46739 6 46825 14 46848 43 46926 61 46997 2 47081 16 47104 41 47182 60 47268 1 47336 17 47360 39 47438 58 47524 3 47591 19 47616 39 47694 58 47847 19 47872 39 47950 57 48102 20 48128 40 48192 2 48206 57 48358 20 48384 41 48461 58 48613 21 48640 41 48717 58 48829 3 48869 21 48896 41 48972 59 49073 1 49083 5 49125 20 49152 41 49228 57 49328 3 49339 5 49369 3 49381 21 49408 41 49475 65 49583 6 49595 5 49623 8 49635 23 49664 41 49731 65 49838 7 49850 6 49879 10 49891 23 49920 41 49985 66 50093 7 50105 6 50135 34 50176 41 50241 66 50345 11 50361 6 50391 34 50432 41 50496 65 50599 12 50619 2 50647 33 50688 41 50751 63 50855 12 50903 32 50944 41 51007 62 51111 11 51159 30 51200 42 51262 63 51367 11 51415 30 51456 43 51517 63 51625 8 51669 30 51712 43 51773 62 51882 6 51924 31 51968 43 52029 62 52101 8 52175 34 52224 44 52285 62 52355 10 52431 27 52480 45 52528 1 52539 62 52611 11 52686 27 52736 50 52795 62 52867 12 52942 27 52992 51 53050 60 53123 12 53197 28 53248 51 53305 61 53378 14 53453 28 53504 51 53561 88 53709 29 53760 51 53817 89 53934 4 53965 29 54016 51 54072 91 54189 10 54221 17 54241 10 54272 51 54327 92 54445 12 54477 16 54499 9 54528 50 54583 92 54700 15 54734 15 54758 5 54784 50 54840 91 54955 16 54991 14 55015 4 55043 48 55095 92 55204 1 55211 17 55249 12 55273 2 55287 4 55303 44 55351 92 55460 4 55466 18 55492 1 55506 10 55542 6 55561 42 55605 92 55715 25 55747 5 55763 9 55797 7 55818 41 55860 92 55971 25 56003 5 56020 8 56052 8 56075 132 56225 27 56258 7 56278 5 56307 8 56331 132 56481 26 56514 7 56535 4 56561 10 56587 36 56625 93 56737 26 56771 6 56815 12 56842 36 56882 92 56993 26 57027 6 57070 14 57097 37 57138 92 57248 25 57285 2 57319 1 57324 16 57353 37 57393 93 57505 22 57575 22 57601 4 57609 37 57649 93 57761 18 57830 24 57857 6 57865 132 58017 17 58086 25 58112 6 58122 130 58274 15 58300 3 58343 31 58378 127 58531 14 58554 6 58599 30 58635 75 58715 45 58790 11 58809 8 58855 30 58892 73 58973 43 59047 11 59065 8 59111 30 59149 70 59229 44 59305 12 59320 9 59368 29 59405 54 59460 15 59486 43 59561 13 59576 9 59623 30 59661 54 59717 14 59742 43 59817 13 59832 9 59879 29 59917 54 59973 13 59998 43 60073 13 60088 8 60135 100 60255 43 60329 11 60347 4 60391 99 60511 43 60585 10 60647 97 60769 40 60841 10 60902 64 60969 29 61027 38 61097 9 61158 63 61225 28 61286 35 61356 3 61414 31 61452 25 61481 28 61542 34 61670 30 61711 4 61719 12 61738 25 61797 21 61825 4 61925 31 61976 11 61994 25 62053 20 62180 31 62233 12 62249 25 62309 20 62436 29 62490 39 62564 21 62691 29 62747 36 62819 23 62948 28 63003 35 63075 24 63204 28 63260 31 63296 5 63331 24 63461 27 63517 32 63551 6 63586 25 63718 26 63776 16 63802 10 63841 28 63974 26 64033 14 64058 7 64097 28 64230 26 64261 4 64289 14 64313 8 64339 42 64485 27 64516 7 64545 15 64569 8 64594 44 64738 30 64772 9 64801 16 64825 7 64849 45 64993 31 65028 9 65058 15 65082 6 65104 46 65249 31 65284 11 65315 17 65340 3 65360 46 65504 32
263633,0 28 256 29 512 29 768 33 1024 34 1090 5 1280 36 1339 14 1363 1 1536 37 1595 15 1619 2 1792 37 1836 9 1849 18 1873 4 1879 4 1888 5 2048 37 2091 10 2105 18 2128 5 2135 4 2143 6 2304 38 2345 34 2384 5 2400 6 2560 38 2601 36 2640 5 2656 6 2816 39 2857 36 2913 4 3072 40 3113 36 3329 76 3585 77 3841 78 4098 65 4166 10 4355 62 4423 8 4611 61 4680 7 4868 59 4937 6 5125 56 5194 4 5381 51 5637 50 5892 48 6147 47 6403 38 6660 37 6915 38 7170 39 7425 40 7539 5 7680 41 7795 5 7936 41 8051 6 8192 41 8307 6 8448 41 8562 16 8704 40 8818 17 8960 40 9073 18 9216 41 9329 19 9472 41 9585 20 9728 41 9841 20 9984 43 10097 21 10240 43 10353 22 10496 44 10610 21 10752 45 10866 22 11008 46 11123 21 11264 47 11379 21 11520 49 11640 15 11776 49 11896 15 12032 51 12153 12 12288 51 12409 11 12544 51 12667 8 12800 51 12924 5 13060 46 13317 45 13574 43 13830 42 14086 43 14342 43 14596 46 14851 48 14997 2 15105 50 15234 7 15251 6 15360 55 15489 9 15506 7 15616 57 15744 11 15761 10 15872 59 15999 13 16017 10 16128 60 16253 31 16305 7 16384 60 16507 34 16560 9 16640 61 16762 35 16815 12 16896 61 17017 36 17071 13 17152 61 17272 37 17327 14 17408 62 17528 37 17581 16 17665 63 17729 6 17784 37 17835 18 17921 71 18040 37 18091 18 18177 72 18297 34 18347 24 18432 74 18553 27 18581 5 18602 25 18688 74 18810 25 18858 26 18944 74 19066 24 19114 26 19200 10 19212 61 19322 23 19371 26 19456 9 19469 60 19577 24 19627 26 19712 6 19725 59 19832 18 19854 1 19884 25 19968 5 19981 59 20087 18 20141 24 20224 7 20237 59 20337 24 20393 28 20480 8 20493 59 20592 25 20648 29 20736 9 20748 60 20847 22 20903 30 20992 72 21103 20 21158 31 21248 72 21359 20 21413 31 21504 72 21615 20 21669 31 21760 72 21873 17 21925 31 22016 72 22133 13 22181 31 22272 71 22391 8 22437 31 22528 71 22648 5 22693 30 22784 70 22950 29 23040 70 23206 29 23296 4 23305 62 23463 27 23552 5 23561 64 23719 21 23808 9 23823 8 23835 48 23975 20 24061 3 24065 8 24082 3 24092 47 24231 18 24317 3 24321 8 24348 48 24490 13 24572 4 24577 9 24604 48 24747 11 24828 4 24833 10 24860 48 25004 7 25085 3 25089 10 25116 48 25263 4 25341 3 25345 12 25372 48 25597 3 25601 12 25628 48 25855 1 25857 12 25883 48 26114 11 26139 48 26374 3 26394 48 26650 47 26905 48 27162 46 27419 44 27675 43 27935 38 28095 2 28191 36 28350 4 28449 34 28607 3 28705 34 28863 3 28964 32 29220 32 29453 3 29477 32 29708 5 29733 32 29788 6 29955 14 29987 34 30043 8 30209 16 30243 34 30299 10 30464 17 30499 34 30555 15 30720 17 30754 35 30811 15 30976 18 31010 35 31066 17 31232 18 31266 35 31322 17 31488 19 31523 35 31578 17 31714 1 31744 19 31779 35 31833 18 31968 5 32000 19 32035 34 32088 19 32223 8 32256 19 32291 34 32343 24 32478 9 32512 20 32546 34 32599 26 32734 10 32768 21 32802 33 32855 27 32990 11 33024 22 33048 5 33056 33 33111 28 33247 10 33280 65 33367 28 33503 10 33536 63 33624 27 33759 10 33792 63 33881 26 34016 9 34048 62 34137 24 34273 7 34304 62 34394 22 34529 6 34560 61 34650 20 34817 60 34907 18 35074 59 35163 18 35331 58 35420 17 35589 56 35681 12 35846 55 35917 5 35938 11 36103 60 36170 9 36196 10 36291 7 36360 61 36424 11 36453 9 36547 8 36617 74 36709 9 36801 11 36874 73 36966 8 37056 15 37131 72 37225 4 37310 19 37387 72 37566 19 37643 72 37821 19 37899 71 38077 19 38155 70 38333 20 38411 69 38589 20 38667 68 38845 20 38869 3 38922 68 39102 19 39125 4 39177 69 39360 18 39379 6 39432 69 39616 26 39687 51 39745 10 39873 26 39943 46 40003 7 40129 26 40199 45 40262 1 40387 25 40455 45 40643 6 40651 8 40661 8 40711 44 40877 8 40921 3 40967 45 41131 14 41223 45 41385 19 41480 45 41641 20 41737 45 41897 22 41994 45 42152 23 42252 43 42409 26 42509 43 42665 28 42766 43 42921 28 43022 43 43177 29 43279 42 43433 29 43535 42 43689 29 43791 42 43944 29 44047 41 44200 29 44306 38 44456 28 44566 34 44712 27 44824 32 44968 27 45081 31 45224 27 45337 31 45480 27 45593 31 45736 27 45849 32 45992 27 46105 32 46248 27 46360 33 46505 27 46615 35 46762 27 46813 2 46870 36 47019 26 47068 4 47105 3 47125 37 47275 27 47325 3 47360 6 47380 38 47533 27 47581 2 47616 7 47635 39 47789 28 47872 7 47889 41 48043 31 48128 8 48144 41 48299 31 48384 7 48399 43 48552 35 48630 6 48640 7 48654 45 48703 8 48807 36 48885 8 48896 7 48909 58 49061 39 49141 9 49152 5 49164 60 49317 39 49396 9 49408 3 49419 62 49573 39 49651 10 49664 3 49675 62 49829 39 49907 9 49920 1 49931 63 50085 39 50159 12 50176 1 50187 63 50341 38 50414 12 50443 10 50455 52 50597 38 50670 11 50699 8 50713 50 50853 38 50926 11 50957 4 50971 48 51109 37 51182 10 51215 2 51228 47 51365 37 51438 7 51485 48 51622 35 51694 6 51741 48 51803 2 51873 39 51950 6 51997 48 52058 6 52126 41 52207 4 52253 47 52313 8 52381 40 52465 2 52509 47 52569 9 52635 41 52766 45 52824 11 52889 42 53023 44 53079 14 53145 42 53280 43 53335 14 53401 42 53537 42 53584 23 53656 43 53793 42 53840 23 53912 43 54049 41 54095 25 54169 22 54196 13 54254 7 54305 40 54351 25 54425 21 54453 11 54509 8 54561 40 54607 26 54681 19 54711 4 54765 10 54817 40 54863 26 54938 17 55021 10 55073 72 55195 15 55277 10 55329 72 55451 14 55532 11 55557 6 55584 73 55679 8 55711 9 55788 11 55813 6 55840 73 55932 12 55967 8 56044 11 56069 7 56083 4 56097 72 56185 16 56223 9 56299 14 56317 2 56325 8 56338 6 56353 71 56441 16 56479 10 56491 5 56555 14 56571 5 56581 8 56593 9 56609 70 56697 18 56736 17 56810 22 56836 9 56847 12 56863 71 56953 18 56993 17 57064 24 57092 97 57209 19 57249 18 57281 4 57288 4 57317 27 57348 96 57465 19 57497 1 57504 19 57535 14 57571 29 57604 94 57721 20 57751 5 57757 50 57815 6 57825 31 57860 93 57977 20 58006 58 58069 9 58081 31 58117 91 58233 18 58261 107 58373 91 58489 16 58517 107 58629 90 58746 14 58773 107 58885 88 59002 14 59029 107 59141 28 59173 53 59258 14 59285 107 59398 26 59429 52 59515 14 59541 107 59655 22 59684 51 59772 18 59796 108 59911 22 59939 52 60029 131 60168 4 60175 70 60287 129 60432 10 60444 57 60545 94 60641 31 60692 3 60700 56 60801 94 60897 31 60956 56 61056 95 61152 32 61212 55 61311 129 61468 55 61567 129 61724 52 61823 129 61980 47 62079 129 62236 46 62333 131 62492 45 62589 131 62747 45 62843 133 63003 44 63098 134 63258 45 63352 136 63514 45 63607 137 63770 45 63861 139 64026 45 64116 140 64281 47 64369 84 64456 56 64537 48 64625 83 64713 55 64793 48 64879 84 64969 55 65049 47 65135 83 65225 55 65305 40 65391 79 65482 54
268600,0 25457 25459 774 26234 29372 55609 71 55683 179 55866 69 55939 178 56122 69 56195 178 56379 68 56451 178 56634 69 56707 178 56890 69 56963 178 57145 72 57218 179 57400 8136
269087,0 45568 45569 255 45825 255 46081 255 46337 255 46593 18943
270495,0 11 39 48 90 6 122 5 135 4 173 40 221 20 256 11 296 47 349 2 378 4 429 39 478 19 512 10 552 47 606 1 635 3 685 39 734 19 768 9 808 48 891 2 931 2 939 41 991 2 995 14 1024 9 1064 48 1139 2 1146 3 1184 53 1251 15 1279 10 1320 49 1392 6 1401 4 1439 54 1507 15 1535 10 1575 49 1647 7 1657 5 1683 6 1693 57 1762 16 1791 10 1831 49 1901 18 1937 69 2017 17 2045 11 2087 28 2116 20 2156 20 2193 69 2271 20 2299 13 2343 25 2384 7 2410 23 2449 69 2526 20 2555 13 2599 24 2665 24 2705 69 2781 4 2787 15 2810 13 2856 23 2921 25 2961 68 3038 3 3044 14 3066 13 3113 20 3177 24 3217 68 3301 13 3323 8 3370 9 3432 25 3474 65 3560 10 3581 6 3627 8 3688 25 3730 65 3816 10 3839 4 3944 24 3985 65 4073 9 4096 3 4200 23 4241 64 4329 9 4352 4 4373 4 4456 23 4497 64 4585 9 4608 5 4620 17 4712 22 4753 64 4842 8 4864 7 4874 24 4967 22 5009 63 5099 6 5111 4 5120 35 5223 22 5264 64 5366 5 5376 35 5479 22 5520 54 5620 8 5632 35 5735 22 5775 55 5876 8 5888 33 5991 22 6031 55 6132 8 6144 32 6248 19 6287 44 6335 7 6388 7 6400 31 6505 17 6543 44 6593 4 6645 5 6656 31 6739 2 6763 14 6799 44 6850 3 6903 1 6912 31 6995 2 7021 11 7057 42 7168 31 7251 2 7279 8 7313 42 7424 31 7571 41 7627 3 7680 31 7828 40 7881 7 7936 31 8085 39 8135 12 8192 31 8342 38 8391 12 8448 30 8599 37 8647 14 8704 29 8857 8 8866 25 8903 14 8960 29 9126 21 9159 14 9216 28 9383 20 9415 14 9472 25 9555 4 9639 20 9671 14 9728 24 9789 16 9809 8 9896 19 9928 12 9983 20 10042 37 10153 18 10187 7 10237 22 10297 38 10409 18 10493 22 10551 42 10666 17 10749 22 10805 45 10922 17 11005 22 11061 46 11178 13 11262 21 11316 47 11435 6 11518 21 11571 48 11691 4 11775 20 11827 48 11947 4 12031 21 12083 46 12288 20 12339 45 12544 20 12594 45 12668 7 12800 20 12849 45 12923 9 13056 19 13105 44 13178 14 13312 19 13361 44 13433 22 13569 17 13615 44 13680 3 13686 27 13799 6 13825 17 13871 44 13935 36 14055 8 14080 17 14127 44 14190 37 14310 12 14336 17 14382 45 14445 39 14565 16 14592 17 14637 50 14699 42 14821 18 14848 17 14892 54 14954 43 15000 2 15077 19 15104 18 15147 56 15207 53 15300 7 15331 22 15360 18 15403 114 15555 8 15587 23 15616 18 15659 114 15810 10 15831 1 15843 24 15872 18 15915 114 16065 12 16086 3 16099 24 16128 20 16171 114 16308 3 16317 18 16340 5 16355 25 16384 20 16427 114 16563 6 16571 20 16595 6 16611 25 16640 21 16684 113 16808 51 16867 26 16896 21 16941 112 17064 51 17121 28 17152 21 17199 111 17319 86 17408 21 17455 111 17575 86 17664 22 17713 49 17769 54 17829 88 17920 22 17969 48 18027 53 18085 47 18133 40 18176 21 18223 50 18284 145 18432 21 18478 51 18541 144 18688 11 18700 8 18732 53 18797 144 18944 11 18956 8 18987 53 19052 146 19200 12 19241 55 19306 149 19456 11 19497 55 19561 150 19712 11 19751 57 19815 164 20007 57 20070 165 20261 62 20324 141 20469 7 20480 11 20515 206 20726 5 20736 11 20771 182 20955 20 20983 2 20992 10 21026 183 21211 18 21249 8 21282 181 21468 15 21506 7 21539 180 21725 13 21765 8 21795 180 21982 10 22021 8 22051 179 22239 8 22277 10 22307 179 22510 11 22532 11 22563 178 22766 12 22788 11 22819 178 23021 14 23044 11 23075 176 23275 16 23299 12 23332 173 23529 20 23555 12 23587 173 23785 20 23810 11 23843 172 24039 23 24065 12 24099 171 24294 25 24321 11 24355 170 24549 26 24577 11 24611 170 24805 26 24833 10 24867 169 25057 30 25089 11 25123 169 25310 33 25345 12 25365 6 25380 70 25452 95 25563 37 25602 11 25616 12 25636 69 25709 94 25819 37 25859 10 25870 15 25893 46 25941 18 25967 66 26037 22 26073 39 26115 26 26149 46 26201 13 26224 65 26295 20 26329 39 26373 5 26379 18 26405 44 26459 9 26481 64 26549 21 26584 39 26629 2 26635 18 26661 44 26719 3 26739 61 26804 21 26840 38 26891 20 26915 44 26997 58 27059 22 27095 36 27145 23 27170 45 27253 60 27314 23 27351 34 27397 65 27463 4 27510 83 27607 32 27653 64 27720 2 27766 83 27863 32 27910 61 28021 84 28119 30 28166 59 28277 83 28375 30 28423 57 28513 2 28534 81 28630 29 28679 56 28768 4 28790 81 28886 28 28935 52 29024 4 29047 79 29141 29 29191 52 29303 56 29360 22 29397 28 29447 50 29561 28 29594 19 29625 11 29653 27 29703 50 29819 26 29850 17 29882 9 29905 2 29909 26 29959 50 30016 1 30077 14 30109 7 30140 6 30158 5 30165 26 30215 50 30272 1 30335 10 30399 1 30413 6 30421 26 30471 52 30595 6 30667 9 30678 25 30716 5 30727 54 30853 3 30923 10 30935 24 30971 10 30983 56 31178 11 31192 22 31227 68 31433 12 31449 20 31482 75 31688 13 31705 18 31737 77 31944 13 31962 16 31992 81 32097 4 32201 13 32218 15 32247 83 32352 5 32457 13 32474 15 32503 82 32607 6 32713 14 32730 14 32759 80 32863 5 32970 13 32986 14 33015 78 33110 1 33115 2 33119 4 33227 12 33242 13 33271 78 33365 3 33370 3 33376 3 33484 12 33499 11 33527 75 33619 10 33636 6 33743 9 33757 8 33784 62 33849 8 33875 10 33892 7 33999 9 34014 6 34041 62 34131 10 34145 2 34148 7 34257 5 34297 62 34387 9 34401 2 34404 8 34513 4 34554 61 34643 8 34657 2 34660 9 34811 60 34899 8 34913 1 34916 9 35066 62 35156 7 35172 11 35322 62 35412 8 35428 11 35578 8 35589 52 35652 3 35667 30 35710 1 35833 8 35846 51 35907 4 35924 29 35965 3 36089 7 36103 50 36161 6 36181 28 36219 8 36346 6 36359 50 36417 6 36438 27 36475 10 36607 1 36615 50 36673 5 36701 2 36707 14 36730 14 36871 50 36929 4 36967 10 36985 16 37127 49 37223 10 37239 20 37384 48 37479 10 37491 24 37641 48 37735 8 37745 27 37795 7 37897 48 37991 7 38002 27 38049 10 38155 24 38183 17 38247 4 38259 27 38303 12 38328 6 38413 20 38440 16 38502 4 38516 27 38559 13 38583 8 38672 3 38678 10 38700 11 38772 31 38811 18 38838 13 38935 9 38957 10 39028 32 39065 20 39093 16 39194 5 39213 6 39265 2 39285 57 39349 17 39451 2 39471 3 39520 2 39541 57 39605 18 39774 4 39797 57 39860 19 40030 3 40053 57 40115 20 40247 16 40308 57 40371 20 40503 16 40564 56 40627 20 40757 20 40819 56 40883 20 40954 2 40957 3 41013 22 41075 56 41139 20 41209 7 41268 24 41331 54 41394 20 41465 7 41523 25 41587 54 41650 20 41720 8 41779 25 41843 54 41905 21 41928 9 41976 8 42035 25 42099 53 42161 32 42232 8 42291 25 42355 52 42417 34 42488 8 42547 25 42612 51 42673 34 42723 5 42744 8 42805 23 42869 49 42930 34 42977 15 43000 8 43061 22 43125 48 43186 35 43232 17 43256 9 43319 19 43383 44 43443 34 43481 24 43512 11 43576 18 43640 43 43699 35 43737 24 43768 15 43834 15 43897 42 43955 36 43993 26 44023 17 44091 13 44138 3 44154 41 44211 36 44248 27 44279 18 44347 12 44393 6 44411 40 44468 63 44535 18 44603 12 44648 7 44667 5 44675 32 44725 62 44791 19 44861 2 44903 10 44933 30 44981 61 45048 18 45157 20 45191 28 45237 60 45305 17 45393 1 45408 26 45448 17 45467 7 45493 58 45568 10 45645 7 45659 1 45663 29 45704 17 45723 7 45749 56 45824 10 45896 13 45913 36 45961 16 46004 55 46080 10 46152 14 46169 36 46217 16 46260 55 46336 9 46407 15 46423 40 46472 16 46517 28 46550 20 46592 9 46663 56 46728 16 46774 27 46807 19 46848 8 46919 57 46984 16 47032 23 47067 13 47104 8 47175 57 47240 15 47289 22 47360 7 47431 57 47496 5 47507 4 47547 19 47616 7 47688 55 47752 5 47804 17 47872 6 47945 54 48007 6 48061 16 48128 5 48201 53 48263 6 48317 16 48384 5 48459 50 48520 4 48575 12 48640 5 48715 50 48776 4 48832 9 48896 5 48971 50 49033 2 49152 5 49220 56 49408 5 49475 57 49664 5 49730 57 49920 5 49983 60 50176 5 50238 61 50432 6 50494 61 50657 1 50688 7 50750 61 50911 4 50944 7 50955 9 51005 68 51166 7 51200 7 51210 11 51259 73 51422 7 51456 8 51465 15 51513 77 51678 7 51711 26 51768 79 51934 7 51967 32 52021 83 52191 6 52222 33 52276 84 52447 6 52478 33 52531 85 52705 4 52733 35 52785 87 52961 3 52989 36 53039 89 53246 35 53295 88 53504 33 53551 88 53760 33 53806 88 54017 32 54061 88 54273 32 54317 88 54529 32 54573 88 54785 32 54828 90 55041 32 55083 92 55297 33 55339 94 55552 34 55595 96 55808 34 55851 97 56065 34 56101 3 56105 100 56321 34 56356 105 56576 141 56832 141 57088 140 57344 141 57600 141 57856 141 58047 1 58112 141 58269 16 58338 1 58343 6 58368 37 58407 101 58523 18 58591 16 58624 137 58775 23 58845 19 58880 137 59030 24 59101 20 59136 135 59285 25 59355 22 59392 135 59541 25 59610 23 59648 136 59797 25 59863 26 59904 137 60053 25 60119 26 60160 138 60308 25 60374 26 60416 138 60564 25 60630 26 60672 140 60819 25 60885 26 60928 141 61075 25 61141 26 61184 142 61332 23 61397 25 61440 142 61588 22 61653 25 61696 143 61845 19 61909 25 61952 143 62101 18 62165 25 62208 143 62359 15 62419 28 62464 143 62615 14 62675 28 62720 143 62872 11 62930 29 62976 145 63129 9 63186 29 63232 146 63387 4 63441 31 63488 54 63547 87 63697 32 63744 49 63795 1 63807 85 63953 33 64000 48 64069 76 64146 3 64209 34 64256 47 64323 78 64466 33 64512 47 64579 78 64723 33 64768 46 64835 77 64979 33 65024 46 65080 5 65090 77 65235 34 65280 45 65336 86 65491 34
271746,3499 4 3755 4 4011 4 4265 6 8175 4 8431 4 8687 4 8942 5 9197 6 9453 6 9709 7 9965 8 10221 9 10477 9 10733 10 10990 9 11247 8 11503 8 11760 6 12017 4 12270 5 12525 6 12778 9 13033 10 13288 12 13543 13 13799 13 14055 13 14311 13 14567 13 14825 11 15081 11 15337 10 15593 10 15850 7 16106 7 16816 5 17071 6 17327 6 17583 6 17841 1 19361 6 19617 6 19873 6 20129 7 20387 4 21248 4 21504 4 21760 4 22016 5 22272 4 22528 3 22784 1 25529 1 29924 1 30179 8 30435 8 30691 8 30946 9 31202 10 31459 8 31715 8 31972 7 42487 4 42742 7 42997 8 43253 8 43508 9 43764 8 44020 6 44277 4 44535 1 45543 6 45799 6 46054 9 46309 11 46565 12 46807 6 46820 13 47062 11 47075 14 47104 3 47317 27 47360 5 47571 28 47616 5 47826 29 47872 5 48081 29 48128 6 48337 5 48344 21 48384 5 48548 4 48593 2 48601 10 48614 5 48640 5 48803 6 48857 8 48896 5 49059 6 49114 7 49152 5 49315 6 49370 5 49408 3 49571 6 49627 2 49664 3 49827 6 49876 3 49880 5 49961 6 50082 8 50131 8 50216 9 50338 8 50387 8 50471 12 50594 9 50642 9 50727 12 50851 8 50898 9 50983 14 51109 6 51154 10 51239 14 51366 6 51410 9 51495 14 51623 5 51667 8 51751 14 51879 5 51923 8 52008 12 52135 4 52265 10 52392 3 52522 9 52617 1 52779 8 53027 1 53037 5 53245 3 53283 2 53293 4 53500 4 53538 3 53549 4 53753 7 53794 3 53805 4 54009 7 54060 5 54262 10 54315 6 54344 2 54385 1 54517 11 54571 6 54598 7 54771 13 54828 5 54853 9 55027 13 55085 4 55109 12 55123 4 55283 13 55341 2 55365 20 55538 14 55620 22 55794 14 55876 22 56050 14 56132 22 56306 14 56388 22 56562 14 56645 20 56819 13 56901 19 57076 12 57157 18 57335 9 57413 17 57592 8 57670 11 57926 10 58112 5 58184 5 58368 9 58624 11 58636 5 58880 17 59136 17 59249 4 59392 15 59506 3 59648 13 59763 2 59904 13 60019 1 60160 13 60416 13 60672 13 60841 5 60928 12 61096 7 61184 12 61351 12 61381 3 61440 11 61607 12 61636 5 61696 11 61862 13 61885 14 61952 11 62118 13 62140 15 62208 10 62373 16 62396 15 62464 9 62629 16 62652 15 62720 7 62884 17 62909 14 63141 16 63165 14 63308 5 63397 17 63422 13 63563 4 63654 15 63678 13 63819 4 63911 14 63935 10 64075 4 64167 13 64192 9 64421 10 64676 10 64931 10 65187 8 65423 6 65442 8
274444,0 61184 61185 4351
280079,0 65536
283388,13 224 270 224 526 224 782 225 1015 3 1038 227 1271 4 1295 237 1551 238 1807 238 2063 232 2297 5 2321 230 2552 4 2559 1 2577 234 2815 1 2835 233 3070 2 3093 235 3357 8 3367 217 3613 8 3624 216 3881 215 4137 215 4394 214 4650 214 4907 80 4991 129 5163 79 5248 128 5420 74 5505 127 5676 73 5761 127 5932 73 6018 126 6188 72 6275 125 6417 9 6445 70 6531 125 6671 13 6701 34 6743 28 6788 124 6927 22 6961 29 7001 24 7045 123 7183 23 7218 29 7257 23 7301 123 7437 27 7474 29 7514 17 7557 106 7667 13 7693 27 7730 29 7770 16 7813 104 7922 14 7945 31 7985 30 8027 14 8071 100 8177 15 8199 33 8241 30 8283 13 8327 99 8433 15 8452 37 8493 34 8541 8 8587 93 8690 14 8707 40 8748 35 8844 91 8946 14 8962 77 9101 88 9203 13 9217 78 9357 87 9461 11 9473 78 9614 84 9721 7 9729 78 9871 82 9978 6 9985 80 10093 5 10128 79 10237 3 10241 80 10349 6 10384 78 10494 2 10497 80 10604 7 10640 77 10751 1 10753 7 10766 67 10860 7 10895 77 11025 64 11116 13 11151 76 11281 63 11373 13 11406 77 11538 11 11552 45 11630 13 11662 75 11776 1 11795 10 11809 39 11890 9 11918 74 12032 3 12051 9 12068 35 12147 12 12176 6 12185 62 12288 3 12307 8 12326 33 12403 14 12443 58 12544 7 12563 8 12585 8 12596 18 12659 14 12701 53 12800 7 12820 7 12843 3 12852 17 12915 14 12957 52 13056 9 13109 15 13172 13 13213 43 13261 3 13312 9 13365 14 13429 12 13469 41 13568 10 13621 12 13685 12 13726 37 13824 10 13877 11 13942 11 13982 37 14069 3 14080 10 14135 5 14199 10 14239 37 14323 9 14336 10 14455 10 14495 38 14578 11 14592 10 14711 9 14753 44 14834 12 14848 10 14967 9 15011 42 15064 3 15089 14 15104 9 15224 7 15278 33 15318 6 15345 14 15360 9 15479 8 15540 9 15551 17 15573 8 15601 14 15616 7 15733 10 15798 4 15808 33 15857 14 15872 7 15989 10 16054 3 16064 33 16113 14 16128 7 16171 4 16245 11 16309 6 16319 36 16369 22 16427 4 16501 12 16564 8 16575 36 16625 22 16682 6 16757 12 16819 48 16881 21 16937 8 17013 13 17075 49 17137 20 17193 8 17269 14 17331 49 17393 6 17404 9 17449 8 17525 14 17587 50 17649 6 17661 6 17705 7 17780 15 17843 50 17962 6 18036 15 18099 50 18292 15 18355 50 18548 15 18577 1 18612 49 18805 14 18831 6 18869 48 19061 14 19087 6 19126 47 19317 14 19341 10 19385 4 19393 36 19574 13 19597 12 19651 35 19831 11 19853 18 19909 33 20087 11 20109 19 20167 31 20344 9 20365 21 20421 33 20601 6 20621 22 20677 33 20877 22 20932 34 21133 23 21164 2 21188 34 21388 25 21418 7 21444 35 21644 25 21674 7 21700 35 21901 25 21929 9 21955 38 22157 25 22185 10 22211 38 22413 26 22440 11 22467 39 22584 1 22670 37 22723 40 22838 5 22928 35 22980 39 23093 8 23185 24 23210 9 23237 38 23349 8 23445 20 23467 8 23493 38 23605 8 23701 19 23723 8 23749 38 23862 7 23960 14 24005 38 24118 7 24225 3 24261 37 24375 6 24518 36 24632 5 24775 35 25032 34 25288 34 25545 33 25801 33 25859 6 26058 31 26113 10 26315 30 26368 13 26573 27 26624 14 26831 24 26880 15 27089 21 27136 15 27171 4 27346 19 27392 15 27424 9 27605 16 27648 15 27679 10 27861 15 27904 15 27934 11 28119 13 28160 15 28189 13 28377 10 28416 17 28445 13 28595 4 28636 5 28672 19 28702 12 28850 6 28928 20 28958 12 29105 8 29184 20 29215 11 29360 9 29440 21 29471 11 29615 10 29696 21 29728 9 29871 10 29952 22 29987 1 30126 11 30208 22 30382 11 30464 23 30638 11 30720 23 30894 10 30976 24 31151 8 31233 23 31407 7 31493 7 31505 8 31762 7 32021 5 32277 6 32533 6 32789 7 33045 7 33301 6 33558 5 33815 3 38309 6 38561 10 38815 12 38849 2 39053 6 39068 16 39105 4 39308 11 39323 17 39360 5 39564 12 39578 19 39615 6 39820 37 39871 6 40076 39 40126 7 40333 40 40383 6 40589 41 40639 7 40843 44 40895 7 41099 45 41151 7 41353 50 41407 8 41609 53 41663 8 41863 65 42118 67 42373 70 42629 70 42885 70 43141 70 43233 4 43397 69 43487 13 43651 70 43743 14 43902 71 43998 17 44157 72 44253 18 44413 71 44509 18 44668 71 44765 19 44923 72 45021 19 45180 71 45277 19 45437 69 45533 19 45693 68 45789 19 45843 6 45949 68 46046 17 46098 7 46205 68 46302 16 46353 8 46461 68 46559 12 46609 8 46717 67 46815 10 46865 7 46971 69 47071 6 47121 6 47227 69 47328 3 47378 3 47482 71 47555 2 47561 9 47738 89 47994 69 48064 20 48250 67 48320 21 48505 93 48761 94 49016 97 49272 98 49528 99 49784 99 50041 100 50297 100 50403 2 50552 103 50659 5 50808 113 51063 23 51090 89 51318 117 51573 118 51829 118 52085 120 52341 120 52597 120 52854 119 53112 117 53372 113 53629 112 53886 111 54143 110 54399 110 54656 108 54913 107 55171 104 55428 103 55686 11 55710 76 55794 1 55944 6 55969 73 56050 1 56226 73 56306 1 56483 72 56738 84 56858 4 56993 86 57111 10 57249 87 57367 12 57505 88 57623 14 57761 89 57879 14 58017 89 58133 16 58273 89 58388 17 58530 88 58643 18 58787 88 58899 18 59044 87 59154 19 59306 81 59410 18 59565 80 59666 17 59823 79 59922 17 60080 79 60178 17 60337 79 60434 16 60594 78 60691 14 60719 8 60851 77 60947 14 60973 10 61108 76 61204 11 61229 11 61366 74 61461 10 61484 13 61623 73 61740 13 61880 72 61996 14 62137 71 62251 15 62395 69 62507 15 62535 3 62652 68 62763 16 62789 7 62911 65 63019 16 63045 7 63168 64 63275 34 63426 62 63531 34 63681 63 63787 34 63937 63 64044 33 64193 63 64300 34 64449 63 64556 35 64705 63 64813 34 64961 63 65069 34 65217 63 65329 30 65475 61
283877,208 10 239 17 465 8 495 17 721 7 752 16 980 1 1009 15 1265 15 1523 13 1779 13 1988 1 2036 12 2241 4 2292 12 2497 5 2549 11 2752 6 2805 11 3007 7 3063 9 3264 5 3319 9 3521 2 3577 7 3833 7 4089 7 4346 6 4603 5 4859 4 22016 1 22272 4 22528 5 22784 5 23040 5 23296 6 23552 7 23808 7 24064 7 24320 7 24576 7 24832 6 25034 3 25088 5 25289 4 25344 1 25545 5 25801 4 26057 4 26313 4 31387 4 31598 7 31640 9 31853 9 31895 10 32107 12 32150 13 32362 15 32406 13 32617 18 32661 15 32872 19 32917 16 33127 20 33172 18 33383 21 33428 22 33638 23 33683 25 33893 24 33939 29 34148 25 34196 29 34403 27 34452 29 34659 27 34708 31 34772 4 34915 28 34963 32 35027 6 35171 28 35219 32 35281 9 35427 28 35475 32 35537 10 35683 28 35731 33 35791 12 35939 28 35987 33 36047 12 36194 28 36242 38 36303 12 36450 28 36498 39 36559 12 36706 27 36753 41 36815 11 36962 26 37009 42 37071 10 37218 23 37265 42 37327 10 37475 22 37521 42 37584 9 37732 18 37777 43 37840 8 37989 16 38033 43 38097 6 38251 7 38289 44 38546 43 38802 44 39058 43 39315 42 39571 42 39827 6 39841 26 40084 4 40098 25 40354 24 40611 22 40867 9 40880 7 41122 9 41378 9 41635 8 41891 6 42148 4 43019 1 43273 5 43422 3 43529 6 43677 5 43784 7 43913 3 43933 5 44039 8 44169 4 44189 6 44295 8 44425 3 44445 5 44551 7 44681 3 44701 5 44807 6 46030 3 46285 5 46538 9 46792 11 47044 16 47299 17 47550 22 47602 6 47805 23 47857 8 48059 25 48110 15 48315 25 48365 18 48569 26 48621 19 48825 26 48876 20 49080 27 49133 19 49337 26 49389 19 49593 26 49645 19 49849 26 49902 18 50107 23 50158 18 50323 2 50363 22 50414 18 50577 3 50620 19 50671 17 50833 2 50876 18 50927 17 51088 2 51133 16 51184 16 51337 4 51389 15 51440 16 51591 7 51645 13 51696 16 51847 7 51901 12 51951 17 52104 5 52159 7 52207 17 52360 5 52416 4 52463 17 52627 9 52719 17 52882 11 52975 17 53135 16 53231 16 53390 19 53487 14 53645 22 53745 8 53901 23 54001 7 54157 24 54259 3 54412 25 54516 1 54669 24 54925 25 55181 25 55437 25 55693 26 55949 26 56205 26 56462 25 56719 22 56975 20 57143 5 57235 6 57399 6 57653 10 57908 12 58163 14 58419 20 58675 22 58931 22 59188 21 59444 23 59700 23 59956 24 60212 24 60468 24 60723 26 60979 26 61234 27 61271 6 61490 27 61523 11 61745 29 61775 16 62001 46 62257 47 62513 48 62769 48 63025 26 63053 20 63281 26 63311 19 63537 25 63567 18 63793 18 63815 2 63823 18 64048 19 64079 18 64305 16 64337 15 64561 15 64593 15 64818 13 64850 13 65074 12 65106 13 65330 9 65363 12
291134,0 65536
293458,137 1 147 44 404 42 660 41 917 40 1173 40 1429 39 1684 40 1840 1 1939 40 2095 3 2194 23 2218 17 2352 1 2441 5 2447 26 2474 13 2597 4 2696 33 2731 9 2853 6 2951 42 3108 8 3206 43 3364 9 3455 50 3620 9 3709 52 3876 9 3957 61 4132 9 4185 1 4211 64 4388 8 4439 6 4466 65 4645 6 4695 6 4722 65 4902 4 4925 8 4949 9 4977 66 5160 1 5181 8 5205 9 5233 66 5436 10 5461 9 5489 11 5506 50 5691 11 5716 10 5745 11 5761 54 5868 4 5947 11 5971 10 6002 12 6015 60 6119 11 6187 1 6202 12 6226 11 6258 73 6375 12 6443 1 6457 14 6481 12 6515 73 6630 13 6712 15 6736 13 6771 73 6886 13 6967 17 6990 15 7028 73 7142 12 7159 8 7223 18 7245 16 7283 74 7399 11 7414 10 7479 37 7539 74 7655 5 7667 13 7735 38 7795 75 7913 2 7921 15 7991 38 8051 75 8170 22 8247 38 8307 75 8427 21 8503 38 8562 76 8683 21 8760 37 8818 76 8938 22 9016 38 9073 21 9095 55 9193 23 9272 40 9329 20 9352 54 9449 23 9528 43 9584 21 9609 52 9704 24 9784 43 9840 20 9867 47 9959 25 10040 45 10097 18 10131 32 10210 30 10296 45 10353 18 10389 23 10413 5 10465 31 10553 45 10609 18 10651 12 10720 32 10809 45 10866 17 10910 8 10976 32 11067 44 11122 15 11231 33 11323 44 11377 16 11487 33 11580 45 11628 21 11743 33 11836 69 11998 34 12093 43 12138 23 12254 34 12349 42 12394 23 12509 35 12606 39 12650 23 12765 35 12862 39 12906 23 12999 1 13021 35 13087 4 13097 4 13119 38 13161 25 13209 4 13253 4 13277 35 13341 22 13375 38 13417 26 13465 4 13508 5 13533 35 13587 5 13593 29 13633 36 13672 19 13695 4 13721 4 13759 9 13789 35 13842 37 13891 34 13927 19 13951 4 13977 4 14015 8 14045 35 14098 37 14151 29 14183 18 14208 7 14271 7 14303 33 14354 38 14407 29 14439 16 14465 8 14527 6 14550 3 14560 32 14610 38 14664 26 14695 15 14721 12 14783 6 14803 9 14817 31 14866 39 14921 24 14951 14 14977 12 15039 6 15059 10 15073 31 15122 39 15180 19 15208 12 15233 13 15295 6 15313 14 15330 30 15378 39 15441 2 15444 10 15464 11 15488 14 15551 6 15568 48 15634 21 15660 15 15721 10 15743 15 15807 6 15822 23 15848 24 15891 17 15917 14 15977 9 15999 14 16063 5 16077 23 16105 23 16147 14 16174 13 16233 7 16251 18 16319 8 16329 29 16364 20 16403 14 16431 13 16490 5 16505 20 16577 38 16621 19 16659 13 16689 11 16747 2 16761 19 16834 37 16877 19 16915 13 16946 11 17017 18 17090 39 17133 19 17172 12 17203 10 17272 18 17346 62 17428 11 17461 8 17529 14 17602 62 17686 9 17718 7 17786 7 17858 62 17943 8 17975 6 18043 4 18113 63 18368 64 18623 65 18878 66 19133 67 19389 65 19644 64 19899 62 20155 62 20411 61 20667 61 20923 61 21179 61 21279 4 21436 61 21534 6 21692 61 21788 9 21949 60 22043 11 22206 59 22300 10 22463 58 22556 9 22719 58 22813 7 22975 57 23070 4 23231 57 23488 55 23744 55 24001 54 24184 4 24259 51 24438 7 24515 50 24693 9 24772 49 24941 17 25029 46 25196 18 25285 46 25451 19 25542 43 25706 21 25799 41 25955 30 26057 36 26211 30 26314 32 26465 34 26571 20 26720 35 26827 17 26975 36 27083 14 27231 37 27340 11 27487 38 27597 6 27742 40 27855 2 27997 41 28253 42 28509 42 28765 42 29021 42 29277 42 29533 43 29789 43 30045 43 30301 42 30557 43 30813 43 31070 42 31327 40 31573 2 31585 38 31827 6 31841 38 32081 53 32335 54 32589 54 32844 53 33099 24 33127 4 33137 12 33355 24 33395 6 33611 24 33867 23 34125 20 34382 18 34641 10 34652 3 34898 9 34910 1 35155 7 35411 5
295041, 
303895,0 33536 33537 255 33803 245 34065 239 34323 237 34587 229 34848 224 35109 219 35367 217 35627 213 35885 211 36148 204 36406 202 36669 195 36927 193 37191 185 37451 181 37710 178 37971 173 38232 168 38492 164 38754 158 39012 156 39273 151 39533 147 39797 139 40055 137 40317 131 40578 126 40839 121 41098 118 41361 111 41619 109 41884 100 42143 97 42404 92 42667 85 42927 81 43187 77 43448 72 43706 70 43967 65 44225 63 44487 57 44745 55 45009 47 45267 45 45531 37 45789 35 46053 27 46311 25 46572 20 46831 17 47090 14 47351 9 47611 5 47867 5 48125 3 48382 2 48639 1
304629,0 16114 16116 253 16374 251 16632 249 16889 248 17145 248 17401 248 17657 248 17913 6 17920 241 18169 6 18176 241 18425 4 18432 236 18670 3 18681 4 18688 235 18927 2 18937 3 18944 235 19183 3 19193 3 19200 231 19440 3 19449 2 19456 231 19706 1 19712 231 19967 231 20222 230 20479 229 20735 228 20992 227 21248 225 21478 2 21498 1 21504 224 21760 223 22016 223 22241 2 22272 223 22497 5 22516 8 22528 231 22771 9 22784 231 23024 13 23040 231 23280 13 23296 226 23526 2 23537 13 23552 227 23782 3 23789 17 23808 228 24039 22 24064 228 24295 22 24320 255 24576 764 25342 253 25599 252 25855 252 26111 252 26367 252 26622 253 26878 254 27133 19183 46318 1550 47869 252 48128 249 48384 234 48619 12 48640 234 48875 10 48896 234 49133 7 49152 235 49392 3 49408 236 49664 235 49920 235 50176 235 50432 235 50688 235 50944 235 51186 5 51200 235 51442 7 51456 236 51698 7 51712 236 51953 8 51968 235 52209 8 52224 235 52465 6 52480 233 52721 10 52736 233 52977 11 52992 233 53233 12 53248 233 53489 12 53504 233 53744 13 53760 233 53999 14 54016 232 54255 13 54272 232 54511 13 54528 229 54759 1 54770 9 54784 229 55027 8 55040 229 55284 7 55296 231 55541 4 55552 232 55797 3 55808 232 56053 3 56064 232 56309 2 56320 231 56565 1 56576 231 56832 231 57087 233 57342 233 57599 232 57856 229 58112 231 58368 232 58624 235 58880 235 59136 235 59392 235 59648 237 59900 227 60128 13 60155 227 60385 14 60410 228 60641 2 60645 12 60665 228 60902 247 61159 246 61416 245 61673 247 61931 246 62187 248 62445 246 62701 248 62958 249 63215 252 63471 252 63727 254 63982 1554
305222,0 65536
308936,0 65536
315120,0 65536
317877,1573 1 1825 9 2080 11 2335 15 2591 18 2846 21 3102 21 3358 22 3614 22 3870 21 4126 20 4383 16 4640 13 4899 1 6440 1 6693 4 6949 6 7204 7 7459 9 7714 10 7969 13 8225 16 8481 20 8736 21 8991 23 9247 23 9503 22 9759 23 10014 24 10270 24 10525 26 10781 26 11037 27 11293 27 11549 27 11805 26 12063 24 12319 24 12575 24 12831 25 13085 28 13341 29 13596 31 13852 31 14109 31 14365 31 14623 29 14884 23 15142 21 15399 19 15657 16 15914 15 16172 11 16430 7 16516 3 16771 5 17026 6 17281 8 17537 8 17793 8 18049 8 18307 4 19775 3 19784 3 19807 6 19910 4 20031 4 20037 8 20063 6 20165 6 20284 18 20310 1 20317 10 20422 5 20539 29 20569 14 20678 5 20792 48 20935 3 21047 50 21295 58 21551 58 21805 61 22061 61 22318 60 22576 57 22833 56 23089 55 23345 53 23601 53 23807 1 23858 51 24060 4 24115 50 24315 5 24372 49 24564 2 24570 6 24629 48 24818 14 24887 46 25073 17 25143 46 25329 19 25400 45 25584 21 25656 45 25840 21 25913 43 26097 12 26112 5 26170 42 26313 3 26353 12 26368 5 26427 41 26569 4 26609 10 26624 5 26684 40 26825 4 26865 10 26880 4 26940 41 27122 7 27136 4 27196 41 27379 6 27392 3 27451 42 27648 1 27709 40 27970 4 27975 30 28227 2 28233 28 28488 27 28743 26 28998 24 29253 24 29508 25 29763 26 30019 26 30063 6 30275 27 30317 9 30531 29 30569 15 30787 30 30825 16 31043 32 31079 20 31299 33 31335 20 31553 58 31809 58 32063 61 32319 62 32575 62 32831 62 33087 62 33343 62 33599 63 33856 17 33876 42 34113 6 34133 42 34389 42 34645 42 34902 41 35158 40 35413 41 35669 41 35925 41 36181 40 36436 41 36693 42 36749 5 36949 44 37003 8 37205 62 37461 63 37717 63 37973 64 38228 66 38481 69 38734 73 38989 75 39244 78 39441 4 39500 79 39692 11 39756 80 39947 12 40012 81 40203 12 40270 79 40459 11 40529 77 40715 10 40786 76 40972 9 41043 76 41228 8 41299 77 41484 7 41555 77 41739 6 41813 76 41995 5 42069 76 42251 4 42317 5 42325 75 42507 4 42573 82 42827 84 43082 85 43337 84 43592 85 43847 85 44103 85 44285 3 44359 84 44537 7 44615 12 44629 70 44790 10 44871 12 44887 68 44965 6 45043 13 45127 86 45220 8 45291 6 45299 13 45383 89 45475 10 45545 23 45639 102 45801 23 45895 103 46055 25 46151 103 46311 25 46408 103 46567 25 46665 102 46822 26 46922 102 47078 26 47178 103 47334 26 47435 34 47471 67 47589 27 47691 34 47727 67 47845 27 47947 32 47983 68 48101 27 48203 32 48238 69 48356 28 48460 31 48494 71 48613 27 48716 30 48750 73 48869 27 48973 28 49007 74 49125 27 49229 28 49263 75 49381 10 49392 16 49485 28 49519 77 49614 7 49640 5 49649 14 49742 28 49775 79 49869 9 49898 1 49905 13 49999 28 50030 85 50125 12 50163 7 50255 28 50285 110 50419 5 50512 27 50541 112 50657 4 50769 26 50797 121 51025 26 51053 122 51282 24 51309 123 51538 23 51565 124 51795 22 51821 68 51890 55 52050 23 52077 66 52147 55 52306 23 52333 66 52403 55 52562 23 52589 65 52659 56 52817 24 52845 65 52915 57 53073 24 53101 55 53161 4 53171 58 53329 24 53357 66 53427 59 53584 25 53613 130 53840 25 53869 70 53941 58 54096 25 54125 70 54201 54 54352 25 54382 70 54458 53 54608 25 54639 69 54713 53 54864 25 54895 69 54969 53 55121 24 55151 69 55224 53 55377 24 55408 67 55480 53 55633 25 55665 66 55735 53 55814 3 55889 25 55921 66 55991 53 56064 12 56143 27 56177 65 56247 52 56320 13 56399 27 56433 64 56502 53 56576 13 56654 27 56688 65 56759 50 56832 13 56909 28 56943 66 57015 50 57088 12 57165 28 57197 69 57271 47 57344 12 57420 29 57454 69 57527 46 57600 11 57676 29 57711 68 57783 44 57856 11 57932 30 57967 68 58039 42 58112 10 58189 147 58368 10 58445 145 58624 10 58701 143 58880 9 58957 142 59136 9 59214 141 59392 9 59470 141 59648 9 59726 107 59834 32 59904 9 59983 106 60090 32 60160 9 60238 105 60347 30 60416 10 60494 105 60603 30 60672 9 60750 104 60860 31 60928 9 61007 103 61117 30 61184 9 61263 6 61271 12 61287 10 61301 36 61342 24 61375 4 61384 20 61440 8 61519 18 61543 10 61557 35 61599 23 61643 17 61696 5 61777 15 61801 5 61815 31 61857 22 61903 14 61952 5 62033 14 62071 30 62114 21 62161 12 62288 15 62329 27 62371 20 62418 7 62544 15 62585 27 62627 20 62675 4 62801 14 62841 28 62884 19 63057 15 63097 33 63141 18 63313 16 63353 33 63397 17 63569 17 63609 34 63653 17 63825 18 63865 34 63911 14 64067 2 64081 18 64120 35 64168 13 64320 7 64336 19 64359 5 64376 35 64428 7 64575 9 64591 20 64613 8 64632 35 64831 10 64847 20 64869 8 64889 34 65087 11 65103 19 65125 8 65145 20 65168 11 65343 12 65361 16 65381 8 65402 17 65425 10
326172,0 65536
331069,26 22 62 60 125 8 143 10 157 23 186 53 240 15 281 22 317 60 402 4 418 18 443 66 511 1 536 23 572 61 660 1 675 17 699 47 747 18 767 1 791 22 828 61 932 15 955 54 1011 9 1023 1 1047 21 1085 60 1189 14 1210 53 1267 9 1278 2 1302 20 1342 59 1453 6 1466 53 1525 4 1534 2 1558 20 1599 58 1710 6 1721 54 1782 3 1789 3 1813 21 1856 57 1926 3 1967 65 2045 3 2068 21 2113 57 2181 5 2223 66 2301 3 2324 23 2369 59 2432 13 2478 68 2557 3 2579 24 2610 2 2626 76 2733 73 2813 3 2823 6 2834 36 2883 78 2989 74 3070 15 3089 38 3139 78 3245 69 3315 3 3327 60 3396 11 3415 60 3499 70 3584 61 3651 12 3671 60 3755 69 3840 75 3929 58 4010 69 4096 73 4185 58 4266 69 4352 75 4441 59 4521 72 4600 7 4608 75 4697 59 4777 72 4855 87 4943 3 4953 59 5033 75 5110 95 5209 60 5289 133 5423 102 5545 133 5679 102 5801 134 5938 99 6057 134 6194 99 6313 134 6451 43 6497 52 6569 134 6707 43 6753 18 6773 32 6824 134 6963 48 7012 15 7031 30 7080 134 7219 64 7288 29 7336 133 7475 64 7547 24 7592 133 7731 64 7803 24 7848 133 7987 64 8063 19 8105 132 8243 64 8319 18 8361 132 8497 68 8576 15 8617 132 8753 69 8872 133 9007 74 9083 4 9127 217 9383 218 9639 218 9895 219 10152 219 10408 223 10665 223 10923 222 11180 223 11436 225 11693 226 11949 232 12204 234 12441 1 12460 241 12715 243 12970 245 13225 248 13483 250 13741 249 13997 249 14253 249 14508 2 14511 248 14763 560 15329 250 15585 250 15843 248 16099 247 16355 247 16611 4892 21504 255 21760 255 22016 255 22272 675 22953 250 23211 246 23469 82 23552 161 23726 80 23808 160 23984 76 24064 160 24241 74 24320 131 24463 17 24498 71 24576 131 24720 16 24755 68 24832 126 24977 16 25012 65 25088 125 25232 17 25268 65 25344 60 25411 56 25487 18 25525 64 25600 59 25667 56 25743 18 25781 64 25856 59 25923 48 25997 18 26040 61 26112 59 26179 46 26253 17 26297 60 26368 59 26434 49 26491 8 26509 16 26561 51 26624 59 26689 50 26746 10 26765 16 26819 48 26880 59 26945 50 27000 14 27021 15 27075 48 27136 59 27201 70 27277 15 27331 47 27392 57 27457 72 27533 16 27585 48 27649 56 27713 72 27789 16 27841 48 27907 4 27919 36 27970 8 27983 80 28095 50 28165 1 28179 30 28226 7 28239 80 28350 50 28435 28 28481 9 28496 80 28605 50 28691 28 28737 10 28752 80 28861 49 28947 24 28993 10 29008 81 29115 50 29202 24 29249 10 29264 81 29371 49 29457 16 29505 13 29519 83 29621 47 29713 16 29761 97 29877 46 29952 1 29970 15 30017 98 30132 42 30208 1 30226 15 30274 97 30388 40 30464 2 30482 15 30529 99 30642 40 30720 2 30739 14 30785 99 30897 40 30960 5 30976 5 30983 11 30996 13 31039 102 31151 40 31207 15 31232 19 31252 11 31294 103 31405 42 31458 21 31488 19 31549 106 31659 42 31712 23 31741 22 31805 108 31914 43 31967 25 31995 24 32061 151 32222 53 32317 150 32477 54 32573 150 32731 56 32829 150 32987 56 33085 148 33242 57 33341 148 33497 58 33597 148 33752 59 33841 3 33854 147 34007 62 34095 8 34111 214 34350 9 34368 213 34603 14 34624 213 34858 235 35113 26 35140 208 35369 234 35625 116 35745 114 35881 116 36001 112 36137 70 36209 43 36258 101 36364 4 36393 70 36466 42 36514 100 36649 115 36770 101 36905 115 37026 102 37160 115 37281 104 37415 116 37537 106 37665 122 37793 107 37920 123 38049 109 38173 124 38305 110 38429 124 38561 111 38685 123 38817 111 38940 111 39055 8 39073 112 39196 109 39329 113 39451 109 39584 115 39707 108 39839 116 39962 108 40095 233 40350 235 40606 243 40861 246 41117 249 41373 10 41387 5 41395 229 41629 9 41643 245 41899 243 42155 244 42411 244 42667 742 43415 250 43671 248 43927 248 44184 249 44439 113 44553 136 44695 111 44809 138 44949 113 45065 247 45315 1 45318 250 45570 1547 47118 252 47375 250 47630 249 47885 249 48141 248 48397 247 48652 244 48908 244 49164 244 49420 244 49676 244 49932 244 50188 244 50445 243 50701 243 50958 242 51214 242 51471 241 51728 240 51986 238 52243 237 52501 235 52757 235 53015 233 53271 238 53526 239 53781 242 54033 250 54289 1288 55580 252 55841 248 56100 245 56357 244 56617 241 56873 242 57131 240 57386 243 57641 244 57894 250 58145 795 58943 252 59199 252 59456 251 59713 250 59969 250 60226 250 60482 252 60737 255 60993 1064 62058 253 62317 249 62573 147 62721 100 62830 146 62979 97 63087 145 63236 95 63344 144 63493 94 63600 144 63753 90 63858 142 64010 88 64115 239 64373 237 64629 237 64887 235 65145 150 65303 74 65403 133
332934,0 15 37 29 83 187 280 2 293 28 339 187 535 4 549 28 594 188 791 4 803 30 850 188 1047 5 1058 31 1105 188 1302 7 1311 34 1360 189 1558 44 1616 189 1815 45 1872 188 2071 46 2127 189 2327 48 2384 188 2583 48 2640 189 2837 52 2896 189 3093 52 3152 189 3349 53 3409 188 3604 55 3665 188 3859 58 3921 187 4115 58 4178 185 4371 60 4434 184 4627 61 4689 184 4883 62 4946 182 5139 62 5202 181 5395 62 5460 178 5652 61 5716 177 5908 62 5974 175 6165 61 6231 174 6421 63 6487 173 6677 65 6743 172 6933 238 7188 71 7263 162 7444 70 7519 162 7700 69 7775 161 7955 70 8031 161 8211 69 8287 161 8467 69 8543 161 8723 69 8800 160 8979 69 9057 159 9235 69 9313 159 9491 70 9570 158 9747 70 9826 158 10003 74 10081 159 10259 237 10514 238 10770 238 11026 238 11282 238 11537 239 11793 239 12049 239 12304 240 12561 239 12817 239 13073 239 13328 240 13583 241 13839 241 14093 243 14346 246 14598 250 14853 251 15108 252 15364 252 15620 252 15875 253 16131 253 16387 253 16641 255 16897 18687 35586 254 35843 253 36101 251 36358 250 36615 249 36871 249 37127 249 37383 249 37639 249 37896 248 38152 248 38409 247 38666 246 38923 245 39180 244 39435 245 39691 245 39947 245 40201 247 40457 247 40712 248 40968 248 41223 249 41479 249 41735 249 41991 249 42248 248 42504 248 42761 247 43017 247 43275 245 43532 244 43790 242 44048 240 44307 237 44565 235 44822 234 45078 234 45335 233 45591 233 45847 233 46103 233 46359 233 46615 233 46871 233 47128 232 47385 231 47641 231 47899 229 48155 229 48413 16 48436 204 48669 14 48694 202 48927 11 48953 199 49185 9 49211 197 49443 6 49469 195 49725 195 49980 196 50235 197 50489 199 50745 199 51000 200 51256 200 51511 201 51767 201 52023 201 52277 203 52535 30 52569 167 52791 28 52825 167 53047 26 53081 167 53302 27 53337 167 53557 26 53593 167 53812 15 53831 8 53849 167 54069 6 54077 2 54106 166 54325 5 54362 166 54582 3 54619 165 54875 165 55131 165 55387 165 55644 164 55900 164 56155 165 56411 165 56667 165 56923 165 57179 165 57435 165 57691 165 57947 165 58203 165 58459 165 58714 166 58970 166 59226 166 59482 166 59737 167 59993 167 60249 167 60505 167 60760 168 61016 168 61271 169 61527 169 61783 169 62038 170 62293 171 62549 171 62804 172 63059 173 63315 173 63571 173 63827 173 64082 174 64337 175 64593 175 64849 175 65105 175 65360 176
337798, 
349461,0 65536
372637,0 60 69 248 325 248 582 247 839 248 1095 249 1353 248 1609 248 1868 9 1879 235 2125 7 2136 235 2381 6 2393 234 2637 6 2649 236 2894 4 2906 235 3150 4 3161 240 3407 2 3417 247 3673 247 3924 252 4178 7484 11665 253 11922 17013 28939 500 29440 255 29696 255 29952 1023 30976 255 31232 1165 32401 252 32659 246 32907 2 32916 240 33173 96 33273 139 33429 96 33530 133 33678 1 33686 94 33792 125 33933 2 33942 95 34048 124 34179 2 34189 2 34197 96 34304 123 34434 5 34445 2 34453 96 34560 123 34689 10 34709 97 34816 122 34945 10 34963 99 35072 121 35201 11 35217 101 35328 124 35456 12 35470 103 35584 245 35840 245 36096 244 36352 244 36608 244 36864 244 37120 244 37376 244 37632 244 37888 244 38144 243 38400 243 38656 242 38912 242 39168 241 39424 241 39680 241 39936 241 40192 242 40448 243 40704 246 40959 248 41215 249 41469 242 41712 7 41725 242 41969 5 41982 239 42225 5 42238 239 42480 5 42495 239 42736 5 42751 230 42984 12 43008 229 43243 8 43264 154 43421 72 43499 6 43520 155 43677 72 43755 6 43776 155 43933 74 44012 4 44032 155 44189 74 44269 2 44288 155 44447 74 44544 155 44703 74 44800 155 44959 75 45056 155 45215 74 45312 154 45470 75 45568 151 45726 75 45824 146 45982 73 46064 4 46080 145 46237 74 46319 7 46336 145 46493 72 46575 8 46592 145 46749 72 46831 8 46848 145 47005 72 47087 10 47104 146 47261 75 47343 10 47360 147 47517 66 47585 8 47601 8 47616 147 47773 77 47859 6 47872 147 48029 78 48117 1 48127 149 48285 79 48382 151 48541 82 48638 151 48799 85 48894 151 49057 84 49150 151 49313 85 49406 151 49569 86 49662 152 49825 86 49918 155 50081 86 50174 141 50316 15 50337 86 50430 141 50573 16 50593 86 50686 141 50829 106 50942 141 51085 106 51198 249 51454 248 51710 248 51965 249 52221 250 52476 251 52731 252 52987 686 53678 176 53855 74 53933 168 54103 254 54361 250 54616 251 54871 250 55127 249 55383 249 55639 249 55894 4139 60037 5250 65291 245
373056,0 5324 5325 252 5581 251 5837 249 6094 247 6350 247 6607 245 6863 245 7119 245 7375 246 7632 246 7888 247 8144 249 8400 2039 10440 55096
386606,0 65536
391427,8 19 93 11 169 23 247 9 264 19 349 13 425 31 504 8 520 19 605 14 680 33 760 8 777 17 860 16 934 36 1016 8 1033 17 1116 17 1189 39 1272 8 1290 15 1372 17 1444 41 1528 8 1547 13 1627 18 1699 43 1783 6 1790 2 1806 9 1883 19 1955 44 2038 5 2063 8 2139 19 2211 44 2293 6 2393 21 2467 45 2549 5 2646 24 2710 5 2723 45 2805 5 2900 26 2961 12 2981 44 3062 3 3154 27 3216 14 3237 44 3319 1 3408 14 3423 14 3470 17 3496 41 3663 15 3679 14 3725 18 3752 31 3784 9 3919 29 3979 22 4008 30 4041 9 4173 30 4234 23 4263 31 4297 9 4425 32 4489 25 4521 28 4554 7 4680 32 4745 26 4777 28 4810 7 4935 32 5000 27 5034 27 5067 5 5081 2 5191 32 5256 27 5289 27 5324 3 5336 3 5446 32 5511 29 5545 27 5591 6 5691 5 5702 31 5767 30 5801 27 5847 6 5944 10 5959 22 5987 2 6023 30 6056 27 6103 5 6199 12 6215 22 6279 31 6311 28 6360 4 6455 12 6471 21 6533 33 6568 27 6711 12 6728 19 6789 33 6825 26 6966 13 6985 18 7045 34 7082 23 7221 14 7241 18 7301 34 7338 23 7477 14 7497 8 7508 6 7556 35 7595 21 7733 14 7753 9 7765 4 7800 5 7812 35 7852 19 7988 13 8009 10 8043 22 8068 36 8109 17 8243 14 8265 10 8299 22 8324 21 8346 14 8365 16 8500 13 8522 9 8554 47 8603 12 8621 14 8756 12 8778 10 8810 47 8861 10 8877 12 9013 10 9035 9 9066 27 9096 17 9119 6 9133 11 9269 10 9291 9 9323 25 9352 17 9377 4 9389 11 9526 9 9549 7 9580 9 9593 11 9608 17 9645 11 9783 8 9806 6 9837 7 9850 10 9864 17 9901 10 10065 1 10107 8 10119 20 10157 10 10363 8 10375 20 10409 14 10621 4 10632 19 10663 14 10746 5 10878 1 10888 19 10919 12 11000 8 11145 19 11175 8 11255 9 11401 19 11431 7 11510 10 11658 19 11687 7 11765 11 11915 18 11944 5 12019 13 12172 17 12201 1 12273 15 12403 2 12429 15 12529 15 12657 6 12685 14 12785 15 12856 2 12911 9 12941 14 13041 15 13111 5 13165 12 13198 11 13297 15 13367 5 13421 12 13454 11 13552 16 13623 6 13675 14 13710 8 13808 16 13879 6 13931 13 13966 7 14063 17 14135 5 14187 13 14223 5 14319 17 14391 5 14442 13 14480 2 14575 17 14698 13 14830 18 14954 13 15086 18 15209 24 15342 18 15465 25 15598 18 15720 27 15854 18 15975 28 16110 18 16230 32 16366 18 16485 34 16623 17 16741 35 16879 17 16996 36 17137 15 17251 38 17398 3 17508 36 17765 35 18021 35 18276 35 18532 35 18788 35 19043 36 19283 9 19299 34 19539 10 19554 35 19671 2 19795 10 19810 32 19926 8 20050 11 20065 32 20181 10 20306 12 20321 31 20437 14 20562 12 20577 30 20692 16 20819 11 20833 23 20947 18 21075 11 21088 23 21203 19 21280 3 21333 34 21459 20 21504 3 21535 3 21589 33 21715 20 21760 4 21790 4 21833 4 21846 8 21855 21 21918 2 21971 20 22016 5 22045 5 22087 8 22104 5 22111 20 22173 4 22227 20 22272 4 22343 7 22371 2 22378 7 22429 6 22484 19 22528 4 22598 8 22685 6 22741 18 22784 5 22855 6 22941 6 22998 17 23040 5 23111 6 23197 6 23254 17 23296 9 23367 4 23454 4 23511 15 23552 9 23624 3 23767 14 23808 10 23880 2 24024 13 24064 10 24136 1 24280 13 24320 10 24537 10 24576 10 24794 8 24832 11 25088 11 25344 12 25600 13 25856 14 26098 1 26112 15 26352 6 26368 14 26563 6 26607 10 26623 14 26817 10 26863 30 27072 11 27119 29 27326 13 27374 27 27579 16 27630 27 27667 6 27835 16 27886 28 27921 9 28091 16 28141 30 28177 10 28347 16 28397 32 28431 12 28450 2 28604 15 28643 3 28654 45 28705 4 28861 4 28867 9 28897 6 28911 56 29125 10 29152 9 29169 54 29383 10 29407 10 29425 55 29639 10 29661 12 29681 56 29771 2 29895 10 29917 13 29937 58 30021 12 30151 11 30171 15 30192 60 30275 14 30407 11 30426 16 30447 62 30530 16 30663 12 30679 18 30703 16 30720 45 30785 17 30920 12 30933 20 30959 16 30976 46 31040 19 31061 9 31120 5 31176 32 31215 14 31232 47 31296 30 31375 8 31433 30 31471 14 31488 47 31551 40 31629 14 31691 25 31728 10 31744 47 31807 40 31885 17 31948 23 31984 9 32000 47 32063 42 32126 5 32141 22 32207 18 32244 1 32256 47 32319 42 32378 9 32397 23 32463 16 32512 47 32575 42 32629 14 32653 24 32720 14 32768 47 32831 42 32885 14 32908 25 32976 14 33024 45 33086 43 33138 18 33163 27 33233 13 33280 45 33343 42 33393 20 33418 28 33489 12 33536 44 33599 42 33649 54 33745 12 33792 43 33855 42 33905 54 34002 11 34048 43 34109 44 34160 57 34259 9 34304 42 34365 44 34416 57 34515 9 34560 42 34620 46 34672 57 34773 6 34816 42 34875 47 34928 57 35031 2 35072 43 35130 49 35185 56 35328 43 35386 49 35441 56 35584 42 35642 49 35700 53 35840 39 35899 48 35957 52 36096 37 36155 48 36214 51 36352 35 36412 47 36471 49 36608 33 36668 47 36729 47 36864 32 36924 46 36987 45 37121 29 37180 35 37222 1 37247 40 37377 28 37437 33 37505 38 37634 27 37693 32 37763 35 37891 26 37949 32 38019 34 38149 2 38155 18 38206 31 38275 29 38415 14 38463 6 38475 1 38481 11 38531 26 38676 8 38720 4 38737 10 38788 24 38933 6 38976 3 38994 8 39045 22 39232 1 39302 20 39485 4 39559 3 39565 10 39739 7 39995 7 40191 1 40249 9 40444 4 40505 8 40521 2 40699 5 40760 9 40775 10 40953 7 41016 9 41029 13 41209 7 41272 8 41284 15 41464 8 41529 8 41540 19 41720 8 41785 32 41975 10 42042 32 42231 12 42284 9 42297 34 42487 12 42539 49 42743 13 42793 52 42999 13 43049 52 43255 13 43304 53 43512 11 43559 17 43579 34 43768 11 43813 18 43836 34 44024 9 44069 18 44093 33 44279 9 44322 21 44349 32 44411 4 44511 4 44536 8 44576 22 44605 32 44665 6 44767 4 44792 8 44831 23 44862 31 44920 7 45021 8 45049 7 45087 23 45119 30 45176 6 45277 9 45288 8 45305 7 45343 23 45375 30 45431 6 45531 22 45561 7 45599 24 45631 30 45685 8 45786 23 45818 6 45855 25 45887 30 45939 9 45957 9 46039 27 46078 2 46111 25 46143 29 46194 9 46212 11 46293 29 46365 29 46399 28 46449 12 46465 15 46488 5 46548 31 46621 30 46654 29 46705 13 46719 18 46743 8 46803 32 46876 63 46960 47 47057 35 47132 63 47216 48 47310 39 47387 9 47399 51 47471 50 47564 41 47644 7 47655 50 47727 50 47819 43 47902 1 47911 49 47982 55 48075 44 48167 48 48237 57 48331 44 48423 34 48462 9 48493 59 48587 44 48678 34 48720 7 48737 1 48749 60 48843 44 48933 34 48978 4 48991 5 49006 61 49099 44 49189 33 49234 5 49247 5 49263 60 49357 42 49445 32 49490 8 49501 8 49520 61 49617 38 49701 32 49745 10 49756 9 49776 61 49873 38 49957 32 50001 22 50033 62 50129 38 50213 32 50256 25 50289 62 50384 39 50469 32 50511 28 50545 64 50639 39 50725 32 50767 29 50802 63 50894 39 50981 32 51023 30 51059 62 51149 33 51237 32 51279 31 51315 62 51405 32 51495 30 51535 32 51570 62 51660 32 51751 30 51791 96 51911 36 52008 11 52020 17 52047 96 52166 31 52278 15 52303 95 52421 29 52535 14 52561 93 52677 28 52791 14 52818 92 52933 28 53047 14 53076 89 53189 28 53220 5 53303 14 53332 89 53445 28 53475 7 53559 13 53589 88 53702 37 53816 11 53845 87 53957 38 54063 5 54073 10 54103 84 54213 39 54319 6 54330 7 54360 83 54468 40 54575 6 54589 2 54618 80 54723 42 54831 6 54875 78 54977 45 55087 4 55131 78 55233 46 55388 76 55488 48 55645 73 55743 50 55901 72 55999 51 56097 6 56158 69 56255 52 56353 10 56414 68 56511 52 56608 11 56675 61 56766 54 56864 11 56931 58 57022 54 57119 12 57187 56 57277 56 57375 12 57444 55 57532 57 57600 43 57701 16 57729 26 57783 62 57856 43 57958 14 57989 7 57997 14 58039 62 58112 42 58219 7 58256 11 58293 62 58368 42 58477 3 58513 10 58549 61 58624 41 58769 11 58804 61 58880 39 59025 11 59059 61 59136 37 59281 11 59315 60 59392 36 59538 9 59571 60 59648 35 59794 9 59826 60 59904 35 60051 8 60082 59 60160 35 60307 5 60337 58 60416 35 60593 58 60672 34 60847 58 60928 34 61101 59 61184 33 61355 60 61440 33 61611 59 61696 32 61865 60 61951 33 62121 38 62168 13 62207 32 62377 40 62427 6 62461 34 62632 41 62717 34 62889 34 62926 2 62973 34 63145 33 63228 35 63401 32 63484 35 63657 31 63740 35 63913 30 63997 33 64169 30 64253 32 64426 28 64511 1 64515 26 64683 26 64767 1 64773 24 64939 25 65029 24 65197 23 65284 25 65456 19
398196, 
398477, 
399102,101 2 107 10 121 42 363 57 619 59 875 62 1131 63 1231 2 1387 64 1484 7 1644 63 1741 6 1901 63 1997 6 2157 63 2254 6 2290 1 2412 66 2546 1 2667 68 2802 1 2923 69 3179 70 3435 71 3691 72 3947 72 4203 72 4459 73 4714 74 4969 75 5225 76 5480 77 5736 78 5992 79 6249 78 6504 80 6655 1 6760 80 6890 1 6911 1 7017 80 7143 6 7167 1 7273 80 7399 6 7423 1 7530 79 7653 8 7662 1 7679 1 7786 79 7878 1 7909 7 7935 1 8043 78 8129 7 8153 2 8165 6 8300 77 8385 7 8407 4 8421 6 8557 52 8611 22 8641 7 8663 4 8676 4 8814 51 8868 22 8897 6 8917 6 8932 1 9071 50 9125 21 9153 6 9171 7 9185 4 9329 47 9381 21 9409 5 9425 10 9441 4 9587 45 9637 20 9679 12 9695 8 9843 44 9893 20 9935 8 9949 10 9966 4 10100 42 10150 18 10192 4 10204 24 10356 41 10406 17 10460 25 10613 40 10664 13 10717 25 10869 39 10921 11 10973 25 11125 39 11183 4 11229 26 11381 39 11441 2 11459 4 11484 27 11637 39 11710 11 11739 32 11861 3 11874 5 11893 39 11965 12 11993 34 12115 7 12128 11 12140 49 12222 11 12245 35 12370 9 12383 62 12478 12 12500 34 12625 10 12639 62 12735 12 12754 35 12881 10 12895 62 12992 53 13134 13 13151 61 13249 52 13390 13 13407 62 13505 53 13614 3 13644 51 13698 27 13761 54 13822 2 13869 4 13899 52 13955 26 14017 55 14077 3 14125 5 14154 55 14211 27 14271 65 14381 6 14409 56 14468 27 14527 65 14638 5 14665 19 14687 64 14781 67 14894 5 14921 18 14943 64 15035 69 15151 4 15175 20 15199 63 15288 72 15407 4 15432 19 15455 62 15543 73 15689 13 15704 3 15709 42 15754 16 15798 74 15885 1 15946 11 15965 42 16011 14 16054 74 16204 5 16223 41 16269 12 16309 75 16480 41 16525 12 16565 75 16737 40 16781 12 16822 74 16994 11 17007 27 17038 11 17079 73 17252 7 17263 28 17295 11 17336 72 17508 8 17519 28 17551 10 17593 71 17765 37 17807 9 17821 5 17849 71 18022 36 18063 8 18076 6 18105 71 18278 37 18320 5 18331 7 18361 71 18533 38 18577 3 18587 7 18617 71 18747 1 18790 37 18843 6 18873 71 18992 5 19001 3 19047 36 19099 5 19129 71 19247 14 19303 36 19354 5 19385 71 19503 16 19559 35 19610 4 19642 70 19759 16 19816 33 19865 3 19899 69 20015 16 20073 32 20120 3 20155 69 20271 17 20331 30 20377 1 20411 69 20528 16 20587 29 20633 1 20667 69 20787 14 20847 24 20924 68 21042 15 21104 22 21181 67 21298 15 21361 20 21439 65 21553 19 21618 19 21695 65 21802 27 21876 16 21921 2 21951 65 22056 29 22133 15 22177 4 22207 65 22309 34 22391 12 22433 4 22464 64 22561 38 22647 12 22688 6 22701 2 22720 64 22816 40 22904 11 22944 7 22953 8 22976 64 23072 40 23161 9 23201 5 23208 10 23232 64 23328 40 23417 8 23457 4 23464 11 23488 64 23585 39 23674 7 23713 4 23720 11 23744 64 23841 39 23931 5 23976 10 23999 65 24097 38 24190 1 24232 10 24255 65 24353 38 24424 3 24487 11 24511 65 24609 38 24680 5 24729 1 24741 13 24766 66 24847 7 24865 38 24936 7 24985 2 24996 11 25021 67 25103 8 25121 38 25192 8 25241 2 25251 12 25277 67 25357 10 25376 40 25449 8 25497 2 25507 12 25533 67 25613 10 25632 41 25705 8 25763 12 25789 67 25868 11 25888 41 25962 7 25987 4 26019 12 26035 3 26045 67 26124 11 26143 42 26219 6 26227 1 26243 6 26275 14 26290 5 26301 67 26380 11 26399 46 26480 7 26495 11 26531 93 26636 11 26654 47 26736 27 26787 93 26893 10 26909 49 26992 29 27043 93 27151 8 27166 49 27248 29 27299 93 27423 48 27503 31 27536 3 27556 92 27680 47 27759 31 27792 3 27813 91 27937 46 28015 36 28071 89 28194 46 28271 35 28328 88 28451 45 28527 32 28583 89 28707 45 28784 30 28839 88 28965 44 29040 16 29060 10 29092 91 29221 44 29296 16 29317 9 29346 92 29481 39 29553 15 29573 10 29600 93 29737 39 29809 15 29829 9 29856 93 29994 38 30072 9 30085 8 30113 94 30251 36 30329 9 30342 7 30369 95 30507 36 30579 2 30584 21 30626 10 30637 83 30763 36 30835 2 30839 22 30883 6 30893 83 31019 32 31089 27 31140 1 31151 81 31275 32 31345 27 31407 81 31533 30 31601 28 31663 12 31679 65 31789 30 31857 28 31919 11 31934 47 31985 15 32052 24 32112 29 32177 6 32189 45 32242 14 32271 2 32309 16 32327 5 32368 29 32436 1 32445 44 32499 13 32525 4 32567 8 32587 1 32622 31 32701 41 32754 14 32781 4 32878 31 32957 40 33009 15 33037 2 33133 32 33213 39 33264 16 33389 33 33441 2 33469 39 33519 20 33645 34 33695 7 33725 38 33775 20 33901 34 33951 8 33982 36 34030 22 34158 34 34206 13 34239 22 34265 8 34285 24 34414 35 34461 14 34497 3 34501 16 34524 1 34541 24 34671 34 34711 22 34760 12 34784 4 34797 24 34927 34 34965 25 35016 12 35036 9 35052 25 35185 62 35257 2 35273 10 35291 12 35307 25 35442 62 35513 2 35531 8 35547 14 35563 24 35699 62 35768 5 35787 8 35802 41 35955 63 36023 6 36043 7 36057 40 36212 63 36278 8 36300 7 36313 39 36468 63 36533 9 36556 7 36569 39 36724 63 36789 9 36813 6 36825 39 36979 64 37045 8 37069 6 37081 39 37235 64 37302 2 37325 6 37337 39 37491 64 37581 7 37593 39 37747 6 37755 56 37837 9 37847 41 38003 6 38013 54 38093 51 38220 3 38257 6 38271 52 38349 51 38475 4 38513 6 38529 50 38604 52 38731 5 38769 4 38787 48 38859 53 38987 5 39043 48 39104 5 39115 53 39212 5 39244 5 39300 46 39359 7 39370 54 39467 7 39511 2 39556 43 39600 2 39615 7 39626 54 39723 9 39765 7 39812 43 39857 1 39871 8 39883 53 39978 11 40021 8 40040 2 40068 43 40113 1 40127 8 40138 54 40233 13 40277 8 40323 44 40369 2 40377 71 40489 14 40534 7 40578 45 40625 2 40631 73 40746 15 40793 5 40834 45 40881 1 40885 75 41004 13 41049 6 41089 46 41139 77 41267 6 41305 11 41345 46 41395 33 41432 31 41466 6 41523 7 41561 12 41601 46 41650 34 41689 30 41723 5 41777 9 41817 16 41857 84 41947 28 41979 5 42033 9 42074 17 42113 84 42203 28 42235 5 42331 18 42369 85 42459 37 42587 18 42625 44 42671 39 42715 37 42844 18 42881 43 42927 40 42970 38 43100 18 43137 43 43183 40 43226 38 43357 18 43393 44 43439 16 43458 21 43482 38 43614 17 43649 44 43695 16 43715 20 43737 39 43871 16 43905 44 43952 15 43971 20 43992 40 44128 16 44161 44 44208 15 44227 61 44384 16 44417 64 44482 62 44640 16 44673 127 44895 17 44929 127 45150 18 45185 127 45403 21 45441 127 45659 21 45697 127 45915 21 45953 127 46171 22 46209 127 46427 21 46463 129 46683 20 46719 129 46939 20 46973 131 47196 19 47229 131 47452 19 47483 133 47709 18 47739 133 47965 17 47993 135 48221 17 48247 137 48477 16 48501 139 48733 16 48756 140 48990 13 49011 141 49250 9 49267 141 49523 141 49778 142 50022 3 50034 142 50277 5 50290 142 50525 2 50532 7 50546 142 50779 16 50802 142 51035 17 51057 143 51291 18 51313 143 51549 16 51570 142 51806 15 51826 10 51839 129 52064 13 52083 8 52096 128 52320 13 52339 8 52353 127 52577 12 52596 6 52609 127 52835 8 52853 4 52865 127 53093 4 53121 127 53350 2 53376 128 53632 128 53887 129 54143 129 54399 129 54655 129 54791 4 54911 129 55041 12 55167 142 55424 133 55558 8 55682 141 55938 141 56194 140 56450 140 56705 140 56961 140 57217 11 57229 128 57473 10 57486 127 57728 11 57743 126 57984 10 58000 123 58215 6 58240 12 58255 123 58469 9 58495 14 58511 122 58724 17 58751 128 58880 9 58979 18 59007 128 59136 7 59231 23 59263 136 59483 28 59519 57 59580 74 59725 4 59737 32 59774 21 59799 30 59840 65 59981 6 59993 32 60030 21 60055 30 60097 63 60236 10 60249 34 60286 23 60311 36 60353 63 60491 12 60505 34 60542 61 60610 62 60745 14 60761 99 60865 63 60995 20 61018 71 61090 27 61121 63 61251 20 61274 71 61346 94 61506 21 61530 166 61761 22 61787 165 62017 23 62043 165 62273 24 62300 164 62528 27 62556 164 62784 27 62813 163 63039 28 63069 163 63295 28 63325 163 63551 28 63582 162 63808 27 63839 161 64064 27 64095 161 64321 191 64577 191 64835 189 65091 189 65352 184
402143,32 30 63 54 209 42 289 84 466 41 547 82 722 5 731 32 805 82 987 32 1061 83 1243 32 1318 83 1500 31 1574 83 1754 32 1829 85 2009 31 2085 86 2264 30 2341 15 2359 68 2519 30 2597 12 2616 67 2775 30 2853 9 2872 67 3031 31 3110 7 3128 66 3287 32 3384 65 3544 32 3582 2 3641 64 3800 33 3836 4 3897 64 4056 40 4154 63 4313 39 4411 62 4569 39 4667 62 4825 39 4924 61 5081 39 5181 60 5338 38 5437 59 5602 30 5694 58 5859 29 5949 44 5997 8 6115 29 6205 44 6255 6 6371 29 6467 38 6627 29 6724 37 6884 28 6982 35 7141 15 7157 11 7238 35 7398 13 7413 11 7495 34 7656 7 7670 10 7751 34 7913 4 7926 10 8007 34 8183 9 8264 33 8439 9 8520 31 8696 8 8777 29 8953 7 9033 27 9211 5 9289 26 9468 4 9545 26 9727 1 9801 26 10057 25 10313 24 10569 10 10584 7 10826 9 10841 4 11083 8 11155 4 11340 6 11409 6 11597 4 11633 3 11663 9 11829 2 11888 6 11919 10 12083 6 12142 10 12173 12 12221 8 12339 7 12397 12 12429 13 12467 6 12475 11 12593 9 12653 12 12685 14 12721 23 12846 12 12909 14 12941 14 12977 24 13101 14 13164 16 13197 15 13232 26 13357 14 13420 17 13453 15 13488 27 13612 15 13676 18 13709 14 13743 29 13868 15 13932 18 13965 14 13999 30 14123 16 14186 20 14221 14 14255 32 14379 16 14442 21 14477 14 14511 32 14635 18 14697 30 14734 12 14768 32 14891 20 14953 33 14993 8 15025 32 15147 22 15208 35 15251 3 15284 29 15403 22 15464 36 15508 1 15541 28 15659 23 15720 36 15798 27 15915 23 15975 38 16055 26 16169 26 16231 38 16311 26 16425 26 16487 38 16567 26 16679 28 16744 37 16822 31 16935 27 17000 37 17077 34 17190 7 17201 17 17258 35 17333 35 17408 1 17445 7 17457 16 17517 32 17588 36 17664 5 17700 8 17713 16 17775 31 17843 38 17920 5 17955 8 17969 15 18031 31 18098 39 18176 5 18212 7 18226 13 18287 32 18353 38 18432 5 18468 6 18483 11 18543 32 18607 38 18688 4 18725 4 18739 5 18796 35 18861 37 18944 3 19049 38 19117 35 19303 39 19373 34 19559 39 19629 34 19757 7 19815 38 19885 30 20012 9 20071 36 20141 28 20267 10 20327 34 20397 28 20523 10 20583 32 20653 28 20779 11 20840 15 20858 10 20909 28 21034 13 21086 6 21096 14 21115 8 21165 28 21199 1 21211 4 21290 13 21341 8 21351 14 21372 5 21421 29 21454 21 21542 19 21597 9 21607 14 21629 2 21676 32 21709 22 21797 25 21853 24 21931 56 22053 26 22109 24 22187 56 22309 28 22365 23 22442 58 22564 29 22621 23 22698 59 22820 30 22867 1 22877 24 22954 62 23077 29 23120 6 23134 23 23211 62 23333 29 23374 9 23391 23 23467 64 23537 4 23587 31 23629 11 23647 23 23724 64 23791 10 23841 33 23883 14 23903 24 23981 82 24097 6 24107 23 24139 14 24159 25 24237 83 24349 10 24364 21 24394 16 24416 25 24443 4 24491 85 24605 10 24621 19 24650 17 24673 30 24747 85 24860 12 24877 18 24905 19 24936 23 25001 87 25112 16 25134 17 25162 19 25194 21 25256 88 25365 20 25391 15 25418 19 25453 19 25511 89 25619 23 25647 15 25675 18 25711 17 25767 89 25874 25 25904 14 25931 19 25970 16 26022 90 26129 27 26161 13 26189 17 26227 16 26277 91 26384 46 26446 16 26483 18 26533 91 26639 47 26703 15 26740 17 26789 91 26894 37 26932 10 26959 15 26996 17 27044 92 27150 37 27188 10 27214 15 27252 18 27300 92 27406 37 27444 10 27470 15 27505 21 27556 15 27576 72 27662 37 27700 10 27725 15 27760 21 27813 13 27834 70 27918 37 27957 12 27981 13 28014 23 28070 11 28093 67 28174 37 28213 12 28237 12 28270 21 28328 9 28349 67 28429 38 28472 9 28493 11 28525 22 28587 4 28607 65 28685 37 28729 8 28749 11 28781 21 28864 64 28941 36 28986 7 29007 9 29035 22 29121 63 29197 36 29243 6 29263 9 29291 22 29377 63 29454 34 29501 2 29519 9 29546 21 29633 35 29673 23 29710 33 29776 9 29802 22 29889 34 29929 23 29967 30 30032 9 30058 23 30144 34 30187 21 30224 21 30248 1 30289 10 30314 23 30400 33 30445 19 30481 18 30546 10 30570 25 30656 31 30701 19 30739 16 30803 10 30826 25 30911 30 30957 19 30997 12 31059 10 31083 26 31167 26 31213 19 31253 12 31315 11 31341 24 31424 24 31469 19 31563 1 31571 12 31599 23 31682 19 31724 20 31819 1 31826 13 31855 23 31939 18 31979 21 32073 4 32079 16 32112 22 32198 8 32235 21 32329 4 32335 17 32368 22 32456 4 32491 21 32584 23 32623 22 32713 2 32736 32 32840 23 32879 22 32992 32 33095 22 33134 23 33247 33 33351 20 33389 24 33479 4 33502 34 33607 18 33643 24 33735 4 33756 36 33863 17 33898 25 33991 4 34011 37 34119 4 34127 8 34153 28 34247 4 34265 39 34375 4 34383 8 34408 29 34503 4 34521 39 34640 4 34664 30 34776 40 34920 31 35032 40 35176 32 35288 40 35432 33 35543 41 35688 35 35799 41 35943 36 36055 50 36113 12 36199 38 36311 51 36367 14 36455 13 36472 22 36567 54 36622 15 36710 12 36729 22 36823 70 36966 12 36985 22 37079 40 37120 30 37221 13 37241 22 37336 37 37376 31 37477 12 37497 23 37592 37 37632 31 37733 11 37754 22 37849 35 37888 32 37987 12 38011 21 38087 3 38105 34 38144 33 38245 10 38269 20 38341 6 38361 33 38400 33 38501 10 38527 18 38583 3 38597 6 38617 32 38656 35 38763 1 38785 16 38839 3 38852 8 38874 23 38899 4 38912 35 39041 16 39095 3 39108 8 39130 21 39156 1 39168 36 39299 16 39364 9 39389 2 39424 36 39555 16 39620 9 39680 37 39813 16 39876 9 39936 37 40069 16 40133 8 40192 37 40327 14 40389 8 40448 37 40585 13 40645 8 40704 37 40845 7 40901 7 40960 37 41102 5 41157 7 41216 37 41360 3 41372 1 41414 5 41472 37 41617 1 41670 4 41728 37 41984 36 42240 36 42496 36 42752 36 42913 2 42917 5 43008 37 43167 13 43264 37 43422 16 43520 39 43677 17 43776 40 43848 7 43933 18 44032 40 44103 8 44188 19 44288 40 44357 12 44443 20 44544 40 44612 14 44699 20 44800 39 44867 16 44954 21 45056 39 45123 16 45210 21 45312 37 45379 15 45465 22 45568 36 45634 16 45721 23 45824 35 45890 16 45977 23 46080 17 46099 16 46145 16 46233 23 46336 34 46401 17 46490 22 46592 33 46657 18 46747 21 46848 31 46913 18 47003 6 47011 12 47104 30 47147 3 47169 18 47260 1 47269 9 47360 29 47402 5 47426 19 47616 31 47658 5 47682 19 47872 34 47913 6 47938 17 48128 35 48169 6 48194 17 48384 37 48425 7 48451 16 48640 37 48681 8 48707 16 48896 37 48937 8 48963 16 49152 37 49193 8 49219 16 49330 9 49408 37 49449 7 49476 15 49507 2 49582 16 49664 37 49706 6 49733 14 49763 2 49837 18 49920 37 49965 1 49990 12 50018 3 50093 20 50176 37 50247 10 50273 4 50349 20 50432 37 50506 3 50529 3 50604 22 50688 37 50783 5 50860 23 50944 37 51035 10 51115 24 51200 37 51288 13 51371 24 51456 37 51540 19 51626 25 51712 37 51795 20 51882 25 51968 37 52048 24 52137 26 52224 37 52303 25 52393 26 52480 37 52558 25 52648 27 52736 36 52813 26 52904 27 52992 35 53067 28 53160 28 53248 35 53323 27 53415 29 53504 11 53519 19 53577 28 53671 29 53760 12 53775 19 53833 28 53927 28 54016 13 54033 17 54089 28 54180 23 54207 3 54272 13 54291 15 54345 27 54435 22 54528 13 54551 10 54602 25 54692 19 54784 13 54807 10 54858 24 54893 2 54949 16 55040 13 55065 6 55114 21 55147 6 55205 13 55296 13 55323 2 55361 4 55370 21 55403 6 55461 12 55552 15 55616 7 55625 21 55659 6 55718 9 55808 15 55871 31 55915 6 55975 7 56054 2 56064 16 56127 33 56171 4 56304 12 56320 17 56381 36 56557 16 56576 17 56636 39 56811 20 56832 17 56892 40 57067 20 57088 19 57148 41 57323 40 57404 41 57578 43 57661 39 57735 12 57831 47 57917 39 57991 13 58082 54 58175 36 58249 12 58337 55 58431 24 58459 7 58505 12 58593 62 58689 5 58697 11 58763 10 58848 63 58954 9 59019 9 59104 63 59211 6 59276 7 59359 64 59533 6 59615 64 59789 7 59871 64 60045 7 60127 64 60301 8 60383 62 60557 8 60639 61 60814 7 60894 61 61070 7 61150 60 61326 8 61406 60 61581 9 61661 60 61837 10 61917 60 62093 10 62173 59 62347 12 62428 60 62601 14 62684 59 62855 16 62939 60 63111 15 63195 60 63367 14 63451 60 63623 13 63707 34 63744 23 63879 11 63963 30 64000 22 64135 10 64195 5 64219 28 64256 22 64400 1 64413 6 64447 11 64475 27 64512 21 64668 9 64702 13 64730 27 64768 21 64843 2 64923 11 64944 12 64957 14 64985 28 65024 21 65098 3 65179 11 65199 28 65241 28 65280 21 65349 10 65409 5 65433 50 65497 28
402654,0 65536
403524,0 77 257 76 514 75 771 74 1028 74 1285 74 1541 74 1797 74 2053 74 2309 73 2565 73 2819 72 3022 1 3075 72 3277 3 3328 75 3532 5 3584 74 3787 6 3840 75 3919 4 4043 6 4096 75 4172 8 4299 7 4352 85 4527 5 4555 7 4608 85 4783 6 4807 11 4864 86 5039 8 5062 12 5120 87 5295 9 5319 11 5376 87 5551 11 5575 10 5632 87 5808 10 5831 1 5888 87 6065 8 6076 1 6144 87 6321 8 6331 2 6400 86 6587 2 6656 86 6844 1 6912 85 7162 1 7168 85 7417 2 7424 85 7673 2 7680 85 7797 2 7930 1 7936 86 8051 4 8153 3 8192 86 8307 4 8408 5 8417 3 8448 85 8563 4 8664 5 8673 5 8704 85 8820 3 8859 2 8920 5 8929 5 8960 85 9068 5 9078 1 9115 2 9185 6 9216 85 9323 6 9372 1 9441 5 9472 83 9579 6 9700 1 9728 83 9835 6 9984 83 10091 8 10240 83 10347 8 10496 83 10589 6 10603 10 10752 84 10844 7 10858 13 10954 5 11008 87 11099 10 11114 12 11208 9 11264 87 11356 8 11371 5 11464 10 11520 88 11613 7 11719 13 11776 88 11870 6 11974 15 12032 89 12229 17 12288 89 12483 20 12544 91 12739 20 12800 93 12994 21 13056 95 13250 21 13312 95 13506 21 13568 97 13670 5 13683 3 13762 21 13824 97 13925 6 13938 5 14018 21 14080 99 14180 9 14193 7 14218 8 14275 19 14336 109 14447 10 14473 12 14531 18 14592 110 14703 18 14729 18 14788 17 14848 110 14959 20 14985 18 15045 15 15104 110 15215 20 15240 20 15307 8 15360 133 15495 21 15565 6 15616 156 15855 3 15872 116 15993 35 16111 3 16128 116 16249 36 16384 116 16504 38 16640 117 16759 44 16896 163 17152 165 17408 165 17664 165 17920 165 18176 165 18432 165 18688 165 18944 165 19200 163 19456 162 19712 157 19968 156 20224 159 20479 162 20735 169 20990 171 21246 173 21498 1 21502 173 21754 1 21759 173 22016 173 22272 185 22528 185 22784 186 23040 186 23296 187 23552 187 23808 187 24064 187 24320 188 24576 189 24832 189 25088 190 25344 199 25600 199 25856 201 26112 201 26368 203 26624 203 26880 203 27136 203 27392 201 27648 201 27904 200 28160 199 28391 1 28416 199 28646 3 28672 199 28902 3 28928 199 29159 2 29184 198 29440 197 29696 197 29952 197 30208 197 30464 197 30720 197 30976 198 31232 198 31488 198 31744 198 32000 199 32256 199 32512 199 32768 198 33024 198 33280 198 33536 202 33792 203 34048 203 34304 203 34560 203 34816 203 35072 205 35328 206 35584 208 35840 209 36096 212 36310 2 36352 218 36608 219 36864 219 37120 219 37376 219 37632 217 37888 217 38144 215 38400 215 38656 215 38912 215 39168 215 39385 1 39424 219 39680 221 39936 221 40192 222 40448 222 40704 221 40960 220 41216 217 41472 213 41728 212 41984 212 42240 212 42496 212 42752 212 43008 212 43264 212 43520 212 43776 213 44032 214 44288 218 44544 219 44800 219 45056 219 45312 220 45568 221 45824 221 46080 222 46336 223 46592 223 46848 223 47104 224 47360 224 47616 224 47872 225 48128 225 48384 225 48640 225 48896 225 49152 225 49408 226 49664 229 49920 230 50176 231 50432 229 50688 229 50944 227 51200 227 51456 226 51712 225 51968 226 52224 226 52480 227 52716 2 52736 228 52972 2 52992 231 53227 3 53248 233 53504 233 53760 233 54016 233 54272 233 54528 233 54784 233 55040 232 55296 232 55552 231 55808 231 56064 231 56320 232 56576 235 56832 235 57088 236 57344 237 57600 238 57856 239 58112 239 58368 239 58624 238 58880 238 59136 237 59392 237 59648 236 59904 235 60160 235 60416 234 60672 233 60928 233 61184 232 61440 231 61696 230 61952 229 62208 227 62464 227 62720 225 62976 225 63232 225 63488 224 63744 223 64000 222 64256 220 64512 220 64768 219 65024 220 65280 123 65405 96 65510 3
403905,0 43 67 172 256 5 262 38 323 174 512 1 519 38 580 173 775 38 836 173 1033 36 1093 173 1291 34 1351 172 1547 34 1607 173 1804 34 1861 176 2060 34 2116 177 2317 33 2373 174 2573 32 2629 174 2831 30 2885 173 3073 2 3087 30 3141 172 3329 3 3347 22 3397 171 3585 3 3603 22 3653 171 3840 5 3862 16 3900 179 4096 6 4119 13 4155 180 4352 5 4377 8 4411 180 4599 5 4608 5 4634 5 4667 97 4769 78 4854 7 4864 5 4923 28 4959 60 5028 5 5035 68 5109 9 5120 7 5179 27 5215 59 5286 2 5291 68 5365 10 5376 7 5435 26 5471 57 5549 66 5620 20 5691 26 5727 56 5803 68 5876 20 5948 24 5981 55 6056 71 6131 22 6204 23 6237 52 6311 72 6387 21 6460 23 6493 52 6566 72 6643 21 6717 22 6749 50 6821 73 6899 20 6973 22 7005 45 7077 73 7153 22 7229 21 7261 42 7333 99 7437 7 7485 19 7517 36 7589 116 7709 2 7741 19 7773 34 7845 125 7997 18 8031 30 8099 128 8253 18 8287 28 8353 130 8508 18 8542 27 8609 75 8685 55 8764 18 8797 28 8864 75 8942 55 9019 18 9052 9 9063 21 9120 25 9151 10 9164 30 9200 53 9275 18 9307 34 9376 25 9409 6 9421 28 9456 55 9532 16 9562 36 9631 25 9679 26 9712 55 9788 16 9817 38 9861 2 9888 23 9937 24 9968 55 10044 17 10073 49 10145 21 10193 23 10224 55 10301 18 10329 50 10402 19 10449 23 10479 9 10492 43 10557 20 10584 52 10641 4 10659 9 10703 26 10737 4 10752 38 10815 18 10839 54 10895 8 10918 5 10959 27 10993 3 11008 7 11020 26 11073 18 11095 65 11213 31 11250 1 11264 5 11277 25 11329 18 11351 65 11469 32 11506 1 11520 1 11533 24 11585 18 11607 65 11724 35 11790 23 11841 18 11861 67 11979 36 12019 2 12046 23 12096 89 12235 42 12303 22 12351 90 12490 44 12559 22 12607 92 12745 44 12815 22 12862 95 13001 41 13073 20 13117 98 13257 39 13329 20 13373 100 13513 38 13585 21 13627 103 13769 38 13841 21 13883 104 14026 36 14097 21 14139 104 14283 33 14354 20 14395 105 14539 33 14610 20 14650 106 14797 30 14866 20 14906 107 15053 30 15123 19 15161 110 15311 27 15377 22 15417 112 15567 27 15631 24 15673 116 15827 25 15887 24 15929 117 16083 25 16141 26 16183 120 16338 27 16397 26 16439 121 16594 28 16639 1 16652 27 16695 123 16849 30 16894 2 16908 27 16951 124 17103 33 17146 6 17163 26 17207 125 17356 37 17400 8 17419 26 17462 127 17611 53 17675 27 17717 130 17866 54 17931 28 17973 130 18121 55 18187 29 18228 133 18377 55 18443 30 18484 133 18633 55 18699 30 18739 134 18888 56 18955 31 18992 137 19144 56 19211 32 19245 140 19393 63 19467 176 19646 66 19723 245 19979 245 20235 245 20490 246 20745 247 21001 247 21257 74 21333 171 21513 72 21590 170 21769 66 21847 169 22024 67 22103 169 22279 67 22361 168 22535 67 22618 171 22791 66 22876 237 23132 237 23389 236 23645 236 23901 236 24157 236 24415 234 24671 235 24919 3 24929 234 25174 5 25186 235 25430 7 25445 233 25686 7 25700 237 25942 251 26198 253 26455 252 26712 251 26969 250 27225 250 27481 250 27738 249 27995 248 28251 249 28508 248 28764 249 29021 248 29277 248 29533 248 29789 248 30047 246 30303 248 30559 249 30813 3256 34075 250 34331 250 34587 250 34843 250 35099 250 35355 249 35610 179 35792 67 35866 179 36048 67 36121 249 36377 248 36632 249 36888 248 37143 249 37399 249 37655 249 37911 249 38167 248 38423 248 38679 248 38935 246 39191 245 39447 244 39701 245 39957 245 40209 249 40463 252 40718 253 40974 61 41037 190 41229 54 41285 3 41295 244 41551 244 41806 245 42061 251 42317 252 42574 251 42829 254 43085 1281 44367 254 44625 252 44881 252 45136 253 45391 255 45647 2814 48465 251 48722 249 48979 248 49235 248 49492 246 49749 245 50005 245 50261 73 50335 170 50517 72 50591 170 50774 70 50847 154 51011 5 51031 69 51103 153 51270 1 51287 68 51360 150 51544 67 51616 150 51801 66 51873 150 52060 7 52068 55 52133 146 52318 1 52325 54 52391 144 52583 55 52649 142 52840 57 52906 141 53097 57 53163 14 53192 111 53354 57 53420 13 53447 113 53610 59 53678 9 53702 114 53867 58 53935 8 53957 116 54123 60 54193 6 54213 117 54344 2 54379 60 54449 6 54469 119 54599 5 54635 62 54705 9 54724 121 54855 5 54890 63 54961 10 54979 123 55106 11 55145 66 55217 10 55235 138 55401 68 55475 8 55490 141 55656 71 55735 4 55746 141 55911 72 55999 113 56113 31 56167 73 56254 113 56369 31 56423 73 56510 113 56625 32 56679 75 56765 114 56881 32 56935 76 57021 115 57137 32 57191 79 57277 148 57447 81 57533 148 57689 4 57701 84 57789 148 57943 7 57955 86 58046 147 58197 100 58303 146 58453 100 58559 148 58708 101 58816 249 59073 248 59329 248 59586 246 59843 245 60101 244 60357 244 60614 245 60871 245 61127 246 61384 245 61640 245 61895 246 62151 246 62408 246 62664 246 62921 246 63177 247 63433 55 63489 193 63689 55 63753 187 63944 56 64011 186 64200 56 64267 245 64523 245 64781 83 64869 155 65038 81 65123 157 65288 1 65295 78 65379 2 65384 81 65471 65
409913,0 17 41 126 256 15 298 124 512 13 555 123 768 12 811 122 1024 11 1067 122 1280 11 1322 123 1536 10 1578 123 1792 10 1833 124 2048 10 2089 124 2304 9 2347 121 2560 9 2603 121 2816 9 2861 118 3072 9 3118 116 3328 8 3375 114 3584 7 3631 114 3840 7 3887 113 4096 7 4143 112 4352 7 4399 110 4608 6 4655 109 4864 5 4911 108 5120 5 5168 107 5376 3 5425 105 5632 2 5681 105 5938 103 6195 102 6452 80 6535 17 6708 79 6792 16 6965 76 7053 10 7222 23 7247 49 7305 2 7309 10 7481 17 7505 45 7561 2 7568 6 7737 16 7761 44 7817 2 7824 5 7995 13 8019 42 8073 4 8254 9 8278 39 8329 4 8537 36 8585 3 8794 35 8841 2 9051 34 9097 1 9307 34 9353 1 9563 16 9581 15 9607 3 9819 16 9838 14 9863 3 10075 15 10095 12 10118 4 10331 14 10351 12 10374 4 10589 12 10609 10 10631 3 10846 11 10867 7 10887 3 11103 9 11144 2 11360 7 11401 1 24575 1 24829 3 25084 4 25339 5 25594 6 25849 7 26102 10 26357 11 26612 12 26868 12 27124 12 27379 13 27635 13 27891 13 28146 14 28349 3 28364 4 28402 14 28603 11 28615 10 28657 15 28859 24 28913 15 29097 4 29114 25 29167 17 29352 7 29364 32 29423 17 29607 45 29679 17 29863 45 29935 17 30119 46 30191 17 30375 46 30447 5 30454 10 30631 46 30711 9 30887 45 30967 9 31030 6 31143 45 31224 8 31285 7 31400 43 31479 9 31538 11 31657 42 31734 10 31793 12 31913 42 31989 11 32046 16 32169 40 32235 21 32301 17 32426 37 32490 22 32555 20 32682 34 32745 23 32797 4 32811 21 32939 32 33001 23 33053 5 33066 23 33195 32 33255 25 33309 5 33322 23 33451 32 33511 25 33565 4 33578 25 33709 4 33719 20 33766 26 33822 3 33834 25 33966 3 33977 18 34021 19 34089 26 34221 4 34242 9 34277 17 34345 26 34477 4 34499 8 34533 16 34599 29 34731 6 34788 17 34855 29 34987 6 35044 17 35107 34 35241 8 35299 17 35363 34 35497 8 35555 17 35620 33 35753 8 35812 15 35876 33 36009 8 36068 15 36131 35 36323 17 36387 35 36579 17 36643 36 36835 17 36899 36 37090 18 37155 36 37345 19 37371 5 37411 36 37601 18 37625 7 37667 15 37688 2 37692 10 37857 17 37880 8 37923 15 37944 1 37948 10 38112 17 38136 8 38179 4 38188 6 38199 3 38204 9 38297 4 38369 15 38391 9 38435 3 38445 6 38455 4 38461 7 38552 6 38625 14 38646 10 38702 5 38717 2 38805 10 38881 12 38901 11 38959 4 39060 11 39137 12 39157 11 39215 4 39313 15 39395 10 39412 12 39469 6 39569 16 39652 8 39668 12 39724 6 39823 18 39923 13 39979 7 39997 2 40079 18 40175 17 40233 10 40250 7 40335 24 40428 20 40489 10 40505 9 40592 23 40683 21 40744 11 40759 13 40779 4 40848 24 40939 21 40999 33 41033 8 41104 25 41195 21 41254 45 41360 25 41452 20 41509 46 41616 25 41708 20 41764 49 41862 5 41871 26 41915 10 41965 19 42019 51 42118 7 42127 25 42170 12 42221 19 42273 53 42337 1 42373 35 42424 15 42476 20 42529 54 42591 6 42627 36 42678 17 42732 20 42784 55 42844 10 42883 36 42932 20 42988 20 43040 55 43099 11 43139 36 43188 21 43244 20 43297 54 43353 14 43371 4 43394 38 43443 22 43500 20 43553 80 43649 40 43699 22 43756 20 43810 80 43904 41 43955 22 44011 21 44067 80 44160 41 44211 22 44267 21 44322 81 44416 41 44467 23 44522 22 44578 81 44672 41 44723 24 44777 23 44833 83 44928 75 45033 23 45089 83 45184 75 45288 24 45345 83 45441 74 45541 27 45601 83 45697 74 45796 28 45857 82 45953 75 46049 31 46113 82 46209 75 46302 34 46370 80 46463 77 46555 37 46626 80 46718 78 46811 37 46883 78 46974 79 47064 40 47139 78 47229 80 47318 42 47396 77 47485 131 47652 77 47741 131 47909 81 47997 131 48165 82 48251 133 48422 218 48678 89 48770 126 48935 88 49026 126 49191 89 49281 127 49409 6 49448 216 49665 8 49704 231 49960 231 50216 233 50473 234 50730 235 50988 234 51246 53 51303 176 51509 45 51559 177 51767 43 51816 176 52026 40 52073 22 52099 150 52282 40 52329 21 52357 148 52539 38 52586 20 52615 146 52795 38 52842 20 52871 146 53051 38 53098 21 53129 144 53307 39 53353 23 53386 143 53563 40 53607 29 53643 142 53820 39 53863 30 53900 140 54078 73 54158 137 54335 73 54417 134 54592 74 54673 134 54849 74 54929 132 55106 73 55185 132 55362 73 55441 133 55619 73 55697 133 55874 74 55953 134 56119 84 56210 133 56373 86 56466 134 56628 87 56723 133 56883 88 56979 78 57061 51 57139 88 57237 54 57297 15 57319 49 57395 88 57493 53 57553 16 57576 48 57650 88 57751 50 57809 16 57833 8 57844 36 57907 87 58007 49 58066 15 58089 8 58101 34 58164 86 58264 49 58322 14 58347 44 58420 86 58520 49 58578 13 58604 42 58677 85 58777 46 58832 14 58861 41 58935 83 59033 46 59087 14 59117 40 59195 79 59289 44 59342 11 59373 41 59452 78 59546 41 59598 13 59628 43 59711 76 59807 35 59853 16 59879 49 59967 76 60064 33 60109 16 60133 64 60223 77 60319 33 60366 19 60387 68 60478 79 60575 32 60622 92 60720 6 60731 82 60830 32 60879 104 60987 82 61085 32 61135 19 61157 169 61341 32 61393 16 61414 168 61596 33 61654 11 61670 169 61851 34 61915 7 61925 170 62106 34 62171 180 62360 37 62421 186 62615 38 62675 188 62871 38 62924 195 63127 39 63180 193 63381 42 63435 195 63637 42 63691 198 63890 46 63945 248 64201 248 64455 250 64710 251 64965 252 65221 252 65477 59
416208,6655 1 6910 2 7164 4 7419 5 7671 9 7923 13 8175 17 8428 20 8681 23 8934 26 9187 29 9441 31 9695 33 9947 37 10201 39 10453 43 10706 46 10961 47 11215 49 11471 49 11725 51 11980 52 12236 52 12492 52 12747 53 13003 53 13259 53 13514 54 13757 2 13766 58 14013 3 14020 60 14271 65 14527 65 14783 65 15039 65 15294 66 15549 67 15803 69 16058 70 16310 74 16565 75 16820 76 17075 77 17278 1 17331 77 17529 8 17586 78 17782 13 17814 4 17842 78 18037 14 18069 5 18097 79 18291 19 18326 4 18353 79 18544 25 18582 3 18609 79 18797 31 18839 2 18865 79 19052 33 19095 1 19122 78 19304 37 19354 3 19379 77 19557 40 19611 2 19635 77 19809 45 19891 77 20063 47 20146 78 20317 50 20403 77 20572 51 20659 77 20823 56 20915 77 21077 58 21171 77 21332 59 21427 77 21583 63 21683 77 21837 64 21937 1 21942 74 22092 65 22193 1 22199 73 22343 69 22455 73 22598 69 22711 73 22852 71 22967 73 23106 73 23223 73 23350 84 23480 72 23603 88 23736 72 23855 92 23991 73 24108 95 24247 73 24362 98 24481 4 24502 74 24617 99 24737 4 24757 75 24869 104 24979 2 24993 7 25003 2 25011 77 25124 107 25236 3 25249 8 25258 5 25267 77 25378 113 25493 3 25499 101 25628 120 25749 4 25755 9 25765 91 25881 139 26021 91 26135 141 26277 91 26387 237 26641 239 26891 245 27145 247 27395 7070 34466 255 34722 1783 36509 16 36529 232 36765 16 36786 231 37021 12 37035 2 37042 247 37292 1 37298 247 37547 2 37554 255 37810 237 38048 254 38306 251 38563 246 38810 3 38819 246 39067 4 39075 254 39330 7211 46546 250 46803 246 47059 246 47316 243 47573 242 47830 241 48087 239 48344 237 48600 235 48855 230 49110 225 49368 222 49625 221 49883 218 50141 216 50398 215 50654 214 50910 214 51166 214 51423 214 51680 213 51937 211 52193 211 52449 211 52706 210 52962 209 53196 5 53219 208 53451 5 53476 207 53701 11 53733 206 53956 12 53990 205 54211 12 54247 204 54466 13 54504 205 54720 13 54762 205 54975 14 55019 206 55230 14 55276 205 55486 13 55533 204 55742 13 55790 203 55997 13 56047 220 56303 220 56559 219 56815 218 57071 218 57328 216 57584 7 57592 206 57840 7 57849 204 58096 6 58105 204 58353 6 58361 204 58609 6 58617 2 58622 193 58866 5 58873 2 58878 192 59123 4 59128 4 59134 190 59379 9 59390 189 59635 4 59640 4 59646 187 59890 5 59897 192 60146 5 60153 6 60160 185 60370 1 60402 5 60416 186 60625 6 60658 5 60672 184 60881 10 60914 7 60928 183 61137 15 61169 8 61184 183 61393 18 61425 8 61440 183 61649 18 61681 7 61696 183 61905 18 61937 6 61952 183 62161 18 62194 2 62208 181 62417 18 62451 2 62464 181 62673 18 62708 1 62720 180 62929 17 62976 180 63184 18 63232 180 63439 18 63488 181 63694 19 63744 181 63939 4 63949 20 64000 181 64194 9 64205 18 64256 181 64447 33 64512 181 64703 34 64768 182 64959 34 65024 183 65214 36 65280 185 65468 4 65475 26 65503 4
416662,55 8 73 12 103 4 112 22 160 92 311 9 327 14 367 23 417 90 567 9 581 16 623 23 673 90 821 33 878 23 930 89 1075 35 1133 24 1187 87 1329 37 1388 25 1445 84 1584 38 1644 25 1701 84 1839 38 1900 24 1958 83 2093 40 2156 23 2214 83 2347 42 2411 23 2470 90 2603 42 2667 22 2726 90 2858 43 2923 20 2981 91 3114 44 3179 19 3237 91 3369 47 3435 19 3492 92 3619 55 3691 18 3748 92 3873 60 3938 6 3947 18 4005 91 4129 61 4194 7 4203 18 4261 91 4383 73 4461 15 4517 18 4539 69 4639 72 4717 14 4774 17 4797 67 4895 72 4975 10 5031 15 5054 66 5151 71 5231 8 5288 13 5311 65 5407 68 5491 1 5547 7 5575 57 5663 69 5803 8 5831 57 5919 70 6057 13 6087 57 6175 70 6313 14 6343 18 6363 37 6432 70 6517 4 6569 16 6599 18 6620 36 6689 69 6772 6 6825 17 6855 19 6877 35 6947 68 7027 8 7080 20 7110 21 7133 35 7204 69 7283 9 7335 23 7366 22 7389 35 7461 69 7536 13 7591 24 7621 59 7717 70 7790 15 7847 10 7858 15 7883 53 7973 89 8103 8 8115 15 8144 48 8230 88 8359 7 8371 16 8401 47 8486 88 8615 6 8629 14 8659 6 8670 34 8742 88 8871 6 8885 14 8915 4 8926 34 8998 89 9128 3 9141 14 9183 33 9254 89 9385 1 9397 14 9439 33 9510 89 9653 15 9695 33 9766 89 9909 15 9951 33 10023 88 10165 15 10199 1 10205 35 10279 88 10421 15 10454 42 10534 89 10678 14 10708 44 10790 89 10935 12 10963 45 11043 92 11192 11 11218 46 11299 92 11449 8 11474 46 11554 94 11730 46 11810 94 11986 46 12067 93 12175 4 12244 44 12323 92 12421 2 12430 5 12501 43 12581 60 12651 21 12675 6 12685 7 12757 43 12839 58 12909 28 12941 8 13013 43 13095 56 13166 40 13269 43 13352 55 13422 49 13524 44 13609 54 13678 51 13779 45 13865 54 13935 51 14035 45 14122 53 14191 52 14291 45 14379 52 14434 2 14448 51 14547 45 14634 3 14641 45 14687 5 14705 50 14803 45 14889 4 14897 45 14943 4 14961 50 15059 45 15143 6 15155 40 15200 2 15217 50 15315 45 15397 8 15411 40 15473 50 15571 45 15651 10 15669 14 15690 17 15729 49 15827 45 15907 10 15926 9 15947 15 15985 48 16083 45 16161 12 16205 12 16241 46 16339 45 16417 12 16461 10 16498 44 16595 45 16671 14 16755 43 16851 45 16926 15 17011 43 17106 46 17179 19 17273 38 17361 47 17435 19 17530 37 17617 47 17689 21 17756 17 17787 37 17873 47 17944 22 18006 23 18043 37 18129 47 18199 22 18235 3 18242 5 18259 28 18299 36 18384 48 18455 22 18489 16 18514 30 18554 37 18640 48 18711 21 18743 18 18769 32 18810 37 18895 49 18967 21 18999 19 19024 33 19066 37 19151 49 19222 20 19255 20 19279 34 19322 37 19407 49 19478 21 19511 20 19533 37 19578 37 19663 49 19733 22 19767 60 19835 37 19919 49 19988 23 20023 60 20091 37 20175 49 20245 22 20279 60 20348 36 20431 49 20501 22 20535 60 20605 35 20687 34 20725 11 20749 4 20756 23 20791 60 20861 35 20943 33 20982 10 21005 30 21047 60 21117 34 21198 34 21239 9 21260 32 21303 60 21373 34 21453 30 21487 2 21495 2 21500 3 21516 32 21559 60 21629 34 21709 29 21751 2 21772 32 21815 60 21885 32 21955 4 21965 28 22028 32 22071 60 22142 31 22210 6 22221 27 22284 31 22327 60 22398 30 22465 38 22540 31 22584 8 22595 47 22654 29 22721 37 22796 31 22860 37 22911 27 22975 39 23053 13 23069 13 23116 37 23167 27 23231 39 23310 9 23327 9 23372 36 23424 24 23485 42 23567 8 23584 7 23629 34 23680 23 23741 42 23885 33 23937 17 23997 42 24142 31 24194 14 24253 42 24401 26 24451 11 24509 42 24660 22 24709 8 24764 43 24918 19 25019 44 25176 16 25275 44 25440 7 25523 52 25697 6 25778 54 26032 56 26287 58 26542 59 26798 59 27053 60 27247 4 27309 60 27501 7 27564 60 27756 9 27819 61 28011 10 28075 61 28267 10 28331 61 28522 12 28586 61 28778 13 28842 61 29005 6 29034 13 29092 67 29179 5 29232 2 29260 9 29289 15 29339 76 29435 5 29486 11 29514 13 29544 17 29591 80 29689 7 29742 12 29770 14 29792 1 29800 17 29845 81 29944 8 29998 14 30025 29 30055 18 30090 6 30101 81 30198 10 30255 14 30281 48 30345 7 30357 80 30453 11 30511 14 30537 52 30601 7 30613 84 30707 13 30767 14 30793 52 30857 6 30869 93 30963 13 31023 14 31048 54 31114 4 31125 107 31279 14 31304 54 31372 1 31381 107 31505 6 31536 13 31560 55 31637 107 31761 6 31792 13 31817 54 31893 107 32016 7 32048 13 32073 53 32151 105 32271 9 32303 14 32329 53 32407 105 32527 9 32559 14 32584 53 32663 105 32783 9 32815 14 32840 53 32919 105 33039 10 33071 14 33095 47 33143 4 33176 104 33295 10 33327 14 33350 47 33433 103 33551 10 33583 15 33605 48 33691 101 33807 10 33839 15 33861 14 33877 31 33948 100 34064 8 34095 15 34117 13 34139 4 34149 14 34207 7 34218 41 34263 41 34320 8 34351 15 34372 13 34405 14 34465 2 34475 40 34519 41 34576 8 34606 15 34628 10 34663 10 34734 35 34775 41 34832 8 34861 16 34884 9 34919 9 34991 28 35030 42 35088 8 35117 15 35141 7 35178 3 35254 19 35286 42 35344 7 35371 16 35396 8 35511 18 35542 42 35600 7 35625 17 35652 8 35767 16 35798 42 35856 7 35881 16 35908 9 36024 14 36054 42 36112 6 36136 17 36164 10 36281 11 36310 42 36369 4 36391 17 36420 11 36538 9 36566 42 36648 16 36675 13 36795 6 36821 43 36904 16 36930 15 37052 4 37075 45 37161 16 37185 17 37329 47 37417 16 37441 18 37585 47 37673 16 37695 22 37840 48 37929 16 37951 22 38095 49 38185 16 38207 24 38351 49 38442 15 38463 24 38607 49 38699 13 38719 24 38863 49 38955 12 38975 25 39119 49 39231 25 39375 49 39488 24 39631 49 39745 22 39889 47 40001 22 40145 47 40232 5 40257 22 40402 46 40487 6 40514 21 40659 45 40741 9 40771 20 40918 42 40996 11 41027 19 41176 34 41213 3 41251 12 41285 16 41433 32 41470 2 41507 12 41540 16 41689 28 41726 2 41762 14 41795 11 41946 22 41981 3 42018 14 42051 10 42202 21 42237 3 42274 16 42306 10 42456 9 42467 14 42491 5 42529 18 42562 10 42711 7 42725 13 42747 5 42786 17 42817 11 42965 8 42981 27 43042 17 43073 11 43115 2 43221 9 43237 27 43299 16 43328 12 43369 7 43469 17 43493 27 43555 16 43584 12 43624 9 43724 18 43749 27 43814 11 43841 12 43878 11 43896 7 43979 20 44003 29 44073 6 44091 4 44097 12 44133 12 44151 9 44234 21 44259 29 44355 10 44389 28 44489 55 44611 10 44645 29 44744 56 44868 7 44900 31 44999 15 45021 35 45124 7 45156 31 45256 13 45276 36 45381 4 45411 32 45514 11 45532 36 45624 3 45638 1 45667 32 45773 7 45787 37 45875 10 45923 33 46043 37 46130 11 46178 34 46299 37 46385 16 46431 37 46555 38 46641 18 46686 38 46810 41 46897 18 46939 41 47067 40 47153 18 47195 40 47323 40 47408 20 47438 1 47449 42 47579 41 47664 19 47694 2 47702 45 47835 44 47920 19 47949 54 48091 45 48176 18 48204 55 48348 47 48397 1 48432 17 48459 54 48604 51 48689 16 48714 55 48860 52 48933 4 48944 17 48969 54 49116 52 49188 6 49200 17 49225 54 49372 52 49443 10 49455 18 49481 54 49628 52 49699 10 49711 18 49737 54 49883 18 49909 28 49954 31 49993 54 50138 17 50172 21 50210 31 50249 54 50393 17 50429 21 50465 32 50506 52 50606 3 50648 16 50685 22 50721 32 50763 8 50775 39 50857 9 50903 16 50941 22 50977 32 51021 4 51033 36 51111 12 51159 14 51197 22 51233 32 51290 34 51350 3 51366 14 51415 14 51454 22 51489 32 51548 30 51605 6 51620 16 51671 16 51711 20 51745 31 51805 29 51861 6 51875 17 51927 18 51959 5 51965 22 52002 30 52061 28 52118 5 52127 22 52183 19 52213 30 52258 17 52279 8 52307 4 52318 27 52347 3 52374 6 52381 24 52439 19 52468 31 52515 15 52538 5 52562 5 52575 32 52629 32 52695 19 52723 33 52771 14 52817 6 52833 30 52872 5 52884 33 52950 20 52978 35 53028 13 53072 8 53091 29 53127 47 53198 28 53233 38 53285 12 53327 9 53348 29 53381 49 53453 29 53489 39 53542 11 53583 9 53605 12 53618 68 53708 29 53744 40 53799 10 53839 10 53861 12 53875 67 53964 29 53999 42 54057 8 54095 10 54118 11 54133 65 54219 30 54255 42 54313 8 54350 11 54375 10 54390 65 54475 31 54510 44 54571 5 54606 13 54631 79 54731 79 54827 4 54863 12 54888 78 54988 78 55119 13 55145 76 55245 77 55375 14 55401 75 55502 76 55627 18 55657 74 55765 59 55825 8 55881 20 55912 75 56023 65 56136 21 56168 74 56281 62 56391 22 56424 74 56546 51 56635 4 56645 24 56679 74 56802 50 56890 7 56898 26 56935 74 57058 49 57144 28 57187 78 57314 47 57398 29 57440 81 57570 45 57652 31 57695 81 57825 46 57907 32 57951 81 58081 44 58161 34 58207 80 58297 2 58337 42 58417 34 58463 76 58551 4 58592 40 58671 36 58717 74 58805 7 58848 39 58927 36 58973 74 59059 9 59104 38 59181 38 59227 76 59313 11 59359 39 59437 37 59483 76 59569 12 59615 38 59692 37 59737 78 59825 14 59871 38 59947 38 59993 79 60080 17 60127 37 60203 38 60249 54 60309 19 60336 21 60384 36 60458 39 60504 54 60567 12 60581 3 60592 23 60640 32 60713 41 60759 54 60823 13 60848 25 60896 32 60969 41 61014 54 61079 14 61104 25 61153 31 61225 41 61269 54 61333 16 61360 25 61409 31 61480 41 61525 54 61589 17 61615 26 61666 30 61736 40 61781 53 61845 19 61869 29 61923 29 61992 40 62037 53 62100 21 62125 29 62179 29 62248 39 62294 51 62355 56 62436 28 62504 38 62550 51 62611 56 62693 27 62761 36 62807 50 62867 57 62951 25 63018 35 63063 50 63122 58 63208 24 63275 34 63320 48 63377 60 63465 23 63531 34 63575 49 63633 62 63721 23 63787 34 63829 52 63887 68 63977 23 64043 34 64085 52 64143 69 64234 22 64299 34 64341 54 64397 72 64490 22 64555 34 64596 129 64746 22 64811 33 64852 129 65003 21 65067 32 65109 128 65259 21 65323 30 65365 128 65515 21
417960,0 65536
418853,0 65536
421383,46 53 100 31 162 24 195 52 303 52 357 30 417 25 451 51 559 52 613 30 673 26 706 52 815 52 869 29 927 28 961 52 1071 51 1125 29 1181 29 1217 52 1327 50 1381 28 1436 30 1473 52 1583 50 1636 29 1692 30 1728 53 1839 11 1860 28 1892 29 1948 29 1983 53 2085 4 2094 11 2117 26 2147 29 2204 29 2239 53 2349 13 2374 57 2459 30 2492 56 2605 14 2631 56 2715 30 2747 57 2859 16 2887 12 2905 34 2969 32 3002 58 3113 18 3143 12 3161 34 3223 34 3258 58 3366 23 3399 10 3417 32 3477 95 3621 24 3653 12 3672 33 3733 95 3877 25 3906 17 3927 31 3988 95 4132 80 4243 36 4280 59 4385 82 4499 36 4536 53 4640 82 4755 90 4895 82 5011 90 5108 1 5151 82 5267 90 5363 3 5406 83 5524 98 5661 84 5780 99 5916 85 6036 100 6172 85 6292 101 6425 88 6548 101 6669 4 6677 92 6805 101 6925 99 7061 101 7180 100 7317 101 7436 99 7574 100 7692 98 7831 99 7948 95 8089 35 8128 57 8204 94 8346 34 8385 56 8461 90 8605 30 8639 58 8717 89 8816 4 8861 30 8895 58 8975 6 8982 73 9071 6 9117 30 9149 59 9232 78 9327 7 9374 90 9490 73 9583 8 9598 3 9630 89 9745 74 9839 8 9853 6 9887 88 9999 76 10095 8 10107 10 10146 85 10254 76 10352 8 10362 11 10403 84 10497 3 10505 81 10611 3 10618 12 10660 83 10753 4 10758 84 10874 12 10916 83 11010 90 11130 13 11172 83 11267 87 11386 13 11427 84 11524 85 11612 7 11642 23 11682 85 11780 85 11869 7 11898 23 11937 86 12035 86 12125 8 12155 23 12193 6 12207 73 12291 85 12381 8 12411 24 12448 6 12465 72 12547 85 12637 8 12667 24 12703 8 12722 71 12803 84 12893 7 12923 25 12959 8 12979 70 13059 84 13150 5 13177 29 13215 10 13245 61 13316 83 13433 30 13470 11 13501 62 13573 83 13689 30 13725 14 13757 66 13829 84 13945 31 13980 16 14012 67 14086 83 14201 53 14264 72 14343 82 14457 53 14519 73 14598 61 14661 20 14714 53 14775 73 14853 60 14919 18 14971 52 15031 73 15109 13 15123 44 15176 17 15227 52 15287 73 15364 13 15379 43 15433 16 15485 23 15509 26 15543 73 15618 15 15636 9 15646 31 15690 15 15743 20 15765 26 15799 73 15873 16 15893 7 15903 30 15947 14 15999 16 16021 26 16055 92 16159 29 16201 16 16257 14 16277 27 16312 91 16415 28 16457 17 16513 14 16533 27 16568 91 16672 25 16713 18 16770 13 16789 28 16825 91 16928 24 16968 19 17026 13 17045 28 17081 92 17185 20 17224 19 17283 13 17301 28 17338 37 17379 50 17441 19 17480 19 17539 13 17557 28 17594 37 17635 50 17699 16 17736 27 17795 15 17813 28 17851 35 17891 50 17956 14 17992 27 18051 16 18069 28 18107 35 18147 50 18216 9 18249 28 18308 15 18325 28 18364 35 18403 50 18475 6 18505 28 18565 15 18581 28 18621 34 18660 11 18676 11 18688 21 18763 28 18821 44 18877 34 18917 7 18935 6 18944 21 19020 27 19077 44 19132 36 19175 4 19193 2 19200 21 19277 28 19333 45 19387 38 19456 20 19533 28 19589 46 19643 6 19651 30 19712 19 19789 28 19845 47 19897 7 19909 28 19968 19 20044 28 20100 49 20152 8 20167 26 20224 19 20299 29 20357 47 20408 9 20423 24 20480 19 20555 28 20613 46 20664 9 20680 22 20736 20 20811 28 20869 44 20919 10 20937 20 20992 21 21066 29 21126 43 21174 11 21193 19 21248 21 21322 28 21383 41 21429 13 21450 16 21487 2 21504 21 21578 28 21639 41 21685 14 21707 14 21741 5 21760 21 21834 42 21895 41 21941 20 21964 12 21991 13 22016 22 22090 43 22152 14 22170 21 22197 20 22221 10 22247 13 22272 24 22345 47 22409 11 22426 21 22453 22 22479 6 22502 16 22528 25 22601 48 22665 10 22682 21 22709 22 22737 2 22758 17 22784 28 22857 48 22921 9 22938 21 22965 23 23013 18 23040 30 23111 50 23178 9 23193 22 23221 24 23269 18 23296 31 23363 54 23434 12 23447 24 23477 24 23526 19 23552 31 23619 54 23690 37 23733 24 23781 20 23808 32 23873 56 23946 38 23988 25 24035 21 24064 32 24129 56 24195 45 24243 27 24290 22 24320 32 24384 57 24445 50 24499 28 24545 23 24576 32 24639 58 24699 52 24755 28 24801 23 24832 32 24883 1 24893 60 24954 51 25011 30 25057 24 25088 32 25139 3 25149 111 25267 30 25313 24 25344 32 25394 6 25403 112 25522 33 25569 25 25600 32 25649 122 25779 32 25825 26 25856 32 25905 123 26035 32 26080 27 26112 32 26161 124 26291 32 26336 27 26368 33 26417 69 26488 53 26548 12 26562 15 26592 27 26624 34 26673 69 26745 52 26804 11 26819 14 26848 27 26880 37 26929 5 26935 62 27001 52 27060 9 27075 12 27103 28 27136 39 27181 2 27185 68 27257 52 27317 8 27331 11 27359 28 27391 118 27514 51 27574 5 27588 7 27614 29 27646 119 27770 50 27831 3 27844 7 27869 29 27901 57 27959 24 27985 35 28026 49 28101 4 28125 29 28156 57 28217 21 28241 34 28283 48 28357 4 28381 29 28411 57 28473 21 28497 34 28539 46 28637 86 28729 21 28754 31 28795 44 28894 85 28987 18 29010 29 29051 33 29088 2 29151 21 29175 59 29243 18 29266 28 29307 34 29407 20 29430 52 29484 5 29500 17 29522 27 29563 35 29663 17 29685 53 29741 3 29756 16 29778 26 29819 36 29919 10 29941 53 30013 14 30033 26 30077 37 30166 19 30197 52 30271 11 30289 26 30333 38 30421 19 30453 52 30529 7 30545 24 30590 39 30670 23 30708 53 30801 24 30847 38 30925 23 30964 53 31018 1 31057 22 31104 38 31181 23 31219 52 31274 2 31313 21 31361 37 31437 24 31475 50 31530 3 31569 19 31618 36 31691 26 31729 52 31786 3 31825 18 31874 35 31947 26 31985 53 32043 1 32083 16 32130 35 32195 36 32241 54 32299 1 32339 16 32387 33 32449 39 32496 61 32601 8 32643 33 32704 41 32751 62 32859 4 32899 33 32959 43 33007 63 33156 31 33214 46 33262 65 33413 30 33469 114 33669 30 33725 115 33926 29 33981 115 34183 28 34236 116 34440 27 34491 118 34698 25 34747 118 34955 25 35003 120 35187 4 35213 24 35259 120 35443 4 35467 26 35515 121 35700 3 35719 30 35770 123 35957 2 35975 30 36026 123 36214 1 36228 34 36282 123 36483 35 36539 123 36738 36 36795 123 36935 6 36994 36 37051 125 37177 4 37190 9 37243 1 37248 37 37308 124 37433 5 37445 10 37497 44 37565 122 37689 6 37701 12 37752 43 37823 119 37945 8 37956 15 38008 43 38081 116 38203 26 38265 41 38338 113 38459 26 38521 40 38594 61 38656 47 38719 23 38777 36 38850 60 38912 46 38974 24 39033 35 39106 59 39168 45 39230 25 39289 34 39362 56 39424 44 39485 26 39518 1 39544 35 39619 54 39680 43 39731 37 39772 8 39787 4 39800 35 39875 35 39917 7 39936 43 39985 40 40027 10 40043 4 40056 35 40131 34 40192 43 40238 67 40312 36 40387 32 40446 116 40569 36 40643 32 40701 91 40793 26 40825 38 40899 30 40955 91 41049 26 41081 41 41155 30 41211 87 41305 28 41338 41 41411 28 41465 89 41562 27 41593 42 41667 27 41719 9 41731 78 41819 74 41922 26 41962 5 41973 11 41987 77 42075 75 42178 25 42217 23 42244 76 42333 74 42434 25 42473 23 42500 76 42589 74 42690 24 42728 24 42757 75 42847 72 42947 22 42981 27 43013 74 43103 72 43203 23 43235 29 43270 5 43280 63 43359 72 43460 24 43487 33 43528 1 43537 62 43615 72 43716 60 43794 3 43799 54 43871 72 43972 60 44051 1 44055 54 44127 72 44227 61 44311 52 44383 71 44483 61 44567 52 44638 72 44739 61 44824 49 44894 71 44995 61 45080 49 45150 71 45251 61 45337 47 45406 70 45507 61 45593 47 45662 69 45763 61 45850 46 45918 69 46019 61 46107 45 46174 65 46275 61 46363 45 46429 64 46533 59 46618 46 46685 63 46789 59 46874 46 46941 63 47048 56 47130 46 47195 65 47305 55 47386 46 47451 66 47566 50 47642 46 47706 67 47823 49 47899 45 47961 69 48079 49 48155 45 48217 70 48336 48 48411 44 48473 73 48593 47 48667 43 48729 75 48850 46 48924 41 48985 78 49110 42 49180 41 49242 78 49367 41 49437 37 49499 19 49521 7 49530 47 49625 39 49693 38 49755 19 49778 5 49786 47 49881 39 49951 38 50013 6 50020 10 50042 47 50139 37 50208 38 50277 9 50298 47 50395 37 50469 2 50473 31 50533 9 50554 48 50653 35 50731 30 50789 9 50810 49 50913 31 50988 31 51045 9 51066 49 51171 29 51243 34 51301 9 51321 50 51427 29 51499 38 51553 12 51577 51 51682 30 51755 39 51808 13 51833 52 51939 29 52011 40 52063 12 52089 52 52195 29 52267 40 52318 13 52344 53 52451 29 52524 40 52571 16 52600 53 52709 27 52780 42 52825 19 52856 53 52967 25 53036 65 53112 53 53225 23 53292 65 53368 53 53482 22 53548 66 53624 53 53699 3 53739 21 53803 67 53880 53 53955 4 53996 20 54059 67 54137 52 54198 19 54221 6 54253 19 54315 67 54394 51 54453 30 54509 19 54570 67 54651 52 54706 34 54748 2 54766 18 54826 67 54907 4 54915 82 55003 4 55022 18 55081 68 55173 81 55259 6 55279 17 55337 68 55429 82 55514 7 55535 17 55593 68 55686 92 55793 15 55849 68 55943 92 56049 15 56105 68 56200 96 56307 13 56361 68 56457 98 56564 11 56619 66 56713 102 56822 8 56875 66 56969 103 57080 5 57133 64 57226 103 57389 64 57482 103 57645 64 57738 105 57901 63 57994 105 58159 60 58251 106 58415 60 58509 104 58672 7 58683 47 58768 102 58929 4 58940 46 59025 102 59196 45 59287 96 59452 45 59544 96 59701 4 59707 32 59743 10 59801 96 59956 18 59975 7 59983 12 60001 7 60057 96 60211 18 60241 8 60259 4 60286 7 60314 96 60466 19 60501 2 60541 10 60571 96 60722 19 60796 13 60829 95 60979 18 61051 15 61086 95 61235 18 61262 5 61305 18 61348 89 61490 20 61516 13 61558 21 61604 89 61745 41 61813 22 61860 90 62000 43 62069 22 62116 90 62255 44 62324 23 62372 91 62509 46 62579 24 62629 90 62764 49 62835 24 62884 91 63019 51 63091 24 63140 91 63275 52 63347 23 63395 93 63531 54 63603 23 63651 93 63788 55 63860 20 63906 94 64044 55 64117 18 64162 94 64299 58 64373 16 64416 96 64555 58 64631 14 64671 97 64811 23 64839 30 64889 10 64927 97 65067 22 65097 29 65145 8 65183 97 65323 22 65353 29 65438 32 65475 61
423047,65 35 103 10 118 2 165 6 173 12 321 36 361 5 373 2 429 12 577 36 627 4 685 12 795 8 825 7 833 36 881 6 942 12 1049 15 1077 49 1137 6 1150 2 1199 12 1303 21 1330 53 1392 6 1403 11 1457 10 1559 22 1585 53 1649 4 1658 12 1713 11 1813 81 1911 15 1969 12 2068 82 2167 15 2225 12 2322 84 2423 15 2481 11 2555 5 2577 85 2680 14 2737 10 2810 6 2829 88 2936 14 2993 10 3066 6 3083 90 3192 14 3249 10 3323 5 3337 92 3449 12 3505 10 3579 5 3593 92 3705 12 3762 9 3837 3 3849 90 3962 9 4020 9 4095 1 4105 89 4219 8 4277 8 4361 86 4476 7 4535 6 4617 84 4734 4 4791 6 4873 83 4982 2 5128 83 5238 4 5384 82 5493 6 5641 80 5749 6 5766 1 5898 77 6005 6 6022 4 6131 2 6154 77 6261 6 6278 5 6386 4 6410 75 6515 5 6521 4 6535 3 6644 1 6666 75 6769 5 6778 4 6792 2 6922 75 7024 7 7033 6 7178 75 7279 17 7433 76 7535 18 7688 77 7790 19 7944 78 8045 22 8199 79 8301 24 8443 3 8455 80 8555 28 8641 1 8711 80 8811 28 8893 7 8967 80 9066 30 9147 12 9222 81 9322 30 9403 13 9478 81 9578 30 9659 15 9733 82 9835 29 9915 16 9989 81 10095 25 10171 16 10245 81 10357 19 10427 18 10502 80 10617 14 10683 18 10758 80 10875 12 10939 18 11015 79 11132 10 11195 16 11271 79 11388 10 11451 6 11459 7 11528 77 11645 9 11707 6 11716 2 11784 77 11901 9 11963 6 11972 1 12038 77 12159 8 12220 4 12293 76 12415 8 12476 3 12491 2 12547 75 12671 7 12737 2 12745 4 12803 75 12927 6 12956 1 12992 3 13001 4 13056 77 13183 4 13212 5 13248 4 13257 3 13298 1 13312 77 13438 4 13469 6 13504 4 13513 2 13568 76 13686 1 13693 4 13725 9 13740 4 13763 7 13824 75 13941 3 13949 3 13981 10 13995 6 14021 3 14055 2 14080 74 14196 5 14237 12 14251 6 14309 6 14336 73 14451 6 14486 5 14492 13 14508 5 14565 6 14592 72 14707 7 14741 20 14765 4 14821 6 14848 72 14963 8 14997 20 15022 4 15077 6 15104 71 15218 10 15253 20 15279 6 15295 1 15334 6 15360 71 15474 11 15509 19 15535 6 15550 2 15590 6 15605 2 15616 79 15730 11 15765 18 15791 7 15805 4 15845 6 15859 5 15872 80 15986 11 16021 18 16047 8 16061 5 16097 10 16115 6 16128 79 16243 8 16275 20 16303 8 16318 3 16351 12 16369 8 16384 79 16499 8 16531 17 16549 2 16559 9 16574 3 16606 13 16622 12 16640 79 16757 5 16787 17 16805 4 16814 9 16862 29 16896 79 17013 4 17043 36 17118 30 17152 79 17299 34 17375 30 17408 79 17555 34 17631 30 17664 79 17812 33 17887 30 17920 79 18069 32 18144 29 18176 79 18325 32 18400 29 18432 79 18582 31 18656 29 18688 79 18839 30 18911 30 18944 79 19095 30 19166 31 19200 79 19352 29 19421 32 19456 81 19609 22 19676 33 19712 83 19829 3 19865 21 19931 34 19968 84 20085 4 20121 21 20186 35 20224 85 20341 4 20380 19 20441 124 20597 4 20639 16 20697 124 20853 5 20897 14 20952 125 21109 4 21155 12 21208 126 21365 4 21413 11 21463 127 21622 2 21670 9 21719 126 21929 4 21975 126 22188 1 22231 123 22486 123 22742 121 22998 122 23254 122 23510 122 23722 6 23766 123 23975 10 24022 127 24228 13 24279 128 24483 15 24535 129 24713 4 24739 15 24791 40 24832 89 24967 7 24985 25 25048 37 25088 88 25223 6 25240 26 25305 36 25344 87 25479 6 25495 27 25561 35 25600 88 25735 7 25751 27 25816 36 25856 89 25991 43 26071 36 26112 89 26247 43 26326 37 26368 90 26501 46 26582 36 26624 91 26756 47 26838 35 26880 91 27011 49 27093 36 27136 91 27267 50 27349 29 27379 5 27392 92 27523 50 27599 32 27648 92 27779 50 27855 32 27904 91 28035 50 28110 31 28160 91 28291 50 28365 31 28416 91 28547 50 28621 30 28672 90 28774 1 28802 50 28877 29 28928 90 29029 2 29057 50 29113 2 29133 28 29184 90 29285 2 29312 50 29368 4 29389 28 29440 89 29542 2 29565 52 29623 6 29641 30 29693 92 29798 3 29819 54 29874 12 29897 30 29949 92 30055 6 30073 71 30151 32 30204 92 30311 7 30328 73 30406 33 30460 92 30568 6 30583 112 30716 92 30824 6 30839 113 30972 91 31081 4 31095 116 31229 90 31338 3 31350 118 31486 46 31537 36 31605 120 31744 43 31795 32 31860 122 32000 40 32057 26 32115 122 32256 39 32313 25 32371 122 32512 38 32571 23 32626 122 32768 37 32827 23 32882 39 32925 78 33024 37 33095 14 33131 2 33137 40 33183 75 33280 37 33350 16 33386 6 33393 40 33439 75 33536 37 33605 18 33641 50 33695 75 33792 37 33861 18 33897 51 33951 75 34034 1 34048 37 34116 21 34152 130 34289 2 34304 37 34371 24 34408 130 34544 3 34560 37 34627 29 34663 131 34800 3 34816 37 34883 30 34919 131 35056 3 35072 38 35139 31 35175 131 35313 2 35328 38 35395 32 35431 132 35584 38 35653 30 35689 7 35697 122 35840 38 35909 30 35946 4 35954 121 36096 38 36167 9 36180 17 36213 20 36236 95 36352 38 36423 8 36437 16 36470 18 36493 95 36608 39 36682 3 36693 16 36727 16 36749 95 36864 39 36949 16 36984 14 37005 95 37120 40 37205 17 37245 7 37256 9 37266 90 37376 41 37434 3 37461 17 37503 6 37511 10 37522 91 37632 43 37688 7 37717 17 37742 1 37759 18 37778 91 37888 43 37943 8 37973 17 37995 5 38015 18 38034 91 38144 50 38199 8 38229 30 38272 17 38290 92 38400 51 38456 7 38485 31 38529 16 38546 92 38656 51 38714 3 38741 32 38785 14 38802 93 38912 51 38998 33 39042 13 39058 95 39168 51 39258 30 39299 11 39314 101 39424 52 39517 27 39555 11 39569 104 39680 53 39777 24 39813 8 39825 106 39936 54 40034 23 40069 6 40081 106 40192 55 40289 24 40327 3 40336 108 40448 56 40545 25 40592 109 40704 57 40801 25 40847 111 40960 57 41056 11 41068 14 41103 112 41216 58 41310 12 41324 14 41359 172 41565 12 41581 12 41615 173 41820 13 41837 12 41871 173 42075 13 42094 11 42127 174 42329 14 42351 10 42384 174 42585 13 42608 9 42641 174 42841 11 42865 8 42897 175 43097 9 43123 6 43153 181 43353 6 43380 5 43399 1 43409 181 43609 4 43637 2 43654 3 43663 183 43877 4 43908 194 44132 6 44164 193 44387 9 44422 2 44426 185 44643 10 44683 185 44898 11 44939 186 45153 12 45195 134 45335 46 45409 12 45451 134 45591 47 45665 12 45707 133 45847 48 45921 12 45961 134 46103 49 46177 12 46217 134 46355 53 46435 11 46474 35 46513 87 46609 55 46693 10 46731 33 46769 85 46863 57 46950 11 46993 27 47025 85 47119 57 47207 11 47249 29 47280 85 47374 58 47464 13 47505 7 47517 104 47629 59 47721 12 47761 7 47773 104 47885 58 47982 7 48017 6 48030 102 48141 58 48239 6 48273 5 48287 100 48395 60 48496 5 48530 3 48543 100 48650 60 48753 4 48787 2 48800 99 48905 34 48945 6 48953 12 49009 4 49057 98 49161 34 49211 9 49265 4 49313 98 49417 32 49468 5 49569 8 49579 88 49673 32 49725 2 49736 4 49825 8 49837 86 49929 31 49991 6 50030 4 50080 7 50095 84 50185 31 50246 8 50285 5 50336 6 50352 81 50441 30 50503 6 50541 6 50591 7 50608 81 50697 30 50759 6 50797 6 50846 8 50864 80 50953 29 51015 5 51052 8 51102 8 51121 79 51209 29 51272 3 51308 9 51358 9 51377 79 51465 28 51564 17 51614 17 51634 78 51721 28 51767 2 51820 17 51871 97 51978 28 52022 5 52076 17 52128 96 52234 28 52278 6 52319 4 52333 16 52385 95 52490 29 52534 6 52574 2 52589 16 52639 97 52746 18 52767 8 52789 7 52823 8 52847 14 52886 107 53003 14 53024 12 53045 8 53077 8 53095 6 53103 13 53141 108 53259 10 53271 2 53280 15 53300 9 53333 7 53351 7 53359 12 53396 109 53516 7 53527 3 53540 26 53590 5 53607 20 53651 110 53773 6 53784 2 53799 25 53846 4 53863 20 53906 111 54031 5 54057 25 54120 18 54144 3 54159 113 54287 5 54313 26 54376 17 54399 4 54415 114 54543 7 54569 26 54632 16 54654 6 54670 115 54799 8 54825 26 54888 15 54909 7 54925 116 55055 10 55082 25 55119 2 55143 14 55165 8 55181 116 55311 11 55338 12 55351 13 55376 1 55399 14 55420 9 55438 114 55567 12 55595 9 55607 4 55615 8 55643 10 55655 30 55695 113 55823 12 55851 6 55864 2 55872 7 55899 11 55911 30 55951 116 56079 14 56109 4 56129 6 56156 43 56208 115 56335 14 56365 4 56385 6 56413 43 56465 113 56593 12 56642 5 56674 39 56721 112 56850 11 56898 5 56931 14 56947 24 56976 112 57108 8 57139 6 57154 6 57189 7 57205 139 57364 8 57394 7 57410 6 57446 4 57463 137 57623 5 57649 9 57667 6 57723 8 57733 123 57881 3 57905 9 57923 6 57981 6 57989 123 58161 8 58237 131 58417 8 58494 130 58672 8 58751 129 58927 8 59007 129 59182 6 59265 127 59429 2 59438 7 59522 126 59682 5 59695 6 59779 125 59937 6 59951 6 60035 125 60193 6 60291 125 60449 6 60547 125 60705 5 60803 125 60961 4 61059 125 61219 1 61313 127 61568 128 61816 136 62071 137 62327 138 62583 138 62839 138 63095 137 63351 137 63608 137 63870 131 64127 130 64315 6 64385 128 64571 8 64641 127 64825 12 64899 125 65081 12 65155 125 65336 14 65412 124
423050,0 65536
432006,0 16017 16021 252 16279 250 16536 248 16793 246 17049 245 17306 243 17562 243 17819 241 18075 239 18332 238 18589 235 18846 233 19103 230 19360 229 19616 229 19872 229 20129 229 20387 228 20645 227 20901 228 21158 230 21415 59 21479 166 21672 57 21735 168 21929 56 21991 168 22187 54 22247 33 22284 133 22443 52 22503 33 22541 133 22699 52 22759 34 22798 134 22955 52 23013 36 23054 135 23212 50 23269 37 23311 135 23468 48 23524 41 23566 137 23725 46 23780 180 23982 43 24037 179 24239 40 24293 180 24495 39 24549 180 24752 37 24805 181 25008 35 25061 181 25265 34 25317 182 25521 32 25573 182 25777 31 25829 184 26034 29 26086 183 26291 28 26343 184 26547 26 26599 184 26803 25 26855 185 27059 24 27111 185 27315 22 27367 186 27571 10 27623 186 27827 9 27880 185 28085 6 28137 184 28343 1 28393 185 28649 185 28905 186 29161 186 29417 186 29673 186 29929 186 30186 16 30203 167 30442 15 30463 162 30700 11 30720 161 30957 10 30976 159 31215 8 31232 159 31419 6 31471 7 31488 25 31516 130 31673 19 31744 25 31772 130 31929 25 32000 27 32028 131 32185 27 32255 160 32441 28 32511 160 32687 6 32696 29 32766 161 32943 38 33021 162 33198 39 33277 162 33454 40 33533 162 33710 41 33789 162 33966 41 34045 164 34222 42 34302 166 34478 43 34559 170 34733 46 34815 172 34989 47 35072 221 35328 222 35584 223 35840 224 36096 225 36352 226 36608 235 36864 235 37120 237 37376 238 37632 241 37888 241 38144 243 38400 244 38656 245 38912 246 39168 247 39424 247 39680 249 39936 249 40192 249 40448 249 40704 249 40960 249 41216 249 41472 249 41728 249 41984 249 42240 249 42496 249 42752 249 43008 249 43264 250 43520 250 43776 250 44032 250 44288 249 44544 249 44800 248 45056 247 45312 245 45568 245 45824 245 46080 245 46336 245 46592 245 46848 246 47104 247 47360 247 47616 247 47872 29 47902 219 48128 28 48159 218 48384 249 48640 250 48896 251 49152 251 49408 252 49664 252 49920 253 50176 253 50432 253 50688 254 50944 254 51200 255 51456 255 51712 255 51968 255 52224 255 52480 1020 53504 249 53760 249 54016 248 54272 247 54528 247 54784 247 55040 247 55296 246 55552 243 55808 243 56064 244 56320 244 56576 245 56832 245 57088 245 57344 245 57600 246 57856 247 58107 1095 59207 250 59464 248 59721 247 59977 246 60234 244 60491 11 60503 232 60748 6 60762 229 61005 3 61019 229 61278 227 61535 227 61791 228 62047 122 62173 102 62302 121 62431 100 62558 121 62689 3 62697 90 62813 122 62957 86 63069 122 63213 87 63325 122 63469 88 63581 122 63725 88 63838 121 63980 84 64065 4 64095 120 64235 90 64351 120 64484 3 64488 93 64607 120 64738 98 64863 120 64993 99 65119 120 65249 100 65375 121 65504 32
432339,0 65536
433193,0 1721 1722 255 1979 254 2235 32534 34775 6 34785 239 35041 236 35298 232 35553 230 35809 229 36065 221 36320 220 36576 217 36832 217 37088 217 37345 215 37601 214 37860 211 38117 210 38373 209 38629 208 38885 208 39141 206 39397 206 39653 204 39909 204 40164 205 40376 3 40418 207 40630 7 40673 208 40885 8 40924 213 41141 8 41179 214 41395 10 41434 215 41651 10 41690 214 41907 8 41945 214 42163 5 42201 212 42457 211 42713 3 42717 204 42963 214 43207 226 43459 230 43704 242 43955 248 44210 4591 48805 251 49064 248 49320 248 49576 249 49832 216 50052 29 50086 217 50309 248 50567 246 50825 242 51083 232 51339 229 51595 228 51851 227 52107 226 52363 225 52617 227 52872 227 53126 229 53381 230 53635 232 53889 235 54143 237 54399 237 54653 228 54883 9 54909 227 55141 6 55163 230 55399 3 55419 231 55674 233 55929 234 56175 245 56430 246 56685 248 56941 248 57197 248 57452 8084
435772,0 166 191 22 256 165 448 20 512 165 704 19 768 165 960 19 1024 165 1216 20 1280 163 1472 21 1536 163 1729 20 1792 163 1985 21 2048 163 2241 22 2304 162 2497 23 2560 162 2754 22 2816 161 3011 22 3072 160 3267 11 3280 9 3328 158 3525 6 3538 6 3584 158 3782 5 3796 2 3840 157 4039 3 4096 157 4352 157 4551 6 4608 156 4806 8 4864 155 5061 11 5120 155 5317 12 5376 154 5573 12 5632 153 5829 12 5888 151 6084 13 6144 150 6340 13 6400 149 6596 13 6656 149 6853 12 6912 146 7109 10 7168 143 7365 8 7424 142 7680 141 7936 99 8039 38 8192 99 8295 37 8448 98 8552 35 8704 98 8809 34 8960 98 9065 30 9216 98 9321 27 9472 98 9578 15 9599 2 9728 97 9835 9 9984 97 10240 97 10496 98 10752 99 11008 100 11264 4 11271 96 11531 95 11791 92 12049 91 12305 91 12562 98 12818 101 13076 100 13332 101 13589 100 13845 101 14103 100 14359 100 14616 99 14873 98 15104 1 15131 96 15360 4 15388 95 15616 6 15645 95 15872 7 15902 12 15916 81 16128 7 16162 5 16175 79 16384 7 16432 79 16640 7 16689 79 16896 7 16946 79 17152 8 17203 78 17408 8 17459 78 17664 9 17715 78 17920 9 17971 79 18176 11 18227 80 18432 11 18483 80 18688 13 18739 81 18944 15 18995 81 19200 18 19251 82 19456 19 19507 82 19712 23 19762 84 19968 25 20018 85 20224 25 20273 87 20480 26 20529 87 20736 27 20783 90 20992 27 21039 89 21248 27 21294 90 21504 27 21551 89 21760 26 21807 88 22016 25 22063 88 22272 24 22309 2 22321 85 22528 23 22563 6 22579 82 22784 23 22819 6 22836 80 23040 23 23075 5 23093 78 23296 21 23333 2 23351 75 23552 21 23606 75 23808 21 23860 76 24064 21 24115 76 24320 23 24369 77 24576 25 24625 76 24832 27 24879 77 25088 29 25134 78 25344 40 25387 80 25600 123 25856 123 26112 123 26368 123 26624 123 26880 123 27136 123 27392 122 27648 122 27904 119 28160 117 28416 116 28672 115 28928 115 29184 115 29440 115 29696 115 29952 114 30208 113 30464 113 30720 112 30976 111 31232 109 31488 105 31744 103 32000 101 32256 101 32512 99 32768 99 33024 97 33280 96 33536 81 33623 4 33792 81 34048 83 34304 84 34560 87 34816 87 35072 87 35328 87 35584 87 35840 87 36096 87 36352 87 36608 87 36819 3 36864 87 37074 5 37120 87 37329 7 37376 87 37585 8 37632 87 37841 14 37888 87 38097 14 38144 86 38352 17 38400 86 38608 17 38656 86 38865 17 38912 86 39121 18 39168 87 39378 17 39424 88 39635 17 39680 89 39891 18 39936 89 40148 17 40192 89 40404 17 40448 89 40661 17 40704 88 40916 18 40960 87 41172 19 41216 86 41427 20 41472 86 41683 20 41728 86 41939 20 41984 86 42164 5 42195 20 42240 87 42416 11 42451 20 42496 89 42669 15 42707 20 42752 93 42924 18 42963 21 43008 95 43181 18 43200 5 43218 23 43264 98 43437 28 43473 24 43520 103 43693 32 43728 25 43776 108 43948 62 44032 109 44204 63 44288 111 44459 64 44544 113 44661 2 44715 65 44800 120 44971 66 45056 120 45226 69 45312 121 45481 74 45568 121 45736 76 45824 122 45991 79 46080 122 46247 80 46336 123 46501 83 46592 123 46757 84 46848 124 47012 85 47104 124 47267 87 47360 125 47523 88 47616 125 47779 88 47872 125 48031 95 48128 125 48285 98 48384 125 48541 224 48797 224 49053 225 49308 226 49564 226 49819 228 50075 228 50331 229 50586 230 50835 3 50842 231 51090 239 51345 240 51601 240 51856 143 52004 95 52103 4 52112 142 52261 94 52358 7 52367 143 52519 92 52613 153 52775 92 52869 154 53031 92 53127 152 53287 92 53385 151 53543 92 53642 151 53799 92 53899 150 54053 93 54155 150 54308 94 54411 162 54577 81 54666 161 54833 81 54921 160 55090 81 55177 160 55346 81 55432 160 55593 4 55601 82 55687 150 55839 8 55849 5 55857 83 55941 152 56105 242 56361 242 56615 243 56870 243 57125 244 57381 244 57636 246 57891 249 58147 249 58402 247 58658 243 58914 243 59171 241 59427 240 59683 240 59940 239 60196 239 60452 238 60709 84 60795 151 60965 83 61051 150 61223 80 61307 150 61479 80 61563 133 61697 14 61736 78 61818 134 61953 14 61992 77 62074 134 62211 12 62249 76 62329 135 62467 11 62505 76 62585 135 62723 10 62761 76 62841 135 62980 9 63018 75 63097 138 63239 5 63274 74 63353 136 63495 4 63530 74 63608 137 63786 73 63864 137 64042 73 64120 136 64298 73 64375 137 64554 73 64631 137 64811 72 64887 137 65067 71 65143 137 65323 70 65399 137
442157,3 52 261 49 517 48 775 47 1034 44 1295 28 1325 10 1551 28 1580 11 1808 40 2064 40 2322 38 2579 2 2583 32 2842 28 3099 27 3356 25 3611 25 3648 4 3864 27 3901 8 4120 27 4156 9 4375 28 4412 9 4630 29 4667 10 4885 30 4923 10 5141 30 5179 10 5278 4 5397 31 5435 10 5532 8 5652 32 5691 10 5787 13 5908 33 5950 5 6043 16 6164 33 6299 16 6420 33 6555 16 6676 33 6811 16 6932 33 7067 16 7188 33 7323 16 7444 32 7579 16 7700 32 7835 16 7956 31 7992 5 8089 18 8212 30 8247 6 8345 18 8468 29 8503 6 8600 19 8724 29 8758 7 8856 19 8980 28 9013 8 9112 21 9236 27 9270 7 9369 20 9492 20 9526 6 9627 20 9749 18 9783 4 9883 22 10005 17 10137 24 10261 17 10393 25 10519 14 10649 25 10778 11 10905 26 11037 6 11161 26 11295 2 11418 25 11674 25 11931 23 12187 22 12443 22 12700 21 12957 19 13213 18 13467 20 13722 21 13977 22 14233 22 14489 12 14505 5 14745 12 15003 10 15263 6 15521 4 15782 1 16038 1 16233 1 16489 2 16717 2 16745 6 16971 4 17001 6 17227 4 17257 6 17483 2 17515 4 18776 5 19032 6 19287 10 19543 10 19799 9 20055 9 20313 6 28815 3 29071 3 29327 2 31654 5 31910 6 32133 3 32167 6 32350 3 32387 6 32423 6 32604 7 32639 10 32681 4 32859 9 32875 8 32894 12 33114 11 33131 16 33148 14 33370 11 33387 32 33625 13 33642 33 33881 13 33899 33 34138 12 34155 34 34395 11 34411 34 34477 4 34655 6 34667 35 34731 7 34913 3 34923 35 34987 8 35179 35 35242 9 35435 35 35498 9 35690 36 35755 8 35946 36 36011 8 36201 37 36260 5 36457 37 36516 5 36713 36 36773 3 36969 36 37225 36 37482 9 37493 24 37751 22 38007 22 38266 19 38523 18 38779 14 39035 14 39292 11 39549 10 39809 4 40877 2 41131 5 41380 13 41636 13 41891 13 42147 12 42404 9 42661 5 51208 3 51461 8 51716 10 51969 14 52224 15 52480 15 52736 15 52992 15 53248 15 53504 15 53760 15 53979 5 54016 15 54231 10 54272 16 54487 10 54528 16 54743 10 54784 16 54999 10 55040 16 55255 10 55296 16 55512 9 55552 16 55772 4 55808 15 56064 15 56320 15 56576 14 56832 13 57088 13 57344 13 57600 14 57856 15 58112 15 58368 6 58380 3 58637 2 61795 3 61807 4 62049 7 62059 9 62304 21 62560 21 62815 22 63071 22 63327 22 63583 22 63839 21 64095 20 64352 19 64609 18 64866 17 65123 16 65381 16
442220,0 65536
447372,4 4 10 17 78 93 183 12 203 22 263 20 335 92 435 16 459 21 520 19 591 92 691 16 716 20 777 17 847 92 946 16 975 17 1033 8 1045 4 1103 92 1202 15 1233 15 1290 5 1359 92 1457 15 1492 13 1546 6 1615 92 1714 15 1749 12 1802 7 1871 92 1970 15 2005 12 2058 8 2128 91 2226 15 2261 12 2313 11 2384 91 2483 15 2517 11 2569 11 2639 92 2739 15 2773 10 2821 2 2825 12 2895 93 2995 16 3029 10 3075 5 3081 12 3151 93 3252 15 3284 10 3328 21 3407 94 3510 14 3539 10 3585 7 3593 12 3662 95 3767 14 3795 9 3843 4 3849 13 3917 97 4023 14 4052 7 4100 3 4106 13 4172 98 4279 14 4309 6 4355 3 4363 12 4427 99 4535 15 4566 5 4610 3 4620 11 4683 99 4791 16 4823 3 4866 2 4878 9 4939 99 5047 16 5136 5 5195 99 5303 16 5452 97 5558 18 5708 95 5814 18 5963 92 6074 14 6219 85 6307 2 6331 13 6476 85 6590 9 6656 1 6732 87 6849 4 6912 1 6989 86 7168 1 7245 87 7501 88 7758 87 7936 1 8014 86 8192 1 8270 85 8448 1 8526 72 8600 11 8704 1 8782 71 9037 71 9293 71 9547 73 9802 73 10029 2 10055 76 10283 4 10309 78 10511 4 10516 3 10537 7 10565 76 10766 10 10793 8 10821 75 11020 13 11048 9 11077 74 11276 13 11303 10 11333 73 11531 24 11559 11 11589 64 11787 39 11846 59 12042 41 12102 59 12298 41 12358 59 12555 41 12614 59 12811 41 12870 59 13076 32 13127 59 13328 37 13383 59 13583 38 13640 57 13838 39 13896 57 14092 41 14154 53 14347 43 14411 51 14603 43 14669 25 14695 22 14858 44 14926 21 14951 20 15113 45 15187 2 15208 17 15370 44 15465 16 15626 44 15721 14 15882 44 15977 14 16139 44 16197 7 16233 13 16395 45 16452 8 16489 13 16652 52 16705 11 16746 11 16898 6 16908 64 17002 11 17152 10 17166 61 17261 5 17408 11 17422 61 17520 1 17664 11 17679 61 17920 11 17935 62 18176 11 18191 65 18432 11 18448 65 18688 11 18705 65 18944 11 18962 9 18975 52 19200 11 19234 49 19456 12 19491 48 19656 3 19712 13 19751 44 19910 6 19968 15 19985 3 20007 44 20165 7 20224 21 20265 44 20421 8 20480 22 20521 44 20677 8 20736 22 20768 2 20778 43 20933 8 20992 22 21024 2 21034 43 21189 8 21201 2 21248 22 21280 2 21290 43 21444 16 21504 23 21546 42 21701 16 21760 25 21801 42 21957 4 21965 8 22016 26 22057 32 22093 6 22214 3 22222 8 22272 29 22313 26 22468 5 22477 9 22528 31 22569 25 22723 5 22732 10 22784 32 22825 24 22979 6 22987 11 23040 33 23081 24 23235 19 23270 3 23296 63 23492 18 23524 7 23552 64 23751 4 23757 9 23779 9 23808 66 23905 8 24016 6 24035 12 24064 51 24117 13 24159 12 24273 6 24290 14 24320 48 24373 15 24411 18 24531 10 24545 18 24576 47 24629 15 24666 20 24788 11 24800 21 24832 47 24886 14 24921 21 25044 34 25088 46 25143 12 25177 20 25299 35 25344 45 25431 22 25553 38 25600 45 25686 23 25808 39 25856 45 25941 24 26061 44 26113 43 26197 24 26315 47 26370 41 26451 27 26570 49 26627 40 26671 3 26707 27 26826 50 26883 37 26925 6 26962 29 27081 52 27140 34 27179 8 27218 29 27337 52 27398 30 27435 8 27473 31 27594 52 27655 29 27691 8 27727 33 27849 54 27912 28 27947 8 27975 40 28104 56 28168 28 28203 7 28230 41 28359 57 28425 26 28463 2 28485 44 28615 57 28681 17 28700 5 28741 46 28871 57 28937 15 28997 48 29125 59 29193 15 29253 49 29381 59 29449 14 29511 35 29549 11 29635 61 29705 14 29767 34 29805 11 29889 68 29958 19 30025 32 30061 11 30140 93 30282 31 30317 10 30395 94 30538 30 30574 9 30651 94 30793 31 30831 7 30907 94 31050 30 31087 6 31161 96 31306 30 31344 4 31417 76 31494 17 31562 31 31673 76 31750 16 31819 30 31929 76 32009 9 32075 30 32185 76 32267 7 32331 30 32441 79 32524 5 32588 29 32699 79 32781 2 32845 27 32955 80 33101 27 33213 78 33358 25 33469 78 33616 23 33725 79 33873 22 33981 80 34131 20 34237 80 34388 20 34487 2 34491 82 34645 20 34743 1 34746 83 34902 20 35002 83 35095 2 35105 14 35160 18 35259 51 35313 28 35349 8 35359 16 35417 16 35515 52 35569 28 35604 27 35673 16 35770 53 35829 24 35860 27 35931 13 36026 53 36086 22 36115 28 36191 8 36282 54 36342 21 36370 29 36448 7 36537 55 36599 20 36625 31 36705 1 36739 2 36792 56 36855 22 36881 31 36995 2 37047 57 37111 57 37251 4 37299 61 37367 57 37508 3 37554 62 37623 58 37766 3 37807 65 37879 58 38022 4 38062 66 38135 59 38317 68 38391 60 38573 68 38647 60 38829 68 38904 61 39085 68 39161 60 39267 4 39340 70 39418 59 39523 4 39597 68 39676 57 39778 5 39853 50 39906 15 39936 53 40034 6 40109 48 40163 14 40192 53 40291 6 40365 45 40418 14 40448 53 40549 7 40621 44 40674 13 40704 53 40806 7 40833 2 40878 13 40893 28 40929 14 40960 53 41063 6 41088 6 41135 12 41149 29 41185 15 41216 53 41321 3 41342 9 41401 2 41405 30 41439 18 41472 53 41597 10 41657 2 41661 31 41694 19 41728 53 41853 8 41918 51 41984 53 42109 8 42174 52 42240 52 42361 12 42433 49 42496 51 42617 12 42690 48 42752 49 42872 13 42949 10 42964 30 43008 48 43127 14 43207 6 43221 29 43264 46 43381 16 43400 4 43405 6 43477 28 43520 45 43639 15 43655 4 43661 6 43733 28 43776 43 43896 19 43917 6 43990 27 44032 29 44063 12 44153 18 44173 6 44247 25 44289 26 44322 7 44411 15 44429 6 44503 25 44545 26 44580 5 44669 11 44685 6 44760 24 44802 24 44942 6 45017 23 45059 23 45198 7 45273 23 45317 21 45455 6 45529 24 45572 21 45711 7 45785 23 45827 22 45969 6 46042 21 46082 23 46226 5 46298 20 46337 23 46481 6 46555 18 46592 23 46737 5 46811 18 46848 23 46991 7 47069 14 47104 19 47244 14 47326 12 47360 18 47496 21 47584 7 47616 18 47751 22 47843 2 47872 18 48005 24 48129 17 48260 24 48302 2 48384 18 48516 23 48557 4 48640 18 48771 22 48812 6 48896 17 49027 22 49068 7 49152 17 49284 21 49324 6 49408 16 49541 20 49580 6 49664 15 49797 20 49836 5 49920 15 50030 3 50053 21 50094 1 50176 15 50285 7 50309 22 50432 15 50540 10 50565 22 50688 15 50796 11 50821 24 50944 14 51051 14 51076 27 51164 4 51200 13 51307 15 51332 27 51419 8 51456 9 51563 18 51587 30 51673 12 51712 8 51819 19 51843 30 51929 12 51968 7 52074 21 52099 30 52185 13 52224 7 52330 21 52356 29 52441 14 52480 7 52587 56 52697 15 52736 6 52844 55 52954 14 52992 5 53103 52 53211 14 53248 5 53359 52 53468 12 53504 5 53615 52 53727 9 53760 5 53871 52 53988 4 54016 4 54117 8 54127 52 54272 4 54373 62 54613 6 54621 6 54628 63 54869 78 55124 79 55379 80 55635 79 55891 79 56145 80 56401 80 56656 66 56724 12 56911 66 56983 8 57167 65 57423 65 57678 65 57933 66 58170 5 58189 68 58424 7 58444 70 58679 17 58697 74 58933 95 59188 97 59443 98 59699 98 59955 98 60212 97 60469 96 60725 96 60873 5 60903 6 60919 9 60981 96 61127 10 61158 7 61174 10 61237 96 61372 23 61411 12 61428 12 61493 95 61627 25 61665 17 61683 13 61748 95 61879 73 62004 95 62135 73 62209 7 62245 1 62259 94 62390 74 62465 8 62499 4 62515 91 62645 75 62721 8 62755 10 62769 92 62900 85 63011 105 63154 87 63267 105 63408 89 63524 104 63663 90 63780 104 63919 89 64013 4 64036 104 64174 33 64209 54 64266 9 64291 106 64429 88 64521 12 64545 108 64685 88 64776 19 64799 110 64941 88 65031 134 65197 84 65286 135 65454 82
451709,9 42 53 53 109 100 266 41 308 155 522 41 564 155 778 197 1035 196 1291 196 1547 195 1803 195 2047 1 2059 195 2302 2 2315 195 2557 3 2570 195 2813 3 2825 197 3065 7 3080 198 3320 8 3335 199 3572 12 3590 200 3827 13 3843 204 4081 15 4099 204 4336 16 4353 205 4591 223 4846 223 5101 224 5357 224 5612 225 5868 225 6123 225 6379 226 6633 228 6885 234 7139 236 7395 238 7649 240 7905 240 8161 241 8417 240 8673 240 8928 240 9183 240 9439 238 9694 239 9950 240 10207 178 10387 60 10463 175 10644 59 10721 171 10900 59 10977 171 11157 58 11233 171 11413 58 11490 170 11669 58 11747 169 11924 16 11944 39 12003 170 12176 18 12201 38 12261 169 12431 7 12445 4 12457 38 12519 1 12523 172 12713 40 12780 172 12967 42 13037 31 13071 138 13218 49 13295 29 13327 138 13472 51 13551 28 13583 138 13727 54 13808 27 13839 138 13983 54 14065 25 14096 137 14237 57 14323 22 14355 136 14493 57 14579 22 14613 194 14843 15 14870 193 15100 14 15127 193 15359 10 15383 194 15616 7 15641 136 15781 52 15872 6 15897 136 16039 50 16128 5 16153 136 16295 50 16384 4 16410 135 16551 50 16640 3 16667 134 16806 51 16896 3 16923 137 17061 53 17152 2 17180 190 17408 1 17436 191 17664 1 17693 190 17951 189 18176 1 18207 192 18432 1 18463 196 18719 198 18943 1 18975 198 19199 1 19231 199 19455 1 19487 200 19743 200 20000 199 20263 192 20519 192 20736 1 20775 192 20992 2 21031 192 21248 3 21288 191 21504 4 21544 191 21760 5 21773 1 21801 196 22016 7 22026 5 22057 197 22272 15 22313 199 22528 15 22555 1 22569 200 22784 15 22811 4 22833 192 23040 15 23067 4 23090 191 23296 15 23323 4 23348 189 23552 16 23579 4 23604 87 23693 100 23808 17 23834 6 23861 84 23949 100 24064 17 24090 6 24117 84 24206 99 24320 18 24345 13 24374 82 24461 102 24576 20 24601 14 24631 80 24717 102 24834 37 24888 78 24973 32 25012 65 25091 37 25145 76 25229 31 25272 63 25347 39 25404 69 25485 30 25533 60 25603 40 25661 67 25741 30 25791 58 25860 39 25917 66 25998 29 26052 55 26117 38 26173 66 26254 29 26308 56 26373 38 26427 67 26511 28 26563 57 26630 37 26683 67 26767 28 26817 58 26887 36 26938 67 27023 28 27072 59 27143 37 27194 67 27280 26 27327 58 27398 39 27451 55 27509 6 27537 24 27581 58 27651 42 27707 54 27767 3 27793 24 27837 58 27905 44 27965 53 28052 23 28091 60 28161 44 28221 53 28309 22 28347 60 28417 44 28477 46 28566 28 28603 61 28673 44 28733 44 28823 29 28853 2 28859 62 28930 43 28989 42 29079 34 29115 62 29187 42 29246 42 29335 34 29371 62 29446 38 29503 42 29589 38 29629 59 29695 1 29702 38 29759 42 29845 38 29886 58 29959 36 30015 42 30100 39 30144 55 30216 35 30271 43 30356 39 30401 54 30472 35 30527 44 30613 39 30658 53 30729 34 30783 45 30871 37 30915 56 30974 2 30981 2 30985 34 31039 14 31055 35 31130 36 31171 14 31192 40 31237 38 31295 12 31311 35 31385 38 31428 13 31448 40 31491 40 31553 6 31569 32 31641 40 31686 11 31705 39 31747 40 31810 3 31825 32 31897 40 31942 11 31961 39 32003 40 32080 31 32151 44 32198 11 32216 40 32260 39 32336 31 32407 44 32453 12 32471 41 32523 32 32591 33 32661 60 32725 43 32780 31 32847 33 32908 69 32979 45 33037 29 33102 35 33161 119 33292 30 33358 35 33416 120 33548 29 33613 36 33670 122 33804 29 33867 38 33925 71 33997 51 34061 28 34111 52 34178 74 34255 49 34317 28 34365 54 34432 75 34512 48 34573 30 34620 56 34686 79 34769 47 34829 32 34875 58 34941 80 35025 47 35085 39 35129 149 35282 46 35340 195 35536 48 35595 245 35851 245 36107 245 36363 245 36618 246 36874 246 37129 247 37385 247 37640 248 37895 249 38152 248 38408 248 38665 247 38921 247 39179 245 39435 245 39692 244 39948 244 40205 243 40461 243 40717 243 40973 243 41228 125 41359 113 41484 125 41615 113 41741 85 41829 36 41871 113 41997 84 42085 35 42127 113 42255 121 42381 115 42517 13 42535 97 42637 115 42757 6 42776 9 42791 98 42891 117 43013 6 43033 8 43047 217 43268 7 43289 8 43303 202 43507 13 43523 8 43545 7 43559 202 43764 12 43779 7 43801 5 43813 202 44022 10 44035 6 44056 5 44068 203 44279 9 44291 5 44310 7 44321 206 44537 7 44548 3 44565 9 44577 206 44794 6 44819 222 45053 3 45075 222 45311 1 45331 223 45587 223 45832 236 46087 238 46327 1 46341 239 46582 3 46595 240 46838 3 46850 241 47093 6 47105 252 47360 255 47616 3470 51089 110 51200 142 51345 110 51456 141 51601 110 51712 142 51856 110 51968 254 52224 254 52480 253 52736 253 52992 249 53247 248 53503 232 53758 232 54013 218 54237 6 54268 218 54494 5 54523 220 54779 220 55035 220 55291 220 55547 10 55559 208 55804 9 55817 206 56061 2 56064 215 56320 214 56576 213 56832 211 57088 209 57344 209 57600 176 57781 28 57856 173 58037 29 58097 3 58112 167 58294 29 58351 16 58368 167 58550 29 58607 185 58809 26 58863 185 59068 23 59119 186 59325 22 59375 6 59385 177 59581 6 59589 14 59631 6 59641 178 59838 3 59847 9 59888 4 59899 176 60095 1 60105 6 60145 3 60155 177 60401 3 60413 175 60657 4 60669 176 60913 5 60925 176 61169 6 61182 175 61425 9 61438 175 61680 11 61694 176 61930 18 61951 176 62185 8 62195 10 62208 175 62441 6 62452 9 62464 175 62696 6 62708 10 62720 175 62965 9 62976 175 63221 10 63232 125 63359 48 63477 186 63733 134 63869 50 63988 134 64125 50 64244 132 64381 50 64500 8 64510 122 64637 50 64756 8 64766 120 64893 51 65013 6 65023 116 65149 51 65279 114 65405 51
455136,0 65536
460549,2002 4 2257 6 2512 8 2768 9 3024 9 3280 9 3537 8 3793 8 4051 6 4308 4 15694 3 15949 6 16205 8 16461 10 16716 13 16971 14 17227 15 17482 16 17737 17 17993 17 18249 17 18504 18 18759 18 18821 7 18831 4 19013 20 19077 16 19267 21 19332 20 19523 20 19588 21 19779 20 19844 23 20035 19 20100 23 20292 19 20357 22 20548 20 20613 22 20734 2 20805 19 20869 20 20989 3 21061 19 21124 21 21159 2 21244 4 21317 20 21379 21 21413 6 21500 4 21573 19 21634 23 21669 7 21755 5 21829 18 21889 24 21923 10 21940 1 22011 5 22085 18 22145 25 22179 10 22195 2 22267 5 22341 16 22401 26 22435 12 22451 4 22523 5 22597 16 22657 26 22691 14 22706 5 22780 4 22853 14 22912 28 22947 21 23021 2 23036 4 23110 5 23117 5 23167 29 23203 21 23276 4 23292 4 23368 1 23421 34 23459 22 23531 8 23547 5 23677 36 23714 23 23787 8 23805 3 23933 60 24044 5 24062 2 24189 60 24303 1 24318 2 24445 59 24575 1 24701 56 24831 1 24958 53 25214 53 25471 52 25727 52 25983 53 26239 53 26502 47 26758 46 26805 2 27014 45 27061 3 27089 2 27269 42 27345 6 27525 40 27601 7 27780 40 27857 6 28036 40 28114 1 28291 41 28549 26 28576 14 28806 25 28833 14 29065 23 29090 13 29322 23 29346 13 29459 4 29578 38 29715 4 29835 37 29970 4 30092 37 30226 3 30349 38 30605 40 30861 41 31119 40 31378 37 31636 35 31676 1 31892 36 31931 4 32149 43 32405 44 32546 3 32553 7 32662 44 32800 17 32918 45 33055 18 33175 44 33313 16 33433 42 33570 16 33619 2 33690 41 33826 17 33875 3 33947 40 34071 8 34083 18 34131 5 34203 39 34326 9 34339 18 34360 1 34387 6 34459 33 34582 37 34643 5 34715 32 34837 39 34899 5 34971 32 35093 40 35157 2 35227 31 35331 4 35349 40 35414 1 35483 30 35585 10 35606 40 35740 29 35841 14 35863 40 35997 27 36097 14 36119 40 36253 27 36353 15 36375 22 36399 16 36510 26 36609 15 36631 22 36656 15 36767 26 36865 15 36887 22 36912 15 37023 27 37120 16 37144 21 37167 15 37280 29 37376 61 37537 29 37632 59 37793 30 37857 3 37888 59 37992 2 38049 31 38112 5 38144 59 38246 6 38319 18 38368 5 38400 59 38501 13 38576 17 38624 5 38656 59 38757 16 38834 15 38880 5 38912 61 39013 16 39091 14 39137 4 39168 62 39269 18 39291 2 39349 12 39393 3 39424 63 39525 20 39546 4 39605 12 39680 65 39781 26 39862 10 39895 4 39936 66 40036 28 40119 9 40149 6 40192 67 40292 29 40405 8 40448 67 40547 30 40661 8 40704 67 40803 36 40918 7 40960 67 41060 35 41175 6 41216 68 41317 34 41431 6 41472 68 41574 33 41690 3 41728 68 41844 17 41984 68 42102 15 42240 67 42361 12 42496 67 42617 12 42657 9 42752 67 42872 13 42891 2 42911 12 43008 67 43127 14 43147 2 43167 13 43264 67 43382 13 43403 2 43412 3 43421 16 43520 67 43637 14 43667 6 43677 16 43776 68 43893 14 43923 27 44032 69 44148 15 44179 28 44247 1 44288 71 44405 14 44434 29 44544 71 44627 5 44661 14 44689 31 44800 73 44881 12 44917 14 44945 31 45056 73 45137 14 45174 13 45200 33 45312 75 45392 17 45431 12 45455 35 45568 75 45648 18 45687 12 45711 36 45824 76 45903 20 45945 10 45967 38 46080 77 46159 20 46202 8 46223 39 46336 78 46415 20 46461 4 46478 42 46592 99 46718 3 46734 43 46848 99 46991 43 47104 99 47247 43 47360 7 47370 89 47503 42 47616 6 47627 88 47759 42 47872 5 47885 14 47903 68 48015 41 48128 4 48144 11 48159 68 48270 42 48385 2 48404 6 48416 67 48525 42 48661 4 48673 65 48781 42 48930 64 49032 47 49186 64 49287 48 49444 62 49542 48 49700 63 49798 47 49957 64 50053 47 50213 64 50307 48 50469 67 50564 45 50726 67 50820 45 50983 69 51077 25 51107 12 51239 69 51333 25 51364 11 51497 67 51589 25 51623 6 51754 66 51845 25 52013 61 52101 26 52175 7 52269 60 52357 26 52429 10 52533 52 52613 28 52665 5 52684 13 52793 47 52869 28 52921 7 52940 15 53051 44 53126 14 53141 12 53169 4 53176 10 53195 16 53307 45 53382 13 53399 10 53424 7 53432 11 53451 16 53563 50 53639 10 53657 8 53673 4 53679 22 53705 19 53819 40 53860 10 53896 8 53913 8 53929 5 53935 22 53961 19 54075 34 54115 13 54153 5 54169 8 54185 29 54216 21 54331 20 54371 14 54409 4 54423 10 54441 3 54445 48 54587 18 54627 26 54665 4 54675 14 54696 54 54842 19 54883 28 54922 3 54931 14 54951 55 55098 18 55139 29 55186 15 55205 58 55354 18 55395 29 55442 77 55611 17 55651 30 55697 84 55867 16 55907 30 55953 84 56123 16 56162 31 56209 85 56379 8 56388 6 56418 31 56465 86 56637 12 56675 29 56719 88 56893 10 56931 19 56951 8 56973 90 57150 9 57191 15 57208 3 57227 92 57409 5 57452 10 57483 92 57679 4 57709 9 57738 10 57752 43 57797 33 57933 7 57966 8 57994 9 58009 42 58053 33 58188 10 58223 5 58251 6 58265 76 58443 12 58481 2 58509 3 58521 75 58699 12 58775 75 58955 12 59031 74 59155 4 59211 12 59285 75 59409 8 59429 1 59467 12 59540 77 59664 10 59682 5 59724 11 59795 78 59919 12 59937 6 59980 11 60050 79 60176 11 60192 8 60231 21 60302 83 60432 25 60486 25 60557 84 60688 13 60702 11 60723 3 60741 32 60811 86 60945 11 60959 11 60979 4 60995 35 61067 85 61201 10 61217 10 61233 7 61251 36 61323 84 61457 8 61473 10 61489 7 61507 37 61579 83 61714 5 61729 10 61740 13 61762 39 61837 79 61971 4 61985 8 61996 13 62018 39 62093 36 62134 37 62188 1 62243 2 62253 12 62275 40 62349 36 62394 31 62443 2 62509 11 62531 40 62604 37 62651 30 62690 4 62697 4 62768 7 62787 40 62859 39 62908 27 62945 12 63029 2 63043 40 63113 42 63165 26 63201 12 63285 2 63299 40 63367 46 63421 25 63455 15 63541 2 63555 40 63623 46 63677 25 63711 14 63812 40 63877 49 63935 22 63968 9 64056 1 64068 40 64133 49 64191 21 64226 6 64311 54 64389 50 64450 16 64467 3 64567 56 64646 49 64709 10 64724 5 64823 56 64903 48 64968 4 64980 6 65079 57 65159 48 65225 2 65236 7 65335 57 65415 47 65493 6
461675,0 65536
468422,0 65536
470274,0 29 79 52 183 1 256 27 337 50 512 27 593 51 768 26 849 56 1024 26 1059 2 1106 57 1249 2 1280 25 1313 8 1363 58 1499 10 1536 25 1569 8 1585 4 1619 59 1755 10 1792 23 1823 10 1839 10 1875 60 2010 11 2048 23 2079 10 2094 11 2131 60 2265 8 2304 21 2333 13 2348 17 2383 65 2521 6 2560 21 2587 35 2639 65 2777 5 2816 20 2841 39 2891 70 3034 3 3072 20 3097 39 3142 75 3328 19 3352 41 3397 76 3584 19 3608 42 3652 77 3840 18 3863 44 3908 80 4096 18 4119 128 4352 66 4421 6 4428 76 4511 3 4565 1 4608 65 4677 4 4687 74 4765 6 4819 6 4864 64 4945 82 5075 8 5120 64 5201 82 5330 9 5376 63 5458 81 5585 11 5632 63 5714 81 5841 11 5888 65 5959 5 5970 80 6097 13 6144 67 6212 9 6226 80 6353 14 6400 80 6481 80 6609 22 6656 14 6674 143 6865 23 6912 14 6933 140 7119 26 7167 15 7189 140 7374 28 7423 16 7445 140 7629 30 7679 16 7701 140 7885 31 7935 16 7957 139 8141 32 8191 15 8213 138 8397 33 8448 14 8469 138 8653 33 8704 13 8726 136 8909 33 8960 13 8983 134 9164 33 9216 14 9239 134 9420 33 9472 14 9495 134 9675 34 9728 15 9751 134 9931 34 9984 16 10007 133 10187 34 10240 17 10263 133 10443 33 10496 18 10519 133 10697 34 10752 19 10775 132 10953 34 11008 19 11031 132 11209 32 11264 19 11287 132 11465 32 11520 19 11545 130 11721 32 11776 19 11803 128 11977 32 12032 18 12061 125 12232 33 12288 18 12318 123 12488 33 12544 17 12574 64 12639 60 12744 33 12800 17 12829 65 12896 59 13000 33 13056 17 13085 64 13154 57 13256 34 13312 17 13341 64 13410 13 13426 41 13492 1 13512 34 13568 15 13596 66 13669 8 13683 41 13745 8 13769 34 13822 16 13851 68 13927 6 13941 38 14000 9 14026 33 14077 15 14106 70 14199 36 14255 10 14283 32 14332 15 14362 71 14456 33 14509 12 14540 31 14587 15 14616 73 14715 29 14766 11 14797 30 14841 16 14871 74 14973 26 15023 9 15053 30 15095 16 15125 76 15234 20 15281 5 15309 30 15351 15 15381 77 15489 21 15565 30 15606 14 15637 78 15745 22 15821 30 15861 14 15893 78 16001 22 16077 30 16117 11 16150 78 16256 22 16335 28 16371 13 16407 77 16511 23 16592 27 16625 15 16663 78 16767 23 16850 26 16878 18 16919 78 17023 23 17107 45 17176 77 17279 23 17364 44 17432 77 17535 22 17620 44 17688 77 17791 22 17877 43 17945 61 18009 12 18047 22 18133 43 18199 84 18295 2 18303 21 18388 45 18454 86 18550 5 18559 20 18644 47 18705 92 18805 30 18900 49 18953 100 19061 30 19127 3 19156 154 19317 28 19379 9 19413 153 19573 28 19635 10 19669 153 19829 28 19889 13 19929 63 19993 86 20085 28 20144 15 20187 148 20343 24 20399 17 20445 146 20599 24 20654 19 20702 4 20707 141 20857 6 20867 11 20910 19 20966 139 21124 9 21165 20 21225 136 21383 4 21421 21 21483 134 21677 21 21739 138 21933 21 21996 139 22189 21 22253 140 22445 22 22509 62 22573 78 22701 22 22765 62 22832 76 22956 23 23020 65 23089 76 23211 24 23275 66 23346 22 23369 53 23467 24 23529 69 23603 20 23626 52 23723 24 23763 2 23785 70 23860 19 23884 50 23979 23 24017 6 24041 70 24117 17 24140 50 24234 24 24271 9 24297 74 24372 21 24396 55 24491 22 24528 9 24554 96 24652 57 24747 22 24784 11 24810 97 24908 57 25004 21 25040 14 25066 156 25260 21 25295 16 25322 157 25517 19 25551 18 25579 156 25773 19 25807 20 25835 156 26029 18 26062 23 26091 156 26285 18 26318 24 26347 155 26541 17 26573 26 26603 155 26798 15 26825 30 26859 155 27054 15 27080 32 27116 14 27131 138 27310 15 27336 50 27387 138 27565 16 27591 39 27633 6 27643 138 27822 15 27847 39 27898 135 28079 14 28103 40 28153 133 28335 14 28359 41 28409 122 28537 1 28593 10 28613 44 28665 122 28849 10 28869 44 28921 58 28980 61 29105 8 29125 45 29177 58 29236 60 29362 6 29380 47 29433 117 29636 49 29689 116 29891 50 29945 114 30145 52 30201 113 30401 52 30457 112 30656 53 30715 110 30912 53 30971 108 31167 54 31228 49 31279 56 31423 54 31485 46 31536 53 31680 53 31743 44 31792 52 31936 53 31999 44 32047 53 32193 54 32256 43 32303 52 32450 53 32512 43 32559 52 32707 54 32768 42 32815 52 32963 55 33024 41 33071 52 33127 3 33219 103 33327 52 33383 4 33476 158 33639 6 33733 156 33895 6 33989 156 34151 7 34245 155 34407 8 34502 153 34663 8 34758 153 34920 6 35014 148 35177 4 35270 149 35526 149 35735 6 35743 6 35781 151 35990 16 36037 152 36245 18 36291 154 36501 18 36546 62 36609 92 36757 18 36801 63 36865 92 37013 18 37057 63 37121 36 37159 53 37269 18 37312 64 37378 35 37418 17 37441 26 37525 19 37568 64 37636 31 37681 10 37697 26 37780 21 37803 4 37823 65 37893 30 37939 7 37953 26 38036 27 38079 65 38148 29 38197 4 38209 26 38293 20 38314 5 38335 65 38403 30 38453 4 38465 26 38550 19 38570 6 38591 65 38659 28 38721 25 38806 19 38826 6 38835 8 38847 65 38915 28 38977 15 38995 6 39048 7 39062 19 39083 5 39091 77 39171 28 39234 12 39253 3 39303 12 39318 19 39343 81 39427 28 39491 10 39510 1 39558 35 39601 30 39632 48 39681 30 39747 4 39814 37 39857 24 39891 50 39945 23 40003 1 40070 37 40113 23 40147 47 40202 23 40325 36 40371 19 40405 44 40458 23 40581 36 40627 18 40661 44 40714 23 40837 36 40884 15 40918 42 40971 22 41093 36 41141 14 41174 42 41227 20 41349 36 41397 14 41431 41 41484 17 41605 36 41653 14 41689 39 41741 14 41862 35 41909 14 41952 32 41999 11 42118 35 42164 15 42208 32 42259 2 42373 35 42420 15 42465 31 42629 35 42676 15 42721 31 42885 34 42932 16 42979 29 43141 35 43189 15 43235 29 43397 35 43445 16 43492 13 43510 10 43653 35 43701 16 43749 12 43767 9 43910 34 43956 17 44009 2 44023 9 44166 35 44211 18 44279 9 44422 34 44467 20 44536 8 44678 34 44723 20 44793 7 44934 34 44980 20 45049 7 45190 33 45239 18 45305 7 45447 32 45496 17 45561 7 45703 32 45752 17 45817 7 45933 9 45959 31 46007 18 46064 16 46189 10 46215 31 46263 18 46319 17 46444 12 46471 31 46519 17 46575 17 46699 13 46727 31 46775 16 46831 17 46953 16 46984 30 47030 16 47087 17 47208 16 47230 2 47239 31 47286 16 47344 16 47461 18 47485 6 47495 31 47541 16 47601 15 47715 19 47741 6 47751 31 47792 21 47857 15 47971 19 47997 7 48007 30 48045 24 48113 15 48226 19 48253 8 48263 30 48301 24 48369 15 48482 19 48509 6 48519 29 48557 24 48624 16 48738 19 48765 6 48776 27 48813 23 48879 17 48916 9 48994 19 49033 25 49068 24 49135 17 49171 12 49222 6 49250 19 49289 19 49313 1 49324 24 49391 17 49415 2 49425 18 49473 12 49496 1 49506 20 49548 12 49580 24 49646 18 49671 4 49681 18 49728 13 49751 2 49763 19 49805 11 49836 24 49902 18 49927 7 49937 21 49983 16 50006 3 50021 17 50065 6 50091 25 50157 19 50183 35 50239 16 50261 4 50277 17 50323 3 50347 25 50413 19 50438 38 50495 17 50534 16 50603 24 50663 25 50694 10 50705 28 50751 17 50791 15 50859 24 50918 26 50949 9 50972 17 51007 18 51047 15 51115 23 51142 5 51173 27 51206 7 51229 16 51263 18 51303 15 51371 25 51397 8 51429 27 51463 6 51489 12 51519 18 51559 14 51627 34 51685 27 51720 5 51746 11 51775 18 51814 15 51881 36 51941 26 51977 3 52002 12 52031 18 52069 16 52137 36 52197 24 52234 2 52258 12 52287 18 52324 17 52392 37 52452 25 52514 11 52543 19 52580 17 52649 4 52655 30 52707 25 52770 11 52800 18 52836 17 52912 29 52963 25 53026 11 53056 18 53092 17 53169 28 53218 25 53282 10 53313 17 53348 17 53425 29 53461 4 53474 25 53539 8 53569 18 53605 15 53685 40 53729 26 53795 7 53827 16 53861 15 53941 20 53963 19 53984 27 54053 3 54085 12 54119 14 54197 19 54219 49 54309 2 54341 7 54356 4 54376 17 54454 17 54475 32 54509 16 54612 5 54633 7 54644 6 54711 16 54729 34 54766 17 54868 5 54891 2 54900 5 54967 15 54984 35 55022 17 55125 4 55157 4 55223 12 55240 35 55280 16 55381 3 55413 4 55480 11 55495 36 55536 16 55638 1 55669 3 55737 5 55750 39 55798 10 55915 1 55925 3 55993 4 56006 39 56056 8 56170 3 56181 3 56255 46 56315 5 56425 4 56437 3 56511 46 56572 5 56681 5 56694 1 56766 47 56829 6 56937 4 57022 47 57085 7 57194 3 57277 48 57342 6 57451 2 57533 48 57598 7 57789 48 57855 6 58045 48 58111 6 58300 50 58368 5 58553 54 58624 3 58807 56 58880 1 59063 56 59317 58 59573 58 59827 60 60082 61 60337 62 60592 63 60848 70 61103 71 61359 72 61615 72 61869 74 62116 1 62125 74 62381 74 62637 74 62893 75 63149 75 63405 48 63456 25 63662 46 63712 25 63919 44 63967 26 64155 2 64175 42 64223 26 64409 7 64433 40 64475 30 64664 9 64689 40 64731 31 64919 10 64948 70 65175 11 65205 69 65414 4 65431 12 65465 2 65473 57
474754,17 6 75 11 225 9 274 6 332 10 483 6 530 7 588 9 739 6 786 7 811 1 843 10 1043 7 1066 4 1098 11 1117 2 1299 8 1321 6 1353 9 1370 7 1385 1 1555 8 1577 6 1609 8 1627 6 1641 2 1811 8 1833 6 1867 4 1883 7 1896 3 2067 8 2077 2 2089 6 2124 3 2140 7 2151 4 2323 12 2347 2 2398 5 2407 4 2579 12 2655 4 2663 4 2835 12 2920 3 3092 7 3177 1 3349 5 3605 4 5106 8 5125 1 5361 12 5379 4 5494 1 5617 15 5635 4 5750 1 5873 15 5891 4 6129 15 6147 4 6163 2 6385 15 6404 3 6417 6 6459 4 6641 15 6660 3 6673 8 6715 4 6897 15 6916 3 6928 10 6970 7 7153 15 7173 2 7184 10 7225 10 7360 3 7410 14 7429 2 7439 12 7464 1 7480 14 7615 6 7649 5 7671 9 7685 2 7696 11 7719 2 7736 15 7836 2 7870 7 7905 6 7928 8 7941 2 7952 11 7975 2 7991 15 8091 4 8126 7 8143 4 8160 9 8173 6 8185 7 8197 2 8209 10 8231 2 8247 15 8287 2 8347 5 8382 8 8399 6 8416 20 8442 6 8466 9 8505 13 8542 4 8602 8 8639 7 8653 9 8671 13 8685 7 8698 6 8723 8 8765 9 8798 4 8855 1 8858 9 8895 6 8909 10 8927 12 8941 7 8954 6 8982 3 9021 9 9054 4 9110 13 9151 6 9165 10 9183 12 9199 3 9211 5 9277 9 9310 5 9365 14 9408 5 9421 10 9439 13 9471 1 9534 8 9566 6 9621 14 9665 4 9677 10 9697 11 9790 8 9822 6 9877 14 9921 2 9933 9 9956 8 10047 6 10081 2 10133 16 10190 7 10303 6 10389 16 10447 5 10646 3 10653 8 10909 8 11166 7 11422 7 11679 6 11937 4 15566 2 15597 1 15632 1 15691 1 15820 6 15850 8 15887 3 15947 2 16075 8 16105 10 16202 5 16332 7 16361 10 16457 6 16588 7 16617 10 16714 5 16845 6 16872 11 16970 5 17101 6 17128 11 17227 4 17359 2 17384 11 17483 1 17640 11 17897 9 18153 8 18410 7 18667 6 20003 1 20259 1 20436 2 20515 1 20691 3 20770 4 20947 3 21026 5 21204 2 21281 6 21537 6 21555 1 21793 7 21809 6 22049 7 22065 6 22155 3 22248 3 22305 8 22321 7 22411 4 22503 4 22561 8 22577 8 22667 4 22758 5 22818 7 22833 8 22904 4 22924 3 23013 6 23075 7 23090 7 23159 5 23180 3 23270 5 23334 5 23350 1 23415 6 23527 4 23591 3 23670 7 23685 2 23783 4 23907 3 23925 9 23936 9 24041 2 24163 4 24181 20 24297 2 24419 4 24436 21 24691 22 24947 22 25204 21 25461 6 25471 10 25717 6 25728 8 25974 5 25986 5 26230 5 26243 4 29653 4 29909 4 30165 4 30421 4 30679 2 33694 1 33948 3 37084 1 37335 12 37590 23 37845 28 37883 5 38079 4 38089 4 38101 29 38139 5 38333 56 38391 9 38588 68 38843 69 39099 69 39354 70 39609 71 39864 72 40119 73 40374 74 40503 10 40630 74 40758 12 40823 4 40885 75 41013 13 41051 1 41079 6 41140 76 41269 14 41302 1 41305 4 41334 9 41346 5 41395 77 41524 13 41558 2 41563 1 41591 16 41651 77 41771 20 41814 2 41848 15 41907 77 42027 20 42069 3 42104 14 42163 77 42281 22 42359 12 42420 76 42537 22 42615 12 42677 75 42793 22 42870 13 42933 75 43049 22 43076 3 43126 13 43189 75 43304 24 43329 8 43381 14 43444 76 43560 33 43638 13 43700 76 43816 33 43887 4 43895 12 43955 77 44056 2 44072 33 44126 1 44143 4 44151 12 44211 46 44259 29 44311 4 44329 33 44379 6 44398 5 44407 10 44466 47 44515 29 44566 5 44585 33 44635 7 44654 5 44664 8 44722 47 44779 21 44821 7 44836 38 44889 10 44910 4 44977 49 45037 19 45077 8 45090 40 45144 11 45167 3 45232 51 45294 18 45332 55 45398 13 45487 54 45551 17 45588 55 45655 13 45742 55 45808 7 45819 5 45843 56 45911 13 45997 57 46076 4 46099 56 46167 13 46253 58 46332 4 46354 57 46425 8 46507 69 46588 4 46610 56 46756 1 46763 70 46843 5 46865 53 46919 2 47011 4 47018 72 47099 5 47121 52 47266 5 47275 72 47355 5 47376 51 47462 3 47504 22 47531 72 47609 7 47632 51 47717 5 47759 24 47787 72 47865 7 47888 50 47971 8 48015 26 48045 71 48121 7 48144 50 48227 8 48270 28 48303 69 48377 7 48401 48 48483 10 48527 28 48559 72 48633 7 48657 48 48739 10 48784 28 48816 73 48891 4 48913 47 48995 12 49049 21 49071 75 49169 47 49251 12 49305 97 49426 45 49507 13 49562 97 49682 45 49763 13 49818 98 49939 44 50019 13 50075 98 50195 43 50275 13 50331 99 50451 42 50531 12 50582 105 50707 42 50788 11 50835 108 50963 41 51046 7 51089 111 51219 41 51345 111 51475 10 51487 29 51600 112 51730 11 51743 29 51857 111 51985 44 52115 109 52241 44 52372 108 52497 21 52523 18 52629 22 52657 79 52749 23 52780 17 52886 19 52914 78 53005 20 53037 17 53143 18 53171 77 53261 19 53293 18 53399 18 53427 77 53519 17 53550 19 53656 17 53681 79 53776 15 53807 18 53913 16 53937 79 54033 14 54071 11 54175 9 54193 79 54289 14 54327 11 54433 7 54450 78 54545 13 54584 10 54706 78 54801 12 54841 9 54963 77 55057 12 55100 6 55219 77 55303 2 55313 11 55357 4 55474 78 55557 6 55569 10 55728 80 55813 7 55825 10 55983 81 56069 8 56081 10 56106 7 56158 4 56237 83 56325 8 56337 11 56361 10 56413 5 56493 83 56581 9 56594 9 56615 20 56669 5 56749 83 56837 9 56851 8 56870 22 56926 4 57005 83 57093 8 57109 6 57125 23 57184 1 57260 84 57349 8 57367 2 57380 24 57438 3 57517 83 57601 10 57635 24 57692 5 57769 2 57773 94 57891 24 57948 5 58024 4 58029 92 58147 24 58206 1 58260 8 58279 98 58402 25 58515 10 58535 97 58658 25 58769 12 58791 97 58913 26 59025 12 59047 96 59169 30 59277 16 59303 96 59425 35 59532 18 59558 97 59681 38 59787 124 59936 39 60043 124 60192 41 60300 123 60447 42 60557 120 60703 43 60812 119 60960 43 61067 117 61216 43 61323 117 61473 42 61578 118 61730 41 61833 119 61987 40 62088 120 62243 40 62341 123 62499 40 62595 125 62755 40 62850 126 63010 41 63105 127 63245 1 63265 42 63313 3 63360 128 63521 42 63569 4 63616 128 63777 42 63825 6 63857 6 63869 131 64032 42 64080 7 64113 143 64290 40 64337 8 64369 143 64547 39 64593 8 64626 142 64803 38 64849 8 64883 141 65060 37 65104 9 65139 141 65318 35 65359 10 65395 141
478603,0 65536
487585,0 74 121 40 207 28 252 79 378 39 465 27 509 78 634 39 721 27 765 78 891 37 978 27 1022 78 1147 37 1237 24 1277 82 1405 34 1495 24 1529 3 1533 82 1662 33 1749 27 1783 88 1930 21 2003 124 2189 18 2259 124 2447 16 2513 126 2703 16 2767 128 2961 12 3020 131 3217 12 3275 132 3475 9 3529 134 3731 8 3784 134 3989 5 4038 98 4137 37 4246 2 4293 137 4550 135 4807 134 5063 134 5320 132 5577 131 5833 130 6090 129 6346 129 6603 128 6860 127 7117 126 7373 127 7631 126 7887 128 8143 129 8399 130 8655 131 8911 132 9161 2 9167 132 9301 5 9310 4 9417 3 9423 150 9671 7 9680 149 9927 7 9936 150 10183 7 10193 150 10439 7 10450 150 10695 8 10707 150 10952 7 10964 149 11208 7 11221 121 11343 27 11464 6 11478 119 11599 28 11721 4 11739 114 11855 28 11977 4 11995 114 12111 28 12233 4 12252 112 12367 28 12489 2 12509 110 12623 28 12765 109 12879 28 13021 107 13135 28 13279 104 13391 28 13535 103 13646 29 13793 101 13901 30 14049 102 14155 34 14306 139 14563 66 14631 70 14820 65 14887 70 15077 64 15143 70 15336 133 15532 4 15593 132 15786 9 15849 133 16040 11 16106 133 16293 15 16363 133 16549 16 16619 133 16802 19 16875 133 17055 22 17131 133 17309 24 17389 130 17563 26 17645 129 17818 27 17901 128 18074 27 18157 127 18329 27 18414 125 18584 28 18671 124 18839 28 18928 123 19094 29 19184 123 19349 30 19441 122 19605 30 19697 42 19743 55 19801 19 19861 31 19953 42 19999 47 20058 18 20117 31 20209 41 20256 45 20314 18 20373 31 20465 40 20513 44 20571 17 20629 31 20721 38 20770 41 20825 19 20887 29 20976 39 21026 39 21077 23 21144 28 21229 39 21283 10 21295 22 21331 24 21402 25 21477 46 21539 10 21553 20 21585 26 21658 25 21733 45 21797 8 21810 17 21840 27 21915 23 21961 4 21989 45 22053 7 22066 15 22095 27 22171 22 22215 7 22246 44 22310 5 22323 13 22351 28 22427 18 22469 11 22499 47 22567 2 22589 3 22606 29 22684 12 22722 15 22754 48 22846 1 22861 30 22942 8 22976 17 23001 57 23117 30 23201 4 23232 19 23257 57 23373 30 23487 83 23629 30 23742 83 23885 30 23997 84 24141 30 24252 85 24397 30 24507 86 24653 30 24762 87 24909 31 25017 87 25165 32 25265 95 25421 32 25519 96 25677 34 25775 96 25935 34 26031 96 26191 34 26288 94 26448 35 26544 94 26705 38 26800 93 26963 39 27057 92 27221 38 27300 6 27312 93 27430 3 27478 38 27555 9 27568 92 27684 6 27735 38 27807 14 27823 93 27936 12 27991 40 28047 124 28190 15 28248 41 28293 136 28444 17 28486 5 28503 183 28699 18 28741 7 28759 185 28954 19 28997 8 29015 186 29209 20 29252 10 29271 190 29463 22 29505 15 29527 57 29586 155 29757 20 29781 58 29842 155 30011 242 30267 242 30523 242 30779 242 31035 242 31291 241 31546 242 31801 242 32057 242 32312 244 32567 246 32823 248 33077 104 33187 140 33331 106 33443 251 33701 72 33776 174 33958 70 34033 174 34214 71 34296 167 34471 70 34553 244 34811 242 35069 240 35328 237 35584 237 35840 237 36098 236 36355 235 36613 17 36633 61 36697 150 36870 15 36889 60 36954 149 37127 14 37145 60 37210 150 37384 13 37401 60 37465 152 37642 9 37654 219 37899 7 37908 221 38161 226 38417 226 38674 225 38930 225 39186 225 39441 227 39695 229 39951 229 40207 229 40462 230 40719 229 40975 228 41231 227 41488 226 41744 226 42000 29 42033 193 42255 30 42289 195 42511 30 42546 195 42767 29 42802 195 43023 28 43059 194 43279 26 43315 194 43534 27 43571 194 43789 27 43826 195 44045 27 44082 195 44300 27 44337 196 44556 27 44593 197 44811 28 44849 197 45067 27 45102 200 45324 26 45356 203 45580 25 45612 203 45836 25 45867 203 46092 25 46123 203 46347 25 46379 202 46603 24 46635 202 46858 24 46891 53 46946 147 47114 24 47146 54 47203 146 47369 24 47402 54 47461 143 47624 25 47657 55 47717 143 47872 5 47878 27 47911 57 47976 140 48128 33 48167 58 48233 139 48384 34 48421 60 48488 141 48640 35 48677 60 48744 141 48896 98 48999 144 49152 98 49255 145 49408 249 49664 97 49762 151 49920 96 50019 151 50176 95 50275 151 50432 95 50531 150 50688 35 50725 57 50787 150 50944 35 50983 55 51043 150 51200 35 51240 54 51299 150 51456 35 51497 207 51712 35 51753 208 51968 35 52009 208 52224 36 52265 208 52480 29 52510 7 52522 207 52736 28 52767 6 52779 206 52992 29 53023 8 53039 202 53248 39 53296 200 53504 40 53555 54 53615 133 53760 40 53811 53 53873 126 54016 41 54066 55 54131 123 54272 41 54321 56 54387 123 54528 43 54572 62 54643 123 54784 107 54898 124 55040 238 55296 238 55552 237 55808 236 56064 235 56320 195 56517 36 56576 193 56776 32 56832 193 57033 30 57088 193 57291 28 57344 192 57547 28 57600 183 57806 3 57813 17 57856 183 58071 15 58112 185 58331 10 58368 185 58589 8 58624 186 58880 187 59136 187 59392 188 59648 189 59904 190 60160 190 60416 127 60545 61 60672 191 60928 191 61184 191 61440 191 61696 191 61952 191 62208 191 62464 192 62720 193 62976 193 63232 195 63488 195 63744 197 64000 197 64256 198 64512 198 64768 198 65024 198 65281 196
487629,0 16 31 13 55 80 140 131 285 15 311 6 319 72 397 130 540 16 568 4 575 72 653 130 794 18 831 62 899 6 911 127 1049 19 1087 61 1156 6 1169 124 1305 18 1343 60 1413 6 1427 122 1561 18 1600 59 1669 6 1682 123 1815 20 1857 56 1925 6 1937 124 2069 22 2113 56 2181 6 2193 124 2321 25 2370 44 2415 9 2449 123 2576 26 2626 43 2673 6 2704 123 2830 27 2883 41 2960 152 3140 40 3216 151 3397 38 3471 150 3653 38 3727 149 3909 38 3983 114 4103 3 4107 24 4166 37 4239 113 4365 19 4423 36 4495 113 4621 18 4679 35 4751 113 4878 15 4935 34 5007 113 5134 15 5191 34 5263 113 5390 12 5447 8 5461 19 5519 113 5646 11 5703 8 5719 16 5775 113 5901 14 5960 5 5976 15 6030 114 6156 15 6232 14 6285 115 6411 18 6489 12 6540 116 6667 18 6747 4 6795 117 6923 19 7051 117 7179 20 7232 4 7307 117 7435 20 7486 9 7562 118 7691 20 7741 12 7818 118 7949 18 7997 14 8073 119 8211 12 8252 16 8328 120 8469 8 8507 18 8584 120 8727 4 8763 19 8839 121 9019 20 9075 4 9095 121 9275 20 9330 5 9351 121 9533 18 9578 14 9607 121 9789 18 9833 16 9862 122 10047 16 10089 16 10114 126 10303 15 10345 16 10366 130 10559 14 10601 151 10815 12 10857 151 11071 10 11113 151 11327 10 11370 150 11583 9 11628 148 11839 9 11885 147 12097 6 12141 147 12354 5 12397 147 12552 1 12653 147 12807 3 12910 146 13063 3 13165 147 13320 1 13421 147 13676 148 13931 149 14187 149 14443 149 14698 150 14955 149 15211 149 15469 147 15727 145 15984 144 16189 2 16241 4 16250 134 16444 4 16507 133 16699 6 16763 133 16954 7 17010 3 17018 134 17209 8 17265 143 17465 8 17520 144 17721 7 17775 145 17978 5 18031 145 18286 146 18542 146 18797 147 19053 147 19307 149 19561 151 19815 153 20071 153 20328 152 20584 152 20829 4 20841 151 21083 6 21097 151 21337 10 21353 151 21593 10 21608 152 21849 10 21860 156 22104 168 22359 169 22615 169 22871 169 23127 169 23383 169 23639 169 23895 169 24151 169 24408 168 24665 167 24922 166 25178 166 25435 165 25691 165 25947 165 26203 165 26459 165 26714 166 26969 167 27225 167 27481 167 27711 2 27738 166 27967 3 27995 165 28223 4 28251 165 28509 163 28765 163 29023 161 29279 161 29537 159 29793 159 30051 157 30307 157 30563 157 30820 156 31077 155 31333 155 31589 155 31844 156 32075 2 32079 4 32099 157 32329 12 32355 157 32583 25 32610 158 32839 26 32866 158 33095 185 33351 185 33607 185 33863 185 34121 183 34382 178 34641 175 34898 174 35105 6 35155 173 35359 10 35411 173 35588 7 35611 15 35669 12 35684 156 35842 11 35855 2 35867 16 35927 9 35940 179 36121 18 36185 4 36196 199 36452 200 36707 202 36963 202 37219 202 37475 203 37732 202 37988 203 38245 202 38501 202 38759 4 38767 193 39024 192 39281 191 39537 191 39792 192 40048 192 40303 193 40559 194 40815 194 41072 195 41328 195 41585 194 41842 193 42100 193 42360 189 42617 190 42875 189 43131 190 43394 58 43453 124 43651 49 43701 6 43712 123 43911 34 43971 120 44167 33 44229 119 44424 33 44468 4 44487 118 44681 33 44724 4 44745 116 44937 34 44980 5 45002 115 45193 36 45236 5 45259 115 45448 39 45493 4 45517 114 45704 39 45750 2 45773 115 45961 40 46031 113 46217 40 46288 45 46336 66 46473 40 46544 45 46592 66 46730 40 46800 44 46847 68 46988 39 47057 41 47102 69 47245 39 47314 40 47358 69 47502 40 47572 3 47581 26 47613 70 47749 4 47758 40 47838 25 47867 72 47993 5 48003 8 48013 41 48096 23 48123 72 48248 7 48259 9 48269 41 48353 21 48379 72 48503 62 48613 17 48635 72 48759 62 48870 16 48892 72 49015 61 49127 15 49150 70 49271 60 49384 13 49407 70 49527 59 49640 12 49664 69 49782 60 49896 12 49920 69 50037 60 50153 10 50176 69 50292 31 50325 28 50409 9 50432 70 50546 33 50581 28 50665 7 50688 70 50801 34 50837 29 50922 5 50944 71 51056 35 51093 29 51200 73 51312 36 51349 29 51456 75 51567 68 51712 75 51823 68 51968 75 52078 69 52224 75 52333 70 52480 75 52588 71 52736 75 52844 71 52992 75 53101 70 53248 76 53357 70 53504 77 53614 71 53760 77 53869 72 54016 32 54050 43 54124 74 54272 31 54308 41 54379 76 54528 32 54565 40 54633 78 54784 32 54822 38 54889 78 55040 33 55079 36 55144 79 55296 35 55335 35 55399 79 55519 1 55552 37 55594 32 55655 78 55772 5 55808 39 55850 31 55910 79 56028 6 56064 43 56109 28 56165 78 56284 6 56320 43 56367 25 56421 78 56540 6 56576 41 56626 21 56676 79 56798 3 56832 41 56883 19 56932 79 57088 39 57140 17 57188 79 57344 31 57379 3 57397 14 57444 79 57600 28 57699 80 57858 8 57869 14 57955 80 58211 79 58354 4 58467 78 58609 6 58723 78 58864 8 58979 78 59120 8 59235 77 59375 9 59491 77 59631 9 59748 75 59888 7 60005 74 60145 4 60267 69 60525 68 60783 68 61039 70 61295 71 61551 72 61808 71 62064 71 62319 72 62575 72 62831 72 63087 72 63344 71 63601 70 63858 69 64114 69 64372 67 64629 66 64869 7 64886 64 65125 8 65143 63 65379 12 65400 61
489967,0 65536
490941,8 2 12 43 137 10 153 27 198 58 264 47 394 8 409 27 454 58 521 45 650 8 664 28 710 58 777 45 907 6 918 30 965 59 1032 47 1163 6 1173 32 1221 59 1287 50 1419 6 1426 35 1477 59 1543 52 1675 42 1733 59 1799 52 1877 4 1932 1 1935 39 1989 60 2055 53 2132 6 2191 40 2244 64 2311 54 2385 10 2445 42 2499 66 2567 54 2639 13 2661 2 2675 2 2700 43 2755 124 2889 20 2915 8 2926 9 2953 46 3011 124 3144 21 3171 21 3208 47 3267 124 3398 24 3426 23 3463 48 3523 125 3652 26 3681 25 3718 49 3779 157 3937 26 3972 50 4035 157 4193 26 4227 51 4291 186 4480 54 4548 243 4805 242 5062 241 5318 240 5575 239 5832 237 6088 237 6344 147 6492 88 6600 147 6749 87 6856 146 7007 84 7112 145 7265 82 7368 144 7527 76 7625 143 7784 75 7881 134 8019 4 8042 72 8137 132 8299 70 8393 132 8555 70 8650 137 8811 70 8906 137 9067 70 9163 138 9323 72 9397 3 9419 138 9580 80 9675 138 9836 81 9931 138 10093 82 10188 137 10349 82 10445 138 10605 82 10701 138 10861 82 10958 138 11117 83 11215 138 11373 83 11471 139 11628 84 11728 139 11884 83 11984 144 12139 84 12240 145 12395 83 12496 147 12651 70 12725 8 12752 147 12907 70 12983 6 13008 147 13164 69 13264 147 13420 69 13521 146 13677 70 13777 10 13791 132 13933 70 14034 9 14048 131 14190 19 14213 46 14292 5 14305 130 14446 19 14470 45 14549 3 14561 135 14703 18 14727 31 14760 12 14814 140 14960 17 14983 30 15016 13 15069 144 15220 12 15239 28 15273 12 15323 147 15476 12 15495 28 15529 12 15577 154 15740 3 15751 26 15785 12 15805 4 15817 2 15831 156 16007 24 16042 12 16059 9 16072 4 16087 157 16254 1 16263 25 16298 202 16510 2 16519 26 16555 202 16766 8 16775 27 16811 203 17023 36 17067 208 17279 37 17324 208 17533 38 17578 248 17831 250 18085 47451
491029,0 54890 54892 254 55149 254 55404 762 56167 254 56423 250 56680 241 56925 2 56936 239 57192 239 57447 240 57702 240 57957 240 58213 240 58469 238 58719 3 58725 238 58974 5 58980 239 59229 247 59485 248 59737 6 59747 243 59991 8 60003 5533
494025,17 27 130 117 272 29 386 116 527 30 642 116 782 31 898 115 1037 32 1153 116 1289 36 1395 7 1408 115 1544 37 1637 2 1652 5 1664 115 1798 39 1891 9 1920 114 2053 40 2147 10 2176 114 2309 42 2405 8 2431 115 2565 43 2661 8 2686 116 2821 44 2917 9 2941 117 3076 45 3173 10 3197 117 3331 46 3429 12 3451 118 3587 46 3685 13 3704 121 3842 47 3941 14 3959 122 4097 48 4197 14 4215 102 4318 19 4354 47 4452 121 4575 18 4610 47 4707 122 4831 18 4866 48 4959 126 5088 16 5123 47 5213 128 5345 15 5379 48 5468 129 5603 13 5635 48 5725 127 5860 11 5892 47 5981 127 6148 47 6238 125 6405 46 6497 122 6661 46 6754 119 6917 46 7010 119 7172 47 7266 118 7424 51 7521 118 7680 51 7777 118 7936 51 8031 118 8192 51 8287 116 8448 51 8535 122 8704 51 8787 3 8791 122 8960 8 8973 37 9031 8 9041 127 9216 8 9229 36 9287 137 9472 7 9486 7 9498 19 9541 60 9603 76 9728 7 9740 7 9754 17 9797 138 9989 2 9993 8 10009 18 10052 138 10249 8 10262 21 10308 137 10501 14 10517 21 10563 136 10757 14 10773 21 10819 134 11012 19 11034 5 11044 6 11062 5 11075 133 11268 19 11301 5 11317 8 11331 133 11522 20 11559 2 11573 146 11777 21 11815 2 11829 146 12033 22 12085 146 12289 22 12341 146 12545 24 12583 2 12599 144 12801 25 12839 3 12855 144 13057 26 13092 6 13113 142 13313 28 13347 7 13369 142 13569 30 13602 7 13626 140 13825 31 13857 8 13882 140 14080 41 14138 139 14336 41 14394 139 14592 41 14650 138 14848 41 14905 139 15104 41 15161 108 15273 26 15360 43 15417 108 15530 25 15611 2 15616 45 15673 96 15774 7 15788 23 15865 6 15872 45 15929 94 16032 5 16045 22 16121 54 16185 92 16301 22 16377 56 16441 92 16557 21 16632 58 16697 90 16814 9 16827 6 16887 59 16953 89 17071 7 17143 60 17209 87 17329 2 17397 62 17465 86 17651 67 17722 82 17905 69 17978 82 18160 155 18415 154 18671 148 18927 148 19184 145 19440 145 19696 145 19951 146 20207 144 20461 146 20715 147 20971 146 21227 144 21482 145 21739 142 21995 141 22251 26 22279 4 22288 102 22506 27 22545 100 22760 28 22802 93 23015 30 23058 93 23270 31 23314 93 23524 33 23571 93 23779 34 23827 45 23873 3 23885 36 24033 36 24083 41 24143 34 24288 38 24338 41 24399 34 24543 40 24594 40 24657 32 24799 40 24849 40 24913 31 25055 40 25105 39 25170 30 25290 9 25311 40 25360 35 25396 3 25427 29 25545 13 25567 40 25615 40 25683 29 25800 14 25823 33 25857 7 25871 38 25941 26 26056 15 26079 33 26113 8 26127 38 26198 9 26211 11 26311 18 26335 33 26370 7 26382 43 26455 7 26469 8 26567 20 26591 33 26626 9 26636 46 26712 6 26727 6 26823 21 26847 33 26881 58 26969 4 27079 21 27103 33 27137 60 27227 2 27336 20 27359 95 27585 2 27593 18 27615 96 27841 2 27849 18 27872 97 28097 5 28104 19 28130 95 28353 6 28360 19 28387 97 28609 27 28643 29 28673 68 28865 28 28899 29 28929 70 29122 28 29157 27 29186 71 29379 30 29413 27 29443 71 29635 32 29671 24 29700 71 29891 34 29928 22 29957 71 30048 5 30147 14 30162 42 30213 72 30303 8 30403 12 30419 21 30443 17 30469 72 30559 8 30660 11 30674 23 30702 13 30726 71 30815 9 30917 10 30930 23 30960 9 30983 70 31071 8 31174 35 31231 1 31239 70 31328 5 31430 36 31487 1 31494 70 31687 35 31742 2 31749 71 31943 36 31997 3 32004 72 32197 38 32254 2 32259 72 32453 38 32510 2 32515 69 32686 3 32707 40 32766 2 32772 67 32941 5 32963 39 33022 2 33028 67 33197 6 33218 40 33279 1 33284 67 33453 8 33473 40 33535 1 33540 66 33711 6 33729 40 33791 1 33796 53 33851 11 33967 7 33985 39 34047 1 34051 53 34108 10 34157 4 34217 14 34242 38 34303 1 34307 51 34364 9 34413 5 34468 19 34498 38 34558 2 34563 50 34621 8 34669 5 34723 21 34755 37 34813 3 34818 50 34877 8 34925 5 34978 22 35011 37 35069 3 35074 19 35095 28 35134 7 35181 6 35233 23 35268 37 35324 4 35330 18 35352 27 35391 5 35436 7 35467 2 35489 23 35524 37 35580 4 35587 16 35609 28 35691 8 35723 3 35734 2 35745 22 35780 37 35836 4 35843 16 35866 27 35947 8 35962 3 35978 5 35989 5 36001 22 36036 38 36092 4 36100 14 36122 28 36202 11 36216 6 36233 20 36258 21 36292 39 36349 3 36357 12 36378 29 36457 13 36471 8 36488 21 36515 20 36548 39 36606 2 36618 6 36633 30 36708 28 36745 21 36771 21 36804 39 36863 1 36875 4 36889 30 36963 30 37003 19 37028 20 37060 39 37143 33 37217 32 37260 19 37287 17 37316 39 37399 34 37472 33 37516 19 37541 19 37572 39 37643 47 37727 33 37773 20 37797 18 37829 37 37893 54 37983 32 38029 42 38085 37 38144 65 38239 22 38265 1 38287 40 38341 37 38400 65 38496 20 38544 39 38597 37 38656 65 38753 18 38801 39 38853 38 38912 65 39010 16 39057 40 39109 40 39168 65 39268 13 39313 40 39365 40 39424 64 39525 11 39569 40 39621 41 39680 63 39781 10 39824 41 39876 43 39936 63 40016 3 40023 3 40037 9 40080 41 40132 43 40192 63 40269 15 40293 8 40335 42 40388 44 40448 63 40525 15 40548 9 40591 42 40644 44 40704 62 40781 15 40803 8 40847 43 40900 45 40960 61 41037 14 41059 6 41103 43 41156 45 41216 60 41292 15 41313 6 41341 4 41359 44 41412 47 41472 31 41505 26 41547 16 41569 7 41598 1 41615 44 41669 46 41728 31 41763 22 41803 16 41825 8 41871 43 41925 46 41984 31 42021 14 42059 15 42080 9 42127 42 42181 46 42239 34 42281 8 42315 15 42336 10 42380 44 42437 45 42493 38 42571 15 42592 10 42633 46 42693 45 42748 40 42827 15 42849 9 42886 49 42949 44 43003 42 43083 17 43105 9 43142 49 43204 40 43259 43 43340 19 43361 9 43397 50 43459 39 43515 44 43593 32 43653 50 43715 38 43771 44 43840 35 43878 1 43909 50 43971 38 44025 47 44093 38 44164 51 44227 37 44281 50 44348 39 44420 51 44483 36 44536 52 44603 40 44676 52 44739 36 44792 53 44858 45 44931 53 44996 33 45047 54 45113 37 45154 7 45187 52 45253 32 45303 56 45368 37 45411 10 45443 52 45511 30 45557 58 45623 39 45667 10 45699 52 45768 29 45813 59 45879 40 45923 12 45938 6 45954 51 46026 25 46069 59 46135 40 46179 22 46209 50 46291 15 46325 61 46390 42 46434 24 46463 52 46548 13 46579 110 46690 79 46805 10 46828 3 46832 113 46946 79 47062 5 47081 119 47202 79 47338 117 47458 78 47594 117 47714 78 47811 2 47850 106 47961 6 47970 12 47983 64 48065 8 48107 104 48219 4 48226 11 48239 64 48321 8 48364 102 48482 78 48577 9 48621 100 48738 79 48832 11 48877 100 48995 78 49088 12 49101 4 49133 101 49251 78 49344 18 49388 103 49508 78 49600 19 49641 107 49763 79 49856 19 49896 109 50017 80 50112 19 50147 114 50273 79 50368 20 50402 115 50527 80 50624 19 50657 116 50781 80 50880 19 50913 114 51034 80 51137 17 51167 116 51290 63 51354 14 51393 17 51422 117 51545 61 51611 10 51650 15 51675 119 51800 60 51869 8 51906 15 51930 71 52006 43 52055 59 52126 5 52163 13 52183 74 52272 33 52311 58 52419 13 52439 74 52530 31 52566 61 52676 11 52693 76 52787 29 52821 63 52932 10 52948 76 53044 28 53077 66 53189 8 53203 78 53299 30 53332 68 53444 7 53459 70 53533 5 53554 64 53627 2 53635 23 53700 3 53713 71 53789 5 53809 64 53891 23 53955 4 53969 71 54045 8 54057 63 54125 2 54147 24 54211 6 54223 72 54301 8 54311 64 54402 26 54466 8 54477 73 54557 75 54657 28 54722 83 54814 74 54905 4 54913 29 54978 62 55042 18 55070 74 55159 40 55234 62 55299 16 55326 75 55413 42 55490 62 55557 14 55582 76 55667 45 55747 61 55813 14 55839 75 55923 45 56003 61 56079 2 56095 75 56179 46 56259 61 56351 75 56435 46 56514 62 56607 75 56690 47 56770 62 56863 75 56946 47 57026 62 57120 71 57200 50 57281 63 57376 69 57453 52 57537 63 57632 67 57707 52 57793 66 57888 67 57963 51 58049 70 58144 67 58219 50 58304 71 58400 67 58475 49 58559 72 58656 67 58731 48 58815 72 58912 67 58987 48 59071 73 59168 66 59244 47 59293 4 59326 74 59424 65 59501 53 59581 75 59680 63 59758 56 59837 75 59935 63 60014 59 60092 77 60191 62 60270 68 60347 79 60440 69 60526 70 60603 161 60781 75 60859 161 61035 78 61115 161 61290 82 61373 160 61546 244 61801 246 62057 246 62312 248 62568 241 62812 4 62824 240 63068 3 63080 239 63325 2 63336 6 63345 230 63581 2 63593 4 63602 229 63859 24 63885 202 64115 22 64143 202 64346 4 64373 17 64400 206 64629 16 64656 206 64896 2 64912 206 65168 206 65423 113
500314,63 45 144 8 320 44 399 15 417 2 577 43 655 20 834 41 911 30 1029 5 1092 9 1105 26 1167 32 1283 9 1362 25 1423 34 1537 12 1618 25 1680 35 1792 15 1875 22 1936 37 2011 3 2048 15 2132 21 2192 37 2266 5 2304 15 2389 20 2449 36 2521 10 2560 16 2647 18 2705 37 2776 12 2816 17 2903 17 2962 37 3025 20 3072 17 3160 16 3219 36 3279 23 3328 18 3417 14 3476 36 3533 26 3584 18 3674 13 3733 35 3788 27 3840 19 3990 34 4043 28 4096 19 4247 34 4299 28 4352 20 4503 34 4555 28 4608 20 4760 33 4811 28 4864 21 5016 33 5066 29 5120 21 5272 33 5321 30 5376 21 5528 32 5577 30 5633 20 5783 32 5833 30 5890 19 6039 31 6088 29 6147 18 6295 30 6344 27 6405 16 6550 31 6599 26 6662 14 6805 31 6855 26 6919 12 7060 32 7111 24 7176 9 7315 32 7367 22 7545 1 7571 32 7623 18 7800 4 7827 32 7879 18 8054 8 8084 29 8121 4 8130 21 8309 9 8341 25 8377 6 8384 21 8565 10 8597 24 8632 29 8821 10 8853 23 8887 29 9077 11 9109 23 9140 32 9333 12 9364 24 9396 32 9588 13 9620 23 9652 31 9844 13 9875 24 9907 32 10073 6 10100 15 10131 7 10141 12 10163 33 10327 8 10356 15 10387 5 10397 12 10419 33 10583 10 10611 24 10643 3 10655 8 10675 33 10838 11 10867 24 10899 2 10913 5 10931 33 11093 12 11123 26 11187 33 11349 12 11380 25 11443 33 11605 13 11637 24 11699 32 11861 13 11893 24 11955 32 12115 16 12149 24 12211 31 12371 16 12406 23 12467 30 12626 18 12663 22 12723 30 12881 20 12921 20 12979 30 13135 22 13183 14 13235 30 13387 26 13439 14 13492 28 13642 27 13696 13 13757 18 13897 28 13952 13 14015 16 14150 31 14209 12 14273 6 14405 31 14465 12 14530 3 14661 30 14721 11 14837 2 14916 31 14978 9 15091 6 15171 30 15235 7 15338 22 15427 30 15491 6 15593 23 15684 29 15747 6 15847 25 15941 27 16003 6 16102 26 16198 25 16259 6 16356 28 16456 23 16515 6 16612 28 16714 17 16773 4 16792 2 16867 29 16971 14 17030 1 17047 3 17123 29 17231 7 17300 6 17379 29 17489 4 17551 11 17634 30 17696 1 17806 11 17889 31 17951 3 18061 12 18145 31 18205 8 18258 5 18317 11 18401 31 18461 8 18512 7 18573 11 18649 39 18717 10 18766 11 18829 12 18893 51 18973 10 19021 12 19085 12 19148 52 19229 10 19277 12 19341 14 19403 53 19485 11 19533 12 19597 14 19659 53 19741 12 19789 12 19853 14 19914 54 19997 12 20045 12 20109 14 20170 54 20253 14 20301 12 20365 13 20425 55 20488 1 20509 14 20557 12 20621 12 20681 25 20707 29 20743 3 20766 13 20813 11 20879 10 20937 24 20967 6 20976 16 20999 4 21023 12 21069 10 21135 9 21193 24 21225 3 21232 16 21255 5 21280 11 21327 8 21395 3 21449 24 21489 15 21510 7 21537 10 21583 6 21705 24 21745 15 21764 10 21795 8 21961 24 22009 7 22019 12 22051 7 22217 24 22271 18 22309 3 22474 23 22528 17 22730 23 22784 19 22987 20 23040 19 23242 21 23296 20 23497 19 23522 7 23552 21 23751 21 23777 8 23808 23 24006 21 24031 14 24064 23 24261 22 24286 16 24320 24 24516 19 24542 17 24576 25 24681 4 24771 20 24798 18 24832 25 24934 9 25027 20 25054 19 25088 25 25190 11 25283 20 25310 19 25344 24 25445 14 25540 19 25566 19 25600 24 25701 16 25796 19 25822 20 25856 24 25937 1 25957 17 26053 17 26078 21 26112 24 26192 4 26213 17 26310 16 26334 21 26368 23 26447 6 26471 16 26567 16 26589 22 26624 23 26703 6 26727 16 26824 15 26845 22 26880 22 26959 6 26984 15 27081 15 27101 22 27135 23 27215 6 27241 14 27337 16 27357 22 27387 15 27403 10 27472 5 27497 12 27565 6 27594 16 27612 24 27639 29 27729 3 27753 12 27821 8 27850 71 28013 8 28073 12 28107 17 28125 51 28275 2 28328 14 28363 17 28381 52 28526 8 28582 16 28621 15 28637 52 28780 13 28797 2 28837 17 28877 15 28894 52 29035 22 29093 17 29134 14 29152 7 29162 41 29291 23 29349 17 29390 14 29409 5 29418 43 29546 25 29605 17 29647 13 29674 44 29802 25 29861 17 29903 13 29930 45 30057 26 30117 16 30161 10 30187 45 30313 26 30373 16 30417 9 30443 47 30558 3 30569 26 30629 14 30699 48 30813 5 30825 26 30886 12 30955 50 31069 5 31081 26 31211 50 31325 5 31338 25 31467 50 31581 4 31595 24 31723 50 31837 4 31851 24 31979 50 32040 10 32093 4 32109 22 32235 50 32295 12 32349 4 32365 22 32491 50 32550 21 32605 7 32621 22 32747 50 32805 23 32862 6 32877 22 33002 50 33060 25 33118 6 33134 21 33258 21 33280 28 33315 26 33375 5 33391 20 33515 20 33536 28 33570 27 33648 19 33718 5 33772 18 33792 28 33825 28 33905 18 33973 6 34029 16 34048 28 34081 28 34144 3 34162 15 34229 8 34288 10 34304 28 34337 27 34399 4 34418 15 34484 9 34546 5 34560 28 34592 28 34654 7 34675 12 34739 11 34816 29 34847 29 34909 9 34931 11 34995 12 35072 59 35165 12 35251 13 35328 59 35421 14 35507 13 35584 58 35677 20 35710 5 35761 16 35840 57 35933 21 35965 8 36016 17 36096 56 36189 24 36219 18 36265 24 36352 55 36444 27 36474 21 36519 26 36608 55 36699 59 36773 27 36864 23 36889 31 36954 62 37027 28 37120 21 37145 31 37209 64 37281 26 37376 21 37401 31 37465 66 37535 28 37632 19 37657 32 37721 97 37888 18 37913 32 37977 97 38144 14 38169 33 38235 96 38400 12 38425 33 38493 94 38656 10 38681 46 38751 62 38815 28 38912 8 38936 50 39007 62 39071 28 39192 52 39264 61 39327 30 39448 53 39519 62 39583 32 39633 4 39679 1 39704 53 39774 63 39839 34 39886 9 39935 1 39959 55 40030 64 40095 35 40141 10 40191 1 40215 56 40285 70 40359 28 40396 13 40445 3 40471 56 40540 70 40617 26 40651 14 40701 3 40727 56 40796 70 40878 21 40907 14 40957 3 40983 56 41051 72 41135 20 41163 14 41214 2 41239 56 41307 72 41392 19 41419 14 41471 1 41495 56 41563 72 41648 17 41675 14 41727 1 41752 55 41819 72 41905 14 41931 12 42009 54 42075 54 42131 16 42161 13 42187 12 42265 54 42333 51 42388 13 42417 12 42443 11 42522 53 42589 51 42644 12 42673 11 42699 10 42779 51 42845 49 42901 10 42931 7 42954 10 43037 48 43101 48 43158 8 43209 11 43294 47 43358 43 43415 6 43465 10 43551 45 43614 43 43675 1 43689 4 43721 10 43808 43 43871 41 43944 7 43977 10 44065 41 44127 40 44199 9 44232 11 44323 40 44383 40 44453 12 44487 12 44579 40 44640 39 44707 14 44742 13 44834 41 44899 36 44958 21 44997 14 45089 42 45157 38 45213 22 45253 14 45344 43 45415 6 45429 28 45469 24 45508 15 45599 43 45673 2 45686 27 45724 25 45764 15 45855 43 45943 28 45977 29 46019 15 46110 44 46200 27 46231 32 46275 15 46365 45 46456 29 46487 34 46531 14 46621 44 46712 66 46787 13 46877 44 46968 71 47043 12 47133 44 47224 73 47299 12 47390 28 47422 9 47479 87 47647 27 47679 6 47736 76 47813 9 47903 27 47992 27 48021 46 48073 4 48161 25 48249 24 48277 46 48418 23 48506 23 48533 46 48675 22 48763 21 48789 46 48934 20 49021 18 49045 47 49191 20 49277 18 49300 48 49451 1 49457 14 49533 13 49556 48 49713 14 49789 12 49812 49 49968 15 50003 1 50047 10 50069 50 50224 11 50236 3 50259 4 50304 9 50327 52 50480 9 50513 8 50561 8 50583 53 50710 5 50736 9 50767 12 50817 8 50839 54 50961 14 50993 7 51023 16 51074 7 51095 55 51216 15 51249 6 51278 17 51331 4 51351 56 51471 18 51507 1 51521 10 51532 21 51607 58 51726 19 51776 33 51862 59 51962 6 51981 21 52030 36 52117 61 52215 9 52237 21 52285 38 52373 62 52470 10 52493 22 52540 39 52629 62 52725 11 52749 22 52795 40 52884 63 52981 11 53005 23 53048 43 53139 64 53237 11 53261 23 53303 45 53395 63 53493 11 53517 23 53558 47 53651 63 53749 11 53772 24 53813 48 53907 62 54005 11 54027 25 54070 49 54163 63 54263 9 54282 26 54327 48 54420 62 54521 7 54537 26 54583 49 54677 62 54792 26 54839 49 54933 62 55047 26 55095 50 55189 61 55303 25 55351 50 55445 61 55559 24 55607 50 55701 61 55815 23 55853 5 55863 51 55957 61 56071 22 56107 63 56213 62 56327 22 56363 63 56469 62 56583 22 56618 64 56727 61 56839 22 56874 63 56985 2 56993 2 56997 48 57094 23 57130 63 57256 46 57350 23 57387 62 57512 46 57605 24 57643 62 57736 4 57769 45 57861 24 57901 60 57991 6 58025 44 58117 26 58164 60 58245 9 58281 44 58373 26 58421 60 58501 9 58537 43 58629 26 58677 60 58755 11 58793 43 58886 26 58934 60 59011 11 59049 42 59143 26 59191 60 59266 12 59306 41 59400 24 59448 59 59522 11 59563 42 59657 22 59705 59 59776 13 59819 45 59913 22 59962 59 60031 14 60076 45 60169 21 60222 57 60285 16 60335 8 60347 31 60385 2 60425 20 60480 78 60605 30 60639 6 60679 21 60738 77 60866 26 60893 10 60935 20 60994 77 61119 2 61122 38 61189 20 61251 76 61374 44 61445 21 61507 76 61628 48 61701 22 61765 75 61883 52 61956 24 62021 75 62139 53 62212 25 62244 7 62277 76 62394 56 62468 26 62499 10 62534 75 62649 59 62725 42 62791 74 62903 63 62981 43 63047 74 63158 65 63237 44 63304 73 63413 68 63494 43 63561 72 63669 68 63752 42 63817 71 63925 69 64011 39 64074 69 64181 7 64191 59 64268 39 64331 68 64439 2 64447 59 64524 39 64587 67 64703 59 64781 38 64844 65 64912 6 64959 58 65037 38 65100 64 65167 8 65215 58 65293 38 65357 62 65423 9 65471 57
504868,0 65536
513583,25 29 140 13 160 68 235 12 254 2 280 29 397 12 417 62 492 12 510 2 535 30 654 11 674 61 749 5 755 5 766 2 789 32 912 7 931 66 1005 5 1011 6 1022 2 1043 34 1187 66 1261 12 1278 2 1298 35 1443 66 1518 11 1533 3 1553 36 1700 66 1774 11 1790 2 1809 36 1956 67 2031 10 2046 2 2065 36 2213 66 2287 10 2302 2 2321 35 2467 68 2544 9 2559 1 2577 34 2651 4 2723 68 2801 8 2815 1 2834 33 2905 8 2979 70 3057 7 3070 2 3091 31 3160 9 3235 73 3313 6 3325 3 3356 21 3415 12 3491 19 3514 60 3579 5 3613 3 3617 16 3671 12 3747 18 3771 59 3835 5 3881 6 3915 4 3925 14 4003 16 4027 60 4091 6 4138 5 4171 8 4180 15 4259 14 4283 60 4345 12 4426 24 4515 12 4539 76 4681 25 4727 5 4770 12 4794 79 4923 1 4937 24 4981 8 5027 10 5049 81 5179 3 5193 24 5236 10 5283 8 5303 84 5433 6 5449 24 5491 12 5540 4 5559 85 5688 7 5704 25 5747 13 5815 86 5903 2 5943 8 5958 28 6002 15 6071 92 6198 9 6213 29 6258 16 6327 93 6453 11 6465 33 6513 18 6583 94 6709 44 6769 19 6840 93 6964 45 7024 21 7096 93 7219 46 7279 22 7352 93 7475 46 7534 24 7609 92 7731 46 7789 26 7865 91 7987 46 8044 29 8121 17 8141 71 8242 47 8299 30 8377 17 8398 71 8491 1 8497 48 8554 33 8633 16 8658 67 8746 6 8753 48 8809 39 8890 15 8916 65 9001 56 9064 43 9147 14 9172 66 9257 56 9319 44 9403 14 9428 66 9513 58 9574 46 9661 10 9684 67 9769 58 9829 47 9917 10 9940 66 10025 58 10085 47 10197 65 10281 58 10340 48 10453 65 10537 107 10712 62 10793 107 10969 61 11049 107 11226 60 11305 109 11416 2 11483 58 11561 114 11740 57 11817 115 11997 56 12074 115 12253 56 12331 30 12362 84 12509 56 12579 3 12589 28 12618 84 12766 55 12824 1 12834 5 12846 112 13022 59 13089 6 13106 25 13133 81 13241 1 13247 9 13279 58 13345 6 13363 108 13502 11 13536 57 13600 7 13620 95 13725 5 13756 14 13794 15 13813 36 13856 7 13877 94 13981 6 14011 16 14051 8 14071 9 14081 24 14113 6 14133 94 14236 8 14267 16 14328 8 14337 24 14370 5 14389 94 14491 10 14523 16 14585 7 14594 23 14627 4 14647 20 14671 36 14711 29 14747 10 14778 19 14842 6 14850 23 14903 20 14927 34 14970 27 15002 12 15033 20 15099 5 15107 13 15149 2 15160 17 15184 30 15235 18 15257 14 15287 24 15355 5 15366 9 15403 6 15417 16 15441 30 15491 19 15512 15 15541 27 15611 5 15625 3 15647 18 15673 15 15699 10 15718 1 15725 3 15746 39 15796 29 15867 5 15902 20 15929 14 15981 4 16002 39 16051 30 16122 6 16157 21 16186 13 16237 5 16258 41 16302 35 16375 9 16413 21 16443 12 16493 6 16514 79 16630 10 16668 22 16700 10 16749 6 16769 80 16884 12 16924 23 16957 8 17005 6 17025 80 17139 13 17180 23 17214 7 17263 6 17281 80 17395 13 17437 22 17471 5 17519 9 17537 80 17651 13 17693 24 17776 12 17793 79 17907 13 17949 25 18032 14 18049 79 18163 13 18205 25 18287 96 18419 13 18461 26 18543 96 18675 13 18718 24 18798 97 18933 11 18975 23 19054 97 19189 11 19231 22 19310 96 19447 9 19488 21 19566 96 19704 8 19745 20 19822 96 19961 7 20003 18 20078 97 20217 7 20261 15 20335 96 20474 6 20518 14 20592 95 20730 6 20772 16 20849 94 20988 4 21026 18 21107 92 21247 1 21279 22 21366 32 21403 52 21533 24 21623 30 21661 50 21787 26 21880 27 21920 46 21974 4 22043 26 22137 26 22176 46 22229 6 22299 26 22393 24 22432 46 22484 8 22555 26 22649 23 22688 46 22739 9 22811 26 22905 21 22944 46 22995 10 23067 26 23161 21 23200 45 23251 10 23322 27 23415 23 23456 45 23506 12 23540 2 23578 27 23671 23 23712 44 23761 14 23779 3 23794 6 23829 36 23923 27 23969 42 24016 27 24048 9 24064 6 24084 38 24177 29 24225 42 24271 43 24320 7 24338 40 24431 31 24482 41 24527 44 24576 7 24594 40 24685 33 24739 40 24782 45 24831 10 24849 42 24939 36 24995 40 25037 61 25105 42 25194 38 25252 40 25293 62 25361 42 25447 42 25510 101 25617 42 25702 43 25766 102 25873 43 25956 47 26024 11 26039 86 26129 43 26211 48 26281 8 26295 86 26385 43 26467 50 26539 4 26552 85 26641 43 26723 50 26809 84 26899 42 26979 51 27067 4 27076 73 27156 42 27199 2 27235 51 27333 72 27414 47 27490 52 27589 72 27670 49 27746 52 27845 72 27927 50 28000 55 28101 72 28183 50 28255 56 28357 72 28439 50 28511 57 28612 72 28695 50 28767 57 28867 73 28950 51 29023 58 29122 74 29206 51 29279 58 29375 76 29461 52 29535 58 29627 80 29715 54 29792 57 29881 144 30051 53 30126 157 30308 51 30381 160 30565 50 30635 163 30821 50 30891 164 31079 48 31146 166 31335 48 31402 97 31501 67 31593 46 31658 97 31759 66 31850 45 31914 97 32018 64 32106 44 32171 96 32277 61 32362 43 32427 98 32535 60 32619 40 32684 98 32792 59 32875 40 32941 98 33048 59 33132 37 33198 99 33305 59 33388 37 33455 2 33458 10 33477 59 33538 16 33561 60 33645 34 33715 8 33735 57 33795 16 33817 60 33901 34 33972 7 33991 57 34054 13 34073 61 34159 32 34231 2 34251 53 34311 12 34330 60 34404 3 34416 31 34509 51 34569 10 34586 61 34658 6 34674 29 34708 1 34766 50 34825 9 34842 61 34913 8 34931 28 34963 4 35023 49 35083 6 35098 61 35168 9 35189 37 35280 48 35340 5 35354 61 35424 9 35445 38 35494 5 35536 48 35611 60 35679 12 35703 22 35727 13 35749 11 35793 47 35867 60 35935 14 35959 21 35983 14 36003 14 36049 47 36125 56 36192 14 36217 17 36239 15 36258 16 36307 45 36381 55 36449 14 36473 16 36495 16 36513 17 36564 44 36637 54 36705 15 36730 15 36750 37 36821 43 36893 53 36961 15 36986 15 37005 38 37077 43 37149 34 37187 14 37217 16 37242 15 37260 40 37334 42 37406 33 37444 13 37472 17 37498 59 37589 43 37663 32 37701 11 37727 18 37755 60 37843 45 37920 31 37958 9 37983 18 38011 61 38099 45 38179 29 38239 20 38267 65 38353 47 38438 26 38494 21 38524 65 38609 47 38695 25 38750 23 38783 64 38864 48 38951 25 39006 23 39041 62 39119 49 39207 25 39262 24 39303 58 39375 11 39389 35 39463 24 39517 25 39560 57 39631 11 39645 35 39720 21 39772 27 39817 18 39839 36 39886 12 39903 33 39977 10 39995 1 40028 27 40073 18 40096 35 40142 12 40159 33 40234 7 40283 28 40329 18 40353 36 40398 50 40493 2 40539 28 40586 17 40610 35 40654 50 40741 3 40795 29 40843 15 40867 35 40911 49 40997 4 41051 29 41099 14 41123 36 41168 48 41252 7 41306 31 41355 14 41379 38 41425 47 41509 6 41562 31 41611 14 41635 38 41682 46 41766 4 41817 32 41869 11 41892 37 41941 13 41955 29 42073 32 42125 11 42148 37 42199 10 42212 28 42285 10 42328 32 42383 7 42405 36 42456 8 42471 25 42540 14 42584 32 42661 36 42713 6 42729 23 42793 20 42821 3 42840 31 42918 35 42990 18 43047 23 43075 7 43095 32 43174 35 43247 17 43299 42 43351 31 43431 36 43505 14 43554 43 43607 30 43687 36 43762 10 43808 46 43863 30 43943 37 44064 47 44119 30 44199 38 44320 48 44375 30 44455 37 44576 48 44631 29 44710 38 44831 50 44887 28 44966 38 45087 50 45143 28 45222 37 45271 8 45343 50 45399 27 45477 37 45524 12 45599 50 45654 28 45733 35 45779 14 45855 50 45909 10 45921 12 45947 6 45989 32 46035 15 46111 50 46165 8 46179 8 46203 7 46245 31 46291 16 46368 62 46437 6 46457 11 46501 28 46547 17 46624 62 46709 16 46757 22 46782 1 46803 18 46858 1 46881 61 46963 19 47013 21 47059 18 47111 5 47137 61 47211 1 47219 19 47269 20 47315 18 47365 9 47393 61 47464 31 47525 19 47572 18 47620 11 47649 61 47720 31 47780 20 47829 17 47875 14 47906 59 47976 31 48008 7 48031 1 48034 21 48086 15 48130 16 48163 58 48233 39 48285 26 48342 15 48385 20 48420 57 48491 38 48538 27 48598 14 48641 20 48677 56 48747 38 48793 28 48854 14 48896 23 48935 54 49003 73 49110 13 49152 23 49193 52 49259 72 49366 13 49408 23 49451 50 49514 72 49622 13 49664 23 49707 50 49770 71 49878 12 49920 23 49964 49 50025 71 50134 11 50176 22 50221 8 50232 36 50281 71 50390 10 50432 24 50490 33 50537 72 50621 6 50643 12 50688 25 50747 32 50793 72 50876 9 50899 12 50944 27 51004 13 51019 14 51050 72 51131 12 51155 12 51200 28 51261 10 51275 13 51307 72 51387 12 51410 13 51456 29 51519 6 51532 11 51565 72 51643 37 51712 29 51789 10 51823 70 51899 36 51968 30 52045 10 52081 110 52224 30 52301 9 52337 110 52480 31 52559 6 52594 108 52736 33 52850 108 52992 35 53107 107 53248 35 53363 106 53504 37 53619 45 53666 59 53759 38 53876 43 53923 58 54014 41 54133 42 54179 58 54267 44 54390 41 54435 58 54523 46 54647 39 54691 58 54778 47 54903 39 54947 58 55022 3 55034 49 55159 39 55203 6 55213 49 55270 14 55289 50 55415 38 55459 5 55469 49 55523 18 55545 51 55671 38 55716 1 55725 130 55927 37 55981 132 56185 34 56237 133 56441 34 56494 132 56698 19 56720 11 56750 132 56955 18 56977 10 57006 132 57213 15 57234 9 57261 133 57469 15 57490 9 57513 137 57728 11 57747 8 57769 137 57985 10 58004 7 58025 137 58242 9 58280 138 58499 8 58536 137 58755 7 58792 13 58807 122 59013 4 59048 12 59064 121 59304 12 59323 118 59559 13 59579 118 59813 16 59837 118 60068 17 60093 67 60161 50 60321 21 60349 67 60417 50 60577 21 60605 67 60674 49 60833 22 60862 22 60887 41 60931 49 61088 23 61118 21 61144 40 61187 52 61259 1 61343 24 61376 17 61401 39 61443 52 61515 2 61599 25 61632 16 61658 38 61699 54 61769 4 61853 28 61887 4 61915 37 61955 54 62023 6 62109 28 62143 3 62171 37 62212 53 62277 9 62364 30 62397 9 62427 37 62468 53 62533 9 62619 33 62653 10 62683 37 62724 42 62769 8 62788 13 62874 45 62939 37 62981 40 63025 8 63044 15 63130 46 63195 37 63237 36 63283 5 63299 18 63386 46 63453 33 63493 35 63555 18 63642 46 63709 34 63751 32 63810 21 63897 32 63933 10 63966 34 64008 30 64066 22 64153 32 64189 10 64223 33 64272 19 64321 27 64409 32 64448 6 64482 30 64530 12 64577 28 64665 32 64705 4 64739 29 64789 6 64833 29 64921 32 64995 29 65047 3 65089 29 65177 31 65252 28 65345 30 65432 31 65511 25
516869,0 65536
521139,0 65536
524214,0 65536
529350, 
534313,4 33 39 4 180 3 261 32 295 8 517 32 551 8 773 30 807 8 1029 30 1064 3 1068 3 1284 31 1421 6 1540 31 1676 8 1796 30 1932 9 2052 29 2187 10 2308 31 2444 10 2535 4 2564 31 2700 10 2791 4 2820 33 2956 11 3047 6 3075 34 3213 10 3302 7 3331 34 3376 1 3471 8 3558 7 3588 33 3627 2 3727 9 3815 6 3845 33 3883 2 3982 17 4073 4 4101 34 4139 2 4238 19 4330 3 4357 34 4493 21 4614 33 4749 22 4870 33 5005 22 5068 1 5120 4 5126 32 5261 22 5323 2 5376 35 5415 2 5518 21 5575 6 5587 3 5632 34 5671 2 5774 21 5831 6 5843 4 5888 32 5927 3 6031 19 6087 6 6099 4 6144 31 6183 3 6288 17 6341 1 6344 5 6355 5 6400 30 6440 1 6550 11 6597 9 6611 4 6656 8 6665 20 6758 7 6807 9 6853 10 6868 3 6912 7 6921 20 7011 12 7063 8 7109 11 7168 8 7177 20 7268 11 7319 8 7365 12 7381 2 7424 29 7510 6 7524 12 7575 8 7603 6 7622 18 7680 29 7766 9 7780 13 7831 7 7859 6 7878 18 7937 28 8022 28 8087 6 8115 5 8133 20 8193 16 8212 8 8278 29 8343 6 8371 4 8389 20 8451 11 8474 2 8534 29 8601 1 8646 20 8707 11 8790 29 8903 19 8965 9 9047 28 9159 19 9223 8 9303 28 9421 8 9480 8 9559 28 9681 2 9736 9 9816 3 9821 22 9991 10 10072 3 10077 6 10084 14 10247 11 10328 3 10333 6 10341 13 10503 11 10588 7 10597 12 10759 10 10843 8 10853 12 11016 9 11077 2 11099 8 11109 10 11272 9 11333 2 11355 20 11529 7 11589 2 11611 17 11786 5 11845 2 11867 16 12101 2 12111 6 12123 16 12353 1 12357 2 12366 7 12380 15 12609 1 12613 2 12621 9 12637 14 12877 10 12893 14 13133 11 13151 11 13389 12 13408 11 13645 13 13665 10 13901 13 13921 10 14157 13 14177 10 14414 11 14433 10 14670 10 14690 9 14927 8 14946 8 15184 6 15203 3 15440 5 15696 5 15953 3 17915 5 18171 5 18425 7 18681 7 18937 7 19193 7 19449 7 19705 7 19963 5 20219 5 20529 3 20784 5 21040 6 21239 1 21297 5 21494 3 21553 5 21751 3 21809 4 22007 4 22065 4 22263 4 24123 1 24886 3 25541 4 25797 4 26051 6 26306 7 26564 1 30746 4 31001 7 31257 8 31513 9 31769 10 32023 20 32278 22 32535 22 32791 22 33047 23 33303 23 33560 23 33815 24 34069 26 34323 28 34577 30 34833 30 35087 32 35343 32 35599 32 35855 32 36110 33 36241 4 36365 34 36496 7 36622 32 36751 9 36878 31 37008 8 37135 30 37264 9 37290 6 37391 29 37520 9 37546 6 37649 25 37777 9 37801 7 37905 25 38034 9 38057 7 38135 1 38163 22 38291 9 38301 2 38313 8 38421 19 38547 13 38569 9 38684 11 38782 14 38803 15 38825 10 38895 4 38943 5 39036 18 39059 16 39081 10 39151 5 39288 43 39337 10 39405 8 39544 43 39594 9 39661 8 39800 44 39851 8 39915 9 40056 45 40107 8 40171 9 40311 46 40365 6 40427 9 40567 46 40621 6 40683 9 40823 46 40939 9 41079 45 41195 8 41334 45 41453 6 41589 46 41711 4 41836 1 41843 48 41969 3 42014 3 42092 1 42099 48 42225 4 42348 2 42354 49 42479 6 42604 3 42610 49 42733 9 42862 2 42865 51 42987 11 43119 53 43242 12 43375 24 43402 26 43497 13 43631 23 43658 25 43753 13 43888 20 43915 24 44009 14 44131 2 44144 19 44171 24 44265 14 44375 16 44399 20 44427 24 44522 22 44628 19 44655 20 44684 23 44779 21 44874 31 44911 20 44941 21 45035 21 45129 33 45165 22 45197 21 45292 8 45301 11 45385 59 45455 6 45466 8 45486 1 45551 2 45558 10 45641 59 45711 6 45723 6 45741 3 45814 10 45895 6 45905 50 45969 2 45996 7 46071 9 46144 5 46151 6 46161 50 46251 9 46327 9 46397 16 46417 50 46505 13 46584 8 46653 16 46673 50 46761 15 46840 8 46909 15 46929 51 47016 17 47096 8 47165 12 47185 52 47272 17 47352 8 47404 4 47411 8 47420 9 47441 56 47529 18 47607 9 47660 4 47666 19 47698 56 47785 18 47863 9 47917 24 47955 55 48043 18 48119 9 48173 24 48211 56 48300 18 48375 9 48428 25 48467 55 48556 18 48631 9 48684 25 48723 54 48812 17 48887 9 48939 26 48978 55 49068 17 49114 3 49145 7 49194 27 49233 56 49323 18 49370 3 49402 6 49446 31 49487 58 49578 18 49626 3 49659 5 49702 31 49743 58 49833 19 49868 1 49883 2 49915 5 49958 21 49983 6 49997 60 50088 21 50122 7 50171 5 50213 22 50240 4 50252 61 50343 22 50377 8 50427 5 50469 24 50496 5 50507 61 50596 25 50631 12 50683 5 50724 25 50752 6 50762 62 50851 26 50886 14 50911 1 50940 4 50971 108 51106 28 51140 17 51165 4 51195 5 51227 106 51362 29 51393 20 51421 4 51451 5 51482 99 51618 51 51675 6 51704 8 51737 100 51874 51 51931 6 51960 8 51991 100 52117 2 52130 53 52187 6 52215 9 52247 100 52372 4 52386 53 52443 6 52471 9 52501 91 52596 6 52629 3 52642 53 52699 6 52727 9 52757 90 52885 3 52898 55 52955 8 52984 8 53012 89 53155 54 53211 13 53241 7 53268 87 53411 54 53467 14 53497 7 53523 86 53668 53 53723 16 53752 8 53779 85 53925 52 53979 16 54008 8 54035 81 54181 51 54235 19 54263 9 54290 81 54438 49 54492 19 54519 9 54547 81 54694 50 54747 22 54773 11 54804 81 54950 51 55003 23 55027 13 55062 79 55206 90 55318 80 55462 90 55568 5 55574 81 55719 86 55823 88 55975 86 56079 88 56231 84 56323 4 56334 89 56487 34 56523 48 56579 100 56743 32 56783 44 56835 100 56999 31 57040 43 57092 99 57253 32 57298 3 57306 33 57348 99 57509 33 57563 32 57605 98 57764 34 57819 32 57861 98 58021 33 58075 32 58117 99 58277 34 58331 17 58351 11 58373 99 58533 35 58587 15 58610 7 58629 100 58789 36 58842 16 58868 4 58884 101 59046 35 59097 16 59139 70 59211 31 59303 34 59343 6 59353 16 59394 71 59468 30 59559 34 59598 7 59609 16 59649 72 59725 29 59815 32 59853 9 59866 13 59904 73 59981 29 60071 30 60109 9 60123 10 60160 75 60237 28 60327 30 60366 7 60379 8 60416 75 60493 28 60583 30 60622 7 60636 7 60652 1 60672 75 60751 4 60756 21 60839 29 60879 5 60928 75 61007 3 61015 18 61094 30 61136 3 61184 75 61274 16 61349 20 61370 10 61440 75 61529 18 61605 20 61627 8 61696 75 61785 18 61861 20 61884 7 61952 75 62041 18 62117 20 62141 6 62208 75 62296 18 62373 20 62397 6 62464 75 62551 19 62583 4 62629 20 62652 7 62720 75 62807 18 62838 7 62885 20 62908 7 62976 75 63063 18 63094 8 63141 20 63164 7 63232 75 63319 17 63349 10 63398 19 63420 6 63488 74 63576 16 63605 10 63654 18 63678 2 63744 73 63832 15 63859 13 63911 15 64000 73 64089 2 64093 10 64115 14 64167 15 64256 71 64345 1 64349 3 64370 21 64421 16 64512 70 64605 2 64626 22 64677 16 64768 69 64862 1 64881 24 64932 16 65024 67 65099 4 65118 1 65137 24 65187 17 65280 66 65354 7 65392 25 65443 17
534649, 
535798,0 10 87 2 137 16 154 8 171 25 250 1 256 10 395 12 412 1 429 22 505 3 512 10 651 11 685 22 761 4 768 10 907 8 941 22 1015 7 1024 10 1164 7 1197 22 1270 8 1280 9 1451 24 1481 4 1524 11 1536 9 1707 24 1737 6 1779 12 1792 9 1963 39 2035 12 2048 9 2219 40 2290 13 2304 9 2474 43 2547 12 2560 10 2729 44 2803 11 2816 10 2985 45 3059 11 3072 10 3242 45 3315 11 3328 11 3485 6 3499 44 3560 7 3570 12 3584 10 3739 9 3755 44 3815 8 3825 14 3840 9 3909 5 3995 10 4011 44 4071 25 4097 8 4163 8 4250 13 4267 44 4327 25 4419 8 4506 60 4582 26 4675 8 4761 60 4838 26 4931 4 5017 56 5094 26 5187 3 5257 4 5273 54 5351 25 5443 1 5510 7 5527 56 5607 25 5765 74 5863 25 6019 75 6123 20 6275 75 6379 20 6530 66 6636 11 6785 67 6893 7 6997 2 7041 66 7151 1 7253 2 7298 65 7508 3 7555 64 7697 4 7761 6 7811 64 7951 8 8017 6 8071 60 8137 7 8206 11 8273 6 8329 58 8393 8 8462 13 8529 7 8589 67 8718 15 8786 7 8845 67 8974 15 9033 1 9043 6 9102 65 9231 14 9288 3 9299 6 9358 65 9487 14 9532 3 9544 4 9556 5 9614 65 9700 3 9743 14 9788 4 9799 5 9813 2 9870 64 9956 3 10000 11 10045 4 10054 6 10126 63 10202 6 10211 6 10257 3 10302 3 10309 7 10382 61 10458 15 10565 2 10637 60 10713 16 10893 59 10969 16 11029 1 11115 1 11149 58 11225 12 11285 1 11371 2 11405 58 11482 11 11535 8 11589 1 11626 3 11661 55 11739 9 11791 8 11883 2 11918 5 11925 45 11995 9 12177 1 12183 41 12251 10 12301 1 12440 39 12507 10 12697 30 12731 2 12763 10 12953 29 13020 9 13209 28 13276 9 13339 6 13465 28 13533 8 13593 9 13721 29 13790 5 13848 10 13912 2 13977 29 14047 2 14104 11 14169 1 14233 29 14359 12 14425 1 14489 29 14616 11 14745 29 14873 10 15001 28 15133 2 15257 28 15513 28 15769 20 15792 4 16026 18 16049 2 16283 17 16305 3 16309 3 16539 18 16561 7 16795 18 17052 17 17309 16 17567 14 18644 5 18698 3 18899 8 18954 3 19155 10 19210 2 19411 13 19666 15 19921 18 20177 18 20429 23 20681 27 20936 28 21192 28 21269 1 21365 2 21447 29 21480 3 21523 5 21703 29 21734 5 21776 9 21959 29 21989 7 22031 11 22215 27 22244 8 22276 23 22472 25 22501 8 22531 25 22728 25 22757 9 22786 28 22984 26 23013 10 23041 30 23240 26 23267 14 23296 33 23395 2 23496 44 23552 33 23753 44 23808 35 24009 46 24064 35 24265 46 24320 35 24521 46 24576 35 24778 45 24832 34 24982 7 25034 45 25088 34 25237 8 25290 45 25344 33 25475 4 25492 10 25546 45 25600 34 25730 6 25747 12 25801 46 25856 35 25986 7 26003 12 26019 5 26051 52 26112 35 26242 8 26259 14 26274 7 26305 54 26368 36 26498 7 26516 22 26561 62 26624 37 26754 7 26773 21 26817 100 27010 7 27029 22 27073 100 27265 8 27285 22 27329 6 27336 94 27518 10 27539 9 27549 14 27587 2 27594 92 27774 9 27795 9 27805 14 27851 92 28031 7 28049 26 28108 91 28240 4 28288 5 28305 13 28319 12 28365 90 28495 6 28559 14 28575 12 28623 90 28737 4 28751 7 28814 14 28832 10 28881 90 28992 8 29005 11 29069 15 29089 8 29138 90 29247 26 29313 3 29323 17 29345 7 29395 90 29503 28 29537 1 29568 9 29578 18 29603 4 29653 89 29758 29 29792 2 29813 6 29823 30 29859 3 29909 90 30008 37 30047 4 30052 7 30067 43 30167 32 30200 56 30263 39 30303 13 30322 45 30424 31 30459 99 30559 16 30576 47 30680 31 30715 99 30815 64 30936 31 30971 99 31071 65 31191 32 31228 95 31327 64 31447 32 31484 93 31583 64 31703 32 31740 93 31839 64 31959 32 31996 94 32094 47 32146 13 32215 32 32253 94 32349 48 32402 13 32471 32 32509 144 32658 13 32728 31 32762 148 32913 15 32985 39 33027 158 33247 33 33284 158 33455 3 33503 33 33541 158 33710 6 33760 32 33797 159 33965 8 33996 1 34017 31 34053 160 34221 12 34275 29 34309 24 34337 133 34477 14 34535 25 34565 24 34594 132 34733 14 34792 24 34821 24 34851 132 34988 15 35049 23 35077 24 35107 132 35242 17 35265 4 35305 19 35333 24 35363 152 35521 6 35563 17 35583 1 35589 23 35619 152 35777 9 35822 4 35833 3 35837 3 35846 22 35875 153 36033 10 36090 1 36093 3 36103 18 36131 89 36221 64 36288 12 36351 1 36359 16 36387 89 36479 62 36544 13 36616 14 36643 89 36735 80 36874 9 36899 88 36991 89 37136 1 37154 89 37247 32 37285 53 37410 89 37503 91 37665 90 37758 93 37921 90 38013 94 38124 2 38163 200 38385 2 38417 201 38641 2 38671 202 38896 3 38927 202 39151 4 39182 98 39289 92 39398 3 39407 5 39438 98 39547 89 39654 3 39663 5 39694 98 39804 87 39909 3 39920 4 39950 99 40060 86 40165 3 40177 3 40205 101 40315 83 40461 102 40571 79 40717 102 40826 80 40972 103 41082 80 41221 111 41337 82 41429 4 41439 4 41477 109 41593 43 41637 38 41687 1 41695 4 41733 98 41849 42 41894 36 41951 4 41989 96 42105 40 42150 36 42207 4 42245 94 42361 40 42407 34 42463 4 42501 64 42570 25 42617 38 42663 33 42718 6 42757 64 42828 21 42873 34 42919 30 42973 7 43013 57 43071 6 43083 22 43129 32 43175 28 43228 7 43269 56 43330 4 43339 21 43386 30 43430 27 43483 8 43502 5 43525 56 43586 5 43594 23 43640 32 43686 26 43739 8 43759 2 43780 95 43889 40 43941 26 43994 7 44036 95 44145 40 44197 26 44249 8 44292 97 44400 40 44453 27 44506 6 44548 98 44656 39 44710 27 44762 5 44804 98 44911 39 44966 28 45060 98 45167 38 45223 28 45316 98 45423 29 45479 28 45572 98 45679 29 45736 27 45828 93 45936 27 45993 25 46084 90 46193 26 46249 25 46341 88 46451 24 46505 25 46597 88 46708 23 46761 25 46854 89 46965 20 47018 23 47111 92 47221 20 47274 21 47368 95 47478 18 47531 17 47585 4 47625 96 47735 17 47787 16 47841 4 47882 97 47991 16 48042 17 48139 96 48247 15 48298 17 48397 97 48504 13 48553 18 48610 1 48654 97 48760 13 48809 18 48864 4 48912 97 49017 11 49065 17 49117 8 49168 97 49273 10 49321 17 49373 8 49425 97 49531 5 49577 16 49628 9 49681 98 49787 4 49833 16 49884 10 49936 99 50095 8 50140 10 50164 2 50192 99 50353 5 50396 11 50419 4 50449 98 50653 9 50673 5 50706 97 50909 8 50928 6 50963 96 51166 7 51182 7 51219 96 51423 5 51438 8 51474 98 51679 4 51693 9 51730 99 51937 2 51949 9 51973 5 51985 101 52208 5 52229 5 52241 48 52294 48 52485 5 52497 47 52551 48 52741 5 52751 48 52807 49 52997 4 53007 45 53063 50 53253 4 53263 46 53317 53 53519 46 53570 57 53775 47 53825 58 53910 3 53921 1 54031 108 54165 6 54176 4 54278 3 54286 31 54320 75 54420 8 54431 6 54535 38 54577 74 54675 19 54792 37 54833 74 54931 20 55048 36 55089 74 55187 20 55304 36 55345 74 55443 20 55560 35 55601 73 55689 2 55699 20 55794 3 55816 35 55857 72 55945 3 55956 19 56049 5 56071 36 56113 72 56201 4 56213 18 56302 8 56327 35 56369 71 56456 5 56469 17 56553 13 56583 35 56625 70 56712 5 56724 17 56809 14 56839 35 56880 71 56968 4 56979 17 57066 13 57096 34 57136 70 57224 4 57234 17 57257 1 57323 12 57352 34 57392 70 57480 3 57489 19 57511 5 57580 11 57608 34 57648 70 57737 2 57744 29 57837 10 57864 34 57904 70 57993 1 58000 30 58094 8 58120 35 58160 71 58255 32 58351 2 58376 1 58379 32 58416 75 58511 32 58629 5 58637 29 58673 77 58767 32 58885 6 58894 28 58929 78 59022 33 59141 6 59152 25 59186 78 59269 2 59277 35 59397 7 59409 24 59447 74 59525 3 59533 35 59655 5 59668 20 59706 9 59716 63 59781 44 59911 5 59925 19 59963 6 59974 61 60037 44 60168 4 60186 13 60231 60 60295 43 60425 3 60444 9 60489 57 60552 43 60701 7 60715 2 60749 54 60809 42 60959 4 60971 2 61007 52 61065 43 61227 2 61265 50 61321 44 61521 50 61577 45 61778 49 61833 46 62035 48 62089 46 62197 1 62292 47 62343 49 62549 47 62598 51 62805 100 63062 99 63319 98 63576 3 63581 91 63841 85 64098 83 64257 11 64344 2 64358 77 64512 14 64600 3 64614 75 64768 15 64855 4 64870 68 65024 15 65111 4 65126 69 65280 16 65367 5 65382 20 65409 34 65449 2 65461 7
544420,0 65018 65019 255 65275 252 65529 7
548413,0 65536
562305, 
563581,0 3934 3941 249 4197 6 4205 241 4462 241 4718 240 4972 242 5226 244 5481 244 5736 243 5991 243 6247 241 6503 240 6759 240 7015 241 7271 244 7527 153 7681 91 7783 153 7939 90 8039 153 8197 89 8294 155 8453 89 8549 157 8709 89 8805 250 9060 252 9315 5454 14770 254 15026 253 15283 254 15538 9527 25073 247 25330 245 25587 244 25842 245 26095 248 26350 28 26385 216 26603 29 26641 141 26783 104 26897 136 27041 3 27045 96 27153 136 27297 2 27301 95 27410 134 27561 90 27666 134 27817 89 27921 134 28072 88 28177 134 28327 90 28432 135 28582 91 28688 135 28837 92 28943 136 29092 94 29198 138 29347 95 29452 141 29601 97 29707 142 29857 97 29963 142 30113 97 30218 143 30369 97 30474 144 30627 96 30729 145 30884 95 30985 145 31141 96 31241 146 31397 246 31653 246 31909 246 32165 246 32421 247 32677 247 32933 248 33189 248 33446 247 33703 245 33960 244 34216 42 34261 198 34473 40 34518 198 34729 19 34753 14 34777 195 34984 19 35010 10 35035 194 35239 19 35268 5 35295 190 35494 20 35551 191 35749 20 35807 192 36003 22 36063 48 36113 169 36319 48 36369 169 36575 220 36831 194 37026 25 37088 189 37283 26 37344 188 37539 26 37600 187 37795 27 37855 188 38051 27 38111 192 38305 30 38368 223 38624 225 38879 226 39135 30 39166 196 39391 28 39424 195 39647 27 39680 197 39903 27 39936 197 40158 27 40192 198 40413 28 40448 199 40669 28 40704 199 40924 29 40960 199 41179 30 41216 199 41435 26 41472 200 41691 24 41728 200 41939 29 41984 201 42195 28 42240 201 42449 31 42496 201 42705 31 42752 203 42959 34 43008 203 43215 34 43255 2 43264 252 43520 252 43776 253 44032 253 44288 253 44544 253 44800 253 45056 253 45312 102 45415 149 45568 101 45671 149 45824 100 45928 147 46080 100 46185 145 46336 101 46441 145 46592 101 46696 149 46848 101 46951 40 46993 108 47104 102 47207 40 47249 1 47253 102 47360 102 47463 32 47498 7 47517 94 47616 101 47719 39 47773 94 47872 96 47975 38 48029 93 48128 94 48231 38 48284 94 48384 93 48489 33 48539 94 48640 93 48745 32 48794 95 48896 93 49003 29 49049 96 49152 94 49259 28 49304 97 49407 95 49515 28 49559 98 49661 98 49771 28 49815 98 49917 98 50025 30 50069 96 50173 99 50281 30 50325 93 50429 102 50533 38 50579 92 50685 76 50764 64 50834 91 50941 74 51021 66 51089 91 51197 74 51277 161 51453 74 51533 140 51679 18 51709 74 51789 140 51935 20 51965 74 52045 140 52191 24 52219 76 52301 140 52447 103 52558 247 52814 237 53054 6 53071 235 53311 4 53327 233 53583 20 53606 97 53705 110 53839 20 53863 96 53961 109 54095 120 54218 107 54351 120 54474 108 54591 3 54605 124 54730 109 54847 4 54861 234 55103 4 55115 237 55359 4 55371 237 55615 3 55625 239 55871 2 55881 240 56136 241 56391 244 56636 1685 58322 223 58547 4 58554 23 58579 218 58811 22 58836 216 59068 21 59093 214 59326 19 59353 3 59358 205 59583 18 59616 202 59841 14 59875 198 60097 14 60131 198 60354 11 60387 78 60468 117 60611 6 60643 79 60726 115 60899 80 60983 114 61155 80 61239 115 61411 199 61667 199 61923 199 62179 200 62388 1 62436 199 62643 2 62692 211 62949 210 63205 212 63461 166 63631 42 63677 2 63717 160 63889 48 63962 1 63972 160 64146 47 64217 3 64227 160 64402 49 64472 170 64658 49 64728 168 64913 51 64983 169 65169 52 65239 169 65424 53 65495 41
563999,0 7 127 30 161 2 205 56 344 3 383 38 463 54 599 6 639 38 719 34 755 18 854 10 893 41 976 53 1109 12 1147 44 1233 54 1365 14 1386 62 1489 40 1532 11 1621 14 1641 62 1745 39 1789 9 1876 15 1897 61 2003 36 2047 7 2131 16 2153 61 2259 36 2303 6 2386 83 2515 34 2560 3 2641 84 2761 2 2771 34 2816 1 2834 2 2897 84 3014 8 3027 33 3075 4 3089 4 3153 84 3269 10 3283 33 3331 7 3343 7 3409 84 3524 13 3539 34 3585 21 3665 84 3780 49 3840 23 3885 6 3921 85 4034 51 4096 23 4140 7 4177 85 4289 53 4352 23 4390 15 4432 87 4543 55 4608 23 4644 17 4688 87 4799 55 4864 23 4897 21 4943 93 5053 58 5120 22 5151 24 5200 94 5309 58 5376 21 5403 28 5456 167 5632 20 5659 28 5713 166 5888 19 5915 27 5969 166 6144 19 6171 26 6226 165 6400 19 6428 24 6482 164 6656 19 6685 22 6738 164 6912 20 6942 20 6994 163 7168 21 7197 22 7250 163 7424 24 7452 23 7507 162 7680 51 7763 163 7936 52 8021 162 8192 53 8277 162 8448 53 8535 160 8704 53 8792 160 8960 54 9049 160 9216 54 9305 160 9472 55 9539 4 9561 160 9728 55 9795 4 9817 160 9984 55 10073 160 10240 55 10329 160 10496 54 10585 158 10752 54 10841 158 11008 53 11079 4 11097 158 11264 53 11335 5 11353 157 11520 53 11591 6 11602 3 11609 156 11776 53 11847 6 11857 4 11866 155 12032 53 12102 5 12113 4 12123 153 12288 53 12357 5 12369 4 12379 153 12544 53 12637 150 12800 53 12894 149 13056 53 13153 146 13312 54 13374 2 13409 146 13568 55 13629 5 13666 135 13824 56 13885 6 13923 131 14080 68 14179 130 14336 69 14435 129 14592 70 14691 128 14848 19 14871 48 14947 128 15104 19 15129 48 15203 126 15360 17 15386 48 15458 127 15616 16 15645 46 15714 122 15872 15 15902 45 15970 121 16128 14 16156 47 16221 3 16225 120 16384 13 16411 48 16475 126 16640 13 16667 48 16731 126 16896 13 16922 49 16987 126 17152 12 17178 48 17243 126 17408 13 17434 48 17499 126 17664 13 17690 47 17755 127 17920 13 17947 44 18011 127 18176 13 18203 43 18267 128 18428 3 18432 13 18460 41 18523 128 18683 18 18717 39 18779 128 18938 19 18973 40 19035 128 19193 20 19231 40 19291 14 19306 114 19449 19 19487 40 19547 14 19562 114 19704 19 19742 42 19803 14 19819 114 19959 19 19998 43 20059 14 20075 1 20079 110 20213 20 20250 47 20315 12 20335 109 20469 18 20505 48 20571 12 20593 107 20725 16 20760 49 20826 12 20853 103 20981 15 21016 49 21081 12 21109 102 21237 13 21271 51 21337 11 21365 102 21493 12 21527 54 21593 11 21621 102 21748 12 21783 57 21842 14 21878 100 22003 13 22039 66 22106 5 22135 99 22259 13 22296 70 22391 98 22515 13 22552 70 22647 98 22771 13 22809 70 22903 97 23027 13 23065 70 23159 97 23283 13 23322 69 23415 96 23539 13 23577 72 23670 97 23795 13 23823 3 23833 76 23924 99 24051 13 24077 6 24089 77 24179 100 24307 13 24333 8 24343 80 24436 101 24562 14 24589 8 24598 81 24693 102 24818 14 24845 90 24949 104 25074 14 25101 90 25205 105 25329 15 25361 88 25461 106 25585 15 25615 90 25717 107 25841 15 25869 92 25974 109 26096 16 26125 93 26230 109 26352 16 26379 97 26487 108 26605 19 26633 100 26744 108 26860 21 26888 101 27001 107 27115 23 27143 102 27257 106 27372 131 27512 92 27607 10 27629 130 27769 91 27864 8 27887 129 28025 92 28121 2 28146 127 28281 59 28345 28 28403 126 28537 58 28602 29 28659 127 28793 58 28858 29 28915 129 29050 58 29113 31 29171 130 29307 59 29368 32 29427 130 29563 94 29683 130 29819 94 29939 130 30075 4 30083 86 30176 3 30197 122 30323 2 30330 4 30339 88 30431 5 30453 122 30579 10 30597 96 30710 121 30834 10 30853 96 30967 121 31089 10 31111 95 31224 119 31345 11 31367 95 31481 118 31602 10 31623 96 31739 115 31859 9 31879 96 31997 113 32117 5 32136 95 32256 109 32373 5 32393 2 32397 90 32512 108 32630 1 32648 3 32653 92 32768 106 32903 99 33024 105 33159 100 33280 105 33416 8 33426 25 33457 59 33536 104 33673 6 33687 18 33714 59 33792 104 33929 5 33944 17 33970 17 33989 40 34048 103 34201 15 34227 14 34246 40 34304 102 34458 14 34483 14 34502 41 34560 101 34715 11 34740 13 34759 40 34816 100 34971 9 34997 12 35015 41 35072 96 35228 5 35253 11 35271 43 35328 95 35485 3 35509 11 35527 49 35584 93 35765 10 35783 54 35840 93 36020 10 36039 56 36096 91 36275 10 36295 147 36531 10 36551 146 36761 4 36787 10 36807 146 37015 7 37043 10 37063 146 37261 18 37299 12 37319 148 37517 20 37555 12 37574 153 37773 22 37811 16 37829 156 38029 22 38067 17 38085 158 38285 23 38323 17 38341 158 38541 24 38579 17 38597 159 38797 32 38835 178 39052 35 39090 180 39307 219 39563 220 39797 7 39818 221 40052 9 40073 222 40307 11 40328 223 40562 13 40583 224 40817 16 40837 226 41072 247 41326 250 41581 1112 42695 251 42955 40 43000 201 43211 38 43257 200 43468 34 43520 193 43724 34 43776 195 43980 33 44032 195 44235 34 44288 196 44491 33 44544 197 44748 31 44800 198 45004 31 45050 1 45056 198 45260 31 45302 9 45312 198 45516 30 45555 211 45771 31 45809 212 46027 33 46062 215 46283 250 46539 250 46795 250 47050 251 47306 251 47562 250 47818 250 48075 249 48331 248 48587 248 48842 249 49097 250 49352 251 49607 252 49863 353 50217 1877 52098 251 52355 248 52615 244 52873 242 53130 243 53386 244 53642 244 53898 245 54155 244 54411 105 54520 135 54667 6 54674 98 54777 135 54931 97 55033 136 55177 2 55187 97 55289 135 55433 2 55443 98 55545 135 55688 3 55699 98 55803 133 55943 4 55955 99 56059 132 56212 235 56469 233 56725 233 56981 107 57089 125 57238 106 57345 124 57492 233 57745 236 58000 237 58250 26 58277 216 58505 27 58533 216 58760 245 59015 246 59269 1057 60331 250 60588 249 60844 249 61101 248 61357 248 61613 249 61869 249 62126 252 62383 252 62639 253 62893 255 63149 503 63653 253 63911 250 64168 249 64422 251 64675 254 64930 255 65186 255 65450 59 65513 23
565798,171 7 3339 3 3594 5 3849 6 4105 6 4133 4 4362 3 4619 1 20884 1 21139 4 21395 6 21651 6 21906 7 22162 7 22392 5 22417 8 22646 9 22673 7 22862 3 22901 14 22927 8 23118 3 23157 14 23182 9 23373 4 23413 15 23437 10 23627 6 23669 15 23693 9 23882 10 23925 15 23947 11 24137 11 24181 16 24203 11 24392 11 24438 16 24456 14 24647 12 24695 30 24902 12 24951 30 25158 12 25206 31 25414 5 25420 5 25438 1 25461 32 25669 6 25676 5 25694 1 25717 32 25923 7 25933 3 25962 5 25973 31 26178 7 26189 2 26217 7 26229 30 26432 9 26445 4 26465 2 26471 9 26485 30 26687 9 26700 6 26721 16 26742 30 26943 9 26955 8 26977 16 26998 30 27197 10 27211 8 27233 16 27253 30 27451 10 27467 11 27490 15 27509 30 27706 12 27723 12 27745 16 27765 30 27961 32 28000 17 28019 32 28213 36 28256 17 28274 32 28447 7 28467 39 28511 50 28703 8 28721 42 28767 50 28957 11 28975 96 29213 11 29229 98 29469 114 29725 114 29981 114 30237 11 30249 102 30489 116 30743 118 30997 14 31014 102 31253 119 31508 9 31522 105 31764 8 31778 105 32019 7 32033 106 32275 6 32288 107 32531 6 32543 108 32798 108 33051 109 33306 109 33561 107 33817 107 34070 94 34167 14 34325 94 34423 14 34580 95 34680 13 34835 96 34937 12 35090 95 35195 10 35346 96 35451 10 35602 96 35709 8 35859 95 35967 6 36116 61 36181 30 36372 61 36437 30 36628 61 36695 28 36883 62 36951 28 37138 43 37183 17 37207 28 37394 43 37441 15 37463 29 37649 34 37699 13 37719 31 37905 32 37955 13 37975 32 38161 30 38211 14 38226 35 38417 30 38468 48 38673 28 38724 42 38928 26 38981 40 39184 21 39238 11 39251 23 39441 17 39495 9 39507 22 39697 10 39708 3 39735 5 39751 8 39764 20 39935 1 39953 10 39965 1 39990 7 40008 5 40020 19 40189 3 40209 8 40247 6 40280 7 40465 8 40504 5 40674 1 40684 4 40720 6 40761 3 40930 3 40939 11 40976 5 41175 2 41187 4 41194 13 41232 4 41429 6 41443 22 41488 4 41685 7 41699 21 41795 3 41939 12 41955 21 41997 3 42024 1 42051 6 42195 13 42211 20 42307 6 42451 14 42467 20 42563 6 42706 15 42722 20 42823 2 42841 1 42961 35 43080 1 43096 2 43126 2 43217 34 43350 5 43358 1 43369 20 43473 32 43606 9 43624 23 43729 32 43851 6 43861 12 43874 3 43879 26 43981 36 44094 5 44107 8 44116 45 44237 36 44349 6 44359 60 44491 38 44605 6 44613 62 44747 38 44860 7 44869 62 45001 39 45056 1 45115 8 45125 62 45249 46 45312 3 45369 10 45380 63 45501 50 45568 1 45625 74 45756 51 45881 74 46011 51 46137 74 46267 48 46393 74 46523 47 46648 75 46779 47 46904 75 47035 10 47048 33 47161 74 47289 12 47304 33 47417 74 47535 23 47559 34 47673 74 47790 59 47929 74 48045 20 48066 39 48185 74 48292 2 48299 22 48323 38 48440 75 48548 69 48695 77 48804 70 48951 78 49059 72 49207 78 49315 73 49463 79 49570 74 49719 79 49825 74 49975 79 50081 74 50231 80 50336 75 50485 81 50591 76 50741 81 50847 76 50995 82 51102 77 51250 83 51349 87 51506 11 51521 68 51604 90 51762 9 51777 68 51860 90 52019 7 52035 64 52114 92 52275 6 52293 60 52369 93 52531 5 52551 58 52625 93 52787 4 52807 58 52881 93 53063 57 53137 92 53319 57 53388 1 53393 91 53575 58 53643 3 53647 86 53754 1 53831 57 53899 88 54010 1 54087 56 54155 85 54342 57 54411 84 54598 57 54667 82 54854 57 54923 80 55110 56 55179 70 55279 1 55365 56 55435 69 55534 3 55552 3 55620 57 55691 68 55789 4 55808 3 55875 58 55947 68 56045 4 56065 2 56127 62 56205 65 56303 2 56381 63 56461 65 56559 2 56637 63 56717 65 56895 61 56973 65 57152 60 57229 65 57409 60 57485 66 57666 60 57739 69 57923 59 57995 70 58179 58 58253 31 58290 33 58436 56 58510 29 58547 32 58690 57 58768 27 58805 30 58942 61 59025 26 59061 30 59195 64 59284 1 59288 19 59318 19 59339 9 59454 2 59457 57 59539 2 59544 18 59574 19 59595 8 59722 47 59795 2 59800 7 59812 1 59817 1 59831 4 59841 8 59851 8 59979 46 60051 2 60056 6 60087 2 60097 8 60107 7 60235 46 60313 6 60353 8 60363 6 60491 46 60569 6 60607 2 60618 5 60747 46 60825 7 60875 3 61003 45 61081 7 61260 44 61338 6 61515 45 61597 3 61770 45 62025 45 62282 43 62538 43 62795 42 63051 42 63307 13 63321 28 63396 1 63564 12 63578 28 63821 10 63834 28 64077 10 64090 29 64335 6 64347 31 64592 4 64604 31 64862 31 65119 32 65375 32 65473 2
566885,145 111 398 65 466 33 502 10 652 65 723 32 761 7 905 69 980 30 1019 5 1155 75 1235 32 1275 5 1405 82 1491 32 1533 3 1659 84 1747 34 1789 3 1912 89 2003 45 2167 137 2423 137 2679 137 2933 139 3187 141 3430 3 3440 144 3686 4 3694 146 3941 6 3948 148 4196 156 4449 159 4695 4 4704 160 4945 175 5199 177 5451 181 5705 183 5957 187 6212 188 6467 189 6722 190 6974 194 7229 195 7481 199 7730 206 7981 211 8236 212 8492 212 8747 213 9002 4 9011 5 9023 193 9257 5 9281 191 9512 5 9537 191 9768 5 9793 154 9949 35 10023 7 10044 196 10279 7 10299 197 10535 7 10555 197 10791 6 10810 198 11048 5 11065 199 11305 5 11321 199 11549 11 11561 9 11577 199 11805 22 11833 199 12067 221 12327 217 12582 218 12837 219 13093 219 13348 220 13599 225 13854 226 14108 228 14364 228 14605 4 14620 228 14860 7 14877 227 15115 10 15133 227 15369 12 15389 227 15619 20 15645 250 15901 251 16157 252 16412 11877 28292 5243 33536 254 33792 253 34048 247 34298 1 34304 246 34560 245 34816 245 35072 245 35328 245 35584 245 35840 245 36096 245 36352 245 36608 244 36864 243 37120 243 37376 241 37637 234 37893 234 38153 42 38199 6 38211 168 38409 42 38455 5 38468 165 38666 40 38712 3 38725 162 38922 41 38968 2 38981 161 39179 40 39222 3 39237 158 39435 48 39493 156 39696 43 39749 152 39935 1 39953 42 40005 151 40191 1 40213 37 40259 153 40470 35 40514 154 40727 34 40769 154 40983 34 41025 154 41239 34 41281 152 41496 33 41537 152 41753 33 41792 153 42010 33 42048 152 42268 189 42527 186 42785 184 43041 184 43298 184 43555 182 43811 182 44067 182 44282 1 44324 180 44533 11 44580 179 44787 13 44837 174 45041 15 45093 173 45297 15 45351 90 45442 79 45553 15 45607 89 45699 78 45809 15 45862 87 45955 84 46065 15 46118 37 46156 48 46211 85 46320 16 46377 31 46419 32 46467 88 46571 21 46635 23 46676 30 46723 20 46747 64 46825 23 46893 18 46933 28 46978 20 47005 64 47081 23 47150 17 47189 28 47235 19 47261 66 47336 24 47408 15 47445 26 47491 19 47526 90 47665 13 47702 25 47747 18 47783 89 47923 10 47965 18 48003 16 48040 88 48181 8 48222 16 48259 14 48297 87 48481 12 48515 13 48553 30 48585 55 48739 10 48771 12 48809 29 48842 54 49029 9 49066 27 49099 53 49287 7 49322 27 49354 54 49547 2 49579 26 49609 55 49835 25 49865 55 50073 4 50091 23 50121 55 50328 6 50348 21 50377 55 50575 16 50605 19 50634 54 50830 18 50862 17 50890 54 51085 21 51120 13 51146 54 51341 21 51379 9 51402 54 51597 22 51657 55 51853 23 51913 55 52109 24 52169 55 52364 26 52425 55 52619 27 52679 57 52875 28 52934 58 53130 29 53189 59 53386 29 53444 60 53641 30 53675 3 53699 61 53897 38 53955 61 54153 40 54211 61 54409 42 54466 62 54666 41 54721 63 54922 42 54976 64 55179 41 55231 65 55436 41 55487 65 55693 41 55742 66 55949 41 55998 66 56207 38 56253 67 56464 36 56509 67 56721 32 56765 67 56977 32 57022 66 57233 30 57270 3 57279 65 57490 29 57525 6 57535 65 57747 27 57780 76 58004 26 58035 77 58263 22 58291 77 58520 21 58547 77 58751 3 58759 8 58775 22 58804 70 58877 3 59005 19 59031 22 59061 68 59135 1 59259 22 59287 24 59318 65 59514 25 59542 27 59574 64 59767 60 59830 63 60021 62 60086 62 60275 128 60530 129 60783 132 61037 134 61291 136 61547 136 61803 136 62058 137 62313 137 62463 1 62569 137 62719 1 62825 136 62975 1 63081 136 63231 1 63337 134 63591 136 63846 135 64101 136 64357 136 64613 136 64869 136 65125 136 65381 136
567096,0 65536
567220, 
567636,0 7 25 15 44 47 256 9 279 18 300 47 349 4 512 9 533 21 556 46 605 4 768 11 788 23 812 55 1024 16 1041 82 1280 99 1495 4 1536 99 1710 3 1751 4 1792 101 1963 9 2007 4 2048 101 2217 12 2263 4 2304 101 2469 17 2519 4 2560 101 2725 18 2775 4 2816 102 2949 7 2980 19 3031 4 3072 102 3203 10 3236 19 3287 4 3328 103 3457 13 3492 21 3543 3 3584 103 3713 14 3748 21 3799 3 3840 103 3969 16 4004 21 4096 103 4224 17 4260 22 4352 102 4475 23 4515 26 4608 101 4729 26 4771 27 4864 101 4984 27 5027 28 5120 101 5240 27 5283 28 5376 59 5437 42 5495 28 5539 29 5632 59 5693 42 5750 29 5795 29 5888 57 5947 45 6005 31 6051 28 6144 51 6196 3 6203 45 6261 31 6307 28 6400 55 6458 46 6516 32 6563 26 6656 55 6713 47 6771 33 6818 26 6912 56 6969 47 7027 34 7075 23 7168 104 7282 35 7331 22 7424 103 7537 37 7587 21 7680 103 7793 38 7843 21 7936 101 8048 41 8099 20 8192 101 8304 41 8356 18 8448 99 8560 42 8613 15 8704 98 8816 43 8869 14 8967 89 9072 43 9125 13 9223 89 9328 43 9381 12 9479 87 9585 41 9638 10 9735 86 9841 40 9895 8 9984 4 9991 87 10097 40 10151 7 10240 5 10246 88 10354 38 10408 5 10496 49 10548 43 10611 36 10665 4 10752 47 10804 43 10867 35 10921 2 11008 45 11060 45 11124 34 11187 2 11264 45 11316 45 11381 33 11444 1 11520 45 11573 44 11637 34 11776 45 11829 45 11893 37 12032 44 12085 44 12149 37 12288 44 12342 43 12405 38 12544 43 12598 41 12663 35 12800 43 12855 39 12919 35 13056 43 13111 28 13176 33 13312 42 13367 28 13433 32 13568 41 13625 25 13693 27 13824 40 13884 15 13902 3 13949 26 14080 39 14146 7 14208 5 14219 10 14337 38 14403 4 14475 8 14592 37 14689 2 14734 5 14753 1 14848 37 14943 6 14991 6 15009 2 15104 36 15197 12 15247 9 15263 7 15360 36 15439 2 15453 14 15483 8 15503 10 15519 9 15616 36 15693 6 15709 17 15733 16 15759 27 15872 8 15881 18 15900 8 15948 7 15965 40 16015 28 16128 6 16137 16 16157 6 16205 6 16221 41 16269 32 16384 5 16393 15 16413 6 16461 6 16477 42 16525 32 16640 5 16649 14 16717 5 16735 41 16780 34 16896 5 16905 14 16973 4 16992 78 17152 3 17161 12 17251 76 17408 3 17417 12 17507 76 17664 3 17673 9 17766 74 17920 3 17929 8 18023 73 18176 1 18185 6 18281 71 18432 1 18442 4 18537 29 18567 41 18794 28 18823 11 18839 24 19050 28 19079 10 19095 24 19306 28 19336 7 19351 24 19562 28 19593 6 19608 23 19817 29 19864 22 20073 29 20121 21 20329 28 20378 19 20585 28 20636 17 20840 27 20893 15 21065 6 21095 28 21150 14 21317 11 21349 28 21407 12 21569 15 21605 27 21663 13 21821 20 21861 26 21919 15 22073 24 22098 5 22116 27 22175 16 22325 36 22371 27 22431 18 22577 40 22627 27 22687 18 22831 43 22883 25 22943 21 23087 43 23139 24 23199 23 23343 43 23394 21 23456 29 23597 46 23650 21 23712 29 23851 50 23907 19 23969 29 24107 50 24163 19 24226 28 24363 51 24420 18 24483 29 24618 52 24677 17 24741 28 24874 52 24933 16 24997 30 25129 54 25190 15 25252 32 25385 54 25447 14 25507 34 25641 54 25704 12 25763 35 25898 53 25962 9 26019 37 26154 53 26219 8 26275 38 26368 1 26411 51 26477 3 26530 41 26624 1 26667 51 26785 42 26880 1 26923 50 27039 44 27136 1 27179 50 27293 46 27392 1 27411 6 27435 50 27547 47 27648 1 27667 6 27690 51 27804 7 27813 37 27904 1 27923 7 27944 53 28062 2 28071 34 28160 1 28179 7 28200 53 28328 33 28416 2 28435 6 28455 52 28585 32 28672 2 28692 4 28711 52 28843 30 28928 2 28968 51 29069 3 29101 28 29184 1 29225 49 29324 5 29357 28 29440 1 29483 8 29497 32 29576 11 29591 6 29615 26 29740 6 29753 31 29832 23 29873 24 30009 30 30087 27 30133 19 30265 29 30343 28 30389 19 30522 28 30598 29 30647 16 30778 28 30854 29 30904 15 31035 27 31109 30 31161 12 31292 26 31364 31 31418 11 31554 19 31615 36 31675 8 31813 16 31869 38 31931 7 32071 12 32123 40 32188 5 32328 11 32379 40 32445 4 32585 8 32634 43 32731 5 32843 4 32890 43 32986 6 33145 45 33241 8 33401 46 33498 7 33657 46 33755 6 33912 48 34011 6 34167 51 34269 4 34282 1 34422 53 34525 5 34536 5 34677 55 34780 17 34933 56 35036 18 35188 58 35291 19 35443 60 35546 21 35697 62 35801 22 35953 63 36056 23 36209 63 36311 22 36465 63 36567 22 36721 63 36823 20 36976 63 37079 20 37232 63 37335 18 37488 63 37591 17 37743 64 37849 11 37998 64 38105 8 38254 65 38416 4 38458 5 38509 66 38671 7 38713 8 38766 65 38927 8 38968 11 39022 65 39183 8 39223 14 39279 37 39317 27 39439 9 39479 14 39535 37 39573 27 39695 10 39735 14 39791 37 39832 5 39842 15 39952 9 39991 14 40047 37 40089 3 40099 14 40186 1 40208 9 40247 13 40304 35 40356 13 40441 6 40465 8 40503 13 40560 35 40613 12 40696 8 40721 8 40759 12 40817 34 40870 11 40923 6 40948 12 40978 6 41016 11 41037 2 41073 34 41126 11 41173 14 41191 4 41203 13 41237 2 41275 6 41291 8 41330 33 41369 2 41384 9 41427 26 41459 13 41493 2 41546 11 41587 31 41624 3 41640 9 41681 28 41715 13 41749 2 41801 14 41843 30 41879 5 41896 8 41933 51 42005 1 42055 16 42100 29 42135 5 42152 7 42189 51 42310 18 42356 28 42390 7 42443 53 42565 19 42612 28 42645 8 42699 53 42821 18 42868 27 42901 8 42955 53 43077 18 43125 27 43157 7 43211 53 43333 13 43381 27 43413 7 43467 53 43589 12 43638 27 43669 7 43723 53 43845 11 43895 36 43981 51 44051 4 44101 11 44151 36 44237 51 44303 12 44357 11 44407 29 44437 6 44495 49 44559 12 44613 11 44664 28 44693 5 44751 49 44813 15 44869 11 44920 27 45008 48 45069 15 45125 11 45177 26 45264 48 45324 17 45365 2 45381 11 45434 23 45521 47 45581 15 45620 5 45637 10 45691 21 45777 47 45837 15 45873 10 45894 9 45947 19 46033 47 46093 14 46128 11 46150 8 46204 17 46289 47 46349 4 46355 7 46384 12 46409 2 46441 8 46460 15 46547 45 46605 2 46612 6 46640 12 46695 12 46717 13 46803 45 46861 4 46869 5 46896 13 46949 16 46973 11 47061 43 47116 7 47124 7 47153 12 47204 17 47231 8 47317 43 47371 18 47409 13 47459 18 47575 41 47626 20 47665 13 47714 19 47831 41 47880 24 47916 19 47969 20 48087 32 48120 8 48135 26 48171 20 48225 20 48344 30 48377 7 48390 27 48425 22 48481 20 48600 29 48635 5 48646 28 48681 13 48699 3 48737 19 48856 28 48891 5 48901 30 48935 12 48991 20 49112 27 49147 5 49157 30 49191 12 49244 23 49367 28 49405 3 49414 29 49446 14 49497 26 49623 26 49670 47 49753 26 49879 25 49926 49 50007 28 50134 25 50182 49 50263 28 50319 3 50390 25 50432 56 50519 28 50574 6 50647 23 50688 56 50775 28 50830 7 50903 22 50944 59 51031 27 51086 8 51160 19 51200 61 51288 25 51342 9 51417 16 51456 64 51545 23 51599 8 51675 4 51712 65 51803 20 51854 11 51968 66 52061 16 52107 28 52224 67 52318 15 52363 30 52480 67 52575 12 52617 33 52736 67 52832 11 52871 36 52992 67 53090 6 53125 38 53248 67 53347 4 53381 38 53504 67 53637 38 53760 67 53893 39 53938 3 54016 67 54149 40 54192 7 54272 67 54405 50 54528 66 54659 53 54784 65 54915 54 55040 63 55170 55 55296 61 55426 55 55552 53 55681 56 55808 53 55937 56 56064 49 56192 57 56320 47 56447 59 56576 45 56645 2 56703 59 56832 45 56900 6 56958 60 57091 42 57155 9 57212 62 57347 42 57411 10 57430 1 57467 63 57605 39 57667 11 57685 2 57722 64 57863 37 57923 12 57940 3 57977 65 58057 2 58121 34 58179 20 58231 67 58311 5 58378 21 58402 9 58435 20 58486 67 58567 6 58636 17 58659 8 58678 7 58691 20 58741 68 58821 8 58899 10 58915 7 58933 10 58945 22 58997 68 59076 9 59157 6 59172 5 59188 35 59252 53 59309 12 59331 10 59429 3 59443 36 59508 53 59565 12 59587 10 59697 39 59764 51 59824 8 59843 10 59895 1 59952 40 60020 50 60081 4 60099 10 60150 4 60199 6 60206 43 60277 47 60355 8 60403 12 60455 50 60533 20 60554 25 60611 7 60659 12 60709 53 60789 18 60819 15 60869 2 60912 16 60964 55 61045 18 61076 13 61167 17 61219 56 61302 15 61335 10 61421 19 61475 56 61559 14 61593 7 61677 19 61731 57 61816 11 61900 6 61933 19 61987 57 62072 11 62155 7 62189 19 62243 58 62330 7 62408 9 62445 19 62501 56 62588 3 62663 9 62701 19 62759 54 62919 8 62958 18 63015 54 63175 8 63214 18 63272 53 63430 9 63471 17 63528 52 63687 7 63727 17 63784 52 63907 7 63944 5 63983 17 64040 52 64160 11 64201 4 64240 16 64297 50 64413 14 64497 15 64553 50 64667 16 64753 15 64809 50 64863 2 64913 26 65009 15 65065 58 65169 26 65265 15 65321 59 65422 29 65521 15
570211,0 65536
578073,487 6 743 8 999 10 1254 13 1499 4 1509 16 1755 7 1765 16 1835 4 2011 27 2091 5 2267 28 2346 7 2522 29 2601 8 2777 31 2857 8 3033 32 3113 8 3289 32 3369 8 3543 34 3625 8 3799 35 3883 6 4054 36 4139 6 4310 37 4565 38 4820 40 5075 41 5331 41 5585 43 5841 43 6096 43 6352 43 6607 40 6863 36 7119 35 7375 34 7633 32 7891 30 8151 26 8408 25 8665 24 8922 23 9179 21 9435 21 9691 21 9947 21 10028 3 10203 21 10283 4 10459 21 10539 4 10716 19 10796 3 10973 18 11229 17 11485 17 11742 14 11998 13 12255 12 12511 10 12767 8 13023 6 13280 3 13473 2 13728 7 13984 8 14239 12 14495 13 14750 15 14774 1 15006 16 15029 4 15261 18 15285 5 15321 4 15517 18 15539 8 15575 6 15772 34 15827 11 16028 35 16082 12 16282 37 16337 12 16537 39 16593 12 16791 40 16849 12 17047 40 17104 13 17302 41 17360 12 17558 41 17616 12 17815 39 17872 12 18071 38 18128 11 18328 37 18385 9 18585 35 18641 8 18842 33 19099 31 19345 4 19358 21 19598 9 19613 22 19774 1 19851 39 20029 4 20107 37 20277 18 20363 30 20401 1 20532 21 20618 30 20657 2 20773 37 20873 31 20913 2 21027 39 21128 32 21169 2 21282 41 21383 33 21425 3 21538 41 21638 34 21681 2 21794 41 21893 36 22049 42 22149 36 22305 41 22406 35 22560 42 22662 35 22816 41 22919 34 23072 41 23175 33 23328 29 23359 7 23431 33 23584 27 23617 4 23687 32 23840 26 23944 29 24096 19 24201 28 24349 25 24459 20 24603 28 24717 17 24857 30 24973 6 24985 4 25113 31 25230 5 25369 32 25487 5 25624 33 25743 5 25879 34 26000 3 26135 34 26257 2 26392 31 26649 30 26906 27 27163 26 27421 18 27677 17 27933 13 28189 10 28447 4 29971 6 30225 9 30479 12 30735 14 30989 19 31245 24 31493 2 31499 27 31528 1 31749 2 31755 27 32005 1 32010 28 32266 28 32521 28 32777 28 33032 28 33288 27 33543 28 33799 28 34056 27 34312 27 34569 26 34825 26 35082 25 35338 24 35595 22 35851 21 36107 21 36363 21 36473 3 36618 22 36729 4 36874 22 36985 4 37130 22 37241 4 37386 21 37497 3 37643 19 37899 18 38157 15 38262 4 38349 3 38413 11 38517 5 38603 8 38773 5 38857 13 39029 5 39112 15 39285 4 39366 19 39542 2 39621 20 39877 22 40132 23 40388 24 40644 24 40899 26 41155 26 41410 27 41666 27 41921 27 42177 27 42433 26 42689 26 42945 25 43007 1 43113 2 43201 24 43263 1 43367 6 43458 21 43517 3 43623 6 43715 18 43773 3 43877 8 43971 17 44027 5 44133 8 44228 16 44281 7 44387 10 44485 16 44534 10 44643 10 44742 15 44789 11 44898 11 44999 14 45045 11 45154 11 45255 14 45300 12 45409 12 45511 15 45555 13 45665 11 45767 15 45811 13 45920 11 46023 15 46067 13 46175 12 46279 15 46323 13 46431 10 46535 14 46579 13 46687 10 46791 14 46834 14 46944 7 47047 13 47076 1 47089 15 47200 7 47303 12 47329 8 47344 16 47457 5 47560 11 47583 33 47713 4 47817 10 47839 33 47971 2 48073 8 48093 35 48203 1 48330 6 48349 35 48587 3 48603 19 48629 11 48843 2 48859 18 48885 11 49100 1 49112 21 49142 10 49356 1 49368 21 49398 10 49612 1 49623 23 49655 9 49868 2 49879 24 49912 8 50123 4 50135 26 50169 7 50379 4 50392 25 50426 6 50636 2 50647 26 50684 3 50902 28 51157 29 51412 31 51666 33 51921 34 52175 36 52430 37 52685 37 52941 36 53195 38 53452 37 53709 35 53965 35 54220 35 54446 3 54476 35 54697 10 54732 33 54950 13 54988 29 55205 15 55244 27 55461 16 55501 26 55673 5 55715 20 55758 24 55929 6 55961 4 55971 21 56013 24 56185 5 56215 7 56225 24 56265 29 56441 4 56470 36 56521 29 56725 38 56775 32 56981 38 57030 34 57236 39 57285 36 57492 39 57541 36 57747 40 57796 38 58003 40 58051 41 58259 40 58306 43 58514 41 58561 45 58770 42 58816 47 59026 42 59071 48 59282 93 59538 92 59795 90 60051 90 60307 87 60395 3 60564 85 60652 3 60819 33 60856 49 60908 3 61075 33 61112 49 61165 3 61331 33 61370 46 61421 3 61586 33 61627 46 61841 33 61883 46 62097 14 62112 17 62140 45 62352 17 62370 14 62395 48 62607 18 62626 13 62651 48 62863 18 62883 10 62907 48 63119 18 63140 8 63162 49 63318 3 63375 19 63399 3 63417 50 63573 5 63631 21 63653 5 63672 51 63828 7 63889 24 63927 50 64083 8 64145 24 64182 51 64339 8 64403 23 64438 49 64594 10 64659 23 64693 50 64849 12 64916 23 64950 47 65104 14 65173 22 65207 1 65210 43 65319 2 65359 16 65431 20 65469 9 65480 26 65535 1
580255,44 17 65 90 300 17 322 29 353 58 555 18 579 27 612 55 811 17 835 26 869 54 1067 17 1092 25 1125 54 1322 17 1351 21 1382 54 1579 15 1607 21 1638 55 1837 12 1865 20 1893 58 2093 11 2121 20 2149 59 2350 9 2377 24 2405 60 2607 8 2633 26 2661 60 2863 6 2889 88 3120 5 3145 88 3401 88 3659 2 3663 82 3845 6 3921 80 4101 6 4177 2 4180 77 4357 6 4435 77 4534 5 4613 6 4691 76 4788 9 4870 3 4951 72 5043 12 5128 1 5208 71 5298 14 5467 69 5553 20 5725 68 5809 22 5985 64 6064 25 6241 64 6319 26 6496 65 6573 28 6751 67 6827 30 7004 71 7078 36 7259 72 7333 37 7507 78 7586 41 7763 78 7842 41 8017 78 8098 42 8192 1 8265 1 8273 76 8354 42 8448 3 8518 8 8527 76 8610 43 8704 4 8773 85 8866 44 8960 4 9027 86 9121 46 9216 5 9283 86 9377 46 9472 5 9539 89 9633 48 9728 5 9794 87 9889 49 9984 5 10049 86 10144 51 10240 5 10305 84 10399 52 10496 5 10559 78 10655 52 10751 6 10814 75 10911 52 11007 6 11069 72 11167 52 11263 6 11325 72 11423 52 11519 6 11581 72 11679 52 11775 6 11836 73 11935 52 12030 7 12091 74 12191 52 12284 9 12347 74 12447 52 12539 10 12602 75 12703 53 12795 9 12858 75 12959 53 13051 7 13113 76 13216 53 13307 5 13369 76 13472 53 13562 6 13625 76 13729 52 13817 7 13881 76 13985 53 14073 7 14137 76 14241 55 14329 7 14393 76 14497 56 14585 7 14649 76 14752 57 14841 7 14905 77 15007 58 15097 7 15162 76 15261 61 15353 7 15418 76 15517 61 15609 7 15676 74 15771 63 15865 7 15933 73 16027 62 16122 6 16190 72 16283 62 16379 5 16447 71 16539 62 16635 5 16703 70 16795 61 16892 4 16959 70 17051 60 17147 5 17216 68 17308 59 17403 5 17473 66 17568 55 17659 5 17730 65 17827 52 17913 7 17987 63 18083 52 18168 8 18251 54 18341 34 18376 16 18424 8 18433 2 18508 52 18602 29 18632 16 18680 12 18766 50 18861 25 18888 17 18936 12 19023 49 19118 23 19144 17 19192 12 19260 3 19281 47 19379 18 19400 16 19449 10 19517 2 19537 47 19635 17 19657 14 19705 7 19791 48 19895 13 19914 9 19961 7 20047 46 20153 10 20171 6 20218 6 20293 54 20353 3 20412 6 20474 6 20547 55 20609 4 20670 3 20731 5 20803 54 20865 5 20987 5 21058 55 21121 5 21242 6 21314 55 21377 6 21395 6 21498 6 21569 56 21633 6 21645 13 21755 5 21825 55 21891 3 21899 16 22012 4 22079 57 22147 2 22153 19 22269 3 22333 58 22404 25 22527 1 22589 56 22660 26 22841 60 22916 26 23093 64 23171 27 23348 65 23427 26 23603 67 23683 26 23859 68 23939 26 24115 68 24194 26 24225 2 24370 70 24450 27 24480 5 24625 72 24706 28 24735 6 24880 73 24962 35 25135 76 25217 36 25391 118 25646 118 25903 116 26159 116 26414 116 26670 116 26925 116 27179 118 27433 119 27689 119 27945 118 28200 119 28457 112 28570 3 28713 110 28969 109 29225 109 29481 110 29737 111 29993 114 30173 4 30249 114 30427 7 30505 114 30681 10 30761 114 30936 12 31018 113 31191 14 31275 112 31446 15 31531 69 31603 39 31701 16 31788 67 31860 38 31957 16 32045 66 32125 28 32213 17 32301 66 32381 28 32469 18 32559 63 32637 27 32725 18 32816 62 32893 27 32981 18 33075 58 33151 24 33237 18 33331 58 33407 23 33493 18 33589 55 33663 20 33748 19 33845 54 33919 19 34003 20 34101 54 34175 16 34259 20 34357 54 34431 12 34515 19 34613 54 34687 10 34770 19 34869 54 34943 9 35026 19 35046 2 35124 54 35199 8 35282 18 35302 4 35381 52 35456 6 35539 16 35559 2 35637 48 35797 14 35893 47 36054 13 36163 32 36311 11 36420 31 36568 10 36677 30 36825 8 36934 28 37081 8 37198 19 37337 8 37455 17 37593 8 37714 13 37851 4 37971 11 38108 2 38734 1 38989 4 39245 5 39501 5 39757 5 40013 5 43264 1 43520 4 43776 7 44032 7 44288 9 44544 9 44800 9 45056 8 45313 5
580290,0 65536
584567,0 43 223 74 479 74 735 73 991 73 1247 72 1504 71 1617 3 1759 72 1871 7 2015 71 2126 9 2271 71 2361 8 2381 10 2527 65 2597 1 2616 9 2637 10 2783 66 2871 11 2893 11 3039 69 3127 10 3149 12 3295 70 3382 11 3406 12 3549 72 3637 12 3663 11 3805 72 3893 11 3919 12 3996 1 4060 73 4148 12 4175 12 4250 5 4315 6 4325 64 4403 14 4431 12 4504 9 4572 5 4580 58 4641 4 4658 15 4687 12 4760 11 4828 5 4835 57 4914 15 4942 13 5015 16 5092 55 5170 15 5197 14 5271 16 5349 48 5426 14 5453 14 5526 17 5605 36 5645 6 5681 14 5709 14 5781 18 5862 32 5928 2 5937 13 5967 12 6033 22 6120 30 6183 4 6193 12 6223 12 6288 23 6377 5 6384 21 6440 2 6448 12 6479 12 6545 22 6641 20 6704 12 6735 12 6801 22 6897 20 6960 11 6991 13 7041 7 7057 22 7153 19 7216 11 7247 14 7296 9 7313 23 7341 2 7409 18 7472 10 7505 12 7551 10 7568 25 7596 4 7660 21 7729 8 7761 13 7806 12 7824 32 7916 20 7986 7 8017 14 8061 14 8079 34 8172 11 8184 8 8243 5 8274 15 8317 14 8335 34 8428 11 8440 8 8501 2 8529 16 8570 19 8591 34 8684 9 8698 6 8785 16 8825 56 8927 1 8940 9 8955 5 9041 17 9079 58 9197 8 9211 5 9297 16 9334 24 9361 32 9453 8 9552 17 9588 26 9619 29 9711 8 9807 15 9843 27 9875 29 9967 8 10062 13 10097 28 10131 28 10225 5 10318 13 10353 27 10387 28 10455 2 10459 2 10482 4 10575 12 10608 27 10643 28 10710 7 10831 12 10864 27 10898 29 10966 5 11087 12 11119 26 11154 27 11222 5 11344 10 11375 26 11410 27 11479 4 11601 9 11630 25 11666 25 11858 8 11886 25 11922 25 12118 1 12142 25 12179 24 12398 25 12435 23 12653 26 12691 22 12756 4 12906 29 12947 22 13011 6 13056 1 13159 33 13204 20 13266 9 13312 3 13415 33 13461 18 13522 9 13568 4 13672 33 13777 10 13824 4 13928 33 14034 9 14080 3 14185 33 14291 8 14336 3 14441 34 14547 7 14695 36 14803 6 14950 37 15060 4 15205 38 15459 40 15524 1 15714 43 15780 4 15819 5 15970 43 16036 4 16073 7 16225 45 16329 7 16481 45 16585 7 16737 46 16842 5 16991 54 17099 4 17246 57 17356 2 17501 58 17757 58 18013 59 18269 47 18317 11 18524 48 18573 11 18779 48 18829 10 19035 48 19086 9 19289 49 19343 7 19544 49 19599 7 19799 49 19855 6 20055 48 20112 5 20311 45 20369 4 20567 44 20626 3 20823 43 20883 2 21079 43 21336 42 21592 41 21848 41 21963 2 22104 41 22218 4 22360 41 22422 1 22616 42 22677 4 22873 26 22901 16 22929 10 23129 24 23159 16 23185 11 23388 18 23416 17 23439 5 23445 8 23645 17 23673 16 23695 4 23702 7 23909 6 23931 16 23949 6 23961 4 24167 2 24188 23 24217 4 24446 20 24475 2 24703 19 24731 2 24962 15 25220 13 25438 2 25477 12 25694 3 25734 11 25950 3 25991 10 26206 3 26247 10 26281 1 26433 3 26505 9 26535 4 26687 6 26761 13 26791 4 26943 8 27021 12 27047 6 27199 8 27282 7 27303 6 27425 4 27454 9 27539 4 27559 5 27681 4 27710 9 27795 4 27815 4 27936 4 27967 8 28070 5 28192 4 28223 8 28324 7 28472 2 28476 12 28534 7 28728 16 28789 10 28967 4 28984 17 29045 11 29081 4 29089 2 29223 5 29240 17 29301 11 29336 10 29479 8 29496 18 29558 10 29591 10 29734 9 29753 17 29815 9 29847 11 29989 11 30009 17 30073 7 30102 13 30245 11 30266 15 30329 7 30357 14 30501 12 30524 13 30586 6 30613 18 30756 14 30781 12 30843 5 30868 20 30953 2 31011 15 31039 9 31099 5 31124 22 31208 3 31267 14 31296 7 31355 4 31381 22 31465 1 31523 13 31554 5 31596 5 31637 25 31665 1 31697 8 31779 12 31811 4 31851 6 31881 5 31894 29 31953 8 32035 11 32107 6 32128 17 32150 29 32208 9 32291 10 32363 7 32384 17 32406 30 32464 10 32546 11 32619 7 32638 20 32662 30 32716 15 32802 11 32875 8 32893 22 32917 31 32971 17 32993 4 33058 11 33131 9 33148 56 33226 31 33313 12 33387 10 33403 58 33482 31 33569 11 33642 11 33657 60 33737 34 33825 11 33898 11 33913 60 33993 34 34082 9 34154 75 34247 36 34338 9 34409 75 34503 36 34595 6 34666 74 34757 38 34853 2 34923 73 35012 39 35179 73 35267 40 35435 73 35523 40 35692 72 35777 40 35948 72 36033 40 36203 73 36286 43 36458 74 36541 44 36714 74 36795 46 36970 73 37051 46 37226 74 37306 47 37483 73 37561 47 37745 67 37813 51 38001 118 38258 117 38515 116 38771 116 39027 116 39283 116 39540 116 39796 117 40053 117 40309 118 40565 120 40820 121 41076 118 41332 115 41588 115 41845 114 42101 114 42358 112 42615 111 42872 109 43128 109 43383 108 43639 108 43895 107 44151 106 44260 3 44407 114 44532 7 44664 113 44787 10 44921 112 45043 13 45177 112 45299 13 45435 110 45555 13 45691 110 45811 13 45949 107 46067 13 46206 106 46322 14 46463 104 46578 14 46721 102 46834 14 46979 100 47090 14 47235 51 47290 45 47346 14 47493 20 47515 8 47525 16 47549 42 47603 13 47749 18 47772 5 47781 16 47805 23 47829 18 47859 13 48005 16 48037 16 48062 21 48085 18 48116 12 48261 14 48293 16 48318 20 48341 18 48373 11 48515 16 48549 16 48573 21 48597 18 48629 11 48771 15 48805 16 48829 22 48854 17 48886 10 49013 3 49025 19 49061 16 49085 23 49110 18 49143 9 49268 5 49281 20 49317 15 49341 44 49401 4 49523 8 49535 22 49573 11 49594 47 49779 8 49791 23 49829 12 49849 48 50036 7 50049 21 50084 15 50106 25 50133 20 50293 8 50306 20 50339 16 50363 22 50389 20 50515 2 50523 1 50551 6 50566 5 50573 9 50595 18 50618 23 50646 6 50653 11 50771 11 50807 7 50824 2 50829 9 50851 18 50874 23 50903 2 50910 10 51027 12 51064 6 51085 9 51106 19 51131 20 51167 8 51283 12 51321 6 51341 8 51359 22 51387 20 51425 4 51538 13 51577 8 51598 7 51613 23 51643 20 51794 13 51833 9 51855 6 51870 22 51899 19 52051 12 52090 9 52105 1 52111 4 52126 21 52155 18 52309 9 52346 17 52368 2 52382 21 52411 18 52603 6 52611 8 52623 4 52641 18 52667 16 52859 3 52867 8 52877 6 52898 16 52923 16 53124 17 53156 12 53179 16 53380 17 53413 7 53435 15 53640 9 53691 13 53897 7 53947 12 54205 8 54463 4 55193 4 55256 3 55450 3 55510 6 55693 3 55707 2 55762 11 55949 4 55963 2 56017 13 56205 5 56219 2 56263 2 56273 14 56461 6 56518 7 56528 15 56716 8 56769 2 56773 26 56972 8 57024 4 57029 26 57228 8 57279 32 57484 8 57535 32 57741 7 57792 29 57997 7 58048 29 58252 8 58267 2 58303 30 58508 7 58523 2 58557 33 58763 8 58778 5 58812 37 59019 8 59033 7 59068 39 59275 3 59289 8 59327 36 59545 7 59585 34 59799 8 59843 32 60055 8 60099 32 60313 2 60365 22 60569 1 60622 21 60879 5 60892 5 61331 2 63954 7 64209 8 64445 5 64465 8 64569 4 64700 7 64721 7 64825 7 64955 8 64980 1 65081 8 65211 8 65337 9 65467 10
596931,0 33 82 14 154 19 203 17 230 59 339 13 409 20 459 19 486 59 595 12 665 20 715 20 743 58 852 13 920 21 971 22 999 57 1109 12 1175 23 1227 84 1366 1 1369 10 1431 23 1483 28 1518 49 1625 10 1647 3 1686 24 1740 29 1775 47 1881 27 1942 24 1997 29 2040 38 2136 29 2198 24 2253 29 2304 29 2387 34 2454 23 2509 31 2560 29 2643 34 2710 23 2765 31 2816 30 2898 37 2966 22 3021 31 3072 33 3154 37 3222 22 3277 31 3328 34 3409 40 3479 21 3532 33 3584 34 3665 42 3735 21 3769 7 3787 34 3840 34 3921 44 3991 22 4021 14 4043 34 4096 34 4176 46 4247 22 4277 16 4299 34 4352 35 4432 47 4503 24 4531 18 4555 35 4608 35 4688 47 4759 26 4787 18 4811 35 4864 36 4945 47 5014 48 5067 35 5120 38 5201 47 5270 49 5324 34 5376 40 5445 6 5458 47 5526 49 5581 32 5632 41 5701 6 5714 47 5782 50 5838 32 5888 41 5955 8 5970 47 6037 52 6095 32 6144 42 6210 9 6226 47 6293 52 6351 34 6400 42 6464 11 6481 48 6549 52 6608 35 6656 41 6719 6 6733 53 6805 52 6865 34 6912 41 6975 6 6987 60 7057 56 7121 34 7167 42 7231 6 7243 62 7313 56 7377 34 7423 41 7488 5 7498 64 7568 57 7633 34 7677 43 7747 1 7754 64 7823 58 7889 34 7933 3 7941 34 8006 2 8009 66 8079 60 8146 33 8189 3 8198 33 8261 70 8335 60 8403 31 8445 3 8454 32 8517 70 8591 61 8659 30 8701 3 8711 34 8773 71 8848 60 8915 30 8958 2 8967 28 8999 2 9029 72 9104 60 9171 30 9223 28 9256 1 9283 74 9359 62 9427 30 9481 25 9538 139 9683 28 9737 24 9793 140 9939 27 9994 23 10049 75 10130 59 10195 26 10234 6 10250 23 10304 76 10387 58 10451 26 10489 7 10508 20 10559 77 10643 58 10707 26 10744 8 10765 18 10815 77 10899 58 10963 25 11000 8 11022 17 11069 79 11156 56 11219 25 11255 9 11278 15 11326 77 11413 54 11475 25 11511 9 11535 11 11582 77 11669 53 11731 24 11766 10 11792 9 11838 76 11926 51 11987 24 12022 10 12050 6 12094 76 12183 46 12244 22 12277 11 12349 77 12439 45 12501 21 12533 11 12594 3 12604 79 12697 42 12758 5 12769 8 12787 13 12848 5 12859 80 12954 41 13015 4 13025 8 13043 13 13102 9 13115 80 13211 38 13299 13 13357 11 13370 81 13468 37 13555 13 13613 94 13725 36 13811 13 13869 94 13981 36 14067 13 14125 94 14238 35 14323 13 14381 94 14495 34 14580 12 14636 94 14752 33 14837 11 14891 95 15009 32 15095 9 15145 87 15234 8 15267 16 15289 8 15351 9 15400 88 15490 8 15524 15 15546 6 15607 9 15655 88 15745 8 15781 12 15862 10 15910 88 16001 8 16037 12 16117 11 16165 88 16258 7 16295 8 16371 13 16420 89 16514 6 16553 4 16627 13 16671 92 16771 2 16882 14 16909 4 16927 92 17137 15 17162 8 17182 88 17393 15 17417 10 17439 87 17649 15 17673 10 17695 84 17845 4 17903 17 17927 13 17952 83 18099 7 18158 23 18182 13 18209 80 18345 2 18352 10 18409 42 18465 79 18601 17 18664 43 18722 69 18855 19 18919 44 18979 67 19110 19 19175 44 19223 6 19236 65 19364 21 19431 44 19479 8 19491 66 19619 22 19687 44 19735 78 19875 20 19943 44 19990 78 20130 15 20146 3 20199 43 20247 77 20386 14 20454 43 20503 62 20569 10 20642 14 20709 44 20759 60 20827 8 20899 13 20965 44 21015 60 21084 7 21155 13 21220 45 21271 60 21415 9 21476 45 21527 60 21672 8 21732 46 21783 60 21929 8 21987 47 22039 59 22185 8 22242 112 22442 8 22496 113 22698 8 22750 115 22953 10 23001 118 23159 3 23209 10 23255 114 23413 7 23465 10 23511 114 23669 8 23720 11 23766 115 23924 9 23976 9 24022 45 24076 62 24179 11 24231 10 24278 42 24333 60 24434 12 24487 10 24535 41 24589 50 24641 8 24690 11 24742 12 24791 41 24845 47 24899 8 24945 13 24997 16 25047 41 25101 46 25155 9 25201 14 25253 18 25303 42 25357 44 25410 12 25456 16 25509 19 25560 41 25613 44 25666 13 25712 17 25765 19 25816 20 25837 21 25869 42 25915 5 25921 14 25957 30 26021 20 26073 17 26097 17 26125 32 26170 22 26213 31 26277 20 26329 17 26354 21 26379 34 26425 25 26467 34 26529 24 26586 17 26611 59 26680 27 26722 35 26784 25 26843 17 26869 57 26935 29 26977 37 27039 26 27100 16 27136 46 27191 30 27232 39 27294 27 27356 17 27392 47 27447 30 27487 41 27550 27 27582 4 27612 18 27648 46 27701 32 27743 42 27805 29 27835 8 27867 19 27904 45 27955 35 27997 44 28061 39 28119 24 28160 45 28210 37 28253 44 28317 39 28375 24 28416 16 28433 18 28455 4 28467 36 28509 45 28572 41 28629 25 28672 16 28690 15 28724 35 28766 44 28828 41 28884 26 28928 15 28948 11 28982 32 29021 45 29083 43 29137 28 29184 16 29205 6 29239 31 29277 45 29338 45 29393 28 29440 16 29497 28 29532 46 29593 47 29647 30 29687 4 29696 17 29753 28 29788 45 29849 48 29903 30 29942 7 29952 17 30010 33 30044 45 30105 49 30159 29 30196 11 30208 18 30266 79 30361 50 30416 27 30451 12 30464 19 30522 80 30617 51 30672 28 30707 12 30720 19 30778 81 30873 51 30928 28 30962 35 31035 16 31055 60 31129 84 31217 36 31290 15 31310 62 31385 84 31473 40 31546 13 31565 64 31640 129 31802 13 31822 13 31836 49 31896 129 32057 14 32079 11 32095 47 32153 56 32211 70 32313 14 32335 10 32353 45 32409 56 32470 65 32569 14 32592 8 32611 44 32665 55 32729 61 32824 16 32849 6 32867 44 32921 55 32987 58 33080 16 33123 46 33177 54 33246 57 33336 16 33379 46 33433 53 33503 56 33591 17 33633 50 33690 49 33760 56 33848 16 33889 50 33946 49 34016 57 34106 12 34145 37 34183 12 34203 46 34273 56 34363 10 34401 36 34441 11 34459 44 34529 57 34621 4 34657 34 34697 10 34715 42 34785 58 34913 34 34953 10 34971 33 35041 58 35170 30 35209 8 35227 31 35297 59 35427 28 35465 8 35483 31 35553 31 35585 28 35683 26 35720 7 35739 30 35809 31 35842 3 35847 22 35939 24 35976 6 35994 31 36065 31 36097 28 36197 22 36232 5 36251 30 36319 33 36353 28 36453 22 36488 5 36507 30 36574 63 36653 4 36708 23 36745 4 36765 28 36828 65 36909 6 36958 29 37001 3 37025 24 37083 66 37155 3 37163 8 37213 29 37288 15 37338 67 37411 5 37417 11 37468 31 37545 12 37594 67 37664 21 37721 34 37804 5 37850 92 37971 41 38105 94 38226 44 38317 5 38328 7 38353 103 38482 45 38572 19 38609 103 38737 48 38827 22 38864 104 38993 49 39083 22 39119 104 39249 50 39338 24 39374 105 39505 50 39593 26 39630 103 39760 51 39849 27 39885 104 40016 51 40105 27 40141 104 40271 52 40361 28 40395 91 40489 11 40527 52 40617 30 40651 91 40746 9 40782 46 40829 4 40873 70 40944 16 40962 35 41003 7 41038 45 41117 5 41129 70 41201 15 41219 34 41294 45 41361 19 41386 69 41459 13 41475 24 41500 9 41550 45 41618 19 41642 69 41715 13 41731 24 41758 7 41807 44 41875 19 41899 68 41982 2 41987 24 42015 6 42063 44 42131 20 42155 68 42239 1 42243 23 42272 3 42319 42 42388 90 42499 23 42576 41 42645 89 42755 24 42833 40 42901 88 43011 24 43089 26 43116 12 43157 88 43263 1 43267 25 43345 12 43362 5 43375 8 43411 89 43519 1 43523 26 43600 13 43631 8 43666 71 43739 17 43775 1 43778 29 43854 13 43890 2 43919 74 43995 17 44030 2 44034 29 44109 14 44175 74 44251 17 44286 33 44337 3 44365 12 44430 75 44508 17 44541 34 44593 4 44621 6 44686 75 44765 16 44797 34 44848 5 44875 9 44942 76 45022 15 45053 35 45104 5 45130 10 45198 76 45279 14 45309 35 45361 4 45385 12 45454 77 45536 13 45565 35 45617 4 45641 11 45661 4 45709 78 45793 11 45821 35 45873 4 45899 8 45917 8 45965 31 45999 14 46025 18 46051 8 46078 34 46129 4 46155 8 46172 11 46221 31 46256 9 46281 18 46307 7 46335 33 46385 3 46428 16 46476 31 46513 7 46538 16 46592 32 46683 25 46732 30 46770 5 46795 15 46848 29 46938 27 46987 28 47054 10 47104 27 47194 27 47244 27 47311 8 47360 23 47449 30 47501 25 47616 23 47657 2 47660 2 47672 4 47706 32 47758 24 47872 24 47911 8 47925 8 47963 33 48016 22 48128 24 48167 9 48181 9 48219 34 48273 21 48384 10 48400 9 48423 36 48474 35 48529 20 48640 9 48658 7 48679 38 48729 36 48786 18 48876 1 48896 8 48918 3 48935 40 48985 36 49043 15 49130 4 49152 7 49175 2 49191 42 49240 37 49299 14 49386 4 49408 5 49447 44 49495 38 49641 4 49664 5 49703 45 49751 38 49920 3 49959 86 50176 1 50215 86 50415 1 50423 4 50469 88 50669 16 50724 89 50925 19 50979 90 51180 20 51235 90 51436 20 51491 91 51658 1 51691 21 51747 91 51913 4 51945 23 52002 93 52169 6 52201 23 52258 93 52424 7 52456 24 52513 94 52679 10 52712 24 52769 94 52935 10 52967 25 53024 96 53190 13 53209 4 53223 25 53281 95 53447 25 53479 25 53537 96 53704 56 53793 96 53961 55 54048 97 54217 55 54303 98 54473 55 54557 100 54729 55 54813 100 54985 55 55069 50 55121 48 55241 55 55325 49 55377 47 55497 55 55582 47 55635 38 55753 55 55838 45 55892 35 56009 55 56092 45 56151 30 56264 56 56347 40 56409 26 56519 57 56601 42 56667 22 56779 53 56856 43 56923 16 57035 53 57111 44 57182 10 57293 51 57367 44 57439 8 57548 52 57623 46 57803 53 57880 29 57914 11 58058 54 58137 27 58173 10 58313 55 58393 26 58430 9 58569 55 58650 25 58687 8 58823 57 58906 24 58944 7 59036 6 59076 60 59163 21 59201 5 59290 13 59330 62 59419 21 59457 4 59544 17 59585 63 59679 3 59691 4 59791 30 59840 64 60046 32 60095 65 60301 34 60352 64 60556 36 60608 64 60805 4 60811 38 60863 65 61057 48 61119 65 61305 62 61375 65 61471 10 61559 64 61631 65 61725 17 61814 67 61887 65 61981 18 62069 68 62143 65 62237 18 62325 68 62400 64 62480 3 62493 18 62581 68 62657 63 62735 6 62749 18 62836 56 62896 9 62915 58 62974 2 62991 6 63005 19 63091 57 63153 8 63171 57 63231 1 63246 8 63259 22 63315 8 63325 6 63339 1 63344 60 63410 5 63429 52 63502 10 63515 23 63571 22 63600 61 63667 3 63686 51 63757 38 63827 2 63832 18 63856 62 63943 48 64012 39 64083 2 64089 17 64112 63 64199 46 64262 46 64344 18 64368 63 64455 41 64517 48 64599 20 64624 63 64712 37 64770 51 64854 21 64880 63 64969 36 65025 52 65110 21 65136 63 65225 2 65230 32 65280 53 65365 22 65391 63 65491 10 65508 10
597667,0 94 105 242 363 240 619 239 877 237 1133 236 1378 8 1391 234 1633 13 1647 234 1889 248 2145 248 2401 247 2657 246 2914 245 3170 243 3426 243 3681 244 3937 244 4192 245 4448 246 4703 248 4959 249 5215 180 5397 68 5472 137 5613 109 5728 136 5869 109 5985 134 6127 107 6242 133 6384 107 6498 132 6640 107 6754 131 6896 109 7010 130 7146 1 7153 110 7266 129 7409 240 7667 238 7923 80 8012 7 8027 139 8180 77 8271 3 8284 140 8436 75 8541 148 8692 72 8798 148 8947 70 9054 219 9310 217 9566 215 9822 215 10077 215 10333 214 10589 189 10779 24 10846 183 11037 21 11103 182 11293 21 11359 184 11551 18 11615 184 11808 17 11849 6 11871 186 12067 12 12104 10 12126 187 12324 11 12359 12 12382 162 12545 26 12581 9 12615 12 12638 162 12801 26 12837 6 12871 13 12894 162 13057 12 13070 18 13126 15 13150 162 13314 11 13326 20 13381 16 13407 161 13572 9 13583 21 13636 19 13665 2 13671 153 13829 8 13839 22 13892 19 13927 153 14095 22 14147 20 14180 156 14351 22 14403 20 14435 157 14613 16 14659 20 14693 155 14871 13 14915 20 14949 155 15129 10 15171 21 15205 155 15386 9 15427 21 15461 155 15646 3 15683 20 15717 155 15939 20 15973 155 16196 19 16229 155 16452 19 16485 155 16708 18 16740 156 16964 18 16995 157 17219 18 17249 159 17474 18 17503 165 17729 18 17757 170 17985 18 18012 173 18239 21 18266 175 18495 21 18521 177 18751 204 19007 204 19262 205 19510 215 19764 217 20019 220 20275 222 20530 97 20629 124 20785 98 20885 125 21040 226 21295 227 21551 228 21807 228 22063 228 22321 226 22577 226 22834 225 23091 224 23328 3 23348 225 23584 5 23604 226 23839 9 23856 231 24095 14 24111 232 24350 251 24605 305 24915 251 25171 234 25407 14 25426 236 25663 14 25681 253 25937 253 26191 4770 30965 251 31224 248 31480 247 31737 6 31744 239 31993 6 32000 240 32247 7 32256 241 32503 6 32512 244 32758 7 32768 245 33014 8 33024 757 33783 2 33787 1509 35299 252 35555 251 35811 250 36067 250 36321 252 36576 16394 52973 250 53235 242 53494 238 53756 232 54013 231 54269 231 54525 232 54783 230 55040 230 55296 230 55552 231 55808 231 56064 231 56320 231 56576 230 56832 229 57088 227 57344 227 57600 225 57856 225 58112 225 58368 225 58624 225 58880 226 59136 226 59392 227 59648 57 59709 166 59904 57 59965 166 60160 58 60220 167 60416 227 60672 227 60928 227 61184 226 61440 226 61696 225 61952 225 62208 226 62464 33 62500 190 62720 32 62758 189 62976 31 63015 188 63232 31 63272 187 63488 31 63529 186 63744 30 63786 185 64000 29 64043 184 64256 29 64298 185 64512 29 64554 185 64768 29 64810 185 65024 29 65066 185 65280 29 65321 186
602248,0 65536
607765,0 65536
609763,29 27 155 50 287 24 411 50 511 1 544 23 667 49 767 1 801 22 923 48 1023 1 1058 21 1181 46 1277 3 1314 21 1442 41 1531 5 1569 21 1657 2 1699 39 1785 7 1825 20 1909 8 1955 28 2038 10 2081 19 2164 9 2211 27 2259 3 2267 4 2293 11 2336 19 2419 21 2457 1 2467 26 2511 9 2523 6 2547 13 2592 18 2675 22 2711 4 2723 11 2735 14 2765 12 2779 7 2803 13 2848 14 2931 26 2963 8 2980 4 2987 2 2994 9 3017 26 3057 15 3105 12 3188 27 3217 10 3243 2 3251 7 3271 28 3313 15 3361 10 3397 2 3445 38 3500 1 3526 30 3569 15 3618 7 3653 2 3703 36 3782 31 3825 15 3907 4 3962 33 4037 33 4081 15 4162 4 4219 32 4293 34 4337 15 4417 4 4476 31 4549 37 4592 16 4671 6 4733 30 4805 38 4847 17 4926 7 5005 14 5062 58 5182 7 5261 14 5318 58 5438 7 5518 13 5575 57 5693 8 5774 13 5830 58 5948 7 6019 4 6031 12 6057 3 6081 63 6204 7 6275 4 6287 12 6313 4 6337 10 6349 51 6459 8 6529 7 6543 12 6569 7 6597 4 6605 51 6715 7 6784 9 6799 13 6825 8 6854 3 6861 51 6971 6 7033 16 7057 11 7081 10 7095 2 7111 2 7117 51 7226 7 7289 16 7314 10 7337 18 7367 1 7374 50 7450 5 7482 5 7507 2 7544 17 7571 10 7595 18 7633 47 7704 8 7739 4 7763 2 7800 17 7827 10 7851 18 7891 45 7958 11 8018 5 8056 17 8083 9 8109 15 8147 45 8214 11 8274 6 8312 17 8339 8 8365 15 8396 1 8403 45 8469 13 8529 7 8569 15 8597 6 8622 14 8659 45 8724 14 8785 7 8825 14 8853 5 8878 13 8915 45 8980 15 9041 6 9081 14 9134 13 9171 45 9235 16 9297 6 9318 3 9337 13 9390 13 9427 45 9490 25 9553 3 9573 6 9592 13 9646 11 9684 44 9745 27 9809 2 9822 1 9828 7 9847 4 9853 7 9902 11 9940 44 9999 30 10073 18 10098 7 10109 6 10161 3 10165 4 10197 43 10255 30 10328 19 10353 8 10365 6 10422 3 10433 1 10453 43 10511 31 10582 21 10607 10 10621 6 10677 15 10710 42 10767 31 10837 22 10861 12 10876 8 10930 19 10966 42 11023 31 11092 49 11185 20 11223 41 11279 31 11328 3 11347 50 11441 21 11479 41 11535 30 11582 6 11602 52 11697 22 11735 41 11791 30 11838 6 11858 52 11952 23 11992 40 12049 27 12095 4 12113 53 12208 23 12249 39 12306 25 12352 2 12369 53 12464 23 12505 39 12562 25 12625 57 12721 22 12761 39 12818 25 12882 55 12977 22 13017 39 13073 25 13139 54 13233 22 13272 40 13329 25 13396 53 13489 22 13527 41 13583 26 13653 52 13745 22 13782 42 13839 26 13910 51 14001 22 14038 42 14094 25 14170 47 14256 24 14286 2 14293 43 14349 25 14431 42 14512 33 14549 43 14605 24 14687 43 14767 34 14805 43 14861 23 14942 44 15023 34 15061 43 15117 22 15198 44 15277 36 15317 43 15373 22 15455 44 15531 38 15573 43 15630 18 15711 44 15772 1 15786 50 15837 35 15886 17 15968 43 16027 2 16042 49 16094 34 16143 11 16226 41 16281 4 16297 87 16401 8 16483 40 16537 5 16552 88 16747 32 16791 7 16807 89 17003 32 17045 9 17062 90 17259 9 17269 22 17300 10 17317 91 17515 32 17555 11 17573 53 17627 37 17772 31 17810 12 17827 54 17883 37 18029 30 18066 11 18083 54 18139 37 18290 25 18321 12 18338 55 18395 37 18491 6 18546 25 18577 10 18593 11 18605 42 18651 37 18745 10 18802 25 18834 7 18848 12 18861 41 18908 36 18984 1 19001 10 19058 25 19091 5 19103 12 19117 40 19164 36 19234 3 19238 6 19256 13 19314 23 19355 13 19373 39 19420 36 19488 13 19512 13 19569 24 19611 57 19676 36 19741 16 19767 15 19824 25 19866 59 19932 36 19997 16 20023 16 20079 16 20101 3 20121 60 20189 35 20251 18 20279 16 20331 18 20357 2 20374 65 20442 38 20507 18 20535 16 20586 19 20614 1 20629 107 20757 22 20790 25 20841 20 20886 86 20975 17 21011 24 21046 25 21096 21 21143 86 21232 16 21261 30 21301 28 21351 22 21400 85 21489 15 21517 30 21557 29 21606 23 21656 85 21745 15 21772 30 21813 30 21861 25 21913 82 22001 15 22027 30 22069 30 22117 25 22145 2 22170 81 22257 15 22283 30 22325 30 22371 33 22427 78 22515 13 22538 31 22582 29 22626 35 22683 75 22776 8 22793 32 22839 28 22881 36 22937 79 23034 2 23037 3 23048 33 23095 28 23137 36 23192 82 23295 1 23303 33 23353 26 23393 37 23433 1 23446 86 23559 33 23608 27 23649 37 23689 1 23701 88 23814 35 23863 28 23905 36 23945 2 23955 91 24070 35 24118 29 24161 36 24201 2 24211 92 24325 36 24371 32 24418 36 24455 6 24467 92 24580 37 24623 36 24675 42 24722 93 24835 39 24877 38 24935 38 24978 95 25091 80 25192 38 25233 98 25347 80 25451 138 25604 78 25707 138 25861 16 25881 56 25963 98 26066 35 26110 2 26117 16 26146 46 26219 92 26323 34 26365 3 26375 14 26405 42 26475 65 26541 26 26579 34 26620 4 26633 12 26662 40 26731 64 26803 19 26836 33 26875 5 26891 12 26918 37 26987 64 27063 14 27093 32 27131 5 27149 10 27173 38 27243 64 27320 13 27349 43 27407 12 27427 35 27498 67 27577 8 27606 42 27663 12 27684 33 27756 65 27835 6 27851 2 27863 41 27919 13 27940 30 28015 64 28094 2 28106 5 28119 41 28175 13 28196 28 28273 63 28361 6 28377 39 28429 16 28453 24 28528 65 28617 6 28633 39 28685 16 28711 21 28784 66 28873 6 28889 39 28940 17 28967 20 29040 67 29129 5 29146 1 29149 35 29197 16 29223 12 29237 6 29296 67 29386 4 29404 36 29454 17 29479 10 29523 2 29552 67 29643 2 29659 37 29710 18 29735 10 29778 4 29809 66 29899 2 29915 37 29966 19 29990 11 30033 7 30065 66 30172 36 30222 19 30245 11 30287 9 30322 64 30429 35 30479 18 30501 11 30537 16 30578 63 30685 35 30735 18 30757 10 30792 17 30835 62 30941 35 30991 17 31011 12 31038 8 31047 18 31091 57 31177 1 31197 35 31247 18 31266 12 31293 28 31345 59 31452 36 31493 6 31502 31 31548 31 31583 3 31598 7 31608 52 31708 36 31747 41 31804 31 31837 5 31853 8 31864 52 31964 36 32001 41 32060 39 32109 64 32199 14 32220 78 32316 39 32364 66 32455 16 32476 77 32573 113 32703 106 32829 112 32957 108 33085 112 33211 109 33341 112 33464 112 33597 57 33655 54 33717 115 33853 112 33972 117 34095 6 34109 112 34227 118 34351 6 34364 113 34483 250 34739 251 34995 252 35248 3417 38668 252 38925 132 39058 117 39182 127 39315 114 39438 128 39571 114 39694 129 39826 114 39950 242 40207 241 40463 241 40721 61 40785 10 40797 163 40978 60 41042 7 41053 163 41241 53 41309 163 41497 54 41565 163 41753 54 41821 52 41878 106 42010 53 42078 51 42135 105 42267 54 42334 50 42391 105 42524 53 42590 50 42647 105 42781 52 42847 49 42903 105 43039 51 43103 50 43159 105 43295 52 43363 4 43370 39 43417 103 43552 51 43620 3 43626 39 43673 103 43809 52 43883 38 43929 103 44065 52 44140 37 44185 103 44325 49 44395 38 44439 105 44582 49 44651 38 44695 105 44841 46 44897 48 44949 107 45098 45 45151 161 45360 40 45405 163 45616 40 45659 19 45681 143 45872 39 45914 17 45939 141 46128 39 46169 18 46196 140 46383 40 46425 17 46454 138 46639 40 46681 16 46712 136 46895 39 46935 19 46969 135 47151 63 47225 135 47407 66 47481 135 47663 67 47737 135 47919 68 47993 24 48019 109 48175 36 48212 31 48250 23 48275 109 48432 27 48465 35 48506 23 48531 109 48688 26 48721 36 48762 22 48787 109 48946 22 48977 36 49018 21 49043 109 49204 19 49233 36 49274 21 49300 108 49465 12 49490 37 49530 20 49557 107 49721 10 49746 60 49813 107 49977 6 50003 58 50069 107 50233 4 50260 57 50325 87 50413 19 50445 2 50515 58 50581 107 50701 4 50771 59 50837 107 50957 4 51026 61 51093 107 51213 4 51281 62 51349 107 51469 2 51536 64 51605 107 51725 2 51793 64 51861 107 52051 63 52117 92 52211 13 52307 64 52374 3 52378 85 52469 11 52563 173 52818 174 53074 174 53330 12 53343 161 53585 13 53601 160 53842 12 53858 160 54031 8 54098 12 54115 160 54285 11 54355 12 54373 160 54541 13 54613 5 54629 160 54797 14 54886 161 55052 17 55143 160 55307 20 55400 160 55562 23 55658 158 55817 25 55915 157 56074 25 56172 156 56330 25 56429 63 56495 89 56586 27 56622 5 56687 6 56695 145 56842 27 56877 7 56945 1 56952 143 57098 27 57131 10 57144 6 57151 2 57210 141 57353 29 57386 27 57467 140 57609 29 57641 29 57725 138 57865 30 57897 30 57982 169 58153 30 58239 168 58409 30 58495 167 58663 32 58751 166 58919 32 59007 166 59174 33 59262 201 59517 201 59773 201 60029 200 60285 200 60541 200 60797 201 61053 204 61309 205 61565 206 61822 206 62083 200 62340 199 62597 198 62853 198 63109 28 63142 166 63365 28 63405 38 63445 120 63621 30 63659 27 63687 12 63702 119 63877 32 63915 26 63944 10 63959 118 64133 32 64171 26 64201 9 64216 117 64387 35 64427 39 64467 122 64606 5 64643 35 64683 162 64855 14 64895 40 64938 163 65105 1 65109 16 65148 209 65359 23 65403 82 65488 48
614290,14845 3 15100 4 15351 9 15603 13 15855 17 16109 19 16363 21 16618 22 16872 24 17124 28 17377 31 17632 32 17880 40 18135 41 18390 42 18645 43 18893 51 19147 53 19399 57 19653 59 19904 64 20157 67 20408 72 20661 75 20914 78 21169 79 21421 83 21671 89 21921 95 22174 98 22427 101 22680 104 22933 107 23188 108 23438 2 23442 110 23693 115 23947 117 24202 118 24451 125 24706 126 24959 129 25211 133 25463 137 25711 145 25963 149 26217 151 26469 155 26724 156 26975 161 27230 162 27484 164 27733 171 27986 174 28242 174 28495 177 28743 4 28749 179 28996 188 29252 188 29507 189 29749 4 29763 189 29997 14 30023 185 30251 18 30272 2 30280 184 30506 20 30527 2 30538 182 30761 22 30795 181 31014 25 31053 179 31269 26 31309 179 31523 28 31565 179 31771 36 31821 179 32025 38 32077 179 32279 40 32332 180 32522 53 32587 102 32690 78 32776 55 32843 102 32946 78 33029 251 33283 312 33597 254 33853 253 34109 253 34365 254 34621 254 34877 254 35133 254 35389 254 35647 253 35903 2218 38123 444 38571 251 38827 250 39083 248 39338 249 39594 247 39850 94 39946 151 40105 94 40205 148 40360 94 40462 147 40615 94 40719 146 40866 98 40975 241 41232 240 41489 239 41748 84 41837 147 42005 3 42009 79 42093 147 42267 76 42350 146 42524 75 42607 145 42788 67 42864 131 42999 9 43044 68 43120 131 43255 9 43301 68 43377 5 43386 120 43511 9 43556 70 43632 6 43642 120 43767 9 43811 74 43887 8 43898 121 44023 9 44067 75 44143 8 44154 121 44279 9 44289 8 44319 235 44575 236 44830 237 45086 239 45341 242 45597 244 45851 246 46107 247 46361 249 46617 250 46872 251 47127 252 47383 252 47638 3144 50783 255 51041 253 51297 253 51551 255 51807 255 52063 1796 53861 249 54117 248 54374 247 54629 247 54885 245 55141 244 55397 244 55653 232 55887 10 55909 222 56132 5 56145 6 56165 221 56390 1 56401 6 56422 221 56659 1 56667 2 56678 221 56923 4 56933 223 57178 6 57188 225 57433 6 57443 226 57688 7 57699 226 57944 7 57955 226 58199 238 58455 238 58709 240 58964 241 59220 241 59476 241 59732 241 59989 240 60244 241 60500 241 60754 243 61009 244 61263 246 61519 247 61773 249 62029 250 62285 250 62541 250 62797 82 62881 1 62891 155 63053 82 63148 153 63308 69 63387 4 63405 152 63563 70 63643 3 63661 152 63819 70 63900 1 63917 151 64074 71 64173 152 64330 71 64413 3 64429 152 64586 72 64668 5 64685 153 64841 76 64925 6 64940 235 65181 6 65189 2 65195 240 65442 94
614416,0 65536
623676,0 6 217 4 239 24 496 23 752 23 1009 23 1264 25 1520 25 1776 24 2032 24 2288 23 2544 23 2800 22 3057 20 3313 15 3569 15 3750 1 3825 15 4081 12 4337 11 4595 6 4842 1 4852 3 5097 3 5353 4 5609 4 5865 5 6121 5 6377 5 6634 4 6891 2 7947 6 8203 8 8457 14 8713 15 8967 18 9222 19 9477 19 9732 20 9985 23 10215 6 10240 24 10470 8 10496 24 10724 11 10752 24 10979 12 11008 25 11235 14 11264 25 11491 15 11520 26 11746 17 11776 26 12002 17 12032 26 12259 16 12288 26 12515 16 12548 21 12770 17 12806 18 13025 18 13065 6 13280 17 13322 5 13536 17 13580 3 13791 16 14047 16 14303 14 14559 14 14815 14 15072 13 15328 13 15585 12 15773 3 15842 10 16028 6 16099 9 16280 13 16356 7 16535 14 16613 4 16789 17 16871 1 17044 18 17299 20 17555 20 17811 20 18066 21 18323 19 18579 19 18835 18 18916 4 19092 17 19171 6 19349 8 19423 11 19606 6 19678 13 19934 15 20190 17 20446 20 20702 21 20959 20 21215 20 21473 18 21729 18 21985 18 22241 17 22499 14 22755 14 23013 11 23271 8 23511 3 23766 5 24020 7 24275 8 24531 7 24786 8 25020 1 25041 9 25265 13 25297 9 25519 16 25552 10 25775 18 25805 12 26030 19 26057 16 26286 20 26312 17 26542 21 26567 18 26798 21 26822 19 27055 21 27077 20 27311 42 27569 46 27825 47 28083 48 28339 49 28595 50 28853 48 29111 48 29369 52 29627 51 29884 50 30142 48 30399 46 30658 43 30893 4 30916 41 31148 9 31173 40 31404 9 31429 40 31659 11 31685 38 31915 11 31941 38 32171 12 32192 42 32426 13 32447 43 32683 12 32701 46 32939 12 32957 46 33198 3 33202 5 33213 48 33458 4 33469 50 33714 3 33725 56 33971 2 33981 59 34236 64 34492 64 34748 64 35003 65 35260 64 35516 65 35773 65 36029 66 36286 66 36542 66 36798 66 37054 66 37309 67 37565 67 37820 68 38076 68 38331 69 38586 70 38841 71 39096 72 39351 73 39606 74 39862 74 40118 74 40374 74 40630 74 40885 75 41141 75 41397 75 41653 75 41911 73 42167 73 42413 3 42428 68 42668 4 42685 67 42921 7 42941 67 43177 7 43197 67 43413 4 43432 7 43453 67 43668 7 43687 8 43707 69 43923 9 43933 19 43959 73 44137 2 44179 29 44214 74 44391 6 44435 30 44468 76 44647 7 44692 108 44903 8 44949 107 45159 8 45205 107 45415 8 45462 53 45525 43 45672 6 45718 54 45779 45 45975 55 46032 15 46057 23 46233 70 46314 22 46491 68 46571 21 46747 67 46827 16 46847 1 47003 67 47084 13 47259 66 47340 13 47515 66 47597 6 47607 1 47771 65 47855 2 47861 5 48027 54 48086 5 48116 10 48283 54 48372 11 48551 39 48628 11 48807 34 48883 12 48970 6 49064 33 49139 13 49225 8 49320 33 49396 12 49480 9 49577 32 49652 12 49736 9 49833 32 49909 11 49992 9 50093 27 50166 10 50247 10 50350 26 50423 9 50504 9 50607 21 50680 8 50760 9 50839 4 50864 19 50937 7 51017 8 51094 8 51122 15 51193 7 51274 6 51349 10 51382 11 51450 6 51605 10 51642 3 51707 5 51856 16 51964 4 52109 20 52365 20 52620 21 52876 21 53132 21 53235 5 53388 21 53417 4 53491 6 53644 21 53671 9 53745 10 53899 22 53927 10 53961 1 54001 11 54156 23 54182 14 54201 7 54257 11 54412 24 54437 17 54455 11 54513 12 54667 59 54769 10 54923 61 55026 8 55177 64 55432 65 55505 2 55687 68 55758 8 55943 69 56013 10 56198 90 56454 91 56711 93 56968 94 57225 10 57241 80 57483 7 57498 80 57755 82 58011 83 58266 86 58389 4 58521 88 58644 7 58775 90 58900 8 59029 92 59155 10 59270 9 59284 93 59411 10 59526 107 59667 10 59782 107 59923 10 60038 107 60179 10 60293 108 60415 1 60435 10 60549 108 60669 3 60690 11 60805 108 60925 3 60946 11 61061 108 61183 1 61201 13 61319 106 61457 14 61575 106 61713 15 61833 103 61969 15 62089 102 62225 18 62347 103 62482 17 62605 102 62739 18 62866 99 62995 19 63123 98 63252 19 63379 99 63508 19 63635 99 63765 18 63893 97 64021 18 64149 97 64278 17 64405 96 64535 16 64662 95 64793 14 64827 5 64919 94 65049 14 65083 6 65176 92 65309 10 65337 9 65434 89
632056,0 12282 12288 249 12544 245 12800 242 13056 238 13312 237 13568 231 13824 229 14080 226 14336 224 14592 218 14848 217 15104 212 15360 211 15616 207 15872 205 16128 203 16384 201 16640 197 16896 195 17152 188 17408 187 17664 184 17920 182 18176 179 18432 177 18688 172 18944 171 19200 167 19456 166 19712 161 19968 158 20224 155 20480 153 20736 143 20992 142 21248 141 21504 139 21760 138 22016 137 22272 132 22528 131 22784 125 23040 123 23296 122 23552 119 23808 111 24064 109 24320 106 24576 105 24832 102 25088 101 25344 95 25600 94 25856 91 26112 85 26199 2 26368 81 26624 80 26880 77 27136 77 27392 70 27648 69 27904 64 28160 61 28416 59 28672 54 28928 51 29184 49 29440 43 29696 41 29952 37 30208 36 30464 32 30720 31 30976 29 31232 28 31488 24 31744 23 32000 20 32256 17 32512 15 32768 13 33024 12 33280 7 33536 5 33792 4
636405,0 65536
636648,0 128 256 128 512 128 768 127 1024 127 1280 127 1536 128 1792 128 2048 128 2304 128 2560 129 2816 129 3072 129 3328 129 3584 129 3840 129 4096 129 4352 129 4608 130 4864 130 5120 131 5376 131 5632 131 5888 131 6144 131 6400 131 6656 132 6912 132 7168 132 7424 132 7680 132 7936 133 8192 133 8448 133 8704 133 8960 133 9216 133 9472 134 9728 134 9984 134 10240 134 10496 135 10752 135 11008 135 11264 135 11520 135 11776 136 12032 136 12288 136 12544 137 12800 137 13056 137 13312 137 13568 137 13824 137 14080 138 14336 138 14592 138 14848 138 15104 139 15360 139 15616 139 15872 139 16128 139 16384 139 16640 140 16896 141 17152 141 17408 141 17664 141 17920 142 18176 142 18432 142 18688 142 18944 143 19200 143 19456 143 19712 143 19968 143 20224 143 20480 143 20736 144 20992 144 21248 144 21504 145 21760 145 22016 145 22272 145 22528 145 22784 145 23040 145 23296 145 23552 146 23808 147 24064 147 24320 147 24576 147 24832 147 25088 147 25344 147 25600 147 25856 147 26112 147 26368 148 26624 148 26880 149 27136 149 27392 149 27648 149 27904 150 28160 150 28416 150 28672 151 28928 151 29184 151 29440 151 29696 151 29952 151 30208 152 30464 152 30720 152 30976 152 31232 153 31488 153 31744 153 32000 153 32256 153 32512 153 32768 153 33024 154 33280 154 33536 155 33792 155 34048 155 34304 155 34560 155 34816 155 35072 156 35328 156 35584 156 35840 156 36096 157 36352 157 36608 157 36864 157 37120 157 37376 157 37632 158 37888 158 38144 158 38400 158 38656 159 38912 159 39168 159 39424 159 39680 160 39936 161 40192 161 40448 161 40704 161 40960 161 41216 161 41472 161 41728 162 41984 162 42240 162 42496 163 42752 163 43008 163 43264 163 43520 163 43776 163 44032 163 44288 163 44544 164 44800 164 45056 164 45312 165 45568 165 45824 165 46080 165 46336 165 46592 165 46848 166 47104 166 47360 167 47616 167 47872 167 48128 167 48384 167 48640 167 48896 167 49152 167 49408 168 49664 168 49920 168 50176 168 50432 169 50688 169 50944 169 51200 169 51456 169 51712 169 51968 169 52224 169 52480 169 52736 169 52992 169 53248 170 53504 171 53760 171 54016 171 54272 171 54528 171 54784 171 55040 171 55296 172 55552 172 55808 173 56064 173 56320 173 56576 173 56832 173 57088 173 57344 173 57600 174 57856 174 58112 174 58368 174 58624 174 58880 174 59136 175 59392 175 59648 175 59904 176 60160 177 60416 177 60672 177 60928 177 61184 177 61440 177 61696 178 61952 178 62208 179 62464 179 62720 179 62976 179 63232 179 63488 179 63744 179 64000 180 64256 180 64512 181 64768 181 65024 181 65280 181
650818,39 217 296 216 553 215 810 214 1066 214 1323 213 1579 213 1835 213 2091 213 2348 212 2604 212 2861 211 3117 211 3374 210 3630 210 3886 210 4143 209 4398 210 4653 211 4909 211 5165 211 5421 211 5678 210 5935 209 6191 209 6448 208 6704 208 6961 207 7217 207 7473 207 7728 208 7984 208 8240 208 8496 208 8752 208 9009 207 9265 207 9521 207 9777 207 10034 206 10290 206 10546 206 10802 206 11058 206 11314 206 11570 206 11827 205 12083 205 12339 205 12595 205 12851 205 13108 204 13364 204 13621 203 13877 203 14133 203 14389 203 14645 203 14901 203 15157 203 15414 202 15671 201 15927 201 16183 201 16440 200 16697 199 16953 199 17209 199 17465 199 17721 199 17976 200 18232 200 18489 199 18745 199 19002 198 19259 197 19515 197 19771 197 20028 196 20284 196 20540 196 20796 196 21051 197 21307 197 21563 197 21819 197 22075 197 22332 196 22589 195 22846 194 23102 194 23359 193 23615 193 23871 193 24127 193 24382 194 24637 195 24893 195 25149 195 25405 195 25662 194 25919 193 26175 193 26431 193 26687 193 26943 193 27199 193 27455 193 27711 193 27967 193 28223 193 28479 193 28735 193 28991 193 29248 192 29505 191 29761 191 30018 190 30274 190 30530 190 30786 190 31042 190 31298 190 31554 190 31810 190 32066 190 32322 190 32579 189 32835 189 33092 188 33348 188 33605 187 33861 187 34117 187 34373 187 34629 187 34885 187 35141 187 35397 187 35653 187 35909 187 36166 186 36423 185 36680 184 36936 184 37193 183 37448 184 37704 184 37959 185 38215 185 38471 185 38727 185 38984 184 39240 184 39496 184 39753 183 40009 183 40265 183 40522 182 40778 182 41033 183 41289 183 41545 183 41801 183 42057 183 42314 182 42571 181 42827 181 43083 181 43339 181 43596 180 43852 180 44108 180 44364 180 44620 180 44876 180 45132 180 45388 180 45645 179 45901 179 46157 179 46414 178 46670 178 46927 177 47183 177 47439 177 47695 177 47951 177 48207 177 48463 177 48719 177 48975 177 49231 177 49488 176 49744 176 50001 175 50257 175 50513 175 50769 175 51025 175 51281 175 51537 175 51793 175 52049 175 52305 175 52562 174 52818 174 53075 173 53331 173 53587 173 53843 173 54100 172 54356 172 54612 172 54868 172 55125 171 55381 171 55637 171 55893 171 56149 171 56405 171 56662 170 56918 170 57175 169 57431 169 57687 169 57943 169 58199 169 58455 169 58711 169 58967 169 59223 169 59480 168 59736 168 59993 167 60249 167 60505 167 60762 166 61018 166 61274 166 61530 166 61786 166 62042 166 62299 165 62555 165 62811 165 63068 164 63324 164 63580 164 63837 163 64093 163 64349 163 64604 164 64860 164 65116 164 65373 163
652005,0 65536
655919,0 219 256 219 512 219 768 220 1024 221 1280 221 1536 221 1792 221 2048 99 2151 118 2304 99 2408 117 2560 99 2665 117 2816 100 2922 116 3072 102 3178 116 3328 103 3435 116 3584 104 3691 115 3840 105 3948 113 4096 105 4204 113 4352 105 4460 113 4608 105 4716 113 4864 106 4972 113 5120 107 5228 113 5376 107 5484 114 5632 107 5740 115 5888 223 6144 223 6400 223 6656 110 6767 112 6912 109 7025 110 7168 109 7281 110 7424 109 7538 109 7680 109 7794 109 7936 108 8049 110 8192 108 8305 111 8448 109 8560 115 8704 110 8815 117 8946 3 8960 231 9201 6 9216 233 9457 6 9472 51 9525 87 9615 92 9713 7 9728 139 9873 91 9970 6 9984 139 10131 90 10227 4 10240 139 10387 90 10483 4 10496 139 10645 90 10752 139 10901 90 11008 107 11116 7 11124 23 11158 91 11264 107 11373 6 11380 23 11414 91 11520 107 11632 27 11671 90 11776 107 11889 26 11929 89 12032 67 12100 39 12145 26 12187 87 12288 65 12357 38 12401 26 12443 88 12544 65 12613 38 12659 24 12700 87 12800 65 12870 37 12915 24 12951 1 12960 83 13055 66 13126 37 13172 23 13205 7 13217 83 13311 66 13382 37 13429 22 13460 9 13474 83 13566 109 13695 16 13714 11 13731 83 13821 111 13951 31 13987 83 14077 114 14207 34 14245 82 14333 115 14463 34 14503 80 14588 118 14719 122 14844 119 14975 122 15101 118 15231 46 15284 69 15358 117 15487 46 15541 69 15615 116 15743 46 15797 70 15872 115 15998 47 16053 70 16128 115 16253 50 16308 72 16384 115 16509 52 16563 73 16640 115 16765 60 16828 65 16896 115 17020 61 17085 64 17152 114 17276 60 17341 64 17408 114 17532 59 17596 65 17664 114 17788 59 17851 67 17920 115 18044 58 18106 69 18176 115 18301 59 18362 69 18432 117 18557 130 18688 117 18813 130 18944 117 19069 248 19325 248 19581 248 19837 248 20093 249 20345 253 20600 254 20855 255 21111 508 21621 253 21878 251 22134 235 22370 13 22390 234 22628 11 22646 233 22885 8 22902 233 23143 3 23158 138 23297 94 23415 137 23553 94 23671 137 23812 91 23926 138 24069 91 24182 78 24262 58 24325 91 24438 77 24519 57 24581 91 24694 77 24775 57 24837 92 24950 75 25031 57 25093 93 25206 73 25286 58 25350 93 25463 70 25539 61 25606 92 25719 70 25795 61 25863 90 25977 69 26051 61 26119 89 26235 68 26307 61 26375 87 26493 131 26631 86 26750 130 26887 85 27007 129 27143 85 27263 129 27399 86 27519 129 27655 86 27774 130 27913 84 28029 20 28057 99 28169 84 28284 21 28315 90 28425 85 28540 21 28573 82 28682 85 28796 22 28831 78 28938 85 29052 23 29091 72 29194 85 29308 23 29347 70 29449 86 29564 23 29605 30 29637 25 29705 85 29820 23 29861 30 29894 21 29962 83 30076 24 30117 28 30151 17 30218 83 30332 24 30374 26 30408 15 30475 81 30588 25 30630 25 30731 80 30844 25 30886 25 30987 78 31100 26 31142 23 31243 77 31357 25 31398 23 31500 75 31613 25 31655 2 31659 3 31667 8 31756 75 31869 25 32012 75 32101 7 32126 24 32268 74 32356 9 32383 23 32525 73 32612 11 32640 21 32781 73 32869 11 32897 20 33037 72 33125 12 33156 12 33293 72 33381 12 33413 10 33550 70 33637 13 33669 8 33806 69 33893 13 33925 6 34062 69 34151 12 34182 4 34318 68 34407 12 34573 68 34663 12 34829 67 34920 10 35085 53 35143 8 35179 5 35341 52 35399 9 35436 3 35602 47 35655 10 35858 46 35911 12 36113 46 36165 15 36369 45 36421 16 36625 44 36677 15 36880 45 36933 14 37135 45 37189 6 37197 5 37392 43 37445 3 37648 43 37904 43 38161 40 38417 40 38674 30 38930 30 39187 21 39209 4 39443 20 39699 18 39956 17 40213 12 40469 8
659565,0 65536
661320,0 65536
664566,0 65536
666091,11 245 270 242 527 241 784 240 1040 240 1296 240 1552 240 1808 240 2064 240 2321 239 2577 239 2834 238 3090 238 3346 238 3602 238 3858 238 4114 238 4370 238 4626 238 4883 237 5139 237 5397 235 5653 235 5909 235 6165 235 6421 235 6677 235 6933 235 7189 235 7445 235 7701 235 7959 233 8215 233 8472 232 8728 232 8985 208 9201 15 9241 208 9457 15 9497 207 9713 5 9753 206 9969 5 10009 206 10225 4 10265 206 10481 4 10521 205 10778 192 10971 10 11035 188 11231 2 11291 188 11547 186 11803 166 11970 19 12060 183 12317 181 12543 1 12573 180 12799 1 12829 180 13055 1 13085 179 13341 179 13598 177 13854 171 14110 161 14274 5 14367 160 14532 1 14623 160 14801 2 14879 160 15056 5 15135 162 15311 8 15391 162 15567 8 15647 164 15822 10 15903 164 16079 9 16159 166 16338 5 16415 167 16595 4 16672 168 16852 2 16928 169 17108 1 17185 169 17441 170 17621 4 17697 172 17876 10 17953 173 18132 11 18209 176 18387 12 18465 191 18721 192 18921 3 18978 191 19177 4 19234 192 19433 4 19490 193 19688 6 19746 204 20002 205 20258 206 20514 207 20770 207 21027 206 21283 207 21503 1 21539 207 21757 3 21797 205 22011 5 22053 206 22265 7 22309 208 22519 9 22565 219 22821 219 23077 219 23333 219 23589 219 23845 219 24101 219 24358 218 24615 217 24871 217 25127 217 25383 217 25639 217 25896 216 26153 215 26409 215 26666 214 26923 213 27179 213 27435 213 27692 212 27948 212 28205 211 28461 211 28717 211 28973 211 29229 211 29485 211 29741 211 29997 211 30253 211 30509 211 30765 211 31022 210 31278 210 31534 210 31790 210 32047 209 32304 208 32560 208 32817 207 33073 207 33329 207 33585 207 33841 207 34097 207 34353 207 34609 207 34865 207 35121 207 35377 207 35634 206 35890 206 36146 206 36402 206 36658 206 36914 206 37170 206 37426 206 37683 205 37939 205 38195 205 38452 204 38708 204 38965 203 39221 203 39477 203 39733 203 39989 203 40245 203 40501 203 40758 202 41015 201 41271 201 41527 201 41783 201 42039 201 42296 200 42552 200 42809 199 43065 199 43321 199 43578 198 43834 198 44091 197 44347 197 44603 197 44859 197 45115 197 45371 197 45627 197 45884 196 46140 196 46396 196 46653 195 46909 195 47165 195 47421 195 47677 195 47933 195 48189 195 48445 195 48701 195 48957 195 49214 194 49471 193 49727 193 49984 192 50240 192 50497 191 50753 191 51009 191 51265 191 51522 190 51778 190 52035 189 52291 189 52547 189 52803 189 53060 188 53315 189 53571 189 53827 189 54084 188 54340 188 54597 187 54853 187 55110 186 55366 186 55623 185 55879 185 56135 185 56391 185 56648 184 56905 183 57161 183 57417 183 57673 183 57929 183 58185 183 58441 183 58698 182 58954 182 59210 182 59467 181 59723 94 59819 85 59979 94 60075 85 60235 94 60330 86 60491 94 60586 86 60747 181 61004 89 61096 88 61260 84 61352 88 61516 83 61608 88 61772 83 61864 88 62028 82 62120 88 62284 82 62376 88 62541 81 62632 88 62797 80 62889 87 63054 79 63145 87 63311 76 63401 87 63567 76 63657 87 63825 74 63913 87 64081 74 64169 87 64337 72 64426 86 64592 71 64683 85 64847 70 64939 85 65103 69 65196 84 65359 67 65453 83
672675,0 197 256 197 512 197 768 197 1024 197 1280 197 1536 198 1792 198 2048 199 2304 199 2560 199 2816 199 3057 2 3072 142 3215 57 3311 6 3328 141 3473 56 3567 8 3584 140 3729 56 3823 8 3840 138 3987 55 4079 8 4096 137 4243 56 4335 9 4352 136 4500 55 4590 9 4608 136 4757 53 4846 9 4864 124 4992 7 5019 46 5102 9 5120 123 5249 5 5275 45 5358 9 5376 123 5531 43 5614 9 5632 123 5787 43 5870 9 5888 121 6043 44 6125 9 6144 121 6300 8 6311 32 6381 8 6400 121 6556 8 6569 30 6637 7 6656 120 6812 8 6826 28 6894 5 6912 119 7051 4 7069 7 7082 27 7151 2 7168 119 7307 6 7325 6 7339 25 7424 119 7562 7 7597 21 7680 119 7818 7 7853 20 7936 118 8075 6 8120 7 8192 118 8331 6 8379 2 8448 105 8555 9 8589 3 8704 104 8960 103 9216 103 9472 102 9728 102 9984 101 10240 100 10496 99 10752 99 11007 99 11261 101 11517 101 11772 102 12028 102 12284 101 12540 101 12795 102 13051 103 13303 107 13558 109 13813 112 14069 24 14100 82 14327 22 14356 83 14583 22 14613 82 14843 17 14871 80 15099 6 15111 4 15128 78 15357 4 15368 3 15391 71 15614 3 15649 70 15872 1 15905 70 15984 2 16128 1 16164 67 16239 3 16383 2 16421 66 16495 3 16639 1 16681 62 16747 6 16894 2 16938 61 17003 6 17150 2 17197 56 17257 8 17405 3 17453 54 17513 6 17661 3 17709 54 17770 3 17917 3 17965 54 18026 3 18172 4 18220 55 18283 2 18427 5 18476 55 18539 1 18683 5 18709 3 18731 56 18939 5 18965 4 18987 56 19195 5 19221 12 19243 55 19443 2 19451 5 19477 14 19499 55 19707 5 19733 15 19757 52 19816 2 19963 5 19988 17 20014 48 20070 5 20219 5 20245 2 20251 8 20273 44 20325 8 20427 2 20475 5 20510 3 20529 37 20567 4 20581 8 20682 4 20732 4 20789 32 20837 8 20937 6 20989 3 21047 30 21092 9 21192 7 21245 4 21303 28 21339 2 21347 8 21447 10 21501 5 21561 26 21603 8 21704 9 21757 6 21818 25 21848 3 21860 7 21960 9 22015 5 22075 24 22103 4 22117 6 22217 8 22271 6 22332 22 22360 3 22374 6 22474 7 22528 5 22588 21 22617 3 22631 6 22731 6 22784 5 22845 20 22875 4 22883 11 23003 6 23011 4 23040 5 23101 20 23131 4 23138 11 23257 15 23295 6 23358 18 23387 3 23391 14 23465 2 23510 19 23549 8 23613 19 23643 18 23720 3 23766 19 23805 6 23869 19 23901 14 23923 1 23971 8 24021 30 24062 3 24125 19 24157 12 24174 9 24227 8 24277 31 24318 2 24381 20 24413 27 24484 5 24531 34 24575 1 24627 2 24636 24 24669 28 24740 2 24787 34 24831 1 24881 37 24923 32 24957 4 24963 1 25037 41 25136 38 25179 41 25292 43 25391 39 25435 42 25548 43 25635 1 25647 39 25691 42 25804 43 25890 6 25901 41 25946 49 26059 3 26064 38 26111 1 26146 7 26156 42 26201 51 26313 4 26320 37 26366 2 26390 1 26401 53 26456 52 26577 34 26621 3 26645 2 26656 54 26711 53 26765 2 26833 34 26877 3 26900 4 26911 112 27089 33 27132 4 27157 2 27167 112 27344 35 27387 5 27422 110 27533 3 27600 37 27643 5 27678 110 27789 3 27855 40 27899 5 27933 111 28045 3 28065 7 28111 42 28155 5 28182 1 28189 111 28301 3 28307 2 28319 9 28367 42 28411 5 28445 122 28568 16 28622 44 28668 4 28701 139 28877 46 28925 3 28957 140 29133 46 29183 4 29214 139 29389 46 29440 5 29472 137 29643 48 29696 5 29730 6 29741 125 29899 48 29952 5 29997 126 30158 46 30208 5 30254 125 30415 45 30464 5 30509 127 30673 44 30720 5 30765 128 30930 43 30976 7 31000 1 31021 128 31187 42 31232 7 31277 129 31443 42 31488 9 31533 130 31701 39 31744 9 31789 130 31957 39 32000 9 32045 130 32213 38 32256 10 32269 2 32301 130 32469 37 32512 18 32541 2 32557 130 32725 37 32768 19 32797 2 32813 129 32981 36 33024 20 33053 2 33063 135 33239 34 33280 21 33320 134 33496 33 33536 21 33576 134 33755 29 33792 21 33832 134 34011 29 34048 22 34088 134 34269 26 34304 23 34344 134 34525 26 34560 25 34589 2 34599 135 34741 2 34782 25 34816 27 34844 5 34855 134 34997 3 35039 24 35072 172 35253 3 35295 24 35328 172 35509 2 35552 19 35584 172 35809 14 35840 172 36066 11 36096 171 36324 5 36350 172 36605 169 36861 168 37117 164 37308 1 37369 162 37561 5 37623 154 37782 2 37815 9 37875 156 38069 12 38130 157 38323 16 38346 6 38385 158 38579 18 38601 8 38639 160 38833 35 38894 161 39089 36 39150 161 39344 38 39405 162 39599 40 39661 161 39853 45 39915 59 39975 34 40010 68 40107 48 40171 162 40359 54 40427 162 40615 55 40683 162 40869 58 40937 158 41125 58 41193 157 41379 60 41448 158 41635 60 41703 159 41869 6 41890 62 41959 159 42124 8 42145 63 42215 159 42376 17 42397 67 42472 158 42631 89 42728 247 42985 246 43241 246 43499 244 43756 243 44015 1 44019 155 44176 79 44278 233 44536 139 44677 90 44793 138 44933 90 45051 136 45189 90 45309 134 45447 88 45567 224 45823 222 46080 220 46336 218 46592 217 46848 215 47104 214 47360 213 47616 212 47872 211 48128 211 48384 210 48615 6 48627 8 48638 211 48871 7 48883 220 49127 10 49138 221 49383 232 49638 233 49893 234 50149 46 50204 179 50405 46 50457 182 50661 48 50711 184 50916 235 51172 236 51431 234 51688 240 51945 239 52201 239 52457 242 52713 244 52970 246 53227 246 53483 246 53739 155 53897 88 53995 154 54154 89 54252 153 54410 89 54508 151 54667 88 54765 150 54924 87 55023 146 55181 86 55283 141 55436 87 55540 135 55691 88 55799 132 55947 88 56056 129 56202 89 56313 128 56457 91 56571 126 56711 93 56828 125 56967 93 57085 123 57223 92 57343 120 57479 92 57600 118 57735 92 57856 118 57991 91 58112 118 58235 9 58247 90 58368 118 58491 10 58503 90 58624 222 58880 219 59136 191 59333 20 59392 191 59589 20 59648 190 59846 17 59904 189 60103 14 60160 181 60363 8 60416 181 60672 181 60928 181 61184 181 61440 180 61696 179 61952 179 62208 179 62464 178 62720 177 62976 177 63232 177 63488 177 63744 175 64000 175 64256 175 64512 175 64768 177 65024 178 65280 179
675111,0 83 92 82 256 87 347 83 512 88 603 82 768 173 1024 173 1280 173 1536 173 1792 173 2048 173 2304 174 2560 174 2816 175 3072 175 3328 175 3584 175 3840 176 4096 177 4352 177 4608 177 4864 177 5120 177 5376 177 5632 178 5888 178 6144 179 6400 179 6656 179 6912 179 7168 179 7424 179 7680 179 7936 180 8192 180 8448 181 8704 181 8960 181 9216 182 9472 182 9728 182 9984 183 10240 183 10496 183 10752 183 11008 183 11264 184 11520 5 11533 172 11776 4 11791 170 12032 4 12048 169 12288 4 12305 168 12544 3 12561 168 12800 3 12817 168 13056 2 13072 169 13312 1 13328 169 13585 168 13841 169 14097 169 14353 169 14608 171 14863 172 15109 2 15118 173 15364 183 15618 185 15874 185 16129 187 16385 187 16641 187 16897 187 17153 188 17409 188 17665 188 17922 187 18179 186 18435 186 18691 187 18946 188 19200 190 19456 191 19712 191 19968 191 20224 191 20480 191 20736 191 20992 191 21248 191 21504 191 21760 192 22016 192 22272 193 22528 193 22784 193 23040 193 23296 194 23552 194 23808 195 24064 195 24320 195 24576 195 24832 195 25088 195 25344 196 25600 196 25856 196 26112 197 26368 197 26624 197 26880 197 27136 197 27392 197 27648 197 27904 197 28160 197 28416 198 28672 198 28928 198 29184 198 29440 197 29696 198 29952 199 30208 199 30464 200 30720 201 30976 201 31232 201 31488 201 31744 201 32000 201 32256 202 32512 202 32768 202 33024 201 33280 202 33536 202 33792 202 34048 202 34304 202 34560 202 34816 202 35072 202 35328 203 35584 203 35840 90 35935 108 36096 37 36143 44 36191 108 36352 30 36399 44 36448 108 36608 29 36655 44 36701 112 36864 29 36911 69 36985 84 37120 15 37137 12 37167 63 37243 82 37376 31 37412 3 37423 64 37499 82 37632 42 37676 67 37754 83 37888 112 38009 84 38144 206 38400 207 38656 207 38912 207 39168 208 39424 208 39680 208 39936 209 40192 209 40448 209 40704 209 40960 209 41216 209 41472 209 41728 210 41984 210 42240 210 42496 210 42752 211 43008 211 43264 211 43520 211 43776 211 44032 211 44288 212 44544 212 44800 212 45056 212 45312 213 45568 213 45824 213 46080 213 46336 213 46592 213 46848 214 47104 214 47360 215 47616 215 47872 215 48128 215 48384 215 48640 215 48896 171 49069 42 49152 171 49326 42 49408 171 49583 42 49664 172 49838 43 49920 217 50176 217 50432 217 50688 217 50944 217 51200 217 51456 217 51712 218 51968 104 52073 113 52224 103 52330 112 52480 104 52587 111 52736 104 52844 110 52992 105 53101 28 53137 74 53248 107 53358 27 53392 75 53504 109 53615 26 53647 76 53760 109 53871 26 53903 76 54016 110 54127 28 54157 78 54272 219 54528 220 54784 220 55040 108 55149 112 55296 107 55405 112 55552 107 55661 112 55808 107 55917 112 56064 107 56172 113 56320 105 56428 113 56576 101 56681 116 56832 101 56936 118 57088 101 57191 119 57344 101 57447 120 57600 99 57703 120 57856 99 57960 119 58112 96 58217 119 58368 95 58473 120 58624 95 58729 120 58880 95 58986 119 59136 67 59207 25 59242 119 59392 97 59495 122 59648 225 59906 223 60166 220 60423 219 60683 215 60939 216 61197 214 61451 216 61706 217 61961 218 62210 225 62465 31 62500 191 62720 31 62757 191 62976 31 63013 191 63232 30 63270 190 63488 30 63527 189 63744 31 63783 189 64000 32 64039 189 64256 33 64293 192 64512 24 64537 8 64549 192 64768 23 64794 204 65024 23 65049 205 65280 24 65305 205
677723,0 65536
680771,0 65536
682813,0 91 256 91 512 91 768 91 1024 91 1280 91 1536 91 1792 91 2048 91 2304 91 2560 91 2816 92 3072 92 3328 93 3584 93 3840 93 4096 93 4352 94 4608 94 4864 95 5120 95 5376 95 5632 95 5888 95 6144 95 6400 95 6656 96 6912 96 7168 96 7424 97 7680 97 7936 97 8192 97 8448 97 8704 97 8960 97 9216 98 9472 99 9728 99 9984 99 10240 99 10496 99 10752 99 11008 99 11264 99 11520 99 11776 99 12032 99 12288 99 12544 100 12800 101 13056 101 13312 101 13568 101 13824 101 14080 102 14336 102 14592 102 14848 102 15104 102 15360 103 15616 103 15872 103 16128 104 16384 104 16640 104 16896 105 17152 105 17408 105 17664 105 17920 105 18176 105 18432 105 18688 106 18944 106 19200 106 19456 106 19712 107 19968 107 20224 107 20480 107 20736 107 20992 107 21248 107 21504 108 21760 108 22016 108 22272 109 22528 109 22784 109 23040 109 23296 109 23552 109 23808 110 24064 110 24320 110 24576 110 24832 110 25088 110 25344 110 25600 110 25856 111 26112 111 26368 111 26624 111 26880 112 27136 112 27392 112 27648 113 27904 113 28160 113 28416 113 28672 113 28928 113 29184 113 29440 112 29696 112 29952 112 30208 112 30464 113 30720 113 30976 114 31232 114 31488 114 31744 114 32000 115 32256 115 32512 115 32768 115 33024 115 33280 116 33536 117 33792 117 34048 117 34304 117 34560 117 34816 117 35072 117 35328 117 35584 118 35840 118 36096 118 36352 118 36608 119 36864 119 37120 120 37376 120 37632 120 37888 120 38144 120 38400 120 38656 120 38912 121 39168 121 39424 121 39680 121 39936 122 40192 122 40448 122 40704 123 40960 123 41216 123 41472 123 41728 123 41984 123 42240 124 42496 124 42752 125 43008 125 43264 125 43520 125 43776 126 44032 126 44288 126 44544 126 44800 127 45056 127 45312 127 45568 127 45824 127 46080 127 46336 128 46592 128 46848 129 47104 129 47360 129 47616 129 47872 129 48128 129 48384 129 48640 129 48896 129 49152 130 49408 130 49664 130 49920 131 50176 131 50432 131 50688 131 50944 131 51200 131 51456 131 51712 131 51968 131 52224 131 52480 131 52736 131 52992 131 53248 132 53504 133 53760 133 54016 133 54272 133 54528 133 54784 132 55040 131 55296 131 55552 131 55808 131 56064 131 56320 131 56576 131 56832 131 57088 131 57344 131 57600 131 57856 131 58112 131 58368 131 58624 131 58880 132 59136 133 59392 133 59648 133 59904 133 60160 133 60416 133 60672 132 60928 132 61184 131 61440 131 61696 131 61952 131 62208 131 62464 130 62720 126 62976 125 63232 123 63488 123 63745 121 64001 121 64257 120 64512 119 64768 116 65024 114 65281 73 65360 27
688285,26 60 193 48 285 3 289 52 450 47 547 50 707 45 803 50 964 44 1060 50 1221 43 1316 55 1481 39 1573 60 1737 30 1768 8 1829 61 1995 27 2084 62 2251 26 2341 62 2509 26 2542 3 2597 62 2765 26 2798 3 2853 62 3023 27 3051 8 3110 61 3279 36 3368 61 3536 35 3625 60 3793 34 3882 65 3960 2 4049 34 4138 67 4214 6 4306 33 4393 86 4563 32 4649 86 4819 32 4903 90 5076 32 5159 90 5333 32 5405 2 5415 91 5590 31 5660 2 5671 92 5846 31 5927 94 6101 34 6184 94 6299 4 6357 34 6399 1 6442 93 6555 3 6565 3 6613 34 6654 2 6681 4 6699 92 6811 2 6819 6 6869 35 6909 3 6936 4 6960 87 7074 8 7125 36 7165 3 7217 86 7329 9 7381 36 7419 5 7475 83 7585 8 7637 43 7731 83 7841 7 7893 43 7988 81 8096 7 8151 41 8245 80 8352 6 8407 41 8501 80 8608 5 8664 40 8757 79 8865 4 8920 40 9017 75 9176 40 9273 76 9433 39 9530 76 9607 5 9689 39 9786 85 9945 39 10041 88 10201 39 10297 64 10364 22 10457 39 10552 57 10620 23 10715 37 10808 57 10876 23 10971 37 11063 54 11132 3 11137 19 11227 37 11319 53 11390 1 11393 19 11483 37 11575 52 11649 19 11740 36 11831 52 11905 19 11996 36 12086 53 12161 19 12253 35 12340 55 12417 18 12509 35 12595 56 12673 20 12767 33 12850 58 12929 21 13023 33 13105 59 13185 22 13280 32 13361 59 13440 23 13536 32 13617 58 13690 30 13793 31 13874 57 13945 31 14049 25 14075 5 14130 57 14200 32 14305 8 14320 9 14333 3 14386 57 14456 32 14562 5 14577 8 14590 2 14643 56 14711 33 14834 6 14846 2 14899 56 14967 33 15091 4 15102 2 15156 55 15221 35 15355 5 15413 56 15477 36 15610 6 15670 58 15731 40 15865 7 15927 58 15987 41 16119 9 16181 106 16375 9 16437 107 16631 8 16693 110 16811 2 16886 8 16949 111 17064 7 17142 4 17204 123 17397 4 17461 123 17655 1 17718 123 17975 122 18231 122 18487 123 18744 123 19001 2 19007 116 19266 113 19522 113 19779 112 20035 112 20293 110 20550 109 20807 110 21063 110 21288 4 21299 1 21319 110 21544 3 21552 5 21566 7 21575 110 21806 9 21820 14 21836 106 22061 11 22075 14 22093 105 22315 30 22349 104 22571 30 22605 104 22825 32 22861 104 23081 32 23117 103 23335 140 23591 140 23847 138 24103 138 24359 138 24615 138 24871 138 25127 138 25383 138 25639 139 25895 140 26151 140 26408 139 26664 139 26921 138 27177 138 27434 135 27690 133 27945 128 28201 128 28457 127 28713 127 28970 89 29062 34 29227 86 29319 33 29484 77 29575 33 29741 76 29831 32 29997 76 30089 30 30253 75 30345 30 30509 76 30603 4 30614 16 30698 9 30765 76 30842 3 30859 3 30871 14 30953 11 31022 21 31047 4 31055 46 31127 14 31207 14 31278 4 31285 13 31303 4 31311 46 31383 13 31463 14 31534 1 31542 8 31558 5 31567 46 31639 12 31718 15 31798 7 31813 6 31823 46 31895 12 31973 16 32053 5 32067 58 32151 12 32229 16 32309 4 32322 59 32407 11 32485 16 32565 5 32576 61 32664 10 32741 16 32821 6 32831 62 32920 9 32997 16 33075 74 33177 8 33243 4 33251 18 33330 76 33434 5 33499 4 33504 21 33585 77 33691 2 33755 26 33841 77 33948 1 34011 27 34095 79 34268 25 34347 2 34351 78 34525 24 34605 80 34780 25 34861 80 35035 26 35117 78 35288 29 35373 78 35541 32 35631 47 35679 27 35740 3 35793 36 35887 46 35935 26 35996 3 36048 37 36144 41 36191 27 36302 39 36400 41 36447 28 36557 40 36657 39 36703 28 36812 41 36912 40 36960 28 37067 42 37168 41 37217 29 37323 46 37423 44 37473 30 37578 49 37679 47 37732 28 37834 53 37935 48 37989 28 38043 2 38090 53 38191 48 38247 26 38297 6 38347 53 38447 48 38503 9 38515 14 38552 7 38603 53 38703 48 38761 6 38773 12 38807 9 38858 39 38900 6 38910 2 38959 47 39017 6 39030 11 39063 10 39114 39 39158 3 39165 3 39216 46 39275 3 39289 8 39319 11 39369 40 39421 3 39473 45 39531 2 39546 7 39575 11 39624 41 39678 2 39729 46 39804 6 39831 12 39879 41 39934 2 39985 46 40061 5 40088 11 40135 41 40191 1 40241 47 40318 4 40345 10 40391 39 40447 1 40497 48 40575 2 40601 10 40647 38 40753 48 40857 9 40903 34 41009 48 41114 7 41160 33 41266 47 41371 6 41416 31 41523 46 41627 5 41671 31 41780 45 41883 4 41925 30 42036 45 42139 4 42181 28 42293 44 42435 29 42549 44 42691 28 42805 44 42946 29 43061 44 43202 30 43317 41 43458 31 43573 41 43714 31 43828 41 43970 31 44083 40 44226 31 44340 39 44483 29 44596 39 44739 29 44853 38 44892 5 44996 27 45109 46 45252 27 45365 47 45508 26 45621 48 45763 27 45877 48 46018 27 46133 49 46273 28 46389 50 46528 30 46645 50 46772 1 46783 32 46901 50 47028 4 47036 35 47157 50 47284 5 47291 36 47413 50 47540 43 47669 51 47796 43 47928 48 48051 45 48185 10 48196 37 48307 45 48441 4 48455 34 48547 4 48564 44 48697 4 48711 34 48801 8 48821 42 48968 34 49056 10 49080 39 49224 34 49311 11 49335 40 49465 1 49481 41 49567 12 49591 38 49738 41 49822 13 49846 39 49995 42 50077 14 50101 34 50252 42 50333 14 50357 33 50508 41 50588 15 50611 34 50763 42 50843 16 50867 34 51019 42 51099 17 51122 33 51276 41 51355 18 51378 33 51533 40 51612 55 51789 40 51868 55 52045 42 52125 50 52303 4 52309 35 52382 48 52545 2 52554 7 52565 44 52638 19 52658 27 52801 4 52809 8 52821 46 52894 19 52914 27 53057 4 53063 10 53077 48 53151 18 53170 25 53319 12 53332 49 53407 18 53426 24 53575 62 53664 15 53683 22 53831 62 53921 14 53939 23 54087 61 54195 24 54334 3 54343 61 54452 23 54590 1 54599 61 54707 25 54855 61 54962 26 55111 62 55217 27 55367 62 55472 27 55623 64 55727 28 55879 64 55983 28 56135 70 56238 29 56392 69 56494 29 56650 67 56751 28 56908 65 57007 28 57165 64 57263 28 57420 60 57483 2 57519 28 57673 63 57777 25 57929 63 58033 25 58184 63 58286 29 58440 63 58542 29 58695 64 58784 3 58797 30 58951 63 59038 7 59053 30 59206 64 59291 12 59307 32 59461 64 59546 15 59563 32 59717 64 59800 41 59843 7 59973 63 60055 32 60100 5 60229 62 60309 33 60358 1 60485 62 60565 32 60741 61 60819 27 60997 60 61075 27 61253 58 61329 29 61509 57 61585 29 61631 1 61765 56 61839 31 61886 3 62021 56 62094 32 62142 3 62277 55 62350 31 62399 2 62533 54 62606 31 62655 1 62789 52 62862 31 63045 52 63119 30 63301 52 63375 29 63557 52 63631 28 63813 51 63887 27 64069 51 64144 24 64325 51 64397 23 64581 50 64648 28 64837 50 64902 29 65093 50 65157 30 65350 1 65353 47 65412 32
689810,0 65536
692688,0 7683 7685 251 7942 250 8198 250 8454 250 8711 249 8967 249 9223 249 9481 247 9737 247 9993 247 10249 247 10505 247 10761 247 11016 248 11275 245 11531 245 11788 244 12044 244 12300 244 12557 243 12813 243 13069 243 13326 242 13582 242 13838 242 14095 241 14351 241 14607 241 14863 241 15119 241 15376 240 15633 239 15889 239 16145 239 16401 239 16657 239 16913 239 17171 237 17427 237 17684 236 17940 236 18196 236 18452 236 18709 235 18965 235 19222 234 19478 234 19734 234 19990 234 20246 234 20502 234 20758 234 21014 234 21271 233 21528 232 21785 231 22041 231 22298 230 22554 230 22811 229 23067 229 23323 229 23579 229 23836 228 24092 228 24348 228 24604 228 24861 227 25117 227 25374 226 25630 226 25886 226 26142 226 26399 225 26655 225 26911 225 27167 225 27425 223 27681 223 27937 223 28193 223 28449 223 28705 223 28961 223 29217 223 29475 221 29731 221 29987 221 30243 221 30499 221 30755 221 31011 221 31269 219 31526 218 31782 218 32038 218 32293 219 32550 218 32806 218 33063 217 33321 215 33577 215 33833 215 34089 215 34345 215 34601 215 34856 216 35112 216 35369 215 35627 213 35883 213 36139 213 36395 213 36652 212 36909 211 37167 209 37423 209 37679 209 37935 209 38191 209 38447 209 38705 207 38961 207 39217 207 39473 207 39730 206 39986 206 40243 205 40499 205 40755 205 41012 204 41268 204 41524 204 41780 204 42036 204 42293 203 42549 203 42806 202 43063 201 43319 201 43575 201 43831 201 44088 200 44345 199 44601 199 44857 199 45114 198 45371 197 45627 197 45883 197 46140 196 46396 196 46653 195 46909 195 47165 195 47422 194 47678 194 47935 193 48191 193 48447 193 48703 193 48960 192 49217 191 49473 191 49729 191 49985 191 50241 191 50498 190 50754 190 51011 189 51267 189 51524 188 51780 188 52036 188 52293 187 52549 187 52805 187 53063 185 53319 185 53575 185 53831 185 54087 185 54343 185 54600 184 54856 184 55113 183 55369 183 55626 182 55882 182 56138 182 56394 182 56651 181 56907 181 57163 181 57420 180 57676 180 57932 180 58189 179 58445 179 58702 178 58958 178 59215 177 59471 177 59727 177 59983 177 60240 176 60496 176 60753 175 61009 175 61266 174 61522 174 61779 173 62035 173 62291 173 62549 171 62805 171 63062 170 63318 170 63574 170 63831 169 64087 169 64345 167 64601 167 64858 166 65115 165 65371 2 65375 161
694806,72 37 127 32 183 34 315 2 328 37 383 32 440 34 571 3 583 38 639 32 696 35 826 6 837 39 895 32 953 34 1081 51 1151 32 1209 35 1335 53 1408 31 1466 35 1591 53 1665 30 1723 35 1847 53 1923 28 1964 4 1981 34 2103 53 2180 27 2220 4 2237 34 2359 52 2437 26 2476 4 2494 33 2531 9 2615 52 2694 25 2732 4 2750 33 2785 11 2870 41 2914 3 2951 25 2988 4 3007 46 3123 43 3208 24 3246 1 3263 46 3378 43 3465 14 3481 7 3518 47 3634 43 3722 12 3739 5 3773 48 3889 44 3982 6 4027 50 4145 44 4240 3 4283 50 4402 43 4537 51 4658 41 4793 51 4914 40 5048 51 5171 38 5304 51 5427 36 5560 51 5683 35 5815 51 5888 1 5941 32 6070 51 6144 1 6197 32 6326 50 6400 2 6459 26 6582 40 6656 2 6719 22 6839 38 6912 2 6989 8 7096 37 7168 2 7247 6 7353 36 7424 2 7616 29 7680 2 7873 28 7936 2 8128 29 8192 2 8384 29 8448 2 8639 29 8701 5 8892 32 8956 7 9147 33 9211 8 9403 36 9467 8 9656 41 9723 8 9911 43 9979 8 10167 44 10226 3 10235 8 10423 44 10481 5 10492 7 10679 44 10735 8 10750 5 10935 44 10990 9 11007 5 11193 42 11244 11 11263 4 11449 42 11499 13 11519 4 11706 42 11754 15 11773 6 11963 41 12010 15 12029 4 12107 4 12220 39 12269 12 12283 6 12362 5 12477 36 12528 9 12539 5 12611 1 12617 6 12735 30 12788 2 12795 5 12865 13 12993 25 13052 4 13097 3 13121 12 13253 19 13309 3 13351 8 13377 12 13509 23 13566 2 13606 11 13635 8 13765 26 13861 13 13892 7 14021 26 14115 18 14279 28 14369 21 14535 28 14624 23 14800 20 14879 24 15056 20 15131 28 15313 19 15385 30 15569 19 15639 28 15812 3 15827 16 15895 28 16067 5 16083 16 16151 33 16323 6 16341 14 16407 34 16579 6 16599 11 16664 35 16835 6 16855 12 16921 35 17039 7 17091 7 17111 12 17177 36 17295 9 17347 7 17366 13 17433 36 17550 10 17603 7 17622 13 17689 37 17805 12 17861 4 17878 13 17945 37 18059 14 18118 2 18134 13 18201 38 18310 22 18457 38 18565 26 18713 38 18821 27 18969 38 19077 27 19225 38 19333 27 19481 38 19589 26 19736 38 19845 26 19992 38 20101 25 20247 39 20357 24 20503 39 20613 24 20759 38 20870 21 21015 38 21127 20 21271 38 21385 8 21396 4 21527 38 21782 39 22038 39 22293 40 22549 40 22805 40 23061 39 23317 38 23574 36 23831 35 24088 33 24351 28 24608 27 24868 23 25125 22 25382 22 25639 22 25895 22 26151 22 26408 22 26556 9 26665 21 26811 11 26885 1 26903 3 26921 20 27067 12 27139 6 27157 9 27178 19 27323 12 27393 10 27411 13 27436 17 27578 14 27648 11 27666 15 27693 15 27834 15 27904 13 27920 18 27953 9 28090 15 28160 13 28175 20 28213 3 28315 2 28345 16 28416 13 28430 21 28570 3 28602 15 28672 35 28825 5 28858 15 28928 35 29073 5 29080 6 29115 14 29184 35 29329 13 29371 14 29440 35 29585 12 29627 14 29696 35 29840 13 29883 14 29952 35 30095 14 30140 12 30208 35 30351 15 30397 10 30464 35 30606 20 30653 9 30720 35 30861 22 30911 6 30976 35 31117 22 31232 35 31373 22 31488 35 31629 22 31744 35 31885 22 32000 34 32140 21 32256 33 32395 22 32512 32 32651 8 32663 8 32768 31 32906 9 32921 1 33024 29 33162 7 33280 28 33419 6 33536 23 33602 13 33621 4 33676 3 33792 22 33857 16 33877 5 34048 21 34112 27 34158 9 34195 7 34304 21 34367 29 34413 11 34451 8 34560 22 34624 27 34669 12 34705 12 34779 3 34816 23 34880 27 34925 12 34961 12 35033 7 35065 3 35072 23 35137 25 35181 12 35215 15 35288 11 35319 32 35394 16 35413 4 35437 12 35471 15 35544 11 35573 34 35653 10 35695 10 35727 15 35800 13 35827 35 35909 9 35951 10 35983 15 36056 13 36083 13 36100 15 36208 9 36239 15 36312 14 36338 14 36357 14 36465 8 36495 15 36568 14 36593 15 36615 10 36721 8 36752 15 36824 14 36848 16 36873 7 36977 8 37008 15 37080 14 37103 17 37130 3 37233 9 37264 17 37336 14 37358 18 37488 11 37519 18 37592 15 37612 20 37743 13 37775 18 37839 2 37847 41 37999 14 38031 18 38093 5 38102 42 38251 20 38286 20 38347 53 38507 20 38541 22 38598 58 38761 24 38797 27 38851 61 39017 24 39053 29 39107 61 39208 2 39271 28 39309 30 39362 62 39463 6 39527 28 39565 31 39617 63 39717 10 39781 30 39821 32 39873 63 39972 11 40037 30 40078 31 40129 63 40228 12 40291 32 40335 30 40383 65 40484 12 40546 33 40591 31 40639 65 40740 13 40801 34 40847 31 40889 71 40997 11 41055 35 41103 31 41143 64 41209 7 41253 11 41310 35 41360 30 41398 63 41467 5 41510 10 41565 36 41617 30 41653 64 41723 5 41767 8 41821 36 41873 33 41909 64 41979 5 42023 6 42077 36 42130 99 42234 6 42261 2 42282 2 42333 36 42387 109 42516 4 42589 36 42643 109 42768 9 42845 36 42901 107 43022 11 43058 3 43083 2 43101 38 43157 107 43273 17 43313 5 43334 10 43357 38 43419 101 43526 22 43552 4 43567 8 43588 13 43613 38 43675 101 43780 33 43823 9 43843 15 43868 39 43933 99 44036 34 44078 11 44098 17 44123 40 44189 99 44291 36 44334 16 44354 17 44379 40 44444 100 44546 38 44590 18 44609 18 44635 40 44692 5 44699 101 44801 39 44846 41 44889 40 44947 109 45057 39 45102 83 45203 109 45313 40 45358 55 45415 24 45458 11 45474 134 45611 59 45671 24 45713 12 45731 131 45866 83 45966 14 45989 128 46122 82 46222 14 46245 126 46379 80 46479 6 46488 8 46501 124 46637 78 46737 3 46745 8 46757 122 46895 77 46973 6 46993 4 47002 133 47151 85 47249 5 47258 132 47407 86 47504 7 47515 131 47663 86 47759 10 47770 132 47919 86 48013 145 48176 85 48269 145 48431 87 48522 148 48687 239 48943 238 49199 238 49454 239 49709 239 49964 240 50220 239 50476 239 50733 236 50989 108 51099 73 51178 47 51245 106 51357 72 51433 47 51501 103 51615 70 51689 47 51757 103 51871 71 51945 23 51971 21 52013 103 52123 101 52227 21 52269 102 52379 101 52483 20 52525 104 52632 104 52740 19 52781 211 52995 20 53037 211 53249 22 53293 232 53549 15 53569 212 53807 12 53826 209 54067 8 54082 207 54325 4 54338 206 54593 207 54849 207 55102 211 55357 212 55612 69 55689 136 55867 70 55946 118 56065 15 56123 21 56151 44 56202 118 56321 15 56379 20 56407 44 56458 118 56578 13 56635 21 56663 45 56713 119 56835 12 56888 3 56892 21 56918 47 56968 120 57092 10 57143 4 57151 20 57173 8 57183 141 57325 19 57348 9 57399 4 57408 19 57428 9 57439 140 57582 18 57605 6 57655 3 57665 28 57697 137 57841 15 57862 4 57912 1 57921 28 57954 135 58099 13 58119 3 58177 29 58209 144 58355 13 58375 3 58433 29 58465 144 58611 13 58630 4 58688 30 58721 159 58884 7 58944 30 58977 159 59138 9 59199 31 59233 159 59394 8 59455 31 59489 159 59650 6 59665 4 59711 14 59733 171 59906 5 59920 6 59967 13 59989 171 60173 10 60224 11 60249 12 60268 148 60429 10 60480 11 60506 10 60525 147 60683 12 60737 10 60765 7 60780 148 60938 13 60993 10 61023 5 61035 149 61193 13 61250 9 61279 6 61287 153 61449 13 61506 9 61535 6 61543 153 61704 13 61766 5 61791 6 61799 66 61875 3 61884 68 61960 13 62023 4 62047 6 62055 64 62141 67 62215 12 62280 2 62305 4 62311 63 62398 66 62471 8 62536 1 62563 1 62567 62 62655 65 62727 5 62824 60 62911 65 62984 3 63080 33 63114 25 63168 64 63299 4 63337 32 63371 23 63425 63 63509 4 63555 4 63584 3 63593 31 63627 23 63681 63 63764 7 63809 8 63838 7 63847 31 63883 22 63941 59 64019 8 64065 10 64094 39 64139 22 64197 59 64275 8 64320 19 64350 39 64397 20 64453 59 64531 8 64576 19 64606 38 64653 20 64709 59 64786 9 64815 4 64833 20 64863 36 64914 14 64963 61 65042 9 65069 10 65089 20 65120 35 65171 13 65219 61 65299 7 65325 14 65346 19 65382 29 65429 11 65474 62
695503,0 65536
701596,6 69 95 56 183 39 238 18 262 68 351 56 439 39 495 17 518 67 608 55 695 39 751 17 773 66 864 55 944 45 1008 16 1028 66 1119 56 1199 46 1264 84 1375 55 1453 48 1521 84 1631 55 1697 2 1709 47 1777 84 1887 44 1950 9 1965 15 1981 26 2040 77 2143 42 2205 12 2219 17 2238 9 2251 10 2297 46 2345 28 2400 41 2459 33 2494 8 2509 9 2557 41 2601 28 2657 39 2714 35 2751 7 2766 8 2816 10 2827 15 2846 7 2858 27 2920 31 2969 45 3023 6 3072 9 3084 14 3103 6 3115 25 3177 30 3225 44 3280 5 3328 9 3341 14 3371 24 3434 28 3481 44 3537 2 3584 8 3598 12 3628 19 3690 28 3737 38 3777 4 3840 8 3854 11 3885 15 3946 27 3993 38 4096 8 4111 10 4145 9 4202 23 4227 2 4249 37 4352 8 4368 7 4459 20 4505 37 4607 9 4625 3 4716 18 4761 36 4863 8 4981 7 5017 36 5117 10 5272 37 5327 4 5369 15 5525 41 5582 7 5624 17 5780 42 5837 9 5879 20 6032 46 6093 18 6134 21 6287 47 6348 20 6390 21 6543 46 6605 20 6645 23 6797 48 6862 19 6901 24 7051 46 7119 19 7157 24 7305 48 7376 18 7414 24 7560 47 7633 18 7671 23 7758 1 7815 48 7890 17 7928 23 8011 5 8064 41 8107 10 8145 18 8185 22 8267 5 8319 40 8365 8 8401 18 8442 23 8523 4 8575 40 8621 6 8656 19 8697 24 8781 2 8831 40 8878 4 8911 20 8953 24 9087 40 9135 1 9167 20 9208 25 9343 40 9423 20 9463 24 9599 39 9679 20 9719 22 9855 39 9936 19 9975 19 10110 40 10191 19 10231 19 10366 40 10447 18 10487 19 10621 41 10703 18 10743 19 10877 41 10959 18 11000 18 11133 40 11213 19 11257 17 11389 40 11467 20 11513 17 11619 8 11645 40 11722 16 11769 16 11875 9 11901 40 11979 14 12026 15 12128 13 12145 4 12157 38 12235 14 12284 13 12355 1 12383 14 12401 6 12413 38 12491 13 12542 9 12609 6 12639 25 12668 37 12747 13 12800 7 12863 10 12895 26 12923 38 12977 4 13003 14 13056 7 13119 12 13150 27 13178 39 13232 7 13259 14 13312 7 13375 13 13407 66 13488 7 13516 13 13568 6 13630 15 13654 5 13663 70 13743 11 13772 12 13824 6 13886 15 13909 6 13919 63 13984 6 13999 12 14029 11 14080 6 14128 11 14140 19 14165 7 14175 61 14240 6 14252 17 14285 11 14336 6 14383 32 14420 9 14431 60 14496 6 14507 19 14529 2 14542 10 14592 6 14635 38 14675 11 14687 60 14751 6 14762 27 14799 8 14847 7 14889 122 15017 28 15055 8 15103 8 15144 121 15272 30 15311 8 15357 10 15400 121 15528 31 15569 5 15612 11 15655 103 15767 10 15784 32 15867 12 15911 102 16024 9 16039 34 16122 14 16164 51 16218 53 16280 49 16377 16 16419 51 16474 45 16524 3 16536 49 16632 23 16674 51 16731 41 16780 3 16792 49 16888 23 16929 45 16977 4 16987 41 17035 4 17048 49 17143 25 17185 44 17243 41 17291 5 17303 50 17399 26 17441 44 17499 41 17547 4 17559 50 17655 26 17697 43 17756 40 17815 50 17899 4 17909 28 17953 43 18012 40 18071 50 18153 42 18209 44 18269 39 18327 49 18407 45 18465 45 18526 38 18583 48 18662 47 18722 45 18784 37 18839 45 18913 53 18978 45 19042 35 19095 44 19165 58 19233 37 19271 4 19276 3 19301 32 19351 44 19398 1 19416 63 19483 42 19533 2 19557 32 19607 44 19654 1 19671 64 19737 43 19813 32 19863 45 19910 1 19927 108 20069 32 20119 45 20166 2 20183 108 20327 30 20375 44 20437 110 20583 30 20632 42 20693 110 20841 18 20861 8 20889 39 20949 110 21098 16 21118 6 21147 36 21204 110 21355 14 21376 3 21405 32 21460 109 21611 13 21661 32 21716 109 21869 9 21917 31 21973 108 22113 2 22126 7 22173 31 22229 107 22343 6 22368 5 22429 31 22486 106 22598 7 22623 6 22685 31 22743 105 22853 9 22879 7 22941 30 23001 103 23109 10 23135 6 23197 31 23257 103 23365 11 23391 6 23453 35 23516 100 23621 11 23647 6 23711 33 23760 5 23771 102 23877 10 23904 3 23974 7 23985 7 23997 2 24014 8 24027 102 24133 10 24160 3 24181 2 24231 6 24243 4 24269 9 24283 78 24365 22 24388 10 24425 4 24435 6 24486 11 24511 24 24538 77 24621 32 24681 7 24691 6 24742 13 24767 24 24793 39 24833 29 24878 27 24935 18 24997 20 25022 65 25089 28 25134 26 25191 18 25253 22 25277 65 25345 24 25389 26 25445 20 25507 89 25601 23 25645 26 25700 21 25762 90 25857 19 25882 3 25901 26 25955 23 26015 91 26113 18 26138 4 26157 26 26210 25 26262 99 26368 16 26412 27 26465 26 26514 102 26624 15 26667 28 26721 26 26769 102 26880 12 26921 30 26977 29 27008 2 27024 101 27136 11 27175 32 27233 36 27279 101 27393 10 27430 33 27489 37 27535 99 27648 11 27686 33 27745 38 27790 100 27904 12 27941 37 27999 40 28044 101 28160 12 28197 38 28255 41 28299 102 28416 13 28454 37 28509 147 28672 13 28710 32 28743 4 28764 147 28928 13 28967 31 28999 3 29018 147 29184 13 29223 31 29256 2 29274 148 29440 13 29479 31 29529 150 29696 13 29735 31 29785 150 29952 15 29991 31 30042 153 30208 15 30247 34 30298 153 30464 15 30503 33 30554 157 30720 16 30759 33 30810 159 30976 16 31015 32 31066 160 31228 19 31271 33 31322 181 31527 31 31559 3 31579 179 31783 31 31816 2 31835 177 32041 28 32092 175 32299 25 32348 174 32557 22 32604 174 32812 5 32823 10 32860 173 33042 3 33066 5 33116 174 33293 10 33308 3 33321 6 33372 188 33561 9 33576 8 33628 199 33832 8 33884 201 34087 10 34139 214 34394 215 34646 220 34901 221 35157 166 35325 53 35413 166 35582 53 35669 166 35839 17 35857 34 35926 165 36095 17 36113 33 36184 115 36307 40 36351 17 36369 32 36441 112 36565 37 36607 17 36625 31 36697 113 36820 38 36864 16 36881 30 36953 114 37076 38 37119 45 37209 114 37331 38 37375 44 37466 113 37587 38 37632 41 37723 113 37843 37 37888 41 37956 4 37979 113 38099 36 38144 39 38210 11 38235 113 38353 37 38400 37 38465 13 38492 112 38609 37 38656 35 38721 16 38748 111 38863 38 38912 34 38977 16 39005 109 39119 38 39168 32 39233 18 39261 96 39362 7 39375 38 39424 31 39489 18 39517 96 39619 5 39631 38 39680 26 39745 18 39774 94 39887 38 39936 24 40001 19 40031 93 40144 37 40192 23 40256 21 40287 92 40401 34 40448 22 40512 21 40544 90 40657 34 40705 20 40766 24 40803 6 40812 76 40914 32 40962 18 41021 25 41069 74 41170 32 41209 2 41225 10 41276 26 41325 71 41427 30 41461 11 41481 10 41531 27 41582 69 41683 45 41737 7 41776 38 41839 68 41940 44 41993 7 42031 39 42095 18 42117 46 42196 44 42249 6 42287 38 42353 15 42375 44 42451 45 42505 6 42543 38 42593 4 42610 13 42632 44 42707 45 42762 5 42798 39 42846 9 42868 11 42889 43 42962 46 43018 5 43054 39 43101 10 43125 10 43145 43 43217 47 43275 4 43309 38 43357 10 43382 8 43401 43 43472 48 43532 3 43564 40 43613 10 43639 7 43656 43 43727 49 43808 52 43869 9 43912 8 43922 10 43935 20 43982 50 44063 53 44125 8 44168 8 44179 8 44192 19 44237 51 44319 54 44381 8 44425 7 44451 15 44493 51 44575 54 44638 5 44681 7 44709 12 44748 52 44830 55 44896 3 44938 7 44967 10 45005 51 45085 56 45153 1 45194 7 45223 9 45261 51 45341 55 45452 5 45518 50 45596 56 45667 1 45708 5 45761 2 45774 50 45852 57 45922 3 46006 15 46031 49 46082 2 46108 57 46178 3 46255 2 46259 18 46287 49 46363 60 46435 1 46510 25 46543 49 46619 61 46763 29 46799 49 46875 70 47017 32 47055 49 47132 71 47272 35 47310 50 47388 73 47527 89 47645 74 47782 90 47903 74 48037 91 48160 73 48293 91 48421 69 48534 4 48548 92 48656 5 48678 68 48789 6 48804 92 48902 26 48935 67 49044 9 49059 93 49157 28 49191 67 49293 17 49314 94 49412 31 49447 67 49539 125 49668 31 49703 67 49795 125 49923 34 49958 67 50047 129 50179 102 50302 130 50435 101 50557 131 50691 100 50813 131 50946 97 51069 131 51201 97 51325 228 51582 227 51838 227 52095 226 52352 225 52609 224 52871 218 53127 218 53373 6 53383 120 53504 98 53627 9 53637 121 53760 98 53882 131 54016 98 54137 129 54272 98 54393 128 54528 98 54647 129 54784 98 54902 129 55040 73 55117 22 55153 134 55296 38 55337 32 55373 22 55407 135 55552 35 55595 21 55619 7 55629 22 55661 137 55808 35 55857 14 55877 5 55885 22 55916 138 56064 36 56114 13 56131 6 56139 24 56172 137 56320 36 56371 13 56386 6 56395 24 56428 137 56576 37 56627 22 56652 23 56684 138 56832 37 56883 22 56909 22 56941 114 57056 22 57088 37 57140 22 57166 22 57197 108 57313 22 57344 37 57397 21 57423 7 57431 12 57452 109 57568 24 57600 37 57653 21 57687 12 57707 108 57823 26 57856 36 57910 20 57944 11 57963 108 58079 26 58112 35 58167 19 58201 10 58219 112 58333 28 58367 35 58423 19 58459 7 58475 142 58623 34 58680 18 58707 1 58718 1 58731 102 58835 38 58879 34 58937 17 58963 1 58987 102 59090 39 59135 35 59193 18 59217 5 59243 102 59346 39 59391 35 59449 18 59473 12 59499 142 59647 36 59707 15 59728 15 59754 142 59903 19 59923 16 59964 14 59983 16 60010 141 60159 16 60180 14 60223 12 60239 18 60266 141 60415 15 60436 14 60483 8 60495 18 60522 141 60671 14 60692 13 60743 26 60778 141 60927 13 60948 13 60999 27 61034 141 61183 12 61205 10 61255 29 61289 143 61440 10 61461 10 61511 177 61696 8 61720 3 61767 176 61951 8 62023 177 62207 7 62279 178 62534 179 62787 183 63041 144 63189 5 63201 25 63295 144 63459 23 63551 143 63715 23 63807 143 63973 21 63997 3 64063 143 64230 31 64285 4 64318 70 64393 70 64490 30 64523 3 64540 5 64573 70 64650 69 64747 38 64795 6 64829 57 64888 10 64907 68 65005 37 65051 6 65084 58 65146 7 65163 68 65265 36 65305 6 65339 59 65405 4 65419 33 65455 31 65525 11
702433,0 65536
711772,25152 1 25406 5 25663 4
715702,0 65536
719371,0 15 101 5 119 152 357 4 374 154 613 3 630 154 885 156 1141 156 1395 159 1650 161 1849 2 1906 135 2047 22 2101 8 2162 134 2304 28 2357 6 2416 136 2560 29 2613 5 2671 137 2816 29 2870 2 2881 5 2926 83 3014 49 3072 29 3136 7 3182 82 3271 48 3328 30 3369 5 3391 8 3436 83 3529 46 3584 30 3623 8 3647 8 3695 80 3785 46 3840 29 3878 10 3903 9 3953 78 4043 11 4056 31 4096 29 4133 12 4159 9 4212 75 4300 8 4314 28 4352 29 4389 12 4413 11 4469 76 4553 11 4571 28 4608 29 4645 12 4669 11 4725 77 4806 13 4827 29 4864 29 4901 12 4925 10 4982 89 5072 3 5083 30 5120 29 5157 11 5181 10 5239 87 5328 3 5339 30 5376 29 5414 7 5437 9 5489 1 5495 86 5585 2 5595 32 5632 30 5672 1 5694 7 5744 3 5750 86 5841 2 5851 32 5888 30 5999 4 6005 81 6089 2 6097 2 6105 34 6144 30 6255 4 6261 66 6331 10 6345 1 6353 2 6360 35 6400 30 6512 3 6516 69 6586 11 6614 37 6656 30 6772 81 6869 37 6912 30 7028 81 7124 37 7168 30 7281 84 7379 38 7424 29 7536 85 7635 31 7675 4 7680 29 7791 86 7891 30 7929 37 8044 89 8146 31 8184 38 8297 91 8401 31 8439 40 8551 90 8647 41 8695 40 8807 85 8903 41 8951 41 9063 84 9158 41 9207 41 9319 84 9414 41 9462 43 9575 84 9670 39 9717 44 9831 83 9925 39 9973 43 10087 83 10176 41 10227 44 10343 83 10431 41 10483 42 10599 82 10687 40 10739 41 10855 82 10943 15 10960 22 10995 40 11110 83 11199 13 11217 20 11252 38 11366 77 11445 4 11455 12 11473 20 11508 37 11621 78 11703 2 11711 10 11729 20 11765 35 11877 77 11967 10 11986 18 12020 37 12134 75 12225 12 12242 17 12268 45 12390 75 12481 14 12499 16 12521 48 12648 73 12736 17 12755 16 12775 50 12909 68 12991 36 13030 52 13167 66 13245 23 13269 15 13285 54 13423 66 13501 22 13525 78 13679 67 13756 23 13782 77 13935 67 14012 16 14029 6 14039 76 14192 67 14272 6 14287 4 14296 75 14449 66 14529 4 14543 4 14553 74 14705 68 14786 3 14800 3 14809 74 14963 66 15042 4 15065 75 15222 63 15298 5 15322 75 15481 59 15553 7 15578 75 15682 6 15739 53 15809 8 15834 75 15938 7 15996 51 16065 9 16090 75 16193 10 16253 49 16321 10 16347 74 16449 10 16509 12 16522 35 16577 10 16603 74 16679 6 16705 12 16765 10 16779 17 16800 13 16834 9 16859 82 16961 12 16978 2 17022 8 17035 14 17057 10 17091 8 17114 84 17217 12 17231 6 17279 6 17290 11 17347 8 17369 86 17473 12 17487 7 17537 2 17545 13 17603 8 17625 89 17730 9 17743 8 17801 13 17846 1 17858 8 17879 92 17986 9 17999 8 18056 15 18100 6 18114 7 18135 94 18243 6 18255 8 18311 15 18355 8 18369 5 18392 94 18499 6 18511 8 18567 14 18606 1 18611 10 18624 5 18648 69 18721 22 18758 1 18767 8 18819 18 18859 26 18905 68 18977 21 19023 8 19074 18 19115 26 19160 69 19234 20 19279 8 19329 18 19371 25 19416 68 19491 18 19535 8 19585 18 19627 25 19671 68 19751 3 19791 8 19841 18 19883 26 19924 71 20047 7 20097 18 20139 26 20179 70 20303 6 20353 19 20394 27 20433 72 20559 6 20610 19 20650 11 20664 12 20689 71 20815 6 20866 19 20906 10 20923 9 20944 71 21071 5 21113 2 21121 20 21163 9 21181 6 21200 69 21367 30 21419 9 21456 69 21622 28 21675 9 21711 68 21867 2 21877 28 21932 9 21950 11 21966 69 22121 5 22132 29 22188 10 22205 86 22328 7 22377 8 22387 30 22444 102 22583 12 22633 39 22700 102 22839 13 22890 34 22925 3 22956 101 23095 13 23147 5 23157 22 23181 3 23212 101 23352 13 23403 2 23417 18 23437 3 23468 100 23608 13 23659 2 23673 18 23693 3 23723 100 23866 11 23931 16 23949 2 23977 100 24123 10 24141 9 24187 10 24201 6 24233 97 24379 9 24395 13 24428 2 24445 8 24459 2 24489 96 24635 9 24651 14 24683 5 24702 5 24715 2 24745 94 24891 9 24905 17 24937 13 24961 1 25001 94 25146 11 25159 19 25192 15 25217 1 25257 94 25401 34 25447 18 25473 2 25513 8 25523 84 25656 35 25703 18 25769 8 25780 82 25912 36 25959 18 26025 6 26037 80 26167 38 26215 18 26261 3 26281 6 26294 79 26423 40 26471 19 26517 4 26538 6 26551 82 26678 42 26727 19 26774 3 26795 5 26807 84 26903 5 26925 52 26983 19 27031 2 27051 5 27065 83 27159 5 27179 54 27238 20 27291 2 27308 5 27321 86 27411 9 27431 60 27492 22 27546 7 27564 6 27577 86 27665 10 27685 85 27802 8 27820 6 27833 98 27940 87 28059 8 28076 6 28089 11 28101 86 28195 89 28315 8 28332 6 28346 10 28357 85 28451 92 28572 7 28588 6 28603 94 28707 93 28829 6 28845 6 28859 25 28888 65 28963 94 29081 1 29089 1 29101 6 29117 25 29144 40 29191 17 29219 94 29337 2 29357 6 29373 67 29449 14 29476 94 29592 3 29613 8 29629 67 29706 13 29731 96 29847 4 29869 8 29885 67 29963 14 29984 99 30103 5 30126 9 30139 69 30219 15 30237 102 30359 6 30382 9 30395 69 30475 120 30597 2 30615 5 30639 10 30651 69 30730 127 30871 5 30895 11 30907 69 30986 129 31127 4 31152 11 31170 62 31242 130 31383 4 31409 9 31428 63 31497 132 31666 8 31686 62 31753 132 31923 7 31942 200 32151 9 32181 4 32199 199 32407 10 32438 3 32447 1 32456 199 32663 13 32703 3 32713 198 32919 14 32959 4 32969 198 33174 15 33215 3 33225 199 33430 16 33481 200 33685 18 33736 201 33941 18 33992 223 34247 223 34503 223 34743 3 34758 224 34999 4 35014 211 35226 12 35255 4 35270 209 35483 10 35513 1 35526 207 35740 4 35783 206 36039 204 36296 203 36553 201 36808 202 37063 203 37319 204 37575 206 37830 207 38086 205 38342 205 38598 204 38854 202 39110 201 39365 201 39621 200 39872 205 40124 1 40128 203 40386 201 40642 201 40899 200 41156 199 41414 197 41671 196 41929 195 42187 194 42444 193 42701 193 42958 191 43215 190 43471 186 43729 181 43987 178 44244 178 44501 177 44757 177 45014 177 45269 178 45525 178 45781 178 46037 178 46293 178 46549 178 46805 178 47061 178 47317 178 47573 177 47801 5 47829 176 48057 8 48085 176 48313 9 48340 175 48525 4 48569 10 48591 180 48780 7 48824 11 48846 181 49035 8 49080 11 49101 64 49168 115 49291 7 49337 10 49356 65 49425 114 49547 6 49593 11 49611 66 49682 113 49803 4 49850 10 49867 66 49939 112 50107 10 50124 65 50195 112 50364 9 50381 64 50451 112 50604 1 50621 10 50633 1 50637 64 50707 113 50860 1 50878 13 50895 62 50963 114 51116 1 51135 13 51153 60 51220 112 51392 12 51410 61 51477 111 51649 11 51667 60 51733 111 51905 11 51923 61 51988 113 52162 9 52179 62 52244 113 52419 8 52435 63 52500 112 52675 8 52689 65 52757 111 52881 1 52931 8 52945 65 53012 111 53135 5 53188 7 53197 182 53391 6 53445 190 53647 7 53676 1 53680 2 53703 188 53903 8 53932 2 53935 4 53959 186 54159 9 54191 4 54214 186 54415 9 54447 3 54470 185 54671 9 54705 1 54725 186 54927 9 54981 186 55183 9 55237 88 55330 94 55439 8 55493 87 55588 92 55697 4 55749 87 55844 93 56001 2 56005 87 56101 94 56255 93 56357 96 56510 94 56613 96 56766 94 56869 97 57022 94 57125 98 57278 94 57382 97 57535 93 57639 96 57792 13 57808 76 57895 97 58049 12 58065 75 58153 95 58306 12 58323 74 58409 95 58563 11 58579 74 58666 93 58821 10 58836 74 58922 93 59078 9 59093 74 59178 8 59188 83 59335 9 59350 72 59434 7 59444 82 59592 8 59607 70 59688 4 59700 81 59850 6 59864 69 59944 3 59956 80 60107 4 60121 68 60199 4 60214 77 60379 66 60455 4 60471 76 60636 65 60711 4 60728 75 60892 65 60967 4 60985 74 61148 63 61223 5 61243 72 61404 63 61479 5 61499 72 61660 63 61736 3 61756 70 61916 63 62012 69 62171 63 62269 68 62427 63 62525 68 62683 62 62781 68 62939 60 63037 68 63195 60 63294 67 63452 59 63549 68 63708 58 63805 68 63964 58 64061 68 64220 57 64320 65 64387 4 64474 57 64544 1 64576 71 64729 57 64833 70 64983 59 65061 1 65090 69 65239 59 65316 3 65349 66 65494 42
722180,0 232 256 231 512 231 768 231 1024 231 1280 231 1536 232 1792 233 2048 233 2304 233 2560 233 2816 233 3072 233 3328 234 3584 234 3840 234 4096 234 4352 235 4608 235 4864 236 5120 236 5376 237 5632 237 5888 237 6144 237 6400 237 6656 237 6912 237 7168 237 7424 238 7680 238 7936 239 8192 239 8448 239 8704 239 8960 239 9216 239 9472 240 9728 240 9984 240 10240 240 10496 241 10752 241 11008 241 11264 241 11520 241 11776 241 12032 242 12288 242 12544 242 12800 242 13056 242 13312 242 13568 242 13824 242 14080 243 14336 243 14592 244 14848 244 15104 245 15360 245 15616 245 15872 245 16128 245 16384 245 16640 246 16896 247 17152 247 17408 247 17664 247 17918 249 18173 251 18429 251 18685 252 18941 252 19197 252 19453 252 19709 252 19965 253 20221 253 20475 769 21246 253 21504 251 21760 251 22016 251 22272 252 22528 252 22784 252 23040 252 23296 252 23552 252 23808 253 24064 253 24320 253 24576 253 24832 253 25088 254 25344 255 25600 255 25856 19207 45067 246 45325 243 45582 242 45839 241 46096 242 46351 245 46605 261 46870 253 47127 254 47387 2 47390 247 47647 247 47904 246 48160 246 48417 245 48673 244 48929 243 49185 239 49442 238 49699 238 49959 234 50218 231 50475 230 50731 231 50987 231 51243 231 51499 230 51755 230 52011 228 52267 227 52523 226 52780 225 53037 224 53295 223 53551 224 53807 224 54063 224 54319 224 54574 225 54830 225 55083 228 55338 228 55593 197 55794 28 55849 197 56058 20 56103 200 56320 14 56359 200 56576 15 56615 202 56832 15 56870 203 57088 16 57126 203 57344 16 57382 203 57600 17 57638 204 57856 17 57894 204 58112 18 58150 203 58368 19 58407 202 58624 19 58663 202 58880 18 58919 202 59136 18 59175 202 59392 17 59432 201 59648 16 59690 198 59903 17 59947 196 60159 16 60205 78 60285 114 60416 13 60461 76 60543 112 60672 12 60717 25 60748 44 60800 113 60928 11 60973 24 61005 42 61056 114 61184 2 61229 22 61263 39 61313 114 61440 4 61485 22 61519 38 61567 117 61692 9 61742 21 61774 37 61821 136 61999 20 62030 36 62077 136 62258 16 62285 37 62333 136 62516 13 62541 37 62589 136 62773 12 62797 38 62841 141 63031 9 63053 184 63309 184 63565 184 63820 185 64076 184 64332 183 64587 182 64780 3 64843 181 65035 5 65099 181 65290 6 65355 181
726981,29 25 107 18 288 23 363 10 547 21 619 10 804 21 875 8 1061 20 1131 8 1251 5 1317 22 1386 9 1505 8 1573 22 1641 10 1761 8 1829 22 1896 10 2015 12 2085 22 2152 9 2271 13 2341 21 2407 10 2525 18 2597 21 2663 10 2780 21 2853 20 2919 9 3035 23 3110 19 3175 8 3291 24 3366 17 3431 8 3449 1 3547 25 3575 8 3623 15 3688 6 3803 36 3879 12 3945 4 4058 38 4136 10 4203 1 4313 39 4394 7 4565 43 4820 44 5075 45 5331 45 5422 15 5587 45 5677 18 5843 45 5933 19 6099 46 6189 19 6355 47 6444 20 6611 47 6699 22 6866 45 6912 3 6953 24 7116 51 7168 3 7208 25 7371 51 7424 3 7463 27 7625 52 7680 2 7719 29 7881 52 7936 1 7975 31 8137 52 8232 30 8393 52 8488 31 8647 55 8744 32 8903 56 9001 32 9159 56 9256 33 9415 56 9511 34 9671 55 9767 34 9927 55 10021 35 10182 55 10277 35 10438 55 10533 34 10693 55 10788 35 10948 56 11043 36 11203 57 11299 36 11459 56 11553 37 11713 58 11809 37 11969 58 12064 39 12224 57 12320 39 12443 3 12479 57 12574 41 12697 7 12736 53 12829 42 12951 10 12992 51 13084 42 13199 21 13250 34 13340 42 13454 23 13509 30 13596 41 13707 28 13768 27 13852 41 13962 29 14024 22 14107 43 14216 32 14280 21 14335 1 14362 45 14471 33 14535 21 14590 2 14619 44 14726 34 14791 21 14833 4 14843 5 14875 44 14981 34 15046 20 15067 13 15088 16 15133 42 15235 36 15301 18 15323 15 15341 19 15388 44 15491 36 15558 17 15579 37 15643 45 15737 46 15814 16 15835 37 15899 45 15991 48 16070 16 16091 37 16152 48 16243 52 16327 13 16347 37 16407 49 16498 53 16583 12 16603 37 16663 49 16751 57 16824 3 16840 10 16857 39 16919 48 17006 59 17067 4 17074 11 17096 9 17112 40 17175 48 17261 82 17352 6 17367 41 17431 48 17517 83 17609 5 17623 41 17679 4 17687 48 17771 86 17865 5 17878 42 17935 4 17943 47 18027 86 18122 3 18134 42 18181 1 18192 2 18198 47 18283 85 18377 5 18389 43 18437 1 18454 46 18539 85 18633 5 18645 43 18709 46 18795 85 18889 5 18900 44 18963 47 19051 85 19145 5 19156 44 19219 46 19307 85 19401 4 19411 45 19474 47 19563 85 19667 45 19729 47 19817 88 19922 46 19985 47 20073 89 20177 47 20239 48 20327 92 20431 49 20494 48 20583 93 20687 49 20749 48 20838 95 20942 50 21003 50 21094 95 21198 50 21258 51 21349 96 21454 50 21513 52 21605 96 21710 50 21768 53 21861 95 21965 51 22023 55 22117 95 22221 50 22278 57 22372 95 22475 53 22533 58 22628 95 22729 55 22789 58 22883 94 22984 56 23045 58 23139 94 23239 57 23300 59 23393 96 23493 59 23555 60 23649 96 23749 59 23810 59 23903 98 24005 59 24065 60 24159 100 24261 59 24322 53 24414 162 24578 51 24669 60 24730 102 24835 50 24925 57 24987 3 24994 94 25092 49 25180 57 25244 1 25250 94 25351 3 25358 38 25435 57 25506 94 25608 1 25614 37 25691 56 25762 94 25869 36 25947 54 26018 94 26125 36 26203 52 26274 94 26373 2 26381 34 26459 52 26531 93 26629 2 26637 32 26715 51 26787 93 26882 7 26891 26 26971 50 27043 103 27147 26 27227 49 27299 130 27484 47 27555 5 27563 122 27741 46 27811 4 27819 122 27997 46 28068 2 28077 120 28253 45 28324 2 28334 117 28509 44 28591 114 28765 43 28849 109 29021 38 29107 107 29278 35 29363 107 29539 29 29620 106 29797 26 29876 107 30054 24 30131 108 30311 22 30387 108 30563 25 30643 108 30818 26 30899 108 31071 28 31156 107 31323 31 31412 107 31576 31 31668 107 31831 28 31924 107 32086 29 32179 108 32341 30 32435 109 32597 30 32692 108 32853 30 32949 107 33109 29 33207 105 33366 28 33464 104 33623 26 33721 103 33879 25 33977 102 34135 24 34234 99 34392 23 34490 97 34650 20 34747 96 34907 18 35003 95 35149 6 35166 14 35261 93 35395 4 35405 8 35423 12 35516 95 35649 8 35660 10 35771 96 35905 10 35916 11 36025 98 36160 23 36280 99 36416 24 36535 100 36671 26 36790 101 36927 26 37046 101 37184 25 37301 102 37441 24 37557 101 37698 23 37813 100 37954 23 38068 59 38129 40 38213 5 38220 13 38324 59 38387 12 38400 25 38477 12 38579 59 38643 12 38656 25 38733 12 38835 59 38901 9 38912 25 38990 12 39091 59 39157 9 39168 25 39247 12 39347 59 39415 6 39422 27 39503 11 39529 2 39603 60 39671 33 39759 11 39782 9 39860 61 39929 31 40015 11 40038 9 40116 62 40185 30 40271 10 40293 12 40371 63 40441 30 40527 10 40548 14 40626 65 40696 30 40783 11 40802 20 40881 100 41039 11 41057 23 41137 100 41295 12 41312 25 41393 100 41551 12 41567 33 41648 100 41808 9 41823 38 41871 6 41904 10 41917 29 41949 55 42064 7 42078 41 42126 7 42159 10 42176 22 42207 52 42320 6 42334 41 42381 8 42414 11 42435 18 42461 52 42576 5 42590 42 42637 8 42669 12 42693 16 42716 51 42831 6 42846 42 42892 9 42923 14 42949 16 42971 50 43087 6 43102 42 43148 9 43179 14 43205 18 43227 48 43343 6 43357 43 43403 11 43434 14 43463 68 43584 1 43599 7 43613 43 43660 9 43690 14 43719 68 43839 3 43856 9 43866 45 43917 8 43945 15 43975 68 44095 4 44113 54 44173 7 44199 17 44231 68 44351 2 44369 53 44431 4 44446 3 44451 20 44485 70 44608 1 44625 53 44701 26 44741 69 44881 52 44956 25 44996 19 45021 45 45118 1 45137 52 45212 15 45229 7 45251 19 45277 45 45372 4 45392 51 45467 15 45485 4 45507 18 45533 44 45628 4 45648 51 45724 11 45741 4 45763 18 45789 44 45883 5 45903 51 45981 8 45997 3 46013 24 46043 46 46139 5 46159 50 46237 8 46253 3 46269 7 46277 17 46297 46 46394 6 46415 49 46493 6 46508 4 46526 6 46536 62 46649 7 46670 49 46749 5 46763 4 46782 6 46793 60 46905 8 46926 49 47005 4 47019 4 47039 5 47049 60 47161 8 47182 48 47261 3 47274 4 47295 5 47305 58 47417 7 47438 47 47529 4 47552 3 47561 58 47673 7 47694 47 47785 2 47809 1 47816 57 47928 6 47950 47 48030 1 48071 57 48183 6 48207 46 48286 2 48327 57 48462 47 48531 5 48542 5 48575 1 48581 59 48718 47 48785 10 48798 8 48830 3 48835 61 48973 46 49040 13 49056 7 49087 65 49229 45 49295 14 49314 5 49346 62 49484 39 49551 14 49571 4 49602 62 49739 40 49807 14 49827 3 49858 62 49995 38 50065 12 50084 1 50114 62 50250 38 50321 11 50340 1 50370 50 50430 2 50503 40 50579 9 50625 49 50758 40 50835 8 50881 48 51013 33 51094 4 51137 46 51269 31 51392 47 51525 27 51641 52 51781 27 51896 52 52039 25 52150 53 52289 2 52295 26 52405 54 52544 5 52551 26 52661 55 52800 5 52807 27 52837 2 52917 55 53056 41 53172 57 53311 42 53428 57 53567 42 53613 4 53663 2 53684 57 53823 50 53917 6 53929 1 53939 58 54073 58 54171 10 54195 59 54327 60 54427 11 54451 59 54578 65 54681 14 54706 59 54833 66 54937 14 54962 59 55089 65 55193 16 55216 61 55345 64 55449 83 55601 56 55705 82 55857 56 55961 81 56111 56 56218 79 56367 52 56475 78 56621 54 56731 78 56877 54 56987 77 57132 54 57244 75 57387 56 57499 76 57641 58 57753 78 57896 59 58009 78 58151 60 58263 6 58272 71 58407 60 58519 5 58529 70 58662 61 58775 4 58785 68 58917 61 59031 4 59041 68 59167 65 59287 4 59297 66 59391 1 59423 62 59544 3 59553 66 59646 2 59678 59 59809 66 59901 3 59933 58 60029 2 60065 67 60156 4 60189 57 60283 5 60322 66 60412 4 60444 57 60539 6 60578 67 60668 4 60699 58 60795 6 60835 66 60923 5 60955 58 61051 6 61092 65 61179 5 61209 60 61307 7 61350 50 61403 10 61436 4 61465 60 61563 6 61607 50 61660 9 61692 4 61721 60 61822 1 61864 49 61917 7 61948 4 61977 60 62121 48 62173 7 62204 4 62233 59 62375 50 62459 5 62489 58 62631 45 62677 4 62715 5 62746 57 62884 45 62971 5 63002 56 63123 3 63137 48 63227 5 63260 51 63377 6 63393 46 63484 4 63517 49 63633 7 63649 46 63740 4 63775 46 63885 12 63905 44 63998 2 64032 45 64140 13 64160 45 64255 1 64289 44 64395 17 64414 46 64545 44 64650 66 64802 43 64905 66 65058 43 65162 65 65316 43 65407 4 65418 65
732471, 
734470,118 5 131 2 373 8 629 8 883 12 1092 3 1139 15 1341 12 1387 2 1391 21 1595 14 1643 25 1848 25 1897 27 2103 26 2153 27 2358 29 2408 29 2443 5 2613 30 2664 31 2697 8 2867 33 2920 42 3122 35 3176 42 3377 36 3432 43 3633 36 3689 43 3889 37 3945 46 4145 37 4202 47 4401 37 4459 54 4657 37 4716 55 4909 40 4973 56 5162 43 5229 56 5415 46 5486 56 5671 46 5741 58 5927 46 5982 5 5997 59 6182 47 6237 8 6252 61 6438 46 6491 10 6507 62 6693 46 6747 10 6763 62 6949 46 7003 11 7018 63 7203 48 7259 10 7274 63 7428 5 7439 2 7456 48 7515 10 7529 65 7683 14 7711 48 7771 10 7785 65 7936 17 7967 47 8028 7 8041 64 8192 17 8222 47 8285 6 8296 65 8448 18 8478 47 8542 3 8551 67 8704 19 8734 45 8807 68 8960 19 8987 46 9060 71 9216 19 9242 47 9315 72 9472 19 9495 46 9570 73 9728 21 9750 46 9825 74 9984 68 10081 76 10240 68 10337 76 10496 67 10592 79 10752 67 10848 79 11008 67 11085 3 11105 78 11264 67 11337 8 11361 78 11520 67 11590 13 11617 78 11776 67 11845 14 11873 77 12032 67 12101 13 12130 75 12288 67 12356 13 12387 73 12544 65 12613 12 12643 73 12800 63 12869 10 12899 73 13056 60 13155 74 13312 59 13411 75 13568 57 13666 77 13824 57 13921 78 14080 57 14175 80 14336 57 14431 81 14592 56 14684 85 14848 56 14939 86 15104 56 15195 86 15360 55 15451 86 15616 54 15706 87 15872 53 15942 7 15962 68 16035 14 16128 51 16196 11 16218 68 16294 9 16384 49 16451 12 16473 69 16556 1 16640 48 16706 15 16729 69 16896 48 16962 15 16985 70 17152 47 17217 18 17242 69 17408 47 17473 19 17497 70 17665 46 17729 21 17753 70 17921 46 17985 94 18177 46 18242 93 18433 46 18498 92 18689 46 18755 8 18764 81 18945 46 19011 8 19020 81 19201 29 19233 14 19269 6 19276 81 19457 31 19489 13 19525 88 19713 44 19781 90 19969 44 20037 91 20225 32 20259 6 20292 95 20481 32 20516 3 20548 96 20736 34 20803 100 20992 34 21059 101 21248 35 21315 102 21504 36 21570 103 21760 38 21826 104 22016 38 22081 106 22272 37 22338 105 22528 37 22594 105 22784 37 22849 106 23040 37 23105 107 23296 37 23360 108 23552 38 23616 108 23808 39 23861 7 23871 109 24064 39 24115 11 24127 109 24320 40 24369 123 24576 40 24622 127 24832 42 24876 129 25088 110 25199 62 25344 108 25458 59 25538 4 25600 107 25714 59 25793 6 25856 107 25970 59 26048 8 26112 106 26226 59 26304 9 26368 102 26481 60 26559 10 26624 101 26737 60 26815 10 26880 99 26992 60 27071 10 27136 99 27247 60 27326 11 27392 99 27501 60 27581 13 27648 99 27757 58 27836 14 27904 97 28013 13 28034 32 28089 17 28160 97 28269 12 28290 30 28345 18 28416 95 28525 11 28546 30 28599 18 28672 93 28781 6 28790 1 28802 31 28855 18 28928 91 29038 4 29058 31 29109 19 29184 90 29295 2 29313 32 29365 18 29440 89 29563 3 29567 36 29621 18 29696 89 29819 40 29877 18 29952 89 30075 41 30134 17 30208 88 30331 41 30390 17 30464 88 30587 41 30647 16 30720 88 30843 41 30903 16 30976 89 31099 41 31160 15 31232 7 31241 80 31355 42 31416 15 31499 80 31611 43 31672 15 31755 80 31867 43 31927 16 32013 80 32122 44 32182 19 32269 81 32373 49 32437 20 32527 78 32629 49 32693 22 32783 78 32886 47 32949 22 33040 77 33142 47 33205 23 33296 77 33397 47 33461 23 33551 78 33653 47 33717 24 33807 78 33909 47 33972 16 33989 8 34063 78 34163 49 34227 16 34247 4 34307 1 34319 78 34419 49 34483 15 34504 3 34560 8 34574 79 34674 51 34739 13 34816 93 34930 53 34995 11 35072 92 35185 55 35252 8 35328 93 35441 56 35509 6 35584 93 35696 57 35840 93 35952 58 36096 93 36198 1 36206 61 36300 2 36352 93 36453 4 36460 63 36555 3 36608 94 36708 72 36812 3 36864 95 36964 72 37068 4 37120 97 37220 73 37324 5 37376 98 37476 71 37581 4 37632 99 37732 69 37888 99 37988 69 38144 167 38400 166 38656 166 38912 167 39168 167 39340 1 39352 7 39424 166 39607 9 39680 165 39862 11 39936 165 40118 11 40192 164 40373 12 40448 163 40628 14 40704 162 40883 16 40960 161 41139 16 41216 159 41394 17 41472 96 41570 61 41649 18 41728 96 41827 60 41905 18 41984 95 42083 60 42161 18 42240 95 42340 59 42417 18 42496 95 42597 58 42673 17 42752 94 42853 58 42929 18 43008 94 43109 59 43186 17 43264 93 43365 59 43443 18 43520 93 43621 59 43699 19 43776 92 43878 58 43955 22 44032 81 44114 9 44134 58 44210 23 44288 80 44372 6 44396 51 44465 25 44544 79 44629 4 44655 48 44720 26 44800 78 44911 42 44955 2 44974 29 45056 77 45167 42 45229 30 45312 76 45423 41 45484 31 45568 74 45680 40 45739 32 45825 68 45936 40 45995 34 46081 62 46193 39 46250 35 46338 59 46450 40 46505 37 46595 57 46707 40 46761 38 46851 56 46964 41 47016 40 47107 56 47221 42 47271 42 47363 56 47479 41 47527 42 47619 56 47736 41 47783 42 47875 54 47994 39 48037 44 48131 52 48253 36 48293 44 48388 51 48514 31 48549 45 48645 50 48771 79 48902 49 48955 2 49029 77 49159 56 49225 4 49243 2 49285 77 49417 59 49479 8 49497 9 49543 74 49673 61 49735 9 49752 11 49799 73 49930 71 50007 14 50056 64 50186 71 50263 14 50313 62 50442 72 50518 15 50569 20 50592 38 50698 72 50774 15 50825 19 50849 36 50954 73 51030 14 51082 17 51106 35 51209 74 51285 15 51338 17 51363 33 51465 92 51596 13 51621 30 51721 92 51855 10 51879 28 51978 91 52114 5 52138 23 52234 91 52371 2 52396 20 52491 91 52654 17 52747 91 52911 16 53003 92 53168 14 53259 94 53423 14 53515 7 53523 88 53667 6 53677 12 53772 6 53779 88 53923 20 54029 5 54035 89 54177 22 54285 5 54291 89 54433 21 54541 5 54547 89 54688 21 54803 89 54944 21 55040 1 55058 90 55200 19 55296 3 55313 90 55457 8 55552 4 55569 90 55808 4 55825 90 56064 4 56079 92 56320 4 56335 92 56576 5 56590 96 56687 6 56832 6 56845 75 56924 26 57089 8 57099 76 57181 26 57344 88 57437 26 57600 89 57693 27 57856 89 57949 27 58112 90 58205 28 58368 91 58461 28 58624 91 58718 27 58880 91 58975 26 59136 91 59233 24 59392 91 59490 23 59650 89 59749 21 59907 88 60005 22 60163 88 60262 26 60419 88 60519 26 60675 88 60775 27 60931 90 61031 28 61187 91 61285 30 61443 92 61541 30 61699 92 61797 30 61898 3 61955 92 62053 30 62153 4 62209 94 62308 31 62395 4 62408 6 62464 95 62564 31 62649 8 62662 8 62720 95 62818 31 62905 21 62976 129 63161 20 63232 125 63417 20 63488 121 63673 20 63744 121 63929 18 64000 120 64183 20 64256 7 64265 111 64438 21 64512 5 64521 111 64694 21 64768 3 64777 110 64949 21 65033 85 65119 23 65204 21 65290 81 65375 21 65459 21
737692,0 65536
747518,0 65536
748680,0 65536
769836,0 109 256 109 512 109 768 110 1024 110 1280 111 1536 111 1792 111 2048 111 2304 112 2560 112 2816 113 3072 113 3328 113 3584 113 3840 114 4096 114 4352 115 4608 115 4864 115 5120 115 5376 116 5632 116 5888 117 6144 117 6400 117 6656 117 6912 118 7168 118 7424 118 7680 119 7936 119 8192 119 8448 120 8704 120 8960 121 9216 121 9472 121 9728 122 9984 123 10240 123 10496 123 10752 123 11008 123 11264 123 11520 124 11776 124 12032 125 12288 125 12544 126 12800 126 13056 127 13312 127 13568 127 13824 128 14080 128 14336 129 14592 129 14848 129 15104 129 15360 130 15616 131 15872 131 16128 131 16384 131 16640 131 16896 132 17152 132 17408 133 17664 133 17920 133 18176 134 18432 134 18688 134 18944 135 19200 135 19456 135 19712 135 19968 136 20224 136 20480 137 20736 137 20992 137 21248 137 21504 137 21760 138 22016 139 22272 139 22528 139 22784 139 23040 139 23296 140 23552 140 23808 141 24064 141 24320 141 24576 141 24832 142 25088 142 25344 143 25600 143 25856 143 26112 143 26368 144 26624 144 26880 145 27136 145 27392 145 27648 146 27904 146 28160 147 28416 147 28672 147 28928 147 29184 147 29440 148 29696 148 29952 149 30208 149 30464 149 30720 150 30976 150 31232 150 31488 151 31744 151 32000 152 32256 152 32512 153 32768 153 33024 153 33280 153 33536 153 33792 153 34048 155 34304 155 34560 155 34816 155 35072 156 35328 156 35584 156 35840 157 36096 157 36352 158 36608 158 36864 158 37120 159 37376 159 37632 159 37888 160 38144 160 38400 161 38656 161 38912 161 39168 161 39424 161 39680 162 39936 162 40192 163 40448 163 40704 163 40960 163 41216 163 41472 164 41728 164 41984 165 42240 165 42496 165 42752 166 43008 166 43264 166 43520 166 43776 167 44032 167 44288 168 44544 168 44800 168 45056 169 45312 169 45568 169 45824 169 46080 169 46336 170 46592 171 46848 171 47104 171 47360 171 47616 172 47872 173 48128 173 48384 173 48640 174 48896 174 49152 174 49408 175 49664 175 49920 175 50176 175 50432 176 50688 176 50944 177 51200 177 51456 177 51712 177 51968 178 52224 178 52480 179 52736 179 52992 179 53248 179 53504 179 53760 180 54016 181 54272 181 54528 181 54784 182 55040 182 55296 182 55552 183 55808 183 56064 183 56320 184 56576 185 56832 185 57088 185 57344 185 57600 185 57856 186 58112 187 58368 187 58624 187 58880 187 59136 187 59392 188 59648 189 59904 189 60160 190 60416 190 60672 191 60928 191 61184 191 61440 191 61696 191 61952 192 62208 192 62464 192 62720 193 62976 193 63232 193 63488 193 63744 193 64000 193 64256 194 64512 195 64768 195 65024 195 65280 196
772465,0 65536
777433,5540 1 5796 1 6564 2 6820 3 7076 4 7334 1 12960 2 13215 5 13471 6 13725 8 13981 8 14237 8 14493 8 14748 9 15003 9 15258 9 15309 8 15513 9 15565 9 15769 6 15821 11 16025 6 16077 11 16281 4 16333 12 16537 1 16589 12 16845 12 17101 12 17357 11 17614 10 17873 5 20871 4 21126 7 21379 11 21633 14 21886 18 22141 19 22397 20 22652 21 22908 21 23164 21 23420 20 23676 20 23931 21 24187 20 24443 20 24685 8 24698 20 24935 17 24954 19 25190 19 25210 19 25444 21 25469 16 25699 22 25726 14 25955 22 25984 7 26211 22 26243 2 26467 21 26723 21 26979 20 27018 7 27235 20 27269 13 27491 19 27521 18 27747 18 27777 18 28003 18 28033 19 28259 18 28289 20 28518 13 28544 21 28775 12 28799 22 29033 7 29053 24 29291 3 29309 24 29565 24 29821 24 30077 24 30333 24 30589 24 30846 23 31102 23 31358 23 31614 23 31869 24 32125 24 32381 24 32637 23 32893 22 33029 4 33148 19 33285 4 33404 16 33540 5 33660 14 33797 4 33917 12 34173 12 34430 11 34689 6 50952 4 51207 6 51462 7 51717 9 51973 9 52067 4 52229 9 52321 7 52484 9 52577 6 52598 1 52740 9 52833 6 52854 1 52996 8 53090 5 53110 1 53114 5 53253 6 53347 4 53366 7 53622 6 53878 5 54134 3 54390 2 54874 2 55129 4 55385 3 55414 1 55641 2 55670 1 57872 4 58128 5 58383 6 58639 8 58895 10 59152 11 59408 11 59664 11 59689 8 59920 11 59945 9 60175 11 60200 10 60431 10 60455 11 60688 9 60711 12 60944 10 60967 13 61202 10 61222 16 61459 10 61478 16 61716 9 61735 16 61972 10 61991 16 62228 9 62250 13 62483 10 62510 9 62740 9 62767 8 62997 2 63001 4 63023 8 63258 2 63278 9 63535 8 63793 6 64049 6 64309 1
778684,903 6 1157 9 1412 13 1667 18 1923 22 2179 23 2435 24 2691 24 2947 24 3203 24 3459 24 3716 24 3974 23 4231 23 4489 26 4746 25 5003 26 5260 25 5517 25 5774 25 5943 2 6031 26 6193 10 6287 26 6443 19 6543 28 6699 22 6799 28 6953 27 7056 28 7208 29 7312 29 7463 32 7568 30 7719 32 7824 30 7975 34 8080 31 8231 34 8336 31 8488 34 8593 30 8744 35 8849 30 9001 34 9107 8 9118 17 9257 34 9363 6 9376 15 9516 31 9778 25 10035 23 10291 23 10548 21 10804 21 11062 11 11321 3 18207 3 18463 5 18717 8 18973 8 19228 9 19484 9 19713 7 19740 9 19968 9 19989 2 19996 9 20224 11 20244 7 20252 9 20397 3 20480 13 20499 8 20509 6 20549 4 20651 6 20736 13 20754 9 20801 10 20907 7 20992 15 21010 9 21053 15 21162 9 21248 27 21306 20 21417 10 21504 26 21561 22 21673 11 21760 24 21815 24 21928 15 22016 23 22071 25 22184 16 22272 23 22327 25 22439 18 22528 23 22584 23 22695 18 22784 23 22840 23 22869 2 22951 18 23040 22 23095 24 23125 3 23208 17 23296 22 23351 22 23381 4 23465 15 23552 22 23606 23 23637 4 23721 14 23808 22 23861 25 23894 1 23979 10 24064 22 24116 13 24131 12 24320 21 24371 13 24386 13 24576 21 24626 14 24642 14 24832 21 24877 19 24897 18 25088 20 25133 19 25153 20 25344 19 25388 41 25600 18 25643 42 25856 16 25899 43 26112 15 26155 44 26368 14 26411 45 26534 5 26625 12 26666 47 26789 7 26883 7 26921 50 27045 8 27141 4 27177 50 27301 9 27417 8 27432 52 27556 12 27673 9 27686 55 27812 12 27929 68 28068 11 28185 69 28325 9 28441 69 28581 8 28697 69 28837 8 28953 69 29093 5 29209 69 29344 9 29465 69 29597 11 29721 69 29851 14 29976 69 30106 17 30232 69 30362 17 30487 70 30615 21 30743 69 30867 26 30998 70 31121 28 31254 73 31376 29 31509 76 31631 30 31765 76 31887 31 32022 76 32141 36 32249 7 32279 75 32397 36 32504 8 32535 75 32652 39 32759 9 32792 74 32908 39 33015 9 33050 71 33163 41 33271 9 33307 70 33417 43 33526 10 33563 68 33672 45 33781 11 33820 67 33928 45 34037 11 34075 67 34183 47 34292 12 34331 67 34439 47 34548 12 34588 67 34695 48 34803 13 34844 67 34950 49 35059 13 35101 67 35205 51 35315 13 35357 67 35460 53 35571 13 35614 66 35715 54 35827 13 35871 65 35971 54 36083 13 36134 59 36226 55 36339 13 36391 58 36481 55 36595 13 36649 56 36737 54 36851 13 36907 54 36993 54 37107 13 37168 50 37248 53 37364 12 37425 49 37504 53 37621 11 37686 44 37760 53 37879 9 37943 44 38016 52 38137 7 38211 32 38273 54 38468 31 38530 54 38725 30 38787 54 38983 28 39043 54 39241 26 39299 54 39497 25 39555 54 39753 25 39811 54 40009 24 40067 55 40266 21 40323 56 40522 17 40579 56 40778 17 40834 57 41035 15 41089 58 41291 15 41345 58 41547 14 41600 58 41803 13 41855 58 42059 12 42110 59 42315 12 42365 60 42571 12 42621 60 42827 12 42877 60 43013 4 43084 10 43133 60 43267 6 43342 6 43391 58 43523 7 43600 2 43647 58 43777 10 43904 56 44032 12 44160 56 44288 13 44417 55 44544 13 44674 54 44800 13 44931 52 45056 13 45187 52 45312 13 45443 52 45499 5 45568 14 45700 50 45753 9 45824 15 45957 48 46008 11 46080 15 46213 42 46264 12 46336 15 46471 39 46519 14 46592 15 46727 38 46771 18 46848 15 46985 35 47026 19 47104 15 47242 34 47279 22 47329 4 47360 15 47500 30 47533 24 47581 11 47616 15 47757 29 47789 24 47836 13 47872 14 48017 25 48045 23 48087 18 48128 13 48275 24 48302 21 48342 20 48384 12 48531 24 48557 21 48597 22 48641 10 48788 23 48813 21 48853 22 48900 3 49045 44 49108 23 49157 1 49301 44 49364 23 49557 44 49619 24 49814 43 49875 25 49923 5 50071 42 50131 30 50177 8 50329 6 50338 31 50387 30 50434 8 50601 24 50641 33 50690 8 50858 23 50896 35 50946 9 51114 23 51151 26 51180 7 51203 8 51370 23 51407 24 51437 6 51459 10 51627 22 51663 22 51696 3 51715 11 51883 22 51920 21 51973 11 52143 18 52177 19 52229 12 52404 12 52433 18 52485 13 52661 10 52689 20 52741 14 52917 10 52945 20 52997 15 53173 8 53200 22 53253 16 53430 7 53456 22 53509 17 53712 23 53765 17 53967 23 54023 14 54223 22 54279 14 54479 22 54537 12 54735 21 54797 6 54980 3 54991 20 55085 12 55229 12 55247 20 55340 13 55441 4 55484 13 55503 20 55575 4 55594 17 55693 12 55739 15 55759 6 55768 9 55831 5 55846 1 55849 18 55948 14 55995 15 56016 4 56025 8 56087 36 56203 17 56251 15 56273 2 56284 2 56343 38 56458 19 56507 15 56599 46 56714 19 56763 14 56855 47 56970 20 57003 3 57018 14 57111 50 57226 21 57256 13 57274 13 57367 52 57482 21 57511 15 57530 12 57624 53 57738 24 57765 19 57787 10 57881 53 57994 47 58045 7 58137 54 58251 46 58303 3 58393 56 58507 46 58649 57 58764 44 58905 57 59021 43 59163 2 59167 51 59279 41 59375 4 59425 50 59536 39 59630 7 59683 48 59794 37 59886 12 59940 47 60050 37 60142 17 60196 47 60305 37 60397 19 60452 47 60561 37 60653 19 60708 54 60816 37 60908 20 60964 55 61071 38 61163 21 61220 57 61327 37 61395 6 61417 23 61475 58 61583 38 61651 6 61673 23 61731 60 61839 38 61905 10 61929 23 61987 61 62095 39 62160 12 62185 23 62240 64 62352 38 62415 13 62440 24 62495 65 62608 39 62670 14 62694 26 62751 66 62865 37 62925 16 62949 27 63006 67 63121 36 63181 16 63205 27 63262 69 63378 35 63436 17 63461 27 63518 76 63634 33 63692 17 63717 27 63774 81 63891 28 63948 18 63974 26 64030 83 64147 27 64205 17 64230 26 64286 85 64403 26 64461 17 64485 27 64542 85 64659 26 64717 17 64741 27 64799 85 64915 26 64973 16 64996 28 65055 85 65171 26 65229 16 65252 28 65311 86 65426 26 65484 15 65507 29
787614,0 38656 38657 255 38913 255 39171 253 39427 253 39685 251 39941 251 40197 251 40453 251 40711 249 40968 248 41225 247 41481 247 41739 245 41995 245 42253 243 42509 243 42766 242 43022 242 43278 242 43534 242 43789 243 44045 243 44301 243 44557 243 44812 244 45067 245 45316 3 45321 247 45569 5124 50694 250 50951 249 51207 249 51464 248 51720 248 51975 249 52231 249 52487 249 52743 249 53000 164 53168 80 53256 163 53427 77 53513 160 53690 70 53769 159 53947 69 54027 156 54205 67 54284 155 54461 67 54542 152 54719 65 54800 150 54975 65 55058 149 55231 65 55314 149 55488 64 55571 148 55745 63 55827 148 56001 63 56083 146 56258 62 56339 146 56515 61 56595 145 56771 61 56852 143 57027 61 57109 140 57284 60 57365 140 57540 60 57621 139 57796 60 57877 139 58052 60 58133 138 58309 59 58389 124 58517 10 58565 59 58646 113 58776 6 58822 58 58903 111 59033 4 59079 57 59159 110 59337 55 59416 109 59595 53 59675 106 59854 50 59933 104 60111 49 60191 101 60367 49 60449 98 60623 49 60707 96 60880 48 60964 95 61135 49 61220 94 61390 50 61476 93 61643 53 61731 94 61897 55 61987 94 62153 55 62241 96 62409 55 62496 97 62665 11 62678 42 62751 97 62921 55 63006 98 63177 55 63261 34 63302 1 63305 54 63433 55 63517 32 63564 51 63689 55 63773 26 63822 49 63947 53 64029 24 64079 47 64203 53 64285 25 64338 44 64461 51 64541 26 64596 41 64717 51 64797 25 64857 36 64975 49 65053 25 65117 32 65231 49 65309 25 65381 24 65488 48
797883,137 119 393 119 650 118 907 117 1163 117 1419 117 1676 116 1933 115 2190 24 2221 83 2446 27 2477 83 2703 27 2733 83 2960 27 2989 83 3217 27 3245 83 3476 108 3734 3 3738 102 4003 93 4259 93 4517 91 4776 88 5034 7 5042 78 5291 6 5298 78 5548 5 5557 75 5805 4 5813 75 6070 74 6326 74 6585 1 6592 64 6849 63 7107 61 7363 61 7620 60 7877 59 8134 58 8390 58 8648 33 8688 16 8905 27 8944 16 9164 4 9174 11 9201 15 9431 8 9457 15 9687 5 9715 13 9944 3 9971 13 10228 12 10485 9 20733 3 20988 4 21243 5 21495 9 21750 10 22005 11 22260 12 22515 13 22771 13 23026 14 23281 15 23537 15 23792 16 24048 16 24304 16 24559 17 24815 17 25071 17 25327 17 25583 17 25840 16 26095 17 26351 17 26610 13 64838 5 65092 8 65344 14 65385 1
798199,0 65536
798724,0 56 75 173 251 61 329 176 507 61 584 177 763 62 839 178 1019 62 1095 178 1276 61 1344 103 1454 74 1535 60 1597 106 1709 75 1791 170 1965 76 2047 170 2219 78 2302 251 2556 253 2811 254 3067 255 3323 255 3579 255 3835 254 4092 253 4349 253 4604 766 5371 254 5627 254 5883 254 6141 252 6397 255 6653 1754 8410 249 8666 248 8922 167 9090 79 9178 167 9346 78 9437 164 9602 75 9693 29 9723 210 9949 28 9979 208 10205 28 10235 208 10461 28 10491 208 10715 30 10747 206 10970 31 11003 203 11225 6 11233 24 11260 201 11480 6 11489 24 11517 197 11733 8 11748 9 11760 9 11774 195 11989 7 12005 8 12017 7 12031 194 12237 15 12262 7 12273 6 12287 122 12410 71 12492 16 12518 7 12530 4 12544 193 12746 17 12775 6 12788 1 12800 193 13002 17 13031 6 13056 194 13257 18 13287 7 13311 196 13513 18 13543 6 13568 196 13769 18 13799 6 13824 126 13951 69 14025 18 14055 5 14080 125 14207 70 14281 17 14336 119 14463 70 14538 15 14592 121 14719 71 14795 14 14848 121 14973 73 15051 14 15087 1 15104 122 15229 73 15311 10 15343 1 15360 198 15567 10 15616 199 15817 6 15825 10 15872 199 16072 7 16083 9 16128 206 16340 14 16384 206 16597 14 16640 205 16851 16 16896 201 17098 3 17107 16 17152 197 17356 1 17362 17 17408 197 17609 4 17618 17 17664 195 17864 4 17869 4 17875 16 17920 195 18120 4 18125 4 18131 16 18176 195 18373 12 18387 15 18432 196 18629 13 18645 13 18688 211 18901 14 18944 212 19157 14 19174 2 19200 222 19424 9 19456 217 19681 8 19712 215 19937 8 19968 215 20193 8 20224 214 20449 8 20480 166 20650 43 20705 8 20736 166 20906 43 20963 6 20992 166 21162 43 21220 5 21248 163 21413 48 21477 2 21504 212 21760 161 21923 48 22016 160 22179 46 22272 161 22434 47 22488 3 22528 161 22690 47 22740 7 22784 161 22946 48 22995 7 23040 214 23296 213 23552 213 23808 151 23960 60 24064 151 24221 55 24320 151 24479 52 24576 151 24735 52 24832 151 24991 51 25088 151 25247 50 25344 151 25503 50 25560 5 25600 151 25758 43 25803 6 25816 5 25856 150 26013 40 26062 4 26071 7 26112 150 26265 1 26269 39 26318 5 26327 7 26368 151 26525 39 26584 5 26624 151 26781 39 26841 3 26880 152 27036 41 27097 2 27136 152 27291 42 27392 152 27547 35 27587 2 27648 152 27802 36 27843 2 27904 191 28160 191 28416 189 28609 2 28672 189 28865 2 28928 187 29121 2 29184 186 29440 185 29696 185 29952 185 30208 185 30409 2 30464 185 30660 1 30665 3 30720 185 30914 4 30920 4 30976 185 31169 11 31232 185 31424 12 31488 185 31677 14 31744 186 31933 14 32000 202 32256 201 32512 201 32768 202 33024 202 33280 200 33536 199 33792 198 34048 197 34267 3 34304 197 34523 3 34560 197 34778 4 34816 197 35034 4 35072 199 35289 4 35328 201 35545 4 35584 202 35801 4 35840 202 36057 3 36096 203 36352 171 36525 30 36608 202 36864 202 37120 201 37376 201 37632 200 37841 9 37863 2 37888 193 38086 2 38097 12 38119 2 38144 192 38341 5 38353 2 38357 9 38400 191 38597 6 38613 9 38656 188 38853 25 38912 188 39109 25 39168 186 39361 8 39371 19 39424 186 39617 8 39627 18 39680 185 39867 14 39882 19 39936 185 40123 12 40137 19 40192 219 40448 219 40687 2 40704 219 40937 2 40942 4 40957 1 40960 219 41193 9 41212 2 41216 217 41447 11 41467 3 41472 217 41703 11 41723 4 41728 216 41954 17 41978 222 42209 18 42233 222 42460 13 42475 6 42488 223 42716 12 42731 6 42744 223 42971 12 42987 4 43000 223 43228 11 43243 3 43256 222 43484 11 43512 4 43520 214 43739 12 43761 230 43994 13 44008 3 44015 232 44249 18 44270 253 44525 255 44781 752 45537 6 45545 244 45793 5 45801 246 46051 2 46056 247 46312 4101 50415 4110 54526 253 54784 250 55040 249 55296 250 55552 250 55808 250 56063 250 56319 249 56575 248 56831 247 57087 246 57344 245 57600 245 57856 245 58112 243 58368 239 58624 236 58880 235 59135 235 59391 235 59647 235 59903 235 60159 235 60415 235 60672 235 60928 235 61184 235 61440 234 61696 233 61952 232 62208 232 62463 232 62719 235 62974 237 63220 3 63229 238 63475 5 63485 238 63731 6 63741 242 63987 7 63995 500 64499 251 64757 250 65013 250 65269 253 65525 11
799155,0 37 41 31 82 246 338 246 594 247 851 224 1076 21 1107 223 1332 25 1363 222 1588 25 1621 220 1844 25 1879 217 2100 26 2137 245 2393 245 2649 244 2905 244 3161 224 3387 17 3415 246 3669 2731 6402 254 6659 253 6917 251 7173 251 7429 251 7685 251 7941 251 8197 251 8455 249 8712 248 8985 231 9242 230 9498 230 9755 229 10012 228 10269 227 10533 219 10790 218 11017 8 11047 217 11273 9 11303 217 11528 11 11559 217 11783 12 11815 217 12039 14 12073 7 12083 205 12296 17 12330 5 12339 205 12552 18 12589 2 12596 204 12809 18 12853 203 13068 15 13110 202 13325 14 13366 202 13585 10 13622 202 13841 10 13878 202 14099 8 14134 202 14355 8 14390 202 14613 5 14646 202 14902 202 15158 202 15414 202 15669 203 15925 203 16181 203 16437 81 16521 2 16524 116 16647 2 16693 27 16725 44 16783 113 16902 5 16949 26 16982 43 17039 113 17157 8 17205 21 17242 39 17297 111 17413 8 17431 6 17461 21 17499 39 17557 3 17563 101 17665 30 17708 6 17716 22 17756 39 17821 130 17963 8 17972 21 18013 38 18053 5 18079 129 18215 34 18259 2 18270 46 18335 129 18471 34 18509 9 18527 46 18591 129 18726 15 18742 33 18785 44 18846 130 18981 16 18999 33 19041 45 19102 130 19237 16 19255 37 19299 43 19357 130 19493 16 19511 38 19555 43 19613 130 19749 17 19768 38 19810 44 19870 129 20005 17 20025 39 20066 44 20126 129 20260 19 20282 84 20382 128 20515 20 20539 57 20597 25 20638 153 20797 54 20853 24 20894 153 21053 54 21109 24 21150 153 21311 78 21405 153 21569 76 21661 151 21827 74 21917 150 22085 72 22172 149 22342 57 22401 11 22427 148 22599 54 22658 9 22682 148 22855 54 22916 6 22937 121 23060 24 23111 53 23193 118 23317 22 23367 52 23448 112 23562 4 23573 23 23623 53 23703 113 23829 2 23839 16 23877 56 23959 112 24085 1 24096 17 24131 59 24214 113 24349 24 24381 66 24469 114 24605 24 24637 67 24723 117 24861 26 24891 70 24974 123 25116 27 25147 72 25229 126 25372 104 25485 126 25628 105 25741 127 25885 105 25996 129 26141 105 26252 131 26397 106 26507 133 26652 107 26762 136 26908 247 27164 248 27419 249 27675 250 27931 250 28187 250 28445 248 28701 247 28957 246 29214 245 29471 243 29727 243 29983 242 30239 242 30496 240 30753 4 30759 233 31017 230 31274 229 31532 225 31789 211 32001 10 32049 207 32258 5 32306 206 32563 205 32821 203 33079 201 33333 203 33589 203 33844 204 34077 8 34099 205 34332 11 34355 94 34451 109 34587 14 34610 206 34842 17 34865 207 35097 20 35121 207 35352 232 35607 233 35863 233 36117 235 36373 235 36627 134 36762 102 36883 134 37018 102 37138 135 37275 101 37393 135 37531 101 37648 136 37786 102 37904 136 38042 102 38159 241 38415 241 38671 241 38927 135 39063 108 39183 134 39320 109 39439 248 39695 248 39951 249 40207 111 40319 137 40463 111 40575 138 40719 250 40975 250 41231 250 41487 250 41743 250 41999 148 42149 100 42256 248 42513 247 42769 247 43025 246 43283 142 43426 101 43538 245 43794 244 44049 245 44305 244 44561 244 44811 245 45065 10 45077 235 45319 11 45341 153 45497 5 45506 50 45559 9 45575 11 45597 152 45763 48 45821 3 45827 1 45830 13 45855 150 46019 10 46031 36 46082 17 46112 149 46277 6 46290 32 46336 19 46367 149 46547 30 46588 23 46623 148 46804 29 46843 24 46878 149 47062 26 47097 26 47134 148 47320 23 47352 28 47389 125 47518 5 47526 2 47531 2 47579 18 47604 33 47645 124 47809 1 47835 16 47857 17 47875 145 48061 6 48092 2 48100 4 48112 17 48132 143 48316 7 48367 17 48388 143 48572 7 48624 16 48643 144 48828 7 48880 16 48897 146 49084 7 49136 163 49340 8 49392 163 49596 8 49649 162 49851 10 49904 163 50077 6 50107 10 50159 164 50333 6 50363 10 50415 65 50487 92 50587 9 50611 6 50619 10 50672 64 50744 92 50841 12 50867 6 50877 7 50928 64 51001 93 51095 15 51123 7 51135 4 51184 64 51257 110 51379 7 51441 63 51513 112 51634 8 51697 63 51769 113 51890 9 51954 62 52025 115 52145 11 52219 53 52280 116 52400 12 52477 54 52535 118 52655 14 52734 192 52991 192 53247 192 53503 192 53739 6 53760 192 53989 13 54016 192 54242 17 54272 192 54497 19 54528 193 54753 23 54784 193 55008 25 55040 193 55263 30 55296 193 55519 26 55552 193 55770 30 55808 194 56024 32 56064 195 56278 33 56320 196 56533 34 56576 197 56789 36 56832 198 57045 36 57088 199 57300 39 57344 199 57555 42 57600 199 57811 43 57856 199 58067 44 58112 199 58322 245 58578 245 58834 245 59090 245 59346 244 59602 243 59858 243 60115 241 60372 240 60629 239 60887 237 61144 59 61204 176 61401 236 61657 60 61719 175 61916 57 61977 34 62017 134 62175 54 62235 32 62273 134 62439 46 62493 28 62529 135 62696 45 62751 22 62786 11 62799 121 62953 44 63007 21 63042 9 63055 121 63209 44 63264 20 63298 7 63312 120 63465 45 63521 19 63554 7 63569 120 63722 45 63777 19 63810 7 63825 120 63979 44 64033 20 64066 7 64081 120 64242 37 64288 22 64320 139 64461 7 64498 37 64544 23 64575 151 64754 36 64799 27 64831 155 65010 36 65054 189 65266 36 65309 192 65521 15
799282,47 39 112 37 160 2 305 36 367 38 417 1 561 36 623 38 673 1 818 34 865 9 879 38 923 8 1074 34 1120 55 1178 10 1331 31 1375 70 1586 32 1631 71 1842 33 1888 71 2098 33 2136 1 2144 71 2355 32 2389 4 2402 69 2611 32 2645 4 2659 68 2868 31 2901 3 2917 67 3125 30 3158 1 3173 67 3381 30 3430 65 3638 28 3685 66 3895 25 3941 66 4151 24 4197 66 4371 2 4409 21 4452 67 4626 4 4665 20 4708 67 4795 4 4881 6 4922 19 4963 68 5049 7 5137 6 5179 18 5220 67 5305 7 5393 6 5435 16 5477 67 5561 8 5649 6 5692 15 5733 66 5817 8 5906 5 5949 12 5991 63 6074 6 6163 4 6205 8 6248 61 6331 4 6421 1 6461 5 6505 60 6588 1 6717 4 6761 58 6971 4 7017 58 7078 1 7227 4 7239 3 7274 61 7483 5 7495 6 7530 61 7739 5 7750 7 7786 61 7995 4 8002 11 8042 34 8077 27 8194 3 8251 4 8258 12 8298 33 8335 25 8448 13 8507 19 8553 33 8590 10 8605 10 8704 15 8764 17 8809 32 8845 10 8862 7 8960 17 9005 6 9020 18 9063 34 9101 9 9216 18 9256 13 9276 19 9318 36 9357 9 9472 19 9511 14 9533 18 9573 38 9613 9 9728 19 9767 14 9789 18 9828 39 9869 9 9984 19 10023 14 10046 18 10077 45 10127 4 10240 19 10279 14 10303 18 10325 53 10384 2 10496 19 10522 3 10535 14 10559 74 10752 19 10777 6 10791 15 10815 73 11008 20 11033 30 11072 70 11264 20 11289 30 11329 66 11520 19 11543 33 11585 62 11776 19 11799 33 11841 60 12032 19 12055 34 12097 56 12288 19 12311 34 12353 37 12393 15 12544 19 12565 36 12609 37 12651 10 12800 19 12820 38 12865 37 12907 5 13056 59 13120 37 13312 59 13375 38 13568 99 13824 94 13919 3 14080 46 14127 46 14336 45 14383 45 14592 59 14655 26 14848 59 14911 24 15104 59 15167 14 15360 59 15424 13 15617 58 15683 6 15875 56 16131 56 16388 55 16645 53 16901 45 17157 43 17417 38 17676 31 17937 26 18194 21 18451 19 18707 16 18963 8 19223 2
804179,0 65536
809952,1535 1 2559 1 2813 3 3059 13 3314 14 3567 17 3821 19 4071 25 4327 25 4579 29 4833 31 5087 33 5340 36 5592 40 5846 42 6097 47 6352 48 6601 55 6856 56 7109 59 7359 65 7613 67 7867 69 8115 77 8370 78 8621 83 8876 84 9129 87 9381 91 9635 93 9891 93 10141 99 10395 101 10647 105 10900 108 11154 110 11405 115 11658 118 11912 120 12163 125 12419 125 12671 129 12925 131 13179 133 13435 133 13684 140 13937 143 14189 147 14443 149 14697 151 14951 153 15204 156 15459 157 15710 162 15965 163 16215 169 16469 171 16720 176 16972 180 17221 187 17475 189 17727 193 17981 195 18233 199 18487 201 18739 205 18993 207 19245 211 19500 212 19752 216 20006 218 20259 221 20512 224 20766 226 21019 229 21271 233 21525 235 21777 239 22031 241 22281 247 22535 43001
810943,0 5 15 242 271 241 527 241 783 241 1040 240 1301 235 1557 235 1812 236 2068 236 2321 239 2576 240 2830 242 3086 242 3338 246 3594 246 3850 246 4107 245 4363 245 4619 247 4874 248 5129 249 5384 250 5640 249 5896 248 6152 5368 11522 254 11778 254 12034 254 12290 254 12545 255 12801 255 13057 7 13069 243 13327 241 13584 240 13840 240 14096 240 14351 241 14606 242 14859 245 15113 247 15365 1 15369 247 15621 2 15625 247 15876 4 15881 247 16133 251 16389 6 16398 242 16645 6 16655 241 16901 7 16910 242 17159 6 17166 242 17415 249 17672 249 17928 249 18185 248 18441 247 18697 247 18953 247 19212 244 19469 243 19725 243 19983 9 19993 236 20230 18 20250 3 20255 249 20506 2 20511 248 20767 248 21023 247 21279 247 21535 246 21792 245 22049 244 22307 243 22563 243 22819 244 23075 246 23331 246 23586 248 23839 251 24095 252 24348 9991 34340 253 34597 252 34854 251 35110 250 35365 250 35620 251 35876 29660
822622,4858 4 5103 8 5113 7 5357 9 5369 7 5609 12 5624 8 5865 12 5879 9 6117 27 6364 1 6371 29 6619 6 6626 30 6873 39 7124 2 7128 40 7378 4 7384 40 7633 5 7641 17 7659 21 7888 7 7896 40 8132 2 8144 39 8185 7 8387 4 8400 39 8441 7 8642 5 8657 38 8696 8 8899 3 8914 46 9153 2 9170 46 9409 6 9419 53 9644 1 9663 65 9899 3 9917 67 10167 73 10422 74 10667 2 10676 76 10900 3 10920 9 10930 78 11154 7 11169 3 11173 91 11409 8 11423 97 11659 14 11675 22 11698 63 11763 13 11915 14 11931 22 11954 63 12019 13 12171 117 12428 110 12539 5 12683 117 12939 117 13193 110 13304 8 13427 2 13447 121 13675 12 13696 128 13931 12 13952 128 14187 14 14207 129 14444 13 14463 120 14587 5 14700 13 14719 120 14840 8 14955 14 14975 129 15190 1 15211 13 15230 130 15467 13 15486 130 15721 1 15724 12 15741 131 15977 1 15981 11 15997 131 16233 1 16237 10 16252 132 16489 2 16492 10 16507 133 16749 9 16761 121 16883 4 16889 7 17005 9 17015 122 17140 2 17146 6 17248 3 17261 131 17403 5 17503 5 17518 130 17659 5 17757 8 17776 2 17782 121 17915 5 18013 8 18038 11 18053 106 18171 5 18269 8 18291 14 18307 108 18525 8 18547 13 18563 108 18781 8 18803 14 18818 108 19037 8 19059 123 19293 8 19315 21 19342 95 19551 5 19571 21 19599 92 19827 21 19855 90 20083 21 20111 90 20210 1 20339 10 20351 9 20367 90 20595 10 20609 7 20623 91 20851 9 20866 4 20879 93 21107 8 21122 4 21134 95 21365 6 21378 4 21389 22 21418 67 21620 7 21634 4 21645 22 21672 69 21876 6 21891 2 21900 23 21927 70 22132 5 22147 2 22156 23 22183 69 22388 6 22403 1 22413 22 22439 69 22639 2 22644 7 22654 5 22669 20 22691 73 22893 5 22901 6 22909 6 22925 20 22947 72 23149 6 23157 5 23167 3 23183 18 23202 73 23403 9 23417 1 23424 2 23441 13 23457 75 23659 6 23673 1 23697 91 23915 2 23934 1 23952 92 24171 2 24190 1 24208 9 24218 82 24427 2 24464 91 24575 1 24683 2 24721 90 24831 1 24977 5 24985 82 25082 1 25086 2 25233 5 25241 82 25332 1 25343 1 25432 1 25481 3 25488 4 25496 82 25586 4 25599 1 25737 2 25744 3 25752 83 25842 3 25855 1 25961 4 25977 5 25993 2 25999 4 26007 71 26079 13 26098 1 26111 1 26217 4 26233 5 26249 2 26255 3 26263 70 26336 13 26353 2 26367 1 26473 4 26489 4 26505 1 26520 84 26610 1 26623 1 26746 3 26761 1 26777 82 26866 1 26965 4 27003 2 27012 1 27015 3 27034 81 27221 4 27259 2 27267 8 27290 81 27391 1 27475 5 27507 2 27515 16 27545 81 27647 1 27731 4 27762 3 27771 16 27801 81 27902 2 28015 6 28029 14 28057 80 28157 3 28271 6 28281 1 28285 14 28301 2 28311 80 28413 3 28524 10 28535 4 28540 5 28547 8 28557 3 28566 81 28658 1 28669 3 28778 22 28803 8 28813 4 28822 3 28826 77 28911 5 28925 3 29030 26 29059 8 29070 3 29077 83 29167 6 29181 3 29286 26 29316 7 29326 3 29333 83 29422 7 29439 1 29542 25 29573 4 29589 100 29798 25 29829 4 29835 2 29841 1 29845 82 29928 17 30047 3 30053 26 30087 1 30089 4 30096 87 30189 12 30303 4 30309 29 30345 4 30352 87 30446 11 30558 32 30592 2 30601 96 30701 13 30716 1 30814 31 30849 2 30857 119 31069 32 31104 5 31112 120 31325 158 31487 1 31580 157 31836 157 32091 164 32346 133 32481 30 32601 133 32739 29 32856 133 32995 29 33111 134 33251 29 33354 5 33368 133 33507 29 33606 9 33624 134 33763 29 33861 10 33881 2 33884 130 34019 6 34027 21 34117 11 34138 49 34189 82 34275 11 34288 16 34373 8 34383 4 34394 47 34445 82 34531 8 34545 15 34628 7 34639 8 34650 48 34702 92 34801 15 34884 7 34895 9 34906 34 34941 13 34957 92 35057 15 35134 1 35140 6 35151 42 35199 12 35213 78 35294 11 35313 15 35390 1 35395 7 35407 42 35455 92 35550 11 35569 15 35651 6 35662 43 35710 83 35799 5 35805 13 35824 16 35907 6 35918 44 35966 82 36057 18 36079 17 36163 6 36174 120 36296 7 36313 39 36419 3 36430 117 36553 4 36569 39 36685 116 36824 40 36936 2 36941 116 37080 40 37192 3 37196 117 37335 41 37449 2 37452 118 37585 2 37589 43 37707 119 37838 50 37963 119 38093 51 38219 118 38347 53 38474 119 38603 53 38730 119 38853 59 38986 182 39242 117 39360 64 39498 182 39753 183 40009 183 40239 6 40265 183 40494 8 40519 185 40749 10 40774 186 41005 10 41028 188 41260 10 41276 185 41465 7 41516 11 41531 185 41721 7 41772 12 41785 187 41976 8 42028 194 42225 3 42232 8 42283 23 42309 168 42481 3 42486 10 42538 23 42565 167 42738 14 42794 23 42821 166 42997 3 43050 23 43077 166 43309 3 43315 184 43571 184 43827 4 43833 178 44083 3 44089 178 44342 1 44345 182 44598 1 44601 184 44854 1 44857 186 45112 187 45355 2 45368 187 45611 2 45625 1 45631 180 45889 178 46125 2 46145 177 46379 2 46401 176 46633 4 46645 2 46656 177 46889 4 46899 4 46911 178 47146 3 47155 5 47163 1 47166 179 47403 1 47411 190 47666 190 47922 189 48154 1 48177 190 48433 189 48689 189 48945 188 49201 186 49440 1 49452 190 49696 1 49707 190 49951 2 49963 191 50205 4 50219 69 50290 120 50461 2 50474 69 50548 118 50716 3 50730 69 50805 117 50971 4 50985 70 51061 117 51228 3 51241 71 51317 117 51485 2 51496 73 51573 114 51741 2 51751 74 51829 114 51962 1 51967 1 51997 2 52007 74 52085 112 52218 6 52253 2 52263 74 52341 112 52474 6 52509 1 52519 73 52598 111 52732 4 52774 73 52854 112 52988 4 53027 68 53098 4 53111 111 53245 3 53275 4 53283 75 53365 113 53502 2 53529 7 53541 1 53545 69 53616 106 53723 12 53759 1 53784 9 53801 177 53979 12 54015 1 54039 11 54058 189 54270 2 54295 12 54314 189 54525 3 54551 11 54569 93 54663 96 54778 3 54807 11 54825 93 54919 95 55034 2 55056 5 55063 10 55079 95 55175 93 55287 5 55312 5 55321 8 55335 187 55541 8 55568 3 55583 2 55589 188 55783 3 55796 9 55824 3 55839 2 55845 188 56039 4 56052 9 56079 6 56093 2 56101 186 56309 8 56335 6 56349 2 56358 185 56565 7 56592 5 56605 1 56613 79 56695 102 56823 5 56848 5 56869 79 56953 2 56957 96 57081 2 57107 1 57125 78 57214 92 57381 78 57469 92 57637 19 57657 55 57724 92 57893 18 57914 53 57980 1 57983 88 58149 16 58168 21 58191 18 58212 11 58239 87 58406 14 58423 22 58447 17 58470 5 58495 86 58663 38 58703 17 58751 10 58762 75 58920 37 58959 12 58972 4 59007 10 59019 75 59176 5 59183 38 59225 6 59263 9 59277 73 59431 47 59479 8 59519 8 59533 73 59687 34 59725 18 59776 5 59789 73 59943 34 59981 16 60033 4 60046 6 60053 65 60197 34 60234 15 60301 73 60453 8 60463 22 60489 16 60556 74 60709 8 60719 22 60745 15 60811 2 60815 71 60965 32 61001 14 61068 1 61072 70 61221 30 61254 15 61281 1 61329 70 61439 1 61477 9 61487 20 61513 11 61569 1 61574 5 61585 70 61745 14 61769 8 61823 5 61829 6 61839 74 62001 14 62025 8 62079 13 62093 76 62257 12 62281 8 62331 94 62513 4 62537 7 62563 1 62587 94 62793 5 62802 8 62819 1 62843 94 63050 3 63057 10 63099 94 63279 3 63307 1 63313 10 63337 3 63356 92 63536 1 63563 1 63569 10 63585 2 63592 5 63612 91 63792 1 63824 10 63840 4 63848 7 63868 19 63889 70 64079 11 64096 5 64104 8 64130 12 64146 69 64255 1 64335 9 64351 6 64363 5 64386 13 64404 67 64511 1 64591 8 64606 8 64619 4 64643 12 64662 65 64767 1 64806 3 64847 7 64861 8 64877 2 64883 2 64899 12 64922 63 65021 3 65061 5 65095 3 65105 4 65117 8 65139 5 65155 12 65177 64 65276 4 65306 17 65348 7 65357 2 65362 3 65374 6 65393 9 65412 11 65431 66 65531 5
826515,0 1366 1369 2810 4183 252 4439 252 4694 60842
830714,0 65536
839719,0 65536
841484,6073 4 6329 5 6583 12 6838 14 7092 19 7112 3 7347 25 7602 27 7857 28 8111 30 8366 31 8621 32 8876 33 9132 32 9388 32 9644 31 9900 31 10155 32 10411 31 10667 30 10923 30 11181 28 11437 27 11693 26 11949 26 12205 28 12461 28 12717 28 12973 28 13227 31 13483 30 13739 30 13995 30 14253 26 14509 23 14765 21 15022 19 15279 18 15535 18 15792 17 16048 17 16302 20 16558 20 16813 22 17069 24 17326 24 17582 24 17839 24 18095 24 18352 23 18608 24 18865 22 19123 20 19381 18 19638 17 19897 14 20154 12 20411 11 20668 10 20925 8 21182 7 21440 5 27591 6 27844 9 28099 11 28355 12 28611 12 28866 14 29107 8 29121 16 29360 13 29376 17 29587 5 29615 34 29659 7 29841 8 29871 34 29912 11 30095 13 30121 40 30164 17 30189 5 30349 16 30375 42 30419 32 30604 19 30632 77 30859 20 30889 76 31115 22 31145 77 31371 24 31403 76 31627 28 31659 76 31883 29 31915 76 32113 6 32139 30 32171 76 32368 9 32395 30 32427 76 32523 3 32624 10 32652 109 32778 5 32880 11 32918 100 33033 6 33125 4 33137 11 33175 101 33289 5 33380 5 33395 9 33430 103 33545 4 33635 7 33653 6 33685 107 33802 1 33891 7 33909 6 33940 108 34146 7 34166 5 34197 111 34401 8 34423 3 34453 116 34657 8 34679 4 34709 117 34913 8 34934 6 34965 119 35169 7 35190 7 35208 3 35221 120 35425 7 35445 8 35464 4 35477 120 35682 6 35701 9 35719 5 35734 119 35938 5 35957 10 35975 5 35991 118 36194 5 36214 9 36246 119 36449 6 36470 10 36502 119 36705 6 36727 9 36757 119 36961 6 36983 9 37013 117 37218 5 37240 8 37269 116 37475 2 37497 6 37525 107 37634 2 37754 4 37780 108 38011 2 38035 109 38229 5 38291 109 38484 7 38547 109 38734 1 38739 8 38803 109 38987 4 38993 10 39059 109 39243 18 39317 107 39498 19 39573 107 39752 21 39829 107 40008 22 40085 85 40173 19 40263 24 40343 80 40429 19 40518 27 40552 4 40599 80 40685 19 40773 29 40805 10 40857 78 40940 20 41028 30 41061 11 41113 78 41195 21 41281 33 41317 12 41357 4 41371 74 41451 21 41536 34 41573 13 41611 6 41627 74 41706 22 41779 7 41792 33 41829 14 41866 9 41884 71 41961 11 41979 5 42034 9 42047 34 42085 15 42122 9 42141 70 42217 10 42237 3 42289 10 42303 34 42341 15 42377 11 42399 33 42435 30 42475 7 42545 12 42559 34 42597 15 42632 13 42657 30 42691 28 42731 6 42799 50 42853 15 42887 14 42916 28 42949 22 42987 6 43054 51 43109 15 43142 15 43173 27 43205 21 43245 2 43309 52 43365 15 43391 22 43429 28 43466 14 43565 52 43621 15 43647 22 43685 28 43724 11 43820 53 43879 12 43903 22 43941 30 43984 3 44075 54 44135 12 44159 22 44197 30 44332 52 44394 10 44415 22 44453 31 44588 52 44651 10 44670 22 44709 31 44845 41 44889 4 44907 10 44926 22 44965 32 45102 39 45152 2 45163 12 45182 22 45221 32 45360 35 45407 6 45419 15 45438 21 45477 34 45617 33 45661 9 45675 40 45734 32 45874 31 45915 13 45930 42 45990 31 46131 29 46171 14 46186 42 46247 30 46393 23 46426 59 46503 28 46650 22 46682 59 46759 21 46781 4 46907 21 46937 60 47016 16 47164 19 47193 60 47273 14 47423 16 47448 62 47529 11 47681 14 47703 62 47786 9 47940 9 47958 63 48197 7 48213 64 48456 1 48469 29 48501 30 48669 4 48725 29 48758 28 48923 7 48981 29 49015 25 49178 9 49237 29 49271 22 49432 11 49493 30 49528 19 49687 12 49749 30 49785 18 49942 13 50006 29 50041 16 50197 14 50263 12 50276 15 50298 15 50453 13 50519 10 50533 13 50555 14 50708 14 50776 7 50791 11 50812 13 50963 14 51048 9 51073 7 51219 14 51305 7 51331 4 51451 5 51474 15 51681 4 51705 7 51729 17 51936 6 51960 8 51985 17 52191 8 52215 9 52240 18 52447 10 52470 10 52497 18 52703 12 52726 10 52753 18 52958 13 52982 10 53011 16 53213 16 53238 10 53268 14 53469 18 53494 10 53529 8 53723 24 53750 10 53785 8 53974 42 54045 2 54225 47 54480 48 54733 51 54988 52 55243 53 55498 54 55753 55 56009 55 56265 55 56521 55 56777 55 57033 55 57290 54 57547 53 57805 51 58061 51 58320 48 58456 3 58577 38 58616 8 58709 8 58835 36 58874 6 58965 9 59091 36 59130 6 59219 12 59348 35 59386 6 59475 12 59605 34 59642 6 59731 12 59870 25 59898 6 59987 12 60127 23 60154 6 60243 12 60384 22 60410 6 60499 12 60641 21 60666 6 60755 10 60898 19 60921 7 61011 10 61156 17 61177 7 61267 8 61420 8 61433 7 61526 3 61690 6 61947 5 62203 5 62459 5 62715 5 62971 5 63227 5 63483 5 63739 5 63854 1 63996 4 64105 6 64253 3 64359 9 64615 10 64870 11 65126 11 65383 9
842508,165 8 181 9 195 10 211 8 233 14 435 10 450 26 491 14 691 9 706 27 747 14 945 11 961 30 1003 14 1201 11 1217 35 1260 13 1456 12 1473 36 1516 13 1712 12 1729 36 1773 11 1968 11 1985 36 2030 9 2224 11 2241 36 2287 8 2480 10 2497 36 2545 6 2735 11 2753 36 2808 4 2990 11 3009 36 3063 8 3245 12 3265 36 3318 10 3501 12 3520 37 3574 10 3757 12 3776 37 3830 10 4012 13 4031 37 4087 9 4268 13 4287 37 4343 9 4523 15 4543 37 4600 8 4779 15 4799 36 4857 7 5013 5 5035 16 5055 36 5115 5 5269 6 5291 16 5312 35 5373 1 5525 6 5547 16 5568 9 5582 19 5781 6 5803 15 5825 8 5839 18 6037 6 6059 14 6098 10 6293 6 6315 14 6355 6 6547 8 6571 12 6802 9 6827 12 7057 10 7082 12 7313 10 7337 13 7569 8 7593 13 7826 7 7849 13 8084 3 8105 13 8361 13 8618 11 8875 9 9136 3 13222 4 13479 4 13735 6 13775 10 13991 6 14030 12 14247 8 14285 15 14499 12 14541 15 14749 18 14795 18 15003 20 15051 18 15257 22 15283 5 15307 18 15513 22 15539 6 15561 20 15769 24 15794 9 15815 22 16025 34 16069 24 16281 34 16321 28 16537 34 16576 28 16793 34 16831 28 17049 24 17077 7 17085 30 17306 23 17336 34 17563 22 17591 36 17819 22 17846 39 18075 22 18101 40 18331 22 18357 41 18587 22 18613 41 18843 22 18867 43 19099 22 19122 44 19355 22 19378 44 19611 22 19634 44 19867 16 19890 43 20123 14 20146 43 20381 12 20402 42 20638 10 20658 41 20895 8 20914 40 21151 8 21170 39 21407 8 21427 38 21663 9 21683 38 21919 10 21941 35 22175 10 22198 33 22431 10 22456 29 22687 10 22713 27 22943 10 22971 24 23199 9 23227 25 23455 8 23488 20 23713 5 23744 19 24000 19 24256 19 24513 16 24769 16 25027 12 25283 11 25525 4 25781 4 26037 3 26293 3 26811 2 27065 8 27320 18 27575 20 27831 20 28087 22 28343 22 28599 26 28855 27 29113 31 29369 31 29627 29 29883 30 30141 28 30397 28 30652 29 30907 30 31162 31 31417 32 31673 32 31928 33 32184 35 32440 37 32696 41 32953 40 33209 40 33465 40 33721 40 33977 40 34232 42 34488 42 34743 44 34999 45 35254 47 35511 38 35553 2 35767 35 36024 33 36281 32 36537 32 36795 30 37051 31 37308 30 37565 29 37823 28 38080 26 38336 24 38592 22 38848 19 39104 19 39360 17 39616 17 39871 16 40127 14 40383 10 40639 8 40895 5 41151 4 41407 4 41663 4 41918 7 42174 7 42430 7 42686 7 42942 7 43198 7 43453 9 43710 7 43966 7 44223 5 45260 9 45514 16 45767 20 46017 27 46063 6 46273 28 46319 7 46529 28 46574 10 46785 28 46829 12 47040 29 47084 14 47296 29 47339 15 47553 28 47594 17 47809 28 47850 17 48066 27 48105 18 48323 25 48361 18 48580 23 48618 16 48837 21 48875 15 49096 15 49135 10 49352 15 49392 9 49609 12 49865 12 50123 8 50381 5 51682 5 51938 5 52193 6 52449 6 52705 6 52960 6 53188 6 53201 1 53211 12 53443 9 53453 6 53467 13 53699 17 53722 15 53955 18 53975 18 54211 39 54467 39 54723 40 54767 6 54980 40 55021 9 55237 50 55493 51 55750 51 56006 52 56263 51 56519 51 56776 50 57032 50 57288 50 57543 51 57796 53 58051 41 58093 12 58306 39 58348 13 58561 38 58604 13 58816 38 58859 14 59071 32 59105 4 59115 14 59327 30 59370 14 59583 30 59624 15 59839 29 59877 18 59903 1 60095 28 60133 18 60159 1 60351 26 60388 19 60414 2 60607 26 60643 21 60669 3 60863 25 60899 22 60924 4 61119 24 61155 22 61179 5 61376 23 61412 22 61435 5 61632 23 61668 22 61691 5 61888 23 61925 27 62145 22 62183 21 62205 3 62401 22 62441 23 62657 22 62698 20 62915 20 62954 21 63171 20 63209 22 63429 18 63465 23 63686 17 63720 24 63947 11 63976 24 64203 10 64231 25 64459 8 64484 28 64714 8 64739 23 64765 3 64969 9 64993 25 65022 2 65225 8 65249 26 65279 1 65480 9 65505 27
844747,0 60 83 1 98 6 115 2 119 56 233 2 255 62 339 1 354 6 375 55 511 63 595 1 605 3 611 4 630 56 767 68 851 2 857 8 868 3 885 56 1015 80 1107 2 1111 12 1124 4 1139 57 1270 82 1363 16 1380 4 1394 57 1523 85 1618 22 1649 58 1779 84 1873 24 1904 59 2035 84 2128 25 2159 60 2291 84 2384 25 2415 60 2545 86 2640 26 2671 60 2801 86 2897 25 2927 58 3055 88 3153 25 3183 55 3311 90 3411 23 3443 49 3565 93 3668 21 3700 47 3821 96 3925 18 3959 43 4077 98 4182 17 4216 41 4333 99 4439 14 4473 40 4579 6 4587 102 4695 13 4730 39 4835 7 4843 104 4951 12 4987 37 5090 113 5208 11 5244 21 5267 12 5346 113 5466 9 5504 6 5513 6 5602 115 5723 8 5761 4 5770 4 5859 37 5899 74 5981 4 6049 2 6115 35 6156 73 6304 4 6371 36 6413 72 6559 7 6628 35 6669 72 6814 13 6884 35 6926 71 7019 4 7070 16 7140 35 7183 70 7274 7 7326 17 7397 34 7440 68 7529 17 7583 18 7654 32 7696 68 7785 18 7839 18 7911 30 7953 66 8038 22 8094 20 8133 6 8168 29 8210 65 8293 24 8350 21 8388 13 8424 29 8467 64 8548 25 8606 21 8644 15 8681 28 8724 63 8803 26 8862 21 8901 16 8937 27 8982 21 9004 39 9058 28 9118 21 9157 22 9195 25 9239 20 9261 38 9314 29 9374 20 9413 22 9451 24 9497 15 9518 37 9570 31 9631 18 9669 24 9709 22 9754 14 9775 36 9825 32 9886 19 9926 23 9967 18 10018 5 10031 35 10081 33 10142 19 10183 7 10193 13 10227 14 10287 35 10335 35 10398 19 10441 3 10453 10 10483 13 10543 33 10589 36 10653 20 10709 10 10741 11 10790 41 10845 36 10909 24 10967 8 10999 9 11045 42 11100 35 11165 27 11223 16 11257 7 11299 45 11356 35 11421 27 11476 21 11514 6 11554 22 11579 22 11610 35 11677 28 11731 24 11810 22 11835 22 11866 34 11933 29 11987 24 12065 22 12091 22 12122 34 12190 27 12241 28 12321 20 12347 22 12378 34 12447 18 12466 7 12494 31 12577 20 12604 21 12633 34 12704 26 12747 35 12833 20 12860 21 12887 35 12960 26 13002 36 13089 10 13103 6 13117 20 13142 34 13217 11 13229 14 13257 37 13346 7 13359 6 13373 20 13397 34 13474 10 13485 14 13513 37 13617 3 13629 21 13653 30 13716 3 13732 5 13739 16 13770 36 13885 22 13908 30 13971 4 13996 16 14026 37 14141 52 14227 5 14253 15 14283 36 14396 53 14483 5 14509 15 14539 36 14651 52 14739 7 14765 15 14795 36 14907 51 14995 8 15021 15 15051 37 15163 50 15235 8 15251 8 15277 15 15307 38 15420 48 15490 10 15507 8 15521 4 15533 15 15563 38 15677 40 15737 20 15763 9 15775 10 15787 17 15819 38 15933 40 15993 20 16019 41 16075 38 16190 40 16249 67 16332 37 16449 38 16505 67 16588 37 16705 38 16760 68 16844 37 16890 6 16962 37 17015 39 17055 30 17099 37 17143 9 17218 37 17270 39 17312 32 17353 38 17397 11 17474 38 17525 40 17568 32 17609 38 17651 13 17730 38 17781 40 17824 34 17865 55 17985 40 18036 41 18081 34 18120 56 18194 5 18240 41 18292 41 18336 35 18376 56 18449 6 18495 43 18548 41 18592 35 18631 57 18703 10 18749 46 18805 39 18847 23 18873 71 18959 10 19004 47 19061 39 19103 22 19129 71 19215 10 19259 48 19317 38 19359 22 19393 63 19473 8 19515 49 19573 38 19616 21 19649 63 19731 4 19771 50 19828 37 19874 20 19905 63 20027 50 20081 38 20130 20 20161 63 20284 49 20337 39 20387 19 20416 64 20540 49 20593 39 20643 19 20671 65 20796 49 20849 39 20901 18 20927 65 21006 1 21022 5 21051 50 21105 40 21157 19 21183 65 21259 9 21272 13 21305 51 21363 38 21416 19 21437 67 21515 10 21526 16 21561 51 21619 38 21673 87 21771 30 21817 52 21877 35 21932 84 22027 31 22073 52 22134 34 22194 78 22282 40 22327 54 22391 34 22449 79 22538 41 22583 55 22647 38 22705 79 22793 102 22903 40 22960 80 23049 102 23159 43 23215 81 23304 105 23413 48 23471 81 23559 106 23671 47 23727 81 23815 105 23927 48 23982 82 24071 104 24184 48 24238 82 24327 104 24441 48 24493 83 24583 104 24698 49 24749 83 24839 104 24956 48 25005 83 25095 104 25213 47 25261 83 25352 104 25471 44 25517 83 25609 103 25727 44 25773 83 25866 103 25983 43 26030 82 26123 22 26148 77 26239 42 26287 81 26388 11 26406 75 26494 45 26543 81 26652 2 26662 75 26749 47 26800 80 26919 75 27005 48 27057 79 27175 74 27261 49 27313 79 27431 74 27516 51 27571 77 27689 72 27772 51 27827 77 27945 71 28028 91 28121 38 28203 68 28284 56 28341 34 28379 35 28469 57 28541 89 28635 34 28725 56 28798 88 28891 34 28982 53 29057 84 29147 34 29238 52 29314 83 29404 33 29495 48 29570 82 29670 23 29751 46 29827 80 29927 22 30008 44 30083 80 30183 21 30265 42 30339 54 30395 23 30440 19 30521 41 30595 54 30654 20 30697 17 30778 39 30850 55 30912 17 30953 17 31034 31 31105 56 31170 15 31211 15 31289 28 31361 56 31426 19 31467 14 31545 24 31617 56 31683 20 31727 8 31740 4 31801 24 31873 56 31939 22 31983 8 31995 5 32007 2 32057 26 32129 56 32195 22 32242 8 32251 5 32263 2 32312 28 32385 56 32452 22 32500 6 32507 5 32519 2 32568 29 32639 56 32709 21 32756 12 32775 3 32824 29 32894 56 32967 19 33011 13 33031 4 33080 30 33149 55 33224 18 33247 2 33267 13 33288 2 33336 30 33403 57 33481 18 33503 4 33522 14 33593 31 33633 4 33658 57 33737 27 33776 16 33849 33 33889 4 33914 57 33994 26 34030 18 34105 36 34143 7 34169 58 34250 16 34267 9 34284 20 34362 36 34399 7 34425 57 34506 15 34524 8 34539 21 34618 44 34681 51 34733 4 34763 14 34779 10 34794 22 34875 43 34937 50 34997 5 35019 14 35035 10 35050 22 35131 43 35193 32 35230 11 35251 8 35275 12 35291 10 35305 23 35388 42 35449 32 35487 9 35505 10 35532 11 35546 11 35561 23 35645 41 35705 32 35760 12 35791 7 35801 12 35817 23 35901 41 35961 32 36016 12 36056 13 36073 23 36152 46 36213 36 36269 15 36310 15 36328 24 36407 47 36467 38 36523 17 36565 43 36663 47 36722 39 36778 17 36821 43 36919 47 36977 40 37034 17 37076 44 37174 48 37232 40 37289 17 37331 45 37429 49 37488 39 37545 16 37586 46 37683 51 37744 37 37801 12 37842 46 37939 51 38000 35 38057 10 38098 46 38160 1 38196 50 38256 35 38355 45 38415 3 38453 49 38512 35 38611 45 38671 4 38710 47 38768 34 38868 44 38927 5 38966 47 39024 33 39125 43 39183 5 39223 44 39280 33 39381 43 39439 5 39479 44 39536 32 39639 41 39698 2 39735 42 39793 29 39898 38 39991 42 40049 28 40155 37 40209 5 40247 43 40305 28 40411 37 40465 6 40503 43 40562 27 40668 36 40721 6 40759 44 40818 27 40924 36 40977 6 41015 44 41075 26 41181 35 41233 7 41272 43 41331 26 41437 35 41489 8 41529 42 41589 24 41693 35 41745 9 41785 42 41846 23 41891 4 41950 34 42001 10 42042 41 42103 22 42147 5 42207 33 42258 12 42298 40 42365 14 42401 8 42463 33 42515 12 42554 39 42657 8 42719 33 42771 12 42811 37 42913 8 42955 6 42968 40 43027 12 43067 36 43169 8 43210 7 43223 41 43284 11 43323 28 43411 6 43426 6 43464 56 43540 11 43580 25 43653 5 43667 7 43683 4 43719 57 43797 10 43837 20 43907 9 43922 9 43974 58 44053 10 44095 17 44162 11 44177 10 44229 59 44309 10 44354 13 44416 27 44484 60 44564 10 44612 11 44671 28 44739 61 44820 11 44871 6 44926 29 44993 63 45076 11 45181 30 45249 63 45332 11 45435 32 45503 65 45589 11 45690 33 45758 66 45845 12 45944 35 46014 55 46077 3 46101 12 46199 36 46270 55 46334 2 46357 12 46453 38 46526 54 46589 3 46613 12 46707 40 46783 53 46845 3 46869 12 46960 43 47038 53 47101 3 47125 12 47173 2 47215 44 47293 54 47358 2 47381 12 47425 8 47469 46 47549 54 47614 2 47638 11 47681 10 47725 46 47804 55 47870 2 47895 10 47936 13 47981 45 48059 56 48127 1 48151 10 48192 13 48237 44 48315 56 48383 1 48409 8 48448 13 48494 43 48571 56 48666 6 48704 13 48750 43 48827 56 48923 4 48960 13 49006 42 49070 10 49083 55 49216 13 49262 41 49323 14 49339 55 49473 10 49517 42 49578 15 49594 55 49729 10 49773 42 49831 74 49985 9 50028 42 50083 78 50241 8 50284 41 50338 79 50497 8 50539 42 50593 80 50752 9 50771 3 50795 42 50847 82 51007 13 51024 7 51049 44 51101 84 51199 1 51262 25 51305 44 51357 84 51455 1 51516 28 51560 45 51613 83 51711 1 51771 30 51816 45 51869 84 51966 2 52023 34 52073 44 52124 85 52219 5 52279 35 52330 43 52380 85 52473 7 52533 38 52587 42 52637 84 52727 9 52789 39 52843 42 52893 84 52983 9 53043 42 53100 40 53149 84 53237 11 53298 43 53357 39 53405 83 53493 11 53551 48 53613 38 53662 69 53737 4 53749 11 53806 49 53869 38 53918 68 54004 12 54061 50 54125 38 54175 66 54259 13 54317 3 54321 46 54381 37 54431 57 54514 14 54577 46 54637 38 54687 52 54768 16 54834 45 54894 37 54943 52 55022 18 55090 45 55150 37 55200 49 55275 21 55346 45 55407 36 55456 49 55530 22 55603 44 55663 36 55713 48 55785 23 55859 44 55919 36 55969 48 56041 23 56115 43 56176 35 56225 46 56297 23 56371 43 56432 35 56481 46 56553 23 56628 42 56689 32 56737 44 56808 24 56884 42 56946 31 56994 42 57063 25 57123 1 57140 42 57203 28 57250 40 57317 27 57396 42 57459 28 57506 39 57573 27 57651 43 57715 26 57763 31 57829 27 57907 43 57971 26 58019 30 58085 27 58163 42 58229 23 58275 30 58339 29 58419 42 58486 21 58531 30 58595 29 58675 40 58744 18 58788 29 58850 30 58932 38 59001 17 59045 28 59105 31 59189 34 59259 13 59303 25 59361 31 59445 34 59515 11 59560 23 59617 31 59701 32 59817 20 59872 32 59957 31 60074 19 60128 32 60215 28 60331 14 60385 31 60472 25 60587 12 60641 31 60729 23 60843 10 60896 32 60986 21 61101 8 61151 33 61244 18 61359 4 61406 34 61502 15 61615 4 61661 35 61761 11 61873 2 61916 36 62019 8 62129 1 62172 36 62428 36 62684 36 62941 35 63197 35 63454 34 63710 34 63967 33 64223 33 64470 42 64574 5 64725 43 64829 6 64979 45 65084 7 65235 45 65339 8 65406 5 65488 48
846389,146 22 248 8 401 22 503 9 595 1 657 22 759 9 851 2 913 22 1015 9 1107 4 1168 23 1270 10 1363 6 1423 24 1526 10 1621 3 1679 24 1781 11 1935 24 2037 11 2101 2 2110 1 2191 24 2293 11 2356 5 2365 2 2447 24 2549 11 2611 7 2621 2 2703 24 2804 12 2867 8 2876 3 2959 25 3060 12 3123 12 3215 25 3316 12 3379 12 3471 25 3571 13 3635 8 3727 25 3827 13 3892 6 3983 25 4083 13 4149 4 4239 25 4339 13 4454 5 4495 25 4595 13 4709 7 4751 24 4851 13 4965 7 5006 25 5105 15 5223 5 5261 26 5361 15 5481 1 5517 25 5616 16 5772 26 5872 16 6027 27 6128 16 6283 27 6384 16 6539 28 6640 16 6795 28 6897 15 7051 28 7153 15 7189 1 7307 28 7394 1 7410 14 7444 4 7565 26 7649 5 7668 12 7700 4 7821 26 7905 5 7924 12 7956 5 8077 27 8161 4 8181 11 8212 5 8333 27 8437 11 8469 4 8499 6 8590 27 8693 11 8725 2 8754 8 8846 27 8949 11 9009 10 9103 26 9203 13 9265 10 9359 26 9443 6 9452 20 9521 10 9615 26 9697 31 9777 10 9871 26 9951 33 10033 9 10127 25 10207 33 10289 8 10383 24 10463 33 10547 4 10639 23 10719 33 10895 23 10975 33 11152 20 11232 32 11408 19 11489 31 11665 16 11746 30 11921 15 12002 30 12178 13 12259 29 12435 12 12515 29 12694 9 12771 29 12951 8 13027 29 13208 7 13281 31 13465 5 13535 33 13723 2 13789 35 13980 1 14045 35 14301 35 14557 35 14813 35 15069 35 15325 35 15581 35 15839 33 16095 33 16183 4 16353 31 16438 5 16610 30 16693 8 16867 29 16949 8 17123 29 17204 9 17243 2 17380 28 17460 9 17499 4 17636 28 17717 8 17755 4 17893 27 17974 6 18011 5 18149 27 18267 7 18405 27 18523 8 18661 27 18779 8 18918 26 19035 8 19174 26 19278 1 19291 9 19431 25 19547 7 19687 25 19944 24 20201 23 20457 23 20712 24 20968 24 21223 25 21351 3 21479 25 21600 3 21605 6 21735 25 21853 15 21945 1 21990 26 22109 16 22199 6 22246 26 22365 16 22455 8 22502 26 22621 16 22711 9 22758 26 22877 16 22967 10 23013 27 23133 16 23223 12 23269 27 23389 16 23480 13 23523 29 23645 17 23736 13 23779 29 23901 18 23993 12 24031 33 24158 17 24250 11 24286 34 24411 20 24509 7 24541 35 24667 20 24767 4 24796 36 24922 21 25052 36 25177 22 25309 35 25433 21 25566 34 25689 21 25823 33 25945 21 26080 32 26201 21 26336 32 26457 21 26593 29 26713 21 26849 29 26970 19 27105 30 27226 19 27362 29 27482 18 27619 28 27738 15 27875 28 27995 12 28131 29 28251 12 28387 29 28504 15 28645 18 28667 4 28759 16 28901 18 29001 4 29014 17 29158 15 29257 4 29270 17 29415 14 29512 7 29525 18 29673 9 29768 7 29781 18 29922 1 29929 8 30025 6 30037 19 30177 3 30185 9 30282 5 30291 21 30415 2 30433 3 30440 10 30547 21 30671 3 30697 8 30803 22 30927 3 30953 8 31058 23 31139 4 31183 4 31209 6 31314 23 31395 5 31466 4 31570 23 31648 10 31826 23 31903 12 32083 22 32155 18 32339 22 32410 19 32601 16 32667 19 32859 14 32923 20 33117 12 33182 17 33247 2 33373 12 33439 16 33501 8 33631 10 33696 15 33753 14 33859 1 33887 10 33953 14 34009 14 34142 12 34210 11 34265 15 34397 14 34467 8 34521 15 34653 14 34778 15 34909 14 35035 14 35132 6 35165 14 35291 15 35387 10 35421 14 35547 14 35641 13 35676 15 35803 14 35897 14 35932 15 36060 12 36096 1 36153 16 36188 16 36255 6 36316 13 36352 2 36409 16 36444 16 36510 9 36573 12 36608 3 36665 17 36692 24 36765 10 36829 12 36852 1 36864 3 36921 17 36946 26 37021 10 37086 12 37108 2 37120 4 37178 17 37199 29 37275 13 37343 11 37363 4 37376 4 37434 17 37455 29 37531 14 37599 12 37620 2 37632 4 37690 17 37711 29 37787 14 37854 15 37888 4 37946 50 38043 14 38087 1 38109 16 38144 3 38201 51 38297 16 38335 10 38362 22 38400 1 38456 53 38553 16 38590 11 38617 24 38647 1 38711 54 38776 2 38808 17 38845 12 38873 24 38903 2 38967 54 39031 4 39063 18 39101 13 39128 25 39158 5 39223 54 39285 8 39319 16 39355 17 39383 38 39479 53 39541 10 39575 16 39611 17 39638 39 39736 50 39797 13 39830 17 39866 19 39893 42 39993 48 40053 14 40086 17 40122 21 40145 2 40149 42 40251 44 40311 16 40342 16 40376 72 40508 37 40546 3 40567 16 40598 16 40631 73 40766 35 40820 20 40854 15 40885 75 41023 34 41075 21 41110 15 41141 75 41279 35 41330 22 41365 14 41397 75 41535 36 41585 22 41621 14 41653 75 41790 37 41833 29 41876 15 41897 4 41908 76 42046 37 42089 28 42131 17 42151 7 42163 77 42301 38 42347 25 42383 19 42411 2 42419 77 42557 38 42603 24 42636 21 42668 1 42674 78 42768 3 42786 13 42811 40 42859 22 42887 28 42929 79 43024 4 43041 16 43067 40 43115 21 43141 31 43184 80 43280 5 43287 28 43322 39 43371 20 43397 32 43440 80 43537 35 43577 39 43627 20 43652 34 43695 81 43797 32 43831 38 43883 17 43907 37 43951 81 44053 33 44087 36 44139 16 44163 38 44207 82 44308 70 44395 17 44419 43 44463 84 44564 69 44650 18 44675 129 44820 15 44836 53 44905 20 44932 129 45076 13 45093 52 45161 20 45188 129 45332 12 45351 52 45417 21 45445 120 45568 5 45588 11 45607 58 45671 24 45701 113 45817 2 45824 5 45844 9 45863 90 45957 112 46080 5 46101 8 46118 92 46213 112 46336 4 46357 6 46374 207 46613 4 46629 208 46856 1 46865 8 46884 209 47110 6 47119 11 47139 210 47365 22 47393 212 47621 22 47648 212 47877 238 48133 237 48389 236 48645 236 48893 3 48902 235 49146 6 49158 235 49401 7 49415 234 49655 9 49671 234 49909 11 49927 235 50163 13 50183 249 50437 251 50692 252 50947 253 51202 254 51457 287 51745 253 52001 194 52199 54 52257 192 52455 54 52513 190 52711 54 52769 190 52967 54 53023 190 53223 246 53479 242 53735 237 53979 2 53990 249 54246 250 54502 249 54758 249 55014 248 55270 248 55526 247 55782 245 56038 243 56293 244 56548 245 56801 248 57057 247 57311 250 57566 251 57821 252 58077 2892 60970 253 61228 251 61483 252 61739 252 61994 252 62249 253 62505 253 62759 255 63015 2521
850742,0 18965 18966 255 19223 252 19479 249 19737 246 19994 244 20251 242 20507 242 20764 241 21020 242 21276 242 21531 243 21787 244 22042 245 22297 246 22552 248 22807 249 23062 251 23317 252 23572 253 23828 253 24084 2733 26818 234 27076 231 27335 226 27595 10 27613 204 27852 9 27871 197 28130 193 28387 194 28642 197 28897 198 29149 202 29401 206 29655 208 29910 209 30165 210 30414 3 30419 212 30669 218 30925 218 31181 218 31437 220 31689 228 31945 230 32191 241 32447 242 32701 244 32947 4 32956 253 33211 32325
863209,0 13818 13819 254 14076 247 14336 239 14592 237 14848 234 15104 229 15360 227 15616 221 15872 219 16128 209 16384 207 16640 203 16896 199 17152 195 17408 192 17664 186 17920 181 18176 176 18432 171 18688 166 18944 165 19200 162 19456 160 19712 156 19968 154 20224 146 20480 145 20736 137 20992 135 21248 131 21504 126 21760 123 22016 121 22272 119 22528 117 22784 111 23040 109 23296 105 23552 103 23808 97 24064 93 24320 86 24576 83 24832 78 25088 76 25344 73 25600 72 25856 69 26112 65 26368 59 26624 57 26880 52 27136 49 27392 41 27648 39 27904 35 28160 33 28416 31 28672 25 28928 20 29184 19 29440 13 29696 5 29952 3 30208 3
863364,5 17 69 187 260 17 325 187 516 17 581 187 771 17 837 187 1027 16 1094 186 1283 15 1351 185 1538 16 1606 186 1793 17 1861 187 2049 18 2117 207 2372 209 2628 212 2883 213 3139 214 3395 214 3651 213 3907 213 4141 4 4163 213 4395 6 4419 213 4651 7 4674 215 4904 10 4929 217 5152 5 5158 11 5185 240 5440 240 5696 239 5951 240 6205 244 6461 244 6716 247 6971 248 7227 250 7481 252 7737 2299 10039 250 10295 250 10551 250 10807 250 11063 250 11319 252 11575 254 11831 2300 14135 252 14393 249 14650 247 14907 245 15164 244 15421 242 15677 241 15933 240 16189 240 16445 240 16700 241 16955 241 17211 240 17466 241 17722 240 17978 240 18233 241 18488 241 18744 5 18751 234 18999 5 19007 77 19087 152 19252 5 19263 74 19344 151 19507 5 19519 74 19602 148 19763 4 19774 74 19859 146 20019 4 20029 74 20115 148 20273 7 20285 73 20371 148 20529 7 20540 73 20627 142 20772 3 20784 8 20795 72 20883 141 21029 2 21040 8 21051 71 21139 140 21296 8 21307 70 21395 140 21552 8 21563 70 21651 139 21807 8 21819 69 21907 139 22061 10 22075 68 22163 138 22316 9 22331 66 22419 138 22571 9 22587 66 22675 137 22829 3 22843 66 22932 136 23085 3 23098 67 23188 133 23341 3 23353 68 23445 128 23597 4 23606 72 23701 125 23854 81 23956 125 24110 81 24212 125 24366 81 24468 125 24622 80 24723 127 24879 79 24978 129 25135 79 25233 131 25392 79 25489 131 25648 79 25745 131 25905 72 25979 5 26001 131 26161 70 26237 4 26257 130 26417 69 26494 6 26513 129 26673 68 26750 7 26769 128 26929 68 27007 9 27025 128 27185 68 27263 10 27280 128 27440 69 27520 145 27696 69 27777 144 27951 71 28035 142 28207 71 28292 143 28463 71 28551 5 28561 132 28719 72 28809 2 28817 134 28975 72 29075 133 29231 72 29330 135 29487 72 29585 137 29743 72 29841 136 29998 73 30099 134 30254 73 30355 134 30506 81 30614 131 30761 84 30872 128 31015 89 31130 127 31271 90 31387 130 31526 93 31643 132 31781 94 31899 190 32092 39 32157 117 32277 68 32348 39 32413 117 32533 67 32605 37 32669 117 32788 68 32861 36 32926 117 33044 68 33117 36 33183 185 33373 36 33439 185 33629 36 33695 185 33885 36 33952 184 34141 37 34209 183 34397 38 34465 184 34652 43 34721 230 34976 233 35231 234 35486 236 35741 238 35996 239 36253 238 36509 238 36765 238 37022 238 37278 237 37533 238 37788 239 38044 238 38299 238 38555 237 38811 236 39068 233 39325 233 39582 233 39839 232 40096 231 40352 231 40608 230 40864 223 41091 2 41120 221 41377 219 41634 218 41891 216 42148 215 42405 214 42661 137 42801 72 42918 135 43058 71 43175 89 43265 42 43314 71 43431 89 43521 41 43570 71 43688 88 43777 38 43825 72 43945 87 44033 26 44060 11 44081 71 44202 86 44289 28 44318 8 44337 70 44459 84 44545 28 44575 7 44593 70 44716 78 44800 36 44849 69 44931 2 44977 72 45056 35 45105 70 45185 6 45237 68 45312 34 45363 68 45440 9 45468 5 45495 53 45556 4 45568 34 45619 69 45695 10 45723 8 45751 52 45813 1 45824 35 45878 67 45951 10 45979 10 46007 52 46081 34 46135 66 46205 12 46235 11 46263 52 46336 31 46393 80 46491 12 46519 52 46581 5 46587 4 46592 29 46649 80 46747 12 46775 52 46837 36 46892 3 46906 79 47003 13 47031 52 47092 37 47144 7 47162 79 47259 13 47287 51 47347 37 47397 14 47417 80 47515 14 47544 47 47603 37 47653 101 47771 14 47801 42 47859 38 47909 102 48028 13 48059 38 48115 38 48164 104 48284 14 48317 36 48371 40 48419 112 48541 14 48575 33 48627 40 48675 114 48797 14 48833 30 48883 42 48929 58 48989 59 49052 16 49089 29 49139 43 49185 58 49244 80 49345 28 49395 102 49499 82 49599 30 49650 187 49855 29 49906 189 50111 29 50161 190 50366 30 50416 16 50434 70 50505 104 50621 31 50671 17 50691 67 50762 103 50877 33 50927 17 50949 65 51019 103 51132 21 51156 13 51183 17 51205 65 51277 101 51388 21 51413 13 51439 17 51461 64 51539 96 51644 10 51658 5 51673 10 51696 16 51717 64 51795 96 51900 9 51930 9 51952 16 51971 66 52051 96 52159 5 52187 7 52208 85 52307 96 52416 3 52444 5 52464 83 52563 96 52719 22 52742 20 52765 38 52819 96 52975 22 52999 17 53023 34 53075 97 53231 21 53255 17 53280 33 53331 98 53487 21 53511 16 53541 27 53587 100 53743 20 53767 16 53799 25 53843 101 54000 19 54023 16 54057 23 54099 102 54259 16 54279 16 54314 22 54355 102 54517 14 54537 14 54570 22 54613 100 54774 12 54793 14 54826 21 54869 100 55030 11 55051 10 55082 21 55125 100 55287 9 55309 7 55338 21 55381 100 55503 1 55542 10 55595 20 55637 100 55757 5 55798 10 55851 19 55893 100 56012 7 56054 10 56108 18 56148 101 56268 7 56310 10 56365 17 56403 102 56524 7 56566 10 56621 17 56659 102 56781 6 56823 9 56868 3 56877 16 56915 102 57037 6 57079 9 57122 27 57170 103 57295 4 57337 7 57379 25 57426 103 57551 5 57594 6 57637 22 57682 103 57808 4 57819 4 57853 3 57895 19 57938 104 58065 3 58073 7 58109 3 58150 18 58193 106 58321 2 58328 9 58358 10 58406 17 58449 107 58577 2 58584 9 58613 10 58660 7 58671 8 58705 109 58832 4 58839 10 58867 11 58915 8 58927 8 58961 110 59087 6 59095 10 59123 11 59170 8 59184 7 59217 110 59341 20 59379 11 59426 8 59439 7 59473 111 59597 20 59635 10 59682 7 59693 9 59730 111 59851 23 59891 10 59938 7 59949 9 59987 110 60107 24 60147 10 60194 6 60203 12 60243 111 60363 24 60404 9 60450 6 60459 12 60500 111 60619 24 60661 8 60707 3 60715 12 60752 115 60874 24 60917 8 60971 11 61007 117 61130 23 61173 8 61227 11 61262 118 61384 23 61430 7 61483 11 61518 145 61685 8 61739 11 61761 6 61773 146 61940 7 61995 11 62016 9 62029 146 62195 8 62251 11 62271 12 62285 146 62444 3 62449 11 62507 12 62527 12 62540 147 62699 18 62764 13 62780 131 62913 30 62954 19 63020 146 63169 30 63211 18 63277 144 63425 30 63469 1 63472 13 63533 144 63681 30 63724 1 63728 13 63790 143 63936 31 63977 4 63984 11 64046 143 64192 31 64233 4 64241 9 64302 178 64487 7 64496 10 64558 178 64743 19 64815 10 64828 165 64997 10 65008 9 65072 8 65085 164 65253 8 65265 7 65331 2 65343 174 65521 6
863933,0 65536
863998,12530 3 12784 7 13039 8 13291 12 13546 13 13799 17 14049 23 14303 25 14558 27 14814 26 15070 26 15326 25 15559 1 15582 23 15812 8 15839 19 16067 10 16095 19 16313 20 16351 20 16568 21 16607 20 16823 22 16863 20 17079 23 17119 19 17335 23 17375 19 17591 23 17632 17 17847 23 17888 17 18081 2 18103 23 18145 16 18334 7 18359 22 18400 16 18589 8 18615 22 18656 15 18843 11 18870 22 18911 15 19097 13 19126 22 19166 15 19351 15 19382 21 19421 14 19607 14 19638 21 19677 14 19861 16 19894 20 19933 14 20117 16 20149 21 20175 1 20189 14 20373 15 20405 21 20431 1 20445 13 20628 15 20661 21 20687 1 20701 12 20884 15 20917 20 20956 12 21140 15 21174 19 21212 12 21361 8 21371 1 21396 13 21436 12 21467 12 21617 13 21653 11 21693 10 21724 12 21873 14 21912 5 21981 12 22129 15 22237 12 22266 6 22386 15 22493 14 22521 7 22643 14 22749 14 22776 8 22899 14 23005 17 23032 8 23155 15 23261 18 23288 8 23410 16 23518 17 23544 8 23664 18 23775 16 23801 7 23917 21 24032 15 24057 7 24173 21 24215 3 24289 14 24314 6 24427 22 24547 12 24571 5 24683 22 24805 10 24827 5 24939 21 25063 7 25083 5 25195 10 25208 8 25323 2 25340 4 25451 8 25469 2 25707 8 25962 9 26113 2 26218 9 26351 3 26355 2 26368 5 26473 12 26489 4 26607 8 26624 5 26729 20 26862 9 26880 6 26985 21 27118 10 27136 6 27241 21 27360 3 27374 10 27392 7 27496 23 27613 8 27629 12 27648 7 27752 23 27868 10 27885 11 27904 6 28007 23 28123 12 28141 10 28160 5 28263 23 28379 12 28397 10 28416 4 28519 22 28582 4 28635 14 28654 9 28672 1 28775 22 28837 6 28891 14 28910 9 29031 21 29092 9 29148 15 29167 7 29288 20 29347 10 29405 15 29423 6 29545 18 29603 11 29663 15 29801 18 29859 12 29919 16 30058 17 30115 12 30176 16 30208 1 30315 16 30371 13 30433 15 30571 13 30626 15 30689 25 30828 11 30882 15 30944 27 31085 8 31137 16 31200 28 31343 6 31393 16 31455 29 31534 1 31649 14 31702 39 31789 3 31905 13 31957 40 32044 6 32161 12 32213 41 32300 6 32417 12 32469 41 32557 6 32662 23 32719 1 32723 43 32813 6 32917 24 32972 5 32979 43 33069 6 33172 25 33227 51 33326 4 33428 25 33483 50 33685 24 33738 37 33777 2 33941 23 33993 37 34197 21 34249 38 34338 8 34453 20 34504 39 34591 16 34610 3 34709 19 34760 41 34846 25 34965 19 35016 41 35101 26 35222 18 35272 43 35356 27 35478 18 35529 42 35611 28 35735 16 35785 43 35867 28 35992 15 36041 43 36122 29 36213 7 36249 11 36299 41 36378 29 36469 8 36506 7 36555 40 36633 31 36724 9 36764 1 36813 21 36837 14 36889 32 36979 11 37071 2 37075 14 37093 14 37145 33 37235 12 37333 4 37340 1 37350 13 37401 33 37491 11 37589 8 37607 12 37656 35 37747 10 37845 8 37863 12 37912 35 38003 10 38101 8 38120 11 38169 36 38259 10 38358 6 38377 10 38425 36 38515 10 38615 4 38634 9 38683 34 38771 10 38892 7 38939 34 39027 10 39196 33 39284 8 39453 31 39541 7 39710 29 39800 3 39967 28 40147 4 40225 25 40389 4 40401 10 40483 22 40644 5 40657 12 40741 11 40755 5 40899 6 40912 15 40998 9 41013 2 41155 7 41167 17 41256 6 41410 8 41423 18 41512 5 41666 7 41679 18 41767 6 41921 8 41934 18 42023 6 42177 8 42190 18 42279 5 42296 1 42435 5 42446 17 42536 3 42551 3 42692 2 42702 15 42807 3 42958 15 43063 2 43214 15 43470 15 43725 16 43980 19 44235 20 44347 4 44490 24 44602 7 44746 25 44794 1 44857 9 44915 4 45001 26 45049 2 45112 11 45166 11 45256 26 45306 1 45361 18 45417 16 45508 29 45553 3 45615 20 45672 18 45763 29 45810 1 45869 21 45927 20 46019 28 46125 20 46183 20 46275 28 46379 22 46438 22 46531 28 46635 20 46694 23 46787 29 46889 16 46949 32 47042 30 47143 18 47205 32 47295 34 47398 19 47461 34 47505 1 47537 48 47653 20 47717 34 47759 4 47793 48 47907 22 47971 36 48014 9 48048 49 48162 22 48227 36 48269 10 48304 49 48416 23 48483 35 48525 10 48559 50 48671 24 48739 34 48781 10 48815 50 48927 24 48995 26 49037 10 49071 51 49182 25 49251 27 49293 10 49326 52 49436 27 49507 27 49549 10 49581 42 49626 9 49663 1 49692 28 49763 28 49805 10 49837 43 49883 8 49919 1 49947 30 50019 29 50061 10 50093 44 50139 8 50174 2 50203 31 50277 28 50317 10 50349 44 50395 8 50430 2 50459 34 50534 27 50574 9 50605 47 50685 3 50715 34 50791 26 50831 8 50861 47 50941 3 50971 36 51047 26 51087 7 51117 47 51188 3 51192 8 51227 36 51304 25 51344 5 51373 47 51441 15 51483 36 51560 23 51629 47 51695 17 51739 36 51817 22 51885 47 51951 17 51996 35 52074 19 52141 47 52205 19 52252 35 52333 15 52397 47 52461 19 52508 35 52591 12 52654 46 52716 20 52764 34 52848 10 52910 46 52972 20 53020 33 53167 45 53228 20 53277 30 53423 45 53484 20 53533 24 53680 45 53740 20 53789 22 53937 44 53996 20 54047 20 54194 43 54254 18 54303 19 54451 42 54511 17 54561 17 54708 40 54771 13 54818 16 54972 31 55027 13 55075 14 55231 4 55241 9 55283 13 55333 12 55500 5 55539 13 55594 5 55794 14 56049 15 56305 15 56560 16 56815 17 57071 17 57325 19 57581 19 57836 20 58092 20 58345 23 58537 2 58599 25 58792 4 58853 27 59049 4 59065 3 59108 28 59307 3 59311 16 59363 29 59563 20 59619 29 59819 22 59875 29 60075 22 60131 29 60259 3 60330 23 60387 29 60512 9 60586 23 60643 32 60766 13 60840 25 60900 32 61021 16 61095 28 61157 32 61275 19 61349 44 61413 32 61528 23 61605 45 61670 31 61782 27 61829 3 61860 47 61927 30 62037 28 62083 6 62115 48 62184 29 62293 30 62338 7 62371 48 62442 27 62548 31 62594 7 62627 48 62699 26 62803 32 62849 9 62883 48 62955 26 63059 32 63105 9 63140 47 63212 25 63314 32 63361 10 63397 46 63468 25 63570 32 63617 10 63654 45 63725 23 63825 32 63874 9 63913 6 63920 35 63981 23 64081 32 64130 9 64172 1 64178 33 64237 22 64337 33 64386 9 64435 32 64493 22 64593 33 64643 8 64691 33 64749 20 64849 33 64899 9 64947 34 65005 20 65106 32 65155 10 65203 34 65262 18 65365 28 65411 11 65459 34 65519 17
867180,1 46 61 10 163 2 257 46 317 8 420 1 516 42 573 6 676 1 773 41 829 4 1031 39 1086 2 1289 41 1545 34 1582 4 1595 2 1802 11 1814 20 1838 3 1851 4 1866 3 1946 11 2059 10 2071 18 2096 1 2106 6 2121 5 2201 13 2317 4 2329 15 2352 3 2357 13 2375 8 2457 16 2477 4 2585 14 2608 19 2631 8 2712 17 2731 10 2842 11 2864 31 2967 31 3099 10 3119 32 3222 33 3355 8 3375 6 3386 21 3475 42 3611 8 3631 6 3642 21 3731 42 3866 6 3887 3 3899 20 3986 44 4122 4 4143 2 4157 18 4241 45 4379 2 4414 17 4497 38 4671 15 4753 37 4928 3 4932 11 5006 2 5010 36 5184 15 5266 36 5440 9 5451 6 5521 37 5696 9 5706 7 5777 2 5780 34 5952 8 5961 9 6028 1 6037 32 6208 8 6217 10 6283 2 6293 31 6337 1 6465 17 6539 2 6549 30 6593 1 6721 16 6795 3 6805 27 6927 4 6974 1 6978 15 7051 6 7061 24 7091 2 7183 4 7229 2 7235 1 7241 7 7307 34 7345 4 7441 3 7469 2 7483 5 7563 29 7595 3 7600 6 7706 2 7725 3 7739 5 7819 29 7851 2 7856 7 7961 4 7980 6 7994 5 8073 30 8108 1 8113 2 8117 3 8217 4 8236 7 8250 5 8328 31 8364 1 8373 3 8451 4 8472 5 8493 4 8507 4 8583 30 8629 4 8706 7 8728 5 8751 2 8763 2 8839 30 8885 4 8961 8 8984 4 9095 30 9141 4 9217 8 9241 3 9275 2 9345 36 9397 4 9472 9 9498 2 9530 3 9544 5 9587 4 9595 2 9599 39 9642 4 9729 8 9754 2 9786 3 9800 5 9833 1 9843 4 9851 44 9896 7 9985 4 10041 3 10055 6 10098 63 10242 2 10295 3 10311 7 10353 66 10522 4 10565 10 10609 66 10778 5 10821 10 10865 66 11033 5 11077 12 11122 60 11183 5 11290 3 11333 15 11375 56 11436 2 11439 6 11589 6 11596 9 11610 2 11627 60 11694 7 11840 3 11844 6 11853 9 11865 3 11883 60 11950 7 12095 10 12109 12 12138 61 12206 7 12351 10 12365 12 12382 1 12393 62 12462 5 12607 10 12621 12 12636 3 12647 61 12709 14 12799 1 12863 10 12877 19 12901 63 12965 14 13015 2 13053 3 13118 11 13133 20 13157 14 13175 45 13221 14 13271 3 13307 5 13374 11 13389 38 13430 46 13477 12 13527 2 13561 11 13630 11 13645 38 13685 48 13737 6 13815 14 13885 12 13901 81 13984 5 13993 5 14070 15 14088 1 14139 14 14156 81 14325 16 14344 2 14395 11 14409 82 14580 17 14598 7 14613 2 14627 1 14651 10 14665 76 14768 3 14835 28 14869 2 14882 3 14907 9 14921 75 15009 1 15013 4 15023 5 15091 37 15136 6 15163 6 15177 74 15265 8 15279 6 15347 38 15391 6 15419 6 15432 74 15521 3 15525 5 15535 6 15603 38 15647 6 15661 5 15675 6 15685 76 15771 6 15781 6 15791 6 15858 41 15901 8 15917 6 15931 7 15940 77 16027 6 16037 6 16047 6 16113 46 16161 4 16173 2 16186 87 16281 8 16291 18 16369 46 16417 4 16442 87 16533 12 16546 19 16580 1 16625 46 16674 3 16697 5 16703 118 16835 2 16880 48 16931 2 16952 5 16959 118 17091 3 17136 49 17189 2 17207 6 17216 117 17347 3 17392 55 17463 6 17472 115 17604 1 17648 56 17719 5 17728 113 17905 55 17974 5 17985 111 18161 54 18229 8 18239 112 18371 4 18417 54 18484 123 18617 2 18627 5 18673 54 18738 125 18883 8 18922 1 18929 55 18994 125 19137 10 19178 1 19185 57 19249 125 19381 3 19393 10 19433 4 19440 59 19505 126 19637 2 19649 10 19689 68 19761 128 19907 8 19931 3 19945 69 20017 7 20025 122 20163 8 20183 8 20201 68 20274 133 20415 1 20419 9 20434 13 20457 68 20531 134 20670 3 20677 7 20689 14 20713 68 20788 135 20925 4 20933 9 20944 15 20969 67 21043 136 21181 4 21189 26 21225 64 21293 143 21438 2 21445 25 21480 65 21549 143 21693 4 21701 25 21735 68 21805 148 21956 27 21989 72 22062 147 22211 28 22242 1 22245 220 22467 3 22472 23 22497 224 22723 2 22729 22 22753 222 22980 2 22984 246 23236 249 23493 248 23748 250 24000 41536
874368,7001 6 7257 4 7511 5 7767 4 8022 5 8277 6 8533 5 8789 5 9045 4 10649 10 10904 13 11158 15 11414 15 11669 17 11925 17 12180 17 12436 16 12691 16 12947 16 13020 3 13038 2 13201 17 13274 7 13457 17 13530 7 13711 19 13786 8 13966 20 14043 7 14222 16 14299 6 14478 13 14556 4 14733 13 14989 12 15245 11 15319 1 15501 10 15563 5 15574 2 15759 7 15815 10 15829 4 16017 4 16069 13 16085 4 16322 15 16577 16 16833 16 17089 15 17345 14 17601 14 17857 12 18114 5 22624 6 22859 1 22879 8 23114 4 23133 10 23369 6 23387 13 23625 6 23643 14 23881 3 23896 17 24151 19 24405 21 24661 21 24916 22 25172 21 25427 22 25683 22 25938 23 26194 22 26448 24 26702 27 26957 28 27213 27 27467 29 27721 30 27976 31 28232 31 28488 30 28744 30 28822 2 29001 28 29075 7 29266 19 29331 8 29524 16 29585 11 29780 15 29841 12 30037 13 30096 15 30294 11 30351 17 30552 7 30607 18 30809 3 30863 19 31079 4 31120 19 31333 7 31376 19 31587 11 31603 4 31632 18 31843 12 31858 5 31888 18 32099 21 32143 18 32355 21 32399 17 32611 22 32653 18 32867 22 32907 20 33122 23 33161 21 33378 23 33417 20 33635 22 33673 20 33891 21 33929 20 34147 20 34185 20 34403 16 34441 21 34660 14 34697 23 34916 13 34953 23 35173 11 35209 24 35429 10 35465 19 35485 3 35685 10 35721 16 35754 9 35941 8 35977 15 36009 11 36232 15 36264 12 36488 14 36519 13 36744 13 36775 12 37000 13 37031 12 37256 11 37286 13 37511 12 37542 13 37766 12 37797 14 38021 13 38053 13 38278 13 38307 14 38534 13 38560 17 38790 14 38815 18 39047 13 39071 18 39303 13 39327 19 39559 13 39584 19 39817 10 39841 18 40073 10 40097 18 40331 8 40354 17 40589 6 40611 16 40866 17 41121 18 41376 17 41396 9 41632 30 41868 4 41888 31 42123 5 42143 33 42377 8 42399 34 42633 8 42655 34 42889 8 42911 35 43145 8 43167 36 43401 7 43422 38 43657 6 43678 39 43915 4 43933 40 44171 3 44189 40 44444 41 44700 41 44955 42 45211 42 45466 42 45722 42 45977 43 46131 2 46233 42 46387 3 46489 42 46643 3 46745 41 47000 41 47256 40 47511 39 47767 38 48023 37 48163 8 48279 36 48415 13 48535 36 48671 13 48791 36 48926 15 49047 36 49180 17 49303 36 49430 25 49560 35 49685 27 49817 34 49940 29 50074 33 50196 30 50330 33 50452 30 50586 33 50708 31 50842 33 50965 30 51098 33 51221 30 51354 33 51481 26 51610 33 51739 24 51866 33 51996 23 52123 32 52253 22 52379 32 52510 20 52635 31 52767 19 52891 30 52992 4 53023 18 53147 28 53248 5 53264 5 53279 18 53403 28 53504 5 53519 8 53535 18 53664 3 53671 14 53760 5 53774 10 53791 18 53913 1 53928 13 54016 4 54028 14 54047 17 54169 3 54187 8 54272 4 54283 16 54303 17 54425 3 54444 7 54464 2 54528 5 54539 16 54559 16 54701 4 54716 8 54784 5 54794 18 54814 17 54958 1 54969 14 55040 5 55049 38 55171 5 55224 17 55296 5 55305 38 55427 6 55480 18 55552 47 55683 6 55737 18 55808 47 55939 6 55993 18 56064 46 56195 8 56249 19 56320 45 56451 9 56505 20 56576 45 56709 7 56761 20 56832 45 56965 6 57016 22 57088 44 57272 23 57344 43 57527 25 57600 39 57782 28 57856 39 58037 30 58112 37 58293 30 58368 37 58549 30 58624 36 58805 28 58880 31 59061 28 59136 30 59316 27 59392 29 59572 27 59648 28 59828 26 59904 27 60083 27 60160 27 60268 7 60339 27 60416 27 60523 8 60595 28 60672 26 60777 10 60851 28 60928 25 61027 2 61033 10 61107 28 61139 2 61184 10 61277 22 61364 27 61393 5 61440 8 61532 23 61621 26 61649 5 61696 7 61784 27 61882 20 61905 4 61952 7 62039 28 62141 16 62161 4 62208 6 62295 29 62399 12 62417 3 62464 5 62550 30 62660 4 62673 1 62720 4 62805 32 62976 3 63061 32 63317 32 63573 32 63829 32 64085 31 64342 29 64599 27 64855 26 65111 26 65369 23 65445 7
877548,0 944 946 253 1203 252 1463 245 1717 246 1972 246 2227 248 2483 248 2739 248 2994 250 3249 3420 6671 252 6928 252 7183 254 7438 10414 17853 254 18109 254 18365 254 18621 3891 22516 250 22773 248 23027 251 23281 2536 25818 39718
890795,0 13568 13569 255 13825 255 14082 254 14338 254 14595 253 14851 253 15107 253 15363 253 15619 253 15875 253 16131 253 16387 253 16643 253 16899 253 17156 252 17411 253 17667 253 17923 7440 25367 251 25624 249 25881 248 26138 246 26394 246 26650 245 26907 244 27163 240 27419 239 27676 236 27933 234 28189 234 28446 232 28702 231 28958 231 29214 230 29471 228 29726 227 29982 226 30238 226 30493 227 30749 227 30992 240 31247 241 31502 62 31569 175 31757 62 31825 175 32013 62 32082 174 32268 63 32339 173 32523 64 32595 100 32699 69 32779 63 32851 99 32962 62 33035 63 33107 99 33221 59 33291 62 33363 100 33478 58 33547 62 33620 99 33737 55 33803 62 33876 99 33994 54 34060 61 34132 100 34251 50 34317 60 34388 100 34507 50 34573 62 34644 101 34764 47 34821 4 34828 64 34900 101 35021 14 35038 28 35075 74 35155 102 35295 27 35329 77 35411 101 35551 27 35584 183 35806 30 35840 183 36062 30 36096 182 36317 32 36352 182 36572 33 36608 182 36826 36 36864 183 37081 38 37120 184 37337 223 37592 225 37848 225 38103 226 38359 226 38613 228 38867 228 39121 222 39366 4 39376 222 39621 7 39631 222 39874 105 39983 125 40129 234 40383 236 40639 234 40894 233 41150 96 41247 134 41393 6 41405 96 41504 132 41648 7 41661 92 41761 130 41903 10 41914 92 42017 130 42158 103 42273 130 42413 102 42529 130 42668 102 42785 130 42923 102 43041 130 43179 100 43294 133 43433 102 43549 134 43689 103 43805 67 43873 66 43944 104 44061 66 44131 64 44199 106 44317 66 44386 63 44456 105 44573 65 44642 9 44653 50 44713 108 44829 66 44897 9 44911 45 44969 109 45085 77 45167 37 45205 6 45226 109 45342 76 45425 33 45483 108 45598 76 45680 33 45739 108 45855 54 45912 17 45933 36 45995 108 46111 53 46169 14 46188 36 46251 107 46368 51 46427 10 46443 34 46507 94 46605 8 46625 50 46683 10 46699 31 46763 92 46886 44 46939 8 46955 30 47019 92 47143 43 47196 7 47211 30 47275 92 47399 36 47437 2 47453 5 47468 28 47531 93 47655 36 47710 3 47725 27 47787 94 47910 37 47982 25 48043 95 48165 38 48239 24 48299 95 48419 40 48495 24 48554 96 48673 41 48751 23 48809 97 48928 42 49007 22 49059 103 49183 43 49263 21 49315 103 49439 42 49512 19 49570 103 49695 44 49768 18 49827 102 49951 46 50023 18 50083 102 50207 46 50279 16 50339 106 50447 5 50463 48 50535 11 50595 114 50719 48 50791 10 50851 114 50975 49 51048 9 51107 114 51231 49 51305 7 51362 114 51487 49 51561 6 51617 114 51743 49 51819 3 51872 115 51999 48 52127 115 52255 48 52383 115 52511 48 52639 115 52767 48 52896 114 53023 48 53152 114 53278 49 53408 115 53530 53 53664 115 53785 53 53919 116 54041 42 54084 9 54175 117 54297 40 54341 7 54431 105 54541 7 54553 39 54687 104 54798 5 54809 40 54942 105 55055 4 55065 40 55197 106 55312 1 55320 41 55453 104 55575 42 55707 106 55829 44 55944 3 55963 105 56084 46 56199 6 56219 104 56339 47 56455 7 56475 104 56595 17 56616 27 56711 8 56731 103 56850 17 56873 26 56967 9 56987 101 57105 17 57130 26 57222 11 57243 101 57351 27 57387 24 57477 12 57499 101 57606 27 57643 24 57733 13 57756 100 57862 27 57900 23 57989 13 58012 100 58118 25 58157 20 58226 3 58243 16 58268 100 58374 15 58394 5 58413 14 58481 5 58498 17 58524 100 58630 13 58669 16 58736 7 58751 22 58779 101 58886 12 58925 16 58992 8 59006 25 59035 106 59143 10 59180 18 59247 150 59399 10 59433 21 59503 150 59655 10 59686 24 59756 153 59911 10 59935 31 60011 154 60167 6 60190 32 60267 154 60425 3 60446 32 60522 155 60701 33 60777 156 60956 34 61031 158 61211 36 61285 160 61467 36 61541 161 61722 37 61787 2 61796 156 61953 8 61977 38 62043 2 62051 157 62211 6 62234 33 62297 4 62307 157 62467 7 62490 33 62550 7 62563 157 62724 7 62745 32 62806 7 62818 158 62980 7 62999 34 63061 8 63073 159 63236 7 63253 35 63317 8 63327 161 63492 7 63508 37 63573 9 63583 161 63749 7 63763 38 63829 171 64005 8 64017 40 64085 171 64261 10 64273 39 64335 177 64517 11 64529 39 64590 178 64773 50 64846 178 65029 50 65101 179 65284 42 65357 179
891930,211 20 409 1 467 18 665 2 723 18 921 4 980 15 1176 5 1236 14 1431 7 1493 12 1687 7 1749 11 1943 8 2007 8 2199 8 2264 6 2456 6 2715 2 3245 3 3500 5 3756 6 4012 6 4268 6 4494 5 4526 2 4575 5 4749 8 4831 5 5005 9 5059 7 5086 6 5262 5 5269 2 5315 8 5342 6 5525 4 5569 11 5587 3 5598 5 5623 7 5782 3 5825 11 5843 3 5854 4 5879 8 6038 4 6081 11 6099 3 6127 4 6134 10 6294 4 6336 11 6356 2 6383 17 6549 6 6592 11 6637 19 6805 6 6843 16 6889 23 7039 2 7061 7 7095 21 7144 24 7294 1 7317 8 7349 23 7400 24 7550 1 7573 8 7595 6 7603 26 7656 24 7806 1 7829 8 7851 6 7858 27 7903 2 7913 23 8085 9 8108 35 8158 3 8169 23 8341 4 8346 5 8366 34 8413 4 8425 23 8622 53 8682 22 8876 57 8938 22 9131 85 9387 27 9418 54 9601 2 9642 25 9675 53 9855 4 9897 26 9931 53 10111 3 10148 1 10151 28 10188 52 10367 3 10403 31 10444 52 10659 31 10700 52 10915 31 10956 52 11173 30 11211 53 11429 30 11467 53 11665 2 11676 9 11688 28 11723 53 11921 4 11931 9 11945 27 11978 54 12177 4 12185 5 12201 87 12433 5 12441 4 12457 87 12689 5 12712 88 12945 5 12968 88 13201 5 13224 88 13457 5 13481 87 13712 7 13738 72 13814 10 13968 7 13995 70 14071 9 14225 5 14255 66 14328 8 14482 4 14512 65 14585 7 14768 66 14842 6 15023 68 15099 5 15279 64 15344 3 15355 5 15534 69 15611 5 15790 67 15868 4 16011 4 16045 69 16124 4 16265 10 16283 2 16301 70 16381 3 16520 11 16537 6 16557 71 16637 3 16775 12 16792 8 16813 72 16893 3 17031 12 17047 10 17068 73 17150 2 17287 12 17302 12 17323 74 17542 14 17557 14 17579 74 17798 14 17813 14 17835 75 18053 30 18090 76 18301 39 18345 78 18555 41 18600 79 18798 1 18810 125 19064 127 19318 129 19565 2 19573 131 19815 9 19829 132 20070 10 20084 133 20223 1 20327 10 20340 133 20479 1 20583 147 20735 1 20841 145 20991 1 21100 142 21357 141 21613 92 21707 46 21867 93 21965 44 22123 92 22221 44 22380 87 22477 43 22636 86 22734 33 22769 5 22892 85 22990 30 23147 86 23246 30 23403 86 23501 30 23659 86 23757 30 23915 86 24019 16 24171 86 24276 14 24316 4 24427 86 24533 12 24571 5 24683 86 24790 9 24827 5 24940 84 25082 6 25197 83 25337 7 25454 81 25593 7 25710 81 25848 8 25967 78 26087 1 26104 8 26223 77 26342 3 26359 9 26479 76 26599 1 26615 9 26735 74 26871 9 26992 72 27127 9 27249 71 27383 9 27505 70 27638 10 27761 70 27894 10 28019 70 28149 11 28275 70 28404 12 28531 70 28659 13 28787 71 28915 13 29043 71 29171 13 29299 71 29427 13 29555 70 29683 13 29811 70 29940 12 30068 56 30125 11 30141 2 30196 12 30325 53 30383 8 30396 4 30452 12 30581 52 30641 5 30649 8 30708 12 30837 50 30904 10 30964 12 31094 48 31159 12 31220 12 31350 48 31415 14 31476 12 31606 46 31659 2 31670 20 31731 13 31862 46 31915 3 31926 21 31987 13 32117 46 32171 6 32182 29 32243 13 32373 45 32427 6 32438 29 32499 12 32629 45 32683 8 32694 31 32755 11 32885 44 32939 8 32949 32 33012 9 33141 44 33196 8 33205 32 33269 7 33397 44 33454 2 33460 33 33527 4 33654 44 33716 34 33910 44 33972 34 34169 40 34227 36 34427 38 34483 36 34685 36 34738 39 34941 35 34991 45 35199 30 35243 52 35325 3 35456 28 35499 52 35581 3 35714 25 35755 54 35837 3 35971 23 36011 54 36093 3 36232 17 36267 54 36349 3 36491 13 36523 55 36605 3 36749 10 36779 58 36862 2 37007 2 37035 59 37119 1 37284 1 37292 61 37375 1 37539 2 37549 61 37631 1 37794 3 37806 64 37887 1 38049 5 38063 64 38143 1 38305 6 38319 71 38399 1 38561 6 38576 71 38655 1 38817 12 38833 70 38911 1 39073 13 39089 70 39167 1 39329 14 39346 69 39423 1 39584 17 39602 69 39679 1 39838 21 39861 66 40081 4 40093 22 40117 66 40336 103 40591 104 40843 108 40959 1 41099 108 41214 2 41354 109 41467 5 41611 108 41722 6 41867 27 41898 77 41976 8 42123 25 42155 85 42379 25 42411 85 42635 24 42667 85 42892 24 42922 86 43149 23 43177 87 43405 115 43661 115 43917 115 44173 115 44429 115 44686 114 44943 7 44954 102 45199 6 45211 101 45467 101 45710 3 45722 102 45965 115 46220 116 46477 115 46733 115 46989 115 47245 115 47501 115 47755 117 48009 119 48265 119 48521 119 48776 114 48895 1 49032 113 49151 1 49288 113 49407 1 49544 103 49649 7 49663 1 49801 80 49883 18 49906 5 49919 1 50057 57 50117 20 50143 11 50163 4 50175 1 50313 56 50374 19 50402 5 50419 4 50571 11 50583 42 50631 18 50827 11 50840 41 50888 16 51083 10 51097 40 51147 12 51339 10 51354 40 51403 10 51595 10 51611 40 51851 56 51911 2 52108 25 52142 37 52364 24 52400 36 52621 23 52657 36 52878 22 52914 35 53135 22 53177 29 53391 22 53434 29 53648 21 53692 27 53904 21 53949 27 54161 20 54206 27 54417 20 54463 26 54674 19 54719 27 54755 2 54930 19 54975 28 55010 4 55187 16 55231 28 55266 5 55443 15 55487 29 55522 5 55700 13 55743 30 55777 6 55956 13 55999 30 56033 6 56212 11 56255 30 56291 6 56468 11 56511 30 56547 6 56724 10 56769 28 56804 6 56981 8 57026 4 57035 18 57060 7 57237 7 57298 10 57317 6 57494 5 57555 8 57573 6 57829 7 58085 7 58341 6 58597 6 58855 4 59391 1 59645 3 59899 5 60155 5 60411 5 60667 5 60923 5 61179 5 61435 5 61691 5 61947 5 62203 5 62368 4 62459 5 62623 6 62715 5 62878 7 62971 5 63133 8 63227 5 63388 10 63474 1 63483 5 63644 10 63738 6 63899 11 63992 8 64155 11 64247 9 64411 11 64501 11 64667 11 64757 11 64923 11 65012 12 65180 10 65267 13 65439 5 65523 13
892843,45 51 169 19 247 9 301 53 359 4 425 20 502 10 557 54 612 8 681 20 758 10 813 65 938 19 1014 10 1069 66 1195 18 1271 9 1325 66 1453 16 1502 3 1527 9 1581 67 1710 15 1757 5 1783 9 1836 69 1969 12 2013 6 2040 8 2091 32 2124 37 2229 8 2269 6 2296 8 2348 69 2480 11 2527 3 2552 8 2604 69 2732 15 2783 2 2808 8 2860 69 2987 16 3064 8 3117 68 3241 18 3320 8 3377 62 3497 18 3576 8 3634 60 3753 18 3833 7 3892 57 4009 24 4089 7 4148 27 4177 26 4265 24 4346 6 4405 26 4433 25 4521 26 4606 2 4661 26 4689 23 4778 25 4888 3 4917 28 4946 19 5034 25 5144 4 5174 27 5202 17 5291 24 5352 5 5400 5 5430 28 5460 14 5547 23 5606 9 5656 4 5686 28 5717 12 5803 22 5862 10 5943 27 5975 8 6059 22 6117 12 6199 27 6231 7 6316 20 6372 13 6456 25 6572 20 6625 17 6713 24 6828 20 6881 18 6971 20 7085 18 7134 22 7228 19 7341 18 7389 24 7485 4 7494 2 7497 3 7599 16 7616 3 7643 27 7857 19 7899 27 8117 16 8155 28 8375 14 8411 28 8635 11 8667 28 8891 11 8923 28 9145 13 9179 28 9388 1 9399 15 9435 27 9472 2 9643 3 9653 17 9692 25 9728 3 9898 4 9908 18 9949 24 9984 4 10151 8 10163 19 10208 20 10240 5 10405 10 10419 20 10465 18 10496 5 10653 41 10721 17 10752 5 10907 43 10979 15 11008 5 11161 44 11243 6 11264 5 11417 43 11501 2 11520 5 11672 43 11725 10 11776 5 11928 43 11980 11 12032 4 12183 42 12235 14 12288 4 12439 40 12491 14 12544 3 12695 38 12747 14 12800 3 12951 37 13003 14 13208 36 13259 13 13464 37 13515 12 13720 38 13770 13 13975 39 14026 12 14230 41 14283 10 14486 41 14539 10 14741 42 14797 7 14997 42 15055 4 15195 1 15252 42 15451 1 15508 42 15707 2 15765 41 15871 1 15963 2 16021 40 16126 2 16217 8 16278 8 16290 27 16379 5 16473 9 16547 26 16633 7 16729 10 16803 26 16889 7 16985 10 17059 25 17145 7 17241 11 17317 22 17400 8 17497 10 17573 22 17654 10 17691 7 17754 9 17829 22 17909 11 17946 9 18010 8 18085 22 18164 12 18202 9 18267 6 18343 19 18418 14 18458 9 18524 4 18599 18 18673 15 18714 9 18857 15 18929 15 18970 9 19114 13 19184 16 19227 8 19372 8 19439 17 19483 7 19628 7 19695 17 19741 3 19930 10 19949 19 20185 12 20205 19 20439 14 20461 19 20695 14 20717 19 20846 1 20950 15 20973 19 21102 1 21206 15 21229 19 21357 3 21462 14 21486 18 21613 3 21718 14 21742 18 21869 4 21885 6 21974 13 21999 17 22126 3 22139 8 22231 12 22257 6 22267 5 22395 10 22488 10 22651 11 22745 8 22907 12 23002 5 23163 13 23259 2 23419 14 23675 14 23931 13 24020 2 24024 3 24188 12 24274 9 24445 10 24527 14 24703 8 24781 16 25003 4 25035 18 25259 4 25291 19 25515 4 25546 20 25771 4 25801 21 26027 4 26055 22 26283 3 26311 22 26395 5 26448 9 26537 6 26565 24 26641 16 26703 12 26793 6 26821 25 26895 19 26957 16 27048 7 27075 28 27150 21 27212 17 27303 8 27331 28 27405 22 27465 20 27559 9 27585 32 27660 23 27720 22 27815 9 27841 32 27916 23 27973 26 28071 9 28095 34 28159 1 28171 24 28229 27 28327 9 28350 35 28414 2 28427 24 28483 30 28583 9 28605 36 28669 3 28682 24 28738 32 28840 7 28861 36 28925 3 28938 23 28993 34 29097 6 29117 36 29180 4 29194 23 29248 35 29354 3 29373 36 29436 4 29450 23 29503 35 29629 37 29692 4 29706 23 29759 34 29885 37 29948 4 29962 23 30014 34 30141 37 30204 4 30219 21 30269 34 30397 37 30459 5 30476 19 30526 33 30653 37 30715 5 30734 17 30782 33 30910 36 30971 5 30992 13 31039 32 31121 6 31168 33 31227 5 31249 10 31295 32 31375 9 31425 32 31483 5 31551 31 31630 13 31682 31 31739 5 31807 31 31885 14 31939 30 31996 4 32063 30 32141 15 32195 31 32253 3 32319 30 32396 16 32451 31 32510 2 32575 28 32651 16 32707 31 32831 25 32907 16 32963 31 33087 22 33161 17 33219 31 33262 3 33343 22 33417 16 33475 30 33518 4 33599 21 33673 14 33705 4 33730 31 33773 6 33790 2 33855 21 33928 14 33961 6 33988 2 33991 26 34028 8 34045 3 34075 3 34111 21 34184 12 34214 11 34247 25 34283 10 34299 5 34330 6 34367 21 34440 11 34469 12 34503 24 34539 11 34555 5 34583 10 34623 22 34696 9 34723 14 34759 24 34795 21 34839 10 34879 22 34952 8 34979 15 35014 25 35047 25 35093 13 35135 22 35209 4 35234 17 35269 25 35301 27 35349 12 35390 23 35465 4 35490 17 35525 24 35557 27 35606 11 35645 24 35746 17 35781 23 35812 28 35862 10 35901 24 36002 17 36037 22 36067 29 36118 9 36156 26 36258 18 36293 22 36323 29 36375 8 36411 27 36514 18 36550 15 36579 29 36631 5 36667 28 36770 18 36807 13 36835 29 36881 6 36922 30 37026 18 37064 12 37091 29 37135 8 37178 31 37281 19 37321 11 37347 29 37389 10 37433 32 37536 20 37577 10 37603 29 37643 12 37689 32 37791 21 37835 8 37859 20 37899 13 37945 32 38046 22 38091 8 38114 12 38129 4 38155 14 38201 32 38300 24 38350 4 38364 15 38411 15 38456 32 38556 23 38619 15 38668 15 38713 30 38811 24 38873 16 38924 15 38969 30 39067 24 39127 18 39181 15 39226 27 39321 27 39382 21 39438 15 39483 25 39575 30 39637 23 39695 14 39741 22 39827 40 39890 28 39951 14 39997 22 40082 42 40145 29 40207 14 40254 21 40337 44 40398 33 40463 14 40510 21 40588 49 40653 34 40719 16 40767 18 40840 53 40907 36 40975 16 41023 18 41095 54 41162 37 41231 18 41279 16 41349 56 41417 38 41487 20 41535 16 41605 56 41673 38 41743 21 41792 13 41860 57 41928 39 41999 22 42048 8 42115 58 42184 39 42256 21 42305 4 42367 60 42439 40 42513 20 42622 61 42695 40 42769 21 42877 61 42950 47 43027 19 43132 61 43206 47 43284 19 43387 60 43462 49 43540 19 43643 61 43719 48 43797 17 43827 4 43899 63 43983 41 44053 17 44082 5 44095 4 44155 64 44240 40 44310 16 44337 20 44411 64 44496 41 44567 14 44593 21 44667 64 44753 40 44808 11 44823 14 44849 22 44924 63 45009 40 45061 16 45079 13 45105 22 45181 62 45265 40 45315 21 45337 10 45362 23 45443 56 45523 39 45571 32 45618 22 45699 55 45779 39 45825 32 45877 18 45956 52 46020 1 46041 6 46050 24 46081 32 46135 15 46212 51 46275 2 46307 23 46337 24 46392 14 46469 50 46565 27 46593 24 46648 13 46679 3 46725 50 46821 27 46849 24 46905 34 46981 49 47079 25 47105 24 47161 34 47198 1 47236 51 47337 47 47418 38 47492 55 47599 40 47674 39 47749 54 47857 38 47929 40 48005 54 48117 34 48185 31 48217 9 48261 54 48374 15 48391 14 48439 42 48519 52 48629 16 48649 10 48695 42 48775 52 48885 16 48951 36 48988 4 49031 52 49141 16 49205 38 49245 2 49287 52 49397 11 49409 3 49460 38 49544 51 49599 5 49652 12 49716 38 49800 51 49854 7 49908 12 49971 40 50055 50 50110 8 50163 13 50227 40 50311 50 50366 9 50419 13 50481 42 50566 43 50613 3 50623 9 50675 13 50737 42 50821 40 50879 9 50931 13 50993 42 51075 39 51135 10 51187 13 51249 42 51331 40 51391 11 51443 13 51505 42 51587 40 51647 12 51668 4 51701 11 51761 42 51842 41 51903 12 51923 6 51965 3 52017 41 52098 41 52160 12 52179 6 52221 3 52273 41 52354 41 52417 11 52435 6 52477 3 52529 42 52609 42 52672 12 52689 8 52733 3 52784 43 52865 41 52928 12 52944 8 52988 4 53036 47 53118 43 53184 23 53244 4 53291 48 53371 45 53439 24 53501 3 53544 51 53625 45 53695 24 53758 2 53800 53 53879 46 53951 24 54014 2 54055 55 54133 47 54193 2 54198 2 54209 21 54271 1 54311 55 54389 47 54447 5 54453 3 54465 21 54527 1 54566 57 54643 48 54701 12 54723 3 54731 12 54822 57 54895 52 54955 14 54987 12 55078 57 55147 54 55209 16 55243 12 55335 56 55403 54 55465 16 55499 13 55591 55 55659 52 55721 15 55757 20 55803 5 55847 55 55915 50 55977 14 56013 20 56057 7 56104 53 56171 48 56233 14 56268 22 56310 10 56360 53 56427 47 56489 14 56523 24 56565 11 56617 52 56682 46 56745 15 56779 24 56819 13 56874 50 56938 45 57002 15 57035 24 57075 13 57131 49 57194 44 57259 16 57291 25 57330 14 57387 48 57450 44 57515 17 57548 24 57585 15 57626 5 57645 46 57706 44 57771 18 57804 25 57841 15 57880 7 57903 44 57962 44 58027 19 58060 25 58097 15 58135 9 58160 41 58219 48 58283 20 58317 24 58353 15 58391 9 58417 38 58475 50 58539 20 58574 22 58608 16 58647 8 58668 41 58732 49 58795 20 58831 21 58860 20 58904 5 58923 43 58989 48 59051 20 59087 20 59112 24 59137 3 59177 45 59247 14 59268 25 59307 18 59345 17 59365 32 59433 46 59503 13 59525 24 59563 20 59605 50 59688 47 59761 10 59781 25 59819 24 59866 45 59944 48 60017 10 60039 23 60075 24 60103 6 60123 45 60199 48 60297 21 60330 37 60380 45 60455 48 60553 22 60585 39 60637 44 60711 48 60810 21 60841 43 60886 51 60967 48 61066 21 61097 97 61224 46 61322 21 61353 97 61481 45 61578 21 61609 97 61737 46 61834 21 61866 96 61993 46 62091 19 62123 94 62251 44 62346 19 62379 93 62507 45 62602 19 62635 85 62722 3 62765 46 62857 19 62891 85 63023 45 63114 18 63145 87 63283 42 63370 17 63400 88 63541 41 63626 17 63655 89 63799 40 63883 16 63909 91 64057 38 64139 16 64165 91 64315 37 64375 6 64393 18 64420 92 64572 36 64629 11 64647 20 64675 93 64829 35 64883 16 64901 22 64931 16 64949 75 65084 36 65139 17 65157 21 65187 16 65206 74 65340 36 65393 40 65444 13 65467 69
904357,137 13 160 12 178 32 393 11 416 11 434 32 649 10 672 11 690 32 905 10 928 11 946 33 1160 10 1185 10 1202 33 1271 1 1416 9 1441 10 1458 34 1524 9 1671 9 1697 10 1713 35 1778 13 1927 8 1954 10 1965 39 2033 15 2182 9 2211 9 2221 39 2289 15 2434 14 2469 47 2544 16 2689 16 2726 46 2800 16 2945 20 2986 42 3056 16 3201 20 3242 41 3312 16 3457 21 3498 41 3568 16 3713 21 3754 41 3825 15 3971 18 4001 4 4010 41 4081 15 4227 18 4255 6 4267 39 4337 15 4483 18 4510 9 4523 39 4593 15 4739 18 4765 10 4780 38 4849 15 4995 18 5020 11 5037 23 5063 9 5104 16 5251 18 5275 12 5293 36 5359 17 5507 18 5531 13 5550 35 5614 18 5763 18 5787 14 5806 37 5869 19 6019 18 6043 14 6061 39 6124 20 6265 1 6275 18 6299 14 6315 42 6380 20 6532 16 6556 13 6570 44 6636 20 6788 16 6813 58 6893 19 7045 14 7069 58 7131 4 7151 17 7301 14 7326 57 7387 4 7408 16 7557 14 7584 55 7641 7 7665 15 7813 14 7841 54 7897 7 7921 15 8070 13 8098 53 8152 8 8177 15 8326 13 8354 62 8433 15 8582 13 8610 61 8689 15 8838 14 8866 60 8945 15 9093 15 9122 52 9176 5 9201 15 9349 14 9378 51 9433 3 9457 15 9605 14 9634 51 9713 15 9861 14 9890 52 9969 15 10056 7 10117 13 10147 56 10225 15 10311 8 10323 1 10373 13 10403 56 10482 13 10565 19 10629 12 10660 56 10739 12 10821 20 10885 12 10924 49 10996 9 11077 21 11142 11 11184 47 11333 22 11399 10 11442 45 11588 23 11657 6 11703 42 11843 24 11959 43 12099 26 12174 4 12214 45 12354 28 12430 5 12470 45 12609 32 12686 7 12725 46 12864 36 12943 6 12981 46 13119 40 13199 7 13237 47 13375 41 13455 8 13493 47 13629 44 13681 4 13712 7 13749 48 13884 47 13936 7 13968 7 14005 48 14138 61 14223 10 14263 47 14393 62 14479 11 14494 5 14519 48 14649 62 14729 26 14776 47 14905 62 14985 27 15032 47 15162 61 15241 27 15288 47 15419 62 15499 25 15543 47 15677 62 15756 23 15799 46 15934 61 16012 23 16054 46 16191 62 16268 23 16310 46 16448 61 16524 22 16565 47 16703 63 16781 21 16821 48 16958 64 17037 21 17077 49 17213 66 17293 21 17333 51 17469 66 17549 21 17589 52 17725 66 17805 21 17845 54 17981 67 18061 21 18100 55 18237 68 18317 20 18355 56 18493 68 18574 17 18611 57 18749 71 18821 2 18831 16 18866 58 19006 74 19088 14 19122 58 19265 72 19345 12 19378 58 19521 72 19601 12 19635 57 19779 71 19859 10 19891 56 20036 70 20117 6 20147 56 20293 70 20387 10 20403 56 20549 70 20642 12 20659 56 20805 70 20896 15 20915 54 21062 69 21151 16 21172 53 21319 68 21404 20 21429 52 21575 68 21659 20 21685 51 21832 21 21855 43 21914 21 21944 46 22088 19 22112 41 22169 22 22201 44 22345 17 22369 39 22422 23 22459 37 22601 16 22625 38 22677 23 22717 33 22861 10 22882 36 22933 22 22975 29 23119 8 23138 37 23189 22 23231 28 23376 6 23399 32 23444 11 23459 7 23497 5 23509 3 23633 4 23657 31 23699 14 23716 6 23753 4 23763 5 23914 31 23952 17 23973 4 24013 10 24035 5 24153 3 24171 30 24208 17 24230 2 24269 10 24291 6 24408 5 24429 2 24437 20 24462 25 24523 14 24545 8 24664 6 24694 19 24717 26 24778 17 24801 9 24919 8 24952 17 24973 32 25032 35 25087 1 25176 8 25209 16 25229 32 25283 42 25342 2 25432 9 25471 8 25485 32 25538 44 25596 4 25688 9 25728 7 25741 32 25794 44 25851 5 25945 8 25985 2 25995 34 26051 44 26103 9 26202 7 26222 1 26250 35 26307 44 26357 11 26477 4 26503 38 26563 44 26611 13 26732 6 26758 39 26819 44 26867 13 26987 7 27013 41 27075 61 27243 6 27269 41 27331 61 27471 4 27499 5 27526 41 27586 62 27727 4 27755 4 27782 42 27843 61 27984 3 28037 44 28099 61 28240 3 28293 44 28355 61 28547 46 28612 60 28787 4 28802 47 28869 59 29043 5 29055 50 29126 58 29298 7 29308 53 29383 57 29554 65 29639 42 29688 8 29810 65 29895 40 29941 11 30066 66 30151 37 30194 14 30322 66 30407 35 30450 14 30578 67 30663 33 30705 15 30834 69 30919 30 30960 16 31091 72 31176 27 31216 16 31347 74 31433 25 31472 16 31603 76 31691 22 31728 16 31859 76 31947 22 31983 17 32113 78 32205 20 32239 17 32368 79 32462 18 32495 17 32623 80 32729 6 32750 18 32878 81 32985 6 33006 18 33133 82 33243 4 33261 19 33388 83 33499 3 33516 20 33638 89 33771 21 33893 90 34027 21 34147 94 34283 21 34403 94 34539 21 34657 98 34796 20 34912 73 34986 26 35052 20 35167 67 35242 27 35309 19 35421 62 35495 30 35565 19 35675 62 35749 33 35820 20 35930 63 36005 34 36076 20 36185 64 36260 35 36332 20 36441 64 36515 37 36587 21 36695 66 36771 38 36843 21 36951 66 37027 38 37099 21 37205 68 37283 38 37355 21 37461 68 37539 38 37611 21 37655 4 37716 68 37799 33 37868 20 37909 7 37970 69 38056 32 38124 20 38165 10 38219 76 38313 29 38381 19 38420 11 38474 77 38570 26 38638 18 38675 13 38729 77 38826 25 38896 16 38931 13 38985 77 39082 25 39152 16 39186 14 39241 77 39337 25 39409 15 39442 14 39497 77 39591 28 39665 15 39698 14 39751 79 39844 31 39922 14 39954 14 40007 79 40099 32 40179 13 40211 13 40261 82 40353 33 40435 13 40467 13 40517 82 40609 33 40691 13 40725 10 40772 45 40821 33 40863 35 40948 12 41027 45 41077 32 41119 35 41204 12 41283 45 41333 30 41374 37 41461 11 41538 45 41589 29 41629 38 41717 11 41794 45 41845 27 41885 38 41973 11 42050 45 42101 26 42141 39 42229 11 42306 44 42357 26 42397 39 42485 11 42562 43 42613 26 42653 39 42741 11 42818 43 42869 34 42909 40 42997 11 43074 42 43125 25 43151 9 43165 40 43253 11 43331 39 43381 24 43407 10 43421 41 43509 11 43588 37 43637 25 43663 10 43677 42 43765 11 43845 36 43893 36 43933 43 44021 11 44101 35 44149 36 44189 44 44277 11 44357 38 44397 28 44426 14 44445 44 44532 12 44613 68 44682 13 44702 43 44788 12 44870 67 44938 12 44959 42 45043 13 45126 79 45215 41 45299 13 45383 76 45471 41 45554 14 45639 76 45727 41 45810 14 45895 77 45983 40 46066 14 46151 78 46240 39 46322 14 46407 84 46496 39 46578 14 46663 84 46753 38 46835 13 46919 84 47009 37 47091 13 47175 85 47266 36 47348 12 47432 85 47523 35 47605 11 47688 85 47780 34 47861 11 47946 85 48037 33 48113 15 48203 85 48295 31 48369 15 48459 86 48552 30 48625 15 48659 4 48715 86 48809 28 48881 15 48908 13 48971 86 49066 27 49137 15 49163 14 49227 86 49323 24 49393 15 49418 16 49483 85 49579 18 49649 15 49674 16 49739 84 49835 17 49905 15 49929 18 49995 84 50092 15 50162 14 50185 18 50251 84 50349 13 50419 13 50443 18 50508 84 50607 10 50675 13 50700 17 50765 84 50864 8 50931 13 50962 11 51021 84 51122 3 51187 13 51218 11 51277 86 51443 13 51473 11 51532 89 51700 12 51729 11 51787 91 51956 12 51983 14 52043 92 52212 12 52239 14 52298 94 52468 12 52495 15 52554 95 52724 12 52751 15 52811 94 52981 11 53007 16 53067 95 53237 11 53263 17 53323 96 53494 10 53520 17 53581 98 53751 9 53776 19 53837 98 54007 9 54031 28 54095 98 54263 9 54287 29 54353 96 54518 10 54543 30 54611 43 54657 50 54773 11 54799 30 54837 4 54871 39 54915 48 55028 12 55055 32 55091 8 55127 39 55172 47 55283 13 55311 33 55346 9 55384 38 55428 48 55539 13 55568 44 55641 38 55685 48 55795 13 55824 44 55898 37 55941 48 56051 13 56078 45 56154 38 56197 48 56307 13 56333 46 56411 38 56454 47 56563 13 56589 46 56666 41 56710 48 56819 13 56845 45 56921 43 56965 49 57076 12 57101 44 57177 94 57333 11 57357 43 57432 95 57589 11 57613 43 57687 97 57846 10 57869 42 57943 97 58102 10 58126 41 58194 102 58358 10 58376 1 58383 40 58449 103 58613 11 58630 5 58639 40 58704 104 58867 13 58886 5 58897 38 58960 104 59123 13 59142 6 59154 37 59215 104 59377 15 59397 7 59411 32 59445 2 59450 8 59471 104 59633 15 59653 8 59668 31 59703 128 59889 15 59909 8 59925 29 59959 127 60145 15 60165 8 60183 27 60215 125 60401 15 60421 8 60440 26 60471 125 60657 15 60676 9 60697 24 60727 123 60913 15 60931 10 60953 24 60983 116 61170 14 61187 10 61210 23 61240 113 61426 14 61445 8 61466 23 61496 113 61682 14 61704 7 61723 22 61752 112 61937 15 61961 6 61979 21 62008 108 62117 2 62193 15 62217 6 62237 18 62263 111 62449 15 62473 7 62494 16 62519 111 62705 15 62730 6 62751 15 62775 111 62961 15 62986 6 63008 14 63031 112 63217 15 63243 4 63265 13 63286 113 63475 13 63500 3 63521 12 63539 116 63731 13 63757 1 63761 4 63777 12 63793 118 63988 12 64013 1 64017 4 64034 11 64049 118 64244 12 64274 5 64291 10 64303 120 64501 11 64530 5 64549 6 64559 120 64758 10 64786 5 64813 121 65016 8 65043 4 65069 121 65274 6 65304 1 65309 4 65325 120 65535 1
905849,0 65536
907141,0 33 41 66 111 4 134 57 209 34 256 35 295 69 369 1 391 56 465 32 512 109 647 55 722 31 768 109 905 51 979 30 1024 110 1170 41 1235 29 1280 111 1427 18 1450 15 1493 24 1536 111 1683 18 1706 15 1749 23 1792 53 1847 57 1943 13 1963 12 2005 22 2048 53 2104 56 2201 10 2220 11 2262 20 2304 53 2359 56 2459 8 2477 8 2519 16 2560 53 2615 56 2715 8 2735 5 2775 13 2816 51 2871 56 2971 8 3035 6 3072 50 3127 55 3227 8 3291 5 3328 47 3382 54 3482 7 3584 47 3639 52 3736 13 3840 48 3895 51 3991 15 4096 48 4151 50 4247 16 4352 47 4408 47 4502 19 4608 46 4665 46 4758 19 4864 37 4903 3 4922 45 5014 19 5120 36 5159 4 5177 46 5270 20 5376 35 5415 4 5432 47 5527 20 5632 35 5671 4 5687 48 5783 20 5888 34 5929 3 5940 51 6040 20 6102 6 6144 33 6186 2 6195 52 6296 21 6355 10 6400 33 6443 1 6451 52 6517 5 6551 22 6608 23 6656 32 6706 52 6772 7 6807 23 6853 7 6861 28 6911 33 6962 51 7027 10 7063 23 7107 40 7167 32 7218 51 7283 10 7319 23 7363 42 7422 31 7474 46 7539 10 7574 24 7619 44 7677 32 7729 46 7795 10 7829 25 7875 44 7933 24 7983 46 8051 10 8085 30 8129 47 8191 22 8239 46 8307 10 8341 34 8383 50 8447 21 8493 48 8563 10 8597 36 8634 63 8702 22 8748 49 8820 7 8854 126 9003 50 9110 125 9259 49 9367 124 9514 44 9623 123 9770 43 9879 122 10026 43 10096 7 10135 122 10282 42 10351 10 10391 122 10537 44 10604 15 10638 2 10645 123 10793 47 10843 1 10860 15 10891 8 10901 123 11048 55 11115 17 11145 135 11303 58 11371 18 11400 136 11557 61 11626 19 11655 137 11813 61 11881 20 11911 138 12067 63 12137 20 12165 140 12323 63 12393 20 12421 140 12577 64 12648 20 12677 139 12832 65 12904 20 12933 138 13087 65 13160 19 13188 137 13343 64 13417 18 13444 135 13599 60 13673 16 13699 136 13853 60 13930 14 13953 138 14108 57 14187 12 14206 142 14363 56 14443 11 14462 142 14618 55 14699 10 14717 143 14873 56 14955 9 14973 143 15128 57 15210 10 15228 147 15383 58 15466 10 15484 149 15637 63 15721 12 15739 218 15976 13 15995 220 16229 17 16249 222 16484 18 16504 224 16739 246 16995 246 17251 246 17506 247 17762 247 18018 249 18273 250 18529 253 18785 255 19041 1026 20069 8985 29059 504 29565 15900 45467 513 45983 41 46031 205 46239 34 46275 3 46289 202 46495 34 46531 3 46545 202 46751 33 46787 4 46802 200 47007 32 47043 3 47061 197 47264 28 47300 1 47318 192 47522 3 47530 15 47576 189 47787 13 47832 187 48049 5 48087 187 48342 38 48383 146 48599 186 48855 187 49095 6 49111 188 49349 14 49366 189 49605 207 49860 208 50113 211 50367 213 50617 219 50872 221 51126 223 51381 225 51634 229 51884 237 52133 244 52385 251 52637 554 53193 254 53449 252 53705 252 53960 779 54742 235 54978 17 54999 232 55234 15 55256 231 55490 15 55512 230 55747 14 55768 230 56003 14 56024 229 56259 12 56280 228 56516 10 56536 227 56775 6 56793 226 57049 226 57305 225 57562 223 57819 222 58075 222 58331 222 58587 226 58843 229 59098 232 59353 234 59609 235 59865 236 60121 238 60376 240 60631 241 60885 242 61140 243 61395 243 61651 243 61906 243 62162 244 62418 244 62674 244 62930 245 63186 29 63217 214 63442 28 63475 214 63698 29 63732 213 63953 30 63989 213 64209 30 64246 249 64505 246 64763 244 65022 241 65279 240
919234,0 7566 7568 253 7825 251 8087 244 8344 49 8394 192 8600 241 8857 244 9113 246 9369 247 9625 247 9881 248 10131 2 10138 247 10386 5 10395 254 10652 253 10908 253 11165 254 11421 255 11677 255 11933 8988 20922 3147 24073 247 24329 247 24585 247 24841 247 25097 247 25353 247 25609 247 25864 248 26120 248 26376 248 26632 248 26889 247 27145 247 27403 245 27659 245 27915 245 28171 187 28359 57 28426 187 28616 56 28682 187 28872 60 28937 187 29128 61 29193 186 29385 250 29641 251 29897 251 30151 253 30407 253 30662 11082 41747 252 42004 250 42259 250 42515 249 42771 248 43026 246 43281 249 43535 15325 58861 254 59117 233 59353 16 59375 230 59609 16 59631 226 59866 15 59888 223 60122 15 60144 180 60327 40 60379 14 60401 178 60584 39 60635 14 60658 176 60840 39 60892 12 60916 174 61096 39 61149 10 61173 173 61352 45 61409 3 61434 168 61607 47 61690 168 61863 48 61946 168 62119 48 62202 168 62375 36 62413 10 62459 166 62631 32 62669 10 62715 168 62888 28 62925 10 62971 169 63145 27 63181 10 63228 169 63402 26 63436 11 63487 166 63659 24 63691 13 63744 165 63916 23 63945 15 64000 164 64173 20 64201 15 64256 166 64425 1 64431 16 64455 18 64512 172 64689 7 64699 3 64709 20 64768 173 64965 20 65024 174 65221 20 65280 175 65477 20
925045,0 65536
927607,45 17 302 15 559 14 776 1 969 5 1029 5 1224 9 1283 8 1478 13 1539 8 1733 15 1794 8 1988 17 2050 8 2243 18 2309 2 2497 20 2753 20 3010 3 3017 12 3268 1 3274 11 3533 7 3789 6 4047 4 4303 4 4861 3 5115 5 5371 5 5626 6 5883 5 6141 2 8887 6 9112 5 9142 8 9367 7 9397 10 9622 9 9651 12 9877 10 9907 12 10133 10 10161 14 10389 10 10417 14 10645 11 10673 14 10882 3 10901 12 10930 13 11137 6 11155 16 11187 12 11393 6 11411 18 11444 11 11649 8 11666 21 11703 7 11905 8 11922 21 11960 5 12161 8 12172 28 12418 7 12426 31 12682 31 12721 5 12939 30 12977 6 13195 30 13232 7 13451 29 13488 7 13707 16 13727 8 13743 9 13962 10 13973 5 13985 5 13999 9 14218 8 14255 8 14474 7 14512 7 14730 7 14769 4 14986 7 15243 6 15499 7 15756 6 16013 5 16271 3 16830 3 17085 6 17340 11 17596 11 17813 8 17852 13 18069 8 18108 14 18327 6 18364 14 18585 4 18620 14 18841 6 18876 15 19097 6 19132 19 19354 9 19388 21 19611 8 19645 21 19867 10 19901 21 20123 10 20157 22 20379 10 20415 19 20634 11 20672 17 20889 12 20931 14 21144 13 21191 8 21399 14 21654 15 21910 15 22166 14 22422 13 22678 13 22934 11 23190 11 23447 9 23704 7 23964 1 31688 4 31943 6 32198 7 32268 5 32454 7 32522 8 32709 8 32777 10 32965 8 33032 15 33219 10 33287 18 33471 1 33474 11 33541 20 33723 18 33797 20 33979 18 34051 23 34235 18 34307 23 34335 3 34491 19 34560 37 34605 8 34747 20 34816 37 34860 11 35003 21 35072 40 35113 17 35259 22 35328 60 35515 21 35584 61 35771 20 35840 62 36027 20 36096 63 36283 19 36352 63 36539 19 36608 63 36796 17 36864 63 37052 17 37120 63 37308 17 37376 64 37564 17 37632 66 37819 17 37888 67 38075 17 38144 68 38331 16 38400 69 38586 17 38656 69 38842 17 38916 65 39097 18 39175 61 39353 18 39431 61 39609 18 39687 60 39867 15 39943 60 40124 13 40199 59 40381 12 40455 58 40638 10 40709 58 40896 7 40965 58 41153 6 41221 56 41412 1 41478 55 41735 54 41991 54 42248 53 42504 53 42761 39 42805 8 43017 38 43063 5 43274 3 43282 27 43538 27 43792 27 44047 27 44302 14 44558 13 44727 5 44814 9 44982 8 45069 8 45238 8 45325 7 45494 8 45583 3 45751 6 46421 6 46676 7 46931 9 47185 12 47439 14 47694 16 47949 18 48041 10 48204 19 48295 12 48395 4 48459 21 48551 14 48650 7 48715 21 48807 14 48905 8 48970 22 49062 15 49161 8 49225 24 49318 15 49417 9 49480 25 49573 16 49673 9 49735 26 49829 16 49927 12 49989 28 50085 16 50182 14 50244 29 50340 17 50437 16 50499 30 50601 11 50625 1 50692 17 50755 30 50833 4 50859 8 50881 2 50947 19 51011 30 51087 9 51118 4 51135 4 51203 19 51267 30 51341 12 51391 4 51459 18 51523 29 51587 23 51647 4 51714 19 51779 29 51843 24 51903 4 51969 21 52034 30 52097 26 52225 21 52290 30 52353 26 52480 22 52545 30 52606 30 52736 21 52800 29 52860 32 52992 21 53050 33 53115 34 53155 6 53248 21 53302 35 53369 37 53409 8 53504 21 53557 33 53613 2 53621 53 53760 20 53813 25 53843 1 53866 65 54016 20 54068 24 54119 69 54272 19 54324 22 54374 71 54528 18 54580 20 54629 73 54784 17 54836 19 54885 74 55040 15 55092 13 55140 76 55296 15 55347 13 55395 78 55552 1 55557 6 55603 12 55650 79 55813 4 55859 11 55905 80 56114 12 56159 84 56361 4 56367 15 56415 84 56614 25 56665 91 56869 14 56884 11 56919 93 57103 3 57125 14 57145 7 57171 97 57358 5 57381 15 57402 5 57427 97 57608 13 57636 17 57674 3 57683 96 57863 14 57888 21 57927 8 57940 95 58118 17 58141 24 58180 13 58196 94 58373 18 58395 25 58435 14 58452 93 58628 20 58650 27 58691 14 58709 91 58883 21 58907 26 58947 13 58965 90 59137 22 59163 26 59204 12 59222 86 59393 23 59417 28 59461 10 59478 85 59650 51 59718 9 59735 77 59816 2 59905 52 59976 1 59991 76 60161 52 60247 74 60329 4 60416 53 60503 73 60585 5 60672 53 60759 72 60841 7 60883 4 60928 53 61011 3 61015 71 61096 9 61139 6 61184 53 61251 5 61264 77 61351 16 61395 6 61440 53 61507 8 61520 77 61607 18 61651 7 61696 53 61763 20 61785 68 61862 23 61907 7 61952 53 62019 20 62041 68 62117 26 62163 7 62208 52 62275 18 62297 68 62373 26 62421 4 62464 52 62531 18 62553 68 62628 27 62679 1 62720 50 62789 11 62802 3 62809 68 62883 28 62976 49 63045 10 63059 1 63064 68 63139 28 63232 47 63302 7 63319 68 63395 28 63488 47 63559 6 63576 67 63651 28 63744 46 63819 1 63824 3 63833 66 63907 28 64000 45 64080 3 64090 64 64163 29 64256 45 64336 5 64347 62 64417 30 64512 44 64579 2 64593 4 64604 61 64671 32 64768 43 64827 16 64849 4 64861 60 64926 11 64939 19 65012 4 65024 42 65083 25 65118 59 65181 12 65195 19 65268 5 65280 39 65337 24 65376 45 65423 10 65437 10 65451 18 65511 4 65523 6
927691,0 3384 3389 250 3645 248 3905 244 4161 244 4419 242 4676 241 4933 240 5189 238 5445 237 5701 234 5957 234 6215 15 6231 215 6473 10 6485 217 6730 9 6741 217 6997 217 7253 12 7266 203 7511 8 7524 201 7768 7 7780 201 8027 4 8036 201 8292 199 8541 3 8548 199 8797 6 8804 198 9053 6 9061 197 9309 6 9317 198 9565 6 9575 196 9821 5 9831 196 10085 13 10101 182 10341 12 10359 181 10597 10 10616 181 10853 9 10872 181 11109 8 11129 181 11366 7 11385 183 11589 6 11623 5 11640 185 11845 7 11879 5 11895 188 12101 8 12135 6 12147 192 12357 8 12391 204 12613 8 12646 205 12869 7 12901 207 13147 1 13157 207 13401 6 13412 209 13625 4 13655 222 13879 8 13909 238 14155 248 14410 11988 26399 255 26657 7000 33665 247 33921 40 33962 206 34177 26 34207 9 34222 201 34439 19 34465 6 34479 200 34699 12 34721 6 34737 198 34956 6 34977 6 34993 198 35233 7 35251 196 35489 7 35507 193 35745 8 35763 190 36001 8 36018 189 36245 19 36273 190 36499 16 36529 190 36755 17 36785 189 37011 17 37041 189 37268 17 37297 188 37524 17 37552 166 37719 22 37780 4 37787 12 37808 165 37976 11 37990 5 38044 12 38064 166 38231 10 38302 16 38332 154 38487 8 38559 15 38589 158 38817 14 38845 156 39075 12 39101 154 39331 12 39358 153 39588 11 39614 154 39845 12 39871 153 40102 11 40127 152 40359 176 40615 177 40871 177 41127 178 41382 179 41637 180 41892 181 42147 182 42401 185 42656 186 42909 189 43165 190 43419 192 43674 194 43929 196 44184 198 44437 202 44691 207 44901 5 44943 220 45198 221 45452 223 45707 224 45950 237 46205 240 46460 241 46707 1 46715 11127 57843 239 58087 10 58100 235 58359 232 58615 231 58872 229 59128 228 59384 229 59640 229 59897 230 60153 232 60409 234 60665 236 60922 235 61179 235 61437 233 61693 233 61943 3 61952 230 62199 4 62208 229 62455 4 62464 229 62711 4 62720 227 62967 4 62976 227 63223 4 63232 226 63482 1 63488 227 63744 228 64000 228 64256 229 64509 232 64765 234 65021 235 65277 237 65522 1
933048,59 10 138 5 164 14 316 9 393 6 419 16 573 8 649 6 675 16 829 7 903 9 927 20 1086 6 1159 9 1181 22 1344 4 1413 12 1433 28 1601 2 1669 12 1689 28 1924 13 1945 28 2179 14 2201 28 2434 16 2461 10 2477 8 2689 18 2718 7 2734 6 2945 18 2975 5 3201 19 3232 3 3457 20 3713 20 3970 20 4226 20 4483 20 4739 20 4995 21 5251 21 5507 22 5764 21 6021 22 6277 24 6537 20 6795 18 7054 15 7311 13 7575 4 7832 2 62592 3 62622 3 62846 5 62869 14 63101 6 63125 16 63355 8 63379 18 63609 10 63635 18 63865 10 63890 20 64120 11 64146 20 64377 8 64403 20 64633 7 64659 20 64891 2 64903 4 64915 22 65158 5 65171 22 65414 5 65427 22
938416,20 13 277 10 534 9 792 5 11775 1 12031 1 12286 2 12541 3 12798 2 13054 2 13311 1 13567 1 13823 1 14079 1 14334 2 14589 3 14831 7 14845 3 15087 8 15100 4 15341 12 15355 5 15596 14 15611 5 15851 21 16105 23 16360 24 16615 25 16871 25 17127 25 17384 24 17640 24 17897 23 18153 23 18409 23 18659 29 18911 33 19166 34 19421 35 19677 35 19929 39 20183 41 20437 43 20692 44 20947 45 21203 45 21459 45 21715 45 21971 45 22227 45 22483 45 22740 44 22995 45 23251 45 23507 45 23763 45 24019 45 24275 45 24532 44 24788 44 25044 43 25300 42 25556 41 25812 40 26068 41 26324 41 26534 3 26579 42 26623 1 26789 5 26835 45 27043 8 27090 46 27299 8 27343 49 27554 9 27598 50 27810 9 27854 50 28066 9 28109 51 28322 9 28365 51 28579 7 28622 50 28835 7 28879 49 29136 48 29393 47 29649 46 29905 46 30161 43 30416 41 30671 40 30927 40 31151 9 31181 42 31407 10 31436 43 31661 16 31690 45 31742 2 31917 17 31945 46 31997 3 32172 20 32200 46 32251 5 32427 22 32455 47 32507 5 32680 25 32712 46 32763 5 32934 27 32968 45 33018 6 33187 31 33224 45 33274 6 33443 32 33481 45 33529 7 33699 33 33738 54 33955 34 33995 53 34210 36 34251 38 34291 13 34462 41 34507 36 34547 13 34717 42 34763 36 34803 13 34973 42 35019 36 35059 13 35229 42 35274 54 35485 42 35528 56 35741 85 35827 13 35997 99 36253 99 36510 98 36767 6 36775 89 37023 6 37031 89 37265 5 37281 4 37287 89 37521 7 37535 97 37777 102 37883 5 38033 102 38139 5 38287 105 38395 5 38543 105 38652 4 38797 109 38907 5 39053 115 39308 116 39563 117 39819 117 40075 117 40331 117 40587 117 40843 117 41099 117 41358 11 41370 102 41621 2 41628 100 41886 98 42142 98 42399 97 42655 97 42911 42 42959 49 43166 43 43216 9 43228 36 43420 24 43445 20 43478 2 43487 33 43676 24 43701 20 43744 32 43931 45 44003 16 44022 10 44187 44 44260 3 44268 6 44279 9 44443 42 44515 4 44523 7 44534 10 44699 40 44770 5 44779 7 44789 11 44955 36 45026 5 45033 23 45211 34 45282 5 45288 24 45467 34 45539 29 45723 34 45795 29 45977 27 46005 8 46025 8 46055 25 46233 27 46263 7 46279 11 46311 25 46489 26 46521 4 46534 13 46567 25 46745 26 46789 15 46822 26 47002 25 47045 18 47077 27 47258 25 47300 23 47333 27 47514 25 47555 30 47589 27 47771 24 47811 61 48027 24 48067 61 48283 24 48323 61 48541 22 48579 61 48797 22 48835 61 49053 22 49089 63 49309 22 49344 64 49565 22 49595 69 49821 22 49851 69 50077 10 50094 4 50106 70 50333 10 50361 71 50590 8 50617 71 50848 5 50873 71 51129 71 51384 72 51638 74 51893 75 52102 1 52149 42 52195 29 52356 7 52365 3 52405 42 52451 29 52611 16 52661 42 52708 28 52867 16 52917 41 52964 28 53122 18 53169 2 53173 40 53221 27 53377 20 53429 40 53477 27 53633 20 53684 40 53736 24 53888 22 53940 40 53993 23 54143 24 54197 38 54250 18 54270 2 54399 24 54453 36 54507 17 54527 1 54654 26 54710 29 54765 15 54782 2 54909 27 54967 28 55021 19 55164 29 55206 3 55225 16 55244 5 55279 17 55417 38 55461 5 55481 16 55535 17 55670 43 55715 8 55739 12 55790 18 55925 44 55970 9 55995 12 56045 19 56179 58 56252 11 56298 22 56435 59 56510 9 56553 23 56691 60 56757 8 56769 5 56808 24 56946 63 57010 11 57027 2 57063 25 57202 76 57319 25 57457 76 57575 25 57713 76 57831 25 57969 76 58087 25 58224 81 58307 3 58342 26 58480 88 58598 26 58735 91 58853 27 58991 92 59109 27 59197 4 59247 92 59364 28 59451 7 59503 92 59620 28 59705 10 59760 92 59876 28 59959 12 59978 2 60017 92 60132 28 60214 13 60231 6 60274 91 60388 28 60418 7 60469 14 60487 7 60531 90 60644 38 60725 14 60741 9 60788 89 60901 38 60982 13 60996 10 61044 89 61157 26 61184 13 61239 22 61301 88 61413 1 61416 19 61440 17 61495 22 61557 87 61669 20 61696 18 61752 21 61813 85 61924 12 61952 19 62009 19 62069 84 62180 11 62208 20 62266 18 62325 81 62436 11 62464 21 62523 17 62581 76 62691 12 62720 21 62780 17 62837 73 62946 13 62976 21 63036 17 63093 72 63201 14 63232 23 63294 15 63349 71 63457 14 63488 23 63550 15 63606 9 63620 55 63713 6 63720 7 63744 23 63805 17 63864 6 63877 53 63971 4 63980 5 64000 23 64061 17 64121 5 64133 52 64227 3 64237 6 64256 24 64291 6 64315 20 64377 4 64390 49 64494 5 64512 29 64545 10 64571 20 64633 4 64646 47 64727 4 64750 5 64768 43 64825 23 64888 6 64903 44 64981 8 65007 4 65024 43 65081 23 65126 2 65143 8 65159 44 65237 8 65266 1 65280 43 65336 25 65379 10 65397 11 65417 42 65492 9
942725,0 35 84 14 154 44 256 10 269 22 339 14 411 41 512 8 525 22 595 14 667 41 768 7 781 22 850 15 923 40 1024 7 1037 22 1106 14 1179 40 1280 3 1293 22 1362 13 1435 40 1536 1 1549 22 1618 12 1692 38 1805 22 1875 10 1949 36 2061 22 2131 8 2205 36 2318 20 2388 6 2463 34 2575 18 2645 4 2720 33 2831 18 2978 31 3087 17 3235 29 3345 15 3425 5 3492 27 3523 6 3601 15 3680 7 3748 27 3778 7 3858 14 3935 9 4003 38 4063 18 4114 14 4190 10 4257 5 4266 32 4318 20 4371 14 4446 10 4511 7 4523 36 4561 36 4627 14 4702 10 4767 7 4779 76 4883 14 4958 10 5022 8 5036 77 5139 15 5215 10 5279 6 5293 76 5395 16 5471 11 5535 6 5560 67 5651 16 5728 10 5793 3 5816 68 5907 16 6072 69 6163 16 6328 72 6418 16 6583 73 6673 16 6839 73 6928 15 7093 75 7183 15 7348 76 7439 11 7603 77 7695 12 7859 77 7951 13 8019 8 8034 6 8044 5 8105 5 8113 79 8207 14 8275 8 8287 20 8361 87 8465 12 8529 36 8617 87 8721 12 8784 39 8827 4 8872 88 8977 12 9039 50 9128 88 9233 12 9295 52 9385 87 9489 13 9550 55 9641 87 9745 13 9806 56 9897 87 10003 11 10061 63 10155 85 10260 10 10317 14 10332 49 10413 83 10518 8 10573 14 10589 48 10676 76 10775 7 10830 13 10845 48 10933 75 11031 7 11075 8 11087 10 11101 48 11189 75 11286 10 11315 1 11327 14 11344 9 11357 48 11445 75 11541 16 11567 6 11577 20 11601 7 11613 48 11702 74 11797 17 11821 9 11831 23 11857 7 11869 48 11958 74 12053 17 12077 38 12125 46 12215 73 12308 18 12332 37 12381 46 12471 73 12563 21 12586 42 12637 44 12728 72 12819 66 12893 43 12985 8 12994 62 13074 68 13148 42 13241 7 13253 59 13329 69 13405 41 13499 4 13510 58 13585 70 13661 40 13768 56 13840 71 13917 40 14025 55 14094 74 14173 40 14281 55 14349 75 14428 40 14537 55 14605 74 14684 39 14794 57 14861 74 14940 39 15051 58 15116 73 15196 39 15308 57 15372 71 15452 38 15565 58 15627 68 15709 36 15823 127 15965 35 16081 124 16221 34 16339 122 16477 12 16491 18 16596 121 16733 11 16751 13 16852 121 16990 10 17008 11 17109 120 17247 8 17267 6 17365 120 17505 6 17525 3 17621 120 17893 94 17988 10 18150 88 18245 13 18407 87 18501 14 18590 4 18663 86 18762 10 18844 7 18921 84 19019 10 19100 7 19178 83 19276 9 19311 8 19355 9 19435 14 19456 61 19532 9 19567 11 19611 10 19691 13 19712 60 19788 9 19823 17 19867 10 19945 9 19968 59 20044 9 20079 18 20123 11 20201 7 20224 58 20300 9 20335 19 20378 13 20456 9 20480 57 20556 9 20591 20 20633 14 20712 9 20736 21 20760 33 20809 12 20847 21 20889 14 20959 4 20968 9 20992 19 21017 32 21064 13 21103 22 21145 14 21215 5 21225 7 21248 18 21274 31 21319 14 21359 23 21402 13 21470 6 21483 2 21504 18 21530 30 21575 14 21615 24 21658 13 21726 7 21760 17 21787 26 21829 18 21870 27 21915 10 21982 7 22016 17 22045 24 22085 9 22099 4 22125 29 22172 7 22238 7 22272 17 22302 22 22342 6 22377 32 22429 5 22494 9 22529 15 22559 20 22598 5 22632 33 22750 10 22788 12 22817 10 22831 4 22871 5 22887 34 23007 10 23045 10 23077 5 23087 2 23127 7 23143 33 23264 8 23305 3 23383 10 23399 32 23522 6 23638 11 23655 31 23780 1 23893 12 23912 28 24149 12 24169 26 24260 7 24404 13 24425 26 24513 14 24584 1 24659 14 24681 26 24769 15 24840 2 24871 3 24915 14 24937 26 25024 17 25123 9 25171 13 25193 26 25280 17 25377 12 25427 10 25449 25 25537 16 25633 12 25683 8 25705 25 25793 16 25889 12 25941 4 25961 24 26051 15 26145 12 26217 24 26309 13 26401 12 26473 24 26566 11 26658 11 26729 23 26823 10 26915 10 26984 21 27081 8 27171 9 27240 21 27337 7 27495 18 27641 2 27750 19 27895 5 27982 12 28004 21 28150 7 28238 14 28259 22 28405 8 28493 46 28541 4 28661 9 28749 53 28917 10 29005 54 29076 7 29172 11 29261 56 29331 10 29428 11 29518 57 29585 14 29684 12 29774 58 29840 15 29940 12 30031 59 30095 16 30195 13 30287 60 30349 18 30451 13 30543 80 30707 13 30799 80 30963 13 31056 78 31219 13 31312 78 31475 13 31568 41 31611 34 31732 12 31824 41 31869 32 31988 12 32080 41 32128 27 32245 11 32336 42 32384 27 32501 11 32593 34 32629 4 32641 26 32758 10 32849 33 32887 2 32897 26 33015 9 33105 32 33153 26 33362 30 33409 26 33619 26 33665 25 33877 24 33922 24 34135 19 34178 25 34303 1 34392 17 34434 25 34558 2 34649 16 34690 25 34813 3 34906 14 34945 26 35069 3 35163 12 35201 26 35324 4 35419 11 35457 26 35580 4 35675 10 35713 26 35837 3 35931 10 35969 27 36092 4 36121 4 36188 9 36226 27 36342 10 36377 6 36445 8 36483 26 36597 11 36631 9 36702 5 36738 28 36851 13 36887 9 36960 2 36992 30 37105 15 37143 9 37243 36 37284 1 37289 2 37359 17 37399 9 37499 36 37539 12 37614 18 37656 7 37753 56 37865 23 37913 6 38009 57 38120 24 38265 58 38375 25 38520 60 38630 26 38776 61 38886 26 39031 62 39142 26 39284 66 39397 27 39537 68 39653 27 39792 68 39909 28 40047 68 40164 37 40303 67 40420 39 40559 66 40676 39 40742 15 40814 67 40932 39 40997 17 41070 67 41189 39 41253 19 41326 40 41372 22 41399 8 41408 3 41445 40 41509 19 41582 39 41629 40 41701 42 41764 19 41839 37 41885 43 41957 44 42020 19 42096 35 42141 45 42213 45 42276 19 42359 28 42397 46 42466 48 42532 19 42617 26 42653 46 42721 50 42789 16 42875 24 42908 47 42977 50 43045 15 43133 8 43144 11 43164 47 43233 50 43301 12 43403 9 43419 48 43489 50 43557 12 43659 8 43675 48 43745 50 43813 11 43915 8 43929 49 43987 3 44003 6 44015 1 44025 26 44069 11 44171 8 44184 49 44243 4 44260 5 44281 26 44327 9 44429 6 44438 52 44497 6 44541 22 44583 8 44687 2 44693 54 44753 9 44798 21 44840 7 44947 74 45055 20 45096 7 45203 75 45311 22 45459 77 45568 21 45607 4 45715 78 45824 23 45861 7 45971 80 46080 23 46117 8 46227 80 46336 24 46372 9 46485 79 46592 24 46627 10 46741 80 46848 25 46881 14 46998 80 47104 25 47131 20 47255 1 47261 74 47360 49 47519 73 47616 53 47775 74 47872 24 47897 30 48031 74 48128 24 48153 30 48287 75 48384 24 48409 31 48543 77 48640 56 48799 13 48813 64 48896 57 49055 10 49071 8 49086 49 49152 57 49311 9 49329 5 49343 48 49408 57 49567 7 49600 49 49664 57 49824 6 49856 49 49920 14 49939 2 49942 35 50113 50 50176 13 50199 35 50369 51 50432 13 50454 36 50624 55 50688 13 50710 36 50879 58 50944 13 50965 37 51135 59 51200 13 51219 39 51391 60 51456 12 51475 38 51524 4 51645 63 51712 11 51730 38 51780 5 51901 63 51968 7 51985 37 52037 4 52076 3 52156 64 52224 4 52241 36 52293 4 52331 6 52411 65 52480 5 52496 37 52549 6 52583 12 52667 64 52736 5 52752 37 52804 9 52819 7 52838 15 52923 64 52992 6 53008 36 53053 33 53093 17 53180 62 53248 6 53265 35 53309 34 53349 18 53437 61 53504 5 53522 17 53545 10 53565 36 53604 20 53693 60 53760 5 53779 16 53801 10 53821 59 53950 59 54016 5 54039 8 54077 60 54208 57 54272 5 54333 60 54465 56 54528 5 54589 64 54725 52 54784 5 54845 66 54983 50 55040 5 55101 67 55240 49 55296 5 55358 67 55497 48 55552 5 55615 67 55757 45 55808 5 55871 68 56015 8 56024 35 56064 5 56127 68 56280 36 56320 5 56383 68 56536 37 56576 5 56639 68 56791 38 56832 4 56895 68 57047 38 57088 2 57151 68 57301 40 57344 1 57407 67 57556 41 57663 66 57811 41 57919 66 58067 41 58173 66 58323 40 58429 54 58487 8 58578 40 58684 55 58743 8 58834 39 58940 55 58999 10 59090 39 59195 55 59254 12 59347 38 59451 55 59510 13 59603 37 59692 6 59707 54 59766 14 59860 35 59947 8 59963 54 60022 15 60117 33 60202 9 60218 54 60278 17 60373 27 60458 9 60473 54 60534 17 60631 23 60713 12 60727 55 60789 19 60888 7 60899 9 60967 71 61045 20 61069 2 61146 1 61155 9 61222 71 61301 28 61383 8 61412 7 61477 72 61557 28 61639 9 61669 5 61733 71 61813 29 61893 13 61927 1 61943 1 61989 71 62069 29 62149 14 62198 3 62245 70 62326 29 62405 15 62501 70 62582 29 62661 15 62720 3 62757 68 62839 28 62889 6 62917 16 62976 4 63013 68 63097 26 63144 9 63173 16 63232 5 63270 63 63355 24 63400 9 63429 16 63488 5 63527 60 63611 24 63655 11 63685 16 63744 6 63787 49 63869 22 63909 13 63941 15 64000 6 64045 46 64125 24 64165 14 64197 15 64256 6 64303 42 64381 23 64419 16 64454 13 64512 5 64561 40 64638 22 64667 24 64711 10 64768 5 64819 37 64895 21 64922 25 64968 8 65024 5 65075 37 65151 22 65178 24 65225 2 65280 5 65333 35 65409 20 65433 24
944809, 
962767,21 16 195 61 278 15 451 61 535 14 707 61 791 13 964 60 1048 11 1221 59 1477 59 1734 58 1990 58 2247 57 2503 57 2748 1 2759 60 3004 2 3015 61 3260 1 3271 62 3528 61 3784 61 4040 61 4296 61 4552 60 4808 59 5064 58 5316 60 5571 61 5827 61 6083 61 6251 1 6339 61 6497 12 6595 61 6751 15 6851 61 7005 18 7106 62 7260 19 7362 62 7512 23 7618 62 7767 24 7874 62 8019 29 8130 62 8274 31 8386 62 8529 33 8642 62 8784 35 8899 61 9039 36 9155 61 9295 36 9411 61 9552 35 9667 61 9808 35 9923 61 10065 34 10179 61 10321 34 10436 60 10575 35 10692 60 10830 36 10948 60 11086 36 11205 59 11342 35 11461 59 11597 36 11717 59 11853 36 11974 9 11986 46 12108 5 12119 24 12230 9 12243 45 12364 4 12376 23 12486 8 12499 45 12633 21 12743 6 12757 43 12889 20 13001 4 13014 42 13145 20 13271 41 13402 18 13528 40 13659 2 13667 8 13785 39 13923 8 14042 38 14184 1 14299 37 14556 36 14813 35 15069 35 15327 33 15585 25 15611 2 15843 20 16100 18 16359 1 16365 9 16623 7 16881 3 17002 12 17255 17 17510 19 17765 20 18021 21 18277 21 18533 21 18789 20 18899 5 19045 19 19155 5 19302 17 19409 8 19559 15 19665 8 19817 12 19920 9 20075 9 20176 9 20334 4 20431 12 20687 12 20941 16 21197 16 21446 2 21451 20 21701 4 21707 21 21955 30 22211 30 22467 32 22723 32 22979 33 23235 33 23484 5 23493 32 23739 6 23750 3 23754 27 23994 7 24011 25 24249 7 24267 25 24507 2 24523 25 24779 25 24865 10 25035 26 25121 12 25291 26 25377 13 25405 4 25506 3 25547 26 25633 14 25661 4 25761 4 25804 26 25888 16 25917 5 26017 2 26061 26 26144 17 26173 6 26273 2 26317 26 26400 17 26428 12 26443 1 26574 26 26655 18 26684 19 26831 25 26911 18 26937 25 27087 25 27166 19 27192 27 27344 25 27421 20 27447 30 27601 24 27677 20 27703 31 27857 24 27934 19 27960 31 28114 23 28190 19 28217 31 28371 22 28447 19 28471 34 28628 19 28703 58 28885 18 28959 60 29142 16 29215 60 29398 15 29469 62 29654 6 29725 62 29825 4 29910 5 29981 10 29993 50 30079 7 30166 5 30237 8 30250 49 30333 9 30422 5 30493 8 30506 49 30589 10 30749 8 30763 48 30845 10 31007 6 31019 35 31057 9 31101 10 31265 2 31275 34 31314 8 31357 10 31395 2 31531 34 31571 7 31613 9 31649 6 31787 34 31827 7 31870 7 31904 9 32044 33 32083 6 32159 12 32173 3 32183 4 32300 33 32340 4 32415 18 32437 7 32557 34 32598 1 32668 1 32671 18 32693 8 32813 35 32926 33 33069 36 33182 36 33315 6 33323 38 33439 36 33569 48 33695 36 33824 39 33865 8 33951 36 34079 38 34207 36 34335 38 34463 36 34589 40 34719 36 34844 42 34975 36 35099 44 35232 36 35353 46 35488 36 35608 48 35743 37 35863 50 35996 40 36119 50 36249 43 36375 50 36505 43 36631 51 36760 43 36887 51 37016 42 37143 50 37272 41 37400 49 37527 42 37631 1 37657 48 37783 40 37885 3 37913 48 38039 40 38140 4 38171 46 38295 39 38395 5 38427 5 38437 35 38551 38 38651 5 38695 32 38806 39 38907 5 38952 31 39061 40 39163 5 39209 30 39251 3 39255 6 39316 40 39418 6 39466 29 39507 10 39526 5 39571 41 39673 7 39723 27 39762 12 39781 11 39794 3 39825 41 39929 7 39980 25 40017 13 40037 17 40081 40 40185 7 40237 16 40258 3 40273 14 40291 22 40337 39 40440 8 40494 13 40514 3 40529 15 40546 25 40593 38 40696 8 40752 9 40785 43 40849 38 40952 8 41041 44 41106 37 41209 7 41299 43 41362 37 41404 1 41465 7 41561 37 41619 38 41658 4 41721 7 41817 37 41875 43 41979 5 42074 3 42080 30 42133 41 42235 5 42343 23 42389 41 42493 3 42599 23 42645 41 42750 2 42855 23 42902 11 42914 29 43007 1 43111 24 43159 8 43170 29 43358 33 43416 7 43427 28 43613 36 43673 5 43684 27 43868 38 43943 24 44124 39 44199 25 44339 8 44379 40 44456 23 44593 11 44635 41 44712 22 44847 21 44891 42 44969 20 45103 22 45147 42 45225 18 45338 5 45354 29 45403 44 45490 6 45594 5 45609 30 45659 45 45746 6 45849 9 45863 33 45915 47 46003 4 46105 10 46118 34 46171 48 46259 3 46362 47 46426 49 46569 2 46618 47 46682 49 46820 9 46876 45 46937 50 47073 14 47133 44 47192 51 47327 22 47389 44 47446 53 47581 27 47645 44 47701 54 47837 28 47902 42 47957 53 48091 32 48159 41 48213 53 48347 32 48415 40 48468 51 48603 34 48671 40 48724 50 48859 34 48927 40 48979 50 49114 36 49183 40 49235 51 49370 36 49425 8 49441 38 49490 52 49625 37 49679 11 49697 38 49746 52 49882 35 49935 56 50003 50 50139 32 50191 56 50259 50 50395 32 50447 55 50515 49 50653 29 50703 6 50710 48 50772 44 50910 28 50960 5 50967 39 51011 1 51029 42 51168 25 51223 38 51284 42 51424 25 51479 32 51540 40 51681 24 51735 31 51795 40 51937 24 51994 27 52051 38 52192 25 52251 18 52272 5 52307 38 52447 26 52509 14 52563 38 52605 6 52703 26 52767 12 52819 37 52860 7 52958 27 53026 8 53075 37 53114 9 53213 26 53283 6 53331 48 53469 26 53563 1 53589 46 53725 24 53818 2 53845 46 53981 23 54073 4 54103 44 54237 21 54329 4 54360 43 54493 19 54584 5 54617 42 54749 17 54840 5 54874 41 55005 16 55096 6 55137 34 55261 14 55352 6 55394 32 55517 14 55607 8 55651 30 55774 11 55863 7 55907 30 56030 11 56163 28 56289 8 56419 27 56549 4 56675 26 56933 23 57200 11 57461 6 57718 1 58535 6 58782 18 59037 22 59136 3 59293 24 59392 4 59548 26 59648 5 59804 27 59904 5 60059 28 60095 4 60160 14 60315 41 60416 15 60475 1 60571 41 60672 15 60827 42 60928 16 61083 43 61184 16 61339 43 61440 16 61595 44 61696 15 61850 45 61952 15 62106 45 62208 14 62360 46 62464 14 62615 47 62720 13 62871 46 62976 13 63126 47 63232 12 63382 46 63488 12 63639 44 63744 13 63895 44 64000 13 64152 42 64256 13 64407 42 64512 13 64663 42 64768 13 64918 42 65024 12 65174 41 65280 11 65430 41
966384,0 46 85 17 118 12 163 23 193 10 247 2 256 47 341 16 375 10 421 20 449 12 502 3 512 48 598 15 632 8 677 20 705 12 758 3 768 49 855 12 890 3 933 18 961 13 1014 3 1024 51 1112 9 1190 15 1217 14 1270 2 1280 53 1447 7 1471 17 1526 2 1536 53 1704 5 1727 18 1792 55 1983 19 2048 57 2196 4 2239 20 2304 59 2493 24 2560 59 2621 7 2749 26 2816 70 3004 28 3072 71 3259 30 3328 73 3515 30 3584 74 3771 30 3840 77 4026 33 4096 15 4113 62 4281 34 4335 7 4352 81 4536 36 4590 12 4608 82 4791 38 4846 17 4864 84 5047 38 5101 104 5302 40 5355 106 5558 40 5610 108 5814 40 5865 109 6070 41 6120 111 6246 1 6314 7 6327 40 6375 119 6499 6 6565 58 6631 131 6819 60 6887 132 7074 23 7099 37 7144 131 7330 23 7358 35 7401 130 7587 22 7619 30 7658 129 7843 22 7876 29 7915 128 8051 4 8099 22 8133 28 8172 128 8307 4 8355 22 8389 28 8429 128 8562 6 8609 23 8646 27 8691 122 8818 6 8864 24 8903 26 8949 120 9073 8 9119 24 9161 24 9206 120 9329 8 9374 25 9418 22 9462 132 9627 28 9675 16 9719 132 9882 29 9932 14 9975 132 10133 34 10188 13 10233 2 10240 124 10388 34 10444 12 10466 2 10496 124 10643 35 10699 13 10721 6 10752 123 10897 36 10955 13 10977 7 11008 123 11151 38 11210 14 11233 8 11264 123 11406 39 11466 13 11488 9 11520 122 11661 40 11721 14 11741 14 11776 122 11916 41 11977 34 12032 122 12172 41 12234 35 12279 1 12288 122 12428 41 12491 36 12533 4 12544 122 12685 39 12748 47 12800 122 12941 39 13006 49 13056 109 13169 9 13197 39 13263 158 13426 7 13453 40 13520 156 13708 41 13777 154 13964 42 14033 151 14220 42 14289 47 14337 100 14476 42 14545 47 14597 95 14731 43 14801 47 14853 80 14936 11 14987 42 15057 47 15111 76 15243 42 15313 47 15367 76 15499 41 15569 47 15623 72 15756 40 15825 47 15880 69 16013 39 16081 47 16137 67 16270 20 16295 12 16337 47 16395 64 16467 2 16526 12 16553 10 16593 47 16653 62 16721 7 16783 8 16815 4 16850 46 16909 19 16929 42 16975 10 17041 3 17073 2 17106 46 17167 15 17186 57 17363 25 17393 15 17423 14 17443 56 17619 26 17648 16 17678 15 17700 61 17877 43 17934 15 17956 20 17978 39 18134 41 18189 16 18213 17 18236 39 18399 30 18444 17 18469 16 18493 38 18659 26 18699 18 18725 15 18749 38 18916 24 18954 20 18981 14 19005 38 19172 24 19209 23 19237 12 19261 38 19427 25 19465 23 19494 10 19517 38 19683 24 19721 24 19772 37 19939 22 19977 24 20028 36 20194 21 20235 18 20285 34 20327 4 20449 23 20493 16 20541 34 20581 8 20705 23 20752 11 20798 34 20835 12 20961 24 21055 33 21090 13 21217 24 21247 1 21313 48 21473 31 21570 47 21730 30 21831 42 21989 27 22089 40 22247 25 22345 40 22507 21 22601 40 22654 1 22662 7 22689 12 22745 2 22765 19 22857 39 22908 18 22937 23 22999 4 23022 18 23113 38 23164 19 23192 25 23255 4 23278 18 23370 37 23420 20 23447 27 23510 5 23535 17 23627 35 23677 19 23703 28 23767 4 23790 18 23885 31 23933 20 23959 30 24023 4 24045 19 24141 18 24161 10 24189 20 24215 30 24279 4 24301 19 24398 15 24419 7 24445 20 24471 32 24535 3 24548 4 24556 20 24655 14 24677 4 24699 23 24727 33 24790 3 24803 6 24811 21 24911 13 24949 30 24984 33 25045 4 25057 8 25067 21 25168 11 25205 30 25241 32 25301 6 25313 9 25323 21 25427 7 25461 30 25499 30 25557 7 25565 35 25683 6 25716 31 25756 29 25813 43 25971 33 26013 28 26068 44 26227 34 26270 27 26324 44 26411 4 26482 35 26525 27 26581 43 26665 6 26737 37 26781 27 26838 42 26919 10 26992 38 27037 27 27101 35 27175 12 27247 39 27293 27 27357 35 27430 17 27501 41 27547 29 27614 34 27686 19 27757 41 27803 29 27869 35 27941 22 27979 6 28013 40 28059 28 28113 2 28125 35 28197 22 28235 7 28269 40 28315 28 28369 3 28381 35 28452 26 28489 10 28525 40 28570 29 28624 5 28637 36 28707 29 28743 12 28781 41 28824 31 28879 7 28893 39 28962 49 29037 74 29134 8 29150 39 29203 4 29217 50 29292 75 29389 10 29406 43 29457 8 29471 53 29547 76 29645 10 29663 43 29713 8 29727 56 29803 77 29901 10 29919 45 29967 12 29982 57 30059 79 30156 11 30177 44 30222 13 30237 59 30314 81 30411 12 30435 117 30571 86 30667 12 30692 116 30827 88 30923 12 30948 117 31084 31 31119 54 31179 12 31205 116 31340 30 31376 53 31435 11 31461 116 31597 25 31633 54 31690 12 31717 116 31853 24 31890 53 31946 11 31973 118 32109 23 32147 52 32203 10 32229 118 32365 22 32404 51 32459 10 32485 40 32527 76 32621 20 32661 50 32715 8 32740 41 32785 74 32877 20 32917 50 32972 7 32996 41 33042 4 33052 63 33134 17 33173 50 33230 2 33251 41 33307 64 33390 17 33429 50 33507 41 33563 38 33602 26 33646 17 33685 50 33763 41 33819 38 33860 24 33902 18 33942 48 34019 42 34075 37 34120 21 34157 26 34199 46 34276 41 34331 37 34385 12 34412 28 34455 45 34533 40 34587 37 34641 14 34667 30 34713 40 34790 39 34843 37 34897 15 34923 30 34969 38 35047 38 35099 37 35153 18 35178 31 35226 36 35310 31 35355 37 35409 19 35433 32 35482 35 35567 29 35613 34 35665 58 35740 30 35834 4 35840 11 35869 33 35920 59 35997 24 36096 10 36131 27 36175 61 36253 22 36352 9 36387 26 36429 72 36509 20 36645 24 36681 77 36766 19 36838 5 36901 24 36935 80 37023 17 37093 6 37164 15 37189 84 37275 2 37285 10 37347 9 37421 13 37445 91 37541 9 37602 10 37681 5 37701 35 37739 54 37799 5 37857 12 37957 34 37995 54 38055 4 38112 13 38212 36 38253 27 38281 26 38367 14 38468 36 38511 23 38537 26 38623 14 38723 37 38770 11 38793 27 38879 14 38919 4 38979 37 39030 1 39049 27 39135 14 39172 9 39234 38 39305 28 39392 13 39427 11 39489 39 39561 28 39648 13 39683 12 39744 39 39817 28 39905 12 39938 14 40000 29 40031 8 40073 28 40161 12 40192 19 40255 27 40331 27 40418 11 40448 23 40511 26 40588 26 40675 10 40704 25 40768 25 40849 21 40933 8 40960 26 41025 23 41107 18 41189 8 41216 26 41281 21 41367 14 41472 27 41538 19 41568 6 41624 12 41728 27 41797 14 41821 11 41843 8 41976 35 42053 14 42073 16 42099 9 42229 38 42313 10 42329 16 42354 10 42480 43 42571 7 42585 16 42609 12 42735 44 42829 2 42840 17 42864 13 42939 5 42989 46 43096 17 43120 12 43193 8 43209 4 43245 46 43352 18 43375 12 43448 11 43463 8 43500 47 43608 18 43631 12 43703 12 43718 9 43756 47 43863 20 43887 11 43957 14 43973 12 44011 48 44119 20 44142 11 44213 13 44229 12 44266 47 44375 20 44399 9 44467 30 44520 49 44631 20 44655 8 44723 30 44775 48 44887 20 44911 7 44978 31 45030 49 45143 20 45165 8 45234 31 45285 48 45399 20 45420 9 45489 32 45540 49 45655 30 45697 3 45745 37 45795 49 45911 30 45947 10 46000 41 46049 50 46167 6 46175 22 46202 12 46256 41 46305 50 46432 20 46457 16 46513 41 46560 29 46590 21 46689 19 46713 20 46769 42 46815 24 46848 18 46945 18 46969 22 47025 42 47070 24 47104 17 47202 17 47224 23 47282 26 47309 14 47326 24 47360 17 47463 9 47480 25 47540 22 47567 12 47581 26 47616 11 47629 2 47722 5 47736 25 47797 20 47824 11 47837 26 47872 9 47993 24 48053 19 48081 8 48091 27 48128 9 48249 25 48309 18 48337 8 48347 27 48384 9 48504 27 48566 16 48594 7 48603 28 48640 9 48760 27 48823 14 48851 5 48859 28 48896 9 49015 28 49082 6 49105 38 49152 9 49271 27 49361 38 49408 9 49527 27 49615 42 49664 9 49783 4 49788 21 49870 44 49920 8 50044 21 50125 47 50176 8 50300 21 50381 48 50432 7 50557 20 50582 2 50627 28 50661 24 50688 7 50813 20 50837 5 50881 30 50918 23 50944 5 51069 20 51091 8 51136 31 51175 22 51200 5 51325 32 51392 30 51431 21 51456 5 51477 3 51581 32 51647 31 51687 16 51712 6 51732 5 51837 33 51903 31 51943 15 51968 7 51987 7 52091 36 52159 31 52201 12 52224 8 52242 8 52347 36 52415 31 52458 9 52480 8 52498 8 52603 36 52672 31 52716 6 52736 8 52754 9 52859 36 52928 31 52973 4 52992 8 53010 8 53114 37 53184 33 53248 8 53267 7 53370 37 53441 32 53504 7 53524 5 53626 36 53697 21 53720 9 53760 7 53781 4 53883 35 53953 20 53977 8 54016 7 54075 2 54079 2 54110 6 54139 34 54211 17 54234 7 54272 6 54330 9 54365 8 54395 34 54467 17 54491 5 54528 3 54584 12 54621 10 54651 10 54663 22 54729 10 54747 4 54839 13 54877 11 54910 5 54920 20 54987 8 55004 1 55095 13 55133 12 55177 17 55247 2 55351 13 55390 11 55434 15 55607 12 55647 10 55691 12 55863 12 55903 9 55947 11 56120 13 56160 7 56206 6 56377 12 56417 3 56464 3 56633 13 56829 3 56889 14 56992 8 57085 3 57144 15 57247 11 57340 4 57400 15 57502 15 57595 5 57656 15 57757 17 57851 5 57913 14 58013 17 58107 5 58169 14 58268 19 58362 6 58426 12 58523 20 58618 6 58684 9 58779 20 58874 6 58941 8 59034 21 59131 5 59178 2 59289 23 59387 5 59432 5 59545 23 59643 5 59687 8 59800 24 59900 4 59942 9 60055 25 60156 4 60198 9 60311 26 60413 3 60454 10 60567 26 60669 3 60709 12 60824 31 60926 2 60965 12 61080 33 61183 1 61221 13 61337 35 61439 1 61477 13 61594 35 61695 1 61733 13 61854 32 61949 3 61988 14 62111 32 62205 3 62244 13 62347 8 62369 32 62460 4 62500 13 62601 10 62625 32 62715 5 62757 11 62851 16 62882 32 62971 5 63013 11 63107 17 63139 32 63225 7 63269 10 63361 20 63397 30 63470 6 63478 10 63524 10 63615 22 63654 29 63724 20 63778 12 63869 23 63912 27 63979 21 64032 14 64125 23 64168 28 64234 22 64277 26 64380 24 64425 27 64488 24 64533 26 64636 23 64682 26 64744 24 64787 29 64892 22 64939 26 64999 25 65043 29 65148 22 65195 26 65254 26 65298 31 65404 21 65452 25 65509 27
972712,2969 2 3223 5 3478 7 3733 9 3987 12 4243 12 4499 12 4755 12 5001 1 5006 1 5013 7 5059 2 5315 2 5571 3 5826 4 6081 4 6337 4 6593 4 6849 4 7105 2 9245 4 9495 11 9750 13 10005 14 10259 17 10515 17 10771 18 11026 19 11281 20 11537 20 11606 1 11793 20 11861 2 12051 17 12113 2 12116 5 12308 15 12369 8 12564 15 12623 10 12821 14 12879 10 13077 14 13133 11 13333 13 13388 10 13589 12 13642 10 13845 11 13898 9 14102 7 14155 8 14359 4 14412 7 14669 3 16129 8 16385 16 16640 18 16896 19 17152 20 17408 20 17664 19 17920 19 18176 13 18432 13 18688 12 18944 12 19200 12 19456 11 19712 11 19971 7 25519 10 25775 11 26031 12 26287 12 26542 15 26798 15 27053 16 27309 16 27566 15 27822 15 27854 2 28079 11 28107 6 28335 8 28363 7 28618 9 28709 2 28873 10 28963 12 29129 10 29219 12 29385 10 29451 6 29473 16 29539 4 29641 10 29706 7 29729 16 29794 5 29897 10 29961 9 29978 24 30049 8 30154 9 30217 9 30233 25 30304 10 30411 7 30472 10 30489 25 30523 1 30559 12 30727 10 30745 25 30778 3 30815 12 30849 1 30983 10 31001 25 31033 4 31070 13 31104 4 31239 10 31257 25 31289 4 31326 13 31359 4 31495 10 31517 2 31521 18 31547 1 31582 13 31615 4 31751 10 31777 18 31838 13 31871 4 32006 9 32033 18 32093 14 32129 1 32261 8 32290 17 32348 15 32517 4 32546 17 32604 15 32773 2 32802 17 32860 14 33029 1 33059 16 33117 12 33285 1 33314 17 33373 12 33569 18 33629 10 33825 17 33885 9 34082 7 34091 5 34142 8 34233 2 34338 6 34349 2 34399 6 34488 5 34595 4 34655 6 34743 6 34851 4 34912 4 34999 6 35254 8 35400 2 35509 9 35651 8 35765 9 35906 9 36021 10 36163 6 36277 10 36419 6 36533 10 36790 9 37047 7 41966 7 42221 8 42477 8 42733 8 42989 8 43245 7 43502 5 43759 4 44017 2 46438 5 46691 9 46946 11 47112 3 47202 11 47367 6 47458 12 47623 6 47713 13 47879 7 47969 13 48135 7 48225 13 48391 5 48481 13 48648 1 48738 12 48904 1 48994 13 49251 12 49409 6 49508 11 49665 6 49764 13 49921 7 50019 16 50177 7 50275 17 50435 3 50531 18 50787 18 51043 18 51299 18 51557 16 51813 16 52070 15 52327 14 52583 13 52839 12 53097 10 53353 9
976097,41917 2 42172 3
980103,0 185 205 234 463 231 719 230 986 219 1243 217 1499 217 1755 218 2012 217 2268 216 2525 1 2531 208 2787 206 3043 206 3297 206 3551 208 3807 208 4055 1 4063 208 4285 3 4310 3 4319 208 4577 206 4834 204 5093 200 5351 195 5613 188 5870 187 6071 3 6126 187 6324 6 6382 187 6579 8 6639 187 6835 8 6895 188 7087 1 7091 8 7151 3 7155 184 7342 3 7346 8 7406 201 7651 6 7659 204 7907 198 8106 9 8118 2 8124 1 8163 18 8184 177 8363 8 8374 2 8379 2 8419 17 8441 176 8618 9 8630 3 8634 4 8676 19 8696 187 8885 4 8890 4 8932 218 9189 5 9198 209 9445 5 9455 208 9703 4 9711 208 9959 4 9967 208 10215 2 10224 193 10419 12 10470 3 10480 196 10677 10 10725 5 10737 195 10934 9 10979 8 10993 195 11192 6 11233 11 11251 202 11489 12 11507 200 11745 12 11773 190 12001 12 12029 190 12225 1 12235 2 12258 11 12284 191 12479 4 12491 2 12514 9 12539 192 12735 4 12747 2 12773 6 12795 192 12991 4 13002 3 13031 5 13051 192 13246 5 13257 4 13289 3 13307 193 13502 5 13514 4 13546 1 13563 196 13770 4 13785 2 13821 194 14026 3 14041 3 14077 194 14282 3 14298 3 14331 196 14537 4 14554 5 14586 198 14794 1 14812 4 14843 198 15068 4 15099 199 15325 2 15357 198 15581 2 15614 197 15872 195 16128 195 16384 195 16637 198 16893 198 17128 4 17149 198 17382 7 17406 198 17639 4 17663 198 17865 3 17920 197 18121 4 18176 197 18379 2 18432 197 18635 2 18688 196 18891 3 18944 195 19147 3 19200 195 19403 3 19456 195 19659 2 19709 198 19916 1 19941 6 19955 207 20196 9 20209 209 20451 222 20707 222 20962 223 21218 221 21475 220 21731 219 21987 219 22243 219 22498 220 22754 221 23009 222 23264 223 23514 1 23517 226 23770 1 23774 225 24031 224 24287 224 24535 1 24543 221 24791 2 24799 220 25036 1 25055 11 25071 204 25292 1 25311 11 25327 204 25548 1 25566 13 25584 203 25822 13 25839 201 26078 12 26093 198 26334 11 26349 195 26591 8 26607 189 26798 1 26834 1 26847 6 26863 8 26872 166 27039 12 27089 2 27103 6 27120 7 27131 162 27295 12 27346 1 27359 6 27375 8 27389 160 27552 11 27616 5 27631 9 27648 156 27809 9 27871 6 27887 9 27904 155 28068 2 28126 8 28144 9 28160 154 28381 9 28400 9 28416 154 28637 7 28656 9 28672 154 28893 6 28911 10 28928 146 29092 1 29149 6 29167 9 29184 144 29345 4 29405 6 29423 8 29440 141 29598 8 29665 2 29679 8 29696 140 29852 10 29921 2 29935 8 29952 40 29993 99 30106 12 30175 4 30191 6 30208 40 30249 99 30361 14 30431 5 30447 6 30463 142 30617 13 30687 5 30703 4 30718 144 30873 13 30924 1 30929 1 30943 4 30959 4 30974 2 30978 142 31128 14 31179 8 31197 6 31213 6 31230 2 31235 142 31381 9 31391 8 31435 8 31453 7 31469 6 31486 2 31491 151 31648 7 31691 8 31709 8 31724 12 31742 2 31747 151 31904 7 31947 8 31965 9 31981 12 31998 2 32003 154 32159 6 32185 2 32200 11 32221 9 32238 17 32259 162 32441 4 32453 14 32478 7 32495 15 32515 162 32680 5 32696 27 32734 7 32751 15 32770 171 32952 27 32990 7 33007 15 33026 172 33208 27 33247 1 33263 11 33275 3 33282 173 33465 26 33523 6 33539 36 33580 133 33721 26 33781 4 33795 35 33837 132 33977 26 34037 4 34051 34 34093 132 34231 29 34293 2 34307 34 34349 132 34485 31 34549 1 34559 1 34563 36 34606 131 34739 34 34819 36 34862 168 35075 37 35119 170 35291 8 35331 9 35342 26 35375 180 35587 6 35600 25 35631 180 35843 6 35857 25 35887 180 36100 4 36112 27 36143 181 36339 5 36357 2 36368 27 36399 181 36593 8 36607 1 36623 29 36655 181 36849 15 36879 30 36911 181 37105 15 37133 32 37166 182 37351 1 37360 16 37389 215 37616 16 37644 217 37872 16 37900 217 38127 17 38155 218 38385 15 38411 218 38641 15 38666 220 38897 15 38921 20 38942 201 39153 15 39177 18 39199 200 39409 15 39432 19 39455 201 39666 14 39687 21 39713 199 39923 13 39942 22 39969 200 40179 12 40197 22 40226 198 40436 12 40453 22 40483 197 40693 5 40703 1 40710 21 40739 196 40959 1 40966 21 40995 196 41215 1 41223 20 41251 197 41470 2 41479 20 41506 197 41726 2 41737 18 41756 203 41982 2 41994 220 42237 3 42245 1 42250 219 42492 4 42501 1 42506 219 42748 4 42757 1 42762 218 43003 5 43017 220 43260 4 43273 12 43287 206 43517 3 43529 220 43773 3 43787 3 43797 208 44029 3 44053 208 44285 3 44307 210 44562 212 44781 2 44815 215 45035 5 45071 214 45291 4 45326 214 45545 6 45555 5 45578 217 45801 6 45811 6 45827 4 45834 217 46057 6 46065 8 46083 4 46089 217 46313 6 46321 8 46338 4 46348 214 46577 8 46594 4 46605 213 46833 8 46848 6 46861 213 47089 8 47104 6 47117 213 47346 7 47360 7 47373 214 47603 7 47616 6 47629 214 47860 5 47887 212 48116 4 48143 213 48401 210 48657 210 48896 3 48913 209 49152 3 49169 208 49408 4 49425 207 49664 4 49681 207 49920 3 49937 208 50176 1 50193 208 50449 208 50705 208 50961 6 50973 197 51217 6 51231 195 51456 9 51473 6 51489 194 51712 10 51729 6 51745 194 51956 2 51968 13 51983 8 52001 194 52211 3 52224 22 52258 193 52467 3 52480 20 52515 192 52722 4 52736 19 52775 189 52978 3 52992 17 53031 168 53203 18 53234 3 53248 17 53287 168 53461 16 53490 1 53504 17 53544 166 53719 16 53760 17 53800 166 53975 16 53999 1 54016 16 54056 141 54200 22 54231 18 54272 16 54313 138 54457 21 54487 19 54507 4 54528 17 54568 137 54719 16 54742 25 54784 17 54824 135 54975 17 54998 25 55040 19 55072 1 55079 135 55232 17 55254 25 55296 21 55327 2 55335 134 55488 17 55510 25 55552 23 55583 2 55591 134 55748 1 55754 6 55767 8 55781 8 55808 24 55834 8 55846 135 56010 7 56023 8 56038 7 56064 35 56100 137 56266 7 56277 10 56295 6 56320 173 56521 8 56533 11 56576 173 56777 8 56787 13 56810 3 56832 173 57033 7 57043 12 57066 3 57088 172 57299 8 57322 4 57344 172 57555 3 57561 2 57578 4 57600 173 57793 5 57818 3 57833 6 57856 173 58049 5 58074 3 58089 7 58112 173 58304 5 58322 5 58346 5 58368 173 58559 6 58577 6 58602 5 58624 175 58816 3 58833 6 58859 3 58880 175 59073 1 59089 6 59116 1 59136 176 59345 5 59392 175 59601 5 59648 175 59857 5 59899 4 59904 174 60113 5 60155 180 60368 5 60381 2 60397 3 60411 180 60623 5 60637 4 60653 3 60667 181 60879 4 60892 5 60908 5 60924 181 61135 4 61147 6 61164 5 61182 188 61391 3 61401 8 61419 6 61440 187 61657 8 61675 6 61696 187 61912 9 61931 6 61949 190 62167 5 62174 2 62187 6 62205 192 62425 2 62443 7 62464 190 62681 2 62699 8 62720 191 62956 7 62976 191 63213 5 63232 193 63488 194 63744 195 63961 2 64000 195 64216 5 64256 195 64471 8 64496 3 64512 196 64727 8 64751 4 64768 196 64983 9 64996 3 65006 6 65024 197 65239 9 65253 3 65261 7 65280 200 65495 10 65509 4 65516 9
981723,1 3 23 54 144 71 237 13 254 2 259 1 279 54 400 70 493 19 515 1 535 54 657 69 749 19 771 3 791 54 913 68 1006 18 1026 5 1047 54 1169 68 1262 18 1281 6 1304 9 1317 39 1425 68 1519 24 1561 6 1576 36 1681 68 1775 24 1836 33 1936 68 2033 22 2093 33 2192 68 2289 24 2350 33 2449 66 2545 26 2607 33 2705 66 2801 30 2864 33 2961 65 3057 31 3120 33 3187 2 3217 64 3313 32 3377 32 3441 5 3473 63 3569 32 3633 32 3696 7 3729 63 3825 32 3889 32 3949 11 3984 65 4083 30 4145 31 4204 13 4239 66 4339 30 4401 30 4459 14 4495 67 4597 29 4657 30 4715 14 4751 68 4854 28 4913 29 4970 16 5006 69 5112 27 5169 28 5227 15 5262 69 5369 26 5424 29 5483 19 5517 70 5626 25 5680 29 5741 18 5773 70 5883 25 5935 29 5999 18 6030 69 6117 6 6143 21 6191 28 6255 19 6286 69 6365 15 6400 21 6447 29 6513 17 6543 68 6619 19 6656 21 6703 29 6770 17 6799 69 6874 21 6912 23 6959 29 7008 3 7027 16 7055 69 7129 24 7168 23 7215 29 7257 3 7264 3 7284 14 7312 69 7385 25 7424 25 7457 2 7471 22 7510 9 7540 13 7569 68 7641 26 7680 27 7711 6 7727 21 7765 12 7797 12 7825 98 7936 39 7980 21 8011 1 8019 17 8053 11 8079 103 8192 40 8235 22 8266 2 8275 17 8311 7 8335 104 8448 66 8519 7 8529 20 8590 107 8704 66 8775 30 8811 8 8845 108 8960 67 9030 32 9065 13 9093 2 9101 110 9216 67 9285 33 9320 15 9349 2 9357 110 9472 102 9575 16 9605 3 9613 112 9728 119 9861 3 9870 112 9984 119 10127 112 10240 119 10384 111 10496 118 10640 42 10685 66 10752 107 10860 9 10896 41 10942 65 11008 107 11151 40 11199 63 11264 31 11299 72 11405 42 11457 2 11461 57 11520 31 11557 70 11659 17 11687 14 11720 54 11776 31 11813 70 11915 17 11945 11 11977 52 12032 30 12069 69 12167 22 12203 8 12235 48 12288 30 12325 68 12422 23 12459 7 12493 45 12544 29 12581 68 12677 26 12717 4 12750 43 12800 29 12837 68 12932 29 12974 2 13006 43 13056 28 13092 69 13187 30 13263 40 13312 28 13348 71 13442 32 13519 40 13568 27 13603 73 13697 35 13775 41 13824 27 13858 75 13953 36 14032 40 14080 26 14114 76 14207 38 14293 34 14334 27 14370 77 14463 39 14551 32 14589 28 14626 77 14719 39 14807 31 14843 30 14881 78 14975 39 15064 29 15099 21 15137 78 15231 40 15307 4 15320 28 15355 22 15393 78 15487 40 15562 7 15576 28 15610 24 15649 78 15744 39 15817 10 15832 28 15865 26 15905 77 16000 39 16073 11 16088 28 16121 28 16161 76 16256 40 16328 45 16374 37 16417 76 16512 41 16584 88 16673 70 16768 41 16838 160 17024 41 17093 159 17280 41 17348 160 17537 40 17603 160 17793 41 17843 2 17859 160 18049 41 18098 4 18114 161 18305 42 18353 6 18369 162 18561 42 18608 7 18624 163 18817 42 18863 10 18875 168 19073 42 19119 178 19327 44 19374 180 19583 44 19630 180 19813 7 19838 45 19885 182 20069 8 20093 46 20141 195 20349 244 20604 248 20859 2097 22957 254 23214 251 23473 248 23729 30 23761 215 23988 26 24019 212 24245 24 24277 9 24288 199 24502 23 24545 197 24759 22 24802 196 25017 19 25058 195 25273 19 25314 195 25533 14 25570 195 25792 11 25826 196 26081 198 26337 13 26361 178 26593 10 26617 15 26633 162 26850 9 26873 12 26890 17 26915 138 27107 6 27129 12 27147 16 27172 137 27363 6 27385 12 27409 7 27429 136 27623 1 27641 11 27666 5 27677 4 27685 136 27897 10 27930 8 27943 134 28156 7 28186 9 28199 134 28415 5 28442 9 28455 134 28672 4 28698 9 28711 134 28928 5 28954 9 28967 133 29184 5 29211 8 29222 134 29440 5 29469 4 29477 135 29696 4 29733 135 29952 4 29991 134 30208 3 30247 79 30327 56 30464 1 30503 78 30583 57 30759 78 30839 58 31015 77 31095 59 31271 77 31351 58 31527 77 31605 3 31610 55 31783 81 31866 55 32041 77 32120 56 32297 76 32376 55 32511 1 32555 75 32631 56 32767 1 32811 132 33022 2 33068 130 33277 3 33325 129 33534 2 33581 128 33790 2 33838 126 34047 1 34101 118 34303 1 34361 114 34618 113 34847 4 34875 111 35098 12 35134 107 35353 14 35391 106 35607 16 35654 97 35861 18 35915 91 36115 19 36172 91 36350 2 36370 20 36429 90 36605 3 36625 20 36685 89 36859 5 36881 20 36941 89 37114 6 37136 21 37197 88 37369 7 37392 21 37453 88 37624 8 37648 20 37710 87 37879 9 37904 19 37966 87 38135 9 38160 21 38193 6 38222 91 38391 9 38416 21 38448 8 38478 96 38647 9 38672 22 38703 10 38735 98 38904 8 38928 22 38958 12 38991 98 39161 7 39184 23 39213 14 39238 1 39249 97 39393 5 39419 5 39439 25 39468 15 39492 5 39505 98 39647 8 39675 9 39695 46 39745 10 39760 99 39900 13 39931 10 39950 47 40000 11 40016 99 40155 14 40187 11 40207 46 40255 12 40272 100 40409 17 40443 11 40463 47 40511 13 40528 101 40664 19 40699 12 40719 168 40917 24 40955 12 40975 168 41168 29 41204 20 41231 170 41409 1 41420 34 41459 21 41487 170 41661 8 41673 38 41715 21 41743 224 41971 22 41999 224 42226 23 42255 224 42481 24 42511 224 42737 24 42767 224 42992 25 43024 223 43248 24 43282 221 43504 24 43543 233 43777 6 43801 231 44035 1 44057 217 44277 11 44313 231 44569 231 44825 231 45080 232 45335 233 45591 233 45848 232 46104 232 46361 231 46618 230 46851 4 46878 226 47105 8 47136 234 47379 6 47395 104 47503 124 47634 7 47651 97 47749 6 47760 136 47909 93 48017 135 48166 92 48273 138 48424 89 48530 85 48616 24 48641 26 48681 88 48786 85 48872 24 48897 28 48938 86 49042 84 49129 23 49153 28 49194 85 49298 84 49385 23 49409 29 49450 79 49554 83 49641 20 49665 29 49707 78 49811 81 49897 20 49920 31 49963 75 50067 80 50153 19 50176 31 50219 74 50324 78 50409 18 50432 31 50477 72 50581 76 50666 17 50688 31 50734 71 50837 75 50923 16 50944 31 50992 68 51094 73 51179 15 51200 31 51249 66 51350 72 51436 14 51457 30 51510 61 51607 12 51621 55 51694 11 51714 29 51767 60 51864 10 51879 52 51951 10 51970 29 52024 63 52125 2 52137 49 52209 6 52227 29 52281 64 52393 48 52466 4 52481 31 52539 64 52650 47 52736 33 52797 62 52906 47 52992 33 53055 61 53163 46 53248 33 53313 59 53418 47 53504 33 53570 59 53673 52 53760 34 53827 58 53929 53 54016 34 54084 56 54185 54 54272 34 54340 56 54441 55 54528 35 54597 55 54697 56 54784 35 54853 55 54953 58 55040 35 55109 55 55210 57 55296 36 55366 54 55467 57 55552 36 55623 54 55724 57 55808 36 55879 54 55981 22 56005 32 56064 35 56136 53 56237 18 56267 27 56320 35 56392 53 56493 16 56525 25 56576 24 56602 7 56649 52 56749 16 56783 23 56832 24 56860 3 56906 51 57006 15 57039 23 57088 25 57163 50 57263 14 57295 23 57344 25 57419 50 57520 13 57551 23 57600 7 57612 14 57676 49 57783 4 57807 23 57856 7 57869 14 57933 48 58062 24 58112 5 58126 14 58189 47 58317 26 58368 5 58383 13 58446 45 58573 27 58624 3 58639 14 58703 43 58829 28 58895 14 58959 42 59085 28 59151 14 59215 42 59341 13 59355 14 59407 14 59470 46 59526 2 59597 12 59613 12 59663 13 59725 50 59780 6 59801 9 59853 12 59872 7 59919 13 59981 50 60035 8 60056 11 60109 10 60129 5 60174 13 60237 50 60291 9 60311 13 60361 14 60429 14 60492 39 60533 10 60547 10 60566 14 60615 16 60685 14 60747 34 60789 9 60802 14 60821 16 60869 18 60941 13 61002 33 61043 11 61058 15 61077 16 61125 18 61197 12 61256 21 61283 6 61297 6 61312 37 61381 18 61453 12 61511 22 61540 4 61554 3 61567 38 61636 20 61709 12 61765 22 61811 1 61823 37 61892 21 61965 12 62020 22 62078 38 62148 21 62220 14 62275 21 62331 39 62404 21 62476 15 62531 20 62587 38 62643 2 62660 21 62731 16 62787 19 62841 37 62895 7 62916 22 62987 17 63043 18 63096 37 63149 10 63172 21 63242 19 63299 18 63351 36 63401 16 63428 21 63498 20 63556 16 63607 36 63657 18 63684 21 63754 21 63815 12 63860 35 63912 21 63939 22 63999 1 64010 22 64072 9 64115 33 64168 22 64195 22 64255 1 64266 23 64369 34 64424 49 64501 6 64511 1 64522 24 64625 34 64680 49 64757 11 64773 1 64778 25 64880 35 64937 48 65012 12 65027 3 65034 25 65135 36 65193 47 65267 13 65281 6 65291 24 65391 35 65449 37 65489 2 65507 29
982804,0 65536
986585,0 4438 4439 255 4697 417 5115 253 5371 252 5629 250 5885 250 6144 247 6400 247 6653 1 6656 248 6908 71 6981 254 7237 253 7493 252 7748 253 8003 254 8259 509 8769 254 9025 253 9281 252 9537 251 9793 252 10047 1525 11577 251 11833 252 12090 251 12347 253 12603 1477 14081 8 14093 2 14101 235 14337 7 14359 233 14593 6 14614 241 14869 240 15123 242 15378 241 15633 242 15887 242 16139 245 16394 246 16649 247 16905 247 17159 249 17415 249 17670 250 17926 250 18180 252 18435 253 18689 255 18945 4515 23461 6710 30173 4 30179 247 30430 3 30435 248 30693 246 30949 247 31209 244 31467 242 31727 238 31983 238 32239 239 32495 247 32753 246 33009 6 33016 7 33024 231 33273 4 33280 231 33529 3 33536 232 33792 232 34048 234 34291 7 34304 251 34560 255 34816 4963 39781 253 40038 252 40293 252 40549 252 40805 253 41060 4841 45904 253 46161 107 46273 138 46419 105 46530 137 46678 102 46786 137 46937 100 47042 136 47192 101 47297 136 47448 241 47704 240 47960 239 48216 239 48472 238 48728 237 48983 238 49239 239 49493 241 49744 247 49997 250 50253 6624 56879 252 57137 250 57393 250 57649 250 57905 252 58159 3194 61358 251 61613 252 61869 252 62123 3413
990714,99 8 133 11 178 34 241 6 317 5 355 9 389 11 434 33 499 4 573 5 610 10 645 11 690 33 756 4 829 5 865 12 901 11 946 32 1085 6 1121 12 1157 12 1202 32 1341 6 1377 13 1413 12 1458 32 1597 5 1632 15 1669 12 1713 33 1854 1 1887 18 1926 11 1969 33 2143 19 2183 10 2225 34 2398 21 2439 9 2481 36 2653 22 2695 9 2737 36 2909 22 2951 8 2993 37 3165 22 3207 8 3250 35 3422 21 3464 7 3507 34 3679 19 3721 4 3763 34 3936 17 4020 32 4193 16 4277 31 4341 4 4453 10 4534 31 4596 11 4791 30 4852 12 5050 27 5107 13 5305 28 5363 13 5561 28 5619 13 5816 30 5875 13 6071 31 6131 13 6284 4 6326 33 6387 13 6539 6 6581 35 6644 12 6795 7 6836 38 6900 12 7051 9 7091 40 7159 9 7307 10 7347 39 7416 8 7563 12 7603 38 7673 7 7819 12 7859 38 7930 6 8075 13 8114 40 8188 4 8331 13 8370 40 8447 1 8587 12 8626 39 8843 11 8882 39 9098 9 9138 37 9205 6 9354 8 9394 37 9460 8 9609 8 9649 35 9715 13 9865 7 9903 36 9971 13 10123 2 10157 37 10227 13 10413 37 10482 14 10668 39 10739 13 10923 40 10995 13 11179 41 11251 13 11434 43 11508 12 11690 43 11764 12 11946 43 12019 13 12203 42 12273 15 12459 42 12529 15 12615 4 12715 42 12783 17 12869 8 12973 40 13039 17 13123 10 13229 40 13294 18 13379 10 13485 40 13550 18 13634 11 13741 40 13805 19 13890 12 13997 40 14061 19 14145 14 14253 40 14317 19 14401 14 14509 39 14573 19 14658 13 14764 40 14829 19 14914 13 15021 39 15085 19 15155 2 15171 12 15283 33 15342 18 15410 7 15429 10 15538 33 15598 18 15663 10 15689 5 15788 1 15792 34 15855 17 15917 12 15947 1 16043 38 16111 17 16173 14 16297 39 16367 17 16428 15 16552 39 16623 17 16682 19 16805 42 16878 18 16936 27 17061 41 17133 19 17191 30 17317 39 17389 4 17398 10 17447 30 17572 39 17644 20 17702 31 17827 38 17899 21 17958 31 18083 38 18154 22 18214 32 18340 37 18409 23 18470 32 18582 2 18597 35 18664 24 18725 33 18832 11 18853 34 18911 33 18981 33 19087 13 19109 33 19166 34 19236 34 19341 18 19365 27 19421 35 19493 33 19597 20 19619 28 19676 36 19749 34 19852 51 19931 37 20005 34 20107 52 20186 38 20261 32 20363 50 20438 42 20516 33 20618 48 20693 43 20769 33 20873 48 20948 44 21023 34 21129 16 21157 18 21203 45 21250 3 21276 15 21295 16 21385 10 21413 18 21459 45 21506 7 21531 16 21553 15 21641 9 21669 18 21715 45 21761 9 21784 19 21816 9 21898 7 21925 18 21971 45 22017 10 22039 19 22072 9 22155 5 22182 17 22226 59 22291 22 22329 8 22437 19 22481 60 22546 22 22587 5 22693 19 22737 60 22801 22 22949 19 22993 61 23058 20 23205 19 23249 62 23314 20 23461 19 23505 62 23572 17 23717 19 23762 58 23831 13 23973 19 24018 57 24087 12 24229 19 24275 56 24342 11 24485 19 24531 56 24598 10 24742 18 24787 56 24853 10 24999 18 25043 57 25109 8 25256 17 25300 57 25364 8 25514 16 25557 56 25619 10 25770 18 25813 56 25875 10 26026 19 26069 56 26131 10 26283 19 26325 56 26387 12 26539 19 26580 57 26643 12 26795 19 26835 58 26899 12 27051 20 27090 59 27156 11 27185 5 27307 20 27347 58 27413 10 27440 8 27537 1 27563 20 27603 58 27669 10 27696 8 27792 3 27819 20 27859 59 27927 7 27953 8 28045 6 28074 21 28114 61 28184 5 28209 8 28301 7 28330 21 28370 61 28466 5 28555 12 28587 19 28625 62 28723 1 28810 15 28843 18 28881 62 29065 18 29099 18 29137 62 29321 19 29355 18 29393 62 29577 20 29612 17 29648 18 29667 44 29833 20 29869 16 29905 16 29923 46 30088 21 30126 16 30161 14 30181 44 30344 21 30382 16 30418 13 30437 46 30600 21 30639 16 30675 11 30693 46 30856 21 30896 15 30932 9 30948 48 31111 22 31155 12 31203 50 31367 22 31413 11 31459 51 31623 21 31670 10 31714 53 31880 19 31927 10 31969 56 32136 19 32183 12 32223 58 32392 19 32440 11 32479 63 32649 18 32696 13 32734 66 32907 16 32953 12 32989 69 33066 5 33170 8 33209 12 33245 70 33316 3 33322 5 33426 6 33466 11 33500 83 33724 7 33756 83 33982 3 34011 84 34201 10 34267 84 34451 2 34455 12 34523 84 34704 20 34778 85 34959 21 35033 86 35214 22 35260 5 35288 87 35469 22 35515 9 35525 3 35544 87 35723 24 35769 17 35801 86 35975 28 36025 18 36057 86 36226 32 36280 19 36316 83 36481 32 36536 19 36573 83 36737 32 36792 20 36831 81 36993 32 37048 20 37089 80 37248 33 37304 21 37349 76 37505 32 37559 22 37607 75 37761 32 37814 23 37867 71 38018 32 38070 24 38125 70 38275 30 38310 1 38326 24 38384 67 38531 16 38548 13 38565 4 38582 24 38643 64 38789 12 38805 23 38839 23 38901 62 39045 12 39061 24 39096 22 39155 64 39301 12 39316 27 39353 21 39410 64 39558 10 39573 26 39609 21 39667 61 39816 7 39829 28 39866 19 39923 60 40073 4 40085 28 40123 18 40179 59 40343 28 40383 14 40436 55 40601 26 40641 10 40693 52 40857 27 40899 6 40949 52 41112 29 41157 3 41205 52 41367 32 41445 6 41469 44 41622 34 41699 9 41727 41 41877 36 41954 11 41984 39 42132 37 42209 12 42240 39 42389 36 42466 11 42496 32 42531 2 42645 36 42722 12 42752 32 42902 39 42979 13 43008 32 43159 39 43235 14 43264 33 43415 40 43493 16 43520 33 43671 40 43750 15 43776 34 43927 40 44007 18 44032 35 44183 40 44263 19 44287 36 44440 40 44517 62 44697 40 44748 2 44773 62 44955 38 45003 4 45027 64 45213 36 45259 5 45283 63 45471 35 45514 6 45537 65 45677 4 45727 35 45770 6 45791 66 45929 10 45986 33 46026 6 46042 71 46185 11 46243 32 46283 4 46297 72 46441 12 46501 28 46540 1 46553 72 46696 13 46759 3 46767 13 46809 72 46937 3 46953 12 47027 4 47064 73 47189 11 47209 12 47284 1 47320 73 47443 15 47465 12 47575 73 47699 15 47722 11 47831 72 47953 18 47978 11 48086 72 48209 18 48235 9 48342 71 48465 18 48491 9 48571 6 48597 72 48721 17 48747 9 48826 7 48853 72 48978 15 49003 9 49080 9 49110 70 49235 14 49259 9 49335 10 49366 69 49493 12 49515 10 49589 12 49622 69 49749 12 49772 9 49843 14 49879 68 50007 10 50029 8 50062 5 50096 16 50135 40 50176 27 50204 2 50263 9 50285 7 50318 5 50352 15 50391 39 50432 31 50520 7 50573 6 50608 14 50647 38 50688 33 50776 7 50829 6 50865 12 50903 36 50944 37 51033 3 51085 6 51122 9 51159 32 51200 39 51342 5 51415 30 51456 41 51599 4 51619 2 51671 28 51712 42 51855 6 51873 6 51927 27 51968 43 52109 27 52184 25 52224 44 52274 1 52364 28 52440 25 52480 45 52526 7 52617 32 52697 23 52736 53 52872 33 52954 21 52992 53 53127 35 53211 20 53248 53 53383 36 53467 20 53504 54 53637 40 53725 18 53760 54 53893 41 53981 17 54016 53 54149 41 54272 53 54405 41 54528 51 54635 4 54643 7 54661 42 54789 44 54889 18 54917 43 55048 35 55144 19 55173 44 55305 34 55400 20 55429 44 55562 33 55655 22 55685 44 55818 33 55911 22 55941 44 56008 3 56075 32 56167 23 56198 43 56261 12 56323 1 56328 1 56331 33 56423 23 56454 43 56516 15 56579 2 56583 2 56588 32 56679 23 56715 38 56771 23 56834 3 56845 31 56934 23 56972 37 57026 25 57061 4 57090 4 57101 30 57190 23 57229 36 57280 29 57315 16 57346 5 57357 30 57445 23 57485 35 57535 30 57570 18 57602 5 57613 28 57701 22 57740 36 57790 30 57825 20 57859 4 57870 26 57957 20 57996 35 58045 31 58081 20 58115 4 58126 25 58213 20 58253 34 58299 33 58337 20 58372 2 58382 25 58469 20 58509 34 58555 34 58594 1 58597 15 58639 24 58725 21 58765 34 58810 36 58855 12 58894 26 58981 21 59021 34 59065 38 59113 10 59151 25 59237 22 59277 34 59319 42 59372 5 59407 26 59494 21 59534 33 59575 42 59631 1 59664 25 59751 20 59791 32 59829 46 59921 24 60007 20 60047 33 60085 46 60179 23 60264 19 60304 32 60339 48 60437 21 60520 19 60560 32 60595 48 60695 19 60777 18 60815 32 60851 48 60952 18 61033 18 61071 32 61107 48 61214 12 61291 14 61321 24 61351 7 61362 49 61471 10 61547 14 61575 25 61609 4 61619 49 61730 5 61804 13 61830 24 61875 51 62060 12 62085 24 62131 52 62317 10 62341 24 62388 53 62575 8 62597 24 62644 53 62853 24 62900 55 63109 24 63156 56 63366 23 63411 65 63485 3 63623 22 63667 67 63741 3 63880 21 63923 77 64136 21 64179 77 64393 20 64437 75 64651 18 64693 75 64894 4 64909 8 64920 5 64951 73 65149 6 65165 6 65207 73 65403 8 65425 1 65465 71
995278,184 45 233 23 442 45 490 22 699 44 746 22 956 68 1213 67 1472 64 1727 65 1983 65 2239 65 2494 66 2750 66 2856 1 3005 67 3111 5 3260 68 3365 10 3515 69 3621 10 3771 69 3877 10 4027 69 4133 10 4283 69 4384 14 4540 68 4637 16 4797 67 4891 16 5055 53 5109 11 5147 16 5311 53 5365 11 5402 17 5567 65 5658 17 5823 65 5914 17 6079 65 6171 16 6335 65 6427 15 6591 65 6684 13 6847 65 6942 9 7103 65 7199 7 7359 65 7457 3 7614 66 7869 67 8125 67 8380 68 8634 70 8889 71 9145 71 9400 72 9655 73 9911 73 10167 73 10287 3 10424 72 10542 5 10681 71 10798 5 10938 70 11055 4 11195 69 11311 4 11451 69 11569 1 11702 74 11956 76 12211 77 12466 78 12721 79 12977 79 13231 81 13487 81 13743 81 13999 81 14255 81 14511 81 14748 7 14768 80 15003 10 15025 79 15259 12 15283 77 15515 12 15539 12 15555 61 15742 5 15771 12 15797 9 15815 57 15997 9 16027 13 16055 7 16072 56 16253 16 16283 13 16313 4 16328 56 16508 18 16540 12 16584 56 16763 22 16797 11 16840 56 17019 24 17053 11 17096 55 17273 27 17310 9 17353 52 17529 28 17567 8 17609 50 17784 29 17827 2 17865 42 18040 30 18121 42 18295 31 18379 38 18551 31 18635 38 18687 1 18807 31 18895 4 18905 24 18942 2 19051 2 19062 32 19162 23 19198 2 19305 7 19315 34 19366 1 19419 22 19453 3 19561 8 19571 35 19622 2 19675 22 19710 2 19815 10 19826 36 19877 4 19933 20 19967 1 20071 20 20093 25 20133 4 20190 19 20325 22 20351 24 20389 4 20447 16 20579 24 20607 24 20645 4 20706 1 20713 5 20834 25 20864 23 20902 2 21089 28 21121 22 21345 29 21378 21 21600 32 21634 20 21854 35 21890 19 22110 35 22147 18 22365 36 22402 18 22621 55 22877 54 23133 39 23173 14 23389 39 23431 12 23645 54 23901 54 24158 52 24413 54 24667 4 24675 49 24922 5 24933 47 25178 5 25191 45 25433 8 25453 40 25689 8 25709 41 25945 10 25967 41 26185 4 26201 11 26223 42 26440 7 26457 13 26479 43 26695 8 26713 13 26734 45 26951 9 26968 16 26989 46 27207 9 27224 19 27244 47 27463 10 27479 68 27719 10 27735 68 27975 11 27991 69 28230 13 28247 69 28486 85 28741 86 28998 83 29257 79 29515 76 29771 76 30027 75 30284 74 30541 73 30797 73 31053 73 31129 8 31309 73 31383 10 31564 73 31639 14 31820 72 31895 15 32075 72 32151 15 32331 70 32407 15 32588 68 32665 13 32845 66 32922 11 33101 64 33179 10 33357 65 33435 10 33613 48 33663 17 33692 7 33869 47 33919 18 33948 7 34125 47 34175 20 34204 5 34381 34 34420 8 34431 20 34460 1 34637 31 34677 6 34687 20 34894 28 34933 6 34943 20 35150 23 35189 6 35199 20 35406 18 35426 3 35445 6 35455 20 35661 17 35701 4 35712 18 35917 16 35958 1 35969 17 36173 15 36224 17 36429 14 36480 8 36492 5 36685 12 36736 6 36750 1 36941 9 36992 5 37197 6 37248 3 37455 4 37505 1 37756 3 38011 4 38267 4 38523 4 38768 7 39024 8 39243 1 39255 4 39281 8 39510 6 39537 5 39765 8 40021 8 40275 11 40531 11 40777 2 40786 13 41033 1 41042 13 41298 14 41554 13 41811 12 42067 11 42324 7 42584 1 43091 1 43347 2 43603 1
