id,segmentation
000001,0 30 38 116 157 6 174 111 293 127 429 112 548 128 682 114 803 129 936 116 1059 129 1191 117 1315 128 1446 117 1571 128 1701 118 1826 248 2082 248 2338 247 2593 247 2849 247 3105 247 3360 248 3616 248 3871 249 4127 249 4383 248 4639 248 4896 246 5152 245 5409 243 5665 243 5921 243 6178 242 6434 222 6657 19 6690 222 6913 19 6945 223 7169 19 7201 223 7425 19 7457 223 7681 19 7713 223 7938 18 7969 223 8194 18 8225 223 8451 16 8481 223 8708 15 8737 223 8964 15 8993 223 9221 14 9249 223 9477 16 9504 224 9735 16 9753 231 9994 246 10249 247 10503 249 10759 249 11014 250 11267 4625 15896 253 16153 253 16411 253 16667 254 16924 253 17180 253 17437 252 17693 251 17949 250 18205 248 18462 244 18718 243 18974 242 19231 239 19487 240 19743 188 19937 46 20000 183 20193 46 20256 182 20448 47 20512 179 20702 49 20768 177 20956 51 21023 171 21212 50 21279 132 21419 25 21467 50 21536 126 21678 20 21722 49 21793 124 21942 13 21978 47 22051 79 22131 42 22198 13 22233 47 22307 78 22388 40 22455 11 22489 45 22563 77 22645 38 22711 11 22744 45 22819 76 22900 36 22973 2 22985 2 23000 44 23074 77 23156 34 23240 4 23255 44 23330 75 23412 33 23497 3 23511 44 23586 75 23668 32 23767 42 23824 4 23841 76 23924 31 24023 41 24078 7 24096 77 24180 29 24278 42 24334 7 24350 54 24408 20 24436 29 24532 44 24589 8 24605 49 24665 19 24693 28 24788 44 24845 8 24860 50 24921 17 24951 26 25043 45 25091 4 25101 8 25116 40 25159 6 25177 16 25209 24 25299 45 25346 5 25357 10 25372 39 25416 3 25432 16 25466 23 25555 45 25601 7 25612 53 25688 15 25722 22 25810 54 25867 18 25890 28 25943 15 25979 21 26066 75 26149 24 26199 15 26235 21 26322 75 26407 23 26454 16 26491 21 26578 76 26664 22 26710 15 26747 21 26834 77 26921 22 26966 15 27003 20 27090 78 27178 22 27221 16 27259 15 27346 78 27435 21 27460 1 27477 15 27515 14 27602 78 27691 27 27734 11 27772 12 27857 80 27947 28 27991 7 28029 9 28113 80 28204 27 28248 4 28286 6 28370 80 28460 27 28544 1 28626 80 28717 26 28882 81 28974 26 29138 81 29231 25 29394 82 29489 23 29651 81 29747 21 29908 80 30003 21 30164 80 30261 19 30420 80 30521 15 30677 79 30779 12 30934 78 31035 12 31190 78 31291 11 31446 78 31547 11 31703 77 31802 12 31959 77 32058 11 32216 81 32314 11 32473 83 32571 9 32730 83 32827 9 32988 84 33083 8 33244 88 33339 7 33501 88 33596 5 33759 86 33853 2 34017 85 34274 85 34530 87 34787 87 34987 2 35043 89 35235 21 35299 90 35490 24 35555 91 35746 25 35811 92 36001 27 36067 93 36236 6 36257 28 36324 92 36491 7 36512 30 36581 92 36746 9 36767 32 36837 93 37000 11 37022 33 37093 94 37253 15 37278 35 37349 95 37505 21 37534 36 37605 95 37760 23 37789 43 37861 96 38016 25 38044 46 38117 97 38271 78 38373 97 38525 82 38629 97 38776 88 38885 98 39031 89 39142 97 39287 89 39399 96 39542 90 39656 95 39797 90 39913 94 40052 91 40170 93 40308 90 40428 91 40563 91 40685 90 40818 91 40943 87 41074 91 41201 85 41329 91 41458 84 41584 90 41714 83 41839 90 41971 82 42095 89 42228 82 42351 89 42485 81 42580 1 42607 91 42741 81 42834 5 42862 92 42996 82 43090 7 43118 86 43206 5 43241 93 43346 16 43373 83 43462 5 43495 95 43602 18 43626 83 43720 4 43750 96 43858 106 43976 4 44006 96 44114 87 44203 15 44261 96 44370 103 44517 96 44625 104 44773 96 44881 108 45029 95 45136 111 45285 95 45391 112 45541 93 45646 114 45797 92 45902 114 46053 90 46158 115 46307 90 46415 114 46563 88 46672 115 46818 88 46928 115 47074 88 47185 98 47285 13 47330 89 47441 98 47544 9 47586 89 47698 98 47800 8 47841 90 47954 98 48054 10 48097 89 48211 107 48352 90 48468 105 48608 91 48725 104 48863 93 48981 103 49117 103 49237 103 49372 106 49493 103 49626 111 49750 103 49882 112 50006 104 50137 113 50263 104 50390 116 50519 104 50643 119 50775 104 50897 121 51032 103 51149 124 51289 101 51404 125 51545 98 51658 126 51802 96 51911 129 52058 96 52165 132 52314 96 52419 135 52570 96 52672 139 52827 94 52926 141 53087 89 53182 142 53345 86 53437 144 53602 84 53693 144 53858 73 53937 2 53950 144 54115 71 54206 144 54371 70 54463 143 54628 68 54719 142 54885 7 54894 57 54976 141 55142 4 55153 54 55232 141 55411 52 55488 142 55668 51 55743 143 55925 50 55999 145 56182 48 56244 6 56255 146 56439 47 56498 8 56512 146 56699 43 56752 11 56768 146 56958 39 57007 12 57024 147 57215 38 57263 13 57280 148 57470 39 57519 13 57537 149 57725 40 57774 15 57793 149 57980 42 58029 16 58049 151 58235 44 58285 17 58305 152 58489 46 58540 173 58745 47 58795 174 59001 222 59256 214 59471 5 59513 212 59769 212 60025 213 60239 2 60282 218 60538 219 60766 6 60795 219 61021 7 61053 219 61275 10 61311 231 61569 229 61829 227 62086 232 62348 228 62605 114 62720 113 62862 93 62956 18 62976 113 63118 91 63213 16 63232 114 63352 1 63374 91 63470 15 63488 114 63606 6 63630 91 63725 16 63744 115 63861 8 63884 95 63980 16 64000 127 64139 112 64256 129 64394 112 64512 130 64650 112 64768 131 64906 112 65024 131 65162 112 65280 132 65419 111
000002,0 251 256 251 512 251 768 251 1024 251 1280 250 1536 250 1792 249 2048 248 2304 248 2560 247 2816 247 3072 247 3327 248 3583 249 3838 251 4094 252 4349 254 4605 60931
000003,0 65536
000004,0 65536
000005,0 65536
000006,153 8 192 56 411 5 447 57 702 57 958 57 1213 58 1468 59 1724 59 1979 60 2235 60 2491 61 2747 61 3003 60 3259 60 3512 63 3759 71 4014 71 4269 73 4525 75 4780 28 4810 47 5035 28 5067 49 5290 28 5324 51 5544 30 5580 52 5800 29 5836 52 6055 28 6092 52 6311 27 6349 51 6567 25 6604 52 6822 25 6860 52 7079 23 7115 53 7335 22 7370 54 7592 19 7625 55 7848 7 7858 7 7881 54 8107 1 8116 1 8136 51 8392 49 8647 49 8902 50 9155 54 9410 56 9665 57 9920 59 10176 59 10431 59 10688 58 10944 55 11200 53 11457 51 11714 49 11766 10 11971 47 12021 11 12227 39 12271 17 12484 36 12527 17 12742 32 12782 18 13000 29 13037 19 13256 30 13292 20 13513 30 13548 20 13769 33 13804 20 14026 54 14282 54 14538 54 14795 53 15053 51 15317 43 15574 42 15830 42 16074 4 16085 43 16329 7 16340 44 16584 9 16596 44 16839 10 16851 45 17094 58 17349 12 17363 45 17604 12 17620 44 17860 12 17875 45 18116 11 18131 45 18373 10 18386 46 18630 8 18642 46 18888 5 18897 11 18914 30 19152 11 19171 29 19408 10 19428 28 19663 11 19684 9 19695 17 19919 10 19940 9 19953 15 20176 8 20197 8 20212 2 20454 6 20711 4 21721 5 21972 10 22227 11 22482 13 22737 14 22992 15 23247 16 23502 17 23758 16 24014 16 24063 1 24270 15 24309 3 24317 3 24527 13 24545 1 24564 5 24572 4 24784 11 24800 2 24820 12 25040 10 25077 11 25296 9 25333 11 25553 6 25589 11 25810 4 25845 11 26101 11 26357 11 26612 12 26868 12 27124 12 27379 13 27635 13 27890 14 28146 14 28402 14 28658 14 28914 14 29169 15 29425 15 29680 16 29936 16 30193 11 30449 10 30706 8 30963 6 31222 2 42862 6 42870 1 43118 9 43373 10 43629 10 43885 10 44141 9 44397 9 44653 8 44909 7 45166 5 45422 4
000007,0 65536
000008,32 43 106 8 153 8 194 49 288 43 361 9 409 7 450 49 544 44 617 9 666 6 705 50 800 44 872 11 961 50 1056 45 1127 12 1217 51 1312 46 1383 11 1473 52 1569 45 1639 11 1729 53 1825 47 1895 11 1985 54 2082 48 2151 11 2241 54 2339 48 2407 11 2497 54 2595 49 2663 10 2752 56 2851 50 2920 8 3008 55 3106 52 3176 7 3264 55 3354 61 3433 6 3520 55 3607 65 3689 5 3776 55 3861 68 3946 3 4032 56 4116 70 4223 4 4288 58 4371 73 4477 7 4521 2 4544 59 4626 76 4732 9 4775 7 4799 60 4882 78 4986 12 5029 13 5054 61 5137 81 5241 14 5278 24 5310 62 5393 84 5496 17 5532 28 5565 62 5649 86 5751 18 5788 30 5820 63 5905 87 6006 20 6043 96 6162 87 6261 21 6298 96 6418 87 6517 20 6554 95 6674 87 6772 21 6809 96 6930 86 7029 20 7064 96 7186 86 7285 19 7319 97 7430 3 7442 85 7541 19 7574 97 7685 7 7697 86 7797 19 7829 98 7940 99 8054 17 8085 98 8192 102 8310 12 8324 1 8340 99 8448 103 8565 12 8596 99 8704 103 8820 12 8851 99 8960 103 9076 12 9107 99 9216 104 9332 6 9340 1 9362 99 9472 104 9588 4 9618 98 9728 104 9846 1 9874 97 9984 104 10129 97 10240 104 10386 95 10496 103 10642 94 10752 103 10898 93 11008 102 11155 92 11264 101 11412 91 11520 100 11669 90 11776 99 11926 89 12032 98 12183 88 12288 98 12439 89 12544 98 12696 89 12800 98 12952 90 13056 98 13209 89 13312 98 13466 89 13568 99 13723 88 13824 99 13980 88 14080 99 14236 87 14336 99 14492 86 14592 100 14748 84 14848 100 15004 83 15104 101 15222 4 15259 83 15360 102 15470 14 15515 83 15616 104 15725 21 15771 83 15872 106 15980 24 16027 82 16128 133 16283 82 16384 134 16539 82 16640 135 16795 83 16896 136 17052 82 17152 137 17309 80 17408 138 17567 78 17664 139 17823 78 17920 139 18080 76 18176 140 18319 5 18334 78 18432 149 18589 79 18688 150 18844 79 18944 151 19100 78 19200 151 19355 78 19456 152 19611 76 19712 152 19866 77 19960 3 19968 230 20215 5 20224 230 20471 5 20480 229 20726 5 20736 229 20982 5 20992 229 21238 4 21248 229 21484 2 21493 6 21504 230 21738 6 21749 6 21760 240 22006 5 22016 241 22262 5 22272 241 22518 6 22528 241 22774 6 22784 242 23030 6 23040 243 23286 7 23296 244 23544 4 23552 244 23808 244 24064 244 24320 244 24576 243 24832 243 25088 243 25344 242 25600 242 25856 241 26112 240 26368 239 26624 238 26880 237 27136 237 27392 237 27648 236 27904 236 28160 236 28416 236 28672 236 28928 235 29184 126 29315 104 29440 126 29571 104 29696 125 29827 104 29952 124 30082 104 30208 123 30338 104 30464 122 30593 104 30720 120 30849 103 30976 119 31104 103 31232 117 31359 104 31488 117 31613 106 31744 117 31867 108 32000 118 32122 110 32241 7 32256 118 32377 114 32496 9 32512 118 32632 115 32751 11 32768 235 33005 13 33024 234 33261 13 33280 233 33517 13 33536 232 33773 13 33793 95 33895 128 34029 14 34048 94 34153 125 34286 13 34304 94 34410 120 34544 11 34560 84 34645 8 34666 118 34801 10 34816 76 34922 117 35058 9 35072 72 35177 117 35314 9 35328 72 35432 117 35570 10 35584 71 35687 117 35826 10 35840 70 35942 117 36082 9 36096 66 36197 118 36339 11 36352 64 36453 118 36596 74 36709 119 36853 72 36965 119 37114 66 37210 5 37220 120 37370 65 37465 7 37476 120 37613 4 37625 65 37721 7 37732 120 37868 6 37881 65 37977 6 37988 120 38124 6 38136 3 38140 61 38233 3 38244 120 38380 6 38392 2 38400 57 38501 118 38636 5 38645 4 38656 56 38757 102 38865 9 38893 3 38898 68 39014 101 39154 66 39270 100 39410 65 39515 4 39526 99 39665 65 39764 1 39769 7 39781 100 39921 64 40017 16 40037 100 40176 64 40271 19 40293 101 40432 61 40525 125 40682 66 40780 127 40937 23 40961 39 41035 127 41191 25 41217 37 41291 127 41445 27 41473 35 41547 127 41700 28 41730 33 41803 128 41956 28 41987 30 42059 128 42213 27 42243 29 42315 128 42471 25 42501 25 42571 129 42728 24 42760 20 42827 130 42984 24 43018 16 43084 129 43239 25 43275 13 43341 128 43492 28 43531 8 43599 127 43747 29 43788 5 43856 126 44003 29 44113 124 44259 29 44370 10 44384 108 44516 5 44523 21 44628 7 44641 106 44781 19 44886 3 44897 106 45038 18 45154 105 45294 18 45410 104 45550 18 45666 105 45807 17 45923 105 46063 12 46079 1 46180 105 46320 5 46437 105 46693 105 46949 105 47165 4 47175 5 47205 105 47359 1 47418 20 47461 104 47615 1 47671 23 47717 101 47871 1 47925 26 47972 101 48127 1 48179 29 48227 101 48434 31 48481 103 48689 32 48734 107 48885 5 48944 34 48989 111 49140 7 49150 2 49199 34 49245 112 49389 19 49455 34 49501 112 49644 20 49711 33 49757 112 49899 21 49966 33 50013 111 50153 23 50219 35 50269 111 50407 25 50464 4 50473 36 50525 110 50661 27 50718 46 50781 109 50915 29 50973 47 51036 109 51171 29 51229 47 51290 110 51427 29 51478 54 51543 112 51683 29 51731 57 51795 115 51939 29 51986 58 52050 116 52195 29 52237 62 52305 118 52451 29 52492 63 52561 119 52704 32 52746 64 52817 122 52950 42 53001 65 53073 126 53205 43 53257 65 53329 128 53461 43 53513 65 53585 130 53717 43 53769 65 53841 175 54025 65 54097 175 54281 65 54351 177 54537 65 54605 179 54793 247 55049 247 55304 248 55560 248 55816 248 56072 248 56328 248 56583 249 56839 249 57095 249 57351 249 57608 248 57864 248 58121 247 58378 246 58635 245 58892 244 59149 243 59406 242 59662 242 59920 240 60184 232 60441 231 60697 231 60952 232 61208 232 61464 232 61721 231 61978 230 62235 229 62492 228 62749 227 63006 226 63263 225 63521 223 63778 222 64034 222 64291 221 64547 221 64803 221 65053 227 65308 228
000009,0 25 38 24 106 5 153 128 293 25 362 4 409 128 548 26 665 128 803 26 921 118 1041 7 1059 26 1177 116 1299 5 1314 28 1433 115 1557 2 1569 29 1636 10 1663 2 1690 113 1823 32 1891 12 1946 113 2077 35 2147 13 2203 112 2331 38 2402 15 2458 112 2585 41 2658 15 2714 112 2840 45 2913 17 2969 113 3095 47 3169 17 3225 113 3351 48 3425 17 3481 112 3606 50 3681 17 3737 112 3860 52 3937 16 3993 112 4115 53 4193 15 4249 112 4370 55 4448 16 4506 110 4626 56 4703 16 4762 110 4882 56 4959 15 5019 109 5138 57 5215 15 5276 108 5394 58 5459 4 5471 15 5532 112 5650 58 5713 8 5728 14 5790 112 5904 74 5985 12 6047 189 6242 11 6303 190 6499 9 6559 191 6755 8 6816 190 7012 7 7072 104 7178 84 7269 4 7328 103 7434 84 7584 103 7690 84 7840 103 7946 84 8096 96 8194 4 8202 84 8352 96 8458 84 8609 95 8714 84 8865 95 8971 84 9121 95 9227 84 9377 95 9484 83 9632 96 9739 84 9887 97 9995 84 10124 116 10251 84 10378 118 10507 29 10539 52 10633 119 10764 28 10796 51 10889 119 11020 27 11052 51 11145 119 11277 26 11308 51 11400 120 11533 25 11564 52 11655 121 11789 24 11821 51 11910 122 12045 24 12077 52 12165 123 12301 23 12334 52 12421 123 12558 21 12591 51 12676 124 12815 19 12851 47 12931 125 13075 14 13108 46 13185 127 13334 9 13366 44 13440 128 13623 44 13695 129 13880 43 13951 129 14135 44 14207 129 14391 44 14464 128 14647 44 14720 128 14904 43 14977 127 15160 44 15233 127 15417 43 15489 127 15673 45 15744 128 15928 46 16000 128 16185 46 16255 129 16441 47 16511 129 16697 46 16767 129 16954 45 17024 128 17209 47 17279 129 17464 48 17534 130 17718 50 17789 131 17972 52 18045 131 18223 58 18301 131 18476 61 18557 131 18730 63 18814 130 18985 63 19075 125 19241 63 19332 124 19497 63 19588 124 19752 65 19845 123 20008 66 20101 123 20263 68 20357 123 20518 70 20614 122 20773 71 20869 123 21029 72 21125 123 21285 72 21381 123 21541 33 21575 37 21636 124 21796 72 21892 124 22052 70 22148 124 22309 69 22404 124 22565 68 22660 124 22821 69 22916 124 23078 68 23172 124 23334 69 23425 127 23590 70 23680 128 23846 70 23935 129 24102 70 24191 129 24358 71 24447 129 24613 72 24703 129 24838 4 24869 72 24960 128 25092 8 25125 73 25217 127 25347 11 25380 73 25475 125 25602 14 25636 73 25731 125 25858 15 25891 75 25988 124 26113 16 26147 76 26244 124 26370 15 26403 77 26500 124 26626 14 26659 78 26756 124 26883 12 26916 78 27012 124 27142 6 27174 76 27267 125 27401 1 27430 76 27523 125 27672 1 27686 77 27778 126 27927 2 27943 76 28034 126 28183 3 28199 77 28289 127 28456 77 28545 127 28712 78 28799 129 28969 215 29226 214 29484 212 29745 207 30003 205 30260 204 30517 203 30775 201 31033 199 31291 197 31548 196 31805 195 32061 195 32316 196 32572 196 32828 196 33084 196 33341 195 33600 58 33659 133 33859 55 33915 133 34116 188 34373 187 34629 187 34885 187 35075 6 35141 187 35330 15 35397 187 35585 17 35653 187 35841 18 35908 188 36097 18 36164 188 36353 18 36420 188 36609 26 36677 101 36781 83 36865 27 36933 101 37038 82 37121 27 37189 101 37294 82 37378 26 37445 101 37550 82 37634 27 37701 101 37806 82 37891 26 37957 101 38062 82 38150 23 38213 101 38317 83 38409 20 38468 188 38666 19 38724 188 38923 19 38980 188 39179 19 39237 187 39435 18 39494 186 39691 18 39751 185 39947 18 40007 185 40203 18 40262 186 40458 18 40498 1 40518 96 40618 86 40714 18 40752 5 40773 97 40874 86 40970 19 41008 6 41029 97 41129 87 41225 22 41263 8 41286 97 41385 87 41481 25 41519 9 41544 63 41609 119 41737 30 41775 9 41801 61 41866 118 41992 32 42031 12 42058 50 42109 7 42122 118 42248 33 42287 14 42313 51 42367 4 42379 117 42503 34 42543 16 42569 51 42635 117 42758 35 42800 15 42824 51 42892 116 43014 34 43057 14 43079 52 43149 115 43270 34 43315 12 43329 58 43405 115 43526 34 43571 11 43585 58 43662 114 43783 33 43828 10 43841 59 43918 114 44039 33 44085 7 44097 59 44175 14 44193 95 44296 33 44342 5 44353 61 44431 14 44450 94 44552 34 44589 6 44598 5 44609 62 44687 13 44706 94 44808 51 44865 64 44943 13 44963 93 45063 52 45121 65 45198 14 45218 94 45319 53 45377 66 45454 15 45474 94 45573 57 45632 68 45711 13 45729 95 45827 130 45969 10 45985 95 46082 132 46226 8 46240 96 46337 134 46483 8 46496 232 46739 9 46751 233 46995 10 47007 233 47252 244 47509 1 47511 241 47769 239 48028 236 48285 235 48542 233 48798 233 49054 232 49310 231 49567 229 49823 228 50079 227 50335 225 50590 221 50847 219 51103 219 51359 220 51616 220 51873 221 52130 4 52138 214 52394 215 52650 215 52905 217 53161 217 53418 217 53674 218 53932 219 54157 8 54170 5 54189 220 54411 23 54445 246 54702 246 54956 2207 57165 253 57422 4 57427 246 57684 22 57710 219 57942 20 57968 217 58199 18 58225 216 58456 17 58481 216 58715 13 58738 14 58754 199 58972 12 58994 13 59013 195 59229 13 59251 10 59270 195 59476 3 59486 18 59508 8 59528 1 59531 190 59731 5 59742 19 59765 5 59788 190 59987 4 59998 19 60023 2 60046 188 60243 4 60254 20 60303 190 60512 1 60515 15 60559 191 60772 15 60814 193 61028 15 61070 194 61283 14 61326 195 61541 9 61585 1 61588 190 61848 4 61859 176 62116 176 62295 8 62328 1 62373 186 62589 3 62597 5 62629 186 62845 5 62851 9 62885 186 63101 15 63141 186 63358 14 63397 187 63614 14 63653 188 63871 13 63909 188 64129 12 64165 189 64386 12 64421 188 64630 3 64642 14 64678 187 64885 4 64897 17 64934 187 65141 4 65153 17 65191 89 65288 89 65398 3 65409 17 65448 88
000010,0 65536
000011, 
000012,618 5 872 9 1128 10 1384 10 1639 12 1895 12 2152 11 2170 3 2408 10 2423 7 2664 9 2677 10 2922 21 3183 17 3438 18 3693 19 3948 21 4204 21 4459 21 4715 21 4971 19 5226 18 5483 16 5739 14 5995 12 6252 10 6509 9 6765 9 7022 7 7281 2 12427 2 12677 12 12931 15 13185 18 13440 19 13696 20 13951 21 14207 22 14463 22 14720 21 14976 21 15233 19 15490 17 15749 12 17810 3 18066 4 18321 6 18576 8 18832 8 19087 9 19345 6 19602 3 20733 3 20987 5 21243 5 21498 6 21754 6 22010 6 22266 6 22522 6 22779 5 23039 1 31606 1 31827 5 31859 6 32082 13 32114 8 32334 18 32369 10 32588 21 32625 11 32843 23 32881 11 33098 24 33137 11 33353 26 33395 8 33608 27 33651 8 33864 27 33908 5 34120 27 34157 11 34376 24 34412 9 34633 21 34666 10 34890 14 34915 17 35148 11 35171 16 35427 15 35683 14 35939 13 36195 12 36451 11 36708 9 36968 3 39500 3 39755 6 40009 9 40264 11 40518 14 40772 16 41027 17 41283 17 41537 18 41792 19 42047 20 42303 21 42558 23 42814 24 43069 25 43325 25 43581 26 43836 28 44088 32 44343 33 44598 35 44853 36 45109 37 45365 37 45621 37 45878 36 46098 5 46134 36 46350 11 46390 36 46605 12 46646 35 46860 14 46902 35 47116 15 47157 36 47371 18 47413 36 47627 19 47670 34 47882 20 47926 34 48137 20 48183 32 48393 19 48440 30 48640 3 48648 20 48698 2 48701 24 48896 5 48904 19 48959 22 49152 27 49216 21 49408 27 49472 21 49664 27 49728 22 49920 26 49984 23 50176 26 50239 24 50432 5 50439 18 50495 24 50688 20 50711 1 50751 25 50943 16 51007 25 51197 7 51205 8 51262 26 51452 7 51462 6 51517 27 51707 7 51720 4 51773 26 51962 6 52029 26 52218 6 52285 26 52474 6 52541 25 52730 6 52798 24 52986 6 53055 23 53242 6 53311 22 53350 4 53498 6 53568 20 53606 5 53753 7 53824 20 53862 5 54007 9 54080 19 54118 5 54263 9 54336 18 54375 4 54386 4 54518 10 54592 18 54632 3 54641 6 54774 10 54823 2 54849 13 54897 7 55030 10 55078 6 55105 12 55153 8 55286 10 55333 9 55361 11 55409 9 55542 10 55588 11 55617 11 55659 3 55666 9 55799 9 55842 14 55874 9 55914 6 55922 10 56056 8 56097 17 56115 4 56131 7 56170 6 56179 10 56314 5 56349 29 56387 6 56426 20 56605 30 56644 3 56681 22 56860 31 56937 22 57115 33 57193 23 57371 32 57449 23 57627 32 57706 6 57715 13 57884 31 57962 4 57971 14 58140 31 58220 1 58228 13 58396 31 58440 1 58483 15 58653 30 58695 4 58739 16 58909 30 58948 8 58976 3 58995 17 59165 30 59203 10 59232 5 59239 4 59251 19 59422 29 59459 11 59487 13 59506 22 59657 2 59685 22 59714 13 59743 13 59762 24 59912 6 59940 22 59969 14 59999 13 60019 24 60167 8 60195 22 60225 15 60255 13 60276 23 60422 9 60446 27 60480 16 60511 10 60533 23 60678 9 60701 28 60736 16 60760 3 60767 9 60790 22 60934 10 60955 30 60991 17 61016 4 61023 9 61047 21 61189 11 61209 32 61247 16 61272 5 61279 8 61303 21 61444 53 61503 15 61529 4 61536 7 61559 21 61699 54 61759 15 61786 2 61793 4 61814 22 61954 55 62016 13 62069 23 62209 56 62273 10 62325 23 62465 56 62531 7 62580 23 62720 57 62835 23 62976 57 63084 5 63091 23 63232 56 63339 31 63488 56 63595 31 63744 56 63850 31 64000 55 64105 32 64256 55 64360 32 64512 55 64616 32 64768 54 64871 33 65024 54 65128 32 65280 54 65385 28
000013,198 13 454 13 711 12 968 9 6536 5 6791 8 7046 9 7301 10 7555 13 7810 14 8065 15 8321 15 8578 14 8834 13 9091 6 9873 2 9906 4 10128 4 10161 6 10371 6 10384 5 10417 7 10622 13 10640 4 10672 8 10877 16 10896 4 10927 9 11132 24 11181 12 11387 25 11436 15 11456 9 11643 26 11692 30 11899 27 11947 32 12156 26 12202 33 12412 26 12457 33 12668 26 12713 32 12923 27 12968 32 13179 27 13224 30 13435 26 13480 29 13690 26 13736 29 13946 26 13992 30 14202 25 14248 30 14457 25 14504 31 14713 25 14760 31 14969 25 15016 32 15224 25 15271 34 15480 25 15527 18 15547 15 15736 23 15782 18 15803 15 15991 23 16037 18 16059 16 16078 3 16247 23 16293 18 16315 16 16332 7 16503 22 16549 18 16572 24 16759 21 16806 17 16828 26 17015 19 17062 16 17085 27 17271 18 17319 14 17341 31 17527 17 17576 12 17597 32 17784 15 17832 13 17853 33 18041 13 18089 12 18109 33 18298 8 18346 11 18358 2 18365 33 18602 11 18614 2 18621 34 18860 7 18870 2 18877 34 19118 2 19128 39 19383 40 19639 40 19894 41 20150 41 20406 41 20662 41 20918 41 21175 40 21431 39 21687 38 21943 37 22199 37 22454 37 22710 37 22965 37 23221 37 23476 37 23732 36 23988 36 24243 36 24500 34 24756 34 25012 33 25268 31 25524 31 25780 31 26036 31 26293 31 26550 31 26807 8 26817 21 27064 6 27074 19 27321 4 27331 18 27587 19 27844 18 28102 17 28360 16 28617 15 28873 16 29130 15 29386 15 29644 12 29901 10 30159 6
000014,183 7 254 2 439 8 510 2 695 7 765 3 900 1 951 7 1020 4 1154 5 1208 5 1276 4 1410 6 1531 5 1666 7 1786 6 1922 8 2042 6 2177 9 2298 6 2432 11 2554 6 2688 11 2810 6 2943 13 3010 6 3066 6 3197 15 3234 2 3264 9 3322 6 3448 21 3478 4 3488 5 3519 11 3578 6 3702 24 3734 4 3743 7 3774 12 3835 5 3956 27 3990 4 3998 8 4030 12 4091 5 4212 28 4246 4 4254 8 4286 13 4349 3 4467 38 4510 8 4542 13 4607 1 4723 36 4766 9 4798 14 4978 37 5023 9 5054 15 5233 38 5279 9 5310 16 5488 39 5532 13 5566 17 5743 40 5786 15 5822 17 5998 42 6041 16 6078 17 6253 59 6334 17 6508 60 6589 18 6763 61 6845 18 7018 61 7101 17 7272 62 7357 17 7528 54 7613 16 7710 6 7783 52 7869 15 7964 12 8038 52 8126 14 8218 15 8294 52 8383 13 8417 3 8473 17 8549 53 8639 14 8673 4 8728 18 8805 53 8896 13 8928 6 8984 18 9061 53 9152 14 9184 6 9239 19 9318 52 9408 14 9440 6 9494 20 9574 52 9664 13 9696 4 9750 20 9830 52 9921 12 9953 1 10005 21 10087 51 10177 11 10260 21 10343 51 10433 11 10516 20 10600 50 10689 10 10771 20 10857 49 10946 7 11027 8 11038 9 11114 47 11203 4 11283 7 11295 8 11370 47 11539 7 11552 7 11627 46 11795 7 11809 5 11884 44 12051 7 12065 5 12142 42 12308 6 12323 2 12401 39 12565 5 12658 39 12821 5 12916 37 13079 2 13173 37 13315 4 13429 37 13570 6 13685 37 13825 8 13941 37 14081 9 14197 37 14336 12 14453 37 14580 5 14592 14 14709 37 14834 9 14848 15 14912 1 14966 36 15089 11 15104 17 15167 6 15222 35 15343 13 15360 19 15422 9 15479 12 15496 17 15598 14 15616 22 15678 10 15736 8 15753 15 15853 15 15872 23 15934 11 16011 11 16108 15 16128 23 16189 12 16268 9 16364 14 16384 23 16445 12 16525 6 16620 14 16640 22 16701 11 16876 13 16896 22 16958 9 17132 13 17152 23 17215 7 17388 13 17408 24 17643 14 17664 25 17897 15 17921 24 18151 16 18178 23 18407 15 18435 22 18663 14 18691 22 18920 12 18948 21 19177 10 19205 19 19332 2 19433 9 19463 17 19587 4 19689 8 19719 17 19841 6 19868 4 19946 7 19975 17 20096 7 20111 4 20122 8 20203 4 20231 17 20352 7 20366 6 20375 12 20486 18 20607 8 20621 23 20742 17 20863 8 20876 24 20997 18 21119 8 21131 26 21253 18 21376 7 21387 26 21509 18 21632 7 21643 27 21765 18 21887 9 21899 29 22021 18 22142 10 22156 30 22277 18 22398 10 22413 30 22533 18 22654 10 22669 31 22789 18 22910 9 22925 31 23045 18 23166 8 23182 31 23301 17 23422 8 23438 31 23558 15 23678 6 23694 32 23815 13 23935 5 23951 31 24072 8 24194 1 24207 32 24332 1 24464 32 24721 32 24978 39 25236 38 25493 38 25749 39 26006 38 26111 1 26263 38 26366 2 26520 37 26620 4 26776 37 26876 4 27033 36 27131 5 27289 35 27386 6 27546 29 27641 7 27803 27 27897 7 28060 4 28066 20 28152 8 28324 17 28407 9 28582 14 28659 2 28662 10 28840 8 28914 14 29169 15 29424 16 29680 16 29936 16 30193 6 30200 8 30451 1 30458 6 30714 6 30970 6 31227 5 31485 3 31742 2 31998 2 32253 3 32509 3 32764 4 33020 4 33276 4 33532 4 33788 4 34044 4 34300 4 34557 3 34814 2 35070 2 35325 3 35578 6 35832 8 36087 9 36343 9 36598 10 36853 11 37108 12 37364 12 37620 12 37876 12 38132 12 38387 13 38643 13 38730 4 38899 13 38985 6 39155 13 39241 7 39411 13 39496 10 39668 12 39752 10 39924 12 40008 10 40181 11 40264 11 40437 11 40520 12 40693 11 40776 13 40949 11 41032 14 41205 11 41288 14 41451 8 41460 12 41544 15 41704 24 41800 15 41957 27 42057 15 42211 29 42313 16 42466 30 42570 16 42721 31 42827 15 42977 31 43083 15 43233 31 43339 15 43489 31 43594 16 43745 31 43850 15 44001 31 44105 15 44257 31 44362 10 44514 30 44619 5 44770 30 45026 30 45282 30 45538 30 45795 29 46052 28 46308 28 46564 28 46820 28 47073 31 47328 32 47584 32 47839 33 48095 33 48351 33 48607 33 48863 33 49119 33 49375 33 49631 33 49885 35 50140 36 50396 36 50651 37 50906 38 51161 39 51415 41 51670 42 51924 44 52179 45 52378 7 52435 45 52633 9 52690 46 52888 10 52945 47 53143 11 53180 8 53200 48 53398 12 53436 9 53454 50 53654 12 53691 11 53708 52 53909 13 53945 71 54165 12 54200 72 54421 12 54456 72 54677 11 54712 72 54933 11 54967 73 55189 10 55223 73 55446 9 55479 73 55702 8 55735 73 55960 4 55992 72 56249 71 56505 71 56762 70 57019 56 57076 12 57103 5 57275 54 57332 12 57357 8 57532 52 57588 12 57601 5 57611 11 57792 47 57844 21 57866 12 58050 45 58100 35 58307 44 58356 36 58568 39 58613 36 58826 37 58871 34 59083 37 59127 34 59345 31 59382 35 59602 32 59636 37 59860 4 59869 1 59871 12 59888 41 60129 10 60145 40 60386 8 60402 39 60642 9 60655 41 60898 9 60908 44 61152 56 61404 60 61659 61 61915 61 62170 62 62425 64 62680 65 62936 65 63192 65 63448 40 63489 24 63705 39 63746 23 63962 38 64003 23 64218 38 64260 22 64474 38 64516 23 64729 39 64771 24 64984 40 65026 25 65240 67 65495 41
000015,7 20 30 5 38 8 225 31 263 19 286 5 295 7 481 31 519 19 542 5 551 6 737 30 776 17 799 4 810 1 993 30 1032 17 1056 2 1250 29 1289 16 1507 28 1545 16 1764 27 1792 1 1801 16 1835 5 2022 24 2048 2 2057 15 2088 9 2278 24 2304 3 2313 12 2342 11 2535 21 2560 3 2569 11 2597 12 2791 20 2816 4 2825 9 2842 1 2852 14 3047 19 3072 6 3080 10 3097 4 3107 15 3303 18 3328 18 3352 6 3363 16 3560 17 3584 18 3607 7 3619 17 3816 17 3840 7 3850 8 3862 8 3876 16 4072 16 4096 7 4107 19 4131 17 4328 16 4352 6 4364 18 4386 18 4584 15 4608 5 4626 13 4641 19 4841 11 4864 3 4882 35 5098 8 5137 36 5356 5 5393 37 5612 5 5649 38 5869 3 5906 38 6162 39 6419 39 6675 39 6931 40 7187 41 7443 41 7697 44 7951 46 8207 46 8462 46 8718 45 8974 38 9014 2 9230 37 9487 36 9743 36 9999 35 10142 4 10255 34 10396 13 10511 32 10576 4 10651 16 10766 32 10831 8 10902 22 10999 1 11022 31 11087 12 11110 4 11140 3 11158 23 11255 1 11279 28 11342 16 11365 6 11395 5 11413 24 11511 1 11535 27 11597 19 11620 7 11652 4 11668 25 11792 26 11852 21 11876 8 11908 3 11922 15 11940 9 12051 9 12061 13 12107 22 12131 9 12171 23 12197 7 12308 7 12318 13 12363 23 12387 8 12427 24 12456 3 12566 4 12575 12 12619 23 12644 7 12683 24 12832 12 12874 24 12939 25 13089 11 13130 25 13188 3 13193 27 13345 12 13386 26 13443 34 13601 13 13641 27 13698 36 13832 2 13857 12 13895 29 13954 37 14080 4 14086 5 14115 9 14150 30 14209 38 14336 11 14374 4 14406 31 14463 40 14592 10 14662 31 14718 40 14848 9 14919 31 14973 41 15104 7 15176 30 15230 39 15360 6 15437 26 15486 39 15616 6 15695 24 15744 37 15872 5 15952 23 16001 36 16128 5 16209 21 16258 35 16384 6 16467 18 16515 35 16551 4 16640 7 16724 16 16771 41 16896 8 16954 3 16982 13 17027 41 17152 9 17209 5 17240 11 17283 41 17408 10 17465 5 17500 6 17540 41 17664 12 17678 3 17719 7 17796 40 17920 17 17971 12 18052 40 18176 18 18227 13 18309 38 18432 18 18482 14 18565 34 18688 18 18739 14 18821 34 18944 18 18996 14 19077 34 19200 14 19215 2 19254 12 19332 36 19456 12 19512 10 19587 37 19712 11 19769 9 19842 39 19968 3 20025 9 20096 41 20282 9 20351 42 20539 8 20607 42 20795 9 20863 42 21051 9 21119 30 21152 9 21305 11 21376 28 21409 8 21556 1 21560 13 21633 27 21666 6 21809 20 21891 25 21923 5 22065 20 22148 24 22180 3 22320 20 22405 23 22576 19 22661 22 22832 17 22918 20 23088 13 23174 18 23346 10 23430 17 23604 8 23686 15 23863 3 23943 14 24199 13 24456 12 24712 12 24968 12 25069 6 25225 11 25324 9 25481 10 25579 11 25737 10 25834 12 25995 7 26090 13 26254 1 26345 14 26596 19 26851 20 27106 21 27362 21 27618 21 27874 21 28130 21 28386 21 28642 20 28899 19 29155 19 29412 17 29668 17 29925 15 30181 8 30190 5 30437 7 30693 6 30949 6 31206 4 31281 4 31534 8 31789 10 32043 15 32298 20 32511 1 32553 22 32766 2 32809 23 33021 3 33064 25 33277 3 33320 26 33532 4 33575 28 33786 6 33831 29 34040 8 34085 31 34293 11 34339 33 34548 12 34594 34 34803 13 34850 33 35058 14 35106 33 35314 14 35362 32 35570 13 35618 32 35826 13 35873 33 36083 11 36128 33 36340 9 36383 34 36598 2 36639 34 36894 35 37150 34 37406 34 37663 33 37919 32 38175 32 38397 3 38432 24 38636 12 38652 4 38688 24 38892 13 38907 5 38946 23 39147 21 39204 22 39402 22 39461 23 39653 27 39722 18 39908 28 39980 16 40067 3 40162 30 40239 13 40318 12 40418 30 40500 7 40572 16 40667 2 40674 30 40758 2 40828 16 40923 3 40931 29 41083 17 41179 3 41187 29 41339 17 41444 28 41595 17 41700 28 41851 17 41956 28 42109 16 42212 28 42368 10 42380 1 42468 28 42625 9 42725 27 42881 9 42899 7 42981 27 43137 9 43155 9 43236 28 43394 7 43411 9 43491 29 43650 6 43667 10 43746 30 43907 4 43923 10 44002 30 44179 11 44258 30 44435 11 44515 29 44691 10 44774 26 44947 10 45032 24 45203 9 45289 23 45459 8 45546 22 45716 6 45803 21 45972 5 46060 20 46316 20 46573 19 46829 19 47086 18 47342 18 47599 17 47856 16 48113 15 48370 14 48627 13 48884 5 48893 3 49143 1 49151 1 52532 2 52786 7 53041 9 53297 9 53550 13 53802 18 53933 5 54057 19 54186 10 54271 1 54312 20 54432 4 54439 13 54526 2 54567 21 54688 20 54781 3 54822 23 54943 21 55033 7 55077 24 55199 21 55288 8 55333 24 55454 22 55480 3 55542 10 55588 25 55710 31 55798 10 55844 25 55966 32 56052 12 56100 24 56221 33 56302 3 56306 14 56356 24 56477 33 56555 21 56612 24 56732 34 56809 23 56870 22 56988 32 57063 25 57128 20 57244 28 57318 26 57384 20 57506 22 57574 26 57640 21 57764 9 57776 8 57829 27 57896 22 58022 5 58034 5 58085 27 58151 23 58291 4 58342 26 58407 24 58598 26 58663 25 58856 24 58919 25 59112 24 59175 25 59369 23 59431 25 59625 23 59687 25 59882 22 59943 25 60138 22 60198 25 60395 21 60453 25 60651 21 60709 24 60787 2 60907 21 60964 25 61041 9 61162 22 61220 25 61296 21 61417 23 61477 24 61552 23 61673 23 61734 23 61808 23 61929 23 61990 23 62065 22 62186 22 62246 22 62322 21 62447 17 62502 9 62516 7 62579 21 62664 12 62704 16 62758 7 62836 21 62919 14 62960 16 63016 3 63093 21 63174 15 63217 15 63349 21 63429 16 63474 14 63604 22 63685 16 63730 14 63859 24 63940 18 63987 13 64114 25 64195 19 64244 12 64370 26 64450 20 64500 12 64626 25 64705 21 64757 11 64882 25 64961 22 65014 10 65139 23 65216 23 65271 9 65395 23 65472 23 65528 8
000016,3473 3 3726 8 3981 16 4236 19 4492 21 4748 23 5004 26 5260 27 5492 6 5516 28 5747 8 5772 28 6003 10 6028 28 6259 11 6284 27 6515 15 6538 28 6772 48 7028 45 7285 43 7541 42 7799 39 8056 37 8313 35 8570 33 8827 32 9084 31 9341 30 9598 29 9854 29 10111 29 10367 29 10623 29 10879 29 11135 29 11392 27 11648 26 11904 25 12160 25 12416 25 12672 27 12928 28 13185 28 13441 29 13698 27 13955 26 14214 22 14472 17 14733 10 14990 7 15250 1 28302 8 28556 11 28811 13 29067 13 29322 15 29578 15 29834 15 30091 14 30349 11 30606 9 30862 8 31119 6 31377 2 61183 1 61437 3 61692 4 61946 6 62198 10 62453 11 62709 11 62964 12 63220 12 63476 12 63731 13 63987 13 64243 13 64498 14 64755 13 65011 13 65267 13 65523 13
000017,214 7 225 31 470 6 482 30 726 5 738 30 982 4 995 29 1237 4 1251 29 1494 3 1508 28 1750 3 1765 27 2021 27 2276 28 2530 30 2786 30 3043 4 3048 24 3299 4 3306 22 3553 5 3562 22 3807 4 3818 22 4062 5 4074 22 4318 5 4330 22 4574 5 4587 21 4830 5 4844 20 5086 4 5102 18 5342 3 5358 18 5615 17 5871 17 6129 15 6387 13 6644 12 6900 12 7143 1 7156 12 7398 3 7409 1 7413 11 7653 4 7672 8 7909 4 7928 8 8184 8 8440 8 8696 8 8952 8 9203 1 9208 8 9458 3 9465 7 9714 3 9722 6 9970 4 9978 6 10226 5 10235 5 10479 8 10492 4 10735 9 10748 4 10989 11 11005 3 11243 13 11261 3 11498 14 11517 3 11755 13 11772 4 12011 13 12028 4 12267 15 12284 4 12523 21 12780 19 13041 14 13297 1 13302 9 13559 7 13803 1 13809 1 13817 4 14058 3 14065 1 14074 3 14314 4 14321 1 14330 6 14562 4 14570 4 14577 1 14587 5 14818 5 14844 4 15074 6 15100 4 15330 6 15586 6 15843 6 15858 2 16093 2 16100 6 16111 6 16356 6 16366 7 16380 4 16612 5 16621 9 16636 4 16870 2 16876 10 16892 2 17132 10 17388 9 17645 7 17902 5 18158 5 18415 3 18423 1 18671 1 18679 1 18927 1 18934 2 19190 2 19197 3 19445 3 19453 3 19686 3 19701 1 19709 3 19941 5 19957 4 19965 1 20194 9 20212 6 20449 10 20462 13 20705 22 20728 3 20732 2 20960 21 21216 20 21466 2 21472 20 21499 3 21720 5 21727 21 21755 4 21976 27 22011 5 22232 27 22267 5 22487 28 22523 5 22743 28 22779 5 22999 29 23035 5 23255 22 23278 7 23292 4 23511 31 23548 4 23768 32 23805 3 24025 32 24060 4 24281 32 24314 6 24538 38 24794 38 25052 36 25310 34 25566 34 25822 34 26079 33 26344 24 26601 23 26858 22 27115 21 27373 19 27632 16 27890 14 28146 14 28404 12 28660 12 28903 6 28916 12 29158 7 29172 12 29413 8 29426 14 29668 11 29680 16 29923 22 29946 6 30178 23 30202 6 30433 24 30458 6 30690 30 30947 29 31204 28 31461 27 31718 26 31974 26 32230 26 32487 25 32742 26 32998 26 33254 26 33509 27 33765 2 33768 24 34021 1 34024 17 34042 6 34285 11 34300 4 34542 3 34546 5 34803 3 39281 5 39536 6 39561 2 39792 6 39813 8 39838 1 40068 14 40083 18 40106 1 40324 41 40370 2 40378 4 40580 49 40630 8 40837 57 41095 55 41353 53 41610 52 41867 51 42122 52 42378 52 42632 54 42887 56 43142 59 43399 5 43406 53 43655 5 43662 53 43912 4 43918 54 44168 4 44174 54 44425 3 44431 55 44489 4 44514 2 44681 3 44686 63 44765 9 44937 3 44941 65 45020 12 45193 23 45218 46 45269 1 45274 19 45311 1 45452 19 45475 46 45522 5 45528 22 45567 1 45708 19 45732 15 45752 55 45965 20 45989 13 46009 56 46071 3 46221 22 46245 12 46266 70 46478 28 46510 2 46522 70 46735 25 46777 71 46992 23 47033 71 47247 26 47289 71 47501 29 47545 71 47756 32 47805 67 48011 36 48062 66 48264 41 48318 66 48520 45 48574 66 48776 46 48829 67 49032 46 49084 68 49288 46 49339 69 49544 47 49594 70 49800 120 50055 121 50311 121 50567 121 50823 121 51079 121 51335 121 51591 121 51847 112 51960 8 52103 111 52217 7 52359 110 52474 6 52615 110 52730 6 52871 112 52984 8 53127 121 53384 120 53641 119 53898 118 54156 116 54413 115 54673 10 54684 100 54932 6 54942 2 54947 93 55190 3 55205 91 55462 90 55719 89 55976 88 56223 2 56233 1 56236 84 56469 2 56493 83 56723 5 56750 82 56980 3 57007 81 57173 2 57237 1 57263 81 57428 3 57520 80 57684 3 57776 80 57941 2 58033 7 58042 70 58298 70 58554 70 58810 70 59067 69 59324 68 59580 68 59836 5 59842 62 60091 6 60098 62 60347 6 60354 62 60603 6 60610 62 60859 6 60866 62 61115 69 61369 71 61624 72 61880 72 62136 53 62191 17 62392 7 62400 45 62450 14 62648 52 62706 14 62904 52 62963 13 63159 7 63169 42 63222 10 63415 6 63426 39 63481 7 63682 38 63735 9 63938 38 63991 9 64194 41 64236 4 64246 10 64450 11 64464 33 64502 3 64506 6 64707 9 64721 32 64756 12 64959 1 64963 8 64979 30 65011 13 65220 7 65236 44 65478 5 65492 44
000018,137 53 202 17 220 12 392 55 458 17 477 11 646 57 714 17 734 10 758 3 900 59 969 19 990 10 1013 6 1156 65 1222 23 1247 9 1268 8 1411 91 1505 6 1524 9 1667 91 1762 4 1780 9 1923 92 2035 10 2179 94 2291 11 2434 95 2547 11 2690 96 2803 12 2946 97 3057 15 3202 97 3312 16 3459 95 3567 17 3715 95 3822 18 3971 94 4078 18 4228 92 4332 20 4484 90 4585 23 4740 89 4839 25 4997 87 5094 26 5253 85 5349 27 5510 82 5604 28 5766 81 5859 29 6023 80 6115 29 6280 79 6370 30 6536 79 6626 30 6793 78 6882 30 7051 76 7138 30 7308 74 7394 30 7565 73 7651 29 7822 72 7907 29 8079 71 8164 28 8336 70 8420 28 8572 5 8592 71 8676 28 8825 9 8848 71 8924 2 8932 28 9076 16 9104 112 9331 17 9360 112 9587 18 9616 112 9842 20 9871 113 10098 20 10126 114 10353 21 10381 115 10608 20 10636 116 10863 20 10892 116 11118 20 11148 116 11374 18 11405 115 11631 16 11661 115 11888 12 11918 114 12145 9 12174 106 12282 6 12429 106 12539 5 12684 105 12794 6 12938 105 13050 6 13193 104 13306 6 13449 103 13563 5 13704 104 13820 4 13960 104 14077 3 14216 103 14471 104 14728 102 14984 102 15240 101 15497 100 15753 99 16010 97 16266 96 16522 94 16779 92 17036 89 17294 86 17554 82 17811 80 18068 79 18324 79 18581 79 18838 78 19104 69 19363 66 19620 66 19877 66 20134 65 20390 66 20646 67 20902 67 21159 67 21416 66 21674 64 21931 44 21980 14 22188 42 22239 10 22445 41 22495 10 22704 37 22752 10 22961 35 23008 10 23218 31 23263 11 23475 55 23732 54 23989 54 24247 53 24503 54 24760 54 24831 1 25018 53 25085 3 25275 13 25290 37 25340 4 25533 4 25538 4 25548 36 25596 4 25806 35 25851 5 26062 35 26101 4 26106 6 26318 50 26574 50 26829 51 27083 53 27338 54 27593 55 27848 56 28104 56 28360 56 28615 57 28870 58 29126 58 29371 5 29382 58 29627 7 29638 58 29882 10 29893 59 30138 70 30394 70 30650 70 30832 2 30907 69 31087 5 31163 69 31341 8 31420 68 31597 8 31677 67 31853 8 31934 66 32108 9 32190 66 32364 8 32446 66 32619 9 32702 66 32873 11 32958 66 33128 13 33214 66 33384 15 33470 66 33639 16 33726 66 33894 17 33985 63 34149 18 34244 60 34405 18 34500 60 34661 18 34757 59 34916 18 35014 58 35172 18 35270 58 35428 17 35527 57 35683 18 35784 56 35937 21 36043 53 36190 24 36300 45 36348 4 36445 26 36556 43 36604 4 36701 26 36812 42 36861 3 36957 27 37068 41 37119 1 37213 27 37323 41 37469 27 37578 41 37725 27 37834 41 37982 26 38090 41 38238 25 38345 43 38494 25 38600 45 38751 23 38853 48 39008 22 39108 49 39267 19 39364 49 39524 19 39619 50 39780 19 39875 50 40037 18 40130 51 40293 18 40386 51 40549 17 40642 51 40806 14 40898 50 41064 1 41068 2 41153 51 41324 1 41409 50 41665 50 41803 2 41921 49 41993 4 42058 3 42177 49 42248 5 42313 5 42434 48 42503 6 42569 5 42691 47 42760 5 42825 5 42884 4 42949 45 43017 3 43080 6 43137 9 43207 43 43336 5 43388 15 43464 42 43593 4 43643 17 43721 40 43850 1 43898 21 43977 40 44050 4 44154 23 44232 41 44304 10 44409 26 44488 40 44558 14 44665 27 44744 40 44813 16 44920 29 44999 41 45068 19 45177 29 45255 40 45323 21 45433 29 45511 39 45579 22 45689 29 45767 37 45835 23 45946 28 46022 23 46046 8 46091 24 46202 28 46279 21 46303 7 46347 24 46457 29 46535 20 46560 5 46604 23 46712 30 46792 18 46817 4 46860 23 46967 31 47048 18 47116 23 47223 32 47306 14 47372 22 47478 33 47567 6 47628 22 47734 33 47885 20 47990 32 48142 19 48246 32 48399 18 48502 31 48657 16 48759 28 48916 2 48921 9 49015 25 49177 9 49271 23 49434 8 49528 21 49690 8 49784 18 49946 7 50040 16 50203 6 50298 14 50460 3 50555 13 50813 10 51070 8 51327 5 51806 1 52060 4 52315 6 52571 6 52826 8 53082 8 53337 9 53593 9 53849 8 54105 7 54361 6 54618 4 55382 2 55636 7 55870 4 55888 15 56125 6 56141 19 56379 9 56395 22 56632 13 56648 25 56887 43 57143 43 57397 46 57650 50 57905 51 58160 53 58415 54 58671 54 58927 53 59183 53 59439 53 59695 53 59951 53 60209 51 60467 49 60723 52 60979 55 61235 55 61491 56 61747 56 62004 55 62260 55 62515 55 62771 55 63027 55 63283 54 63540 10 63551 41 63797 8 63809 15 63835 13 64057 2 64066 9 64092 11 64350 8 64580 1 64610 3 64836 3 65092 4 65347 6
000019,0 65536
000020,0 65536
000021,0 102 256 62 321 37 512 60 578 36 768 59 835 34 1024 59 1092 33 1280 59 1352 27 1536 58 1610 22 1792 57 1870 18 2048 57 2129 15 2304 55 2384 16 2560 41 2603 11 2640 16 2816 41 2860 6 2896 15 3072 41 3152 15 3328 41 3408 14 3584 41 3664 10 3840 41 3921 5 4096 41 4352 41 4608 40 4864 39 5120 39 5376 38 5632 37 5888 36 6144 36 6400 35 6656 34 6912 18 6931 13 7168 17 7187 12 7424 16 7445 9 7680 16 7702 7 7936 16 8192 16 8448 16 8704 16 8960 16 9216 16 9472 16 9728 16 9984 15 10240 15 10496 15 10752 15 11008 14 11264 14 11520 13 11776 12 12032 7 12288 4 12544 2 17000 5 17253 9 17492 3 17504 14 17748 3 17757 18 18004 3 18012 20 18036 3 18259 4 18267 29 18515 4 18521 32 18770 40 19025 41 19280 43 19535 44 19791 44 20046 46 20301 48 20556 50 20811 52 21066 54 21322 54 21577 56 21833 56 22088 58 22343 58 22599 58 22854 60 23110 60 23366 61 23621 63 23876 66 24131 69 24387 69 24643 70 24899 70 25155 71 25411 71 25668 70 25924 70 26181 69 26437 69 26693 68 26949 68 27204 69 27460 69 27716 69 27972 69 28229 7 28237 60 28493 59 28749 58 29005 58 29261 58 29517 57 29773 57 30029 56 30285 55 30540 55 30796 53 31052 52 31309 51 31566 49 31824 2 31829 41 32086 39 32343 36 32599 32 32856 29 33113 5 33121 19 33378 17 33635 15 33891 14 34147 7 34404 5 48376 2 48625 10 48880 13 49135 14 49391 14 49648 14 49882 5 49888 7 49904 14 50136 16 50160 16 50390 19 50416 16 50645 20 50672 16 50900 21 50928 16 51156 22 51183 17 51412 23 51439 17 51668 44 51923 45 52179 45 52434 46 52690 46 52946 46 53202 46 53460 44 53720 40 53976 40 54232 40 54488 20 54511 17 54744 18 54769 15 55000 13 55028 12 55256 12 55285 11 55512 11 55541 11 55767 11 55797 11 56023 9 56052 12 56280 7 56308 12 56537 5 56564 12 56795 1 56820 12 57077 11 57335 9 57592 8 57848 8 58104 8 58360 8 58615 9 58871 9 59128 8 59384 8 59642 6 59828 1 59900 4 60156 4 60412 4 60668 4 60925 3 61180 4 61436 4 61692 4 61948 4 62204 4 62459 5 62716 4 62972 4 63229 3
000022,46061 1 46311 9 46565 13 46820 25 47075 29 47331 29 47586 30 47842 30 48098 30 48355 29 48612 28 48869 27 49125 27 49382 26 49638 26 49895 25 50151 25 50408 24 50664 16 50682 6 50921 12 50938 6 51178 10 51194 6 51435 8 51450 11 51695 1 51706 12 51963 11 52001 5 52188 6 52219 10 52255 9 52443 8 52458 4 52475 10 52510 12 52523 4 52698 11 52713 11 52732 8 52763 22 52891 4 52954 28 52988 8 53019 23 53145 7 53205 3 53210 29 53244 8 53274 25 53398 10 53459 39 53500 8 53530 14 53545 10 53653 11 53714 50 53787 13 53801 10 53907 13 53970 49 54043 12 54057 9 54161 14 54225 11 54238 37 54299 12 54314 8 54415 16 54479 14 54494 36 54555 12 54570 7 54670 17 54731 53 54811 12 54825 7 54926 17 54985 55 55067 20 55140 1 55181 19 55237 59 55323 20 55392 8 55437 25 55492 60 55567 3 55580 19 55647 11 55690 29 55747 61 55821 35 55901 14 55943 32 56002 62 56076 38 56156 15 56198 34 56256 64 56331 23 56356 15 56411 17 56454 34 56510 66 56587 19 56612 16 56666 18 56709 37 56764 68 56843 19 56867 17 56922 18 56964 40 57019 69 57098 42 57178 17 57219 41 57274 70 57354 43 57434 17 57470 47 57530 70 57609 44 57691 15 57725 49 57786 70 57863 46 57916 1 57948 22 57979 51 58042 70 58118 48 58170 5 58206 21 58233 53 58297 71 58373 49 58427 4 58461 23 58486 56 58553 71 58628 51 58684 3 58716 82 58806 74 58883 52 58971 84 59059 77 59138 53 59199 10 59225 167 59394 53 59454 11 59479 169 59650 53 59710 11 59735 169 59906 53 59965 12 59989 171 60161 54 60221 12 60245 171 60417 55 60478 11 60500 228 60735 9 60754 109 60865 118 60994 6 61007 111 61122 117 61262 111 61379 115 61517 113 61635 115 61773 115 61891 114 62029 117 62147 113 62285 231 62540 230 62795 228 63048 228 63303 228 63557 226 63812 226 64067 226 64322 226 64577 226 64833 224 65089 219 65345 191
000023,1 38 78 16 97 54 241 15 257 39 334 16 352 55 496 16 513 40 591 15 607 56 705 1 752 16 769 41 848 70 951 3 958 6 1008 16 1026 41 1106 5 1116 58 1206 16 1264 16 1282 42 1372 19 1393 37 1461 17 1520 16 1539 41 1627 17 1650 37 1716 19 1777 15 1797 40 1880 20 1906 37 1971 20 2034 14 2054 39 2136 20 2162 38 2227 20 2290 14 2310 39 2391 19 2419 37 2482 22 2547 13 2566 39 2647 18 2675 37 2738 23 2804 12 2822 39 2903 15 2932 35 2993 24 3060 12 3078 40 3159 14 3188 34 3249 25 3317 11 3334 6 3344 30 3416 9 3445 32 3504 27 3534 4 3572 12 3591 4 3601 29 3673 5 3701 31 3756 40 3827 13 3857 30 3958 30 4012 45 4083 13 4114 29 4214 30 4267 48 4339 13 4371 28 4471 29 4523 51 4595 13 4628 27 4727 29 4779 52 4851 13 4885 26 4982 30 5035 53 5090 4 5107 13 5142 25 5238 29 5290 61 5364 12 5399 24 5493 29 5546 62 5619 13 5657 23 5749 28 5801 64 5875 13 5913 23 6005 27 6057 65 6131 13 6170 5 6179 13 6261 26 6313 66 6387 13 6436 13 6516 26 6569 68 6643 13 6694 11 6772 26 6825 68 6899 13 6952 8 7027 27 7081 69 7156 12 7210 5 7283 27 7338 68 7412 12 7539 28 7594 22 7618 44 7668 12 7794 30 7838 2 7850 21 7874 43 7924 12 8050 30 8093 5 8107 20 8130 43 8180 12 8305 31 8349 6 8364 19 8386 41 8435 13 8561 32 8605 6 8621 18 8644 38 8692 12 8817 32 8861 6 8880 16 8901 35 8948 12 9073 32 9117 6 9137 15 9160 32 9205 11 9329 33 9374 5 9394 14 9417 31 9462 10 9555 5 9585 33 9630 5 9651 13 9674 30 9720 8 9810 7 9842 32 9887 3 9908 12 9931 29 9977 7 10066 8 10099 30 10144 6 10165 11 10187 29 10233 7 10322 13 10357 28 10401 8 10423 7 10443 29 10490 6 10577 16 10614 26 10656 12 10698 30 10746 6 10833 17 10871 24 10912 13 10954 30 11003 5 11088 22 11128 22 11168 18 11210 30 11260 4 11283 3 11342 25 11385 3 11389 16 11424 20 11467 30 11517 3 11538 5 11597 28 11652 8 11680 22 11723 31 11794 5 11852 31 11910 3 11936 22 11979 32 12050 5 12107 33 12192 23 12235 32 12306 5 12363 34 12448 23 12492 38 12619 38 12704 23 12748 39 12876 38 12960 23 13004 22 13030 14 13133 39 13214 25 13262 18 13287 14 13389 39 13469 26 13546 11 13645 40 13724 27 13802 12 13901 40 13979 28 14044 4 14058 13 14157 40 14233 30 14298 8 14314 13 14412 41 14485 34 14553 11 14570 13 14668 40 14740 34 14807 15 14825 14 14855 1 14924 40 14995 35 15062 17 15080 14 15179 41 15251 35 15317 33 15435 40 15506 36 15572 34 15690 41 15762 35 15828 35 15946 39 16017 34 16084 36 16202 39 16272 31 16340 37 16458 39 16528 31 16597 36 16715 39 16783 32 16854 35 16930 7 16971 39 17039 33 17110 35 17185 11 17227 39 17295 36 17367 33 17441 12 17483 38 17551 38 17625 29 17696 14 17738 39 17807 42 17883 24 17951 16 17994 39 18064 43 18141 21 18207 16 18250 39 18320 46 18398 20 18462 16 18506 39 18576 47 18654 20 18718 28 18762 41 18832 48 18911 20 18973 30 19019 43 19088 48 19168 20 19229 31 19275 45 19344 48 19397 1 19425 21 19485 31 19531 45 19601 48 19652 4 19681 22 19740 17 19758 15 19788 45 19857 55 19938 21 19996 17 20015 14 20044 46 20113 56 20194 21 20251 18 20271 15 20301 19 20323 23 20369 56 20451 20 20507 18 20527 15 20558 17 20581 21 20625 56 20708 19 20763 36 20815 14 20839 20 20861 4 20881 56 20964 18 21019 36 21073 5 21097 25 21138 55 21221 15 21242 3 21275 37 21353 24 21394 56 21477 13 21497 5 21531 38 21609 24 21650 37 21689 17 21734 10 21752 7 21786 39 21864 24 21904 39 21946 16 21990 10 22008 6 22041 40 22120 19 22159 39 22204 14 22245 11 22264 6 22296 41 22375 20 22414 41 22460 14 22501 12 22520 4 22551 42 22631 20 22669 43 22716 14 22756 14 22806 44 22887 19 22924 62 23012 15 23061 45 23143 11 23156 6 23179 62 23267 17 23316 22 23344 18 23400 10 23414 1 23432 64 23520 21 23572 21 23601 17 23656 8 23686 63 23773 25 23828 21 23856 18 23913 6 23943 54 23998 5 24027 27 24084 21 24112 18 24170 1 24200 52 24282 29 24341 20 24368 18 24456 52 24538 28 24597 20 24624 18 24713 51 24793 29 24854 18 24880 17 24970 10 24982 38 25048 30 25111 16 25137 16 25228 5 25239 36 25304 31 25369 13 25394 14 25476 1 25496 35 25559 34 25628 9 25651 10 25728 7 25753 34 25815 35 25886 6 25907 8 25982 9 26012 30 26071 36 26164 5 26236 12 26270 5 26278 20 26327 36 26421 3 26490 14 26535 18 26583 37 26744 16 26800 7 26839 38 26995 20 27025 5 27057 5 27096 38 27248 21 27270 1 27280 6 27299 5 27352 38 27501 23 27536 6 27554 9 27609 37 27756 23 27793 5 27810 10 27865 37 28011 23 28050 4 28066 11 28121 37 28267 23 28322 11 28378 35 28473 6 28524 23 28578 10 28635 32 28677 4 28728 8 28781 22 28835 8 28892 30 28932 6 28983 10 29038 24 29093 4 29149 28 29188 7 29238 11 29295 24 29405 28 29444 7 29493 12 29552 24 29661 29 29695 1 29700 7 29748 13 29809 23 29918 29 29950 2 29956 7 30004 12 30065 23 30174 29 30207 1 30213 6 30260 10 30313 5 30321 22 30430 30 30469 6 30517 8 30556 7 30568 31 30685 21 30708 8 30726 4 30811 9 30823 31 30941 20 30965 7 31057 4 31067 9 31079 30 31197 20 31222 6 31312 48 31452 20 31480 2 31567 47 31708 21 31823 46 31964 22 32079 48 32221 22 32335 54 32477 22 32591 59 32734 22 32846 62 32992 20 33102 63 33250 18 33357 39 33400 22 33508 16 33614 36 33656 23 33696 3 33764 17 33870 34 33912 24 33950 6 34019 18 34126 33 34167 27 34205 8 34274 19 34383 31 34422 29 34459 10 34529 21 34639 30 34677 31 34712 13 34785 21 34895 29 34932 32 34966 20 35041 22 35151 29 35187 33 35221 21 35296 22 35373 5 35406 30 35442 56 35552 22 35628 9 35661 31 35698 55 35808 21 35884 11 35917 29 35954 55 36064 20 36131 4 36140 14 36175 26 36210 56 36271 2 36320 20 36385 8 36396 15 36431 23 36466 49 36519 11 36549 2 36576 19 36638 11 36652 16 36688 21 36723 47 36773 16 36797 3 36804 5 36832 19 36893 31 36946 17 36980 46 37028 21 37053 14 37088 19 37148 32 37211 7 37237 69 37309 14 37344 19 37404 32 37494 68 37566 14 37600 18 37660 32 37750 69 37822 15 37857 17 37916 31 38006 87 38099 1 38113 16 38172 31 38261 40 38303 46 38353 6 38370 14 38428 29 38517 39 38560 45 38608 9 38627 12 38670 3 38684 28 38773 39 38816 45 38864 10 38885 9 38926 4 38941 26 39029 39 39072 46 39120 10 39146 2 39182 4 39197 26 39285 14 39307 18 39328 59 39438 3 39453 26 39541 12 39563 18 39584 60 39677 3 39694 3 39709 26 39797 11 39818 20 39840 62 39932 4 39966 24 40054 8 40074 20 40096 62 40188 4 40222 26 40251 12 40311 6 40329 21 40352 62 40444 4 40478 43 40585 20 40609 62 40700 4 40735 8 40746 31 40841 19 40866 60 40957 3 40992 5 41004 30 41097 18 41123 59 41213 3 41262 28 41354 16 41380 58 41465 7 41519 27 41612 14 41637 56 41720 8 41776 26 41869 12 41895 26 41924 24 41974 10 42033 26 42125 12 42152 24 42182 21 42229 11 42290 25 42382 10 42408 24 42438 21 42485 11 42547 28 42638 8 42663 24 42693 21 42740 12 42804 28 42895 5 42918 25 42949 21 42996 12 43061 29 43171 26 43205 20 43252 12 43318 14 43337 12 43426 22 43461 20 43508 12 43575 13 43593 13 43666 2 43681 18 43716 20 43764 12 43833 11 43849 14 43921 5 43937 16 43971 20 44020 12 44090 10 44105 15 44151 6 44176 8 44193 15 44225 22 44276 12 44346 10 44361 15 44406 9 44432 14 44449 15 44481 21 44532 12 44601 11 44617 15 44662 10 44676 1 44687 16 44705 14 44736 22 44788 12 44856 12 44873 15 44917 17 44942 32 44992 22 45044 12 45111 12 45129 15 45173 18 45198 32 45249 21 45300 12 45367 11 45385 15 45429 18 45454 24 45481 4 45506 13 45520 6 45535 4 45557 10 45623 10 45641 15 45684 18 45709 24 45763 8 45778 4 45790 7 45814 7 45879 9 45898 14 45938 20 45965 24 46020 4 46035 2 46045 8 46073 1 46136 6 46155 13 46194 19 46221 24 46300 11 46393 3 46411 12 46449 20 46478 23 46555 12 46667 12 46705 19 46734 23 46810 13 46923 12 46961 18 46990 23 47063 16 47179 11 47217 17 47245 23 47318 17 47435 10 47473 15 47501 23 47574 17 47691 8 47730 6 47757 23 47831 16 47947 6 47986 5 48012 23 48088 14 48184 1 48204 1 48268 23 48345 12 48434 8 48524 23 48602 9 48689 10 48780 23 48860 5 48943 12 49037 21 49119 1 49198 14 49213 6 49250 3 49293 21 49375 1 49451 26 49505 10 49550 20 49631 3 49706 28 49759 14 49807 7 49818 14 49834 6 49886 4 49962 28 50015 15 50064 4 50076 21 50107 4 50142 4 50218 28 50271 15 50322 2 50332 37 50399 3 50475 27 50526 16 50588 38 50656 2 50731 25 50782 16 50843 39 50988 23 51038 16 51097 42 51248 17 51294 15 51351 44 51505 8 51550 14 51605 45 51763 4 51806 12 51860 45 52062 11 52115 45 52319 9 52371 45 52575 8 52626 45 52832 7 52881 46 53089 5 53136 46 53392 45 53648 44 53904 44 54160 43 54417 42 54674 41 54931 39 55189 37 55445 36 55702 33 55959 29 56215 28 56364 1 56472 26 56618 4 56729 23 56846 4 56873 6 56896 4 56985 21 57101 6 57123 13 57150 9 57242 18 57339 1 57356 12 57377 16 57406 13 57498 16 57593 4 57611 14 57632 17 57661 20 57754 14 57849 5 57867 14 57887 19 57917 21 58011 12 58105 5 58122 16 58142 23 58173 23 58268 8 58362 4 58371 3 58377 17 58397 25 58428 26 58624 25 58652 28 58683 30 58880 24 58908 28 58939 31 59136 23 59164 63 59333 2 59392 22 59420 63 59580 13 59648 20 59676 63 59834 17 59904 16 59932 63 60087 21 60160 11 60187 64 60339 26 60416 10 60443 64 60593 28 60672 8 60698 64 60848 30 60928 7 60954 64 61103 31 61185 3 61209 65 61359 31 61466 64 61615 22 61638 5 61722 64 61871 20 61903 2 61979 63 62127 20 62158 13 62235 62 62382 20 62413 15 62435 4 62492 40 62533 20 62637 20 62666 20 62689 7 62749 10 62762 16 62781 5 62790 18 62893 20 62921 31 63005 8 63020 13 63038 3 63047 17 63148 21 63176 33 63261 7 63278 10 63307 13 63403 21 63431 34 63517 6 63535 8 63565 11 63659 21 63687 35 63774 3 63791 7 63822 9 63914 22 63942 36 64048 4 64079 7 64169 22 64197 38 64306 1 64338 1 64424 23 64452 39 64680 22 64708 39 64936 20 64964 39 65192 18 65220 37 65451 12 65476 32
000024,0 130 153 26 206 179 410 24 462 179 668 22 719 177 927 5 937 6 975 177 1232 175 1496 167 1752 167 1996 3 2007 168 2250 6 2263 168 2503 10 2521 167 2758 13 2778 166 3014 186 3270 186 3526 25 3552 159 3783 24 3810 156 3968 7 3991 5 4039 24 4066 155 4223 10 4246 7 4295 26 4322 169 4501 9 4552 195 4757 10 4808 194 5012 12 5064 193 5268 13 5321 190 5524 13 5577 189 5780 14 5834 188 6036 15 6090 187 6292 15 6331 2 6347 22 6372 161 6549 15 6568 4 6585 6 6603 21 6628 161 6805 16 6823 5 6840 8 6859 20 6883 162 7059 26 7094 10 7115 19 7139 161 7314 27 7349 12 7371 16 7395 160 7568 29 7604 16 7628 14 7651 158 7823 31 7858 20 7885 12 7906 158 8078 33 8112 23 8142 10 8162 132 8297 22 8333 59 8400 7 8418 131 8554 20 8588 60 8674 131 8810 19 8843 62 8930 131 9066 18 9098 63 9186 130 9323 16 9354 63 9443 128 9579 16 9610 63 9699 128 9836 14 9866 63 9956 127 10093 13 10122 63 10212 127 10351 10 10378 63 10469 126 10634 64 10724 128 10890 64 10980 128 11145 66 11236 129 11400 68 11492 130 11655 69 11748 131 11911 69 12005 131 12166 70 12261 132 12399 4 12422 70 12518 132 12653 7 12678 69 12774 132 12908 8 12934 68 13030 143 13191 66 13286 144 13436 1 13448 64 13543 143 13690 4 13707 61 13799 151 13968 55 14057 149 14224 55 14313 149 14480 37 14519 15 14569 149 14735 37 14776 14 14826 149 14991 37 15033 12 15082 149 15248 36 15289 12 15338 149 15504 36 15546 11 15593 150 15762 34 15802 11 15849 138 15992 6 16019 33 16058 11 16106 129 16237 4 16250 3 16275 32 16314 11 16362 128 16532 30 16571 11 16619 127 16788 29 16827 10 16876 125 17045 26 17084 9 17133 123 17302 24 17342 6 17391 119 17559 16 17650 114 17815 15 17908 94 18003 6 18012 6 18071 14 18166 87 18272 1 18328 13 18424 83 18584 13 18684 78 18841 12 18881 2 18941 77 19098 10 19135 6 19200 74 19356 7 19390 8 19456 74 19633 5 19646 9 19712 74 19888 8 19901 10 19968 74 20143 9 20157 10 20224 75 20383 5 20395 14 20412 11 20480 76 20638 7 20648 31 20736 76 20894 41 20992 76 21149 42 21248 76 21405 43 21504 76 21660 45 21760 76 21914 49 22016 77 22160 2 22169 51 22272 77 22386 4 22416 5 22424 53 22528 77 22641 6 22671 63 22784 78 22897 7 22928 63 23040 78 23152 9 23185 63 23296 78 23408 10 23443 63 23552 78 23664 11 23701 62 23807 79 23920 12 23959 60 24062 81 24176 14 24217 59 24316 83 24433 17 24475 57 24572 83 24689 17 24747 41 24828 83 24945 21 25002 42 25084 83 25201 22 25258 42 25340 83 25457 23 25514 41 25596 83 25714 22 25770 40 25852 82 25970 22 26026 39 26108 82 26226 23 26283 38 26364 81 26483 23 26539 38 26620 80 26740 22 26795 37 26876 79 26996 21 27052 36 27132 61 27199 11 27252 20 27308 35 27388 59 27455 12 27507 21 27564 34 27643 57 27712 12 27750 3 27763 21 27820 32 27898 58 27967 16 28004 6 28018 22 28075 31 28153 58 28223 17 28259 7 28273 23 28330 30 28409 58 28478 18 28514 9 28527 25 28586 30 28664 59 28733 21 28769 40 28841 31 28919 60 28989 21 29023 42 29097 31 29175 61 29244 22 29278 43 29352 32 29430 62 29499 25 29533 44 29608 32 29679 3 29685 64 29754 26 29789 44 29864 32 29933 72 30010 26 30044 45 30120 32 30188 73 30266 26 30300 45 30377 31 30443 73 30522 26 30556 45 30633 20 30654 10 30699 73 30778 26 30811 45 30890 12 30912 9 30954 73 31034 26 31067 45 31147 11 31169 8 31210 72 31290 27 31322 46 31405 9 31426 8 31466 72 31546 28 31578 46 31662 8 31682 8 31722 71 31803 27 31834 46 31919 7 31938 8 31978 71 32060 76 32176 6 32194 7 32234 72 32317 75 32433 5 32450 6 32491 71 32573 75 32690 3 32707 4 32747 72 32829 33 32865 39 33004 72 33085 33 33121 39 33260 72 33341 33 33379 37 33516 73 33597 33 33636 35 33773 72 33853 38 33893 34 34030 72 34110 37 34149 34 34287 71 34367 36 34405 34 34544 70 34624 72 34735 6 34800 70 34884 69 34990 8 35007 1 35016 2 35056 70 35141 68 35246 9 35261 5 35271 5 35313 68 35399 67 35502 10 35516 7 35526 6 35569 68 35656 28 35685 36 35758 10 35772 8 35781 8 35826 66 35912 28 35942 35 36015 9 36027 18 36083 65 36164 32 36198 34 36272 9 36282 9 36292 9 36340 64 36419 32 36455 31 36529 8 36538 9 36549 8 36596 65 36674 33 36711 30 36772 3 36786 6 36794 9 36806 7 36853 65 36929 34 36967 20 36990 3 37027 6 37050 9 37062 6 37111 64 37183 37 37222 21 37282 7 37306 9 37318 6 37376 56 37435 41 37478 21 37531 14 37563 7 37573 6 37632 123 37785 16 37820 4 37828 7 37888 124 38037 20 38083 8 38144 124 38292 20 38338 9 38400 124 38547 21 38593 11 38656 125 38798 25 38849 12 38912 125 39051 28 39104 14 39167 126 39306 28 39360 15 39423 127 39561 29 39615 17 39678 129 39817 28 39871 18 39933 135 40072 29 40125 21 40189 168 40380 23 40444 170 40631 29 40701 168 40884 32 40957 168 41138 35 41216 165 41394 36 41472 165 41650 38 41728 164 41905 40 41984 163 42161 41 42240 163 42418 41 42496 162 42675 40 42752 162 42932 39 43008 162 43190 16 43208 19 43264 162 43447 14 43464 19 43517 166 43703 13 43720 19 43747 5 43772 168 43960 8 43976 19 44001 8 44028 170 44218 4 44231 19 44257 8 44283 171 44475 1 44487 19 44512 9 44538 172 44744 18 44767 10 44787 3 44794 173 45000 17 45023 10 45040 183 45256 16 45279 10 45295 184 45513 8 45535 10 45550 185 45771 2 45791 10 45806 185 46048 11 46060 187 46305 198 46562 198 46819 197 47076 197 47333 197 47589 199 47844 201 48099 202 48354 203 48610 203 48865 203 49121 203 49376 204 49632 204 49888 205 50145 204 50401 30 50432 176 50643 3 50658 27 50688 182 50898 6 50915 25 50944 183 51154 9 51172 23 51200 184 51409 12 51429 21 51456 185 51665 12 51687 18 51712 185 51920 14 51944 16 51968 185 52176 15 52200 15 52224 122 52351 59 52432 15 52456 15 52480 120 52612 54 52688 16 52712 14 52736 119 52868 55 52945 17 52968 13 52992 119 53124 55 53201 18 53225 12 53248 119 53380 55 53456 20 53482 11 53504 119 53635 55 53711 22 53739 10 53760 119 53891 55 53967 22 53996 9 54016 118 54147 54 54223 22 54253 8 54272 118 54403 54 54479 22 54509 9 54528 118 54659 53 54735 22 54765 10 54784 117 54915 53 54991 21 55021 11 55040 117 55170 54 55247 20 55276 12 55296 117 55426 54 55502 20 55532 12 55552 117 55681 55 55758 19 55788 13 55808 118 55936 56 56013 20 56044 13 56064 119 56192 56 56268 22 56301 13 56320 119 56448 55 56516 31 56557 14 56576 120 56705 54 56771 33 56814 14 56832 120 56962 51 57026 35 57070 15 57088 120 57219 48 57282 35 57327 14 57344 119 57476 46 57537 36 57585 11 57600 118 57734 43 57793 36 57842 10 57856 118 57991 41 58049 37 58100 6 58112 117 58248 39 58305 37 58368 117 58504 38 58562 36 58624 116 58761 36 58819 36 58880 114 59017 36 59074 37 59136 108 59273 36 59329 39 59392 107 59529 35 59584 41 59648 106 59786 34 59839 42 59904 104 60043 32 60095 42 60160 103 60300 30 60349 44 60416 102 60557 28 60600 49 60672 102 60814 26 60854 50 60928 103 61071 25 61102 4 61109 50 61184 104 61328 24 61357 57 61440 104 61584 25 61613 56 61696 105 61840 25 61868 56 61939 4 61952 105 62095 26 62124 56 62194 5 62208 105 62350 28 62379 57 62449 7 62464 105 62605 87 62705 7 62720 105 62860 88 62961 7 62976 105 63115 89 63217 8 63232 103 63371 89 63473 8 63488 101 63608 2 63626 91 63730 8 63744 100 63862 6 63876 4 63881 92 63986 9 64000 100 64117 9 64131 98 64242 9 64256 100 64373 11 64385 101 64498 9 64512 101 64629 113 64755 7 64768 101 64884 114 65012 6 65024 101 65140 113 65269 3 65280 101 65396 111
000025,32755 3 33010 5 33266 6 33522 6 33534 2 33780 4 33789 3 34037 3 34044 4 34299 5 34555 5 34811 5 35067 5 35323 5 35580 4 35836 4 36093 3 36349 3 36605 3 36861 3 37116 4 37372 4 37628 4 37884 4 38140 4 38393 7 38648 8 38904 8 39160 8 39415 9 39671 9 39927 9 40184 8 40440 8 40697 7 40954 6 41211 5 41469 3 49141 5 49396 7 49652 8 49908 9 50164 9 50417 1 50420 9 50672 3 50677 8 50927 6 50934 7 51182 15 51437 17 51693 18 51949 19 52204 20 52461 19 52717 19 52975 17 53232 16 53489 15 53746 14 54002 14 54259 13 54516 12 54773 11 55030 10 55288 8 55544 8 55800 8 56056 8 56312 8 56568 8 56824 8 57080 8 57336 8 57592 8 57848 8 58104 8 58360 8 58616 8 58872 8 59128 8 59384 8 59641 7 59897 7 60153 7 60409 7 60665 7 60921 7 61177 7 61434 6 61688 8 61943 9 62198 10 62454 10 62710 10 62966 10 63221 11 63477 11 63733 11 63988 12 64244 12 64500 12 64756 12 65013 11 65269 11 65526 10
000026,61855 6 62109 9 62364 11 62619 13 62874 15 63130 16 63386 17 63620 7 63642 17 63875 10 63898 18 64129 13 64154 19 64385 14 64410 20 64641 15 64666 21 64897 16 64922 21 65154 15 65178 21 65410 15 65434 21
000027,150 13 407 12 663 12 921 9 1178 7 1436 4 4956 4 5210 8 5464 11 5719 13 5974 17 6230 17 6486 18 6743 18 6999 18 7255 18 7511 19 7767 19 8023 18 8279 18 8535 17 8792 14 9048 13 9305 9 9562 7 9572 1 9818 4 9827 2 10084 1 10174 4 10216 4 10340 1 10429 7 10469 7 10684 9 10723 10 10940 10 10978 11 11189 3 11194 13 11234 11 11443 20 11488 12 11695 25 11741 15 11950 26 11997 15 12205 27 12252 16 12461 27 12508 15 12678 1 12716 28 12763 16 12785 2 12931 7 12972 27 13018 18 13039 5 13185 11 13227 28 13274 27 13440 13 13483 28 13530 28 13668 2 13695 14 13739 30 13785 29 13922 6 13950 14 13996 30 14041 29 14177 8 14206 14 14252 31 14296 31 14433 9 14461 15 14508 33 14552 31 14688 10 14717 15 14764 38 14808 31 14844 4 14944 10 14972 16 15020 39 15067 28 15099 5 15200 8 15217 6 15226 19 15276 40 15324 28 15354 6 15456 7 15470 31 15532 40 15581 35 15714 3 15724 33 15787 42 15838 34 15979 34 16043 42 16095 33 16235 33 16299 42 16353 31 16491 32 16554 44 16612 28 16747 31 16808 47 16868 28 17003 31 17062 49 17125 27 17260 30 17317 51 17382 26 17517 28 17572 53 17640 24 17773 28 17826 53 17897 23 18029 28 18082 52 18153 23 18284 28 18337 52 18408 24 18540 28 18592 52 18663 25 18796 28 18848 51 18918 26 19052 28 19104 51 19174 26 19294 4 19309 27 19360 51 19429 27 19549 6 19566 8 19575 17 19616 51 19685 27 19805 8 19824 5 19833 15 19872 51 19940 28 20061 9 20089 16 20128 51 20196 28 20317 10 20345 16 20385 50 20451 29 20573 11 20601 15 20642 11 20655 36 20706 29 20829 11 20857 14 20898 10 20912 35 20962 28 21062 4 21085 12 21114 9 21155 9 21168 35 21217 28 21315 8 21340 13 21371 5 21413 5 21426 33 21473 27 21571 9 21596 13 21686 28 21730 25 21826 10 21852 14 21944 26 21987 23 22082 10 22108 14 22201 25 22245 16 22338 10 22364 14 22458 24 22502 15 22594 10 22620 13 22716 22 22759 12 22850 10 22877 11 22972 22 23015 11 23106 10 23134 9 23228 22 23272 5 23363 9 23391 6 23484 24 23620 7 23739 26 23879 3 23995 26 24250 28 24319 1 24506 27 24572 4 24700 2 24761 28 24825 7 24942 4 25017 28 25079 9 25197 6 25273 28 25334 10 25452 8 25529 27 25588 12 25708 8 25785 27 25843 13 25963 9 26039 29 26099 13 26218 11 26285 5 26293 30 26354 14 26472 13 26540 40 26611 13 26728 13 26795 19 26816 20 26867 13 26983 14 27050 19 27072 20 27124 12 27239 13 27305 19 27328 20 27380 12 27496 13 27561 17 27584 20 27637 11 27752 13 27816 15 27839 20 27893 11 28009 13 28072 15 28093 22 28150 10 28265 13 28328 15 28348 23 28412 4 28521 14 28578 2 28584 43 28777 14 28833 3 28839 44 29033 15 29089 3 29095 44 29289 15 29352 43 29545 14 29608 43 29801 14 29864 43 30056 14 30121 41 30312 14 30377 38 30569 12 30633 34 30825 12 30890 32 31081 12 31146 32 31337 12 31407 6 31417 17 31594 10 31674 15 31850 9 31930 15 32107 6 32187 13 32364 4 32444 10 32701 7 34382 7 34636 11 34891 13 35147 14 35402 16 35658 16 35914 16 36169 17 36426 16 36682 16 36938 15 37194 15 37451 12 37709 9 37969 3 38883 6 39137 12 39383 23 39629 34 39741 5 39883 36 39996 8 40138 38 40251 11 40394 38 40507 14 40649 39 40763 15 40905 39 41019 16 41160 39 41276 15 41416 39 41533 14 41672 39 41789 14 41927 40 42046 13 42182 40 42302 12 42438 40 42518 4 42559 9 42693 41 42774 4 42816 3 42949 41 43030 5 43205 41 43288 2 43326 3 43460 42 43582 5 43716 43 43838 5 43972 43 44094 6 44228 43 44350 6 44484 43 44607 5 44740 43 44863 4 44997 42 45254 40 45511 38 45768 32 46025 30 46281 30 46537 30 46793 30 47048 31 47304 32 47559 33 47815 34 48071 34 48327 34 48583 34 48839 34 49095 34 49351 34 49606 35 49862 35 50117 36 50372 37 50627 39 50882 41 51137 42 51391 26 51418 17 51646 25 51680 10 51901 26 51938 6 52157 25 52375 10 52412 26 52630 12 52668 25 52885 14 52924 25 53141 15 53180 24 53396 16 53436 24 53528 2 53652 16 53692 25 53783 5 53907 17 53947 26 54039 5 54163 17 54203 27 54291 9 54418 18 54459 31 54546 10 54673 19 54715 32 54801 10 54926 22 54954 1 54972 33 55057 10 55181 24 55208 5 55230 32 55313 10 55437 24 55464 5 55487 31 55569 10 55692 25 55720 4 55744 30 55825 9 55948 17 55970 2 55976 4 56000 30 56080 10 56202 19 56233 2 56256 30 56298 7 56336 9 56452 26 56505 5 56513 29 56552 12 56592 7 56707 27 56760 7 56770 27 56808 13 56848 6 56961 30 57016 8 57026 27 57064 14 57104 6 57216 32 57271 9 57283 25 57320 15 57361 4 57472 33 57528 7 57539 25 57576 15 57727 35 57785 6 57795 25 57832 16 57983 35 58042 4 58052 24 58088 16 58239 36 58308 24 58343 18 58494 37 58565 11 58578 10 58599 19 58750 38 58821 10 58835 8 58855 22 59006 38 59078 8 59093 4 59111 25 59263 37 59334 7 59368 24 59519 37 59591 5 59624 24 59776 36 59848 4 59879 25 60032 36 60134 26 60289 36 60389 27 60546 34 60644 28 60803 33 60899 29 61060 8 61073 19 61155 29 61318 4 61331 16 61411 29 61588 14 61667 29 61847 2 61854 2 61923 29 62179 29 62435 29 62691 29 62946 30 63202 30 63458 30 63714 30 63970 30 64225 31 64481 31 64737 31 64994 30 65250 30 65507 29
000028,0 65536
000029, 
000030,0 65536
000031, 
000032,0 65536
000033, 
000034,199 57 453 59 709 59 964 60 1220 60 1477 59 1733 59 1989 59 2246 58 2502 58 2758 58 3013 59 3269 59 3524 60 3779 61 4034 62 4289 63 4544 64 4800 64 5055 65 5310 66 5566 66 5822 66 6079 65 6336 64 6592 64 6848 64 7103 65 7352 3 7358 66 7597 4 7608 3 7614 66 7850 8 7864 72 8099 18 8120 72 8354 94 8610 94 8865 95 9121 95 9378 94 9634 94 9890 94 10146 94 10402 94 10658 94 10913 95 11169 95 11424 96 11680 96 11935 97 12190 98 12446 98 12701 99 12956 100 13212 100 13467 101 13723 101 13979 101 14234 102 14490 102 14746 102 15001 103 15256 104 15512 104 15767 105 16023 105 16279 105 16535 105 16791 105 17047 105 17303 105 17559 105 17815 105 18071 105 18327 105 18584 104 18840 104 19096 104 19352 104 19608 104 19864 104 20120 104 20376 104 20632 104 20889 103 21145 103 21401 103 21657 103 21913 103 22169 103 22424 104 22680 104 22936 104 23192 104 23447 105 23703 105 23958 106 24214 106 24469 107 24725 107 24981 107 25237 107 25492 108 25747 109 26003 109 26259 109 26515 109 26770 110 27026 110 27281 111 27537 111 27793 111 28050 110 28306 110 28562 110 28818 110 29074 110 29330 110 29585 111 29841 111 30098 110 30354 65 30426 38 30611 63 30683 37 30867 61 30940 36 31123 59 31197 35 31378 59 31454 34 31634 55 31712 32 31890 54 31968 32 32146 52 32225 31 32402 44 32451 1 32481 31 32658 39 32738 30 32914 30 32995 29 33170 19 33252 28 33426 17 33508 28 33682 13 33771 21 33938 12 34030 18 34195 9 34287 17 34451 3 34544 16 34807 9 35064 8 35321 7 35577 7 35834 6 36090 6 36347 5 36604 4 36861 3 37118 2 37375 1 54841 2 55096 3 55352 3 55608 3
000035,32 124 170 42 228 28 285 128 426 43 484 28 540 129 683 45 739 29 790 136 939 47 995 29 1040 143 1196 47 1251 29 1295 144 1453 47 1506 30 1549 147 1709 47 1762 30 1793 159 1966 49 2016 193 2222 244 2479 244 2736 244 2993 244 3249 245 3506 249 3764 249 4021 249 4278 249 4537 246 4794 245 5050 246 5306 246 5562 247 5818 254 6075 254 6331 255 6588 1097 7687 11 7699 242 7945 8 7956 236 8193 4 8203 4 8213 235 8449 5 8469 242 8725 243 8981 244 9238 244 9495 243 9753 231 9985 10 10011 229 10242 9 10267 229 10500 7 10523 229 10757 7 10778 230 11015 5 11031 233 11274 3 11285 235 11539 237 11794 238 12050 238 12305 239 12560 240 12816 240 13072 240 13328 241 13585 241 13841 242 14097 244 14353 246 14610 246 14866 252 15122 254 15378 3716 19097 253 19352 254 19607 2342 21950 253 22208 250 22465 248 22721 247 22978 245 23234 243 23490 235 23745 224 24001 185 24189 32 24256 185 24447 7 24457 19 24512 184 24718 13 24768 185 24975 11 25024 185 25231 10 25279 188 25489 7 25536 187 25747 3 25792 188 26048 188 26304 189 26560 189 26815 190 27070 190 27326 190 27521 2 27582 188 27776 5 27838 188 28031 7 28095 186 28287 8 28352 186 28543 17 28609 185 28799 19 28865 187 29055 20 29121 187 29312 20 29377 188 29569 20 29632 191 29825 21 29888 215 30144 215 30399 217 30656 217 30912 219 31169 223 31426 224 31682 226 31937 229 32193 230 32449 231 32704 234 32960 236 33215 238 33471 239 33727 241 33982 244 34237 247 34492 249 34748 250 35003 251 35259 252 35515 252 35771 254 36027 255 36283 1278 37563 3829 41396 250 41654 248 41911 247 42168 246 42425 245 42683 243 42939 243 43195 243 43450 244 43706 244 43962 244 44218 243 44474 243 44730 243 44986 242 45241 243 45497 243 45751 246 46004 1416 47421 254 47678 1 47682 249 47939 248 48196 247 48453 247 48710 246 48966 246 49223 245 49479 245 49735 245 49992 197 50194 42 50249 193 50451 41 50506 191 50707 42 50763 190 50964 42 51020 188 51221 40 51278 4 51283 181 51477 40 51539 180 51734 38 51795 178 51991 37 52052 172 52249 34 52308 172 52506 33 52564 172 52763 32 52820 172 53019 32 53077 171 53275 32 53332 172 53531 33 53588 172 53787 33 53844 172 54043 34 54099 173 54300 35 54355 173 54556 36 54610 174 54790 1 54814 36 54865 175 55044 7 55071 35 55120 176 55299 9 55329 33 55375 177 55554 12 55586 33 55631 177 55809 18 55841 34 55886 178 56065 22 56097 34 56140 206 56353 35 56394 209 56609 36 56649 211 56865 252 57121 2619 59741 255 59997 423 60425 247 60683 245 60939 245 61185 3098 64291 248 64548 248 64805 247 65061 247 65317 219
000036,0 65536
000037,7217 5 7472 8 7728 9 7984 9 8240 9 8497 8 8754 6 9012 2 46154 1 46409 5 46664 6 46920 7 47176 7 47432 7 47689 5 47946 3
000038,38656 1 38912 3 39168 3 39424 3 39680 3 39936 3 40192 2 40448 2 46875 1 47131 1
000039,0 65536
000040,0 65536
000041,0 65536
000042,0 6 91 19 147 12 177 3 241 20 347 19 404 10 432 4 496 20 603 19 660 9 687 6 752 19 856 21 918 3 942 8 1007 18 1112 21 1198 9 1260 20 1371 17 1453 15 1515 21 1629 15 1709 33 1771 21 1895 4 1965 34 2003 1 2026 22 2220 36 2258 4 2282 22 2476 47 2538 22 2732 48 2794 22 2988 48 3048 24 3245 46 3304 24 3503 44 3559 25 3760 43 3814 26 3891 7 4016 43 4070 26 4146 9 4272 43 4326 26 4402 11 4528 44 4582 26 4658 17 4784 44 4839 25 4915 17 5040 45 5096 24 5171 19 5192 1 5296 45 5352 24 5428 25 5553 44 5609 23 5684 26 5809 44 5865 23 5940 26 6064 46 6123 21 6195 28 6319 47 6380 20 6450 29 6571 51 6638 18 6705 31 6826 52 6896 16 6959 33 7081 53 7152 16 7214 34 7336 54 7408 16 7470 34 7592 54 7664 16 7726 34 7847 55 7920 16 7982 34 8096 2 8102 55 8177 15 8239 33 8351 62 8434 14 8495 34 8608 60 8690 14 8751 35 8864 59 8947 13 9007 35 9121 56 9204 12 9263 35 9377 55 9461 11 9520 34 9634 53 9718 10 9777 33 9891 51 9974 10 10034 32 10148 48 10230 10 10291 31 10405 46 10486 10 10548 29 10661 44 10742 10 10806 26 10918 39 10998 10 11065 20 11175 37 11254 10 11321 16 11433 34 11510 10 11578 14 11695 26 11767 9 11835 12 11952 23 12023 9 12093 9 12209 20 12281 7 12352 5 12466 17 12540 4 12723 16 12980 4 12987 7 13136 8 13244 6 13388 13 13501 3 13507 3 13643 15 13757 15 13898 16 14013 16 14095 2 14144 2 14151 19 14269 17 14341 5 14349 6 14399 5 14405 22 14524 18 14595 16 14655 28 14689 2 14780 19 14851 17 14911 29 14945 3 15036 20 15106 18 15167 29 15201 2 15292 20 15361 19 15422 31 15548 21 15616 21 15677 33 15805 20 15872 21 15932 34 16062 20 16128 21 16185 38 16318 20 16384 21 16440 39 16575 19 16640 21 16695 41 16831 18 16896 21 16951 41 17085 1 17087 18 17152 21 17207 40 17339 21 17408 20 17462 40 17529 2 17544 5 17552 3 17595 20 17664 20 17717 40 17783 5 17798 14 17850 21 17920 19 17972 40 18037 8 18053 16 18106 8 18118 7 18176 20 18227 35 18293 9 18309 16 18362 7 18432 20 18483 30 18548 11 18564 17 18618 7 18688 20 18739 29 18805 11 18820 18 18874 7 18944 20 18994 30 19061 33 19131 5 19200 20 19250 29 19317 33 19456 19 19505 30 19568 1 19574 22 19599 7 19712 19 19761 30 19822 6 19831 22 19855 7 19968 17 20016 30 20077 7 20088 21 20112 6 20224 17 20271 30 20333 33 20369 9 20480 17 20527 30 20588 34 20628 13 20736 18 20782 31 20844 35 20884 15 20992 18 21038 27 21068 1 21100 35 21140 16 21248 19 21294 26 21324 3 21356 35 21394 20 21504 19 21551 24 21581 2 21612 36 21649 21 21760 20 21808 22 21836 3 21868 58 22016 20 22065 19 22091 4 22124 59 22272 20 22321 19 22344 2 22349 1 22358 3 22380 58 22528 20 22578 16 22597 6 22612 6 22636 58 22784 20 22834 16 22851 10 22867 7 22892 58 23040 19 23091 27 23123 8 23149 57 23296 19 23347 40 23405 57 23552 18 23603 40 23661 58 23754 6 23808 17 23858 42 23917 59 24008 9 24023 1 24069 12 24114 42 24173 60 24262 13 24276 6 24327 8 24370 42 24429 61 24518 21 24626 42 24685 63 24773 23 24883 41 24941 51 24999 3 25029 24 25139 41 25197 50 25285 24 25395 40 25453 51 25541 25 25652 39 25710 51 25798 24 25909 38 25966 54 26054 24 26166 36 26223 53 26312 21 26422 36 26479 54 26568 21 26679 33 26736 53 26827 18 26934 33 26993 53 27084 16 27184 34 27250 52 27341 15 27439 37 27511 47 27597 14 27695 38 27768 47 27853 13 27952 41 28024 47 28110 11 28208 43 28280 47 28366 10 28465 43 28536 47 28624 7 28722 42 28792 46 28979 41 29047 47 29236 40 29303 46 29494 39 29559 46 29755 5 29763 26 29815 45 30017 28 30071 45 30273 27 30327 45 30528 28 30584 44 30783 29 30840 44 31038 29 31097 42 31293 30 31353 41 31549 31 31609 41 31805 39 31865 40 32062 38 32120 41 32319 37 32375 41 32576 36 32630 42 32832 35 32886 39 33089 34 33142 37 33345 33 33398 36 33602 32 33655 34 33860 30 33912 33 34117 29 34169 31 34375 26 34427 27 34637 20 34685 16 34902 11 34943 11 35159 10 35202 7 35416 9 35673 8 35821 11 35929 8 36075 14 36186 6 36329 17 36443 4 36583 20 36827 3 36838 26 37082 6 37093 27 37338 7 37348 28 37593 8 37604 28 37748 3 37843 4 37848 11 37860 28 38001 7 38098 46 38257 8 38353 47 38512 10 38608 48 38766 13 38864 48 39020 18 39120 48 39275 20 39377 47 39531 20 39633 47 39787 20 39890 46 40043 20 40146 46 40300 19 40402 46 40556 19 40658 46 40812 19 40914 46 41068 20 41170 46 41321 23 41426 46 41575 25 41682 46 41830 26 41938 46 42086 26 42194 46 42341 27 42449 46 42505 2 42595 29 42704 38 42745 5 42760 4 42849 30 42960 37 43003 1 43016 5 43104 31 43216 37 43271 6 43359 32 43472 37 43526 7 43615 32 43728 37 43780 9 43870 8 43879 24 43984 38 44035 11 44126 6 44137 23 44240 38 44290 12 44382 6 44393 22 44496 38 44546 13 44638 6 44650 20 44751 39 44801 14 44894 6 44907 17 45006 40 45057 14 45151 5 45163 13 45261 39 45312 15 45407 5 45420 12 45516 34 45568 15 45664 5 45677 11 45772 11 45786 19 45824 15 45912 3 45921 3 45934 9 46028 9 46045 15 46080 15 46168 3 46191 7 46284 7 46303 12 46337 14 46424 3 46449 3 46541 4 46560 11 46572 8 46593 15 46680 3 46818 20 46849 14 47075 4 47080 15 47102 2 47105 14 47336 16 47356 18 47592 17 47610 18 47848 34 48104 31 48361 28 48617 23 48872 24 49128 24 49384 24 49640 24 49897 23 50152 24 50408 24 50663 25 50918 26 51173 27 51428 28 51684 28 51827 5 51939 29 52081 8 52195 29 52336 10 52451 29 52591 11 52707 28 52846 13 52964 25 53102 13 53220 22 53358 12 53476 19 53614 12 53732 13 53870 10 53987 9 54126 9 54244 6 54383 7 54614 3 54640 4 54868 9 55123 12 55144 3 55376 16 55397 9 55631 32 55887 34 56142 36 56398 36 56654 37 56910 38 57165 39 57222 2 57422 38 57477 3 57678 38 57732 5 57935 37 57986 7 58191 37 58240 9 58448 36 58496 9 58705 35 58751 10 58962 32 59007 10 59123 3 59219 29 59264 8 59378 4 59474 29 59520 5 59635 3 59729 29 59778 1 59980 2 59983 30 60234 33 60401 1 60490 32 60655 5 60746 30 60910 7 61002 31 61166 7 61258 31 61422 7 61514 32 61678 7 61770 32 61934 7 62026 32 62190 7 62283 32 62446 7 62540 32 62703 6 62797 33 62960 5 63054 33 63218 2 63311 32 63567 32 63824 32 64005 6 64081 31 64260 8 64338 30 64516 9 64594 30 64771 10 64851 29 65027 10 65107 28 65283 9 65362 27
000043,0 65536
000044, 
000045, 
000046,107 19 362 21 618 22 873 24 1129 24 1385 25 1640 26 1896 29 2152 29 2408 30 2665 28 2921 28 3177 27 3433 26 3472 3 3688 27 3728 4 3945 25 3984 4 4201 25 4240 3 4457 24 4713 24 4927 5 4970 23 5014 6 5088 4 5182 7 5226 22 5270 6 5343 7 5439 6 5482 22 5526 6 5598 10 5694 7 5739 21 5782 6 5854 10 5949 9 5995 21 6038 6 6110 11 6201 14 6251 21 6295 3 6366 12 6446 5 6455 18 6507 21 6622 13 6701 28 6763 20 6877 14 6951 34 7018 20 7133 15 7205 36 7274 18 7389 15 7459 38 7530 16 7645 14 7714 40 7786 16 7902 13 7968 42 8042 15 8161 9 8223 43 8299 13 8419 6 8479 39 8519 2 8557 7 8677 2 8734 38 8989 38 9197 1 9207 2 9244 39 9451 16 9498 40 9706 18 9753 41 9961 20 10009 40 10215 22 10264 41 10470 24 10519 42 10725 25 10775 42 10981 25 11030 43 11237 26 11286 42 11493 27 11541 43 11749 27 11797 43 12005 27 12052 43 12261 26 12308 43 12518 24 12564 42 12774 23 12820 42 13030 21 13077 41 13287 20 13334 40 13497 2 13544 11 13557 5 13592 38 13751 5 13801 9 13815 1 13849 37 14007 5 14059 6 14105 37 14263 5 14316 4 14361 36 14519 4 14618 5 14628 25 14885 24 15142 22 15399 20 15656 18 15914 15 16171 14 16423 2 16428 12 16680 1 16685 4 18944 1 19572 2 19828 3 19876 1 19971 2 20076 1 20083 4 20130 7 20224 7 20332 1 20340 2 20384 9 20480 7 20588 1 20640 10 20736 7 20895 11 20992 7 21151 12 21249 5 21407 13 21507 2 21663 14 21919 16 22176 16 22432 16 22688 16 22944 15 23200 15 23456 14 23713 13 23970 10 24227 7 24485 2 24664 3 24920 3 25176 2 26453 3 26708 5 26963 6 27219 6 27476 4 35072 2 35328 3 35584 2 35840 2 36096 1 40229 5 40482 9 40737 11 40993 12 41249 12 41505 12 41761 12 42017 11 42273 11 42529 11 42786 10 43042 10 43299 9 43556 8 43812 8 43946 6 44068 8 44200 15 44324 8 44456 18 44579 9 44711 23 44835 9 44967 28 45091 10 45223 29 45348 8 45479 35 45605 7 45735 38 45861 7 45991 38 46246 40 46501 41 46756 41 47012 41 47268 41 47523 44 47779 46 48035 47 48291 48 48547 50 48711 4 48803 52 48966 8 49059 53 49220 14 49316 53 49475 16 49572 55 49730 17 49829 55 49985 18 50086 54 50241 18 50343 54 50496 19 50599 54 50752 18 50855 53 51008 18 51111 53 51264 17 51367 52 51520 17 51623 50 51777 16 51879 47 52033 15 52135 45 52254 3 52290 14 52391 44 52509 6 52548 12 52647 31 52682 8 52764 8 52807 9 52903 30 53020 9 53064 8 53159 29 53275 10 53321 7 53415 29 53531 10 53578 6 53672 28 53787 10 53835 4 53928 27 54042 10 54184 27 54297 11 54441 25 54553 10 54699 23 54809 10 54957 20 55065 8 55215 17 55321 8 55471 17 55578 7 55728 16 55834 7 55984 15 56090 7 56241 13 56345 8 56499 9 56600 9 56853 12 57108 13 57363 14 57619 14 57875 13 58132 11 58388 10 58644 9 58901 8 59159 5 63127 4 63382 6 63637 8 63893 8 64149 8 64404 10 64568 1 64660 11 64821 6 64917 12 65077 5 65173 12 65333 5 65430 12
000047,0 65536
000048, 
000049, 
000050, 
000051,12 30 55 5 154 14 238 9 268 30 311 5 399 26 493 10 523 31 566 6 654 28 749 10 779 31 821 7 910 29 1005 10 1034 32 1077 7 1166 30 1260 11 1290 32 1332 7 1422 31 1516 11 1546 31 1588 7 1677 32 1772 11 1803 30 1844 7 1933 33 2028 12 2060 29 2100 6 2188 34 2285 11 2317 27 2357 5 2444 34 2541 11 2574 25 2615 3 2700 34 2798 10 2830 24 2872 1 2957 33 3056 7 3086 19 3213 33 3313 6 3341 18 3469 33 3597 18 3725 34 3852 19 3982 34 4108 18 4239 33 4363 19 4500 28 4619 20 4757 23 4875 24 5014 20 5131 25 5167 4 5270 19 5387 26 5422 6 5527 18 5643 29 5677 8 5784 16 5899 31 5934 7 6042 13 6155 32 6190 7 6299 11 6411 33 6447 4 6555 9 6667 34 6811 8 6924 33 7068 5 7181 32 7325 3 7437 33 7693 33 7949 15 7965 17 8205 13 8221 17 8451 4 8461 12 8477 18 8707 4 8717 10 8733 19 8963 4 8975 7 8989 20 9218 5 9245 20 9472 8 9501 20 9728 8 9758 19 9984 9 10015 18 10240 9 10272 17 10496 8 10521 3 10528 17 10752 7 10775 5 10785 16 10854 4 11008 7 11030 6 11041 16 11110 6 11264 7 11285 7 11299 13 11365 9 11520 7 11540 8 11557 10 11621 23 11776 8 11791 13 11815 7 11876 25 12032 29 12071 7 12132 26 12288 29 12327 7 12388 26 12544 30 12584 5 12644 27 12800 30 12842 1 12900 28 13056 30 13156 28 13312 31 13412 28 13568 31 13668 29 13824 31 13924 30 14080 31 14179 32 14336 31 14435 33 14592 32 14691 33 14848 33 14947 32 15104 35 15204 31 15360 36 15460 30 15616 39 15717 31 15872 41 15974 30 16128 41 16230 31 16384 42 16486 31 16640 42 16741 32 16896 42 16996 33 17152 42 17251 34 17408 43 17506 35 17664 43 17762 35 17920 43 18017 36 18176 43 18273 36 18432 15 18450 25 18528 37 18688 14 18706 26 18784 37 18944 14 18963 25 19039 37 19200 14 19219 25 19295 37 19456 15 19475 25 19542 6 19550 38 19712 43 19797 47 19968 42 20052 48 20224 41 20308 48 20480 40 20564 48 20736 40 20820 48 20992 40 21077 47 21248 43 21333 47 21504 45 21590 45 21760 40 21845 46 22016 40 22101 46 22272 39 22357 46 22528 38 22613 45 22784 39 22869 45 23040 39 23126 44 23296 40 23382 44 23552 40 23638 50 23808 40 23888 57 24064 41 24143 58 24320 40 24398 60 24576 40 24653 61 24817 5 24832 40 24909 50 24961 10 25072 7 25087 41 25164 50 25217 11 25327 9 25341 43 25420 50 25473 11 25527 10 25581 59 25675 49 25729 11 25781 16 25836 60 25932 47 25986 10 26035 21 26091 61 26188 46 26243 9 26290 23 26346 62 26444 46 26500 8 26545 25 26602 34 26638 26 26701 44 26758 5 26799 28 26858 34 26895 25 26957 15 26975 22 27015 2 27025 4 27054 29 27114 34 27151 25 27213 15 27231 20 27279 7 27309 31 27370 34 27408 23 27454 1 27469 15 27487 20 27534 16 27564 33 27626 34 27665 22 27708 7 27725 15 27744 19 27789 18 27820 33 27881 35 27921 22 27963 9 27981 15 28000 19 28044 20 28076 34 28130 42 28178 17 28218 10 28237 15 28256 19 28299 21 28332 34 28384 32 28419 9 28435 15 28474 10 28493 15 28512 18 28554 22 28588 34 28638 34 28676 8 28691 14 28729 11 28748 15 28768 17 28809 24 28845 33 28894 34 28933 7 28948 12 28985 11 29004 15 29024 17 29061 28 29101 33 29149 35 29189 6 29205 10 29241 12 29261 13 29280 16 29316 29 29358 32 29402 38 29447 3 29462 8 29497 12 29517 13 29536 16 29572 29 29614 32 29657 20 29678 18 29719 6 29752 13 29782 2 29793 15 29828 29 29870 32 29913 18 29935 17 29975 6 30008 13 30049 14 30075 4 30083 30 30126 32 30169 17 30192 16 30233 2 30264 12 30305 14 30330 6 30338 31 30382 31 30432 7 30449 15 30520 12 30562 13 30585 40 30638 31 30706 14 30776 12 30818 12 30841 40 30894 30 30962 14 31031 14 31073 13 31096 40 31150 29 31219 13 31286 16 31329 11 31352 40 31398 2 31406 29 31476 12 31542 16 31586 9 31607 41 31662 29 31732 12 31797 19 31842 8 31863 40 31918 29 31988 12 32053 20 32099 6 32118 40 32174 30 32245 11 32308 23 32374 40 32430 30 32479 4 32503 9 32561 25 32630 39 32686 30 32733 6 32762 6 32815 23 32886 38 32942 30 32988 8 33020 4 33068 25 33142 37 33199 28 33240 13 33276 4 33322 27 33398 37 33456 26 33495 16 33516 5 33526 3 33532 4 33577 28 33653 37 33713 24 33750 18 33772 20 33831 31 33909 37 33970 22 34006 19 34028 20 34087 31 34165 37 34226 22 34261 21 34283 21 34343 32 34410 1 34421 37 34482 22 34517 43 34599 31 34676 37 34738 22 34773 42 34855 31 34932 37 34994 22 35029 42 35112 30 35188 36 35250 22 35285 42 35369 29 35443 37 35496 6 35506 22 35541 42 35626 28 35699 37 35751 8 35763 21 35797 42 35881 29 35954 37 36006 9 36019 21 36053 42 36137 31 36211 36 36261 11 36276 20 36309 43 36389 36 36468 35 36516 12 36533 19 36565 43 36643 39 36725 34 36772 13 36791 6 36804 3 36821 43 36898 40 36983 32 37028 13 37077 43 37153 41 37241 30 37284 13 37331 23 37356 20 37409 41 37499 26 37541 13 37586 24 37613 19 37665 41 37756 24 37798 13 37841 25 37870 18 37921 41 38013 22 38055 12 38096 26 38127 16 38177 41 38276 1 38285 5 38313 11 38351 28 38385 14 38432 42 38570 11 38606 30 38642 13 38687 43 38826 11 38862 31 38899 12 38942 43 39083 9 39118 31 39156 12 39197 44 39339 8 39374 31 39412 12 39453 37 39493 4 39597 4 39630 31 39669 10 39709 37 39749 5 39885 33 39926 8 39965 36 40006 5 40141 33 40221 37 40261 7 40397 32 40477 48 40653 32 40733 48 40909 31 40988 48 41164 31 41244 48 41420 30 41500 47 41676 29 41756 46 41932 28 42012 47 42188 28 42269 46 42444 28 42525 46 42700 28 42781 45 42956 28 43037 44 43212 28 43293 44 43468 27 43549 43 43724 27 43806 42 43980 27 44062 41 44236 26 44319 39 44493 23 44575 36 44750 9 44766 5 44831 33 45006 7 45087 32 45264 4 45344 30 45600 29 45856 28 46112 27 46369 25 46625 25 46880 26 47136 26 47353 7 47391 26 47609 7 47647 26 47864 8 47903 24 48120 8 48160 5 48171 10 48376 8 48429 7 48632 8 48662 7 48684 8 48888 8 48916 9 48940 8 49144 8 49172 10 49195 9 49400 8 49428 10 49451 8 49656 8 49685 9 49707 8 49912 8 49942 8 49964 6 50168 8 50199 6 50222 2 50424 8 50680 8 50937 7 51193 7 51450 6 51707 5 56417 2 56671 5 56926 7 57180 11 57435 13 57688 17 57943 19 58198 21 58453 24 58709 25 58964 27 59219 29 59475 30 59730 31 59986 33 60241 35 60423 6 60497 36 60678 11 60752 38 60933 14 61008 39 61188 17 61264 40 61444 18 61520 40 61700 20 61778 39 61955 23 62035 38 62211 23 62291 38 62467 24 62547 38 62722 25 62803 37 62978 26 63059 37 63235 25 63315 37 63492 25 63571 36 63749 24 63826 36 64005 25 64082 35 64262 24 64338 35 64519 23 64595 33 64776 21 64852 32 65032 21 65108 32 65289 19 65366 29
000052,0 65536
000053,0 65536
000054,0 65536
000055,0 65536
000056,0 65536
000057,0 65536
000058,0 65536
000059,0 65536
000060, 
000061,0 65536
000062, 
000063, 
000064,0 65536
000065, 
000066, 
000067,0 65536
000068,0 65536
000069,0 65536
000070,0 65536
000071,18695 2 18950 4 19207 3
000072,0 65536
000073,0 65536
000074,0 65536
000075,0 65536
000076,0 65536
000077,0 2 101 15 117 34 256 2 352 56 512 1 607 57 863 57 1119 58 1374 59 1629 59 1885 59 2141 59 2396 60 2652 60 2909 59 3162 63 3416 66 3672 68 3742 3 3927 76 4183 77 4439 78 4695 83 4951 85 5207 85 5464 84 5720 6 5731 73 5987 72 6243 71 6499 71 6754 71 7012 68 7271 65 7527 65 7783 65 7918 6 8039 65 8171 10 8183 6 8295 65 8427 20 8551 64 8682 22 8807 64 8939 21 9063 63 9173 4 9195 21 9319 62 9427 6 9452 20 9576 60 9681 7 9708 20 9832 60 9937 7 9965 19 10087 60 10192 7 10220 20 10342 5 10349 54 10447 8 10471 1 10475 21 10594 10 10605 54 10703 9 10726 3 10730 22 10846 14 10861 54 10959 9 10981 27 11101 69 11216 9 11237 27 11356 70 11473 8 11494 26 11611 70 11728 11 11752 24 11866 70 11982 14 12009 23 12121 70 12237 16 12266 22 12377 68 12492 17 12522 22 12631 70 12748 18 12778 22 12887 70 13004 19 13034 22 13141 71 13261 19 13290 22 13397 68 13518 19 13545 23 13652 69 13777 1 13780 18 13800 24 13907 70 14038 42 14162 72 14293 43 14417 74 14549 43 14671 77 14803 45 14925 79 15058 46 15180 80 15314 46 15436 80 15570 46 15692 80 15826 46 15948 80 16083 45 16205 78 16339 45 16461 77 16588 3 16597 43 16718 75 16842 7 16854 42 16974 73 17097 10 17110 42 17230 73 17353 11 17366 42 17486 72 17609 55 17741 74 17864 56 17997 75 18120 56 18252 79 18375 57 18508 80 18630 58 18765 67 18834 10 18886 58 19021 63 19091 9 19142 58 19277 23 19308 30 19347 9 19398 58 19533 22 19565 29 19603 9 19654 58 19790 20 19821 28 19858 10 19910 58 20046 19 20077 27 20113 10 20161 63 20303 18 20334 25 20369 11 20416 64 20560 17 20590 23 20625 11 20672 64 20817 16 20847 13 20865 3 20881 12 20929 63 21074 15 21105 9 21137 12 21185 63 21330 16 21361 7 21394 10 21442 62 21588 15 21618 4 21651 9 21698 62 21845 7 21857 2 21909 7 21954 62 22114 1 22166 4 22211 61 22467 66 22723 74 22950 8 22978 76 23204 13 23228 82 23319 3 23460 106 23574 6 23715 107 23829 7 23970 109 24085 7 24226 109 24341 7 24482 110 24597 7 24738 110 24853 7 24993 112 25110 6 25249 112 25366 7 25504 114 25622 8 25760 126 26016 127 26272 127 26528 127 26784 88 26880 31 27041 85 27136 31 27297 82 27392 31 27553 81 27648 31 27810 79 27904 31 28064 81 28160 31 28319 83 28416 30 28574 84 28672 29 28830 85 28928 28 29086 85 29184 26 29342 85 29440 25 29598 84 29696 24 29854 84 29952 23 30110 84 30208 13 30366 83 30464 12 30621 83 30720 11 30876 79 30976 10 31131 79 31232 6 31387 77 31488 6 31644 75 31744 5 31900 74 32000 4 32157 72 32256 4 32413 71 32512 3 32669 70 32768 2 32925 70 33019 1 33024 2 33148 1 33180 71 33273 5 33280 2 33402 5 33435 71 33529 6 33536 1 33657 7 33686 76 33785 6 33911 9 33940 78 34043 5 34165 12 34195 79 34282 2 34300 4 34420 14 34450 79 34538 3 34557 3 34675 16 34705 80 34794 5 34810 6 34922 4 34928 20 34959 81 35051 5 35064 8 35178 4 35183 23 35215 64 35282 8 35292 3 35306 7 35317 11 35435 27 35470 64 35547 4 35562 22 35692 27 35726 63 35802 7 35817 23 35949 27 35982 63 36057 10 36071 25 36207 25 36238 63 36312 40 36465 23 36493 63 36568 40 36722 23 36748 64 36824 40 36979 90 37080 40 37221 4 37236 140 37476 6 37494 2 37500 94 37597 35 37731 9 37760 90 37855 33 37987 10 38018 88 38112 32 38242 12 38277 86 38368 32 38498 12 38534 122 38754 12 38789 123 39010 11 39044 124 39266 11 39296 128 39523 10 39552 128 39779 10 39808 127 40035 7 40064 124 40290 6 40320 123 40546 4 40576 123 40802 3 40832 122 41089 120 41345 112 41458 6 41601 110 41856 109 42111 113 42366 115 42621 116 42876 118 43132 93 43227 23 43387 93 43484 23 43643 93 43740 23 43899 92 43997 22 44155 92 44253 22 44412 91 44509 22 44667 91 44766 21 44923 91 45022 21 45179 90 45279 10 45292 6 45435 88 45536 8 45550 3 45691 87 45793 5 45947 86 46204 84 46460 83 46717 81 46973 39 47014 12 47028 26 47229 37 47270 5 47286 24 47486 36 47529 2 47543 23 47742 35 47801 20 47998 35 48059 16 48257 32 48291 3 48324 4 48514 31 48546 4 48769 32 48802 5 49025 40 49281 50 49339 1 49537 51 49593 5 49793 51 49848 6 50049 51 50103 8 50306 61 50563 60 50819 60 51075 60 51331 61 51588 60 51824 4 51844 62 51963 5 52079 8 52101 64 52211 13 52324 21 52357 67 52464 16 52579 23 52613 68 52718 18 52834 28 52868 76 52972 20 53089 31 53124 76 53226 22 53345 112 53481 23 53594 4 53600 113 53737 23 53849 121 53993 23 54103 123 54249 23 54358 123 54506 22 54613 124 54762 22 54867 111 54982 11 55018 22 55122 111 55240 8 55274 22 55376 112 55496 7 55530 22 55631 110 55753 5 55786 22 55884 111 56009 5 56042 22 56139 110 56263 8 56298 22 56393 111 56518 11 56556 20 56648 111 56773 13 56814 18 56902 112 57029 13 57076 12 57156 114 57284 13 57334 10 57411 114 57537 16 57591 9 57666 114 57792 16 57831 3 57848 8 57922 114 58047 18 58087 5 58104 8 58178 113 58303 18 58343 5 58361 7 58433 114 58559 17 58599 5 58618 6 58688 115 58816 16 58856 4 58877 1 58944 116 59072 15 59113 2 59199 118 59328 14 59455 119 59586 11 59711 119 59846 6 59967 120 60224 120 60487 114 60744 113 61001 112 61258 110 61516 107 61695 1 61778 100 61949 3 62035 99 62205 3 62294 96 62460 4 62554 92 62716 4 62811 91 62972 4 63069 88 63229 3 63326 86 63583 81 63840 79 64097 78 64354 77 64611 76 64868 75 65124 46 65171 27 65387 15 65405 20 65428 26
000078,0 65536
000079,28 52 285 54 541 55 797 58 1053 60 1310 60 1567 60 1823 60 2079 60 2335 59 2591 59 2844 1 2847 57 3074 4 3100 1 3104 10 3117 42 3328 9 3361 8 3373 41 3584 11 3629 40 3840 12 3857 2 3885 40 4096 13 4111 12 4141 37 4352 30 4398 36 4608 32 4642 5 4655 33 4864 41 4912 32 5120 42 5170 29 5376 43 5427 18 5449 4 5632 44 5685 15 5888 45 5941 14 6144 45 6199 12 6400 45 6455 13 6656 46 6711 14 6912 46 6967 14 7168 46 7222 15 7424 47 7478 14 7680 47 7734 14 7936 48 7990 13 8192 50 8245 4 8253 4 8448 56 8704 56 8960 56 9216 56 9472 55 9728 53 9984 51 10240 50 10496 49 10752 47 11008 47 11264 46 11520 45 11776 45 12033 44 12290 42 12546 41 12802 40 13058 40 13312 42 13568 42 13824 43 14080 45 14336 46 14592 46 14848 46 15104 46 15360 46 15616 45 15872 10 15884 33 16128 10 16141 12 16154 19 16384 9 16397 11 16411 18 16440 1 16640 9 16654 10 16667 18 16896 9 16911 7 16924 17 17152 7 17168 30 17408 6 17425 29 17664 5 17683 27 17920 5 17939 26 18176 5 18195 26 18432 4 18451 25 18688 6 18707 24 18944 7 18963 23 19200 8 19219 21 19456 9 19476 19 19712 11 19733 9 19745 5 19968 12 19991 6 20002 3 20224 14 20248 4 20480 16 20497 1 20736 19 20992 19 21248 20 21504 21 21760 22 22016 24 22272 24 22528 25 22784 25 23040 25 23269 2 23296 26 23524 3 23552 26 23777 1 23780 3 23808 28 24033 4 24064 29 24289 3 24320 30 24545 4 24576 30 24803 2 24832 30 25058 6 25088 30 25313 8 25344 30 25402 4 25569 9 25600 30 25655 12 25825 10 25856 31 25900 24 26081 10 26112 31 26153 28 26272 4 26336 12 26368 32 26408 29 26528 4 26592 12 26624 32 26662 31 26784 3 26848 12 26880 69 27040 3 27104 11 27136 69 27296 4 27360 8 27392 69 27552 4 27617 5 27648 69 27808 3 27820 2 27873 3 27904 70 28063 4 28074 6 28160 71 28318 5 28328 9 28416 71 28574 6 28582 12 28672 71 28829 21 28928 71 29085 21 29184 71 29340 22 29440 71 29596 23 29696 71 29851 24 29952 72 30106 26 30208 72 30361 28 30464 72 30617 28 30720 72 30874 28 30976 72 31130 29 31232 71 31386 30 31422 4 31488 66 31642 32 31677 7 31744 65 31898 45 32000 65 32154 46 32256 38 32297 25 32411 45 32512 37 32555 23 32673 40 32768 36 32812 22 32929 41 33024 36 33071 19 33184 43 33280 36 33328 17 33440 44 33536 35 33588 12 33695 46 33792 34 33845 10 33951 46 34048 34 34102 8 34207 46 34304 25 34333 3 34358 7 34462 48 34560 24 34598 3 34616 3 34718 48 34816 24 34851 8 34974 48 35072 24 35105 10 35230 48 35328 25 35358 13 35485 48 35584 43 35741 48 35840 42 35997 48 36096 42 36253 47 36352 42 36510 46 36608 42 36766 46 36864 41 37022 45 37120 41 37278 44 37376 40 37534 44 37632 39 37790 43 37888 38 38046 43 38144 37 38302 42 38403 29 38559 40 38661 26 38815 40 38870 5 38928 11 39051 4 39072 39 39125 7 39186 7 39306 6 39328 39 39380 9 39443 4 39562 6 39584 39 39624 2 39635 10 39817 8 39840 44 39890 11 40073 8 40096 45 40146 10 40328 9 40352 46 40401 10 40583 10 40608 58 40838 11 40864 57 41093 12 41121 55 41349 13 41377 54 41605 13 41634 45 41695 1 41862 13 41890 44 41947 7 42119 13 42146 42 42202 9 42375 13 42403 40 42457 11 42632 13 42660 38 42713 11 42889 13 42919 34 42969 11 43145 16 43176 31 43225 10 43401 16 43433 29 43481 9 43657 15 43689 28 43737 8 43913 14 43946 26 43993 7 44169 13 44202 24 44250 5 44424 14 44458 21 44506 4 44646 4 44680 15 44714 21 44901 6 44936 15 44970 21 45157 10 45193 13 45226 20 45413 11 45449 14 45483 18 45669 12 45705 14 45740 15 45925 12 45962 13 45997 13 46181 11 46218 14 46255 9 46439 8 46474 14 46512 7 46695 7 46730 14 46769 5 46952 6 46987 12 47209 2 47243 12 47500 11 47756 11 48012 11 48268 11 48524 11 48780 12 49037 12 49294 17 49330 4 49552 17 49585 7 49809 16 49840 10 50066 16 50095 11 50321 19 50349 14 50576 20 50601 18 50764 3 50832 20 50856 20 51019 5 51087 21 51112 20 51274 7 51343 22 51367 20 51530 8 51599 42 51785 9 51855 41 52041 9 52111 40 52297 9 52367 40 52552 11 52623 39 52808 11 52879 39 53065 10 53136 38 53321 11 53393 37 53578 11 53650 36 53834 11 53906 36 54090 11 54163 35 54346 10 54419 35 54602 10 54674 36 54858 9 54930 36 55115 4 55186 36 55442 2 55449 28 55707 25 55967 20 56224 18 56480 16 56736 11 56993 9 57250 8 57507 6 57764 4 58021 3 63857 7 64112 9 64368 9 64623 10 64651 6 64878 11 64905 15 65135 10 65161 12 65174 1 65391 10 65416 13
000080,58470 4 58724 7 58978 9 59234 10 59490 10 59747 9 60004 7 60261 5
000081,0 65536
000082,0 116 244 128 501 127 757 126 1013 20 1036 103 1269 20 1293 101 1525 19 1549 100 1781 19 1807 98 2038 18 2065 95 2295 17 2322 62 2385 31 2552 16 2579 57 2641 32 2808 17 2836 57 2897 32 3064 17 3094 54 3152 33 3319 18 3351 50 3407 34 3573 20 3609 47 3665 33 3826 23 3867 41 3921 33 4080 26 4126 35 4178 32 4334 18 4354 8 4383 33 4435 31 4587 21 4611 8 4621 2 4639 34 4692 30 4841 23 4869 11 4895 35 4949 28 5079 1 5095 25 5126 11 5150 37 5206 26 5332 7 5348 28 5385 8 5405 39 5463 25 5587 10 5603 29 5641 8 5660 41 5704 3 5720 24 5842 13 5858 30 5897 8 5915 43 5959 4 5977 22 6097 47 6153 8 6170 49 6234 20 6353 50 6410 7 6426 50 6492 1 6499 5 6507 2 6608 52 6666 7 6682 50 6864 52 6922 6 6937 53 7120 52 7179 4 7193 54 7375 53 7449 55 7629 55 7685 1 7705 55 7884 52 7939 5 7961 55 8140 52 8195 5 8217 55 8322 4 8395 53 8452 5 8473 55 8575 9 8650 54 8709 4 8729 55 8829 12 8905 55 8966 2 8986 54 9083 16 9161 55 9242 53 9339 17 9417 55 9498 53 9589 3 9593 23 9673 55 9755 52 9844 31 9928 56 10011 57 10100 31 10185 55 10267 59 10356 32 10441 55 10523 65 10597 8 10612 33 10696 56 10779 68 10851 11 10868 34 10952 56 11035 69 11105 14 11123 37 11208 56 11291 3 11299 77 11378 38 11464 56 11546 3 11556 117 11723 53 11800 5 11813 116 11980 52 12054 6 12069 116 12236 52 12310 6 12326 115 12493 51 12565 9 12575 2 12582 115 12751 49 12821 132 13008 48 13076 133 13264 48 13330 136 13519 49 13585 138 13776 48 13840 140 14032 48 14095 142 14288 48 14351 142 14545 5 14555 37 14607 142 14811 195 15067 195 15321 104 15427 91 15575 105 15684 90 15831 105 15941 88 16087 198 16343 196 16600 194 16857 192 17113 191 17369 190 17626 189 17882 186 18070 2 18139 184 18396 110 18507 7 18518 61 18653 107 18764 5 18774 61 18909 106 19030 60 19165 105 19286 60 19419 107 19541 62 19675 108 19797 62 19931 37 19969 71 20052 63 20187 37 20225 72 20308 64 20443 37 20481 73 20564 64 20700 36 20737 73 20821 63 20955 37 20993 5 21000 67 21079 60 21210 38 21251 1 21256 67 21337 58 21463 41 21512 67 21594 57 21718 42 21768 68 21851 39 21891 15 21973 43 22023 69 22107 34 22142 3 22149 12 22229 43 22279 69 22364 35 22407 7 22485 43 22535 70 22621 34 22740 44 22792 69 22877 34 22996 44 23048 70 23133 35 23252 44 23305 70 23389 35 23508 44 23562 70 23645 35 23757 51 23819 70 23901 35 24012 52 24075 71 24156 36 24268 52 24331 72 24412 35 24524 52 24588 72 24667 36 24780 52 24844 73 24923 36 25036 52 25100 73 25179 35 25294 50 25355 75 25435 35 25550 50 25611 75 25692 34 25808 48 25867 76 25948 35 26064 48 26124 76 26204 36 26321 47 26381 75 26461 38 26577 47 26637 75 26717 39 26834 6 26845 35 26893 76 26973 40 27090 5 27103 33 27150 76 27230 39 27347 3 27360 32 27406 76 27486 40 27616 32 27662 77 27742 40 27873 31 27919 76 27998 40 28129 31 28177 73 28255 40 28386 30 28434 72 28511 40 28643 29 28691 71 28768 39 28900 28 28947 71 29025 38 29157 27 29203 71 29281 38 29415 25 29459 71 29538 36 29672 24 29715 71 29795 35 29929 23 29972 70 30052 34 30185 23 30228 69 30314 28 30441 23 30484 69 30571 27 30697 23 30741 67 30829 24 30954 22 30997 66 31087 21 31209 23 31254 58 31313 2 31346 17 31465 23 31510 57 31602 16 31721 23 31766 55 31859 13 31977 23 32022 53 32115 10 32233 23 32278 52 32358 6 32373 5 32489 23 32535 51 32613 8 32746 22 32791 50 32868 9 33002 22 33047 50 33123 11 33258 22 33303 47 33379 11 33515 21 33559 46 33634 13 33771 21 33815 44 33889 15 34028 20 34071 43 34145 15 34284 20 34327 42 34401 16 34541 19 34583 42 34657 16 34798 18 34838 43 34914 14 35056 9 35093 44 35171 13 35313 7 35349 44 35427 12 35605 44 35683 11 35861 43 35940 8 36118 41 36196 6 36375 39 36454 2 36632 36 36889 4 36897 25 37155 23 37412 22 37669 22 37925 22 38182 21 38439 19 38697 16 38955 11 39212 10 39469 8 39726 7 39984 3 51296 6 51551 8 51807 10 52062 12 52318 12 52573 14 52829 15 52855 6 53085 15 53110 10 53339 17 53366 12 53593 19 53621 13 53711 4 53847 21 53877 15 53963 9 54102 23 54132 17 54217 12 54357 25 54387 22 54466 19 54612 27 54642 24 54720 21 54790 6 54867 28 54897 26 54976 20 55045 8 55123 28 55153 26 55231 21 55301 10 55378 28 55409 26 55487 21 55556 12 55628 3 55633 29 55665 27 55743 20 55812 12 55884 34 55920 27 55999 20 56064 16 56143 29 56175 28 56255 20 56320 16 56401 27 56431 28 56512 18 56576 17 56657 27 56685 31 56768 18 56832 18 56914 59 57025 16 57088 20 57171 59 57281 15 57344 21 57429 58 57537 12 57600 22 57687 11 57700 43 57793 10 57856 24 57942 58 58050 8 58112 26 58196 60 58308 4 58368 28 58450 65 58624 28 58706 67 58880 28 58961 69 59136 28 59217 77 59392 27 59473 78 59557 4 59648 26 59728 80 59812 6 59904 25 59980 84 60068 6 60160 24 60234 87 60325 6 60416 23 60478 1 60489 102 60672 17 60733 5 60745 103 60928 17 60989 5 60999 104 61184 17 61238 4 61245 113 61440 17 61478 3 61493 7 61502 112 61696 18 61733 5 61749 7 61759 111 61952 19 61989 6 62005 7 62015 111 62208 19 62244 8 62261 7 62271 110 62464 20 62501 8 62517 120 62720 20 62758 7 62773 121 62976 20 63015 7 63026 124 63232 26 63271 9 63281 125 63417 9 63488 27 63527 136 63672 12 63744 28 63784 136 63928 13 64000 28 64041 135 64184 13 64256 28 64301 131 64440 13 64512 27 64558 131 64696 14 64768 25 64814 132 64953 13 65024 24 65071 131 65209 12 65280 22 65327 131 65465 12
000083,0 65536
000084,0 65536
000085,61133 3 61387 7 61642 8 61897 10 62152 12 62408 12 62664 12 62920 11 63177 7 64665 4 64920 6 65176 6 65433 5
000086, 
000087,0 65536
000088,0 65536
000089,0 18 60 19 88 47 231 43 313 3 317 18 344 47 487 44 568 22 599 49 743 46 816 5 822 23 854 50 914 3 999 47 1049 2 1071 30 1109 51 1169 6 1255 55 1326 32 1364 53 1425 7 1511 57 1581 34 1619 54 1678 10 1768 58 1836 93 1931 14 2024 58 2091 111 2280 59 2346 112 2536 59 2598 117 2792 58 2854 117 3048 58 3111 117 3304 57 3367 117 3559 58 3624 117 3814 59 3880 117 4069 59 4137 117 4324 61 4393 116 4579 64 4649 116 4834 66 4905 116 5090 68 5159 118 5346 188 5602 188 5858 188 6114 188 6369 189 6623 192 6879 192 7134 193 7389 195 7644 197 7899 199 8155 199 8411 199 8668 198 8924 190 9117 5 9180 27 9212 157 9374 4 9436 27 9469 155 9692 26 9726 152 9947 25 9982 150 10203 24 10238 149 10458 24 10493 150 10714 24 10748 151 10969 25 11004 151 11225 25 11260 150 11480 27 11515 151 11736 28 11771 151 11992 29 12026 151 12249 29 12283 148 12506 29 12539 144 12762 29 12795 143 12983 3 13019 29 13051 14 13067 129 13237 9 13252 4 13275 29 13306 14 13326 118 13447 6 13492 11 13507 6 13531 30 13562 13 13584 32 13617 78 13698 1 13702 8 13748 24 13787 44 13842 30 13873 76 13958 9 14004 25 14041 45 14098 30 14129 75 14214 9 14260 27 14295 6 14305 34 14355 28 14385 72 14470 9 14516 27 14550 7 14562 30 14611 27 14641 71 14727 9 14773 28 14802 11 14821 27 14866 13 14883 11 14897 49 14949 19 14984 8 15006 3 15029 41 15080 24 15122 12 15141 8 15153 47 15207 10 15241 7 15261 5 15283 42 15345 15 15378 9 15398 7 15410 44 15463 9 15498 6 15517 5 15537 43 15601 15 15635 7 15655 5 15666 42 15720 7 15756 2 15774 4 15792 44 15856 16 15892 5 15922 40 15977 5 16030 4 16047 45 16111 17 16178 40 16233 5 16303 46 16367 17 16434 39 16490 3 16558 48 16622 18 16690 38 16744 5 16815 50 16879 17 16947 37 17000 6 17071 51 17136 16 17204 35 17256 6 17328 51 17392 16 17461 34 17512 6 17585 50 17649 15 17716 34 17768 5 17842 49 17907 13 17972 33 18026 2 18099 48 18164 12 18227 35 18295 2 18356 47 18421 11 18482 37 18549 5 18613 46 18677 11 18738 39 18805 6 18869 45 18933 11 18993 41 19060 7 19125 43 19189 11 19249 41 19315 8 19381 42 19446 10 19505 42 19571 8 19637 42 19702 7 19761 41 19826 9 19893 41 19960 3 20017 41 20082 10 20149 40 20273 40 20338 10 20406 28 20439 4 20529 30 20594 10 20662 28 20747 6 20786 28 20850 10 20919 27 21001 9 21042 27 21105 11 21176 25 21256 10 21298 27 21362 10 21433 25 21503 1 21511 12 21553 28 21619 8 21691 23 21757 3 21767 13 21808 29 21878 1 21940 31 21972 4 22011 5 22023 14 22063 29 22195 38 22267 5 22279 14 22319 28 22448 42 22522 6 22534 16 22576 3 22583 18 22702 45 22777 7 22790 19 22814 2 22841 9 22956 47 23032 8 23045 29 23098 5 23211 48 23288 8 23301 30 23467 48 23543 9 23557 30 23722 49 23799 9 23813 30 23978 49 24055 9 24070 29 24234 49 24310 10 24326 29 24489 50 24566 10 24582 29 24745 51 24821 11 24838 29 24989 3 24994 58 25075 13 25095 28 25244 64 25329 15 25351 29 25499 66 25584 16 25607 29 25755 67 25840 16 25864 28 26011 67 26096 16 26120 28 26268 67 26352 16 26377 28 26525 66 26608 16 26634 27 26761 2 26781 66 26865 15 26890 27 27015 7 27035 68 27121 15 27146 27 27270 10 27289 70 27378 14 27402 26 27525 12 27543 72 27635 13 27658 26 27720 1 27780 91 27892 12 27915 24 27973 6 28035 92 28151 9 28171 24 28228 7 28291 92 28409 7 28427 24 28482 10 28546 92 28666 6 28683 24 28737 12 28802 92 28923 5 28940 22 28993 12 29058 92 29179 5 29196 22 29249 13 29313 93 29436 4 29453 21 29505 13 29570 91 29692 4 29709 20 29761 13 29826 90 29948 4 29967 17 30017 13 30082 90 30204 4 30225 14 30273 13 30329 4 30339 20 30361 65 30460 4 30484 10 30529 12 30584 29 30617 65 30716 4 30742 6 30786 11 30838 30 30873 64 30972 4 30999 5 31043 9 31093 31 31128 65 31229 3 31257 2 31304 4 31348 32 31384 65 31487 1 31562 1 31602 34 31639 66 31857 36 31895 65 32112 104 32368 104 32623 105 32879 104 33135 104 33391 103 33647 103 33882 6 33904 102 34137 8 34160 101 34393 10 34415 102 34648 12 34671 102 34903 15 34919 7 34927 101 35157 124 35412 123 35667 124 35922 125 36177 126 36433 126 36689 126 36945 127 37201 127 37457 127 37713 112 37827 12 37969 110 38225 109 38481 108 38736 107 38991 107 39245 90 39337 17 39500 89 39594 15 39755 89 39852 13 40009 91 40110 10 40264 91 40367 8 40519 92 40775 92 41030 92 41286 92 41541 92 41797 92 42053 91 42304 96 42559 67 42627 30 42815 65 42884 29 43071 55 43128 3 43141 28 43327 55 43397 28 43582 55 43652 29 43838 55 43907 30 44095 54 44163 29 44351 53 44418 29 44608 51 44674 28 44864 44 44912 1 44930 28 45121 43 45185 28 45378 42 45441 28 45634 42 45697 27 45890 42 45943 5 45952 27 46148 39 46198 31 46405 37 46454 30 46663 34 46710 30 46919 32 46966 30 47176 12 47191 5 47201 2 47222 31 47434 8 47448 3 47478 31 47619 2 47734 31 47872 7 47906 1 47990 31 48128 7 48159 6 48177 4 48246 31 48384 7 48414 8 48427 19 48502 31 48640 8 48668 36 48758 31 48896 8 48923 37 49015 30 49152 8 49178 39 49271 30 49408 8 49433 41 49528 29 49664 8 49687 43 49784 29 49920 8 49942 44 50041 28 50176 8 50197 45 50299 26 50432 8 50452 47 50558 23 50688 8 50708 47 50816 20 50944 8 50964 47 51073 18 51200 9 51219 47 51330 15 51456 10 51474 48 51588 4 51712 68 51900 4 51968 69 52155 6 52224 70 52409 9 52480 72 52664 11 52736 74 52919 12 52992 75 53175 12 53248 76 53431 13 53504 77 53686 14 53711 3 53760 78 53942 15 53966 5 54016 78 54198 20 54222 7 54230 5 54272 78 54453 24 54478 14 54528 79 54709 40 54784 79 54964 41 55040 80 55220 42 55296 74 55373 3 55388 1 55476 42 55552 73 55630 1 55644 2 55660 1 55732 42 55808 73 55898 6 55914 6 55988 41 56064 73 56154 6 56169 9 56244 41 56320 74 56409 9 56422 15 56500 41 56576 74 56665 30 56756 41 56832 75 56920 32 57013 39 57088 76 57176 33 57271 37 57344 77 57432 33 57527 36 57600 77 57688 33 57783 35 57856 78 57944 32 58039 33 58095 2 58112 78 58199 33 58295 27 58331 3 58349 6 58368 79 58456 31 58551 26 58586 5 58604 8 58624 80 58712 30 58807 26 58842 10 58859 10 58880 81 58968 30 59063 25 59098 12 59112 14 59136 81 59225 29 59319 25 59354 29 59392 82 59481 29 59575 29 59609 31 59648 82 59737 29 59832 64 59904 82 59993 29 60088 64 60160 82 60249 30 60344 65 60416 82 60504 31 60601 64 60672 82 60759 34 60858 64 60928 81 61015 37 61115 63 61184 81 61270 39 61372 9 61383 51 61440 81 61526 41 61629 7 61639 51 61696 81 61782 42 61866 5 61894 52 61952 82 62038 44 62120 10 62150 52 62208 82 62294 44 62375 12 62405 53 62464 83 62551 44 62630 14 62658 56 62720 18 62740 64 62808 44 62886 15 62909 62 62976 17 62997 63 63065 43 63142 17 63163 56 63220 6 63232 16 63254 62 63324 1 63328 37 63397 76 63478 4 63488 15 63510 62 63584 37 63653 76 63744 14 63765 63 63840 39 63909 76 64000 13 64021 63 64088 5 64095 43 64165 76 64256 13 64276 64 64343 52 64421 77 64512 12 64532 120 64676 79 64768 11 64788 121 64932 79 65024 11 65043 123 65188 79 65280 10 65299 123 65444 79
000090, 
000091,58283 2 58539 3 58794 4 59050 4 59306 4 59562 3 59818 3
000092,0 65536
000093,0 65536
000094,0 65536
000095,0 65536
000096,0 65536
000097, 
000098,248 8 504 8 760 8 1016 8 1272 8 1528 8 1784 8 2040 8 2296 8 2552 8 2808 8 3064 8 3321 7 3577 7 3833 7 4088 8 4343 9 4598 10 4854 10 5110 10 5367 9 5624 8 5880 8 6136 8 6392 8 6647 9 6903 9 7159 9 7414 10 7671 9 7922 2 7927 9 8184 8 8442 6
000099,0 8 26 33 67 26 99 12 150 24 182 74 257 7 282 32 324 24 352 16 407 22 437 75 538 32 581 23 606 18 663 21 693 75 794 31 838 43 919 14 949 75 1050 30 1095 42 1171 13 1205 38 1244 36 1305 31 1352 41 1426 12 1461 37 1504 32 1561 15 1579 13 1609 40 1681 13 1717 37 1761 31 1817 15 1836 12 1866 38 1936 14 1973 12 1994 16 2018 30 2073 14 2094 10 2123 37 2192 14 2229 10 2250 16 2275 29 2329 13 2355 3 2380 36 2448 15 2485 9 2508 14 2532 28 2585 12 2636 36 2704 16 2742 7 2765 12 2788 28 2840 10 2892 37 2960 18 2999 5 3025 6 3045 27 3097 7 3147 38 3200 3 3217 18 3301 27 3354 5 3404 38 3455 5 3475 16 3558 26 3660 39 3710 6 3732 16 3814 26 3915 41 3966 6 3989 15 4070 26 4170 44 4221 7 4245 16 4326 26 4426 46 4473 11 4501 16 4582 26 4662 2 4681 59 4757 16 4838 26 4916 6 4937 60 5013 15 5094 26 5171 9 5193 64 5269 13 5351 25 5427 10 5448 66 5524 12 5608 24 5682 12 5704 67 5780 11 5864 24 5937 14 5962 65 6036 10 6057 5 6121 23 6193 14 6219 64 6288 1 6291 10 6312 8 6326 3 6350 2 6377 23 6449 14 6477 80 6567 19 6605 6 6635 3 6642 14 6705 13 6734 78 6823 20 6861 7 6900 12 6962 10 6991 77 7078 22 7117 8 7157 11 7218 6 7248 75 7334 22 7373 9 7414 10 7505 26 7541 37 7590 22 7629 9 7671 9 7763 24 7799 34 7846 22 7885 9 7927 9 8019 24 8060 28 8101 23 8141 8 8183 9 8276 23 8318 20 8346 4 8357 23 8398 7 8439 9 8532 24 8575 19 8600 36 8654 6 8696 8 8789 23 8831 18 8856 35 8912 1 8952 8 9045 9 9059 10 9087 17 9111 35 9208 8 9302 8 9319 6 9343 17 9367 30 9435 1 9456 15 9472 6 9548 3 9559 8 9576 6 9599 15 9622 32 9690 5 9711 12 9728 8 9803 5 9815 8 9832 6 9855 14 9878 32 9945 7 9967 11 9984 9 10058 7 10071 9 10089 5 10111 10 10134 33 10190 4 10201 9 10223 11 10240 10 10314 8 10326 11 10346 4 10366 10 10390 33 10445 6 10458 9 10470 6 10479 11 10496 10 10570 9 10581 13 10602 4 10609 5 10622 10 10646 33 10690 6 10699 9 10714 19 10735 10 10752 10 10826 25 10858 5 10865 6 10878 11 10903 32 10945 20 10971 6 10979 12 10992 9 11008 9 11082 27 11112 6 11120 7 11133 12 11159 32 11201 21 11229 3 11234 13 11248 9 11264 9 11338 36 11376 7 11389 12 11415 32 11456 23 11490 23 11520 8 11595 35 11632 7 11645 12 11671 31 11712 23 11746 23 11776 7 11852 34 11888 8 11900 13 11927 30 11967 25 12002 24 12032 6 12109 33 12145 26 12183 31 12223 27 12258 24 12288 5 12371 27 12402 26 12438 32 12479 28 12513 25 12544 5 12627 27 12662 25 12694 32 12735 28 12769 24 12800 4 12884 26 12919 24 12949 34 12991 28 13025 23 13056 4 13100 1 13141 24 13175 24 13205 37 13246 29 13281 23 13312 4 13354 5 13398 23 13431 24 13461 38 13502 28 13537 23 13568 4 13610 6 13656 22 13687 14 13703 8 13716 70 13794 21 13824 4 13866 7 13914 20 13944 11 13959 9 13971 71 14050 21 14080 4 14122 8 14172 20 14202 9 14215 10 14227 71 14307 20 14336 4 14377 9 14430 19 14459 7 14471 83 14563 20 14592 4 14633 10 14687 19 14716 5 14727 84 14819 20 14848 4 14889 11 14944 20 14972 4 14983 67 15052 15 15075 19 15104 3 15144 12 15201 19 15239 62 15309 13 15331 19 15360 3 15400 12 15457 19 15495 59 15566 12 15588 18 15616 2 15655 14 15714 17 15751 56 15823 6 15843 18 15911 14 15970 16 16006 14 16024 39 16099 17 16166 16 16227 13 16262 13 16280 38 16355 17 16422 16 16483 9 16518 11 16536 38 16611 16 16659 4 16680 14 16774 10 16792 36 16867 17 16914 6 16938 12 17030 9 17048 33 17122 19 17170 6 17194 12 17286 8 17305 28 17378 21 17411 3 17427 5 17450 12 17542 8 17562 26 17624 2 17633 23 17666 6 17682 5 17704 14 17800 4 17819 25 17877 7 17888 24 17921 9 17937 5 17959 15 18077 22 18129 39 18177 10 18192 7 18214 16 18284 3 18333 22 18382 43 18432 11 18447 10 18470 16 18540 5 18590 19 18637 44 18688 12 18701 13 18725 17 18795 8 18846 19 18892 45 18944 27 18981 18 19051 9 19102 18 19127 1 19148 46 19200 28 19237 20 19306 13 19359 17 19382 3 19404 46 19456 28 19494 21 19562 16 19615 18 19638 4 19659 47 19712 29 19750 21 19817 19 19872 18 19895 2 19915 47 19968 29 20007 21 20072 20 20129 17 20171 47 20224 31 20263 11 20279 7 20325 24 20387 15 20426 47 20480 32 20520 6 20536 8 20579 27 20644 14 20682 43 20736 33 20776 10 20793 8 20834 29 20901 14 20938 42 20992 35 21033 10 21049 9 21089 30 21158 13 21194 42 21248 36 21289 12 21305 9 21345 32 21415 11 21449 34 21486 6 21504 37 21545 13 21561 10 21600 34 21672 10 21705 33 21744 3 21760 38 21801 27 21835 8 21855 36 21928 10 21961 31 22016 69 22089 11 22109 39 22185 8 22218 12 22235 8 22272 133 22443 5 22474 12 22493 4 22528 134 22731 10 22784 134 22988 8 23040 135 23296 135 23552 135 23808 135 24064 134 24214 3 24320 67 24389 65 24466 9 24576 66 24646 64 24719 13 24832 66 24903 64 24974 14 25088 65 25160 63 25230 15 25344 64 25417 62 25486 15 25600 63 25673 62 25743 14 25856 62 25929 61 25999 13 26112 60 26185 60 26255 13 26368 59 26442 59 26512 12 26624 57 26698 59 26769 10 26881 55 26956 57 27029 5 27137 53 27215 54 27395 51 27471 54 27659 43 27727 54 27916 41 27984 53 28175 38 28240 53 28432 37 28497 52 28689 36 28753 52 28945 36 29010 51 29201 36 29268 49 29360 6 29457 36 29525 48 29615 9 29714 35 29781 48 29870 11 29970 35 30037 48 30126 11 30227 34 30290 48 30381 13 30485 31 30544 49 30637 14 30743 29 30800 48 30893 14 30999 29 31055 37 31093 10 31148 15 31256 27 31311 35 31351 6 31404 16 31514 25 31566 34 31609 2 31660 16 31771 22 31822 26 31916 18 32000 4 32028 21 32078 25 32171 20 32227 1 32256 5 32285 7 32298 6 32333 25 32427 21 32456 7 32480 6 32512 5 32543 3 32589 25 32682 22 32711 9 32734 8 32768 5 32845 25 32937 24 32966 11 32982 17 33024 5 33102 24 33192 24 33221 12 33237 18 33280 4 33358 23 33446 26 33476 14 33492 19 33536 3 33614 23 33702 26 33732 36 33839 4 33869 22 33958 26 33988 37 34089 12 34125 23 34151 5 34214 27 34242 40 34343 16 34381 32 34470 69 34544 2 34599 17 34637 33 34726 69 34799 3 34851 23 34893 34 34983 68 35055 3 35105 25 35149 35 35240 67 35360 26 35406 34 35497 67 35614 28 35650 6 35663 34 35753 67 35868 30 35905 8 35922 34 36010 67 36123 31 36160 10 36179 34 36266 67 36378 32 36416 10 36435 35 36522 67 36633 33 36671 11 36691 35 36778 68 36889 34 36927 11 36947 35 37034 68 37145 49 37196 4 37203 35 37291 67 37401 57 37459 35 37548 66 37657 57 37715 35 37806 64 37913 93 38066 60 38169 67 38243 18 38323 59 38425 59 38485 5 38499 15 38579 9 38589 49 38681 59 38755 14 38836 7 38846 48 38937 59 39011 13 39094 4 39102 48 39193 59 39268 12 39358 48 39449 59 39525 10 39614 48 39705 59 39781 9 39870 48 39942 11 39961 59 40038 3 40126 49 40192 19 40217 58 40382 49 40439 4 40448 19 40473 57 40637 65 40704 19 40729 55 40893 66 40960 19 40985 54 41090 14 41150 85 41241 53 41345 16 41406 85 41498 52 41600 18 41661 86 41755 50 41855 19 41917 87 42014 46 42110 20 42173 67 42241 19 42272 43 42365 21 42429 45 42478 18 42498 19 42528 30 42559 10 42619 23 42686 41 42734 18 42754 19 42784 28 42815 8 42873 25 42942 40 42991 17 43011 18 43040 27 43072 6 43124 30 43200 37 43247 17 43267 18 43296 25 43328 5 43378 32 43457 36 43503 17 43524 17 43552 23 43586 1 43632 34 43730 19 43759 17 43780 9 43792 5 43809 20 43884 37 43986 19 44015 17 44036 10 44052 2 44066 18 44138 38 44242 18 44271 17 44291 12 44307 7 44324 14 44387 45 44498 18 44525 19 44545 27 44581 10 44641 47 44754 17 44780 20 44801 27 44838 8 44895 50 45010 16 45036 49 45095 5 45151 52 45267 13 45292 49 45406 54 45524 10 45548 48 45615 3 45661 58 45781 6 45803 49 45871 4 45915 63 46039 1 46059 49 46128 2 46170 65 46314 49 46385 2 46425 67 46570 22 46593 26 46641 5 46657 2 46680 68 46797 3 46826 22 46849 25 46897 6 46912 4 46935 69 47052 5 47082 22 47105 25 47152 8 47169 3 47190 69 47308 5 47338 22 47361 24 47408 9 47426 1 47445 70 47563 6 47594 22 47617 24 47665 8 47690 4 47700 71 47820 5 47849 23 47873 23 47921 9 47945 6 47955 72 48076 4 48104 47 48177 7 48201 6 48212 71 48333 1 48359 48 48457 6 48468 71 48614 49 48687 4 48710 1 48715 3 48724 72 48870 50 48940 9 48963 12 48980 72 49126 26 49153 23 49191 15 49215 93 49381 27 49409 23 49438 4 49446 17 49470 95 49637 51 49693 6 49701 19 49725 96 49893 51 49950 26 49981 97 50149 51 50206 27 50236 98 50405 49 50468 123 50661 48 50724 124 50918 45 50980 124 51174 45 51236 125 51431 44 51493 126 51687 14 51702 29 51749 128 51944 11 51959 29 52005 130 52201 8 52216 28 52261 131 52431 5 52460 3 52472 28 52518 131 52684 9 52729 28 52773 132 52939 13 52986 27 53029 133 53195 15 53248 22 53284 134 53450 19 53504 22 53539 135 53700 26 53760 23 53795 135 53955 28 54016 23 54051 136 54210 29 54272 23 54307 139 54466 29 54528 23 54563 141 54722 29 54784 23 54819 143 54978 29 55040 23 55074 145 55234 29 55296 23 55329 147 55490 30 55552 22 55585 149 55747 29 55810 20 55840 152 56004 28 56039 1 56067 19 56096 154 56260 28 56293 5 56323 18 56352 155 56517 28 56548 8 56581 2 56587 10 56608 156 56774 27 56802 13 56818 5 56844 8 56863 159 57031 49 57101 5 57119 159 57290 47 57375 161 57546 48 57631 167 57803 3 57809 42 57888 168 58066 44 58144 169 58323 44 58400 170 58579 45 58656 170 58836 44 58901 4 58912 169 59091 45 59156 6 59167 169 59347 45 59411 180 59603 45 59666 98 59765 82 59859 45 59922 95 60026 77 60115 45 60177 93 60284 75 60371 45 60434 88 60539 75 60627 45 60690 82 60795 75 60883 45 60947 80 61050 66 61118 7 61140 44 61204 78 61306 65 61376 3 61396 44 61460 78 61552 3 61562 65 61651 45 61717 77 61805 7 61819 63 61906 46 61973 77 62052 17 62075 63 62162 46 62229 65 62296 8 62307 18 62331 62 62418 46 62485 64 62553 6 62561 21 62588 60 62674 46 62742 10 62756 48 62810 4 62817 22 62844 60 62910 3 62930 46 62998 9 63020 38 63071 24 63101 59 63166 4 63186 46 63255 6 63277 36 63327 25 63359 57 63421 5 63441 47 63533 34 63583 25 63616 59 63678 4 63696 48 63790 29 63839 25 63873 7 63884 48 63934 2 63952 48 64048 25 64095 24 64131 3 64142 46 64208 48 64316 12 64350 20 64401 43 64465 47 64572 12 64606 19 64658 42 64721 48 64829 12 64861 19 64915 41 64977 48 65085 12 65116 20 65171 41 65232 49 65341 11 65371 20 65428 39 65487 49
104502,0 55 61 250 318 248 575 246 828 247 1083 247 1338 248 1593 248 1847 250 2103 250 2358 250 2613 251 2869 251 3124 253 3379 508 3889 253 4145 252 4401 252 4656 253 4911 55773 60690 248 60947 244 61205 241 61461 240 61719 238 61975 238 62231 238 62488 237 62748 233 63005 232 63261 232 63518 231 63775 230 64031 230 64287 230 64543 236 64797 239 65053 240 65309 227
106940,0 65536
112782,0 65536
123643,0 65536
126000,0 26111 26112 254 26368 254 26624 254 26880 255 27136 38400
126135,0 115 123 114 245 125 379 116 501 124 635 116 758 122 891 118 1014 121 1147 118 1269 120 1403 119 1525 120 1659 119 1781 118 1913 121 2035 80 2118 37 2169 121 2291 80 2375 36 2423 204 2631 36 2678 205 2887 36 2932 207 3143 35 3187 208 3399 33 3442 246 3698 245 3953 246 4209 246 4466 244 4723 144 4871 94 4981 2 4990 132 5127 93 5247 129 5384 86 5505 127 5640 85 5759 129 5895 86 6013 131 6151 86 6269 131 6407 85 6524 132 6663 84 6779 134 6919 84 7035 224 7291 223 7547 222 7803 220 8061 217 8317 52 8370 163 8573 158 8733 55 8829 157 8991 52 9086 155 9247 52 9342 154 9503 31 9537 19 9563 2 9597 154 9759 31 9794 18 9817 6 9854 152 10015 31 10049 19 10072 9 10111 148 10272 30 10303 22 10327 11 10367 148 10529 66 10623 148 10785 66 10879 148 11041 11 11061 19 11089 20 11135 149 11298 9 11317 18 11345 20 11391 133 11526 14 11557 4 11573 9 11601 22 11647 134 11783 14 11829 9 11856 23 11903 138 12044 9 12085 9 12111 24 12159 136 12301 8 12340 10 12366 24 12403 5 12415 136 12557 7 12597 9 12621 25 12656 63 12723 84 12814 6 12853 8 12876 27 12911 64 12979 83 13072 1 13110 7 13131 28 13166 65 13237 80 13367 5 13387 28 13421 67 13493 77 13642 29 13677 147 13898 29 13932 148 14153 30 14187 149 14409 30 14443 149 14665 30 14697 151 14921 183 15175 100 15280 80 15431 99 15536 80 15687 98 15791 81 15943 98 16047 81 16201 97 16301 83 16458 98 16557 83 16716 180 16972 180 17229 179 17485 179 17742 178 17924 2 17998 178 18179 4 18255 177 18434 5 18513 175 18689 6 18770 181 19026 179 19282 178 19538 47 19586 130 19793 48 19843 129 20049 48 20100 127 20305 50 20357 58 20416 67 20561 50 20613 57 20674 64 20818 50 20871 54 20931 62 21074 52 21127 54 21187 61 21326 1 21332 31 21364 18 21383 53 21444 60 21581 110 21700 60 21837 107 21956 60 22093 103 22212 65 22349 103 22469 65 22605 103 22725 66 22795 8 22862 32 22896 68 22981 67 23050 10 23119 29 23153 67 23238 81 23375 28 23409 68 23494 83 23631 28 23665 67 23750 85 23887 27 23920 67 24005 18 24027 65 24144 26 24175 67 24261 18 24285 64 24400 99 24517 18 24541 26 24573 32 24656 100 24773 18 24798 24 24831 12 24846 16 24911 102 25030 18 25054 22 25088 11 25103 15 25160 110 25287 18 25309 22 25344 11 25361 14 25415 112 25545 16 25564 19 25600 11 25617 15 25671 112 25801 16 25820 19 25856 10 25875 20 25923 116 26061 11 26076 20 26112 10 26131 20 26179 116 26319 8 26332 20 26368 9 26387 22 26434 117 26575 7 26589 19 26624 8 26643 22 26690 116 26831 6 26845 19 26880 6 26900 23 26945 116 27102 17 27156 24 27199 117 27341 4 27358 13 27413 26 27453 117 27595 6 27615 6 27669 26 27709 116 27851 5 27927 26 27964 117 28105 7 28183 27 28219 118 28361 7 28443 24 28475 118 28617 6 28703 22 28731 118 28873 6 28961 21 28986 121 29118 2 29129 6 29217 23 29241 83 29325 40 29372 5 29387 2 29475 103 29582 41 29627 8 29733 101 29838 43 29882 9 29990 100 30094 53 30246 100 30350 53 30503 100 30605 54 30759 100 30861 54 31015 34 31053 62 31117 56 31270 33 31309 62 31373 57 31523 27 31566 58 31629 58 31743 1 31779 27 31823 56 31883 60 31998 2 32035 28 32079 55 32138 63 32251 5 32291 28 32335 54 32394 65 32500 2 32507 5 32547 8 32565 9 32592 54 32649 68 32753 15 32803 6 32823 7 32849 124 33008 16 33080 4 33105 125 33262 18 33360 126 33517 19 33603 2 33613 129 33772 20 33858 5 33867 130 34027 21 34113 6 34122 130 34283 21 34355 3 34369 6 34377 123 34501 6 34539 21 34609 7 34625 6 34633 130 34793 23 34853 4 34863 10 34882 3 34889 78 34971 44 35049 23 35107 23 35145 77 35229 40 35303 25 35362 25 35400 79 35485 40 35529 1 35557 27 35617 32 35655 15 35677 58 35742 37 35784 6 35797 3 35811 29 35870 35 35910 15 35933 59 35998 35 36040 12 36053 3 36067 29 36124 55 36189 59 36254 33 36297 8 36311 4 36323 29 36379 55 36445 47 36493 11 36509 24 36536 5 36554 6 36567 5 36579 29 36628 61 36701 60 36765 21 36823 7 36835 29 36883 62 36957 61 37021 20 37079 8 37092 28 37136 63 37213 63 37277 18 37335 10 37347 29 37391 64 37469 62 37533 17 37591 41 37645 67 37727 59 37790 13 37847 41 37901 67 37984 58 38047 10 38103 41 38158 65 38247 51 38303 12 38361 3 38368 32 38414 65 38503 51 38559 12 38625 31 38672 5 38680 55 38760 50 38815 14 38881 31 38937 54 39017 30 39051 15 39071 15 39138 30 39193 52 39279 23 39309 12 39327 16 39395 29 39449 52 39536 22 39567 10 39583 16 39650 30 39705 52 39779 1 39793 21 39824 8 39840 15 39905 31 39961 51 40035 2 40049 21 40080 8 40096 15 40160 32 40217 50 40291 3 40306 19 40340 1 40355 12 40415 33 40467 5 40473 49 40547 4 40563 18 40613 10 40671 33 40721 55 40804 3 40819 16 40871 7 40927 33 40977 54 41062 1 41076 15 41128 5 41183 33 41232 49 41328 3 41439 33 41488 49 41582 7 41696 32 41745 10 41764 28 41835 11 41953 31 42001 9 42021 27 42090 12 42209 31 42258 7 42278 10 42289 15 42344 15 42466 30 42515 6 42535 6 42545 15 42599 16 42723 29 42773 1 42793 3 42802 14 42855 16 42979 29 43059 12 43111 17 43191 2 43236 28 43317 10 43367 17 43446 5 43495 25 43572 10 43623 17 43702 6 43752 24 43791 8 43826 7 43879 16 43958 8 44010 22 44047 8 44082 6 44135 16 44214 9 44266 22 44302 10 44337 6 44391 18 44470 10 44523 21 44548 4 44557 11 44592 7 44648 17 44725 12 44779 21 44801 9 44811 13 44848 6 44904 17 44981 12 45035 21 45057 23 45105 4 45161 16 45237 12 45291 45 45418 16 45492 13 45518 5 45549 42 45675 14 45748 13 45773 5 45805 40 45932 13 46004 12 46028 5 46064 36 46189 12 46260 11 46276 4 46283 6 46322 33 46447 9 46517 9 46532 5 46539 6 46584 26 46703 8 46773 8 46788 5 46795 6 46841 22 46960 7 47030 6 47044 13 47099 18 47216 7 47286 6 47301 12 47357 16 47473 8 47542 6 47558 11 47616 12 47728 11 47798 7 47815 9 47872 10 47984 14 48055 6 48073 5 48128 9 48239 16 48311 7 48331 2 48384 7 48496 15 48570 3 48640 6 48752 16 48827 2 48897 3 49009 15 49154 2 49265 14 49523 7 49782 1 50573 6 50584 2 50625 11 50827 18 50880 15 50935 1 51081 33 51134 19 51190 5 51337 42 51389 20 51445 6 51592 76 51669 6 51699 9 51848 83 51955 9 52104 83 52212 8 52360 83 52468 7 52616 84 52725 6 52872 84 52981 5 53128 94 53383 95 53637 98 53891 100 54137 109 54392 110 54646 80 54731 27 54901 80 54988 25 55157 79 55245 24 55295 1 55412 80 55500 25 55551 1 55667 80 55755 25 55807 1 55923 80 56011 25 56063 1 56179 70 56250 9 56268 23 56436 63 56509 5 56524 23 56693 61 56766 3 56781 22 56949 62 57021 4 57037 22 57170 6 57207 62 57276 7 57295 22 57425 8 57464 63 57531 9 57551 22 57679 10 57726 71 57808 21 57935 11 57982 72 58065 8 58080 4 58190 13 58237 77 58318 10 58444 16 58461 2 58493 90 58697 24 58749 90 58952 26 59005 90 59207 28 59261 90 59383 1 59463 28 59517 91 59629 2 59638 2 59719 28 59773 102 59884 12 59975 29 60029 103 60140 12 60231 30 60286 104 60396 12 60487 31 60543 104 60651 13 60743 32 60800 119 60999 32 61056 118 61253 11 61268 20 61313 116 61506 14 61523 21 61569 116 61756 19 61779 20 61826 112 62010 20 62035 20 62082 111 62264 21 62291 18 62339 115 62519 22 62546 19 62596 116 62775 22 62803 14 62854 115 63031 21 63059 14 63110 115 63287 21 63315 14 63337 6 63367 96 63467 14 63542 21 63572 13 63592 7 63623 95 63723 13 63797 22 63829 12 63847 8 63879 93 63978 13 64053 22 64085 13 64103 9 64135 92 64233 13 64308 23 64342 11 64360 8 64391 94 64491 11 64563 25 64599 10 64616 8 64647 96 64749 5 64755 3 64819 25 64859 4 64873 6 64904 95 65005 4 65011 3 65075 24 65131 4 65161 94 65262 3 65267 2 65331 24 65419 93 65521 3
136374,0 65536
142027,0 13 31 17 69 48 120 26 256 13 288 15 326 43 377 24 512 13 545 14 583 42 633 24 768 13 804 10 838 32 875 4 890 23 1024 13 1061 9 1094 31 1146 23 1280 13 1317 9 1349 32 1403 22 1536 17 1574 7 1605 32 1659 22 1792 20 1860 33 1917 20 2048 21 2116 32 2173 20 2304 21 2362 41 2431 19 2560 21 2617 42 2688 18 2816 21 2871 44 2947 16 3027 3 3072 22 3127 43 3205 14 3282 5 3329 22 3383 42 3463 12 3537 6 3585 22 3639 41 3719 12 3793 7 3841 22 3895 34 3931 1 3976 11 4049 8 4097 22 4151 33 4232 11 4305 8 4352 23 4407 34 4489 9 4561 8 4608 23 4663 34 4747 6 4818 7 4864 23 4919 35 5006 1 5074 7 5120 22 5175 36 5233 3 5331 6 5376 19 5431 36 5487 6 5587 5 5632 19 5687 36 5731 2 5743 6 5844 3 5888 19 5945 34 5986 5 5999 6 6144 19 6201 34 6241 6 6256 5 6400 19 6456 35 6497 7 6656 19 6710 37 6753 7 6912 18 6965 38 7009 7 7168 17 7221 37 7265 8 7424 11 7476 38 7521 10 7680 11 7732 38 7777 11 7936 11 7987 39 8034 11 8192 11 8242 40 8290 12 8448 11 8496 42 8546 13 8704 10 8751 42 8803 12 8933 7 8960 10 9006 42 9059 12 9184 13 9216 9 9261 42 9315 12 9439 15 9472 8 9517 37 9573 10 9693 25 9728 7 9773 36 9829 10 9949 27 9984 5 10028 35 10086 7 10203 41 10283 35 10343 6 10459 39 10536 35 10713 40 10791 34 10968 40 11046 34 11223 41 11302 33 11478 42 11558 31 11733 43 11815 30 11989 43 12074 25 12245 43 12331 24 12501 43 12589 22 12755 45 12847 20 13011 45 13088 4 13104 8 13117 5 13147 2 13267 45 13343 8 13360 7 13376 1 13403 3 13523 45 13599 11 13659 4 13769 2 13778 46 13854 15 13915 2 14025 2 14033 47 14109 19 14288 48 14365 20 14543 49 14621 20 14798 50 14877 20 14915 2 15054 50 15119 6 15133 21 15157 7 15167 8 15309 51 15375 6 15389 21 15412 19 15565 51 15629 9 15645 43 15822 50 15885 9 15901 19 15921 24 16078 50 16140 10 16156 47 16334 50 16395 12 16411 50 16590 50 16643 77 16846 50 16898 79 17102 50 17153 81 17359 49 17409 81 17615 132 17871 30 17904 99 18127 30 18160 106 18384 138 18641 138 18899 136 19156 135 19413 134 19670 107 19783 20 19927 94 20024 8 20039 20 20183 94 20283 5 20295 20 20436 97 20540 4 20551 20 20692 97 20795 6 20808 17 20833 6 20947 99 21051 7 21064 17 21089 6 21203 99 21306 9 21320 16 21344 8 21457 103 21561 10 21576 16 21600 9 21713 114 21833 12 21856 9 21968 115 22089 12 22112 9 22224 115 22345 9 22368 11 22479 116 22601 8 22624 11 22733 118 22857 8 22879 18 22988 52 23041 66 23113 8 23135 18 23243 53 23299 64 23369 8 23389 22 23498 54 23555 63 23625 9 23644 23 23753 55 23813 32 23851 22 23882 11 23896 34 24009 55 24069 7 24079 22 24108 21 24139 48 24265 55 24337 20 24366 19 24394 49 24521 55 24596 17 24623 18 24650 50 24777 55 24859 9 24881 17 24905 52 25032 56 25117 6 25139 16 25160 53 25288 56 25399 70 25544 56 25656 68 25800 56 25914 65 26000 9 26047 5 26055 57 26171 63 26255 11 26303 65 26427 62 26510 14 26557 67 26683 61 26765 16 26813 67 26893 5 26937 60 27019 18 27068 68 27149 6 27193 58 27273 21 27323 69 27405 7 27448 59 27529 22 27579 69 27661 7 27703 59 27784 25 27835 69 27917 9 27952 65 28040 27 28091 69 28173 10 28205 67 28296 27 28346 70 28429 10 28459 65 28552 27 28602 70 28685 10 28715 64 28808 27 28858 70 28943 8 28970 63 29064 27 29113 71 29200 7 29226 63 29320 27 29367 73 29481 64 29576 27 29618 78 29737 63 29832 27 29873 79 29968 5 29994 61 30088 27 30128 80 30223 6 30250 51 30304 7 30344 27 30384 80 30479 5 30506 49 30601 27 30636 84 30735 5 30762 48 30857 27 30892 84 30991 3 31018 47 31113 27 31147 85 31275 45 31369 27 31403 72 31478 10 31531 43 31626 26 31659 62 31727 1 31735 9 31787 42 31883 26 31915 62 31992 8 32044 34 32139 27 32171 62 32249 7 32300 33 32395 14 32410 13 32426 63 32505 7 32557 32 32652 10 32667 57 32725 20 32761 7 32813 32 32908 9 32923 56 32982 19 33017 7 33069 31 33165 6 33179 54 33239 18 33274 6 33325 30 33421 7 33435 54 33495 18 33534 2 33581 25 33676 9 33691 52 33751 16 33837 24 33932 11 33945 54 34007 16 34091 26 34188 66 34263 15 34347 26 34445 64 34519 15 34602 27 34699 65 34774 17 34858 27 34951 58 35011 9 35029 18 35114 26 35205 49 35272 3 35285 18 35371 24 35459 50 35529 2 35539 20 35628 23 35668 7 35715 50 35788 27 35885 21 35924 9 35959 2 35971 50 36044 26 36143 18 36179 11 36215 2 36227 50 36297 28 36401 16 36434 13 36471 2 36483 50 36537 1 36551 30 36661 8 36688 15 36739 49 36791 5 36806 29 36918 3 36943 17 36995 49 37047 6 37061 30 37197 20 37221 8 37251 48 37303 8 37317 30 37453 32 37507 48 37559 9 37573 30 37709 33 37765 47 37815 11 37827 32 37965 34 38021 47 38071 44 38221 34 38277 46 38327 10 38341 30 38476 35 38533 46 38583 10 38598 29 38731 36 38789 46 38839 8 38855 26 38985 38 39045 46 39095 8 39111 18 39239 40 39301 46 39351 7 39368 17 39493 42 39557 45 39608 6 39625 15 39747 44 39813 44 39865 4 39885 9 40003 44 40069 42 40141 8 40173 4 40257 46 40325 40 40425 10 40513 47 40581 39 40677 14 40768 48 40837 38 40930 17 41023 49 41093 38 41185 18 41279 48 41349 38 41439 20 41535 48 41605 38 41696 19 41791 45 41861 38 41953 18 42047 44 42117 38 42209 19 42303 44 42355 2 42373 38 42465 21 42559 44 42609 5 42629 38 42720 23 42816 43 42865 7 42884 38 42961 2 42975 24 43073 41 43121 8 43139 39 43216 5 43226 30 43330 39 43377 10 43393 42 43471 42 43587 38 43633 12 43648 42 43727 41 43844 35 43889 56 43983 41 44101 33 44146 55 44239 40 44358 21 44381 7 44402 53 44494 41 44615 18 44639 3 44658 51 44750 41 44874 14 44914 49 45006 41 45131 12 45170 49 45262 41 45389 9 45426 33 45461 14 45517 42 45646 8 45682 31 45717 14 45773 42 45903 6 45937 32 45975 9 46029 41 46160 4 46193 32 46232 7 46285 41 46449 32 46542 41 46705 31 46799 40 46961 31 47056 41 47217 30 47313 40 47458 5 47477 26 47571 39 47711 11 47734 25 47829 4 47838 28 47965 14 47991 21 48101 22 48221 14 48248 19 48358 21 48476 17 48505 15 48614 20 48732 20 48762 13 48870 20 48987 24 49019 10 49126 19 49243 24 49275 9 49382 19 49499 28 49637 19 49755 31 49893 18 50011 32 50149 18 50267 32 50405 18 50522 34 50662 17 50777 35 50918 17 51033 36 51175 16 51289 36 51431 16 51545 36 51689 13 51802 6 51810 27 51945 13 52059 1 52069 24 52201 12 52325 23 52457 12 52583 21 52714 10 52840 19 52970 9 53099 16 53227 8 53311 2 53357 14 53483 7 53507 9 53561 11 53617 10 53742 3 53761 11 53816 13 53875 8 53999 1 54016 13 54071 16 54133 4 54272 13 54325 18 54528 15 54580 20 54784 15 54827 30 54996 3 55040 16 55063 7 55081 32 55250 8 55296 16 55319 8 55337 33 55505 10 55552 16 55575 10 55592 35 55760 11 55808 17 55830 12 55848 35 56015 12 56064 18 56085 16 56102 37 56271 12 56320 19 56340 55 56527 12 56576 75 56784 11 56832 75 57041 10 57088 76 57298 9 57344 75 57556 6 57600 74 57856 74 58112 73 58368 72 58624 72 58821 4 58880 72 59062 5 59076 7 59136 72 59315 25 59392 73 59571 26 59648 73 59825 28 59904 73 60081 29 60160 73 60335 31 60416 73 60591 32 60672 73 60845 34 60928 73 61101 34 61184 73 61325 6 61357 35 61440 73 61581 6 61613 35 61696 73 61837 7 61869 36 61952 73 62092 9 62125 36 62208 74 62348 9 62371 5 62381 36 62464 74 62604 9 62625 8 62638 35 62721 4 62728 67 62879 10 62895 34 62976 5 62985 66 63134 11 63151 34 63232 5 63241 66 63389 14 63407 34 63488 5 63498 66 63645 51 63744 5 63755 65 63901 50 64000 5 64012 65 64157 49 64256 7 64269 63 64412 48 64512 8 64525 63 64668 47 64768 8 64781 62 64924 46 65024 9 65038 60 65180 46 65280 12 65295 58 65436 45
143150,0 65536
144284,35 18 155 14 196 60 293 17 411 14 452 60 550 16 666 15 708 60 807 15 921 16 965 59 1065 12 1177 16 1221 36 1259 21 1325 6 1433 16 1477 34 1518 18 1689 16 1733 34 1775 24 1944 17 1988 33 2032 10 2043 13 2199 17 2244 32 2289 6 2300 15 2417 2 2455 16 2501 30 2547 4 2555 23 2671 6 2711 15 2757 30 2803 4 2808 30 2925 10 2966 15 2996 2 3013 30 3060 35 3180 13 3222 14 3252 4 3270 29 3317 4 3324 3 3328 24 3426 25 3478 13 3507 6 3527 28 3575 2 3584 24 3681 28 3734 13 3763 6 3783 27 3840 25 3935 30 3990 13 4020 4 4038 26 4096 25 4190 32 4246 13 4277 2 4294 25 4352 24 4445 34 4501 14 4549 25 4608 24 4701 34 4756 15 4804 26 4864 23 4957 34 5011 15 5059 28 5120 23 5213 34 5267 15 5315 28 5376 23 5468 35 5523 14 5571 28 5632 23 5723 36 5779 14 5827 28 5888 23 5979 34 6035 15 6083 29 6144 23 6235 33 6291 15 6339 29 6400 24 6445 2 6491 32 6544 19 6594 30 6656 24 6689 3 6699 6 6747 31 6799 20 6850 29 6912 25 6943 7 6954 13 7003 30 7053 22 7105 30 7168 25 7199 24 7260 28 7309 22 7362 29 7424 24 7454 26 7516 27 7565 22 7619 28 7657 4 7680 24 7710 26 7772 26 7821 22 7875 28 7913 4 7936 24 7965 26 7999 2 8027 27 8077 22 8131 27 8169 4 8192 24 8220 27 8253 5 8283 26 8332 23 8387 27 8425 4 8448 23 8475 28 8509 5 8539 26 8588 23 8643 26 8704 23 8731 28 8765 5 8795 26 8844 23 8899 25 8960 24 8987 28 9022 4 9050 28 9101 22 9155 25 9209 3 9216 54 9279 2 9306 29 9356 23 9411 24 9465 4 9472 48 9523 1 9562 30 9612 23 9667 24 9721 6 9728 47 9818 31 9868 22 9923 22 9976 55 10075 30 10126 19 10179 17 10232 55 10331 2 10335 27 10383 16 10436 15 10488 54 10592 31 10642 12 10691 14 10743 54 10848 31 10899 10 10947 12 10999 54 11104 32 11157 6 11203 10 11255 53 11359 33 11414 5 11459 10 11512 51 11615 33 11715 9 11769 50 11871 33 11971 9 12025 50 12127 34 12217 5 12227 8 12283 48 12383 34 12471 8 12483 8 12541 46 12639 36 12724 11 12800 43 12894 39 12978 13 13056 3 13067 32 13149 41 13231 16 13312 1 13324 32 13403 43 13486 17 13581 31 13653 50 13733 4 13741 18 13839 30 13908 51 13989 26 14080 1 14097 28 14163 52 14243 28 14336 2 14355 26 14418 54 14499 28 14592 3 14613 25 14673 55 14754 30 14848 3 14869 25 14928 56 15009 31 15104 3 15125 26 15174 5 15183 57 15265 32 15360 3 15382 25 15428 7 15437 59 15521 31 15616 1 15639 24 15680 72 15777 31 15872 1 15895 24 15936 72 16032 32 16153 22 16191 73 16287 32 16378 1 16409 22 16447 73 16543 31 16634 3 16667 19 16702 73 16799 30 16926 16 16958 73 17055 30 17185 12 17213 74 17297 1 17311 30 17442 11 17469 74 17551 4 17567 30 17699 11 17725 74 17806 5 17824 28 17955 11 17980 75 18061 6 18080 28 18211 12 18236 76 18317 6 18337 26 18467 12 18492 77 18573 6 18593 26 18724 11 18747 78 18829 6 18850 23 18980 11 19003 80 19085 6 19107 22 19200 1 19237 9 19258 81 19341 5 19369 15 19456 2 19493 9 19514 81 19598 1 19626 15 19712 3 19751 8 19770 81 19883 14 19968 4 20008 8 20027 80 20139 14 20224 4 20264 11 20283 80 20396 13 20480 5 20520 11 20540 78 20652 13 20736 5 20775 14 20796 77 20907 14 20992 6 21031 14 21052 77 21163 14 21248 9 21286 17 21309 76 21419 14 21504 9 21542 17 21565 76 21674 15 21760 11 21797 20 21821 76 21930 13 22016 11 22053 20 22078 75 22186 13 22272 11 22309 21 22335 74 22443 10 22528 11 22566 20 22592 33 22628 37 22701 8 22784 11 22797 1 22821 21 22849 28 22888 35 23040 15 23077 21 23106 27 23149 31 23296 15 23332 22 23363 23 23409 30 23552 15 23588 22 23619 23 23665 31 23808 16 23843 22 23872 27 23921 32 24064 16 24099 21 24127 28 24177 33 24320 15 24355 20 24381 29 24428 39 24576 15 24611 20 24637 28 24683 40 24832 15 24867 19 24892 27 24938 43 25088 15 25123 19 25148 26 25193 44 25305 2 25344 13 25380 17 25403 26 25447 48 25559 4 25600 13 25637 16 25659 24 25703 48 25814 5 25856 13 25895 14 25913 25 25959 49 26069 6 26112 14 26152 13 26168 25 26214 51 26324 7 26368 15 26410 38 26470 51 26580 7 26624 15 26667 36 26726 51 26835 8 26871 6 26880 15 26926 1 26931 27 26983 51 27091 8 27125 10 27136 15 27188 25 27239 52 27347 8 27380 11 27392 15 27444 23 27496 51 27604 7 27635 28 27701 22 27752 51 27860 7 27891 28 27957 22 28008 51 28116 8 28145 29 28213 22 28264 51 28373 8 28399 30 28469 22 28520 51 28629 9 28653 32 28726 21 28776 51 28885 10 28908 33 28983 20 29031 50 29141 10 29162 34 29239 20 29287 50 29398 9 29417 34 29497 16 29542 50 29655 7 29673 33 29753 16 29797 51 29912 5 29928 33 30009 14 30051 53 30183 33 30265 14 30306 54 30439 34 30525 10 30561 54 30694 35 30781 11 30817 54 30950 36 31036 13 31072 55 31205 37 31292 15 31328 55 31461 37 31547 20 31583 56 31715 39 31803 20 31839 56 31899 2 31971 39 32059 21 32095 64 32226 41 32315 22 32351 65 32481 42 32571 22 32607 65 32737 28 32768 12 32827 22 32863 64 32993 26 33024 13 33084 22 33119 64 33249 24 33280 13 33340 22 33375 64 33505 25 33536 14 33597 22 33631 64 33761 25 33792 14 33854 21 33888 62 34017 25 34048 14 34110 21 34144 38 34187 19 34275 24 34304 14 34367 20 34401 36 34447 15 34531 24 34560 14 34624 18 34657 36 34704 14 34788 22 34816 14 34881 17 34913 35 34960 14 35044 22 35072 14 35139 13 35170 33 35216 14 35301 20 35328 15 35395 12 35426 35 35472 13 35557 20 35584 16 35655 3 35682 37 35727 14 35813 18 35840 16 35938 38 35983 14 36070 17 36096 16 36182 5 36195 38 36238 15 36327 14 36352 17 36437 8 36451 38 36493 16 36585 11 36608 17 36629 8 36691 12 36707 38 36747 16 36843 8 36864 17 36884 11 36947 12 36964 37 37003 16 37099 8 37120 32 37202 14 37221 35 37259 14 37356 5 37376 33 37458 14 37478 33 37516 12 37614 2 37632 34 37714 15 37735 23 37761 1 37777 3 37888 34 37970 15 37991 21 38144 35 38226 42 38337 4 38400 35 38483 41 38593 6 38656 35 38739 44 38822 3 38849 14 38912 36 38996 43 39078 4 39105 15 39168 37 39254 43 39333 6 39361 16 39424 37 39511 42 39589 6 39617 16 39680 37 39774 35 39835 2 39843 8 39874 15 39936 37 40030 35 40090 17 40131 14 40192 39 40287 34 40343 20 40389 9 40448 40 40543 34 40599 20 40647 4 40704 41 40799 32 40855 21 40960 43 41055 25 41110 21 41216 45 41311 24 41365 22 41472 46 41567 24 41617 2 41620 23 41728 47 41823 24 41870 30 41984 47 42079 24 42125 31 42240 49 42332 26 42368 4 42381 31 42496 49 42587 27 42623 6 42636 32 42752 50 42843 27 42877 9 42891 33 43008 51 43097 28 43132 12 43146 34 43264 51 43353 28 43387 49 43520 51 43608 29 43641 51 43776 51 43864 29 43895 52 44032 51 44119 84 44288 50 44375 84 44544 49 44631 84 44800 49 44885 86 45056 48 45140 86 45313 47 45395 86 45570 45 45650 87 45827 44 45905 86 46084 42 46160 87 46339 44 46387 1 46417 85 46595 52 46673 85 46851 54 46929 85 47106 55 47185 85 47360 58 47442 83 47616 57 47697 84 47872 57 47953 34 47989 46 48099 5 48128 56 48208 33 48247 44 48354 7 48384 55 48464 33 48501 44 48605 13 48640 55 48720 32 48757 44 48859 16 48896 55 48975 33 49013 42 49114 18 49152 55 49231 33 49268 43 49370 19 49408 54 49487 34 49523 43 49625 22 49664 53 49743 34 49779 42 49881 22 49920 52 49999 34 50034 43 50137 24 50176 49 50255 34 50290 42 50393 24 50432 49 50511 77 50649 24 50688 49 50766 78 50904 25 50944 49 51022 78 51159 26 51200 48 51278 77 51415 26 51456 48 51534 77 51669 26 51712 48 51790 77 51925 26 51968 49 52047 75 52180 27 52224 50 52304 9 52315 8 52325 52 52435 28 52480 51 52576 1 52584 49 52671 9 52689 31 52736 51 52842 45 52926 10 52945 31 52992 51 53106 36 53181 12 53199 34 53248 51 53363 35 53435 14 53455 34 53504 52 53563 4 53619 34 53684 3 53691 55 53760 52 53819 4 53875 24 53903 6 53940 4 53946 56 54016 52 54073 8 54093 4 54132 21 54197 3 54203 56 54272 53 54329 9 54347 7 54388 20 54453 3 54459 56 54528 67 54603 8 54644 17 54711 1 54714 57 54784 69 54859 8 54901 14 54967 1 54970 58 55040 69 55114 10 55157 12 55223 61 55296 70 55370 10 55413 12 55479 61 55552 72 55625 12 55669 12 55731 66 55808 85 55925 11 55986 67 56064 85 56180 12 56241 15 56261 48 56320 85 56436 12 56496 14 56517 48 56576 86 56693 10 56753 10 56773 48 56832 86 56953 1 57009 8 57029 39 57072 4 57089 87 57286 37 57345 89 57542 37 57603 93 57798 37 57859 94 58054 37 58116 95 58309 38 58373 94 58565 38 58630 93 58821 37 58887 92 59076 37 59143 90 59331 38 59400 89 59587 36 59657 86 59843 34 59913 84 60099 32 60169 83 60351 34 60425 82 60604 36 60681 31 60713 50 60858 37 60937 29 60970 49 61113 38 61194 25 61227 49 61280 1 61368 39 61450 25 61483 49 61623 44 61707 23 61739 49 61877 53 61963 23 61995 48 62133 53 62221 10 62235 7 62251 48 62387 54 62479 6 62492 7 62507 48 62641 56 62749 5 62762 49 62895 57 63006 4 63018 49 63151 57 63273 50 63405 58 63529 50 63661 58 63785 49 63917 58 63999 1 64041 49 64173 58 64255 1 64298 47 64428 59 64511 1 64554 47 64683 60 64766 2 64811 44 64939 60 65021 3 65067 42 65195 60 65277 3 65325 34 65450 60 65533 3
149617, 
157706,0 79 113 80 253 80 371 78 511 78 627 77 767 78 885 75 1024 76 1141 76 1280 75 1399 74 1536 75 1655 74 1792 75 1912 73 2048 75 2169 72 2304 75 2425 72 2560 48 2610 25 2682 72 2816 47 2866 24 2939 72 3072 47 3122 24 3195 72 3328 46 3378 23 3453 70 3584 47 3634 23 3708 71 3840 47 3891 20 3963 73 4096 47 4147 19 4218 74 4352 47 4404 17 4474 74 4608 47 4661 16 4729 76 4864 47 4917 14 4986 75 5120 46 5173 14 5242 75 5376 45 5430 11 5499 74 5632 43 5686 11 5755 75 5888 41 5944 7 6012 74 6144 41 6269 74 6400 39 6525 74 6656 39 6781 74 6912 38 7037 74 7168 38 7293 74 7424 37 7549 75 7680 37 7805 75 7936 36 8052 84 8192 35 8307 86 8448 27 8561 88 8704 27 8807 6 8815 90 8960 25 9060 101 9216 24 9315 102 9472 21 9571 103 9728 21 9827 103 9984 18 10083 104 10240 17 10339 104 10496 11 10595 104 10752 11 10850 105 11008 9 11101 111 11264 8 11344 4 11356 113 11594 12 11611 114 11849 13 11866 115 12032 1 12103 134 12288 1 12359 135 12544 3 12613 137 12800 4 12868 138 13056 5 13123 140 13312 5 13378 141 13568 5 13633 142 13824 6 13889 142 14080 7 14143 144 14336 7 14398 146 14592 8 14653 147 14848 8 14908 148 15104 8 15163 150 15360 8 15418 151 15616 8 15673 152 15872 9 15929 153 16128 9 16184 155 16384 9 16440 155 16640 10 16695 156 16896 11 16951 156 17152 11 17206 157 17408 11 17462 157 17664 11 17717 159 17920 11 17972 160 18176 11 18225 164 18432 11 18480 165 18688 11 18733 168 18944 10 18989 168 19200 9 19243 26 19271 143 19456 8 19498 27 19527 143 19712 5 19753 26 19783 144 19968 5 20009 25 20039 144 20224 4 20264 25 20295 144 20480 4 20520 25 20551 145 20736 3 20775 24 20809 10 20820 132 20992 3 21031 24 21067 6 21077 132 21248 1 21287 23 21335 130 21504 1 21543 22 21591 130 21799 21 21847 90 21939 38 22055 20 22104 88 22197 36 22312 18 22361 86 22454 35 22569 16 22617 85 22711 35 22825 12 22875 18 22898 59 22969 34 23081 10 23131 17 23157 56 23225 34 23336 10 23387 16 23419 50 23483 32 23593 8 23643 16 23673 52 23740 31 23851 4 23898 15 23924 57 23997 30 24153 15 24179 57 24253 31 24404 20 24433 59 24509 31 24658 21 24687 61 24766 31 24911 22 24938 67 25023 30 25167 21 25192 69 25280 29 25422 20 25447 71 25537 28 25676 21 25703 71 25794 28 25931 22 25957 73 26051 27 26187 22 26212 74 26307 28 26422 4 26443 100 26564 27 26677 7 26699 100 26820 27 26930 11 26955 101 27077 26 27183 15 27211 102 27333 27 27437 18 27465 104 27590 26 27691 21 27720 105 27846 27 27947 22 27973 108 28103 26 28202 136 28359 26 28427 6 28457 138 28615 26 28681 9 28713 138 28872 25 28928 1 28935 12 28969 138 29129 24 29184 19 29224 140 29385 25 29440 21 29480 141 29641 26 29696 21 29736 142 29897 26 29952 21 29992 143 30154 25 30208 21 30248 144 30411 24 30464 22 30505 144 30667 24 30720 22 30761 144 30923 24 30976 23 31020 142 31180 24 31232 23 31277 141 31436 24 31488 22 31533 142 31691 26 31744 22 31789 142 31947 26 32000 21 32045 143 32203 26 32256 20 32300 144 32459 26 32512 20 32555 146 32713 28 32768 19 32809 148 32969 29 33024 19 33061 152 33224 31 33280 20 33315 155 33479 32 33536 25 33569 160 33730 37 33792 27 33823 100 33925 76 34003 20 34048 204 34258 21 34304 204 34513 23 34560 205 34768 24 34816 205 35023 24 35072 231 35328 231 35584 231 35840 147 35991 79 36096 140 36237 2 36243 2 36247 80 36352 139 36499 2 36503 82 36608 137 36755 2 36761 81 36864 137 37011 2 37017 81 37120 136 37267 2 37274 81 37376 136 37530 81 37632 135 37787 80 37888 135 38043 80 38144 135 38299 81 38400 135 38555 82 38656 136 38812 81 38912 137 39068 81 39168 137 39325 80 39424 138 39581 80 39680 138 39839 78 39936 138 40095 79 40192 139 40352 79 40448 139 40608 79 40704 140 40865 79 40960 140 41121 79 41216 141 41379 77 41472 142 41635 77 41728 143 41892 77 41984 143 42149 76 42240 145 42407 74 42496 145 42664 74 42752 147 42920 75 43008 147 43176 75 43264 147 43432 75 43520 147 43688 76 43776 147 43943 77 44032 148 44199 78 44288 147 44455 78 44544 147 44712 77 44800 147 44968 78 45056 147 45224 78 45312 146 45479 79 45568 145 45735 79 45824 145 45991 80 46080 144 46236 4 46247 80 46336 144 46492 5 46503 80 46592 145 46748 5 46759 80 46848 145 47005 4 47015 80 47104 145 47261 3 47271 81 47360 145 47527 82 47616 145 47783 82 47872 147 48040 82 48128 147 48296 82 48384 151 48552 82 48640 151 48808 83 48896 55 48958 90 49065 82 49152 54 49215 89 49321 83 49408 53 49475 86 49578 83 49664 53 49734 83 49835 82 49920 52 49991 84 50093 80 50176 51 50248 83 50349 81 50432 51 50505 82 50607 79 50688 51 50761 83 50863 79 50944 50 51018 83 51120 79 51200 49 51274 85 51376 79 51456 49 51531 91 51633 128 51788 90 51889 127 52046 89 52147 124 52304 87 52405 122 52561 10 52573 32 52607 40 52662 120 52817 9 52830 29 52863 40 52919 110 53073 8 53089 24 53119 39 53175 110 53330 6 53346 23 53375 39 53432 107 53604 21 53631 39 53688 107 53860 21 53886 39 53944 107 54115 22 54141 40 54201 106 54371 24 54397 40 54457 106 54626 67 54713 106 54882 66 54969 106 55137 66 55225 106 55393 66 55481 95 55577 8 55649 62 55737 94 55833 6 55905 62 55993 94 56089 4 56159 64 56249 94 56347 1 56415 64 56505 94 56669 67 56760 94 56925 68 57015 94 57181 70 57270 95 57437 70 57525 96 57693 71 57779 98 57948 73 58035 101 58204 73 58290 103 58460 73 58545 106 58717 81 58799 110 58973 193 59229 194 59486 194 59743 193 59999 195 60222 9 60255 196 60477 11 60511 196 60733 13 60767 196 60989 14 61023 196 61244 16 61279 196 61500 17 61535 194 61756 17 61790 192 62012 18 62045 192 62268 25 62301 192 62524 25 62557 193 62780 27 62812 195 63037 27 63067 196 63293 227 63549 228 63805 228 64062 227 64319 226 64575 225 64832 224 65088 223 65345 191
158770,9 107 265 106 521 106 779 104 959 5 972 5 1041 98 1214 8 1226 9 1299 96 1463 31 1524 2 1557 94 1718 33 1779 4 1817 90 1971 38 2034 6 2075 88 2227 38 2289 8 2331 88 2481 42 2546 14 2588 86 2737 42 2803 13 2842 88 2992 45 3060 12 3095 91 3247 47 3317 11 3350 9 3361 82 3502 49 3574 10 3605 10 3618 81 3757 50 3830 10 3861 10 3875 79 4012 53 4086 10 4117 11 4132 78 4266 55 4343 9 4374 8 4388 77 4516 61 4599 9 4631 6 4644 77 4771 62 4855 9 4888 4 4901 74 5027 62 5097 8 5111 9 5157 74 5282 63 5353 9 5367 9 5414 71 5538 62 5609 10 5622 10 5671 70 5794 62 5865 10 5879 9 5930 69 6050 62 6121 10 6135 9 6187 68 6307 61 6377 10 6391 9 6443 68 6563 59 6634 8 6647 9 6699 68 6818 55 6891 6 6904 8 6935 3 6956 67 7074 52 7149 3 7160 8 7189 8 7212 66 7329 51 7417 7 7445 10 7468 66 7585 49 7673 6 7700 12 7724 65 7840 49 7930 3 7955 14 7979 66 8096 49 8209 18 8235 66 8352 49 8459 27 8491 66 8608 51 8714 29 8748 65 8864 51 8960 41 9004 66 9120 52 9216 41 9261 66 9377 51 9472 43 9517 67 9635 50 9728 43 9774 66 9891 50 9984 41 10031 66 10149 48 10240 41 10287 66 10405 47 10496 39 10545 64 10665 43 10752 39 10801 64 10927 37 11008 38 11057 64 11185 35 11264 38 11307 3 11311 66 11441 10 11453 23 11520 38 11561 72 11701 1 11712 21 11776 113 11969 20 12032 113 12225 20 12288 112 12482 20 12527 6 12544 113 12738 21 12781 11 12800 113 12994 21 13033 18 13056 115 13249 23 13287 140 13505 24 13543 140 13759 6 13768 17 13798 33 13836 103 14016 4 14025 16 14054 32 14091 104 14285 10 14311 31 14347 104 14568 31 14603 104 14826 30 14859 104 15083 47 15142 75 15339 47 15399 73 15595 46 15655 71 15766 8 15849 48 15911 70 16021 10 16103 50 16167 70 16276 16 16357 52 16424 68 16531 18 16613 60 16681 68 16787 19 16868 62 16937 68 17042 21 17123 64 17193 68 17298 21 17379 64 17449 68 17554 21 17635 138 17810 22 17852 10 17889 127 18018 11 18067 21 18106 13 18143 129 18277 8 18323 21 18359 17 18399 95 18499 29 18534 7 18580 20 18613 20 18655 92 18757 26 18837 19 18864 25 18910 92 19013 26 19093 19 19119 26 19167 90 19269 26 19349 19 19373 28 19423 88 19525 24 19605 18 19629 28 19679 87 19782 19 19861 17 19883 30 19936 86 20038 17 20117 16 20139 30 20193 85 20282 4 20294 17 20373 16 20396 29 20450 84 20537 6 20550 16 20629 16 20652 29 20707 17 20728 71 20806 15 20886 15 20910 28 20963 17 20985 70 21064 13 21142 14 21168 27 21219 18 21242 70 21323 8 21399 12 21426 25 21475 18 21500 68 21579 7 21656 9 21682 25 21731 18 21757 67 21836 5 21939 25 21987 18 22013 67 22093 4 22195 25 22243 18 22270 67 22349 7 22451 26 22500 17 22525 70 22605 7 22708 25 22757 16 22781 72 22859 10 22965 25 23013 17 23038 88 23221 27 23269 16 23296 87 23479 28 23525 16 23552 87 23735 29 23780 17 23808 87 23993 27 24035 18 24064 88 24252 25 24291 17 24320 87 24511 21 24547 18 24576 87 24768 20 24803 18 24832 87 25024 19 25058 23 25084 91 25280 19 25314 118 25536 19 25571 118 25792 18 25827 119 25949 4 26047 17 26083 12 26096 107 26205 5 26303 16 26339 10 26352 107 26460 7 26560 13 26595 10 26608 115 26816 12 26852 8 26863 116 27073 10 27109 6 27117 118 27329 9 27367 2 27373 108 27484 7 27587 5 27629 107 27741 6 27844 3 27884 107 27998 3 28140 107 28396 107 28519 6 28650 108 28774 8 28905 108 29029 10 29159 110 29284 11 29413 110 29539 14 29603 5 29666 113 29794 15 29858 7 29921 113 30050 15 30112 11 30175 114 30306 15 30368 12 30429 116 30561 16 30612 1 30623 13 30683 117 30816 17 30867 5 30879 14 30939 116 31066 23 31122 8 31135 15 31193 118 31320 25 31378 29 31449 117 31575 27 31634 29 31705 116 31831 28 31889 31 31961 116 32087 29 32145 32 32217 116 32343 30 32401 32 32474 115 32600 29 32652 37 32731 114 32857 28 32907 39 32988 112 33115 26 33161 42 33245 111 33372 10 33383 14 33416 43 33502 71 33575 11 33589 22 33631 4 33646 5 33671 44 33760 69 33831 10 33848 19 33927 44 34016 67 34089 5 34108 13 34181 46 34272 66 34365 11 34435 47 34528 64 34623 7 34691 47 34784 63 34880 4 34947 48 35041 60 35202 57 35297 59 35459 56 35553 58 35716 57 35810 57 35973 57 36066 58 36231 57 36323 57 36487 57 36579 34 36614 23 36744 57 36837 32 36871 22 37000 57 37094 29 37127 23 37257 56 37354 25 37383 23 37513 57 37611 22 37639 23 37769 58 37869 19 37896 22 38025 58 38125 19 38153 20 38281 65 38382 18 38410 19 38537 66 38639 17 38670 15 38793 67 38896 16 38926 14 39049 67 39153 15 39183 12 39305 68 39417 7 39439 12 39561 68 39673 7 39697 10 39817 68 39897 7 39919 1 39929 7 39953 10 40073 68 40152 9 40175 2 40185 7 40211 6 40225 8 40329 68 40407 12 40431 1 40441 7 40479 12 40585 67 40663 13 40687 1 40697 7 40734 15 40841 67 40917 16 40952 8 40989 18 41097 68 41173 16 41208 8 41245 20 41347 2 41355 66 41427 18 41453 2 41463 9 41500 21 41603 3 41612 66 41683 18 41708 4 41718 10 41755 23 41857 6 41869 66 41938 20 41963 6 41973 11 42011 23 42113 6 42125 68 42194 20 42219 6 42228 12 42265 24 42368 8 42381 90 42475 21 42521 24 42623 9 42636 92 42731 21 42775 26 42873 16 42891 117 43031 26 43129 16 43146 118 43285 26 43384 15 43401 119 43540 27 43639 15 43657 119 43795 28 43895 15 43913 119 44050 29 44151 15 44169 119 44306 29 44406 138 44562 29 44662 138 44818 29 44918 138 45075 27 45174 138 45331 26 45430 138 45587 26 45687 137 45843 26 45943 137 46099 25 46143 4 46199 137 46357 28 46391 14 46455 99 46561 31 46614 47 46711 99 46817 31 46873 45 46966 99 47075 29 47131 44 47221 98 47331 29 47396 37 47474 99 47587 29 47652 38 47721 108 47843 29 47909 38 47971 114 48096 32 48165 38 48225 116 48351 33 48421 39 48480 117 48605 35 48678 38 48735 118 48861 35 48935 38 48989 121 49116 36 49190 39 49245 121 49372 36 49439 46 49499 124 49627 37 49695 46 49755 124 49884 36 49951 45 50011 124 50141 35 50207 45 50267 124 50397 35 50462 47 50522 125 50653 35 50718 47 50777 126 50909 35 50973 49 51032 127 51165 35 51229 49 51287 128 51421 35 51485 50 51543 128 51677 35 51741 51 51798 129 51933 35 52000 48 52054 129 52185 39 52259 46 52310 170 52518 42 52567 26 52597 139 52775 41 52823 23 52854 138 53031 40 53081 17 53111 137 53287 40 53338 12 53369 135 53545 34 53627 133 53801 33 53884 132 54058 32 54142 130 54314 31 54399 129 54570 31 54613 6 54657 127 54827 30 54868 9 54913 127 55083 30 55123 13 55169 127 55340 29 55379 14 55425 127 55596 27 55635 18 55681 127 55853 25 55891 20 55938 126 56110 22 56142 26 56194 126 56367 20 56397 28 56451 92 56546 30 56625 19 56650 31 56707 92 56803 29 56882 19 56905 32 56963 92 57061 27 57116 4 57140 54 57221 89 57319 25 57370 8 57396 55 57478 87 57576 24 57624 12 57653 54 57735 84 57835 21 57879 14 57909 54 57991 82 58091 21 58132 17 58165 53 58247 79 58347 21 58387 18 58421 53 58503 77 58602 22 58642 19 58678 51 58759 72 58857 23 58898 19 58936 47 59014 71 59113 23 59153 20 59199 38 59270 62 59368 15 59409 20 59455 36 59525 63 59624 15 59666 17 59711 32 59781 62 59880 14 59922 17 59967 31 60037 62 60136 13 60179 15 60224 29 60294 60 60393 22 60436 13 60481 28 60550 57 60650 22 60693 10 60737 10 60748 16 60809 47 60892 4 60909 19 60951 6 60994 8 61005 14 61067 41 61148 5 61165 19 61251 4 61263 10 61324 39 61403 6 61423 17 61519 9 61581 38 61659 6 61679 17 61777 5 61838 37 61916 3 61936 16 62035 1 62095 35 62192 16 62356 29 62450 14 62496 3 62613 28 62707 14 62749 8 62869 27 62963 14 63004 10 63069 2 63125 26 63220 12 63259 12 63325 2 63382 25 63477 11 63514 13 63639 24 63733 11 63767 17 63896 21 63989 11 64023 18 64153 6 64165 8 64245 11 64278 20 64420 9 64501 11 64534 21 64675 10 64757 11 64789 22 64931 11 65013 11 65045 22 65187 12 65269 11 65301 20 65442 13 65525 11
169327,0 65536
187649,208 21 461 26 717 26 972 29 1227 30 1483 31 1739 30 1995 30 2251 30 2317 10 2507 30 2573 12 2763 30 2828 13 3019 29 3085 12 3276 28 3341 13 3533 26 3597 12 3789 26 3854 10 4044 25 4111 8 4300 25 4368 5 4555 25 4811 25 5067 24 5323 24 5579 22 5706 3 5816 4 5835 22 5958 9 6071 7 6091 20 6213 11 6326 9 6347 19 6469 11 6583 8 6603 19 6725 11 6839 9 6859 18 6881 2 6981 12 7097 7 7114 18 7136 5 7145 4 7238 11 7354 6 7369 19 7392 7 7400 6 7495 10 7623 22 7648 15 7752 8 7879 22 7904 15 8009 6 8134 24 8160 16 8267 1 8389 25 8416 17 8645 26 8673 4 8680 10 8901 26 8937 10 9157 26 9193 12 9409 30 9449 13 9663 32 9706 13 9917 33 9962 14 10171 34 10219 14 10427 34 10475 15 10682 34 10732 15 10773 1 10938 19 10959 13 10989 15 11027 4 11193 19 11216 11 11247 14 11282 6 11448 21 11472 11 11503 14 11537 7 11703 23 11729 9 11762 10 11793 8 11958 25 11984 9 12019 9 12049 8 12213 36 12277 4 12305 8 12469 36 12560 9 12725 37 12816 9 12980 38 13071 9 13237 38 13327 8 13493 37 13584 6 13751 35 13840 5 14008 34 14265 32 14480 5 14522 23 14547 4 14732 11 14779 20 14987 12 15034 21 15242 13 15290 19 15498 14 15546 19 15750 18 15802 17 16005 19 16058 15 16260 19 16315 12 16515 20 16573 8 16771 18 16833 1 17027 17 17283 15 17539 14 17795 12 18051 11 18309 8 18351 4 18566 7 18606 7 18861 10 19117 10 19373 12 19412 5 19629 12 19667 6 19884 13 19922 9 19961 2 20013 3 20140 13 20178 9 20217 3 20267 8 20395 14 20433 11 20509 7 20521 15 20538 1 20651 13 20689 11 20763 36 20906 13 20945 11 21017 38 21162 12 21201 10 21272 41 21417 10 21457 10 21527 43 21673 9 21714 9 21781 47 21929 7 21973 3 22016 1 22035 50 22185 6 22272 1 22289 53 22442 4 22528 1 22543 56 22784 1 22797 58 23040 1 23053 58 23193 4 23296 2 23307 60 23449 5 23552 3 23565 58 23705 6 23808 5 23823 58 23961 8 24064 9 24079 60 24217 8 24320 10 24334 63 24473 12 24576 11 24588 67 24729 13 24832 82 24917 2 24985 14 25088 88 25241 14 25319 6 25342 91 25469 7 25497 15 25573 10 25595 95 25725 8 25753 15 25829 10 25849 98 25979 11 26009 16 26084 119 26235 12 26265 16 26339 119 26490 13 26522 15 26593 120 26746 14 26778 15 26849 119 27001 16 27034 16 27104 119 27257 17 27290 16 27359 118 27511 20 27547 14 27614 119 27766 21 27803 14 27870 121 28019 25 28059 14 28126 122 28275 25 28316 13 28382 124 28510 4 28530 25 28573 12 28639 123 28765 6 28786 25 28829 11 28895 123 29021 6 29042 25 29085 9 29151 123 29278 5 29298 25 29343 6 29407 122 29554 23 29663 122 29810 23 29919 121 30067 20 30175 120 30323 12 30339 2 30431 118 30579 12 30688 117 30835 12 30944 116 31090 13 31134 5 31201 115 31346 13 31388 9 31457 114 31602 11 31641 13 31713 113 31859 9 31896 14 31969 113 32151 14 32225 113 32407 14 32481 112 32663 13 32738 111 32919 12 32994 110 33174 10 33251 109 33430 9 33509 107 33687 6 33768 104 33943 4 34025 104 34168 1 34273 112 34409 4 34422 3 34527 10 34540 101 34648 4 34663 9 34782 12 34795 102 34899 10 34919 9 34968 7 35037 116 35154 12 35173 12 35218 15 35293 116 35410 12 35428 13 35473 17 35549 129 35683 14 35727 20 35806 128 35939 15 35983 21 36061 128 36195 16 36238 23 36315 130 36451 16 36494 24 36570 131 36707 16 36749 26 36825 131 36964 16 37004 28 37081 130 37221 15 37259 30 37336 131 37477 16 37515 32 37592 133 37733 16 37770 39 37848 134 37989 16 38026 39 38104 135 38245 17 38282 39 38361 135 38501 17 38538 40 38618 134 38757 17 38794 41 38875 133 39014 16 39051 41 39131 132 39271 15 39307 48 39389 5 39395 124 39527 15 39563 49 39651 123 39783 15 39819 50 39909 120 40033 4 40039 15 40075 50 40165 15 40181 104 40288 21 40331 50 40424 9 40439 102 40544 21 40587 50 40685 3 40697 99 40800 20 40842 51 40955 96 41055 20 41098 51 41176 5 41211 96 41311 19 41353 52 41429 11 41471 92 41567 18 41610 51 41684 14 41728 90 41823 16 41866 51 41939 16 41984 90 42079 15 42123 50 42194 18 42240 89 42335 8 42380 34 42417 12 42449 19 42496 89 42591 8 42637 32 42674 10 42705 20 42752 89 42846 9 42893 32 42931 7 42961 20 43008 89 43101 10 43151 31 43188 3 43217 20 43264 102 43410 28 43473 20 43520 102 43667 27 43729 21 43776 101 43925 24 43985 21 44032 101 44182 23 44241 21 44288 101 44439 22 44498 21 44544 101 44695 21 44755 20 44800 101 44953 17 45012 19 45056 100 45210 15 45268 18 45312 99 45467 12 45525 16 45568 99 45723 10 45781 16 45824 99 45982 5 46035 16 46080 99 46291 13 46336 97 46547 11 46592 97 46803 9 46848 95 47060 7 47104 95 47317 5 47360 94 47616 94 47872 93 48082 9 48128 93 48337 10 48384 91 48593 12 48640 90 48848 13 48896 88 49070 4 49103 16 49152 93 49326 5 49359 16 49408 86 49495 7 49581 6 49614 18 49664 95 49838 5 49870 19 49920 96 50095 4 50125 20 50176 97 50381 21 50432 97 50637 23 50688 97 50893 24 50944 97 51149 25 51200 96 51405 24 51456 96 51632 4 51661 24 51712 96 51887 6 51917 24 51968 96 52141 8 52173 23 52224 96 52397 8 52429 22 52480 97 52653 8 52684 21 52736 97 52909 9 52940 20 52992 103 53165 9 53196 17 53248 103 53421 9 53453 15 53504 105 53678 7 53760 105 53934 7 54016 112 54193 2 54272 113 54528 116 54784 116 55040 117 55296 117 55552 118 55808 118 56064 118 56320 118 56576 119 56832 120 57088 121 57344 121 57600 122 57828 2 57856 122 58083 5 58112 99 58212 22 58338 7 58354 1 58368 99 58469 21 58594 7 58608 3 58624 99 58726 20 58850 19 58880 99 58983 19 59107 18 59136 99 59239 19 59363 19 59392 99 59495 19 59620 19 59648 121 59879 16 59904 121 60136 15 60160 115 60311 4 60393 14 60416 114 60551 3 60565 8 60649 14 60672 113 60805 6 60818 12 60839 7 60905 14 60928 113 61061 8 61072 15 61093 11 61162 13 61184 113 61303 4 61316 29 61347 14 61419 12 61440 112 61559 6 61571 30 61602 15 61675 12 61696 112 61815 58 61931 12 61952 111 62071 58 62187 12 62208 111 62328 57 62444 12 62464 111 62584 57 62700 12 62720 111 62841 56 62957 12 62976 111 63098 55 63164 6 63213 12 63232 112 63355 52 63416 12 63469 12 63488 113 63611 52 63670 15 63724 13 63744 113 63873 42 63924 19 63980 13 64000 113 64130 41 64179 20 64235 14 64256 113 64385 44 64434 22 64491 14 64512 114 64641 44 64690 23 64746 15 64768 114 64897 45 64946 23 65001 15 65024 114 65153 46 65203 22 65256 15 65280 114 65409 46 65459 22 65510 16
190259,0 215 229 24 256 216 486 23 512 216 743 22 768 216 999 21 1024 216 1255 20 1280 217 1511 19 1536 217 1768 17 1792 216 2025 6 2036 5 2048 216 2281 6 2294 2 2304 217 2560 217 2816 219 3072 219 3328 220 3584 220 3840 220 4096 220 4352 221 4608 221 4864 223 5094 10 5120 241 5376 241 5632 241 5888 242 6144 242 6400 242 6656 242 6912 242 7168 242 7424 243 7680 243 7936 243 8192 243 8448 244 8704 244 8960 244 9216 245 9472 245 9728 245 9984 244 10240 244 10496 243 10752 243 11008 206 11216 34 11264 206 11473 32 11520 206 11729 32 11776 206 11985 18 12007 9 12032 205 12241 14 12265 5 12288 205 12497 14 12522 3 12544 205 12752 13 12800 161 12963 42 13008 13 13056 160 13221 39 13265 11 13312 160 13477 38 13521 10 13568 160 13735 35 13779 6 13824 160 13991 34 14037 3 14080 160 14249 32 14336 160 14505 30 14592 160 14762 29 14848 160 15018 28 15104 160 15275 26 15360 159 15531 27 15616 159 15787 27 15872 159 16044 27 16128 159 16309 18 16384 158 16566 17 16640 158 16824 14 16896 158 17081 12 17152 157 17408 158 17664 158 17920 158 18176 158 18432 158 18688 159 18944 160 19200 161 19439 4 19456 162 19687 2 19693 6 19712 163 19941 15 19968 163 20195 18 20223 164 20450 17 20479 164 20705 18 20735 163 20961 17 20990 164 21216 18 21246 164 21471 16 21501 165 21727 16 21744 5 21756 165 21982 195 22238 195 22493 29 22525 163 22749 29 22782 115 22901 43 23005 29 23038 114 23157 44 23261 30 23295 112 23415 8 23425 34 23517 30 23552 112 23672 5 23682 33 23773 30 23808 112 23938 33 24030 12 24045 15 24063 113 24195 32 24287 11 24301 15 24318 115 24450 33 24544 10 24558 11 24576 113 24706 33 24801 9 24816 7 24832 113 24961 34 25059 8 25088 88 25177 24 25217 34 25315 8 25344 87 25434 23 25472 34 25572 7 25600 86 25690 23 25728 33 25828 7 25856 83 25947 20 25983 32 26085 6 26112 81 26203 20 26239 32 26341 6 26368 81 26459 16 26477 2 26495 30 26624 81 26715 14 26734 1 26751 30 26880 80 26971 14 27006 31 27136 80 27228 13 27263 30 27392 80 27484 12 27519 30 27648 80 27740 12 27775 30 27904 79 27997 10 28031 28 28121 9 28160 79 28253 10 28288 27 28377 10 28416 78 28510 7 28545 26 28631 14 28672 78 28768 4 28801 26 28887 15 28928 77 29059 23 29142 17 29184 46 29231 30 29315 22 29397 18 29440 45 29489 28 29574 19 29653 20 29696 45 29745 28 29830 18 29908 23 29952 45 30002 27 30083 20 30164 25 30208 44 30259 27 30339 20 30420 25 30464 43 30515 26 30594 20 30676 25 30720 42 30772 25 30849 21 30932 26 30976 41 31030 1 31036 16 31105 20 31189 24 31232 41 31294 12 31362 9 31373 7 31445 24 31488 41 31619 5 31702 21 31744 41 31875 4 31959 20 32000 40 32221 14 32256 40 32478 13 32512 39 32735 10 32768 24 32793 14 32949 8 32991 10 33024 24 33059 3 33203 12 33251 4 33280 24 33458 14 33536 24 33713 16 33792 24 33969 16 34048 25 34226 15 34304 25 34482 15 34560 26 34739 14 34816 27 34995 14 35072 27 35252 13 35328 33 35509 12 35584 35 35768 8 35840 35 36025 6 36096 36 36352 37 36608 37 36864 37 37120 37 37376 37 37632 37 37888 37 38144 36 38400 36 38656 34 38912 33 39168 28 39424 23 39680 21 39936 19 40192 9 40205 4 40448 8 40704 7 40960 7 41077 2 41216 5 41327 12 41472 5 41582 14 41728 5 41837 16 41984 5 42093 17 42240 5 42307 6 42347 20 42496 5 42563 6 42603 20 42752 5 42811 16 42859 21 43008 5 43065 19 43115 21 43141 5 43264 5 43319 22 43371 21 43395 10 43494 3 43520 5 43574 23 43627 22 43651 12 43749 6 43776 5 43829 24 43883 37 44002 9 44032 5 44084 25 44139 37 44255 13 44288 5 44339 26 44395 38 44507 17 44544 5 44595 27 44651 38 44763 17 44800 5 44850 28 44907 38 45017 20 45056 5 45105 28 45163 38 45273 20 45312 5 45361 28 45419 38 45527 23 45568 5 45597 4 45617 27 45675 39 45783 25 45824 5 45851 8 45871 24 45932 39 46038 29 46080 5 46107 8 46127 22 46189 39 46293 30 46336 5 46362 10 46383 20 46446 39 46545 35 46592 5 46617 11 46639 18 46703 39 46799 37 46848 5 46867 17 46894 15 46961 38 47048 45 47104 5 47121 19 47149 15 47218 37 47303 46 47360 4 47375 21 47401 17 47479 32 47557 47 47615 5 47631 21 47655 18 47736 31 47812 48 47870 5 47886 21 47910 18 47995 27 48065 50 48125 5 48141 20 48165 18 48252 26 48320 51 48381 3 48397 42 48509 25 48572 57 48636 4 48653 43 48765 26 48827 58 48892 4 48909 43 49021 26 49083 59 49147 5 49165 44 49277 27 49339 60 49403 5 49422 43 49535 26 49595 62 49659 5 49676 46 49791 26 49851 62 49915 5 49928 51 50049 34 50093 8 50108 68 50183 52 50305 36 50349 9 50364 68 50439 52 50562 54 50620 68 50695 53 50818 55 50875 69 50950 55 51075 125 51205 56 51332 1 51339 117 51460 59 51595 117 51716 60 51851 117 51972 61 52107 117 52229 61 52363 52 52423 57 52485 62 52561 4 52620 51 52681 54 52742 61 52816 6 52850 4 52876 51 52938 53 52999 60 53071 11 53104 9 53132 51 53195 53 53257 58 53327 13 53359 10 53387 52 53451 53 53513 59 53583 14 53609 18 53643 52 53706 54 53770 6 53777 51 53839 15 53865 18 53899 52 53962 54 54033 51 54096 15 54120 20 54153 54 54216 56 54290 50 54352 15 54376 20 54409 54 54471 57 54547 48 54609 16 54630 89 54727 57 54804 47 54866 109 54983 57 55061 43 55123 108 55239 57 55317 42 55380 108 55495 57 55573 32 55608 5 55637 108 55751 57 55829 31 55894 107 56008 56 56085 29 56151 110 56265 55 56341 27 56407 110 56521 55 56599 16 56663 111 56779 53 56855 15 56919 111 57036 52 57111 12 57175 111 57293 51 57368 8 57431 111 57549 51 57687 111 57806 50 57943 111 58062 17 58081 31 58201 110 58319 4 58340 28 58457 67 58525 42 58576 3 58597 27 58713 66 58784 39 58853 27 58966 69 59041 38 59109 27 59219 70 59300 35 59365 27 59475 70 59556 35 59621 27 59714 3 59721 78 59813 34 59877 27 59969 5 59975 80 60069 34 60133 27 60227 2 60231 80 60325 33 60388 28 60487 80 60577 1 60581 32 60644 28 60743 80 60830 37 60900 28 60999 80 61085 38 61156 28 61255 80 61341 12 61354 23 61412 28 61511 81 61597 36 61667 29 61767 82 61851 38 61923 29 62023 82 62107 38 62179 29 62273 4 62279 122 62435 29 62528 5 62535 109 62645 12 62691 20 62715 5 62781 114 62903 10 62947 19 62971 5 63036 114 63159 10 63203 18 63229 3 63289 117 63415 11 63459 18 63487 1 63545 117 63671 14 63715 18 63743 1 63800 118 63927 16 63971 17 64055 119 64183 16 64227 17 64311 120 64437 20 64484 15 64567 120 64693 20 64741 14 64823 146 64997 14 65079 147 65254 13 65335 44 65383 100 65511 8
191621,0 65536
191853,0 65536
192744,0 59 77 238 331 240 587 240 843 241 1098 243 1350 1 1353 244 1609 245 1865 245 2121 245 2375 247 2631 248 2887 247 3143 247 3398 249 3653 252 3909 252 4164 42216 46386 245 46643 229 46874 10 46900 227 47135 3 47157 225 47414 223 47670 222 47903 6 47930 217 48158 9 48179 2 48187 216 48413 26 48445 212 48668 29 48703 208 48923 31 48965 187 49153 12 49177 34 49222 186 49431 36 49479 185 49686 37 49735 185 49941 38 49991 185 50197 38 50247 185 50453 36 50504 184 50709 33 50760 184 50965 32 51018 182 51220 33 51276 180 51475 35 51536 176 51731 35 51793 175 51988 35 52049 175 52244 35 52305 175 52500 35 52561 175 52757 34 52817 175 53013 34 53073 175 53271 31 53329 175 53536 21 53585 175 53793 19 53841 175 54049 17 54098 174 54306 15 54355 164 54520 8 54562 16 54613 158 54776 8 54800 3 54818 17 54869 158 55031 9 55051 11 55075 16 55126 170 55305 14 55331 17 55382 170 55559 22 55589 16 55637 171 55814 27 55845 16 55893 171 56069 29 56101 15 56149 171 56325 29 56357 15 56404 172 56580 30 56612 15 56657 175 56835 30 56868 15 56912 176 57089 28 57124 15 57167 206 57380 15 57422 206 57635 16 57677 207 57891 16 57933 208 58147 16 58189 209 58402 18 58444 233 58700 233 58956 234 59212 235 59468 235 59724 236 59980 235 60237 234 60493 234 60749 233 61007 230 61265 228 61522 78 61604 143 61779 26 61809 45 61863 139 62035 24 62065 44 62121 135 62291 23 62323 41 62378 125 62547 22 62581 38 62635 125 62803 22 62837 37 62889 128 63060 21 63092 37 63145 87 63241 32 63317 20 63347 36 63399 89 63499 31 63575 17 63603 36 63655 89 63756 31 63834 13 63859 36 63910 90 64013 30 64091 12 64114 37 64166 90 64269 30 64350 7 64370 47 64418 94 64525 30 64610 2 64626 142 64782 29 64881 143 65039 28 65137 143 65299 22 65393 143
196973,0 65536
217771,0 65536
222553,0 65536
222596,0 65536
227391,0 65536
232617,19 38 139 4 222 19 275 38 395 6 478 18 531 38 651 8 734 18 786 38 907 16 991 16 1041 38 1163 18 1247 16 1290 2 1297 36 1419 18 1503 15 1544 5 1551 38 1675 19 1760 13 1799 44 1930 21 2017 12 2055 44 2186 21 2275 9 2312 32 2345 8 2443 22 2532 8 2568 30 2603 4 2699 22 2789 6 2829 24 2886 9 2955 22 3047 4 3087 22 3140 13 3211 22 3344 20 3395 16 3467 24 3601 19 3651 16 3723 24 3858 6 3869 5 3905 19 3979 24 4114 5 4127 2 4161 20 4235 24 4411 26 4491 25 4666 27 4747 25 4920 29 5005 23 5174 31 5261 24 5376 1 5427 35 5519 24 5632 2 5682 36 5775 24 5888 2 5937 39 6033 21 6144 2 6193 40 6291 19 6400 1 6448 42 6547 18 6656 1 6704 42 6804 17 6959 44 7061 14 7215 44 7319 9 7471 44 7538 7 7577 4 7727 44 7790 11 7981 47 8043 15 8237 48 8296 19 8491 51 8549 22 8731 6 8746 54 8804 22 8987 8 9001 81 9244 7 9257 80 9501 8 9513 78 9758 7 9768 6 9777 70 10015 14 10034 69 10271 13 10290 69 10528 7 10547 69 10784 5 10804 69 11041 3 11061 69 11317 70 11574 69 11831 68 12087 68 12343 67 12544 5 12565 2 12599 66 12800 5 12821 3 12857 63 13056 6 13075 6 13115 59 13312 7 13331 7 13371 8 13383 46 13568 8 13584 10 13605 1 13615 3 13640 45 13824 12 13839 11 13859 4 13871 4 13897 43 14080 13 14095 10 14113 8 14125 6 14153 43 14336 24 14368 11 14380 7 14409 42 14595 10 14606 9 14624 18 14666 41 14852 7 14863 8 14879 18 14922 41 15108 6 15119 8 15135 14 15177 40 15364 6 15375 8 15391 13 15433 40 15618 7 15631 8 15647 12 15687 40 15873 8 15887 8 15903 12 15943 39 16131 4 16143 8 16160 10 16199 37 16387 4 16399 8 16417 8 16455 36 16643 4 16655 8 16677 1 16710 36 16899 3 16911 7 16966 35 17157 1 17166 6 17221 35 17411 3 17422 5 17477 35 17666 3 17677 4 17733 34 17922 4 17933 4 17989 34 18179 3 18246 33 18435 4 18502 33 18692 5 18759 31 18948 5 19015 30 19205 8 19271 30 19460 8 19527 31 19716 7 19783 32 19972 7 20039 33 20229 1 20296 33 20552 35 20589 3 20808 43 21065 43 21321 44 21576 46 21831 47 22077 6 22087 48 22331 8 22341 50 22586 61 22840 63 23095 65 23165 2 23350 75 23605 76 23859 79 24115 79 24368 82 24624 70 24696 9 24709 6 24879 70 24953 7 24962 11 25135 70 25210 4 25218 11 25389 70 25473 13 25645 70 25729 14 25901 70 25973 6 25985 15 26157 70 26229 6 26240 17 26413 78 26495 19 26669 78 26751 20 26925 102 27181 102 27437 103 27693 103 27949 103 28205 104 28461 104 28685 1 28717 104 28938 9 28973 104 29192 13 29229 104 29447 17 29485 104 29702 19 29741 103 29956 25 29997 102 30211 28 30253 102 30467 145 30723 50 30774 95 30979 46 31031 95 31235 46 31288 95 31491 46 31545 95 31747 46 31801 95 32003 47 32057 96 32259 48 32313 96 32514 151 32770 152 33025 153 33280 154 33536 154 33792 154 34048 153 34304 153 34560 153 34816 153 35072 154 35328 153 35584 152 35840 151 36096 150 36352 149 36608 147 36864 146 37120 139 37376 139 37632 140 37888 140 38144 141 38400 141 38656 141 38912 141 39168 141 39424 140 39680 136 39936 135 40192 133 40448 132 40704 131 40960 131 41216 129 41472 129 41728 129 41984 116 42103 10 42240 116 42363 4 42496 116 42752 116 43008 115 43264 115 43520 115 43776 115 44032 114 44288 115 44544 115 44800 115 45056 115 45312 115 45568 115 45824 114 46080 113 46336 113 46592 111 46848 95 46947 10 47104 94 47203 8 47360 93 47616 93 47872 93 48128 93 48384 93 48640 93 48896 93 49152 93 49408 93 49664 93 49920 94 50176 95 50432 101 50688 5 50695 96 50944 1 50953 29 50985 64 51208 30 51241 65 51463 30 51497 66 51719 28 51753 66 51976 10 51993 10 52010 66 52232 10 52249 9 52267 65 52489 8 52508 5 52527 62 52745 7 52785 60 53003 3 53042 59 53298 58 53555 35 53595 15 53812 33 53851 14 54069 32 54108 11 54327 30 54364 11 54584 28 54621 7 54841 13 54861 6 54880 1 55100 7 55119 4 55360 1 55376 2 57088 10 57344 12 57406 3 57600 21 57661 8 57856 21 57916 11 58112 21 58171 13 58368 21 58409 4 58426 15 58624 21 58664 7 58682 15 58880 21 58920 7 58937 16 59136 21 59175 9 59193 16 59392 20 59431 9 59448 17 59650 14 59688 8 59703 17 59907 12 59944 8 59959 18 60199 10 60213 22 60454 38 60709 40 60964 41 61220 41 61476 41 61733 41 61989 41 62245 42 62501 42 62758 29 62788 11 63015 28 63045 10 63272 25 63301 9 63531 1 63535 18 63559 6 63793 14 64050 7
238364,0 210 213 252 470 251 726 253 981 12184 13168 253 13424 251 13680 251 13936 251 14191 252 14447 253 14701 963 15666 254 15922 253 16178 253 16434 253 16691 252 16949 250 17205 250 17461 248 17716 249 17972 252 18229 252 18485 253 18741 3 18745 250 18997 3 19001 252 19256 2781 22041 251 22297 250 22553 250 22810 249 23066 3 23070 246 23327 245 23582 246 23836 249 24091 250 24346 251 24601 251 24857 250 25112 243 25367 244 25623 243 25879 243 26128 1 26135 244 26383 2 26391 246 26638 3 26647 251 26903 251 27158 252 27413 254 27668 1777 29446 255 29703 254 29960 253 30216 253 30472 253 30727 254 30983 254 31239 3560 34807 248 35063 247 35320 246 35575 248 35828 251 36083 252 36339 24 36364 227 36595 23 36621 226 36851 24 36877 226 37107 24 37134 225 37363 24 37389 226 37619 24 37645 226 37872 27 37902 252 38159 250 38415 250 38672 249 38928 250 39184 251 39440 251 39695 254 39951 2826 42782 249 43039 246 43295 246 43551 246 43808 245 44064 246 44321 246 44577 248 44833 249 45089 222 45312 27 45345 221 45568 28 45601 222 45824 29 45857 252 46113 252 46369 252 46624 254 46879 1788 48668 252 48924 252 49180 252 49435 8173 57613 250 57875 242 58132 237 58388 236 58644 236 58901 235 59157 235 59415 233 59672 232 59929 231 60177 4 60186 230 60433 4 60442 230 60689 6 60699 229 60945 6 60955 229 61201 8 61213 227 61457 8 61469 227 61713 9 61727 225 61969 10 61984 224 62225 4 62243 221 62482 3 62499 221 62739 1 62758 218 62995 1 63014 218 63245 1 63271 217 63507 1 63527 217 63763 1 63783 217 64019 2 64040 216 64297 96 64395 117 64553 64 64620 29 64653 115 64809 64 64879 27 64910 114 65065 64 65137 26 65166 114 65319 67 65395 24 65425 5 65431 105
243578,0 1 255 1 30206 2 30460 4 30713 7 30966 10 31218 14 31471 17 31723 21 31977 23 32229 27 32483 29 32737 31 32991 33 33241 39 33495 41 33747 45 34002 46 34255 49 34508 52 34760 56 35015 57 35266 62 35520 64 35772 68 36027 69 36279 73 36533 75 36783 81 37038 82 37291 85 37543 89 37796 92 38051 93 38302 98 38557 99 38807 105 39061 107 39314 110 39567 113 39821 115 40075 117 40327 121 40581 123 40832 128 41086 130 41339 133 41592 136 41845 139 42099 141 42351 145 42605 147 42857 151 43111 153 43364 156 43617 159 43869 163 44125 163 44377 167 44630 170 44883 173 45136 176 45388 180 45643 181 45895 185 46149 187 46401 191 46655 193 46908 196 47161 199 47413 203 47667 205 47920 208 48174 210 48426 214 48681 215 48933 219 49186 222 49438 226 49693 227 49944 232 50197 235 50449 239 50704 240 50955 245 51209 247 51463 249 51717 251 51971 253 52225 13311
246195,0 3537 3539 20347 23887 252 24143 251 24400 250 24656 249 24912 249 25167 252 25423 756 26183 250 26439 84 26526 163 26695 82 26783 161 26951 81 27039 160 27207 81 27295 160 27463 70 27540 5 27551 160 27719 70 27796 5 27806 162 27975 69 28051 8 28061 164 28231 69 28306 175 28486 70 28563 8 28572 166 28742 69 28819 6 28829 166 28996 71 29077 2 29085 238 29341 238 29599 237 29855 238 30112 237 30368 238 30623 136 30763 100 30879 134 31030 90 31135 134 31287 89 31391 132 31543 90 31647 131 31799 90 31903 130 32055 92 32159 129 32311 92 32415 126 32567 95 32672 122 32822 97 32928 115 33077 100 33183 115 33333 203 33537 13 33589 203 33796 9 33845 203 34055 5 34099 205 34355 205 34609 207 34833 5 34863 209 35086 18 35115 213 35341 20 35370 214 35589 3 35596 22 35625 136 35765 75 35845 5 35851 24 35881 135 36021 75 36099 32 36136 135 36275 77 36353 35 36392 134 36530 11 36545 100 36647 255 36903 10676 47581 252 47838 247 48094 245 48351 242 48607 32 48640 209 48863 31 48896 208 49121 26 49152 207 49379 22 49408 185 49597 18 49641 9 49664 185 49853 17 49900 4 49920 186 50111 13 50176 186 50367 5 50432 185 50688 185 50944 185 51200 185 51456 185 51712 194 51968 195 52224 196 52480 195 52736 195 52992 194 53248 193 53504 190 53760 189 54016 188 54272 188 54528 187 54784 186 55040 177 55220 3 55296 176 55552 175 55808 175 56064 174 56320 173 56576 173 56832 173 57088 172 57344 171 57600 171 57856 171 58112 171 58368 171 58624 171 58880 171 59136 171 59392 170 59648 169 59904 168 60160 167 60416 88 60505 77 60672 87 60763 74 60928 86 61019 74 61184 86 61276 23 61301 47 61440 86 61533 21 61561 1 61565 37 61696 86 61791 17 61825 30 61952 85 62047 16 62083 26 62208 85 62307 2 62339 23 62464 85 62595 20 62720 83 62852 17 62976 83 63109 15 63232 81 63365 10 63488 81 63622 8 63744 79 64000 79 64256 4 64265 69 64522 68 64780 66 65037 65 65300 57
246347,43 18 89 21 149 4 158 19 295 22 345 21 405 4 414 19 551 23 601 20 662 2 671 18 805 25 857 20 927 17 1059 32 1113 19 1183 17 1311 38 1369 17 1439 16 1565 40 1625 17 1695 15 1820 42 1880 17 1953 12 1995 6 2075 43 2136 17 2209 10 2251 7 2328 47 2392 16 2465 8 2507 8 2584 47 2648 15 2721 8 2763 9 2839 47 2904 15 2969 1 2975 8 3019 10 3095 36 3134 7 3160 13 3225 1 3231 9 3275 10 3351 34 3394 2 3415 12 3475 6 3486 10 3530 13 3607 33 3671 12 3729 7 3742 10 3787 12 3864 31 3927 11 3985 4 3998 9 4021 8 4043 12 4120 29 4183 11 4241 4 4254 9 4273 12 4300 10 4377 28 4440 9 4496 4 4510 8 4527 16 4633 28 4696 9 4751 4 4766 7 4783 16 4839 1 4889 28 4952 7 5007 4 5023 3 5038 17 5093 4 5145 28 5209 5 5263 4 5294 17 5349 4 5401 28 5551 17 5605 5 5657 27 5807 17 5861 5 5913 25 6063 16 6117 4 6169 24 6319 16 6373 4 6425 22 6574 17 6682 19 6830 16 6938 17 7086 15 7195 16 7342 15 7451 16 7528 2 7577 1 7599 14 7707 15 7784 3 7833 1 7855 14 7963 14 8039 6 8083 7 8111 13 8131 3 8219 14 8294 7 8327 3 8339 7 8368 11 8385 6 8475 12 8549 8 8581 6 8593 9 8625 9 8638 9 8665 6 8731 11 8805 8 8836 8 8849 9 8865 4 8881 5 8893 10 8921 6 8987 9 9061 9 9091 11 9103 11 9119 8 9137 2 9148 11 9176 9 9243 8 9317 9 9346 24 9375 9 9393 4 9403 12 9432 9 9498 8 9573 10 9601 26 9630 11 9649 6 9659 11 9687 10 9754 8 9829 10 9857 26 9885 12 9905 7 9915 11 9943 10 10010 8 10086 10 10098 9 10114 38 10161 8 10170 11 10199 10 10266 8 10343 22 10371 37 10417 8 10426 11 10454 12 10522 7 10601 21 10628 36 10672 21 10710 11 10779 6 10859 20 10885 35 10928 21 10965 12 11035 4 11117 18 11142 34 11184 22 11221 12 11292 3 11373 18 11398 34 11439 23 11477 11 11629 18 11654 34 11695 24 11733 10 11884 19 11910 34 11951 24 11989 9 12141 18 12165 36 12205 26 12246 6 12397 18 12421 36 12459 28 12503 4 12653 18 12677 66 12910 17 12933 66 13167 15 13189 66 13423 14 13445 66 13657 3 13681 11 13704 9 13717 49 13912 5 13937 9 13961 8 13973 49 14167 10 14193 7 14220 5 14229 48 14423 12 14448 7 14477 4 14484 49 14677 14 14703 8 14734 55 14801 3 14933 14 14959 9 14991 53 15056 5 15189 14 15214 10 15235 4 15248 51 15311 7 15445 15 15471 9 15489 7 15504 51 15567 7 15701 16 15727 9 15743 11 15759 50 15822 8 15957 16 15983 9 15998 13 16015 50 16077 9 16213 16 16241 6 16253 68 16330 11 16469 15 16498 3 16509 68 16585 12 16622 6 16726 13 16765 68 16840 13 16875 11 16988 7 17021 68 17096 13 17131 12 17248 1 17277 68 17351 13 17386 13 17534 67 17607 13 17642 13 17791 12 17811 46 17863 12 17898 13 18048 10 18068 45 18120 9 18154 13 18306 6 18326 3 18334 35 18377 4 18410 22 18564 3 18591 34 18667 21 18849 32 18923 21 19105 32 19179 21 19363 14 19383 10 19435 21 19619 14 19640 9 19690 22 19876 11 19899 5 19945 23 20133 9 20157 3 20200 24 20455 25 20711 25 20966 26 21222 26 21477 27 21734 26 21990 26 22246 26 22503 25 22761 23 23022 18 23279 17 23536 16 23793 14 24051 5 24832 1 25088 3 25344 4 25555 6 25600 4 25799 4 25811 6 25856 4 26053 8 26067 6 26112 4 26309 9 26323 5 26368 5 26565 9 26624 5 26821 10 26880 5 27077 10 27136 6 27333 10 27392 7 27588 11 27648 7 27844 11 27904 7 27913 5 28101 9 28140 4 28160 8 28169 6 28357 8 28395 6 28416 16 28651 6 28671 18 28906 8 28923 22 29162 10 29173 29 29418 41 29673 42 29929 42 30186 41 30443 40 30701 36 30959 32 31216 30 31472 29 31728 28 31984 29 32231 6 32241 7 32255 14 32486 7 32499 2 32512 15 32741 9 32768 15 32997 10 33024 16 33252 11 33280 17 33509 10 33536 17 33765 10 33792 17 34021 10 34048 17 34277 8 34304 18 34534 6 34560 18 34816 18 35072 18 35328 18 35584 17 35840 17 36096 16 36281 1 36352 15 36536 4 36608 15 36791 6 36864 15 37047 6 37120 15 37303 6 37376 15 37559 6 37632 16 37816 4 37888 16 38073 2 38144 16 38329 2 38400 16 38584 3 38656 16 38840 3 38912 16 39096 3 39168 16 39351 4 39424 16 39608 3 39680 16 39865 2 39936 16 40121 2 40192 16 40448 16 40704 16 40960 15 41216 15 41472 15 41728 16 41911 1 41984 16 42166 3 42240 17 42423 1 42496 17 42752 19 42937 2 43008 19 43193 4 43264 19 43448 5 43520 20 43704 6 43776 21 43960 7 44032 21 44216 7 44288 21 44473 8 44544 21 44729 10 44800 21 44985 11 45056 21 45240 11 45312 21 45495 12 45568 21 45752 11 45824 21 46009 10 46080 21 46266 9 46336 20 46519 11 46592 20 46775 11 46848 20 47025 1 47030 11 47104 19 47281 2 47287 10 47360 19 47537 4 47545 8 47616 19 47792 6 47801 8 47872 18 48047 8 48056 9 48129 16 48303 8 48312 9 48387 13 48560 6 48569 6 48644 11 48817 4 48825 6 48901 10 49073 2 49083 2 49159 7 49340 1 49418 1 49609 2 49865 1 50102 2 50358 2 50454 3 50612 6 50708 6 50868 7 50963 9 51123 8 51219 10 51231 2 51380 8 51474 17 51637 8 51730 16 51895 5 51987 15 52244 13 52507 4 55589 4 55845 4 56102 3 56328 1 56359 2 56583 7 56839 7 57094 9 57349 10 57604 12 57860 12 58116 13 58372 13 58628 12 58884 12 59141 11 59397 11 59653 11 59908 12 60163 13 60419 12 60673 14 60747 2 60929 14 61003 2 61011 1 61185 15 61259 2 61264 7 61347 2 61441 15 61521 6 61603 2 61697 16 61739 2 61743 2 61778 5 61953 16 61993 11 62035 4 62208 17 62247 18 62464 17 62501 22 62720 18 62755 26 62976 19 63011 26 63232 21 63261 2 63265 30 63488 22 63517 34 63744 23 63773 34 64000 25 64028 35 64113 2 64256 63 64367 6 64433 6 64512 63 64623 6 64665 1 64687 8 64768 63 64877 8 64919 4 64942 10 65024 63 65133 8 65175 4 65197 11 65280 61 65389 7 65430 5 65453 11
250616,0 65536
252446,171 2 428 1 8299 1 8555 1 8811 1
254228,0 65536
255130,0 65536
255132,0 171 199 24 256 166 425 1 455 24 512 164 710 24 768 164 964 26 1024 163 1220 26 1280 163 1474 27 1536 163 1730 27 1792 158 1986 27 2048 157 2242 26 2304 155 2499 25 2560 135 2697 18 2755 24 2816 135 2953 16 3011 24 3072 153 3267 23 3328 153 3523 22 3584 153 3778 21 3840 153 4032 17 4096 153 4287 17 4352 153 4545 3 4553 4 4608 153 4864 153 5109 5 5120 152 5365 7 5376 151 5605 4 5620 163 5860 6 5875 163 6115 9 6128 165 6371 177 6627 177 6883 176 7139 176 7395 176 7651 176 7907 175 8164 174 8421 170 8679 167 8936 164 9192 164 9448 163 9703 162 9959 162 10215 162 10470 163 10718 171 10973 172 11227 174 11483 172 11738 173 11994 173 12249 173 12504 174 12758 176 13013 177 13267 179 13523 178 13778 179 14034 177 14289 178 14545 175 14801 172 15057 168 15311 169 15567 156 15823 155 16079 154 16333 156 16588 157 16843 158 17015 9 17099 158 17270 13 17353 161 17525 16 17609 162 17779 28 17865 162 18034 30 18121 200 18376 201 18631 202 18886 203 19142 203 19397 203 19652 201 19907 201 20163 200 20418 200 20673 200 20929 199 21186 190 21443 189 21699 190 21956 189 22213 188 22468 189 22724 187 22979 188 23235 186 23491 50 23545 131 23747 49 23801 130 24004 47 24057 130 24260 47 24313 129 24517 46 24568 129 24774 45 24824 123 25031 44 25078 125 25286 46 25334 123 25540 173 25796 173 26051 174 26307 174 26548 3 26563 175 26803 5 26818 48 26868 108 26979 15 27057 8 27071 51 27125 106 27235 14 27312 66 27381 106 27492 13 27566 68 27637 106 27749 11 27821 69 27892 108 28007 6 28075 70 28147 109 28331 70 28403 110 28586 183 28842 183 29097 184 29353 184 29609 184 29864 183 30117 186 30369 189 30623 190 30879 189 31133 191 31389 191 31643 193 31899 193 32154 195 32409 195 32665 195 32920 193 33175 67 33248 119 33431 66 33503 118 33685 68 33759 117 33941 67 34015 117 34197 66 34270 117 34453 66 34526 117 34709 64 34781 118 34964 63 35037 118 35156 3 35219 60 35293 124 35475 51 35531 3 35548 94 35645 29 35731 49 35803 94 35902 28 35986 50 36059 92 36159 26 36242 50 36315 92 36417 24 36498 50 36571 90 36677 2 36687 8 36754 50 36826 91 37010 50 37081 90 37267 49 37337 89 37523 49 37593 88 37779 49 37849 88 38035 49 38105 88 38291 48 38363 86 38534 3 38546 49 38619 86 38782 2 38787 12 38801 50 38877 84 39037 69 39133 84 39291 70 39390 83 39546 71 39647 82 39800 72 39904 80 40055 72 40161 78 40309 73 40417 74 40565 72 40674 71 40818 75 40930 71 41073 76 41186 71 41326 79 41441 72 41580 82 41697 73 41835 83 41953 73 42090 85 42208 73 42345 86 42464 73 42601 86 42720 73 42855 88 42975 74 43109 91 43231 72 43363 93 43487 72 43619 94 43743 71 43871 98 43998 72 44124 101 44254 72 44376 105 44509 73 44629 108 44765 74 44883 110 45021 74 45138 110 45277 75 45393 110 45534 75 45648 110 45790 75 45904 108 46047 74 46159 104 46303 73 46415 102 46559 73 46670 102 46815 73 46925 101 47038 2 47071 73 47181 74 47257 24 47291 11 47327 74 47435 75 47515 6 47522 14 47545 15 47583 74 47691 75 47779 14 47797 20 47839 74 47946 75 48036 37 48095 74 48201 76 48293 36 48351 75 48457 76 48551 36 48608 74 48685 3 48694 7 48712 77 48796 3 48809 34 48864 95 48967 77 49050 7 49066 35 49120 96 49221 80 49305 9 49321 37 49377 194 49577 38 49633 194 49833 38 49889 194 50088 40 50147 192 50343 41 50403 192 50599 40 50659 192 50853 42 50916 235 51173 234 51430 231 51691 226 51947 226 52205 223 52461 223 52718 222 52974 17 52992 205 53231 12 53248 205 53488 9 53504 206 53745 6 53760 207 54003 2 54016 207 54272 207 54528 207 54784 186 54974 17 55040 131 55181 44 55232 15 55296 131 55437 44 55488 15 55552 131 55694 43 55744 15 55808 130 55951 42 56000 14 56064 129 56207 43 56256 14 56320 129 56464 42 56511 15 56576 128 56720 62 56832 128 56976 62 57088 127 57232 63 57344 127 57487 64 57600 126 57743 64 57856 126 57999 64 58112 127 58256 63 58368 128 58513 62 58624 128 58770 61 58880 129 59027 60 59136 129 59283 60 59392 80 59473 20 59496 24 59539 60 59648 75 59732 7 59754 21 59795 60 59904 74 59989 5 60011 20 60051 60 60160 73 60270 16 60307 60 60416 73 60527 14 60563 60 60672 73 60786 10 60820 58 60928 74 61045 6 61077 56 61184 74 61333 56 61440 75 61590 55 61696 75 61849 52 61952 75 62107 50 62208 75 62365 47 62464 75 62622 46 62720 75 62883 40 62976 75 63141 38 63232 74 63398 37 63469 6 63488 73 63654 38 63725 6 63744 73 63910 39 63981 6 64000 72 64167 38 64237 6 64256 72 64423 40 64492 7 64504 4 64512 72 64679 40 64748 19 64768 72 64935 40 65003 93 65191 40 65255 96 65448 39 65510 6 65519 1 65525 11
255544,0 16129 16132 252 16388 252 16645 251 16901 251 17157 251 17414 250 17671 249 17927 249 18183 249 18440 248 18696 248 18953 247 19209 247 19465 247 19721 247 19977 247 20233 247 20489 247 20746 246 21002 246 21258 246 21514 246 21771 245 22027 245 22283 245 22539 245 22795 245 23051 245 23308 244 23565 243 23821 243 24078 242 24334 242 24591 241 24847 241 25103 241 25360 240 25616 240 25873 239 26129 239 26385 239 26641 239 26898 238 27154 238 27411 237 27667 237 27924 236 28181 235 28437 235 28693 235 28949 235 29206 234 29462 234 29718 234 29974 234 30230 234 30486 234 30742 234 30999 233 31255 233 31512 232 31768 232 32025 231 32281 231 32538 230 32794 230 33051 229 33307 229 33563 229 33819 229 34075 229 34332 228 34589 227 34845 227 35101 227 35357 227 35614 226 35870 226 36127 225 36383 225 36639 225 36895 225 37151 225 37407 225 37664 224 37920 224 38176 224 38433 223 38689 223 38945 223 39201 223 39458 222 39715 221 39971 221 40227 221 40484 220 40741 219 40997 219 41254 218 41510 218 41767 217 42023 217 42279 217 42535 217 42791 217 43048 216 43305 215 43561 215 43817 215 44073 215 44329 215 44585 215 44841 215 45097 215 45354 214 45611 213 45867 213 46123 213 46380 212 46637 211 46893 211 47149 211 47405 211 47661 211 47918 210 48175 209 48431 209 48687 209 48944 208 49200 208 49456 208 49713 207 49969 207 50225 207 50482 206 50739 205 50995 205 51251 205 51507 205 51763 205 52019 205 52275 205 52532 204 52789 203 53045 203 53301 203 53557 203 53813 203 54070 202 54326 202 54583 201 54839 201 55096 200 55352 200 55608 200 55865 199 56121 199 56377 199 56634 198 56891 197 57147 197 57403 197 57659 197 57915 197 58171 197 58428 196 58685 195 58941 195 59197 195 59453 195 59709 195 59965 195 60222 194 60478 194 60735 193 60991 193 61248 192 61504 192 61760 192 62017 191 62273 191 62529 191 62787 189 63043 189 63299 189 63555 189 63812 188 64068 188 64323 189 64579 189 64835 189 65091 189 65347 189
260940,0 117 222 4 227 16 256 115 477 22 512 115 733 21 768 113 989 19 1024 112 1244 19 1280 107 1469 4 1500 17 1536 107 1726 3 1756 17 1792 106 2012 18 2048 105 2269 17 2304 105 2525 19 2560 105 2781 20 2816 106 3036 21 3072 106 3292 21 3328 106 3459 2 3548 22 3584 106 3714 5 3803 23 3840 106 3965 11 4059 22 4096 105 4211 6 4218 14 4315 22 4352 104 4466 23 4572 21 4608 103 4721 24 4829 4 4836 12 4864 101 4975 27 5073 2 5096 7 5120 101 5229 30 5327 7 5353 4 5376 99 5481 34 5581 11 5632 102 5735 36 5837 12 5888 139 6091 17 6144 139 6347 18 6400 140 6603 19 6656 140 6859 20 6912 140 7115 20 7168 140 7345 4 7372 19 7424 140 7599 7 7631 15 7680 139 7855 8 7887 16 7936 139 8109 11 8147 12 8192 139 8365 11 8405 10 8448 139 8616 16 8661 12 8704 139 8871 17 8918 11 8960 139 9125 19 9174 11 9216 139 9381 18 9431 10 9472 139 9637 17 9687 10 9728 139 9893 17 9943 10 9984 139 10148 17 10200 9 10240 139 10404 16 10457 8 10496 33 10535 99 10660 15 10712 10 10752 32 10791 98 10915 16 10967 11 11008 30 11047 97 11172 13 11223 12 11264 30 11303 97 11428 12 11479 13 11520 29 11557 98 11734 15 11776 29 11811 100 11989 16 12032 134 12244 18 12288 133 12499 20 12544 133 12755 20 12800 133 13011 20 13056 132 13267 20 13312 133 13522 20 13568 135 13778 20 13824 137 14034 20 14080 139 14290 21 14336 139 14546 21 14592 139 14803 22 14848 140 15003 2 15060 21 15104 73 15181 69 15257 6 15318 19 15360 72 15438 69 15512 7 15575 18 15615 70 15697 10 15713 62 15832 17 15858 1 15868 73 15953 10 15976 55 16090 15 16114 3 16121 74 16208 11 16238 49 16338 24 16374 47 16423 26 16464 11 16495 48 16593 27 16630 45 16681 8 16699 4 16720 10 16752 48 16847 30 16886 45 16937 9 16976 9 17008 49 17102 31 17142 21 17165 21 17195 7 17232 7 17265 48 17356 33 17398 21 17422 20 17450 9 17488 4 17522 49 17611 32 17654 21 17680 18 17705 10 17779 51 17865 32 17910 20 17937 7 17948 7 17961 10 17997 2 18036 52 18097 1 18120 33 18166 20 18195 4 18203 8 18217 10 18251 6 18291 54 18353 1 18373 36 18422 19 18453 2 18459 8 18473 10 18506 7 18547 54 18609 1 18628 36 18678 19 18709 15 18729 9 18761 10 18803 56 18863 4 18883 36 18934 19 18963 18 18985 8 19017 10 19059 56 19117 6 19139 35 19190 19 19217 20 19243 4 19273 11 19314 65 19394 34 19446 19 19471 22 19501 2 19529 12 19570 66 19650 34 19702 19 19727 22 19786 11 19826 7 19838 55 19905 34 19958 9 19968 9 19982 24 20043 10 20077 12 20095 55 20161 34 20215 7 20224 8 20237 25 20300 10 20332 11 20352 55 20416 33 20471 7 20480 8 20493 25 20557 10 20587 8 20608 56 20671 33 20729 4 20736 7 20749 26 20813 10 20843 8 20864 95 20990 8 21006 26 21069 10 21101 7 21120 94 21245 4 21263 26 21325 10 21357 8 21376 93 21501 3 21519 26 21581 10 21614 6 21632 93 21757 3 21776 26 21839 8 21889 56 21947 33 22013 3 22033 26 22096 5 22145 56 22203 33 22268 4 22289 26 22402 55 22460 1 22464 22 22489 2 22525 3 22545 26 22659 56 22720 21 22781 3 22798 29 22917 12 22933 41 22976 20 23037 3 23051 31 23126 1 23174 11 23189 62 23294 2 23305 33 23379 6 23435 6 23445 44 23491 13 23561 33 23635 5 23690 7 23701 44 23751 8 23815 35 23892 3 23945 8 23958 43 24071 35 24148 3 24201 8 24215 42 24326 41 24457 9 24473 40 24581 16 24598 28 24712 10 24731 39 24837 16 24855 30 24968 10 24989 44 25093 14 25112 31 25224 10 25245 47 25351 12 25369 37 25413 6 25480 10 25502 48 25607 12 25625 38 25668 9 25737 10 25758 49 25864 10 25882 53 25995 10 26014 50 26121 9 26139 52 26252 9 26269 51 26377 71 26509 8 26525 51 26633 72 26765 8 26781 51 26889 72 27021 8 27037 51 27145 72 27278 6 27293 51 27401 7 27409 65 27537 1 27548 53 27657 7 27665 65 27804 53 27913 74 28059 56 28169 74 28315 56 28426 73 28571 56 28682 73 28827 57 28937 76 29084 56 29193 76 29341 54 29446 80 29588 3 29597 54 29701 81 29853 54 29957 81 30109 51 30213 81 30365 48 30469 82 30621 44 30725 82 30876 45 30982 81 31071 5 31094 8 31131 46 31239 80 31327 6 31349 12 31385 48 31495 79 31581 10 31604 15 31641 47 31751 79 31835 12 31860 15 31897 47 32009 76 32090 13 32115 25 32152 48 32266 75 32346 13 32371 26 32408 48 32524 71 32602 13 32626 30 32663 48 32781 70 32859 11 32875 1 32881 32 32918 49 33041 66 33117 4 33123 2 33127 44 33173 14 33193 30 33299 64 33382 61 33449 30 33557 62 33637 63 33707 28 33813 62 33893 63 33963 28 34069 61 34149 65 34221 33 34325 61 34405 66 34477 34 34581 60 34662 67 34733 23 34757 10 34837 59 34919 66 34989 35 35092 59 35176 67 35245 20 35267 14 35348 59 35432 67 35501 20 35524 13 35603 58 35688 68 35757 18 35781 13 35859 58 35944 85 36037 13 36114 59 36199 84 36294 15 36369 60 36454 82 36551 14 36625 60 36706 82 36808 13 36881 59 36961 82 37065 6 37072 5 37136 59 37216 82 37329 4 37363 10 37392 59 37469 84 37618 12 37647 58 37718 90 37873 15 37903 56 37973 91 38129 15 38158 56 38229 90 38380 20 38414 55 38485 90 38635 21 38669 56 38740 83 38824 7 38889 23 38925 56 38995 81 39082 4 39145 23 39179 57 39249 70 39339 2 39400 24 39435 56 39505 69 39595 2 39656 24 39691 56 39760 69 39851 3 39912 24 39947 55 40015 68 40107 3 40167 25 40203 54 40271 68 40361 6 40423 25 40459 53 40527 68 40616 7 40679 25 40715 51 40783 68 40855 4 40871 8 40934 26 40971 50 41039 68 41110 5 41127 8 41190 26 41226 49 41296 75 41383 8 41446 25 41481 50 41552 75 41639 8 41702 25 41736 51 41808 76 41895 8 41958 23 41992 51 42064 76 42152 6 42214 23 42247 52 42320 68 42389 6 42409 5 42471 21 42503 52 42577 66 42645 6 42666 3 42727 21 42759 52 42833 65 42984 19 43015 52 43088 67 43240 19 43272 50 43344 67 43497 17 43528 49 43600 70 43753 16 43785 47 43855 73 44009 16 44041 46 44111 74 44265 16 44295 47 44366 75 44521 15 44550 47 44621 76 44777 15 44803 49 44877 76 45033 14 45057 50 45133 76 45290 13 45312 51 45388 65 45457 10 45547 12 45568 50 45644 65 45713 9 45802 13 45824 50 45900 64 45970 7 46057 14 46080 49 46156 64 46227 6 46313 14 46336 48 46412 63 46484 4 46568 16 46592 47 46668 63 46742 1 46824 17 46848 44 46924 63 47079 18 47104 42 47180 62 47335 19 47360 39 47423 5 47436 59 47591 20 47616 39 47679 6 47692 59 47847 20 47872 40 47933 8 47948 59 48102 21 48128 41 48189 8 48204 59 48357 22 48384 41 48445 8 48459 60 48613 21 48640 41 48701 8 48715 60 48869 21 48896 41 48957 11 48969 61 49084 3 49125 21 49152 41 49213 72 49339 4 49370 1 49380 22 49408 42 49469 71 49584 3 49595 4 49623 6 49635 24 49664 42 49725 70 49840 3 49851 4 49879 8 49891 24 49920 41 49982 69 50095 4 50106 5 50137 33 50176 41 50238 69 50351 4 50361 5 50393 33 50432 41 50494 66 50608 3 50649 32 50688 41 50749 65 50865 1 50904 31 50944 42 51005 64 51159 31 51200 42 51261 64 51415 30 51456 43 51516 64 51669 31 51712 43 51772 64 51923 32 51968 44 52027 64 52100 9 52175 36 52224 45 52283 64 52355 10 52430 30 52480 51 52538 63 52611 11 52685 28 52736 51 52794 62 52867 12 52941 28 52992 51 53049 61 53123 13 53197 28 53248 51 53305 61 53378 14 53453 28 53504 52 53559 63 53625 6 53633 16 53709 29 53760 53 53815 63 53879 27 53965 29 54016 51 54071 92 54189 8 54221 30 54272 51 54327 92 54445 10 54477 16 54498 10 54528 51 54583 92 54701 13 54734 15 54757 7 54784 51 54839 92 54957 14 54991 14 55015 4 55043 48 55095 92 55212 15 55248 13 55273 2 55285 6 55303 44 55349 94 55460 2 55467 16 55505 12 55541 7 55561 136 55715 6 55723 16 55747 4 55763 10 55795 10 55818 135 55971 6 55978 17 56003 5 56020 9 56051 10 56075 132 56226 25 56259 6 56277 6 56305 11 56331 132 56481 26 56515 6 56534 5 56559 13 56587 131 56737 26 56771 6 56813 16 56843 130 56993 25 57027 5 57067 18 57098 131 57248 23 57317 24 57354 131 57505 21 57573 25 57600 8 57611 130 57761 16 57828 27 57856 8 57867 130 58017 16 58084 27 58112 7 58123 126 58274 14 58300 1 58340 35 58379 125 58531 13 58555 5 58596 34 58637 122 58789 11 58809 8 58853 32 58893 123 59047 9 59065 8 59109 32 59149 74 59229 43 59305 8 59321 8 59365 32 59405 72 59485 44 59561 10 59577 8 59621 32 59661 70 59741 44 59817 10 59833 8 59877 32 59917 70 59997 44 60073 11 60089 7 60133 104 60255 42 60329 10 60347 3 60389 103 60511 43 60585 10 60645 101 60768 41 60841 9 60901 100 61025 40 61098 7 61157 64 61225 30 61286 35 61412 34 61452 25 61481 29 61542 34 61668 33 61710 7 61718 14 61737 28 61797 20 61827 1 61923 33 61976 11 61993 27 62053 20 62179 32 62233 42 62309 20 62435 30 62490 40 62565 20 62690 30 62749 2 62753 31 62819 23 62946 30 63005 34 63075 23 63203 29 63262 29 63331 24 63459 29 63519 29 63586 25 63715 29 63776 19 63803 4 63841 28 63971 29 64032 16 64059 4 64097 28 64228 28 64289 15 64315 4 64337 44 64480 32 64517 4 64545 16 64571 4 64592 45 64735 33 64772 8 64801 16 64828 3 64848 46 64991 33 65028 9 65057 16 65085 2 65103 47 65247 33 65284 10 65314 15 65359 46 65503 33
263633,0 27 79 10 256 28 335 11 512 29 591 11 768 31 847 12 1024 33 1089 8 1102 14 1280 35 1339 16 1357 17 1536 36 1595 41 1792 37 1835 10 1849 45 2048 37 2091 10 2105 46 2304 38 2346 12 2359 48 2560 38 2601 62 2816 39 2857 50 2911 8 3072 39 3113 48 3169 6 3329 79 3585 79 3843 77 4099 64 4165 11 4357 60 4423 9 4613 59 4680 8 4871 54 4937 6 5127 50 5194 5 5383 48 5639 47 5893 47 6149 35 6190 4 6405 34 6661 34 6917 34 7171 36 7425 34 7460 3 7539 5 7681 38 7795 5 7936 39 8051 5 8192 38 8307 6 8448 39 8563 14 8704 40 8818 16 8960 40 9074 17 9216 40 9330 18 9472 41 9585 20 9728 41 9841 20 9984 43 10098 20 10240 43 10354 20 10496 44 10610 21 10752 45 10867 20 11008 46 11123 21 11264 47 11380 19 11520 49 11640 15 11776 49 11897 13 12032 50 12153 11 12289 50 12410 9 12551 44 12667 7 12808 43 13064 42 13319 42 13575 40 13831 40 14087 41 14343 41 14598 43 14853 44 15107 47 15237 2 15253 3 15361 49 15490 7 15507 6 15616 51 15669 2 15745 10 15762 9 15872 57 16000 11 16018 9 16128 59 16253 16 16273 11 16305 7 16384 60 16508 33 16560 9 16640 61 16762 35 16815 12 16897 60 17017 36 17071 12 17153 61 17272 37 17327 14 17409 61 17528 37 17581 16 17665 70 17784 37 17835 18 17921 71 18040 37 18091 18 18177 72 18297 34 18346 19 18433 73 18553 27 18581 4 18602 25 18690 72 18810 25 18858 25 18947 71 19066 24 19114 26 19205 4 19213 60 19322 23 19371 26 19461 1 19469 60 19578 22 19627 26 19726 58 19833 16 19884 25 19968 2 19982 58 20087 18 20141 24 20224 5 20238 58 20337 24 20393 28 20480 6 20494 58 20592 24 20648 29 20736 8 20749 59 20847 22 20903 30 20992 9 21004 60 21103 20 21158 30 21248 72 21359 20 21413 31 21504 72 21615 20 21669 31 21760 72 21873 17 21925 31 22016 71 22132 14 22181 31 22272 71 22390 9 22437 30 22528 71 22648 5 22694 29 22784 5 22791 62 22951 28 23040 4 23048 61 23207 27 23296 3 23305 61 23464 19 23552 3 23563 60 23720 19 23809 4 23824 7 23836 46 23977 16 24066 5 24093 46 24233 15 24321 8 24348 47 24491 10 24577 9 24604 48 24747 8 24833 10 24860 48 25089 10 25116 48 25345 12 25372 48 25602 11 25628 48 25859 10 25883 48 26116 9 26139 48 26374 5 26394 48 26650 47 26905 48 27162 46 27419 44 27675 43 27935 36 28192 33 28449 34 28706 33 28965 31 29221 31 29453 2 29477 32 29534 2 29709 4 29733 32 29787 7 29964 5 29988 33 30043 9 30219 6 30243 34 30299 11 30471 11 30499 34 30555 15 30722 16 30755 34 30811 16 30977 17 31011 34 31066 17 31233 17 31267 34 31322 17 31489 18 31524 34 31578 17 31745 18 31781 33 31833 18 31969 3 32001 18 32037 32 32088 21 32223 7 32257 18 32295 30 32343 24 32478 9 32512 19 32551 30 32599 27 32734 9 32768 19 32807 28 32855 28 32990 10 33024 20 33061 28 33111 28 33247 10 33280 21 33316 27 33367 28 33503 10 33536 23 33563 36 33624 27 33759 10 33792 63 33881 26 34016 9 34048 62 34138 23 34273 6 34304 61 34394 23 34530 5 34561 60 34651 20 34817 60 34907 19 35075 58 35163 18 35332 57 35421 17 35590 54 35681 13 35847 54 35938 12 36104 57 36171 8 36196 10 36291 6 36361 59 36425 10 36453 10 36546 8 36618 73 36709 9 36801 11 36875 72 36966 8 37056 13 37132 36 37169 34 37225 4 37311 18 37387 72 37567 17 37643 72 37822 18 37899 71 38078 18 38155 70 38335 17 38411 69 38591 17 38667 68 38847 17 38922 68 39104 16 39177 69 39361 16 39433 50 39487 14 39617 16 39687 47 39746 10 39875 14 39943 45 40003 8 40131 6 40138 6 40199 44 40262 1 40455 44 40711 44 40877 8 40967 44 41131 14 41223 44 41385 19 41480 44 41641 20 41737 44 41896 23 41994 44 42152 23 42252 43 42408 25 42509 42 42664 27 42766 42 42921 28 43023 42 43177 28 43279 42 43433 28 43535 42 43689 28 43791 40 43944 29 44048 39 44200 29 44307 36 44456 28 44567 32 44712 27 44825 30 44968 27 45081 30 45224 27 45338 30 45480 27 45594 30 45736 27 45850 30 45992 27 46106 31 46248 27 46361 32 46505 27 46616 33 46762 27 46871 35 47019 26 47069 2 47126 36 47275 27 47325 2 47362 2 47381 37 47533 27 47617 5 47636 38 47789 28 47872 7 47889 40 48044 30 48119 4 48128 7 48145 40 48300 30 48374 6 48384 7 48399 42 48451 1 48554 33 48629 9 48640 7 48655 42 48703 6 48807 37 48885 10 48896 5 48909 58 49062 38 49140 11 49152 5 49165 58 49317 39 49395 12 49408 1 49419 62 49573 39 49651 10 49675 62 49829 39 49905 12 49931 63 50085 39 50159 13 50187 63 50341 39 50414 13 50444 63 50597 38 50670 13 50700 7 50712 51 50853 38 50926 13 50957 4 50971 48 51109 38 51182 13 51228 47 51365 37 51438 13 51486 47 51622 35 51694 5 51742 47 51873 40 51951 4 51999 46 52058 5 52125 42 52255 45 52314 7 52379 42 52511 45 52569 9 52632 44 52767 44 52825 10 52887 45 53025 42 53079 12 53143 44 53281 42 53335 13 53399 44 53537 42 53585 20 53655 44 53793 42 53840 22 53911 44 54049 41 54095 24 54168 23 54197 13 54254 6 54305 40 54351 25 54424 22 54454 11 54509 8 54561 40 54607 26 54681 20 54713 1 54765 9 54817 39 54863 26 54937 19 55021 10 55073 38 55119 26 55194 17 55277 10 55329 72 55451 15 55532 11 55557 5 55584 73 55683 1 55709 11 55788 11 55813 6 55840 73 55935 8 55966 9 56044 11 56069 7 56085 1 56096 73 56187 14 56223 10 56299 12 56325 8 56339 5 56353 71 56443 14 56479 10 56491 5 56555 12 56581 8 56593 10 56607 72 56698 16 56737 16 56811 14 56837 8 56849 85 56953 18 56993 16 57066 21 57092 97 57209 18 57249 17 57289 1 57319 25 57348 96 57465 18 57504 19 57537 12 57573 27 57605 93 57721 18 57752 3 57759 28 57789 18 57817 2 57829 27 57861 92 57977 17 58007 5 58013 50 58071 5 58084 28 58117 91 58233 15 58262 72 58341 27 58373 91 58490 13 58517 74 58597 27 58629 90 58746 13 58773 74 58852 28 58885 88 59002 12 59029 74 59107 29 59141 28 59173 53 59259 9 59286 73 59363 29 59397 25 59429 52 59515 8 59541 74 59619 29 59654 23 59683 52 59773 4 59797 73 59875 29 59911 21 59939 52 60030 1 60053 73 60131 29 60167 6 60175 12 60191 54 60310 70 60388 28 60424 3 60432 11 60445 56 60550 1 60567 68 60644 28 60691 4 60700 56 60803 16 60823 65 60900 28 60956 55 61059 16 61080 60 61156 28 61212 55 61314 18 61336 58 61411 23 61468 54 61569 21 61592 57 61667 23 61724 47 61825 79 61921 25 61980 47 62080 80 62177 25 62236 45 62335 79 62433 25 62492 45 62591 78 62689 26 62747 45 62844 79 62944 27 63003 45 63099 80 63200 27 63258 45 63353 78 63456 28 63514 45 63607 79 63712 28 63770 45 63861 79 63968 29 64026 45 64116 79 64224 31 64282 45 64369 82 64479 33 64538 45 64625 80 64734 34 64778 3 64794 43 64880 53 64935 24 64989 35 65035 2 65050 42 65136 49 65192 21 65245 35 65306 39 65392 17 65418 23 65450 12 65501 35
268600,0 25199 25205 250 25465 246 25723 246 25983 242 26227 1 26239 246 26495 247 26750 315 27067 254 27323 254 27581 252 27837 254 28093 27259 55353 71 55426 180 55610 69 55683 179 55866 69 55939 178 56123 68 56195 178 56379 68 56451 178 56634 69 56708 177 56890 69 56964 177 57145 72 57220 177 57401 7936 65341 195
269087,0 28246 28247 11177 39425 255 39681 255 39937 255 40193 255 40449 255 40705 2303 43009 255 43266 254 43523 253 43779 253 44035 253 44292 252 44548 252 44804 252 45060 252 45316 252 45572 252 45828 252 46084 252 46341 251 46597 251 46853 251 47109 251 47364 252 47619 253 47873 255 48129 255 48385 255 48641 255 48897 255 49154 254 49410 254 49666 254 49923 253 50179 253 50435 253 50691 253 50947 253 51203 253 51460 252 51717 251 51973 251 52229 251 52485 251 52741 251 52997 251 53254 250 53510 250 53767 249 54023 249 54279 249 54534 250 54789 251 55045 251 55301 251 55557 251 55813 251 56068 252 56324 252 56580 252 56836 252 57092 252 57348 252 57604 252 57859 253 58115 253 58371 253 58627 253 58883 253 59139 253 59394 254 59650 254 59905 255 60161 2047 62209 255 62466 254 62723 253 62980 252 63237 251 63493 251 63749 251 64005 251 64261 251 64517 251 64774 250 65030 250 65287 249
270495,0 11 40 47 91 4 123 2 175 36 222 3 227 4 235 6 256 11 297 46 350 1 431 36 479 2 484 13 512 10 553 46 606 1 687 36 735 2 740 13 768 10 809 47 943 36 997 12 1024 9 1065 47 1199 36 1253 12 1280 9 1321 47 1441 8 1453 40 1512 10 1536 9 1576 48 1695 54 1764 2 1768 10 1791 10 1831 49 1905 2 1915 2 1940 5 1946 59 2018 16 2045 12 2087 26 2117 19 2160 3 2171 3 2195 67 2273 17 2300 13 2343 24 2384 7 2415 6 2426 4 2451 67 2531 15 2555 14 2599 24 2670 7 2681 5 2707 67 2783 1 2787 14 2811 13 2856 22 2923 19 2962 39 3002 27 3046 11 3067 12 3113 20 3179 19 3218 38 3258 26 3304 9 3323 9 3370 9 3434 21 3474 35 3514 25 3561 8 3582 5 3627 7 3690 21 3730 36 3769 26 3817 8 3839 4 3945 22 3986 64 4074 7 4096 2 4201 22 4242 63 4330 8 4352 3 4457 20 4497 64 4587 6 4608 5 4627 8 4712 21 4753 64 4844 5 4864 7 4877 20 4968 21 5009 63 5120 8 5132 22 5224 21 5265 62 5367 4 5376 10 5387 24 5479 22 5520 53 5621 7 5632 35 5735 22 5776 53 5877 7 5888 33 5992 18 6032 53 6133 6 6144 32 6248 17 6288 54 6389 6 6400 31 6506 14 6544 43 6593 4 6645 4 6656 11 6668 19 6739 2 6743 2 6763 13 6800 43 6903 1 6912 11 6925 18 6995 5 7023 8 7057 42 7168 11 7181 18 7251 2 7283 1 7314 41 7424 11 7439 16 7572 39 7627 2 7680 13 7695 16 7829 38 7881 7 7936 31 8085 38 8136 11 8192 31 8342 38 8392 11 8448 30 8600 35 8647 14 8704 29 8857 5 8867 24 8903 14 8960 28 9126 21 9159 14 9216 27 9383 20 9415 14 9472 25 9555 4 9640 19 9672 13 9728 22 9799 6 9810 7 9896 19 9929 11 9984 19 10042 37 10153 18 10187 7 10239 20 10297 39 10409 18 10495 19 10551 43 10666 17 10751 19 10806 45 10922 17 11007 19 11061 49 11178 13 11263 20 11317 49 11435 6 11520 19 11573 49 11691 4 11776 19 11829 48 11947 4 12032 20 12085 46 12288 20 12341 44 12544 20 12595 44 12670 4 12801 18 12850 45 12923 8 13060 15 13105 44 13178 12 13316 15 13361 44 13433 22 13573 13 13616 43 13680 2 13687 26 13801 4 13828 13 13871 44 13936 3 13941 29 14055 7 14083 14 14127 44 14190 37 14310 12 14338 15 14383 44 14445 38 14565 15 14593 16 14637 48 14699 41 14821 18 14849 16 14893 52 14953 43 15001 1 15077 19 15105 16 15148 105 15255 5 15301 5 15332 21 15361 16 15404 113 15555 8 15587 22 15618 15 15660 113 15810 10 15831 1 15843 24 15875 15 15916 113 16065 12 16086 3 16099 24 16130 17 16172 113 16318 16 16341 5 16355 25 16386 18 16428 113 16573 18 16595 7 16611 25 16641 20 16685 112 16809 3 16818 31 16851 8 16867 25 16897 20 16942 112 17065 51 17123 26 17152 21 17199 111 17319 86 17408 21 17455 111 17575 86 17664 21 17713 50 17765 58 17830 87 17920 22 17970 47 18027 53 18085 47 18133 40 18176 21 18225 48 18285 52 18340 89 18432 11 18445 8 18479 50 18541 144 18688 10 18702 6 18733 52 18797 144 18944 11 18959 5 18987 54 19052 145 19200 11 19242 54 19307 147 19456 11 19497 55 19561 149 19712 11 19752 56 19815 151 19968 11 20007 57 20070 141 20214 8 20224 10 20261 62 20324 117 20443 22 20471 4 20480 10 20515 182 20699 20 20729 2 20737 8 20771 182 20955 19 20995 6 21027 181 21212 17 21283 180 21469 13 21539 180 21725 12 21795 130 21927 48 21982 9 22025 3 22051 130 22184 46 22239 6 22278 7 22307 131 22441 45 22515 6 22533 9 22563 131 22698 43 22767 10 22789 9 22820 130 22954 42 23021 13 23045 9 23076 130 23210 41 23277 14 23301 9 23332 129 23465 40 23530 18 23557 8 23588 172 23786 19 23811 9 23844 171 24040 22 24067 8 24100 170 24295 23 24322 9 24355 170 24550 24 24578 9 24611 170 24805 25 24833 10 24868 168 25060 27 25089 10 25124 168 25311 32 25346 9 25381 68 25452 95 25564 35 25603 8 25624 1 25637 68 25709 68 25778 25 25819 36 25859 8 25876 7 25893 45 25944 15 25967 66 26039 20 26073 38 26116 6 26127 13 26151 43 26202 11 26224 65 26297 18 26329 38 26373 2 26382 15 26407 41 26461 6 26482 62 26550 20 26585 37 26637 16 26662 42 26740 59 26805 20 26840 37 26893 16 26917 42 26998 57 27059 22 27096 35 27148 19 27172 42 27254 57 27314 23 27351 34 27401 60 27510 57 27568 25 27607 32 27657 59 27766 83 27863 32 27912 57 28022 82 28119 30 28167 57 28277 83 28375 29 28423 55 28534 81 28631 27 28680 51 28791 80 28887 27 28936 49 29047 56 29105 21 29142 27 29192 49 29304 30 29336 22 29362 19 29398 27 29448 35 29484 13 29562 27 29594 17 29625 11 29654 26 29704 35 29740 13 29819 24 29851 14 29883 8 29910 25 29960 49 30077 12 30141 4 30167 24 30216 48 30335 10 30423 24 30472 49 30595 5 30669 6 30680 22 30717 3 30728 51 30853 2 30924 7 30937 21 30972 4 30985 51 31179 9 31193 21 31227 8 31241 52 31435 9 31449 20 31483 13 31497 52 31689 11 31707 16 31737 69 31945 11 31963 16 31993 80 32202 11 32219 14 32248 82 32458 11 32475 14 32503 82 32715 10 32731 13 32759 80 32971 10 32987 13 33015 54 33071 22 33229 8 33243 12 33272 76 33366 1 33487 7 33499 11 33528 61 33595 6 33619 6 33627 1 33639 2 33744 7 33757 8 33785 7 33793 51 33852 3 33875 6 33883 1 33894 4 34001 5 34014 6 34041 7 34049 51 34131 7 34151 4 34257 3 34298 6 34305 51 34387 7 34407 4 34555 5 34561 52 34643 7 34663 5 34811 5 34817 53 34900 6 34918 7 35067 13 35081 46 35157 5 35173 9 35323 6 35334 49 35413 5 35429 10 35578 6 35591 48 35668 7 35685 11 35833 7 35847 49 35925 6 35941 11 35966 1 36089 7 36103 49 36163 3 36182 9 36198 10 36220 6 36345 7 36359 39 36399 9 36418 5 36441 6 36455 10 36475 9 36602 1 36615 38 36655 9 36674 3 36712 9 36730 14 36871 38 36911 9 36931 2 36968 9 36985 16 37127 38 37166 10 37225 8 37239 19 37384 35 37420 12 37481 8 37493 22 37641 34 37676 12 37737 5 37745 26 37796 1 37898 33 37932 12 37993 4 38001 27 38051 7 38156 21 38188 12 38249 2 38259 26 38305 10 38330 3 38413 20 38443 13 38516 26 38560 12 38585 5 38679 9 38700 11 38772 27 38815 13 38840 9 38936 7 38957 9 39029 29 39067 18 39095 14 39194 4 39213 6 39285 56 39351 15 39451 1 39471 3 39541 56 39607 15 39797 56 39863 16 40030 3 40053 56 40119 16 40188 4 40249 10 40309 55 40375 16 40441 7 40504 15 40564 56 40631 16 40695 9 40758 19 40820 55 40888 15 40951 9 41013 20 41075 55 41144 14 41207 9 41269 22 41331 54 41401 12 41463 9 41524 23 41587 54 41657 12 41719 9 41780 24 41843 54 41913 12 41931 5 41975 9 42036 24 42099 53 42169 11 42185 8 42231 9 42292 24 42356 51 42422 28 42488 8 42549 23 42612 51 42677 30 42724 2 42744 8 42805 22 42869 49 42932 32 42977 11 43000 8 43062 21 43125 48 43187 33 43233 12 43256 8 43320 18 43384 43 43443 34 43488 16 43512 9 43577 17 43641 42 43699 34 43743 18 43768 15 43835 14 43898 41 43956 34 43995 22 44023 16 44091 13 44139 2 44155 39 44212 35 44251 23 44279 18 44347 12 44393 5 44412 4 44421 30 44469 61 44535 18 44604 9 44648 7 44677 30 44725 61 44791 19 44903 9 44935 28 44981 60 45048 18 45158 17 45193 25 45237 59 45305 17 45409 24 45449 15 45467 7 45493 56 45568 10 45647 4 45665 26 45705 15 45725 2 45749 55 45824 10 45897 12 45920 29 45961 15 46004 55 46080 9 46152 13 46176 29 46217 15 46260 32 46293 21 46336 9 46408 13 46431 32 46473 15 46517 28 46551 19 46592 9 46663 15 46687 32 46729 15 46774 26 46809 16 46848 8 46919 56 46984 16 47033 22 47069 4 47075 4 47104 7 47175 57 47240 16 47290 20 47360 7 47432 56 47496 5 47507 4 47547 18 47616 7 47688 55 47752 5 47804 17 47872 5 47945 53 48007 6 48061 16 48128 5 48202 51 48263 6 48318 15 48384 5 48459 50 48519 6 48575 12 48640 5 48715 50 48776 4 48833 8 48896 5 48972 49 49033 2 49152 5 49222 1 49226 50 49289 1 49408 4 49475 56 49664 4 49731 56 49920 5 49985 58 50176 5 50239 60 50432 5 50495 59 50688 6 50751 59 50911 4 50944 7 50957 6 51006 65 51167 5 51200 7 51211 10 51261 70 51423 5 51456 8 51465 14 51514 76 51678 7 51711 26 51769 78 51935 6 51967 31 52021 83 52191 6 52223 32 52276 84 52447 6 52479 32 52531 85 52705 4 52735 32 52785 87 52961 2 52991 33 53039 89 53248 32 53294 89 53504 32 53550 88 53760 33 53805 89 54016 33 54061 68 54130 19 54273 32 54317 66 54387 18 54529 32 54573 65 54642 19 54785 32 54828 66 54897 20 55041 32 55083 67 55152 23 55297 32 55339 93 55553 32 55596 95 55809 33 55852 95 56065 33 56108 96 56321 34 56364 97 56576 39 56618 99 56832 38 56873 99 57088 38 57129 98 57344 38 57385 99 57600 37 57641 100 57856 37 57897 100 58047 1 58112 37 58152 100 58273 1 58280 3 58303 1 58368 36 58408 98 58526 15 58559 1 58598 8 58624 36 58663 97 58777 20 58847 17 58880 135 59031 22 59102 19 59136 134 59286 24 59357 20 59392 134 59541 25 59612 21 59648 134 59797 25 59865 24 59904 134 60053 25 60120 25 60160 135 60309 24 60375 25 60416 136 60565 24 60631 24 60672 137 60821 22 60887 24 60928 138 61078 21 61143 24 61184 139 61334 20 61399 22 61440 139 61591 18 61655 22 61696 140 61847 16 61911 22 61952 141 62103 16 62167 22 62208 141 62360 13 62421 24 62464 141 62617 11 62676 26 62720 141 62873 9 62931 27 62976 141 63131 6 63186 29 63232 51 63291 69 63364 10 63441 30 63488 49 63549 67 63619 11 63697 30 63744 48 63811 56 63870 17 63954 31 64000 47 64070 52 64127 16 64210 31 64256 46 64325 54 64382 17 64468 31 64512 46 64581 54 64637 18 64725 31 64768 45 64836 74 64981 31 65024 45 65092 74 65237 31 65280 45 65347 22 65372 9 65387 34 65494 31
271746,3499 4 3755 4 4011 4 4266 5 8175 4 8431 4 8686 5 8942 5 9197 6 9453 7 9709 7 9965 8 10221 9 10477 10 10733 10 10990 9 11247 9 11503 8 11759 8 12015 7 12269 8 12523 8 12777 11 13033 11 13288 12 13543 13 13767 6 13799 13 14023 6 14055 13 14311 13 14567 13 14825 11 15081 11 15337 10 15593 10 15850 8 16106 7 16817 4 17071 6 17326 7 17583 6 17841 1 19361 6 19617 6 19873 6 20129 7 20387 4 20644 1 21248 4 21504 4 21760 5 22016 5 22272 4 22528 3 22784 1 25273 1 25528 3 25785 1 26292 1 29923 2 30179 8 30434 9 30690 9 30946 10 31202 10 31459 9 31715 8 31972 7 42487 4 42742 6 42997 8 43253 8 43508 9 43764 8 44021 6 44277 4 44535 1 45543 5 45799 6 46054 9 46309 11 46551 4 46565 11 46807 6 46820 13 47061 12 47075 14 47317 27 47360 3 47570 29 47616 5 47825 30 47872 5 48081 29 48128 5 48336 29 48384 5 48549 2 48592 6 48600 11 48615 4 48640 5 48804 4 48849 4 48857 9 48896 5 49059 6 49105 3 49113 8 49152 4 49315 6 49361 4 49369 7 49408 1 49571 6 49615 2 49619 4 49624 6 49827 6 49871 2 49874 11 49961 6 50083 6 50128 12 50216 9 50338 8 50384 11 50471 12 50595 8 50641 11 50727 12 50851 8 50897 11 50983 14 51109 7 51153 11 51239 14 51366 7 51409 11 51495 14 51622 7 51666 10 51751 14 51878 7 51922 9 52008 12 52135 5 52183 1 52265 10 52391 5 52515 1 52522 9 52649 1 52771 2 52779 8 53026 3 53037 5 53246 2 53282 3 53293 4 53500 4 53538 3 53549 4 53753 7 53794 3 53805 4 54008 8 54060 5 54262 10 54315 6 54343 4 54517 11 54571 6 54598 7 54772 12 54828 5 54854 7 55028 12 55085 4 55109 11 55123 4 55283 13 55341 2 55365 20 55539 13 55621 21 55795 13 55877 21 56051 13 56133 21 56306 14 56389 21 56562 14 56645 20 56819 13 56901 20 57076 12 57157 18 57335 9 57413 18 57593 7 57669 15 57926 11 58183 6 58368 2 58441 2 58624 9 58880 10 59136 11 59392 12 59648 13 59904 13 60160 13 60416 13 60672 12 60841 5 60928 12 61097 6 61184 11 61351 11 61440 11 61607 11 61637 4 61696 11 61862 13 61885 14 61952 11 62118 13 62141 14 62208 10 62373 15 62397 14 62464 9 62629 16 62653 14 62720 7 62885 16 62909 14 63141 16 63165 14 63398 15 63422 13 63655 14 63679 12 63912 11 63936 9 64168 9 64193 8 64424 5 64681 2 64932 4 65187 6 65423 5 65443 6
274444,0 65536
280079,0 65536
283388,14 199 215 20 270 223 509 3 526 196 723 27 763 5 782 225 1015 9 1038 227 1270 10 1295 241 1551 241 1807 241 2063 232 2296 8 2321 239 2577 239 2835 237 3093 235 3357 8 3368 216 3613 8 3625 215 3881 215 4137 215 4394 214 4651 83 4735 129 4907 80 4992 108 5102 18 5163 79 5249 107 5358 18 5420 74 5505 107 5613 19 5677 72 5762 126 5933 72 6019 125 6189 71 6275 125 6417 9 6445 70 6531 125 6672 12 6702 32 6744 27 6788 124 6927 22 6961 29 7002 23 7045 108 7155 13 7183 24 7218 29 7259 20 7301 106 7411 13 7438 26 7475 28 7515 16 7557 103 7669 11 7693 27 7731 28 7771 15 7814 101 7925 11 7947 29 7986 29 8027 14 8071 99 8178 14 8201 31 8242 29 8284 11 8329 96 8434 14 8453 36 8495 32 8542 7 8587 92 8691 13 8709 37 8750 33 8845 89 8947 13 8964 74 9101 88 9205 11 9219 75 9357 86 9462 10 9475 76 9615 82 9721 7 9731 76 9871 82 9979 5 9987 78 10093 5 10129 77 10238 2 10243 78 10349 6 10385 76 10495 1 10501 4 10508 69 10604 7 10640 76 10767 66 10860 7 10896 75 11025 64 11116 13 11151 76 11282 62 11373 13 11407 75 11539 10 11553 44 11630 13 11662 75 11795 10 11809 38 11890 9 11919 73 12051 9 12069 34 12147 12 12177 4 12187 60 12307 9 12328 11 12340 18 12403 13 12445 56 12563 8 12586 5 12597 16 12659 14 12701 53 12802 5 12820 7 12853 16 12915 14 12957 52 13056 8 13109 15 13172 13 13213 42 13261 3 13312 9 13365 14 13429 12 13470 39 13568 9 13621 12 13685 12 13726 37 13824 10 13877 11 13942 11 13982 37 14080 10 14135 4 14199 10 14239 36 14323 8 14336 10 14455 10 14495 36 14579 10 14592 10 14711 9 14753 32 14786 9 14834 11 14848 9 14967 8 15011 30 15042 11 15065 2 15090 12 15104 9 15224 7 15285 7 15298 12 15319 5 15346 13 15360 8 15479 8 15542 5 15553 14 15574 7 15601 13 15616 7 15733 10 15809 31 15857 13 15872 7 15989 10 16065 32 16113 13 16128 7 16245 11 16310 3 16320 34 16369 14 16384 7 16427 4 16501 11 16565 4 16576 35 16625 21 16682 5 16757 12 16820 8 16832 35 16881 21 16938 6 17013 12 17075 11 17087 36 17137 8 17149 8 17193 8 17269 13 17331 49 17393 6 17406 7 17449 7 17525 13 17587 49 17650 4 17706 6 17780 15 17843 50 17962 6 18036 15 18099 50 18293 14 18356 49 18549 14 18577 2 18613 48 18805 14 18831 6 18870 47 19061 14 19087 6 19127 46 19317 14 19341 10 19395 34 19574 12 19598 11 19652 33 19831 11 19854 17 19910 32 20087 11 20110 17 20167 31 20344 8 20366 19 20423 31 20601 6 20621 21 20679 31 20877 22 20934 32 21133 23 21164 1 21189 33 21389 24 21419 5 21444 35 21645 24 21674 7 21700 35 21901 24 21930 8 21955 38 22157 25 22185 10 22211 38 22414 24 22442 9 22467 39 22584 1 22671 24 22698 9 22723 40 22838 5 22929 24 22954 9 22980 39 23093 8 23186 23 23210 9 23237 38 23349 8 23445 19 23467 8 23493 38 23605 8 23701 19 23723 8 23749 38 23862 7 23961 12 24005 38 24118 8 24225 2 24261 37 24375 6 24518 36 24632 5 24775 35 25032 34 25288 34 25545 33 25801 33 25861 2 26059 30 26115 6 26315 30 26368 13 26573 27 26624 14 26831 24 26880 15 27090 19 27136 15 27171 3 27347 18 27392 15 27424 8 27605 15 27648 15 27679 10 27862 14 27904 15 27935 10 28120 11 28160 15 28190 12 28377 10 28416 17 28446 12 28595 3 28672 18 28702 12 28851 4 28928 20 28958 12 29105 7 29184 20 29215 11 29360 9 29440 21 29472 10 29615 10 29696 21 29728 9 29871 10 29952 22 30127 10 30208 22 30382 11 30464 23 30639 10 30720 23 30895 9 30977 23 31151 8 31235 21 31408 6 31495 5 31505 8 31763 6 32021 5 32277 6 32533 6 32789 6 33045 6 33301 6 33558 5 33815 3 38309 6 38562 9 38815 12 38849 4 39055 4 39068 16 39105 4 39309 10 39323 17 39360 6 39565 11 39578 19 39616 6 39821 36 39871 7 40077 38 40127 7 40333 40 40383 7 40589 41 40639 8 40844 43 40895 8 41099 45 41151 9 41353 49 41407 10 41609 51 41663 11 41863 69 42119 70 42373 71 42629 71 42885 71 43141 71 43397 70 43488 12 43651 72 43743 14 43902 73 43977 1 43998 16 44157 73 44254 17 44412 73 44509 18 44667 73 44765 18 44923 72 45021 19 45180 71 45277 19 45437 69 45533 18 45693 69 45790 17 45843 5 45949 68 46046 16 46099 6 46206 67 46303 14 46354 7 46461 68 46559 11 46609 8 46717 68 46815 9 46865 7 46972 68 47071 6 47121 6 47227 69 47328 4 47378 3 47483 70 47555 2 47561 8 47738 89 47994 69 48064 20 48250 68 48320 21 48505 93 48761 94 49016 97 49272 98 49528 99 49785 99 49891 2 50041 100 50145 6 50298 101 50400 7 50553 113 50809 114 51063 18 51090 89 51318 21 51347 89 51573 25 51604 88 51829 27 51859 90 52085 120 52341 120 52598 120 52854 120 53115 114 53373 112 53630 111 53886 111 54143 110 54399 110 54656 109 54913 108 55171 105 55282 1 55428 103 55538 1 55686 11 55711 76 55793 3 55944 6 55970 73 56049 3 56227 72 56306 2 56483 72 56562 2 56739 83 56859 3 56994 85 57112 9 57249 86 57367 12 57505 88 57623 14 57761 88 57879 14 58017 89 58133 16 58274 88 58388 17 58530 88 58643 18 58787 87 58899 18 59044 87 59154 19 59307 80 59410 18 59565 79 59666 17 59823 78 59922 17 60080 78 60178 16 60337 78 60434 16 60594 78 60691 14 60719 6 60852 76 60947 14 60974 9 61109 75 61205 10 61229 11 61367 73 61461 10 61485 11 61623 73 61740 13 61880 72 61996 13 62137 70 62252 14 62395 69 62508 14 62536 1 62652 68 62763 15 62789 6 62911 65 63019 16 63045 7 63169 63 63275 16 63292 3 63300 9 63426 62 63532 33 63681 63 63788 33 63937 63 64044 33 64193 63 64301 33 64449 63 64557 33 64705 63 64813 8 64822 25 64961 63 65071 4 65079 24 65218 62 65335 23 65475 61
283877,209 8 239 17 465 8 495 17 722 6 752 16 980 1 1009 15 1265 15 1523 13 1779 13 2035 13 2242 3 2292 12 2497 4 2549 11 2752 6 2805 11 3008 5 3063 9 3265 4 3319 9 3577 7 3833 7 4089 7 4345 7 4601 7 4857 7 5115 4 22016 1 22272 4 22528 5 22784 5 23040 5 23296 6 23552 7 23808 7 24064 7 24320 7 24576 7 24832 6 25034 3 25088 5 25289 4 25545 5 25801 5 26057 4 26313 4 31387 4 31598 8 31641 8 31853 10 31896 10 32107 13 32151 12 32169 2 32362 15 32406 14 32425 4 32617 18 32661 16 32681 4 32872 19 32917 16 32937 4 33127 20 33173 17 33193 4 33383 21 33429 26 33637 24 33684 28 33893 24 33941 28 34148 25 34197 28 34403 27 34453 29 34659 27 34709 30 34773 2 34915 28 34964 31 35027 5 35171 28 35219 32 35281 8 35427 28 35475 33 35537 9 35683 28 35731 33 35791 12 35939 28 35987 34 36047 12 36195 27 36243 37 36303 12 36450 28 36499 38 36559 12 36706 27 36753 41 36815 11 36962 26 37009 42 37071 10 37218 23 37265 42 37328 9 37475 21 37521 42 37584 8 37733 16 37777 43 37841 7 37989 16 38033 43 38097 6 38254 2 38290 43 38546 43 38803 42 39059 42 39315 9 39328 29 39571 8 39585 28 39830 1 39843 24 40099 24 40355 9 40365 12 40611 9 40622 11 40867 8 40881 5 41123 8 41379 8 41635 7 41892 4 43019 1 43273 5 43529 5 43783 8 43913 1 43934 3 44039 8 44169 2 44189 5 44295 8 44425 1 44446 3 44551 7 44702 3 44807 6 46030 2 46285 5 46537 10 46790 13 47043 17 47295 21 47549 23 47602 5 47805 23 47857 8 48059 25 48109 16 48314 25 48365 17 48569 26 48620 19 48825 26 48876 20 49080 27 49133 19 49336 27 49389 19 49593 26 49645 19 49849 26 49902 18 50107 23 50158 18 50322 3 50363 22 50415 17 50577 4 50619 20 50671 17 50833 3 50876 18 50928 16 51088 3 51133 16 51184 16 51337 4 51389 15 51440 16 51592 6 51645 13 51696 16 51848 6 51902 11 51952 16 52104 5 52159 7 52209 15 52361 4 52416 5 52465 15 52627 9 52721 15 52883 10 52977 15 53138 13 53233 13 53391 18 53490 10 53646 21 53747 5 53901 22 54004 3 54157 24 54413 24 54669 24 54925 24 55181 25 55437 25 55693 26 55949 26 56206 25 56463 24 56719 22 56977 11 56992 2 57142 7 57237 3 57397 9 57651 13 57907 14 58163 15 58419 20 58675 21 58931 22 59187 22 59443 23 59700 23 59956 23 60211 24 60467 24 60723 25 60978 26 61234 26 61271 6 61489 27 61524 10 61745 28 61776 15 62001 28 62031 16 62257 26 62287 17 62513 26 62542 19 62769 25 62799 18 63025 24 63055 18 63281 20 63311 19 63537 18 63567 18 63793 17 63824 17 64048 17 64081 16 64305 15 64338 14 64561 14 64594 13 64818 12 64851 12 65074 11 65107 12 65331 8 65364 10
291134,0 65536
293458,137 2 147 44 309 1 403 44 565 2 659 43 812 6 820 3 916 42 1067 12 1172 42 1322 13 1428 41 1578 13 1683 42 1831 16 1937 44 2085 18 2193 44 2340 20 2439 52 2595 22 2695 50 2851 23 2949 48 3106 24 3199 54 3362 25 3453 55 3618 24 3707 57 3874 17 3929 2 3954 66 4130 16 4184 4 4210 66 4386 15 4439 6 4465 67 4642 15 4669 7 4694 8 4721 67 4898 15 4924 9 4949 10 4976 68 5155 14 5179 11 5204 11 5232 69 5375 1 5411 13 5435 12 5459 12 5488 71 5612 4 5631 1 5667 14 5690 13 5715 12 5744 73 5866 7 5887 1 5924 14 5945 14 5970 13 6001 75 6119 12 6181 14 6201 13 6225 14 6257 75 6374 14 6437 15 6455 16 6480 15 6513 76 6629 15 6693 35 6735 16 6769 76 6885 15 6903 2 6950 35 6989 18 7025 76 7141 27 7207 55 7281 76 7397 27 7463 6 7475 43 7538 76 7654 26 7720 3 7732 42 7794 76 7911 25 7989 41 8049 78 8167 25 8245 41 8305 78 8425 23 8502 40 8560 79 8681 23 8759 39 8816 79 8937 23 9015 42 9071 80 9193 23 9259 2 9270 45 9327 80 9449 23 9513 6 9524 48 9582 80 9703 25 9769 7 9779 50 9838 24 9864 53 9957 27 10026 60 10093 24 10123 2 10129 41 10209 31 10282 11 10294 48 10349 24 10387 33 10465 31 10539 9 10551 48 10606 22 10647 18 10719 33 10795 8 10807 49 10863 21 10909 10 10975 33 11051 6 11065 48 11119 20 11169 2 11230 34 11309 4 11321 74 11486 34 11578 73 11742 34 11835 72 11997 35 12091 72 12253 35 12348 71 12509 35 12604 71 12765 35 12832 1 12843 1 12861 70 12998 3 13020 36 13085 24 13117 41 13160 27 13209 4 13252 6 13276 36 13331 5 13338 29 13374 40 13415 29 13465 4 13507 6 13532 36 13586 38 13631 39 13671 30 13720 6 13759 10 13788 36 13841 39 13888 38 13927 20 13950 7 13976 6 14015 9 14044 36 14097 40 14147 56 14207 10 14233 4 14271 8 14295 2 14301 35 14353 40 14405 52 14463 12 14527 8 14549 7 14559 33 14609 40 14663 48 14719 14 14783 7 14803 45 14865 41 14919 28 14951 16 14976 14 15038 8 15057 47 15121 42 15177 24 15207 14 15232 14 15294 8 15312 48 15377 42 15435 20 15463 14 15487 15 15550 8 15567 49 15633 43 15703 5 15719 12 15743 15 15806 8 15821 51 15889 23 15915 17 15975 12 15999 15 16062 8 16075 53 16145 18 16173 16 16232 10 16249 21 16319 65 16401 16 16429 16 16488 9 16505 21 16575 65 16657 16 16687 14 16745 6 16760 21 16831 65 16914 15 16945 12 17003 2 17016 21 17088 64 17170 15 17203 10 17271 20 17345 63 17427 13 17459 10 17528 18 17601 63 17685 11 17717 9 17785 10 17857 63 17941 10 17973 9 18042 7 18113 63 18200 6 18231 6 18299 2 18367 65 18489 3 18623 65 18877 67 19133 67 19388 68 19643 68 19899 63 20155 62 20411 62 20667 62 20923 62 21179 62 21278 7 21435 62 21533 8 21691 62 21787 12 21949 60 22043 12 22206 59 22299 12 22462 59 22555 12 22719 58 22812 9 22975 58 23069 7 23231 58 23487 58 23743 58 23929 2 24001 55 24183 6 24257 54 24437 9 24515 52 24685 4 24693 9 24771 51 24938 21 25029 47 25193 22 25285 46 25447 24 25541 43 25699 28 25798 41 25953 32 26056 36 26209 33 26313 32 26463 36 26569 26 26719 36 26825 20 26974 38 27081 17 27230 38 27339 12 27485 40 27599 2 27741 41 27997 42 28253 42 28509 42 28765 42 29021 42 29277 43 29533 43 29789 43 30045 42 30301 42 30557 42 30813 42 31069 42 31325 42 31572 3 31583 40 31827 8 31839 39 32081 51 32335 52 32589 51 32843 50 33099 40 33355 38 33610 27 33640 3 33867 25 34124 23 34381 21 34639 16 34897 10 35155 7 35411 4
295041, 
303895,0 33285 33287 249 33551 241 33808 240 34071 233 34331 229 34593 223 34854 218 35113 215 35372 212 35635 205 35893 203 36157 195 36416 192 36677 187 36937 183 37198 178 37457 175 37720 168 37978 166 38241 159 38501 155 38760 152 39019 149 39283 141 39542 138 39805 131 40062 130 40323 125 40583 121 40844 116 41104 112 41368 104 41626 102 41891 93 42147 93 42410 86 42672 80 42931 77 43190 74 43452 68 43711 65 43972 60 44231 57 44495 49 44754 46 45015 41 45275 37 45537 31 45797 27 46059 21 46319 17 46579 13 46840 8 47099 5 47357 3
304629,0 15356 15358 1528 16888 253 17145 249 17395 2 17401 253 17657 254 17912 5 17920 253 18176 252 18432 252 18688 244 18937 2 18944 244 19193 2 19200 244 19449 2 19456 244 19705 2 19712 244 19968 244 20224 241 20480 241 20736 236 20975 1 20992 236 21242 1 21248 238 21497 2 21504 239 21753 2 21760 240 22016 240 22272 252 22528 252 22784 253 23040 253 23296 254 23552 254 23808 254 24064 254 24320 255 24576 255 24832 23548 48384 250 48640 249 48896 247 49152 247 49408 245 49664 245 49920 237 50161 3 50176 237 50417 2 50432 237 50673 6 50688 237 50929 8 50944 237 51184 12 51200 251 51456 251 51712 251 51968 251 52224 251 52480 253 52736 234 52975 14 52992 233 53231 14 53248 233 53487 14 53504 233 53743 14 53760 233 53999 14 54016 233 54255 14 54272 233 54511 13 54528 233 54769 10 54784 232 55026 9 55040 232 55283 8 55296 233 55539 8 55552 233 55796 5 55808 233 56052 5 56064 233 56308 3 56320 233 56564 3 56576 233 56820 3 56830 235 57077 2 57085 236 57341 236 57597 236 57855 235 58112 237 58368 237 58613 3 58624 237 58869 4 58880 237 59125 4 59136 237 59382 9 59392 238 59638 249 59895 248 60151 744 60896 255 61153 252 61411 251 61667 3869
305222,0 65536
308936,0 65536
315120,0 167 168 7713 7883 239 8126 9 8143 234 8382 9 8401 231 8637 10 8656 231 8893 9 8911 230 9148 10 9166 230 9404 11 9417 235 9661 247 9917 249 10171 252 10425 253 10680 253 10936 252 11191 253 11445 54091
317877,1573 2 1825 8 2080 10 2335 14 2591 18 2847 20 3103 20 3358 22 3614 21 3870 21 4126 20 4383 16 4640 6 4899 1 6949 4 7205 5 7459 8 7715 9 7970 11 8225 16 8481 20 8736 21 8991 23 9247 23 9503 22 9759 22 10014 24 10269 25 10525 26 10781 26 11037 27 11293 27 11549 27 11805 26 12063 24 12319 24 12576 23 12833 23 13085 2 13090 23 13341 28 13596 31 13852 31 14109 31 14365 31 14628 24 14885 22 15142 21 15399 19 15658 15 15915 14 16173 10 16431 6 16518 1 16771 5 17026 6 17281 8 17537 8 17793 8 18049 8 18307 4 19776 2 19784 2 19808 5 19911 2 20031 4 20038 5 20063 6 20166 4 20284 16 20317 10 20422 4 20539 18 20572 11 20678 4 20784 1 20792 30 20823 17 20935 2 21039 4 21047 50 21294 59 21549 60 21805 61 22061 61 22317 60 22575 58 22833 56 23089 55 23345 53 23601 53 23858 51 24061 3 24115 50 24316 4 24372 49 24571 5 24629 48 24818 14 24887 46 25073 16 25143 46 25329 19 25400 44 25585 19 25656 44 25841 14 25856 5 25913 43 26097 12 26112 5 26171 40 26313 2 26353 12 26368 5 26427 40 26569 4 26609 10 26624 5 26684 39 26826 3 26866 9 26880 4 26940 40 27122 7 27136 4 27196 41 27379 6 27392 3 27451 42 27648 1 27708 41 27970 4 27978 27 28227 1 28234 27 28489 26 28744 25 28999 22 29253 24 29508 24 29764 25 30019 26 30063 5 30275 27 30317 8 30531 29 30570 13 30787 30 30825 15 31043 32 31079 19 31299 32 31335 20 31554 57 31809 58 32063 61 32319 61 32575 62 32831 62 33087 62 33343 62 33600 61 33856 62 34113 6 34133 42 34389 42 34645 42 34901 42 35157 41 35413 41 35669 40 35925 40 36181 40 36436 41 36692 41 36749 4 36949 41 37003 8 37205 62 37461 62 37717 63 37973 63 38227 66 38481 69 38733 74 38989 75 39244 77 39442 3 39500 78 39693 10 39756 80 39948 11 40012 81 40204 11 40270 79 40460 10 40529 77 40716 9 40786 77 40972 9 41043 76 41229 7 41299 77 41484 7 41555 77 41739 6 41813 75 41995 4 42069 76 42251 4 42317 5 42325 75 42508 3 42573 6 42580 75 42827 84 43082 85 43337 84 43592 85 43847 85 44103 85 44286 2 44359 84 44537 7 44615 12 44629 70 44791 9 44871 12 44887 68 44965 6 45044 12 45127 14 45143 69 45221 7 45299 13 45383 88 45475 10 45546 22 45639 89 45731 10 45801 23 45895 103 46056 24 46151 103 46311 25 46409 102 46567 25 46665 102 46823 25 46922 102 47078 26 47178 103 47334 26 47435 35 47471 66 47589 27 47691 34 47727 67 47845 27 47947 32 47982 68 48101 27 48203 32 48238 68 48356 28 48460 31 48494 71 48613 27 48716 30 48750 73 48869 27 48973 28 49007 74 49125 10 49136 16 49229 28 49263 75 49382 9 49392 16 49485 28 49519 77 49615 6 49641 4 49649 14 49742 28 49775 79 49870 8 49905 13 49999 28 50029 86 50125 12 50163 7 50255 28 50285 87 50374 20 50419 5 50512 27 50541 112 50657 2 50769 26 50797 113 50912 6 51025 26 51053 122 51282 25 51309 123 51538 23 51565 124 51795 22 51821 124 52050 23 52077 68 52146 55 52306 23 52333 67 52403 55 52562 23 52589 66 52659 56 52817 24 52845 65 52915 56 53073 25 53101 54 53161 5 53171 58 53329 24 53357 55 53413 11 53427 58 53584 25 53613 130 53840 25 53869 130 54096 25 54125 71 54199 56 54352 25 54381 71 54457 54 54608 25 54639 69 54713 53 54864 25 54895 69 54969 53 55121 24 55151 69 55224 53 55377 24 55407 68 55480 53 55633 25 55665 66 55735 53 55815 2 55889 25 55921 66 55991 53 56065 11 56143 27 56177 65 56247 52 56320 13 56399 26 56433 64 56503 52 56576 13 56654 27 56688 65 56759 50 56832 13 56909 28 56943 66 57015 50 57088 12 57164 29 57197 69 57271 47 57344 12 57420 29 57453 69 57528 45 57600 11 57676 30 57709 70 57784 42 57856 11 57932 31 57965 70 58040 41 58112 10 58189 104 58296 39 58368 10 58445 144 58624 9 58701 143 58880 9 58957 142 59136 9 59213 142 59392 9 59469 142 59648 9 59726 106 59834 32 59904 9 59982 105 60091 30 60160 9 60238 105 60347 30 60416 9 60494 104 60603 30 60672 9 60750 104 60860 29 60928 9 61006 104 61117 30 61184 8 61262 37 61300 36 61343 23 61385 19 61440 7 61518 21 61543 12 61556 35 61600 22 61644 16 61696 5 61775 18 61800 45 61857 22 61904 12 61952 4 62031 17 62057 5 62063 6 62071 30 62114 21 62161 11 62287 17 62328 28 62371 20 62418 7 62543 17 62585 27 62627 20 62675 4 62799 17 62841 28 62885 18 63057 16 63097 32 63141 18 63313 17 63353 33 63397 17 63569 18 63609 34 63654 16 63825 18 63865 34 63912 13 64067 2 64081 18 64120 35 64169 11 64320 7 64336 19 64357 7 64377 34 64430 5 64575 9 64591 20 64613 8 64633 34 64831 10 64848 19 64869 8 64889 21 64911 12 65087 10 65104 19 65125 8 65145 19 65169 10 65343 11 65361 16 65381 8 65403 16 65426 9
326172,0 65536
331069,27 20 63 58 144 7 161 18 187 52 240 13 282 21 318 59 402 3 419 16 443 65 537 22 574 59 675 15 699 65 792 21 830 59 932 13 955 64 1047 20 1086 59 1189 12 1211 64 1303 18 1343 58 1454 3 1467 52 1521 8 1535 1 1558 19 1599 57 1711 1 1722 63 1790 2 1813 20 1856 57 1969 2 1975 60 2045 3 2069 19 2113 56 2225 66 2301 3 2325 20 2370 56 2434 10 2478 71 2557 3 2581 20 2627 56 2688 13 2734 73 2814 2 2824 3 2835 24 2864 5 2883 76 2989 74 3071 1 3077 8 3091 24 3119 7 3139 77 3245 74 3328 14 3345 26 3373 11 3396 12 3413 60 3500 70 3584 16 3601 26 3628 12 3652 11 3671 59 3755 70 3840 74 3929 57 4011 69 4096 73 4185 58 4266 69 4352 48 4401 25 4441 58 4521 72 4599 8 4608 47 4657 26 4697 58 4777 73 4855 56 4914 28 4943 4 4953 58 5033 75 5109 57 5169 36 5209 59 5289 132 5425 99 5545 132 5681 100 5801 133 5939 98 6057 133 6195 98 6313 133 6451 43 6497 52 6569 133 6707 43 6755 16 6774 31 6825 132 6964 43 7012 14 7031 30 7080 133 7220 44 7268 14 7289 28 7337 132 7476 46 7524 14 7547 24 7593 132 7732 62 7805 22 7849 131 7988 63 8063 18 8105 131 8244 63 8320 16 8362 130 8498 67 8577 13 8617 131 8753 69 8873 132 9007 73 9128 215 9384 216 9639 218 9895 218 10152 218 10409 221 10665 222 10923 222 11181 220 11437 222 11693 222 11949 223 12206 222 12463 223 12691 9 12719 238 12975 239 13231 240 13487 242 13743 243 13999 245 14256 244 14512 245 14769 245 15025 127 15153 127 15285 38 15329 79 15409 128 15541 38 15585 79 15666 131 15800 34 15843 77 15923 131 16055 35 16099 247 16355 246 16611 249 16864 3871 20736 253 20992 253 21248 253 21504 253 21760 254 22016 254 22272 168 22443 83 22528 165 22699 83 22784 161 22956 82 23040 160 23213 80 23296 159 23470 79 23552 159 23727 77 23808 53 23863 104 23985 74 24064 53 24121 73 24199 4 24209 14 24241 72 24320 54 24377 70 24466 13 24499 68 24576 56 24633 69 24722 13 24755 66 24832 125 24978 14 25013 63 25088 60 25153 59 25234 14 25269 63 25344 59 25412 55 25489 15 25527 61 25600 59 25668 54 25745 15 25784 60 25856 59 25924 45 25999 16 26043 6 26055 45 26112 59 26180 44 26255 15 26311 45 26368 59 26435 46 26493 4 26510 15 26566 45 26624 59 26691 46 26747 8 26767 12 26822 45 26880 59 26946 48 27002 11 27023 12 27077 46 27136 58 27202 49 27256 14 27279 12 27333 45 27394 6 27404 45 27458 49 27508 20 27534 14 27588 45 27653 2 27661 43 27715 70 27790 15 27841 48 27923 31 27971 6 27984 78 28095 49 28181 28 28227 5 28240 79 28351 49 28437 26 28482 7 28497 78 28605 50 28693 24 28738 8 28753 79 28861 49 28948 21 28993 10 29009 80 29116 49 29203 14 29249 10 29265 80 29372 47 29458 13 29505 11 29523 4 29531 70 29627 36 29714 14 29762 11 29778 5 29786 72 29883 34 29970 15 30019 96 30139 32 30227 14 30275 96 30391 2 30397 28 30483 14 30530 97 30644 35 30740 13 30786 98 30899 36 30961 2 30985 8 30997 11 31041 99 31152 38 31213 9 31232 2 31236 14 31255 8 31295 101 31407 38 31461 17 31488 19 31550 102 31660 41 31713 22 31744 19 31806 103 31915 42 31968 23 31997 22 32061 151 32222 53 32317 150 32477 54 32573 150 32732 55 32829 149 32987 56 33085 148 33243 56 33341 148 33498 57 33598 146 33753 58 33855 145 34008 60 34111 146 34261 63 34351 7 34369 212 34605 10 34626 211 34859 12 34878 1 34884 208 35114 23 35141 206 35369 26 35396 91 35489 114 35625 116 35747 111 35881 69 35953 43 36003 93 36099 5 36105 8 36137 69 36210 42 36258 94 36393 69 36467 41 36514 94 36649 70 36723 40 36770 97 36905 71 36979 40 37026 99 37161 114 37282 100 37416 115 37538 103 37667 120 37793 105 37921 121 38049 108 38175 122 38306 107 38429 124 38562 108 38685 111 38797 10 38818 108 38941 110 39057 5 39074 109 39197 108 39330 109 39453 107 39585 110 39708 107 39840 111 39963 107 40095 113 40219 108 40351 113 40474 110 40607 115 40728 114 40863 116 40980 120 41119 8 41131 6 41139 219 41375 6 41397 219 41632 5 41653 223 41908 225 42163 225 42415 229 42671 228 42925 230 43168 240 43422 241 43677 242 43932 242 44187 109 44298 133 44442 109 44555 133 44698 107 44811 134 44952 107 45067 135 45207 105 45327 241 45576 1 45583 241 45830 6 45838 242 46085 8 46094 255 46351 253 46607 252 46865 249 47121 248 47376 247 47631 247 47886 247 48142 245 48397 245 48652 244 48908 244 49164 244 49420 244 49676 244 49933 243 50189 243 50446 242 50702 242 50959 241 51215 241 51473 239 51729 239 51987 237 52244 236 52501 235 52758 234 53015 233 53271 233 53528 232 53785 231 54035 237 54290 238 54530 3 54545 239 54785 8 54799 776 55583 248 55841 247 56101 243 56358 243 56617 240 56875 239 57131 240 57387 241 57643 242 57898 243 58148 251 58401 283 58687 252 58943 250 59200 250 59457 191 59650 56 59713 191 59907 55 59970 190 60163 56 60227 189 60419 56 60483 189 60675 58 60739 189 60930 60 60994 190 61185 255 61441 255 61697 255 61953 103 62059 149 62211 99 62317 147 62467 98 62573 147 62724 97 62831 145 62981 95 63087 145 63242 89 63344 81 63427 61 63499 88 63601 80 63683 61 63757 85 63859 78 63939 61 64013 85 64115 78 64195 61 64273 81 64373 139 64529 81 64631 145 64789 76 64891 142 65047 74 65147 143 65305 72 65405 131
332934,0 65536
337798, 
349461,0 65285 65286 250
372637,0 59 70 174 245 71 327 245 584 245 841 244 1097 246 1354 246 1611 246 1868 245 2125 9 2135 236 2381 7 2393 234 2637 6 2649 235 2894 5 2905 236 3151 3 3161 238 3417 240 3672 247 3925 250 4179 7483 11665 253 11921 16502 28427 250 28684 249 28940 243 29184 6 29195 244 29440 255 29696 255 29952 2701 32659 250 32915 240 33163 2 33173 237 33429 97 33528 134 33685 96 33788 129 33941 96 34048 124 34197 96 34304 123 34453 97 34560 123 34695 4 34709 97 34816 122 34949 6 34964 98 35072 121 35203 8 35218 100 35328 124 35458 10 35472 102 35584 245 35840 245 36096 245 36352 244 36608 243 36864 243 37120 243 37376 243 37632 243 37888 244 38144 243 38400 243 38656 242 38912 241 39168 241 39424 241 39680 240 39936 240 40192 240 40448 94 40547 140 40704 93 40804 139 40960 94 41059 140 41215 96 41315 140 41460 1 41470 97 41571 140 41715 2 41727 97 41826 141 41969 5 41983 97 42081 141 42225 5 42239 97 42337 110 42449 30 42480 6 42496 96 42593 109 42705 37 42752 94 42847 109 42962 18 42984 13 43008 93 43104 108 43218 18 43242 11 43264 93 43360 58 43421 46 43473 20 43499 7 43520 92 43616 57 43678 45 43728 21 43755 7 43776 89 43872 57 43935 44 43983 24 44012 5 44032 87 44128 57 44191 43 44239 24 44269 3 44288 90 44385 56 44447 44 44495 26 44544 91 44641 57 44703 44 44751 26 44800 45 44846 46 44896 58 44959 44 45006 28 45056 45 45102 47 45151 58 45215 44 45262 27 45312 93 45407 57 45471 45 45517 28 45568 94 45663 54 45727 45 45773 28 45824 145 45983 73 46063 8 46080 145 46239 72 46319 8 46336 145 46495 62 46560 5 46575 10 46592 145 46751 61 46831 10 46848 145 47007 62 47087 11 47104 145 47263 63 47331 5 47343 13 47360 145 47519 64 47586 7 47600 15 47616 146 47775 64 47841 9 47857 162 48032 75 48115 160 48288 76 48371 160 48545 86 48633 155 48801 85 48891 154 49059 83 49149 152 49315 84 49405 152 49573 82 49662 151 49829 82 49918 139 50060 12 50085 83 50175 138 50317 12 50341 83 50431 138 50573 15 50596 84 50687 138 50829 16 50851 84 50943 138 51085 106 51199 138 51341 105 51454 134 51595 106 51710 134 51849 108 51966 83 52051 162 52221 83 52307 162 52477 82 52564 163 52732 82 52820 163 52988 81 53077 162 53243 80 53333 87 53421 74 53499 78 53591 82 53679 74 53755 78 53848 6 53855 74 53934 155 54105 4 54111 234 54363 2 54367 234 54617 240 54873 240 55128 242 55384 244 55641 244 55896 247 56148 3629 59781 251 60038 250 60294 250 60550 251 60806 251 61062 252 61318 253 61573 2438 64015 250 64272 1 64276 244 64533 242 64794 237 65050 235 65308 228
373056,0 65536
386606,0 65536
391427,8 19 95 8 170 21 248 8 264 19 349 12 426 23 505 7 520 19 605 13 681 24 707 5 761 7 777 17 861 14 934 36 1017 7 1033 17 1116 16 1189 38 1272 8 1290 15 1372 17 1444 41 1528 8 1547 13 1628 17 1700 41 1783 9 1807 8 1883 19 1955 44 2037 7 2063 8 2139 19 2211 44 2293 6 2395 19 2467 45 2549 6 2646 24 2711 3 2724 44 2805 6 2900 26 2961 12 2982 43 3061 4 3154 27 3216 14 3239 42 3318 3 3408 13 3423 14 3471 16 3497 30 3528 9 3664 14 3679 14 3726 17 3753 29 3784 9 3919 15 3935 13 3980 21 4010 28 4041 8 4174 29 4235 22 4266 27 4297 9 4425 32 4489 24 4522 27 4554 7 4680 32 4745 25 4778 27 4811 6 4935 32 5000 27 5034 26 5067 5 5081 2 5191 32 5256 27 5290 26 5337 2 5447 31 5512 27 5546 26 5591 5 5693 2 5703 31 5767 29 5801 27 5847 5 5945 8 5959 22 5987 1 6023 29 6057 26 6104 4 6201 9 6215 21 6279 30 6312 27 6361 2 6455 11 6471 20 6534 31 6569 26 6711 12 6728 19 6790 32 6826 25 6966 13 6985 8 6994 9 7045 33 7082 23 7222 13 7241 8 7251 8 7301 34 7338 23 7477 14 7498 7 7509 5 7557 34 7595 21 7733 13 7754 7 7765 4 7802 3 7813 20 7834 13 7853 18 7988 13 8010 9 8043 21 8069 19 8091 12 8109 16 8243 14 8266 9 8299 22 8325 19 8347 13 8365 16 8500 12 8522 9 8555 24 8581 19 8604 11 8621 14 8756 12 8779 8 8811 24 8838 17 8861 10 8877 12 9013 10 9035 9 9067 24 9097 14 9120 5 9134 10 9269 10 9292 8 9323 24 9353 15 9389 11 9527 8 9549 7 9581 8 9594 9 9609 15 9645 11 9783 7 9806 5 9838 5 9850 9 9864 17 9901 10 10065 1 10107 8 10120 18 10157 10 10364 7 10376 19 10409 2 10413 10 10621 4 10632 19 10664 13 10888 19 10919 12 11004 4 11145 19 11175 8 11257 7 11401 19 11431 7 11512 8 11659 18 11687 7 11766 10 11915 18 11944 5 12021 11 12173 15 12201 1 12274 14 12403 2 12429 15 12529 15 12657 6 12685 14 12785 15 12911 9 12942 13 13041 15 13111 4 13165 12 13199 10 13297 15 13367 5 13421 12 13454 10 13553 15 13623 5 13675 14 13710 8 13808 16 13879 6 13931 13 13966 7 14063 17 14135 5 14187 12 14223 4 14319 17 14392 3 14443 12 14575 17 14698 13 14831 17 14954 13 15086 18 15210 23 15342 18 15465 24 15598 18 15721 26 15854 18 15976 27 16110 18 16230 31 16367 17 16485 34 16623 17 16741 34 16880 16 16996 36 17138 13 17251 37 17399 1 17508 36 17765 35 18021 34 18277 34 18533 34 18788 35 19044 34 19283 8 19300 33 19539 9 19555 34 19795 10 19810 31 19927 6 20050 11 20066 31 20182 8 20307 10 20322 29 20437 14 20563 11 20578 27 20692 15 20819 11 20834 21 20947 18 21075 11 21089 22 21203 18 21333 33 21459 19 21536 1 21589 32 21715 20 21760 4 21791 2 21832 5 21847 6 21856 20 21971 20 22016 4 22046 3 22087 8 22105 3 22112 19 22174 3 22227 20 22272 4 22342 8 22371 2 22379 6 22429 6 22484 19 22528 4 22598 8 22685 6 22741 18 22784 5 22854 7 22941 6 22998 17 23040 5 23111 6 23197 6 23254 16 23296 9 23367 5 23455 1 23511 15 23552 9 23623 5 23767 14 23808 10 23880 3 24024 13 24064 10 24136 2 24281 12 24320 10 24392 2 24537 10 24576 11 24647 3 24795 6 24832 11 24903 2 25088 11 25159 3 25344 12 25414 4 25600 12 25672 1 25856 13 26097 4 26112 14 26351 7 26368 13 26563 6 26607 10 26624 13 26817 9 26863 29 27071 12 27119 28 27325 14 27374 25 27579 16 27630 26 27669 4 27835 16 27886 27 27922 8 28091 15 28142 27 28177 9 28347 15 28398 30 28433 10 28604 14 28644 1 28655 44 28707 2 28861 4 28867 7 28898 5 28912 47 28961 6 29127 7 29152 9 29169 54 29384 7 29407 10 29425 55 29640 9 29662 11 29681 55 29769 6 29896 9 29917 12 29937 57 30020 13 30151 10 30171 14 30192 15 30208 43 30275 14 30407 10 30426 15 30447 16 30464 45 30530 15 30664 10 30680 17 30703 15 30720 45 30785 16 30920 10 30935 18 30959 14 30976 46 31040 19 31062 8 31120 6 31177 31 31215 13 31232 46 31295 32 31375 8 31433 30 31471 13 31488 47 31551 40 31629 14 31691 25 31728 9 31744 47 31807 40 31885 16 31949 22 31985 8 32000 47 32063 41 32127 2 32141 22 32208 16 32256 47 32319 42 32380 7 32397 23 32464 15 32512 47 32575 42 32630 13 32652 25 32721 12 32768 46 32831 42 32885 14 32908 25 32977 12 33024 45 33087 42 33139 17 33163 27 33233 12 33280 45 33343 42 33394 19 33418 28 33489 12 33536 44 33599 42 33649 54 33746 11 33792 43 33855 42 33905 54 34002 11 34048 42 34109 44 34161 56 34259 9 34304 42 34365 44 34417 56 34516 8 34560 42 34620 45 34673 56 34773 6 34816 42 34875 47 34929 56 35031 1 35072 43 35130 49 35185 56 35328 43 35386 49 35442 55 35584 41 35642 49 35700 53 35840 39 35898 49 35957 52 36096 37 36155 48 36215 50 36352 35 36412 47 36471 49 36608 33 36668 46 36729 47 36864 32 36924 45 36988 44 37121 28 37181 34 37248 39 37377 28 37437 33 37505 38 37635 26 37693 32 37763 35 37891 26 37949 32 38019 34 38149 2 38155 18 38207 7 38215 21 38275 28 38417 11 38463 6 38475 1 38481 11 38532 25 38677 6 38720 2 38737 10 38789 23 38935 3 38994 7 39045 22 39302 20 39485 4 39559 2 39565 7 39739 6 39995 6 40191 1 40249 8 40444 4 40505 8 40699 5 40761 8 40775 10 40953 7 41017 8 41029 13 41209 7 41273 7 41284 15 41465 7 41529 8 41540 17 41720 8 41787 30 41975 9 42043 30 42231 10 42285 8 42298 33 42487 12 42539 11 42553 34 42743 12 42793 52 42999 12 43049 52 43256 12 43304 17 43322 35 43512 11 43559 17 43579 34 43768 9 43813 18 43836 33 44024 8 44069 18 44093 33 44280 8 44322 21 44349 32 44536 8 44577 21 44605 32 44666 3 44769 2 44792 8 44831 23 44863 30 44921 5 45023 5 45049 7 45087 23 45119 30 45177 4 45278 7 45289 7 45305 7 45343 23 45375 30 45431 6 45533 20 45562 6 45599 24 45632 29 45685 8 45787 22 45819 5 45855 25 45888 29 45939 8 45957 9 46039 27 46079 1 46111 25 46144 28 46194 9 46212 11 46294 28 46365 29 46399 28 46449 11 46465 15 46489 4 46548 31 46621 30 46655 28 46705 12 46719 18 46743 8 46804 31 46876 63 46960 48 47058 34 47132 9 47143 52 47216 48 47311 38 47387 8 47399 51 47471 50 47565 40 47644 7 47656 50 47727 50 47820 42 47912 49 47982 54 48075 44 48168 47 48238 55 48331 44 48423 33 48463 8 48494 57 48587 44 48679 32 48721 5 48736 2 48750 59 48844 43 48934 32 48991 5 49007 59 49102 41 49190 32 49235 3 49247 5 49263 60 49359 40 49445 32 49491 6 49501 8 49520 61 49619 36 49701 32 49746 8 49757 8 49776 61 49875 36 49957 32 50001 21 50033 62 50130 37 50213 32 50257 23 50289 62 50386 37 50469 32 50512 27 50546 63 50640 38 50725 32 50768 28 50802 63 50895 38 50981 31 51024 29 51059 62 51151 32 51237 32 51280 30 51315 62 51406 31 51495 30 51535 32 51571 61 51661 30 51751 30 51791 33 51827 60 51917 30 52008 9 52021 16 52047 96 52167 30 52279 14 52303 95 52422 28 52535 14 52561 93 52678 27 52791 14 52819 90 52934 27 53047 14 53076 89 53190 27 53219 6 53303 14 53333 88 53446 27 53475 6 53560 12 53589 88 53702 37 53816 11 53846 86 53958 37 54063 5 54073 10 54103 84 54213 39 54319 6 54330 8 54361 82 54468 40 54575 6 54589 2 54618 80 54723 42 54831 5 54875 78 54978 44 55087 4 55132 77 55233 46 55389 75 55488 49 55645 73 55743 50 55843 1 55901 72 55999 51 56097 7 56158 69 56255 52 56353 10 56417 65 56511 52 56608 11 56675 60 56766 53 56863 12 56931 58 57022 54 57119 12 57188 55 57277 56 57375 12 57445 17 57467 32 57533 56 57603 24 57630 13 57702 14 57731 24 57784 61 57857 42 57959 12 57990 5 57998 13 58039 61 58112 42 58220 6 58257 10 58294 60 58368 42 58513 10 58549 60 58624 41 58770 9 58805 60 58880 39 59026 10 59060 60 59136 37 59282 10 59315 60 59392 36 59538 9 59571 60 59648 35 59795 8 59827 59 59904 35 60051 8 60082 59 60160 35 60308 4 60338 57 60416 35 60594 57 60672 34 60847 58 60928 34 61102 58 61184 33 61355 60 61440 33 61611 59 61696 32 61865 38 61906 19 61951 32 62121 36 62168 13 62207 32 62377 39 62427 6 62461 34 62633 39 62717 34 62889 34 62973 34 63145 32 63228 35 63401 32 63484 35 63657 31 63740 34 63913 30 63997 5 64003 27 64170 29 64253 3 64261 24 64427 26 64511 1 64519 21 64683 25 64767 1 64776 19 64940 23 65032 20 65197 22 65288 20 65457 16
398196, 
398477, 
399102,101 2 107 56 201 3 205 6 219 6 227 4 360 61 457 11 475 12 615 64 713 12 732 11 873 64 970 13 988 11 1129 65 1225 15 1244 11 1266 1 1386 65 1481 18 1501 10 1519 8 1642 65 1738 18 1758 11 1774 11 1899 65 1980 1 1995 17 2016 10 2029 15 2155 65 2235 2 2251 17 2273 10 2285 16 2411 67 2510 15 2529 29 2667 68 2768 13 2785 30 2922 71 3027 10 3041 9 3051 21 3178 71 3285 8 3298 7 3307 21 3434 73 3542 6 3556 2 3563 21 3690 73 3799 4 3819 21 3946 73 4076 20 4202 73 4332 20 4457 75 4587 21 4713 75 4843 21 4969 75 5099 21 5225 76 5355 21 5480 77 5611 21 5736 78 5866 22 5993 78 6119 25 6249 78 6375 25 6505 79 6629 27 6761 80 6885 27 7017 80 7139 29 7273 80 7395 29 7529 80 7620 4 7638 6 7651 21 7675 5 7786 79 7875 6 7893 7 7907 20 7933 3 8043 54 8099 22 8128 9 8149 8 8162 19 8299 53 8356 21 8384 9 8404 10 8417 19 8557 50 8613 22 8639 10 8659 31 8814 49 8869 22 8895 10 8915 30 9072 47 9126 21 9151 10 9168 33 9329 46 9382 21 9407 10 9423 36 9587 44 9638 20 9664 7 9677 40 9844 42 9895 18 9921 5 9933 40 10101 40 10151 17 10190 41 10357 40 10408 15 10446 41 10613 39 10665 11 10703 7 10714 30 10869 39 10925 6 10961 2 10970 31 11125 39 11200 7 11226 35 11381 39 11455 10 11481 36 11605 2 11637 39 11709 13 11735 39 11813 2 11859 5 11893 39 11965 14 11990 39 12067 5 12114 8 12129 9 12149 39 12221 14 12244 40 12321 7 12369 10 12385 11 12403 41 12477 14 12499 40 12574 10 12625 10 12640 61 12733 15 12749 44 12829 11 12880 11 12896 61 12990 59 13084 12 13101 4 13134 13 13152 61 13247 56 13340 12 13356 6 13389 14 13407 62 13503 56 13595 12 13611 9 13643 17 13663 62 13759 57 13823 1 13851 12 13866 10 13898 19 13919 62 14015 58 14077 3 14107 12 14121 12 14153 20 14175 63 14270 66 14364 9 14377 12 14409 20 14432 63 14525 67 14621 6 14633 12 14665 20 14687 64 14778 70 14865 6 14877 6 14889 12 14921 19 14943 64 15033 71 15117 12 15134 5 15145 12 15177 18 15199 64 15287 73 15373 23 15401 12 15433 18 15455 64 15543 73 15627 27 15659 10 15689 84 15797 75 15882 29 15916 9 15945 13 15960 68 16053 75 16139 29 16173 6 16203 8 16223 60 16309 75 16395 29 16461 3 16480 59 16565 75 16653 27 16737 13 16751 44 16821 75 16911 25 16994 11 17007 44 17077 75 17172 20 17253 7 17263 46 17335 73 17429 18 17509 8 17519 50 17591 73 17686 15 17767 60 17848 72 17943 13 18023 60 18105 71 18279 60 18360 72 18535 37 18573 22 18616 72 18737 3 18791 36 18831 19 18872 72 18991 7 19047 36 19088 18 19129 71 19245 16 19303 36 19346 15 19385 71 19501 17 19559 36 19602 15 19641 71 19757 18 19816 34 19859 13 19898 70 20013 18 20073 33 20115 12 20154 70 20269 18 20330 31 20371 12 20411 69 20526 17 20587 30 20627 11 20667 69 20743 2 20783 16 20845 26 20883 10 20923 69 20999 2 21041 14 21103 24 21139 10 21179 69 21255 3 21297 14 21361 20 21397 7 21438 66 21511 2 21553 16 21617 20 21653 7 21665 2 21694 66 21768 1 21799 30 21875 18 21909 6 21919 7 21951 65 22053 32 22133 16 22166 4 22174 9 22207 65 22304 39 22391 13 22430 11 22463 65 22559 40 22647 12 22686 19 22719 65 22815 41 22903 12 22942 21 22975 65 23071 41 23160 11 23198 21 23231 65 23327 41 23417 9 23454 21 23487 65 23583 41 23673 8 23710 21 23743 65 23840 40 23929 7 23961 26 23997 67 24096 40 24187 4 24216 27 24251 69 24352 39 24425 4 24472 27 24507 69 24592 3 24608 39 24681 6 24727 28 24763 69 24846 8 24864 39 24936 9 24983 28 25019 69 25101 10 25120 39 25192 9 25239 28 25276 68 25355 12 25375 41 25448 10 25495 27 25532 68 25611 12 25631 41 25705 9 25751 30 25788 68 25867 12 25887 42 25962 10 25986 7 26007 34 26043 69 26122 13 26143 42 26219 11 26241 9 26263 105 26379 13 26398 46 26477 30 26519 105 26635 13 26653 48 26735 29 26775 105 26891 13 26909 49 26991 38 27031 105 27149 10 27165 50 27247 39 27287 105 27422 49 27503 39 27545 103 27679 48 27759 39 27801 103 27937 47 28015 145 28193 47 28271 145 28450 46 28528 144 28707 46 28784 36 28822 106 28964 45 29041 32 29079 104 29221 44 29297 32 29335 103 29481 39 29559 10 29572 12 29593 100 29737 39 29816 9 29829 11 29849 100 29993 38 30073 8 30085 10 30110 97 30250 37 30330 8 30341 10 30367 97 30506 36 30585 21 30625 95 30762 35 30841 20 30881 95 31019 32 31096 21 31139 4 31150 82 31275 32 31351 22 31396 1 31407 81 31533 30 31607 22 31663 81 31758 3 31790 29 31861 24 31919 13 31933 67 32013 5 32053 22 32115 26 32177 8 32189 47 32240 16 32269 6 32309 14 32328 3 32369 28 32435 3 32445 46 32498 14 32525 6 32567 8 32623 30 32701 43 32753 15 32781 5 32826 2 32878 31 32957 41 33009 15 33037 4 33133 33 33213 40 33263 19 33293 4 33389 33 33469 40 33519 22 33645 34 33697 4 33725 38 33774 23 33901 34 33953 5 33982 37 34029 24 34158 34 34207 11 34239 22 34267 8 34285 25 34414 35 34463 12 34497 2 34502 14 34527 4 34541 25 34671 34 34711 22 34760 12 34782 7 34796 26 34927 34 34965 24 35017 10 35037 10 35051 26 35185 62 35273 10 35291 14 35306 27 35442 62 35531 8 35547 42 35699 62 35769 3 35787 7 35803 41 35955 62 36024 5 36044 6 36058 41 36211 62 36280 5 36300 6 36314 39 36467 62 36536 5 36556 6 36569 39 36723 62 36793 3 36813 6 36825 39 36979 61 37069 6 37081 39 37133 4 37234 60 37325 6 37337 39 37389 4 37490 59 37581 7 37593 39 37645 5 37745 60 37837 51 37901 6 37961 6 38001 60 38093 51 38156 7 38216 9 38256 9 38270 47 38349 51 38412 7 38471 10 38511 9 38527 46 38605 51 38669 5 38727 12 38767 8 38786 43 38861 51 38926 3 38957 4 38984 11 38997 5 39023 6 39043 42 39117 51 39210 9 39241 18 39299 42 39372 52 39465 11 39497 20 39555 42 39628 52 39720 14 39759 15 39811 42 39884 52 39975 16 40017 14 40067 42 40139 53 40231 19 40274 13 40322 44 40379 4 40393 55 40487 20 40530 14 40577 45 40634 9 40648 56 40744 19 40787 14 40833 45 40889 71 41001 19 41043 16 41089 46 41144 72 41259 17 41299 18 41345 46 41400 28 41433 32 41467 5 41515 17 41555 19 41601 46 41654 30 41689 32 41723 5 41773 16 41811 24 41857 46 41905 35 41947 29 41979 5 42029 16 42067 24 42113 46 42160 37 42203 29 42235 5 42287 14 42323 26 42369 45 42415 38 42460 36 42544 12 42580 25 42625 44 42671 38 42716 36 42804 7 42838 24 42881 42 42927 38 42972 36 43096 22 43137 43 43183 39 43228 36 43356 19 43393 43 43439 16 43456 22 43484 36 43612 19 43648 44 43695 16 43714 20 43740 36 43870 18 43904 44 43951 16 43971 19 43995 37 44127 17 44160 44 44207 15 44228 18 44251 37 44383 17 44416 64 44483 20 44507 37 44638 18 44672 87 44761 39 44893 19 44928 128 45148 20 45184 128 45403 21 45440 128 45658 22 45696 128 45914 23 45952 128 46170 23 46207 129 46426 22 46462 130 46682 22 46717 131 46939 20 46973 131 47195 20 47228 132 47451 20 47482 134 47708 19 47737 135 47965 17 47991 137 48221 17 48245 139 48477 17 48501 139 48733 16 48756 140 48990 15 49011 141 49247 13 49267 141 49509 5 49522 142 49765 5 49778 142 50020 7 50034 142 50270 1 50275 8 50289 143 50523 18 50545 143 50779 18 50801 143 51034 20 51055 145 51290 20 51311 145 51545 167 51802 21 51825 143 52059 20 52082 142 52316 19 52339 8 52351 112 52464 16 52574 16 52595 8 52607 129 52831 14 52853 4 52863 129 53088 13 53119 129 53345 11 53375 129 53605 4 53631 129 53862 1 53887 129 54142 130 54355 2 54398 130 54610 3 54654 130 54792 3 54866 3 54910 130 55046 7 55122 3 55166 135 55302 7 55379 1 55423 143 55681 141 55937 141 56193 141 56449 141 56705 141 56961 13 56975 126 57216 11 57232 125 57472 11 57489 124 57727 11 57745 124 57983 10 58001 122 58214 5 58239 11 58258 120 58469 7 58495 12 58514 119 58724 10 58751 12 58770 118 58979 14 59007 13 59025 116 59230 24 59262 129 59392 5 59483 28 59518 130 59738 31 59773 22 59798 32 59838 66 59994 32 60029 22 60055 31 60096 64 60237 8 60249 34 60285 62 60353 63 60493 8 60505 35 60541 62 60609 63 60748 11 60761 99 60865 63 61003 12 61017 101 61120 64 61251 20 61274 71 61346 94 61506 22 61530 166 61761 23 61787 165 62017 23 62043 165 62273 191 62528 192 62784 192 63039 28 63068 164 63295 28 63325 163 63551 28 63581 163 63807 28 63839 161 64063 28 64095 161 64319 193 64576 192 64832 192 65089 191 65347 20 65370 166
402143,32 30 63 54 209 42 290 83 465 9 475 32 547 82 721 7 732 31 805 81 979 2 989 30 1061 82 1245 29 1319 82 1501 29 1574 83 1754 31 1829 85 2009 30 2085 86 2264 29 2341 15 2359 68 2519 30 2597 12 2615 68 2775 30 2853 9 2872 66 3031 31 3110 7 3128 66 3287 32 3384 65 3544 31 3583 1 3641 64 3800 32 3837 3 3897 64 4057 39 4154 63 4313 39 4411 62 4569 39 4667 62 4825 39 4924 61 5082 38 5181 60 5339 37 5438 58 5603 29 5694 58 5859 29 5950 43 5998 7 6115 29 6205 44 6255 6 6371 29 6467 38 6628 28 6724 37 6884 28 6982 35 7141 14 7157 11 7239 34 7398 12 7414 10 7495 34 7657 6 7670 10 7751 34 7914 3 7926 10 8007 34 8183 9 8264 33 8439 9 8521 30 8697 7 8777 29 8953 7 9033 27 9211 5 9289 26 9468 4 9545 26 9649 4 9727 1 9801 26 9905 4 10057 25 10161 1 10313 13 10327 10 10569 10 10584 7 10826 9 10841 4 11083 7 11155 3 11340 6 11409 6 11598 3 11633 3 11663 9 11829 2 11887 7 11919 10 12083 6 12142 10 12173 12 12221 8 12339 7 12397 11 12429 13 12467 5 12476 10 12593 9 12653 12 12685 14 12721 23 12847 11 12909 13 12941 14 12977 24 13101 13 13164 16 13197 15 13232 25 13357 14 13420 17 13453 15 13488 26 13612 15 13676 18 13709 14 13743 29 13868 15 13931 19 13965 14 13999 30 14124 15 14186 20 14221 14 14255 32 14380 15 14442 20 14477 14 14511 32 14635 18 14697 25 14734 12 14768 32 14891 18 14953 32 14993 8 15025 31 15147 22 15208 35 15251 4 15285 28 15403 22 15464 35 15508 1 15541 28 15659 23 15720 36 15799 26 15915 23 15976 36 16055 26 16170 25 16232 36 16311 26 16425 26 16488 37 16567 26 16679 28 16744 37 16823 30 16935 7 16945 17 17001 36 17078 32 17189 7 17201 16 17260 33 17333 35 17408 1 17445 7 17457 16 17517 32 17589 35 17664 5 17699 9 17713 15 17775 31 17843 38 17920 5 17955 9 17969 14 18031 31 18099 38 18176 5 18211 8 18227 11 18287 32 18354 37 18432 5 18467 8 18483 10 18543 32 18609 36 18688 4 18725 5 18740 3 18797 34 18864 35 18944 3 18981 4 19051 36 19120 32 19304 38 19376 31 19559 38 19632 30 19756 7 19815 37 19888 27 20012 8 20071 36 20144 25 20267 10 20327 34 20399 26 20523 10 20584 16 20602 13 20655 26 20778 11 20840 14 20859 9 20911 26 21034 12 21096 14 21115 8 21167 26 21212 2 21289 14 21341 8 21352 13 21373 4 21423 27 21455 20 21542 18 21597 8 21607 14 21630 1 21678 30 21709 22 21797 24 21853 23 21933 54 22053 25 22109 23 22188 55 22309 28 22365 23 22443 57 22565 28 22621 23 22699 58 22821 28 22877 23 22955 61 23077 29 23121 4 23134 23 23211 62 23333 29 23374 9 23391 22 23469 63 23537 5 23587 31 23629 11 23647 23 23725 63 23791 10 23841 6 23849 25 23884 13 23903 24 23981 80 24097 5 24107 23 24139 14 24159 25 24238 82 24350 9 24364 21 24395 14 24416 25 24492 84 24605 10 24621 19 24650 16 24673 24 24699 4 24747 85 24860 12 24878 17 24906 17 24936 23 25001 87 25115 13 25134 16 25162 19 25194 21 25257 87 25365 20 25391 14 25419 18 25453 18 25511 89 25620 21 25647 14 25675 18 25711 17 25767 89 25874 25 25905 12 25933 17 25970 16 26022 90 26129 26 26161 12 26190 16 26227 16 26278 90 26384 31 26418 12 26447 15 26483 18 26533 91 26639 33 26675 11 26703 15 26740 17 26789 91 26895 35 26932 10 26959 15 26996 17 27044 92 27151 36 27188 10 27215 14 27252 18 27301 91 27407 36 27444 10 27470 15 27505 21 27557 14 27578 70 27663 36 27700 10 27725 15 27759 23 27813 12 27836 68 27918 37 27957 12 27981 13 28014 23 28070 11 28093 67 28174 37 28214 11 28237 12 28270 22 28329 7 28350 66 28430 37 28473 9 28493 11 28525 22 28587 4 28607 65 28685 37 28729 9 28750 10 28781 22 28864 64 28941 36 28986 8 29007 9 29035 23 29121 63 29197 36 29243 6 29263 9 29291 22 29377 63 29454 34 29500 5 29519 9 29546 22 29633 35 29673 23 29711 32 29776 9 29801 23 29889 35 29929 23 29967 29 30032 9 30058 23 30145 33 30187 21 30224 21 30289 10 30314 23 30400 33 30445 19 30482 17 30546 10 30570 25 30656 31 30701 19 30739 16 30803 10 30826 25 30911 30 30957 19 30997 12 31059 11 31082 27 31167 26 31213 19 31254 10 31315 12 31339 26 31424 24 31469 19 31563 1 31571 12 31598 24 31682 20 31724 20 31818 3 31826 13 31855 23 31939 18 31980 20 32073 4 32079 17 32111 23 32199 6 32235 21 32329 4 32335 17 32367 23 32457 2 32491 21 32584 23 32623 22 32737 3 32743 25 32840 23 32879 22 32993 31 33095 24 33133 24 33247 33 33351 21 33388 25 33502 34 33607 18 33643 24 33735 4 33756 36 33863 18 33897 26 33991 4 34011 37 34119 4 34126 9 34153 27 34247 3 34266 38 34375 4 34383 8 34408 29 34521 39 34632 1 34640 5 34664 30 34777 39 34920 31 35033 39 35176 32 35288 40 35432 33 35544 40 35688 35 35799 41 35943 36 36055 50 36113 11 36199 15 36215 22 36311 51 36367 14 36455 12 36473 21 36567 54 36622 15 36710 12 36729 22 36823 70 36966 12 36985 22 37079 40 37120 30 37221 12 37241 22 37336 37 37376 31 37477 12 37498 21 37592 37 37632 31 37732 12 37755 21 37849 35 37888 32 37987 13 38011 21 38087 3 38105 34 38144 33 38245 10 38270 18 38341 6 38361 34 38400 33 38501 10 38527 18 38583 3 38597 6 38617 32 38656 34 38761 4 38785 16 38839 3 38852 8 38874 22 38899 4 38912 35 39042 15 39095 1 39109 7 39131 20 39168 36 39299 16 39365 8 39424 36 39556 15 39621 8 39680 37 39813 16 39877 8 39936 37 40069 16 40133 8 40192 37 40327 14 40389 8 40448 37 40585 12 40645 8 40704 37 40845 8 40901 7 40960 37 41102 6 41157 6 41216 37 41360 3 41414 5 41472 37 41617 1 41671 3 41728 37 41984 36 42240 36 42496 36 42752 36 42913 1 42919 3 43008 37 43168 12 43264 37 43422 16 43520 38 43677 17 43776 39 43849 5 43933 18 44032 40 44103 8 44188 19 44288 40 44357 12 44443 20 44544 40 44612 14 44699 20 44800 39 44867 16 44954 21 45056 38 45123 16 45210 21 45312 36 45379 15 45465 22 45568 35 45635 15 45721 22 45824 16 45845 14 45890 15 45977 23 46080 15 46101 13 46146 15 46233 23 46336 17 46357 12 46401 17 46490 21 46592 30 46657 18 46747 20 46848 28 46913 18 47003 6 47011 12 47104 29 47147 3 47169 18 47260 1 47269 8 47360 29 47402 5 47426 19 47616 29 47658 5 47682 19 47872 33 47913 6 47938 18 48128 34 48169 6 48194 17 48384 36 48425 7 48451 16 48640 37 48681 8 48707 16 48896 37 48938 7 48963 16 49152 37 49194 7 49219 16 49337 1 49408 37 49451 5 49476 15 49507 1 49583 15 49664 36 49707 4 49733 14 49763 2 49838 17 49920 35 49990 11 50019 2 50093 20 50176 35 50246 11 50274 3 50349 20 50432 35 50506 3 50529 3 50605 21 50688 35 50784 4 50861 22 50944 36 51035 10 51116 23 51200 36 51289 12 51371 24 51456 36 51542 17 51627 24 51712 36 51796 19 51882 25 51968 37 52049 23 52137 26 52224 37 52304 24 52393 26 52480 36 52558 25 52649 26 52736 11 52748 24 52814 25 52905 26 52992 10 53006 21 53069 25 53160 28 53248 10 53263 20 53323 27 53416 28 53504 11 53521 16 53578 27 53672 28 53760 11 53777 16 53834 27 53927 28 54016 11 54037 13 54090 26 54180 23 54207 3 54272 11 54295 11 54347 24 54435 22 54528 12 54552 9 54603 24 54692 19 54784 12 54809 6 54859 22 54893 2 54949 16 55040 12 55067 3 55115 20 55147 6 55205 13 55296 13 55371 19 55403 6 55461 12 55552 13 55617 5 55626 19 55659 6 55719 8 55808 13 55872 7 55882 20 55915 6 55975 8 56025 2 56064 14 56127 32 56171 4 56307 4 56320 14 56382 34 56559 10 56576 15 56637 37 56812 15 56832 15 56892 39 57067 17 57088 16 57148 40 57323 18 57344 17 57405 39 57479 4 57578 20 57600 5 57609 11 57661 39 57735 12 57831 23 57856 5 57865 12 57918 37 57991 13 58082 29 58112 23 58175 35 58249 12 58337 30 58368 23 58431 23 58505 12 58593 56 58689 4 58698 9 58762 11 58849 58 58955 7 59019 9 59104 62 59213 2 59276 7 59360 62 59532 8 59615 64 59789 7 59871 64 60045 8 60127 62 60301 8 60383 62 60557 8 60639 60 60813 8 60894 60 61069 8 61150 59 61325 9 61406 59 61581 10 61662 59 61837 10 61917 60 62093 10 62173 59 62346 13 62428 59 62601 14 62684 59 62855 16 62939 60 63111 16 63195 60 63366 15 63451 35 63488 22 63622 14 63707 32 63744 21 63878 12 63963 28 64000 21 64134 12 64196 4 64219 12 64232 14 64256 21 64391 11 64413 6 64449 9 64475 12 64488 13 64512 21 64587 4 64653 5 64667 10 64703 12 64730 27 64768 21 64841 6 64912 2 64923 10 64944 11 64958 13 64985 27 65024 20 65096 7 65169 1 65178 12 65199 13 65213 14 65241 16 65258 10 65280 19 65349 11 65411 3 65433 50 65497 16 65515 9
402654,0 65536
403524,0 77 256 77 512 77 768 78 1024 79 1280 79 1451 2 1536 79 1708 1 1792 79 2048 79 2304 79 2560 79 2764 4 2816 77 3019 6 3072 75 3275 6 3328 75 3531 7 3584 74 3787 8 3840 73 4015 4 4042 10 4096 72 4176 4 4270 7 4297 11 4352 72 4431 6 4525 10 4549 16 4608 73 4686 8 4781 12 4805 16 4864 87 5037 14 5060 19 5120 87 5250 3 5293 16 5316 18 5376 88 5504 5 5550 16 5572 17 5632 88 5761 4 5807 16 5829 16 5888 87 6063 16 6085 15 6135 4 6144 87 6320 15 6342 13 6391 4 6400 87 6576 15 6647 5 6656 87 6833 14 6903 5 6912 86 7089 3 7096 7 7159 6 7168 85 7345 2 7353 5 7382 5 7415 6 7424 85 7578 3 7599 4 7637 8 7671 6 7680 85 7797 2 7830 7 7855 4 7892 11 7904 5 7927 6 7936 85 8051 4 8085 10 8148 19 8183 6 8192 86 8307 5 8341 10 8404 20 8440 4 8448 85 8562 6 8597 10 8660 21 8704 85 8812 13 8844 1 8853 10 8916 21 8960 84 9067 8 9076 6 9099 2 9109 10 9173 20 9216 84 9322 8 9333 5 9356 1 9365 10 9429 20 9472 83 9577 8 9590 4 9622 8 9686 5 9695 8 9728 81 9833 9 9846 4 9878 8 9951 8 9984 81 10089 10 10100 7 10133 8 10209 5 10240 81 10345 18 10389 6 10465 4 10496 81 10592 3 10601 17 10645 6 10700 1 10752 81 10847 5 10857 17 10902 5 10953 6 11008 82 11101 8 11113 17 11160 2 11208 9 11264 82 11357 8 11369 16 11416 2 11463 11 11520 82 11613 8 11625 6 11638 3 11672 2 11719 12 11776 82 11869 8 11883 2 11927 4 11973 15 12032 80 12127 4 12183 5 12226 20 12285 82 12435 9 12479 23 12540 83 12688 12 12735 24 12796 83 12942 14 12991 24 13053 82 13147 1 13171 2 13197 7 13205 7 13248 23 13309 83 13403 2 13427 3 13451 18 13505 22 13567 84 13657 6 13670 3 13681 7 13705 20 13761 22 13824 83 13912 7 13925 5 13937 8 13961 20 14017 22 14080 83 14167 8 14181 6 14193 12 14215 24 14275 19 14336 83 14421 9 14436 7 14449 47 14531 18 14592 93 14691 8 14705 48 14787 18 14848 93 14947 9 14961 48 15045 15 15104 93 15205 8 15217 50 15307 7 15360 93 15461 7 15473 50 15565 4 15616 94 15728 52 15855 4 15872 94 15969 1 15984 52 16110 5 16128 94 16223 6 16238 6 16245 48 16367 2 16384 102 16493 7 16503 47 16640 102 16749 58 16896 103 17005 58 17152 103 17261 58 17408 105 17517 58 17664 168 17920 168 18176 168 18432 168 18688 169 18944 169 19200 169 19456 169 19712 171 19968 171 20221 174 20475 177 20731 178 20986 179 21241 180 21497 180 21753 182 21937 2 22009 4 22016 183 22265 3 22272 185 22528 185 22784 186 23040 187 23296 107 23404 79 23552 187 23808 188 24064 188 24320 189 24576 189 24832 191 25025 1 25088 198 25344 201 25600 201 25856 203 26112 204 26368 205 26624 205 26880 205 27136 205 27392 204 27648 203 27904 203 28160 203 28391 1 28416 202 28646 3 28672 201 28902 3 28928 201 29158 3 29184 201 29415 1 29440 201 29696 201 29952 201 30208 201 30464 201 30720 201 30976 202 31232 202 31488 203 31744 203 32000 203 32256 204 32512 204 32768 205 33024 205 33280 205 33536 205 33792 205 34048 205 34304 206 34560 207 34816 208 35072 209 35328 209 35584 216 35840 217 36096 219 36352 219 36608 221 36864 221 37120 221 37376 221 37632 219 37888 218 38144 217 38400 217 38656 109 38770 101 38912 109 39026 101 39128 2 39168 107 39283 104 39424 106 39539 105 39680 105 39796 105 39936 105 40053 105 40192 104 40311 104 40448 104 40567 104 40704 104 40823 103 40960 104 41079 102 41216 104 41323 1 41334 101 41472 108 41589 100 41728 109 41841 101 41984 213 42240 213 42496 213 42752 213 43008 214 43264 215 43520 215 43776 217 44032 219 44288 219 44544 112 44658 106 44800 109 44916 105 45056 109 45172 105 45312 109 45429 105 45568 109 45685 105 45824 110 45939 108 46080 110 46195 108 46336 223 46592 223 46848 224 47104 224 47360 225 47616 225 47872 225 48128 225 48384 225 48640 225 48896 226 49152 226 49408 229 49664 229 49920 229 50176 229 50432 228 50688 227 50944 227 51200 227 51456 226 51712 226 51968 226 52224 226 52480 227 52716 1 52736 227 52992 230 53226 1 53248 231 53504 233 53760 233 54016 233 54272 233 54528 233 54784 232 55040 231 55296 231 55552 231 55808 231 56064 231 56320 231 56576 234 56832 235 57088 236 57344 237 57600 238 57856 238 58112 238 58368 239 58624 238 58880 238 59136 237 59392 237 59648 235 59904 235 60160 234 60416 233 60672 233 60928 232 61184 231 61440 230 61696 228 61952 227 62208 105 62314 120 62464 105 62570 119 62721 104 62828 115 62977 104 63085 114 63233 105 63341 114 63488 107 63597 114 63744 107 63853 113 64000 107 64108 113 64256 219 64512 102 64615 116 64770 11 64783 204 65027 10 65039 2 65044 199 65284 9 65301 83 65386 113 65511 2
403905,0 2 7 36 67 132 227 12 264 36 324 133 481 14 520 36 580 135 737 15 777 36 837 135 990 19 1034 35 1093 136 1243 23 1291 34 1351 134 1497 27 1548 33 1606 136 1753 27 1805 33 1861 137 2008 29 2061 33 2117 138 2263 30 2318 32 2373 138 2519 29 2574 31 2629 139 2775 28 2831 30 2885 140 3029 29 3088 28 3141 141 3283 30 3348 21 3397 28 3426 141 3605 19 3653 28 3682 141 3863 15 3900 35 3938 141 4120 11 4155 35 4195 140 4352 3 4379 4 4411 32 4449 59 4514 77 4599 4 4608 4 4667 30 4705 58 4771 6 4778 69 4854 6 4864 5 4923 28 4961 57 5037 66 5109 9 5120 7 5179 27 5216 57 5293 66 5365 10 5376 8 5435 26 5472 55 5551 64 5620 20 5691 26 5727 55 5805 66 5876 21 5948 23 5983 50 6057 70 6131 22 6204 23 6239 50 6312 71 6387 22 6461 22 6493 51 6566 73 6643 21 6717 21 6749 50 6821 74 6899 20 6973 20 7005 43 7077 74 7152 24 7229 19 7261 41 7333 99 7439 2 7485 18 7518 34 7588 101 7693 8 7741 18 7774 31 7843 126 7997 17 8031 27 8097 129 8253 17 8288 25 8353 130 8508 17 8544 24 8608 132 8764 17 8799 6 8807 17 8864 133 9019 18 9053 6 9063 18 9119 26 9152 8 9165 31 9198 55 9275 18 9309 30 9375 26 9409 5 9422 29 9455 55 9532 15 9563 33 9631 25 9684 21 9711 55 9788 15 9818 35 9861 2 9887 24 9943 18 9967 55 10044 15 10074 47 10145 20 10199 18 10223 55 10301 14 10329 50 10401 20 10455 18 10479 10 10492 42 10557 16 10585 51 10640 5 10659 9 10705 25 10735 7 10752 38 10815 16 10841 61 10917 5 10960 27 10992 5 11008 5 11021 24 11072 16 11096 64 11214 31 11249 3 11264 5 11277 24 11328 17 11351 65 11469 34 11505 3 11534 23 11585 16 11607 64 11724 41 11790 23 11840 18 11863 65 11980 41 12047 22 12095 19 12117 68 12235 43 12303 22 12351 20 12372 69 12491 43 12559 22 12606 21 12628 71 12746 43 12816 21 12862 95 13001 44 13073 20 13117 98 13257 42 13329 20 13372 100 13513 42 13585 20 13627 103 13770 37 13809 2 13841 20 13883 104 14026 37 14098 19 14138 105 14283 34 14355 18 14394 106 14539 33 14611 18 14650 106 14797 30 14868 17 14906 107 15054 29 15127 15 15161 109 15311 28 15381 17 15417 111 15569 27 15635 20 15673 115 15827 26 15888 23 15928 117 16083 26 16142 25 16183 120 16339 27 16397 26 16439 121 16594 28 16653 26 16695 122 16849 30 16908 26 16951 124 17104 31 17164 25 17207 125 17357 36 17401 7 17419 26 17462 127 17611 39 17655 9 17675 27 17717 130 17866 54 17931 27 17973 130 18122 54 18187 29 18229 132 18377 55 18443 29 18484 133 18633 55 18699 30 18740 133 18889 55 18955 30 18995 134 19144 56 19211 32 19246 139 19399 57 19467 32 19500 141 19649 63 19724 175 19901 67 19980 244 20235 245 20491 245 20747 245 21002 246 21257 72 21333 171 21513 68 21591 169 21769 65 21848 168 22025 64 22104 168 22280 65 22362 166 22536 65 22619 168 22791 66 22877 168 23047 66 23133 235 23390 234 23646 234 23902 234 24158 234 24415 233 24672 232 24929 231 25187 229 25431 5 25447 229 25687 5 25703 190 25899 36 25944 4 25955 194 26157 35 26201 4 26208 128 26339 110 26458 247 26715 247 26971 247 27227 213 27441 34 27483 213 27697 34 27739 213 27955 32 27996 212 28212 31 28252 212 28468 32 28509 211 28724 33 28765 211 28978 35 29021 248 29278 246 29535 246 29791 246 30048 245 30305 245 30560 247 30816 249 31069 2745 33818 251 34075 250 34331 250 34588 249 34844 249 35100 248 35355 248 35611 176 35793 66 35866 177 36049 65 36121 249 36377 248 36633 248 36889 247 37144 248 37400 248 37656 248 37912 247 38168 247 38423 247 38680 245 38936 243 39193 242 39448 241 39703 242 39958 243 40211 246 40466 247 40720 57 40782 187 40975 52 41028 3 41039 186 41231 50 41296 185 41487 51 41552 185 41742 52 41808 185 41998 52 42063 186 42254 55 42319 186 42510 57 42575 186 42766 58 42831 186 43023 58 43087 186 43279 58 43344 186 43535 59 43600 251 43857 250 44113 251 44370 250 44627 249 44883 249 45138 250 45393 251 45649 252 45903 1354 47258 254 47517 251 47773 250 48028 178 48207 72 48283 178 48465 71 48539 177 48723 70 48795 176 48980 167 49152 75 49236 168 49408 74 49493 168 49664 74 49749 168 49920 74 50005 71 50079 94 50176 74 50261 71 50335 94 50432 73 50518 69 50592 93 50688 64 50753 8 50774 69 50849 92 50944 57 51013 2 51031 68 51105 93 51200 56 51287 68 51361 148 51544 66 51618 43 51664 101 51801 65 51875 42 51920 101 52061 4 52069 53 52134 39 52176 101 52325 53 52392 37 52432 102 52583 52 52650 141 52840 53 52907 25 52936 111 53097 56 53165 12 53194 109 53354 57 53421 11 53449 110 53611 57 53704 111 53867 58 53959 113 54123 59 54214 115 54379 60 54469 117 54600 2 54635 60 54725 119 54856 3 54891 61 54964 5 54981 120 55111 6 55146 64 55220 6 55236 122 55363 10 55402 65 55477 4 55491 108 55602 28 55657 69 55747 108 55859 28 55913 70 56003 106 56114 29 56168 71 56258 107 56370 30 56424 72 56514 107 56626 30 56680 73 56768 109 56882 31 56936 75 57024 109 57137 32 57192 77 57279 110 57393 32 57447 80 57535 145 57703 82 57791 145 57947 1 57958 83 58047 144 58199 98 58304 143 58454 99 58560 143 58709 100 58817 142 58964 101 59073 142 59218 102 59331 245 59587 245 59845 243 60101 244 60359 242 60615 243 60872 243 61128 244 61385 244 61641 244 61897 244 62153 244 62409 244 62665 245 62922 54 62977 190 63178 54 63235 188 63435 53 63497 183 63691 53 63755 93 63851 88 63947 53 64012 90 64108 87 64203 53 64269 78 64348 4 64364 87 64459 53 64527 76 64621 86 64715 53 64787 7 64797 62 64877 34 64915 48 64971 53 65054 60 65133 34 65171 38 65212 6 65227 53 65312 57 65391 30 65427 37 65484 52
409913,0 12 42 125 256 11 298 124 512 11 554 124 768 11 809 124 1024 10 1065 124 1280 10 1320 125 1536 10 1576 125 1792 10 1832 125 2048 10 2088 125 2304 9 2345 123 2560 9 2601 123 2816 9 2859 120 3072 9 3116 118 3328 8 3374 115 3584 8 3631 114 3840 7 3887 112 4096 7 4143 112 4352 7 4399 110 4608 6 4655 109 4864 5 4911 108 5120 5 5168 107 5376 2 5425 106 5632 1 5681 105 5938 104 6195 102 6452 101 6708 101 6965 77 7046 18 7222 21 7247 50 7303 17 7481 16 7505 46 7560 15 7737 16 7762 44 7816 15 7995 12 8021 40 8072 13 8255 6 8279 38 8328 13 8538 35 8583 8 8795 34 8839 7 9052 33 9095 6 9308 15 9324 17 9350 7 9564 13 9583 13 9605 7 9820 13 9839 13 9861 6 10076 13 10096 11 10117 6 10332 12 10352 11 10373 6 10589 11 10610 8 10629 6 10847 9 10867 6 10885 6 11104 7 11142 5 11399 4 11657 1 24575 1 24830 2 25084 4 25339 5 25594 6 25849 7 26104 8 26358 10 26613 11 26869 11 27124 12 27379 13 27635 13 27891 13 28147 13 28364 4 28403 13 28605 6 28617 8 28658 14 28860 23 28914 14 29097 4 29115 24 29168 16 29353 5 29370 25 29423 17 29608 44 29679 17 29863 45 29935 17 30119 46 30191 17 30375 46 30447 4 30454 10 30631 46 30711 9 30775 3 30887 45 30968 8 31028 9 31144 44 31224 8 31282 11 31400 43 31480 8 31536 14 31657 42 31735 9 31791 15 31913 42 31991 9 32044 19 32170 39 32236 4 32245 11 32299 20 32426 36 32491 6 32499 13 32543 2 32554 22 32683 32 32745 23 32797 4 32810 23 32939 32 33001 23 33053 6 33065 25 33195 32 33256 24 33309 5 33321 25 33452 5 33461 22 33511 25 33565 5 33576 27 33710 3 33721 18 33766 23 33821 5 33832 27 33966 2 33977 18 34021 18 34087 29 34222 3 34242 8 34277 17 34343 29 34477 4 34499 6 34533 16 34596 33 34731 6 34788 17 34850 35 34987 6 35044 17 35105 36 35241 8 35299 17 35361 36 35497 8 35556 16 35616 37 35753 8 35812 15 35872 37 36009 7 36068 15 36128 38 36324 16 36384 38 36579 17 36639 40 36835 17 36895 40 37091 17 37151 40 37345 19 37407 40 37601 18 37625 7 37663 39 37857 17 37880 8 37920 38 38113 16 38136 8 38177 36 38297 4 38369 15 38391 9 38433 35 38553 4 38625 14 38646 10 38691 5 38699 19 38807 8 38881 12 38901 11 38956 10 39062 9 39137 12 39157 11 39214 7 39317 11 39395 10 39412 12 39469 7 39571 13 39652 8 39668 12 39723 8 39825 16 39923 13 39979 8 40080 17 40177 15 40233 10 40250 7 40336 23 40428 20 40489 10 40505 8 40592 23 40684 20 40743 14 40759 12 40848 24 40940 20 40999 31 41034 7 41104 25 41196 20 41254 45 41360 25 41452 20 41509 46 41616 25 41708 20 41763 50 41863 3 41871 26 41915 10 41965 19 42019 51 42118 6 42127 25 42171 10 42221 19 42273 53 42373 35 42424 15 42477 19 42528 55 42591 5 42628 35 42679 16 42732 20 42784 55 42845 8 42883 36 42933 18 42988 20 43040 55 43099 11 43139 36 43188 20 43244 20 43296 55 43354 12 43373 2 43394 38 43443 22 43500 20 43553 55 43609 13 43626 6 43649 40 43699 22 43756 20 43809 81 43905 40 43955 22 44011 21 44066 81 44160 41 44211 22 44267 21 44321 82 44416 41 44467 23 44522 22 44577 82 44672 41 44723 23 44777 23 44833 83 44928 47 44978 25 45033 23 45089 83 45185 74 45288 24 45345 83 45441 74 45541 27 45601 83 45697 74 45796 28 45857 82 45953 75 46049 31 46113 82 46210 74 46303 33 46370 80 46463 77 46555 37 46626 79 46718 78 46811 37 46882 79 46974 79 47065 39 47139 78 47229 80 47319 41 47395 77 47485 84 47571 45 47652 77 47741 131 47909 76 47997 131 48165 80 48253 131 48421 84 48515 125 48678 85 48771 125 48935 86 49027 125 49191 86 49282 126 49447 87 49538 126 49666 5 49703 88 49793 127 49921 13 49959 232 50215 234 50472 234 50729 235 50987 234 51243 56 51303 176 51508 46 51559 153 51713 22 51765 45 51816 22 51840 128 51969 23 52025 41 52073 19 52100 124 52225 23 52282 40 52329 18 52357 123 52481 23 52538 39 52586 17 52615 121 52737 23 52794 39 52842 17 52872 120 52993 23 53051 38 53098 17 53129 119 53249 23 53307 39 53353 20 53386 142 53563 40 53607 23 53633 1 53644 7 53653 131 53820 39 53863 29 53901 6 53909 130 54077 74 54161 134 54334 74 54418 133 54591 75 54673 133 54848 75 54929 132 55105 74 55185 132 55362 73 55441 132 55618 73 55697 133 55874 73 55953 134 56119 84 56210 133 56374 85 56466 133 56629 86 56723 132 56884 87 56980 131 57139 88 57237 53 57297 17 57315 52 57395 87 57493 52 57553 18 57573 50 57651 87 57751 50 57809 18 57832 47 57907 87 58007 49 58065 18 58088 10 58099 36 58165 85 58264 49 58321 16 58345 45 58421 85 58521 48 58577 16 58603 40 58678 84 58777 46 58831 17 58859 40 58935 83 59033 46 59086 17 59116 38 59195 79 59289 44 59341 15 59372 38 59453 77 59546 42 59597 16 59627 40 59711 76 59807 35 59853 17 59877 50 59969 74 60064 33 60109 18 60131 63 60225 74 60320 32 60365 88 60481 75 60575 32 60622 89 60737 76 60831 31 60879 90 60977 3 60991 78 61086 31 61135 103 61247 79 61341 32 61393 16 61413 84 61502 80 61597 32 61653 12 61669 86 61757 82 61851 33 61915 6 61925 86 62012 83 62106 34 62171 7 62181 170 62361 35 62421 186 62616 37 62675 188 62871 38 62924 194 63127 38 63180 193 63382 40 63435 194 63637 42 63691 195 63891 44 63945 199 64146 46 64201 248 64455 250 64710 251 64965 252 65221 251 65477 59
416208,0 1 254 2 511 1 6911 1 7166 2 7421 3 7675 5 7927 9 8179 13 8433 15 8685 19 8939 21 9190 26 9445 27 9697 31 9952 32 10204 36 10458 38 10707 45 10962 46 11215 49 11469 51 11723 53 11979 53 12233 55 12484 60 12734 66 12987 69 13239 73 13495 73 13747 77 14003 77 14257 79 14512 80 14768 6 14775 73 15025 79 15281 79 15538 78 15794 78 16050 78 16306 78 16533 4 16562 78 16788 7 16802 3 16817 79 17043 8 17059 2 17072 80 17299 8 17315 2 17328 80 17553 12 17571 4 17583 81 17789 5 17807 29 17839 81 18041 12 18063 113 18295 21 18317 115 18549 139 18801 32 18834 110 19055 33 19091 109 19307 37 19347 109 19561 39 19603 109 19813 44 19859 26 19888 80 20067 74 20144 80 20319 161 20574 162 20825 167 21080 168 21333 66 21405 99 21587 67 21661 99 21838 69 21923 2 21930 86 22093 69 22179 2 22189 83 22344 73 22445 83 22599 74 22702 6 22709 75 22853 75 22959 3 22965 75 23107 77 23217 1 23221 75 23353 86 23477 75 23607 88 23733 75 23858 97 23967 7 23989 75 24112 101 24221 10 24237 3 24244 76 24364 111 24478 11 24490 7 24498 78 24619 114 24735 97 24871 119 24991 97 25125 219 25379 221 25631 225 25883 229 26137 231 26389 235 26643 237 26895 241 27147 245 27398 250 27649 8363 36013 256 36272 253 36530 247 36780 1 36787 246 37043 246 37299 246 37548 1 37554 247 37803 5 37810 237 38048 17 38066 236 38307 250 38563 246 38810 3 38819 246 39066 3 39075 253 39330 7211 46545 252 46802 248 47059 246 47315 244 47572 243 47829 242 48087 239 48343 238 48599 237 48853 233 49088 3 49107 234 49345 1 49363 228 49619 227 49876 3 49881 221 50133 1 50141 216 50397 216 50653 216 50909 215 51165 216 51421 216 51679 214 51936 213 52192 212 52449 211 52705 211 52942 3 52961 210 53195 6 53219 208 53450 7 53475 208 53701 12 53733 206 53955 14 53989 206 54211 12 54246 206 54466 13 54503 207 54719 15 54761 206 54974 15 55017 208 55229 15 55275 206 55485 14 55531 207 55741 14 55789 205 55997 14 56045 222 56301 222 56557 221 56813 220 57069 220 57325 219 57581 218 57837 217 58094 216 58351 215 58607 214 58863 214 59119 210 59375 210 59633 204 59889 203 60145 203 60350 2 60369 6 60401 203 60606 3 60625 10 60657 202 60862 5 60880 17 60913 12 60928 187 61118 5 61136 19 61169 12 61184 185 61375 5 61392 23 61424 11 61440 184 61633 1 61648 21 61681 10 61696 184 61903 21 61937 10 61952 184 62151 1 62159 21 62193 10 62208 184 62407 2 62415 20 62449 10 62464 184 62662 3 62672 19 62705 9 62720 184 62918 3 62927 20 62963 6 62976 183 63174 3 63183 20 63219 4 63232 183 63420 1 63425 2 63431 4 63437 22 63476 2 63488 183 63680 35 63744 183 63933 38 64000 183 64189 38 64256 184 64445 38 64511 186 64701 38 64765 191 64957 38 65019 232 65268 2 65275 234 65524 4 65531 5
416662,55 8 74 11 99 34 161 90 311 9 327 14 357 32 418 89 567 9 581 16 613 32 674 88 821 12 835 19 871 30 931 86 1075 35 1129 28 1188 85 1329 37 1386 27 1447 78 1585 37 1643 26 1703 81 1839 38 1899 25 1959 82 2095 38 2155 24 2215 82 2349 40 2411 23 2471 82 2559 1 2604 41 2667 22 2726 90 2859 42 2922 21 2981 91 3115 43 3178 20 3237 91 3371 45 3434 19 3493 91 3626 49 3684 3 3690 19 3749 91 3873 60 3938 7 3946 19 4005 91 4129 61 4193 28 4261 91 4383 73 4461 14 4518 17 4539 69 4639 72 4717 14 4774 17 4797 67 4895 72 4975 9 5031 15 5054 66 5151 70 5231 8 5289 12 5311 65 5407 68 5548 3 5576 56 5663 68 5803 5 5832 56 5919 69 6059 9 6088 56 6175 70 6314 11 6344 18 6363 37 6433 69 6518 1 6569 15 6600 18 6619 37 6689 69 6773 4 6825 16 6856 18 6875 37 6948 67 7028 7 7080 20 7113 19 7133 35 7205 67 7283 8 7336 21 7369 55 7461 68 7536 13 7591 10 7602 13 7625 55 7717 70 7791 14 7847 8 7858 14 7884 52 7974 87 8103 7 8115 14 8144 48 8230 88 8359 7 8372 14 8401 47 8486 88 8615 6 8629 14 8658 8 8669 35 8742 88 8872 4 8885 14 8915 6 8926 34 8998 88 9129 1 9141 14 9172 2 9183 33 9254 89 9397 14 9429 1 9439 33 9510 89 9653 14 9695 33 9767 88 9909 14 9951 33 10023 88 10165 15 10197 5 10205 35 10279 88 10421 15 10452 44 10534 89 10678 14 10707 45 10790 89 10935 12 10962 46 11043 92 11193 10 11217 47 11299 92 11450 7 11473 47 11554 94 11729 47 11810 94 11985 47 12067 92 12176 2 12242 46 12323 63 12389 26 12431 4 12498 46 12581 59 12653 18 12676 4 12685 6 12755 45 12839 57 12909 18 12931 6 12941 7 13012 44 13096 54 13166 39 13268 44 13352 54 13423 40 13467 4 13523 45 13609 53 13679 50 13779 45 13865 53 13935 50 14035 45 14123 51 14192 51 14291 45 14385 45 14449 50 14547 45 14641 45 14705 50 14803 45 14891 1 14898 43 14961 50 15059 45 15145 3 15155 40 15217 50 15315 45 15398 7 15412 39 15473 50 15571 45 15652 9 15669 13 15691 16 15729 48 15827 45 15907 10 15927 6 15948 14 15985 48 16083 45 16161 12 16205 12 16241 46 16339 45 16417 12 16461 10 16498 43 16595 45 16671 14 16755 42 16851 45 16926 15 17012 42 17106 46 17179 18 17277 34 17362 46 17435 18 17532 35 17617 47 17689 20 17767 5 17788 35 17873 47 17945 20 18007 22 18043 37 18129 47 18199 22 18245 2 18259 28 18299 36 18384 48 18455 21 18491 3 18499 4 18514 30 18555 36 18640 48 18711 20 18744 17 18769 32 18811 36 18895 49 18967 20 19000 18 19024 33 19066 37 19151 49 19222 19 19255 20 19279 34 19322 37 19407 49 19478 19 19511 20 19533 36 19579 36 19663 49 19733 21 19767 59 19835 37 19919 49 19989 22 20023 59 20091 37 20175 49 20245 22 20279 59 20349 35 20431 49 20501 22 20535 59 20605 35 20688 48 20757 22 20791 59 20861 35 20943 34 20981 11 21005 4 21013 22 21047 59 21117 34 21199 34 21237 11 21260 31 21303 59 21373 34 21454 29 21487 2 21493 11 21516 31 21559 60 21629 34 21710 28 21743 1 21749 10 21772 31 21815 60 21886 31 21955 3 21965 28 22005 9 22029 30 22071 60 22142 31 22211 4 22221 26 22261 5 22285 30 22328 58 22399 28 22465 38 22541 30 22585 6 22603 38 22655 28 22721 36 22797 12 22813 13 22860 37 22911 27 22976 37 23054 11 23070 12 23116 36 23167 26 23231 38 23311 8 23328 8 23372 35 23424 24 23486 40 23568 5 23585 6 23629 34 23681 22 23742 41 23885 32 23938 16 23998 41 24143 28 24194 14 24253 42 24402 24 24452 9 24509 42 24661 20 24709 7 24765 42 24921 15 25020 43 25179 13 25275 44 25442 5 25523 52 25699 2 25778 53 26032 56 26287 57 26542 58 26798 59 27053 59 27248 2 27309 59 27501 6 27564 60 27757 7 27820 60 28011 10 28075 61 28267 10 28331 61 28523 11 28587 60 28778 12 28842 61 29006 3 29034 13 29095 64 29179 5 29231 3 29261 8 29289 14 29339 76 29435 5 29486 11 29514 13 29544 16 29592 79 29689 7 29742 12 29770 14 29800 17 29846 80 29944 8 29998 13 30025 28 30055 18 30091 4 30101 81 30199 9 30255 13 30281 48 30345 7 30357 80 30454 10 30511 14 30537 50 30601 7 30613 84 30709 11 30767 14 30793 52 30858 5 30869 92 30963 13 31023 14 31049 52 31115 2 31125 107 31279 14 31305 53 31381 107 31505 6 31536 13 31561 53 31637 107 31761 6 31792 13 31817 53 31894 106 32016 7 32048 13 32073 53 32151 105 32271 9 32304 13 32329 53 32407 105 32527 9 32559 14 32585 52 32663 105 32783 10 32815 14 32840 53 32919 105 33039 10 33071 14 33095 47 33176 104 33295 10 33327 14 33351 46 33433 103 33551 10 33583 15 33605 47 33691 101 33807 10 33839 15 33861 14 33879 12 33892 16 33948 100 34064 8 34095 15 34116 14 34139 4 34149 14 34208 5 34219 41 34263 41 34320 8 34351 15 34372 13 34405 14 34465 2 34476 39 34519 41 34577 7 34605 16 34628 11 34663 10 34734 36 34775 41 34832 8 34861 16 34884 10 34920 8 34993 25 35030 42 35088 8 35116 16 35141 8 35179 2 35255 18 35286 42 35344 8 35371 16 35397 8 35511 18 35542 42 35600 7 35625 17 35653 7 35768 15 35799 41 35856 7 35881 16 35909 8 36024 14 36055 41 36113 6 36136 17 36165 8 36281 11 36311 41 36369 5 36391 17 36421 9 36538 9 36566 42 36647 17 36675 13 36795 6 36821 43 36904 16 36931 14 37052 4 37076 44 37161 16 37186 16 37329 47 37417 16 37441 18 37585 47 37673 16 37696 21 37840 48 37929 16 37951 22 38095 49 38185 16 38207 23 38351 49 38441 16 38463 24 38607 49 38699 12 38719 24 38863 49 38955 12 38975 25 39119 49 39232 24 39375 49 39488 24 39632 48 39745 22 39889 47 40001 22 40145 47 40233 2 40258 21 40403 45 40487 6 40514 21 40659 45 40741 9 40771 19 40919 41 40996 10 41028 18 41176 34 41214 2 41251 12 41285 16 41433 31 41471 1 41507 12 41541 15 41690 28 41727 1 41762 13 41795 10 41946 22 41982 2 42018 14 42051 9 42202 22 42237 3 42274 16 42307 8 42456 25 42491 5 42530 17 42562 9 42711 7 42725 14 42747 5 42786 17 42817 10 42966 7 42981 27 43042 17 43073 10 43221 9 43237 27 43299 16 43328 12 43369 6 43470 16 43493 27 43555 16 43585 11 43625 7 43725 17 43749 27 43814 11 43841 12 43879 10 43897 2 43901 2 43979 19 44004 28 44073 6 44098 11 44134 11 44152 7 44235 19 44259 29 44355 10 44389 13 44405 12 44490 54 44611 9 44645 29 44745 19 44765 35 44868 7 44901 30 45001 13 45021 35 45125 6 45156 31 45257 12 45277 35 45381 4 45412 31 45516 9 45533 35 45638 1 45668 31 45773 7 45788 36 45876 8 45923 33 46043 37 46131 10 46178 34 46299 37 46386 14 46431 37 46555 38 46641 16 46686 38 46811 39 46897 18 46940 40 47067 39 47153 18 47195 40 47323 40 47409 18 47449 42 47579 40 47665 18 47694 1 47702 45 47835 43 47921 17 47949 54 48092 43 48177 16 48205 53 48348 46 48397 1 48433 16 48459 54 48605 46 48652 3 48689 16 48715 53 48861 50 48933 3 48945 15 48970 53 49117 50 49189 4 49201 15 49226 53 49373 50 49443 8 49456 17 49482 53 49629 16 49651 12 49664 15 49699 10 49711 18 49738 53 49884 15 49910 9 49920 17 49954 31 49994 53 50138 16 50175 18 50210 31 50250 52 50394 15 50431 18 50466 31 50507 10 50519 39 50607 1 50648 15 50687 19 50722 31 50763 8 50775 38 50857 1 50861 4 50903 14 50944 19 50977 32 51021 3 51033 35 51111 12 51159 14 51200 19 51233 32 51290 33 51350 3 51366 13 51415 14 51456 19 51489 32 51548 29 51605 6 51619 17 51671 14 51712 19 51745 31 51805 28 51861 6 51875 17 51927 16 51959 2 51967 20 52002 17 52022 10 52061 27 52118 5 52128 20 52183 18 52213 29 52258 16 52279 8 52307 2 52318 26 52374 6 52381 24 52440 18 52468 31 52515 14 52538 5 52562 5 52575 29 52629 32 52696 18 52723 32 52771 14 52817 7 52833 29 52873 2 52884 33 52952 18 52978 35 53029 12 53072 8 53091 28 53127 46 53199 27 53233 37 53285 12 53328 8 53348 28 53383 47 53454 27 53489 38 53543 10 53583 10 53605 12 53619 14 53634 52 53709 28 53744 20 53767 17 53799 10 53839 10 53861 11 53875 67 53964 29 53999 17 54025 16 54057 8 54095 11 54118 11 54134 64 54220 29 54255 17 54282 15 54313 8 54350 12 54375 10 54391 64 54476 28 54510 19 54539 14 54571 5 54606 13 54632 78 54732 54 54795 15 54827 4 54863 13 54888 78 54989 56 55052 14 55119 14 55145 76 55245 58 55307 15 55375 14 55401 76 55503 62 55569 8 55631 15 55657 74 55766 55 55826 7 55882 20 55913 74 56023 56 56083 4 56136 22 56168 75 56282 5 56290 45 56391 22 56424 74 56547 45 56637 1 56645 24 56679 74 56803 45 56891 6 56900 24 56935 74 57059 45 57145 26 57187 78 57315 45 57400 27 57441 80 57570 45 57653 30 57695 81 57825 46 57908 31 57951 81 58081 44 58162 33 58207 79 58297 1 58337 42 58417 33 58463 74 58552 3 58592 39 58672 34 58717 74 58806 5 58848 39 58927 35 58973 74 59061 6 59104 38 59181 37 59227 75 59314 10 59359 38 59437 36 59483 75 59569 11 59615 38 59692 37 59737 56 59794 20 59825 14 59871 38 59947 38 59993 54 60053 16 60081 15 60127 37 60203 38 60249 52 60311 11 60337 20 60384 35 60459 38 60505 52 60568 9 60593 21 60640 32 60714 39 60759 52 60824 11 60849 23 60896 32 60969 40 61015 52 61079 12 61104 25 61153 31 61225 40 61269 54 61335 14 61360 25 61409 31 61481 39 61525 54 61590 15 61615 26 61666 30 61736 39 61782 52 61845 18 61870 28 61923 29 61992 39 62038 51 62101 19 62125 29 62179 29 62248 38 62295 50 62356 21 62381 30 62437 27 62505 36 62551 50 62612 55 62693 27 62761 36 62807 50 62867 56 62951 25 63018 35 63064 48 63123 57 63208 24 63275 34 63321 47 63378 59 63465 23 63532 33 63577 47 63633 62 63721 23 63788 33 63830 50 63889 66 63978 22 64044 33 64085 52 64144 68 64234 22 64300 32 64341 52 64397 71 64490 22 64556 31 64597 54 64653 72 64747 21 64812 31 64853 128 65003 21 65068 31 65109 127 65259 21 65324 28 65366 126 65515 21
417960,0 65536
418853,0 65536
421383,49 50 102 29 162 17 203 44 304 51 357 29 418 19 451 51 560 51 613 29 673 20 707 51 816 51 869 29 928 23 962 51 1072 49 1125 28 1183 25 1218 51 1328 49 1381 28 1437 28 1473 52 1583 49 1637 28 1693 28 1729 52 1839 11 1860 27 1892 29 1949 28 1984 52 2085 2 2095 10 2117 26 2148 28 2204 29 2239 53 2349 13 2374 26 2403 28 2459 30 2493 54 2605 14 2631 56 2715 30 2747 56 2859 16 2887 12 2905 34 2969 32 3003 56 3114 17 3143 12 3161 34 3223 34 3258 58 3367 21 3398 10 3417 32 3478 35 3514 58 3622 23 3653 12 3672 32 3733 36 3770 58 3877 24 3907 16 3927 31 3989 34 4024 59 4133 25 4161 20 4183 29 4244 34 4281 58 4387 79 4499 34 4537 52 4641 81 4755 34 4793 51 4896 81 5011 30 5043 2 5049 51 5108 1 5151 82 5268 89 5363 2 5406 83 5525 20 5546 76 5662 83 5781 20 5802 77 5917 84 6037 20 6058 78 6173 84 6293 20 6314 79 6427 86 6549 20 6570 79 6682 87 6805 101 6925 6 6937 87 7061 101 7181 8 7193 86 7317 101 7436 98 7575 99 7692 98 7831 39 7872 58 7948 95 8089 35 8129 56 8204 94 8347 32 8385 56 8461 8 8470 81 8605 30 8640 57 8718 5 8727 78 8817 2 8861 30 8895 58 8983 71 9072 5 9118 29 9149 59 9239 70 9327 6 9374 90 9493 70 9583 7 9631 88 9747 72 9839 8 9853 5 9888 87 10001 74 10096 7 10107 10 10147 84 10255 75 10352 7 10363 10 10404 83 10507 79 10611 2 10618 12 10661 82 10761 81 10874 12 10917 82 11014 84 11130 13 11175 80 11269 84 11386 13 11431 80 11525 84 11612 7 11642 21 11689 78 11781 84 11868 8 11899 21 11946 77 12036 85 12125 8 12155 22 12208 72 12292 84 12381 8 12412 21 12465 72 12547 85 12637 8 12668 23 12723 70 12803 84 12893 8 12923 24 12980 69 13059 84 13150 6 13178 27 13217 6 13245 61 13316 83 13408 1 13434 27 13472 9 13501 62 13573 83 13690 29 13727 11 13757 65 13829 84 13946 29 13982 13 14012 67 14086 10 14097 72 14201 30 14235 18 14266 70 14343 8 14353 72 14457 30 14489 21 14519 73 14599 8 14611 47 14662 19 14714 52 14775 73 14855 8 14867 45 14919 18 14971 51 15031 73 15109 9 15124 42 15176 17 15228 24 15253 26 15287 73 15364 11 15381 41 15433 16 15485 22 15509 26 15543 73 15619 12 15637 8 15647 30 15691 13 15743 17 15765 26 15799 73 15873 15 15894 5 15903 30 15947 14 16000 13 16021 26 16055 91 16159 29 16202 15 16257 8 16266 3 16277 26 16312 90 16416 27 16458 16 16514 7 16533 27 16568 91 16672 25 16713 17 16771 7 16789 27 16825 90 16929 22 16969 18 17027 8 17045 27 17081 91 17185 20 17224 19 17283 8 17302 27 17338 37 17379 50 17442 17 17480 19 17539 8 17558 27 17595 36 17635 50 17699 15 17737 18 17757 5 17796 7 17815 26 17851 35 17891 50 17957 13 17993 26 18053 7 18061 2 18071 26 18107 35 18147 50 18217 8 18249 27 18309 12 18327 26 18364 35 18403 28 18432 21 18476 5 18505 28 18565 12 18583 26 18621 34 18660 11 18677 10 18688 21 18763 27 18821 15 18839 26 18877 34 18917 7 18935 6 18944 21 19021 26 19077 17 19095 26 19133 35 19175 4 19193 2 19200 21 19278 26 19333 44 19388 3 19394 31 19456 20 19533 27 19589 44 19643 4 19651 30 19712 19 19789 27 19845 45 19898 5 19910 27 19968 19 20045 27 20101 45 20154 5 20167 26 20224 19 20300 28 20357 44 20409 7 20424 23 20480 19 20556 27 20613 44 20665 7 20681 22 20736 19 20811 28 20870 42 20920 9 20938 19 20992 20 21067 28 21127 41 21175 10 21194 18 21248 21 21323 27 21385 38 21431 10 21451 15 21504 21 21579 27 21642 37 21686 12 21707 14 21742 3 21760 21 21834 39 21899 13 21914 21 21942 14 21965 11 21993 10 22016 21 22090 41 22155 10 22171 20 22198 18 22222 9 22247 13 22272 22 22346 45 22411 8 22427 20 22454 20 22480 5 22502 15 22528 24 22601 48 22667 7 22683 19 22710 21 22758 17 22784 28 22857 48 22923 6 22939 19 22966 22 23014 17 23040 30 23111 50 23179 6 23194 20 23222 22 23270 17 23296 31 23363 54 23435 6 23449 20 23477 24 23526 18 23552 31 23619 54 23692 34 23733 24 23781 19 23808 31 23874 55 23948 34 23989 24 24035 21 24064 32 24129 55 24205 34 24245 24 24290 22 24320 32 24384 56 24446 48 24501 26 24545 22 24576 32 24639 20 24660 36 24701 48 24757 26 24801 22 24832 32 24894 21 24916 36 24955 48 25013 28 25057 23 25088 32 25149 22 25172 36 25211 48 25269 28 25313 24 25344 32 25395 4 25404 22 25428 37 25466 47 25525 29 25569 24 25600 32 25650 5 25659 61 25722 48 25781 30 25825 25 25856 32 25906 5 25914 61 25978 49 26037 29 26081 26 26112 32 26161 7 26169 61 26234 49 26293 29 26337 26 26368 33 26418 6 26425 61 26490 51 26549 10 26563 14 26593 26 26624 34 26674 3 26680 61 26745 52 26805 9 26819 14 26848 27 26880 35 26930 3 26935 25 26961 36 27001 52 27061 8 27076 11 27104 27 27136 38 27185 4 27191 24 27217 36 27258 51 27317 7 27332 10 27359 28 27392 79 27473 36 27514 51 27575 2 27589 6 27615 27 27647 79 27729 36 27770 50 27845 6 27871 27 27903 54 27961 21 27986 33 28027 48 28102 3 28126 27 28158 55 28217 21 28242 33 28283 48 28359 1 28382 27 28413 55 28473 20 28498 32 28539 46 28639 24 28667 56 28730 19 28754 31 28795 44 28895 22 28922 57 28987 18 29011 27 29051 33 29152 19 29177 57 29243 18 29266 27 29307 33 29408 18 29432 50 29485 4 29500 16 29522 26 29563 34 29665 8 29687 51 29742 1 29757 14 29778 26 29819 36 29921 8 29943 50 30013 14 30034 25 30077 36 30176 7 30198 51 30271 11 30290 24 30333 37 30423 2 30429 9 30454 51 30529 6 30545 24 30591 38 30671 21 30709 52 30801 23 30847 38 30926 22 30965 50 31057 21 31105 37 31181 23 31221 50 31313 20 31361 37 31437 23 31476 49 31569 19 31618 36 31692 25 31731 50 31826 17 31874 35 31947 26 31987 51 32083 16 32131 34 32196 5 32202 29 32243 51 32340 14 32387 33 32450 37 32499 52 32601 8 32643 33 32704 40 32754 57 32859 4 32899 32 32959 42 33010 59 33156 31 33214 44 33265 61 33413 30 33470 45 33521 62 33669 30 33725 47 33775 16 33792 47 33926 28 33981 47 34031 15 34048 48 34183 28 34236 67 34304 48 34441 26 34492 67 34560 49 34699 24 34747 68 34816 49 34931 2 34956 23 35003 68 35072 51 35185 6 35214 22 35259 68 35328 51 35442 5 35468 25 35515 68 35584 52 35699 4 35720 29 35770 69 35840 52 35955 4 35975 30 36026 123 36213 2 36229 33 36283 122 36469 2 36484 34 36539 122 36739 35 36795 123 36935 5 36994 36 37051 123 37190 7 37241 2 37249 36 37309 121 37445 10 37497 4 37504 37 37565 64 37632 54 37701 12 37752 43 37823 62 37888 54 37956 14 38008 43 38081 60 38144 52 38209 20 38265 41 38338 59 38400 51 38464 21 38521 39 38595 58 38656 47 38719 23 38777 35 38851 58 38912 46 38975 23 39033 34 39107 57 39168 45 39231 24 39289 34 39363 55 39424 44 39486 25 39545 34 39619 54 39680 43 39731 37 39773 6 39800 35 39875 36 39917 8 39936 43 39986 38 40027 10 40043 4 40056 35 40131 34 40192 43 40239 41 40282 23 40313 34 40387 32 40447 89 40537 24 40569 35 40643 32 40701 90 40793 26 40825 38 40899 30 40956 89 41049 26 41081 40 41155 30 41211 87 41306 25 41338 41 41411 28 41465 7 41473 81 41562 26 41593 42 41667 27 41719 9 41731 78 41819 26 41849 44 41923 25 41964 2 41973 11 41988 76 42076 26 42104 45 42179 24 42219 6 42227 13 42245 75 42333 73 42434 24 42473 23 42501 75 42590 73 42690 23 42729 23 42757 75 42847 72 42947 22 42983 25 43013 74 43103 72 43203 23 43236 28 43271 4 43281 62 43360 71 43460 23 43487 33 43537 4 43542 56 43616 71 43716 60 43799 54 43871 72 43972 60 44055 54 44127 72 44228 60 44311 52 44383 71 44484 60 44567 52 44639 71 44739 61 44824 49 44894 71 44995 61 45081 48 45150 71 45251 61 45337 47 45406 70 45507 61 45594 46 45662 69 45763 61 45851 45 45919 67 46019 61 46107 45 46175 64 46275 61 46363 45 46430 63 46533 59 46619 45 46685 63 46790 58 46875 45 46941 11 46955 49 47048 56 47131 45 47196 12 47211 49 47306 54 47386 47 47451 12 47469 48 47566 50 47643 46 47706 14 47725 48 47823 49 47899 45 47962 16 47983 47 48079 49 48155 45 48217 18 48239 48 48336 48 48411 44 48473 19 48495 51 48593 47 48667 44 48729 21 48751 53 48850 46 48924 41 48985 78 49110 42 49180 41 49242 20 49263 57 49367 41 49437 38 49499 19 49521 6 49531 46 49625 39 49693 38 49755 19 49779 2 49787 46 49881 39 49951 38 50013 6 50020 10 50042 47 50139 37 50209 38 50277 9 50298 47 50395 37 50474 31 50533 9 50554 48 50655 33 50731 30 50789 9 50810 49 50915 29 50988 32 51045 9 51066 49 51171 29 51244 35 51301 9 51322 49 51428 28 51499 38 51553 12 51577 51 51684 28 51755 39 51808 13 51833 52 51940 28 52012 39 52063 12 52089 52 52196 28 52268 39 52318 13 52345 52 52452 28 52524 40 52571 16 52600 53 52710 26 52780 42 52825 19 52856 53 52967 25 53036 65 53112 53 53225 23 53292 65 53368 53 53482 22 53548 65 53624 53 53700 1 53740 20 53804 66 53881 52 53955 4 53997 19 54059 67 54137 52 54199 2 54206 11 54221 6 54253 19 54315 67 54394 50 54453 30 54510 18 54570 67 54651 50 54707 33 54748 2 54766 18 54826 67 54908 1 54916 81 55003 5 55022 18 55081 68 55173 81 55258 7 55279 17 55337 68 55429 82 55514 7 55535 17 55593 67 55687 92 55793 15 55849 67 55943 92 56049 15 56105 68 56201 95 56307 13 56361 68 56457 98 56564 11 56619 66 56713 102 56823 7 56875 66 56969 103 57080 5 57133 64 57226 103 57389 64 57482 103 57645 63 57738 105 57902 62 57995 104 58159 60 58251 105 58415 8 58428 46 58509 104 58673 4 58685 44 58768 102 58931 1 58941 44 59026 100 59197 44 59287 96 59453 44 59544 95 59709 8 59721 4 59729 10 59744 8 59801 96 59965 7 59986 8 60001 7 60057 96 60212 15 60245 2 60314 96 60467 15 60541 8 60571 96 60723 15 60797 11 60829 94 60979 16 61052 13 61087 93 61235 16 61307 16 61348 89 61491 16 61561 18 61604 89 61745 20 61771 14 61813 22 61860 89 62001 20 62025 17 62069 22 62116 90 62255 44 62325 22 62373 89 62510 45 62580 23 62629 90 62765 46 62835 24 62885 90 63020 48 63091 24 63140 91 63275 52 63347 23 63395 10 63408 79 63532 52 63604 21 63651 92 63789 53 63861 18 63907 93 64045 53 64117 17 64163 93 64301 55 64375 13 64417 95 64557 56 64632 11 64672 96 64813 20 64841 28 64890 6 64927 97 65069 19 65097 28 65147 3 65183 97 65323 21 65354 27 65439 29 65478 58
423047,27 2 64 51 117 5 142 2 165 5 173 13 281 15 319 58 429 13 535 18 572 60 686 12 790 21 819 69 943 12 1045 24 1073 55 1133 10 1149 4 1199 12 1299 84 1391 8 1403 11 1457 12 1553 86 1647 8 1658 12 1713 12 1803 92 1904 22 1969 12 2057 94 2161 21 2225 12 2301 2 2311 96 2423 15 2481 11 2555 5 2567 96 2679 15 2737 11 2810 6 2821 98 2935 15 2993 10 3065 7 3077 97 3192 14 3249 11 3322 6 3333 97 3448 13 3505 12 3579 5 3589 96 3704 13 3761 12 3836 4 3845 94 3961 10 4019 10 4095 1 4101 94 4218 9 4275 10 4355 93 4475 7 4533 8 4611 92 4733 4 4790 7 4866 91 5047 6 5122 89 5238 3 5378 89 5493 6 5635 87 5749 6 5892 85 6006 4 6149 82 6264 2 6387 2 6405 81 6515 2 6523 1 6661 81 6769 4 6779 2 6917 80 7024 6 7034 5 7173 80 7279 17 7429 80 7534 19 7629 2 7684 82 7789 20 7885 2 7940 82 8045 20 8195 83 8301 22 8451 83 8555 28 8637 7 8707 84 8810 29 8892 10 8963 84 9065 30 9147 14 9219 84 9321 30 9403 15 9475 84 9578 30 9659 16 9731 84 9834 30 9915 17 9985 86 10095 25 10171 18 10241 86 10353 1 10357 19 10427 19 10496 87 10617 14 10682 20 10752 87 10874 13 10938 20 11008 87 11131 11 11194 20 11264 86 11388 10 11450 19 11520 86 11645 9 11707 18 11776 85 11901 9 11963 18 12032 84 12158 9 12219 19 12288 82 12414 9 12475 19 12530 1 12544 79 12671 7 12732 18 12785 3 12800 78 12927 6 12988 18 13041 4 13056 77 13184 4 13217 1 13245 16 13296 5 13312 77 13440 2 13470 6 13485 2 13501 16 13553 4 13568 75 13694 2 13725 10 13739 6 13758 14 13799 1 13809 3 13824 75 13942 1 13981 11 13995 6 14014 13 14054 5 14066 1 14080 73 14197 3 14230 3 14236 13 14251 6 14271 8 14309 6 14336 73 14452 5 14485 20 14507 7 14527 6 14565 7 14592 72 14707 7 14741 20 14763 8 14820 8 14848 72 14963 8 14997 20 15021 8 15077 7 15092 3 15104 72 15218 10 15253 20 15277 9 15294 2 15333 8 15347 6 15360 73 15434 3 15474 11 15508 21 15533 9 15549 4 15588 9 15601 8 15616 80 15730 11 15764 20 15789 10 15805 5 15841 12 15856 10 15872 80 15986 11 16020 20 16045 11 16061 6 16095 16 16112 11 16128 80 16242 11 16275 22 16301 12 16316 7 16349 33 16384 80 16499 9 16529 24 16557 12 16572 7 16605 34 16640 79 16756 7 16785 39 16861 34 16896 79 17013 5 17042 37 17117 34 17152 79 17298 36 17374 113 17555 35 17630 113 17811 35 17887 113 18067 35 18143 113 18325 33 18399 113 18581 33 18655 113 18838 33 18910 115 19094 33 19165 118 19351 32 19420 120 19608 30 19675 122 19830 1 19865 22 19930 123 20085 3 20121 22 20185 124 20341 4 20379 21 20441 125 20597 4 20635 21 20697 125 20853 4 20896 16 20952 127 21109 4 21153 16 21208 127 21365 4 21411 14 21463 128 21669 11 21719 129 21927 7 21974 130 22185 4 22230 129 22486 125 22742 123 22997 124 23253 124 23509 124 23723 5 23765 130 23976 9 24021 131 24231 11 24278 131 24485 13 24534 131 24741 13 24791 131 24967 6 24986 24 25047 130 25223 5 25241 25 25303 40 25344 89 25479 5 25495 27 25559 38 25600 89 25735 7 25751 27 25815 38 25856 90 25990 44 26069 40 26112 90 26246 44 26325 39 26368 91 26500 47 26580 39 26624 91 26755 48 26836 39 26880 92 27011 49 27091 39 27136 93 27267 50 27345 40 27392 93 27523 50 27599 34 27635 5 27648 93 27779 50 27854 33 27904 93 28034 51 28109 32 28160 93 28290 51 28364 33 28416 92 28545 52 28620 31 28672 92 28774 1 28800 52 28876 31 28928 91 29029 3 29055 53 29131 31 29184 91 29285 3 29309 56 29385 32 29438 93 29540 5 29563 68 29638 35 29692 94 29797 4 29818 70 29893 35 29947 95 30053 10 30072 112 30203 95 30310 9 30327 113 30459 94 30567 8 30582 115 30715 94 30823 8 30837 118 30971 94 31079 7 31092 122 31227 94 31336 5 31347 124 31483 93 31593 4 31603 124 31741 90 31858 125 31999 43 32048 39 32113 126 32256 40 32305 38 32369 126 32512 39 32561 4 32569 30 32619 132 32753 4 32768 39 32817 4 32825 31 32874 133 33008 6 33024 38 33073 3 33083 29 33129 134 33264 7 33280 38 33341 28 33385 142 33536 37 33601 24 33640 142 33792 37 33858 23 33895 142 34048 38 34114 29 34151 142 34304 38 34370 30 34407 142 34560 38 34625 33 34662 143 34816 38 34881 34 34917 144 35072 38 35137 34 35173 144 35328 38 35393 34 35429 144 35584 39 35651 176 35840 39 35907 176 36096 39 36165 172 36352 39 36421 34 36459 2 36463 130 36608 39 36679 32 36721 128 36864 40 36936 7 36947 20 36977 128 37120 41 37176 5 37204 19 37228 5 37235 126 37366 3 37376 41 37431 8 37459 21 37483 134 37623 2 37632 43 37687 10 37715 157 37879 1 37884 54 37943 10 37971 35 38009 119 38140 55 38199 9 38227 37 38267 118 38398 55 38455 9 38483 37 38523 118 38655 54 38711 7 38740 37 38781 123 38912 52 38969 4 38997 37 39037 124 39168 52 39255 35 39295 124 39424 53 39513 34 39551 125 39680 54 39775 28 39809 124 39936 55 40033 26 40065 124 40192 55 40288 27 40322 124 40448 56 40544 28 40579 124 40704 57 40799 29 40834 125 40960 57 41054 30 41089 185 41309 30 41344 7 41355 176 41565 30 41600 8 41611 177 41819 16 41836 15 41857 8 41866 179 42074 17 42092 14 42113 8 42122 179 42329 15 42350 13 42369 189 42584 15 42607 12 42626 189 42840 14 42864 11 42883 188 43096 13 43121 10 43139 190 43352 9 43378 9 43395 190 43609 6 43622 1 43635 7 43651 194 43875 8 43906 195 44131 9 44161 195 44386 11 44418 193 44642 11 44674 194 44897 12 44931 194 45153 12 45189 142 45333 49 45409 13 45448 138 45589 50 45665 13 45704 137 45845 51 45921 13 45959 138 46101 52 46177 13 46215 194 46435 12 46471 194 46692 13 46727 128 46861 60 46949 15 46984 127 47117 60 47205 16 47241 125 47373 59 47463 15 47500 121 47628 60 47719 15 47756 121 47883 61 47979 12 48013 120 48139 60 48237 10 48269 119 48393 62 48494 10 48526 11 48539 104 48649 62 48751 9 48782 11 48795 104 48904 35 48943 22 49007 9 49040 7 49053 102 49160 35 49203 2 49210 11 49263 8 49297 5 49309 102 49415 35 49468 6 49481 3 49518 9 49566 100 49672 33 49725 3 49735 6 49773 9 49823 99 49928 33 49991 8 50029 7 50078 100 50184 32 50246 9 50284 7 50334 99 50441 30 50502 9 50539 9 50589 100 50697 30 50758 8 50795 10 50845 99 50953 30 51015 6 51050 14 51069 5 51100 100 51209 30 51271 4 51306 24 51347 2 51356 100 51465 29 51555 2 51561 24 51601 8 51610 102 51721 29 51808 33 51856 112 51977 30 52023 4 52061 36 52112 112 52233 30 52279 5 52314 38 52367 113 52489 30 52534 6 52567 41 52624 112 52746 19 52767 10 52789 8 52822 43 52880 112 53002 17 53023 15 53044 9 53077 48 53135 113 53258 17 53279 30 53333 49 53391 113 53515 10 53527 4 53537 30 53588 10 53603 36 53645 115 53771 9 53784 2 53796 28 53845 9 53860 37 53900 116 54029 8 54055 27 54101 8 54117 155 54285 8 54312 27 54357 8 54373 155 54542 9 54569 26 54613 7 54628 156 54798 9 54825 26 54862 2 54870 5 54883 157 55054 11 55081 27 55117 5 55137 159 55310 12 55337 28 55373 6 55387 165 55567 12 55593 30 55630 7 55643 165 55823 12 55849 20 55871 8 55886 7 55899 165 56079 14 56107 14 56128 8 56143 7 56155 165 56335 14 56363 8 56372 3 56385 7 56400 7 56411 165 56593 12 56621 12 56641 7 56669 163 56851 10 56878 11 56897 8 56925 163 57108 9 57137 9 57153 8 57183 161 57364 8 57392 10 57409 8 57442 158 57623 4 57640 1 57647 12 57666 8 57701 155 57896 1 57903 12 57923 7 57957 155 58152 2 58159 12 58181 5 58229 139 58408 3 58415 12 58439 2 58487 137 58668 13 58746 134 58924 13 59003 133 59172 3 59180 11 59259 133 59427 5 59437 10 59516 132 59681 8 59693 9 59773 131 59936 9 59949 9 60030 130 60192 8 60207 6 60287 129 60448 8 60464 4 60543 129 60704 7 60799 129 60960 6 61054 130 61217 4 61305 135 61474 2 61559 137 61813 139 62069 140 62325 140 62581 140 62837 140 63093 139 63349 139 63606 139 63863 138 64119 138 64315 6 64381 132 64570 9 64638 131 64825 11 64895 130 65080 13 65151 129 65335 14 65409 127
423050,0 65536
432006,0 16787 16789 254 17046 251 17303 250 17560 247 17817 246 18073 245 18330 243 18587 241 18843 240 19099 238 19357 236 19612 236 19867 237 20122 239 20378 240 20635 242 20891 242 21149 242 21411 236 21668 237 21927 58 21989 35 22027 135 22183 58 22245 35 22284 136 22441 55 22501 35 22541 136 22697 55 22757 36 22797 137 22954 53 23012 37 23054 137 23210 53 23268 39 23311 137 23466 51 23523 41 23567 137 23723 49 23779 182 23979 47 24036 181 24235 45 24292 183 24493 41 24548 183 24750 39 24804 183 25007 37 25060 183 25263 36 25316 184 25519 33 25571 186 25775 33 25828 186 26033 30 26085 186 26289 29 26341 187 26546 27 26597 187 26802 26 26854 187 27058 25 27110 187 27314 23 27366 187 27570 12 27623 186 27827 10 27879 188 28083 8 28136 187 28341 5 28392 187 28649 187 28905 188 29161 188 29417 188 29673 188 29929 188 30185 17 30203 170 30442 15 30461 167 30699 13 30720 163 30957 10 30976 161 31164 2 31214 9 31232 161 31418 8 31471 8 31488 159 31673 19 31744 159 31929 22 32000 159 32185 26 32255 160 32431 4 32440 29 32511 160 32685 40 32766 161 32941 40 33022 162 33197 41 33277 163 33453 42 33533 164 33709 42 33790 163 33965 42 34046 169 34220 45 34303 219 34560 219 34816 221 35072 222 35328 223 35584 224 35840 225 36096 226 36352 228 36608 237 36864 237 37120 239 37376 240 37632 242 37888 243 38144 245 38400 246 38656 247 38912 247 39168 247 39424 248 39680 249 39936 249 40192 249 40448 249 40704 249 40960 249 41216 249 41472 249 41728 249 41984 249 42240 249 42496 249 42752 250 43008 250 43264 250 43520 250 43776 250 44032 250 44288 250 44544 250 44800 249 45056 249 45312 246 45568 246 45824 245 46080 245 46336 245 46592 245 46848 246 47104 247 47360 247 47616 247 47872 248 48128 249 48384 249 48640 249 48896 250 49152 251 49408 251 49664 252 49920 253 50176 253 50432 254 50688 254 50944 255 51200 255 51456 255 51712 255 51968 255 52224 255 52480 255 52736 254 52992 253 53248 251 53504 249 53760 249 54016 248 54272 248 54528 247 54784 247 55040 246 55296 245 55552 244 55808 244 56064 244 56320 244 56576 245 56832 37 56871 206 57088 36 57129 204 57344 37 57385 205 57600 37 57643 204 57855 38 57899 250 58154 251 58409 252 58663 284 58950 250 59208 247 59464 247 59721 245 59977 244 60234 243 60491 10 60503 230 60749 4 60761 230 61019 228 61278 226 61535 226 61791 227 62047 122 62173 102 62303 120 62431 100 62558 121 62688 5 62699 4 62704 83 62814 121 62961 82 63069 122 63218 80 63325 122 63474 80 63582 121 63729 79 63811 1 63839 120 63981 82 64067 1 64096 119 64237 82 64351 120 64489 87 64607 120 64744 89 64863 119 64994 96 65119 119 65249 98 65375 119 65505 31
432339,0 65536
433193,0 36308 36315 248 36571 249 36827 250 37083 250 37339 251 37595 252 37851 996 38852 7 38863 240 39120 239 39377 238 39633 239 39891 237 40147 238 40403 238 40659 238 40914 239 41169 241 41425 242 41679 10407 52091 248 52349 245 52603 245 52859 243 53114 244 53368 246 53623 247 53877 249 54133 249 54388 250 54643 251 54898 1013 55915 252 56171 252 56426 254 56681 8855
435772,0 166 192 21 256 165 448 20 512 165 704 19 768 165 960 20 1024 165 1216 20 1280 163 1472 21 1536 163 1728 21 1792 163 1985 22 2048 163 2241 22 2304 162 2498 22 2560 161 2754 22 2816 161 3011 22 3072 160 3267 22 3328 158 3525 6 3537 7 3584 158 3782 5 3795 4 3840 157 4039 2 4096 157 4352 157 4551 6 4608 156 4807 7 4864 155 5061 11 5120 155 5317 12 5376 154 5573 12 5632 153 5829 12 5888 151 6084 13 6144 150 6340 13 6400 149 6596 13 6656 148 6852 13 6912 145 7109 11 7168 143 7365 9 7424 141 7680 102 7783 38 7936 99 8039 38 8192 99 8295 37 8448 99 8553 34 8704 98 8809 33 8960 98 9065 30 9216 98 9321 27 9472 98 9579 15 9598 3 9728 98 9835 10 9984 97 10240 97 10496 98 10752 99 11008 100 11264 4 11271 96 11532 93 11791 92 12049 90 12305 90 12562 97 12819 100 13076 100 13333 100 13589 101 13846 100 14103 100 14359 100 14617 98 14873 98 15132 95 15360 1 15389 94 15616 6 15646 94 15872 6 15903 11 15916 80 16128 7 16162 5 16175 78 16384 7 16432 78 16640 7 16689 78 16896 7 16946 78 17152 8 17203 78 17408 8 17459 78 17664 9 17715 78 17920 9 17971 78 18176 11 18227 79 18432 11 18483 80 18688 13 18739 80 18944 15 18995 81 19200 18 19252 81 19456 20 19507 82 19712 23 19763 83 19968 25 20018 85 20224 25 20274 86 20480 26 20530 87 20736 26 20785 88 20992 27 21041 88 21248 27 21297 87 21504 27 21553 87 21760 25 21809 86 22016 25 22065 86 22272 24 22322 84 22528 23 22579 82 22784 23 22821 2 22837 79 23040 23 23093 78 23296 21 23351 75 23552 21 23606 75 23808 21 23860 76 24064 21 24115 76 24320 24 24369 77 24576 25 24625 76 24832 28 24879 77 25088 29 25134 78 25344 39 25387 80 25600 40 25641 82 25856 123 26112 123 26368 123 26624 123 26880 123 27136 123 27392 122 27648 122 27904 119 28160 117 28416 116 28672 115 28928 115 29184 115 29440 115 29696 115 29952 114 30208 114 30464 113 30720 112 30976 111 31232 109 31488 105 31744 103 32000 101 32256 101 32512 99 32768 99 33024 97 33280 96 33536 81 33623 4 33792 81 34048 83 34304 83 34560 86 34816 87 35072 87 35328 87 35584 87 35840 87 36096 87 36352 87 36608 87 36864 87 37075 2 37120 87 37329 6 37376 87 37585 8 37632 87 37840 15 37888 87 38096 16 38144 86 38352 17 38400 86 38608 17 38656 86 38864 18 38912 87 39121 18 39168 87 39378 17 39424 87 39635 17 39680 89 39891 18 39936 89 40148 17 40192 89 40404 18 40448 89 40661 17 40704 88 40916 19 40960 87 41172 19 41216 86 41427 20 41472 86 41683 20 41728 86 41939 20 41984 86 42165 4 42195 20 42240 87 42418 9 42451 20 42496 89 42673 11 42707 20 42752 92 42927 15 42963 21 43008 93 43183 22 43218 22 43264 96 43439 27 43473 24 43520 101 43695 29 43728 25 43776 107 43949 61 44032 108 44205 62 44288 111 44460 63 44544 113 44715 65 44800 120 44971 66 45056 120 45226 69 45312 121 45481 74 45568 121 45736 76 45824 121 45991 79 46080 121 46247 80 46336 123 46501 83 46592 123 46757 84 46848 123 47012 85 47104 124 47268 86 47360 124 47523 88 47616 124 47779 88 47872 124 48034 92 48128 124 48287 96 48384 125 48542 223 48798 223 49053 224 49309 225 49565 225 49820 227 50075 228 50331 228 50587 229 50836 1 50842 230 51091 238 51346 239 51601 240 51857 142 52004 94 52112 142 52261 93 52368 142 52519 92 52617 5 52623 143 52775 92 52873 150 53031 92 53130 149 53287 92 53386 150 53543 92 53643 150 53799 92 53899 150 54053 93 54155 150 54309 93 54411 150 54563 10 54578 80 54667 160 54835 79 54922 159 55091 79 55177 160 55347 80 55433 149 55583 8 55595 1 55602 81 55687 150 55839 6 55850 3 55858 81 55943 149 56105 90 56197 150 56361 241 56616 241 56871 241 57126 242 57381 243 57637 243 57892 244 58147 244 58402 244 58658 94 58753 148 58915 92 59009 148 59171 92 59265 147 59427 240 59684 239 59940 239 60196 239 60453 86 60540 150 60709 84 60796 150 60966 82 61052 149 61223 80 61307 150 61479 80 61563 133 61697 14 61736 78 61819 133 61954 13 61992 77 62074 134 62211 12 62249 76 62330 134 62467 12 62505 76 62585 135 62724 10 62761 76 62841 135 62980 9 63017 76 63097 135 63238 6 63274 74 63353 135 63495 5 63530 74 63609 135 63786 73 63864 136 64042 73 64120 136 64298 73 64376 136 64554 73 64632 136 64811 71 64888 136 65067 71 65144 136 65323 70 65400 136
442157,5 37 46 9 262 37 303 8 519 36 560 6 776 35 816 6 1035 32 1072 7 1295 27 1327 8 1551 28 1583 8 1808 27 1836 11 2065 38 2322 37 2586 29 2844 25 3100 25 3357 22 3613 22 3867 23 3905 3 4123 22 4159 5 4376 25 4414 6 4631 26 4669 7 4699 2 4886 28 4925 7 4955 3 5141 29 5181 8 5211 2 5279 1 5397 30 5437 8 5533 7 5653 30 5694 6 5788 9 5909 31 6043 16 6164 32 6299 16 6421 32 6555 16 6677 32 6811 16 6933 32 7067 16 7189 32 7323 16 7445 30 7579 15 7701 30 7835 16 7957 29 8091 16 8213 28 8249 3 8347 16 8469 28 8504 5 8603 16 8725 27 8759 6 8859 16 8981 26 9015 6 9115 18 9237 25 9271 5 9372 17 9493 18 9527 4 9629 19 9749 18 9784 1 9885 20 10005 17 10141 20 10262 15 10397 21 10521 12 10652 22 10779 9 10907 24 11039 3 11163 24 11419 24 11675 24 11932 23 12189 20 12445 20 12701 20 12957 19 13214 17 13468 19 13722 21 13977 22 14233 22 14489 22 14745 13 15003 11 15261 10 15518 9 15777 7 15977 2 16035 6 16206 3 16233 4 16291 6 16459 6 16489 6 16547 6 16715 6 16745 6 16970 7 17001 6 17226 6 17257 7 17482 5 17513 6 17739 2 17771 4 17995 2 18251 1 18521 2 18776 5 19032 7 19287 10 19543 10 19799 10 20055 10 20313 6 28305 1 28559 4 28814 5 29070 6 29326 5 29581 4 29838 2 31142 4 31397 6 31653 8 31909 8 32133 3 32165 9 32388 5 32421 9 32605 6 32621 6 32641 9 32678 8 32860 7 32875 11 32895 11 32935 7 33115 10 33130 17 33149 14 33193 4 33370 11 33386 33 33625 13 33642 34 33881 13 33898 35 34137 13 34155 34 34205 4 34219 6 34394 11 34411 35 34460 5 34475 8 34655 6 34667 35 34715 6 34730 9 34923 35 34971 7 34985 11 35179 35 35227 8 35239 14 35435 35 35483 26 35691 35 35739 26 35946 36 35995 25 36202 37 36250 25 36458 37 36506 23 36714 37 36762 19 36970 37 37018 18 37227 35 37274 16 37483 8 37493 25 37531 14 37751 23 37788 7 38008 22 38045 5 38266 20 38523 18 38572 1 38779 18 38825 4 39035 16 39080 5 39291 13 39335 7 39548 12 39580 1 39591 7 39807 8 39834 4 39846 8 40065 5 40090 5 40101 10 40345 6 40356 13 40587 6 40601 8 40610 15 40841 9 40857 25 41097 9 41115 24 41353 10 41375 20 41609 9 41631 20 41865 6 41888 18 42121 5 42144 17 42401 16 42638 3 42657 15 42894 4 42914 13 43151 3 43171 10 43407 2 43419 2 51461 8 51717 8 51969 13 52225 14 52480 15 52736 15 52992 15 53248 15 53504 15 53760 15 54016 15 54272 15 54528 15 54784 16 55040 16 55296 16 55552 15 55808 15 56064 15 56320 15 56576 14 56832 14 57088 13 57344 13 57600 14 57856 15 58112 15 58368 7 58379 4 58637 2 61795 2 61809 1 62050 5 62063 4 62305 20 62560 21 62815 22 63071 22 63327 22 63583 22 63839 21 64095 20 64351 20 64608 18 64866 15 65123 14 65368 1 65381 11
442220,0 65536
447372,3 25 78 94 179 19 201 24 260 23 334 94 434 19 458 23 517 22 591 93 689 19 714 23 774 21 847 92 945 18 971 22 1031 19 1103 92 1201 18 1227 22 1288 9 1358 93 1457 17 1487 18 1544 10 1614 93 1713 17 1746 15 1799 12 1871 92 1969 17 2003 14 2055 12 2127 92 2226 16 2260 13 2304 21 2383 92 2482 17 2516 13 2560 21 2639 92 2738 17 2772 12 2816 21 2895 93 2995 16 3027 12 3072 21 3151 93 3251 17 3283 12 3328 21 3406 95 3509 16 3539 10 3584 22 3661 96 3765 16 3795 10 3840 23 3916 99 4022 15 4051 9 4096 23 4171 100 4278 16 4307 9 4352 23 4427 100 4534 17 4565 6 4608 8 4617 14 4682 101 4790 17 4822 5 4864 7 4876 11 4938 101 5045 18 5120 6 5134 9 5195 99 5301 19 5376 5 5451 98 5557 20 5632 5 5707 97 5813 20 5888 4 5963 86 6050 4 6071 17 6144 4 6219 85 6308 1 6329 15 6400 4 6475 85 6590 9 6656 4 6731 86 6849 4 6912 4 6987 88 7168 4 7244 88 7424 3 7501 88 7680 3 7757 88 7936 3 8013 87 8192 4 8269 86 8448 4 8525 86 8704 4 8781 72 8859 2 8960 4 9037 72 9216 4 9292 72 9472 4 9547 73 9728 4 9801 75 9984 3 10029 2 10055 76 10283 4 10310 77 10508 11 10537 7 10565 76 10763 13 10793 8 10821 76 11016 17 11048 9 11077 74 11272 18 11304 9 11333 73 11528 28 11559 11 11590 64 11656 3 11784 42 11846 59 12040 43 12102 59 12296 43 12358 59 12553 42 12614 59 12810 41 12870 60 13067 4 13077 31 13127 59 13325 40 13383 59 13582 39 13640 57 13838 39 13896 57 14092 41 14153 54 14347 43 14411 52 14603 43 14668 49 14858 44 14925 25 14951 20 15114 44 15185 4 15208 17 15370 44 15464 17 15626 44 15720 15 15883 43 15976 15 16139 44 16197 6 16233 14 16396 44 16452 8 16489 13 16653 64 16745 13 16909 63 17002 11 17152 10 17166 62 17261 6 17408 11 17423 61 17518 4 17664 11 17679 61 17920 11 17935 61 18176 11 18191 65 18432 11 18448 65 18688 11 18705 12 18719 51 18944 11 18963 2 18977 49 19200 11 19235 48 19399 6 19456 11 19492 47 19654 7 19712 13 19751 44 19909 9 19968 14 20007 44 20165 9 20224 21 20265 44 20419 12 20480 21 20522 43 20675 12 20736 21 20779 42 20931 17 20992 21 21035 42 21186 19 21248 20 21291 42 21441 20 21504 21 21547 41 21697 21 21760 23 21802 41 21953 22 22016 25 22057 41 22209 22 22272 27 22314 25 22465 22 22528 29 22570 25 22721 22 22784 31 22826 23 22977 22 23040 32 23081 24 23233 22 23296 34 23333 26 23490 21 23524 7 23552 65 23747 20 23779 8 23808 67 23907 4 24004 21 24034 12 24064 51 24118 13 24161 7 24261 22 24289 14 24320 49 24374 14 24412 16 24519 24 24544 19 24576 47 24631 14 24667 18 24776 3 24782 39 24832 47 24887 14 24922 19 25039 39 25088 46 25144 12 25177 20 25295 39 25344 45 25431 22 25549 42 25600 45 25687 22 25803 44 25856 45 25941 24 26057 48 26112 45 26197 24 26301 3 26313 49 26369 48 26452 26 26569 50 26626 48 26707 27 26825 51 26883 48 26962 28 27081 52 27140 47 27217 30 27337 52 27397 47 27465 1 27472 32 27593 54 27655 32 27689 11 27719 41 27848 55 27911 30 27946 9 27973 42 28103 57 28168 29 28202 9 28229 42 28358 58 28424 28 28459 7 28485 44 28613 59 28680 18 28699 8 28716 5 28741 47 28868 60 28936 17 28957 4 28997 52 29119 65 29192 16 29253 53 29374 66 29448 16 29509 38 29549 13 29627 69 29703 17 29766 36 29805 13 29882 70 29958 19 30023 34 30061 12 30133 101 30240 1 30281 32 30317 12 30388 102 30496 1 30537 32 30573 12 30643 103 30752 1 30793 32 30829 11 30849 4 30899 103 31049 32 31086 9 31104 6 31155 102 31305 32 31343 7 31361 4 31411 82 31494 19 31562 31 31601 3 31618 3 31667 82 31750 17 31818 31 31875 2 31923 97 32075 30 32182 81 32265 10 32331 30 32439 91 32587 30 32696 89 32844 29 32953 88 33101 28 33199 1 33209 84 33357 28 33465 84 33615 25 33717 88 33871 26 33973 88 34129 27 34227 90 34386 27 34483 90 34644 25 34740 89 34901 24 34996 89 35095 3 35105 13 35159 22 35254 87 35349 8 35359 15 35415 21 35511 86 35604 27 35672 19 35715 2 35769 55 35827 26 35859 28 35928 19 35969 5 36025 55 36085 24 36114 29 36185 16 36223 9 36280 57 36342 22 36370 29 36441 16 36469 6 36479 10 36536 57 36598 23 36625 31 36698 14 36722 23 36789 60 36854 58 36954 13 36977 25 37043 62 37110 58 37211 10 37232 27 37297 64 37366 58 37467 10 37488 27 37552 65 37622 59 37727 4 37744 28 37806 67 37878 59 37984 2 37999 29 38062 67 38134 60 38254 30 38317 68 38390 61 38499 4 38509 31 38573 69 38646 61 38755 8 38764 32 38829 69 38903 60 39010 42 39084 70 39160 61 39265 42 39340 70 39417 60 39521 42 39596 70 39674 59 39777 42 39852 69 39936 53 40033 42 40108 51 40161 16 40192 53 40289 42 40365 48 40417 16 40448 53 40546 41 40621 46 40673 16 40704 53 40803 40 40877 46 40928 17 40960 53 41059 40 41134 45 41183 18 41216 53 41317 38 41391 4 41398 59 41472 53 41574 37 41655 58 41728 53 41831 36 41912 58 41984 53 42089 34 42169 57 42240 52 42349 32 42425 57 42496 51 42606 33 42681 57 42752 49 42863 38 42939 3 42945 49 43008 49 43120 38 43203 12 43219 31 43264 47 43377 37 43476 29 43520 45 43633 37 43733 28 43776 43 43892 34 43989 28 44032 29 44063 12 44149 33 44246 26 44289 26 44323 6 44408 31 44503 24 44545 26 44580 5 44665 30 44759 24 44803 24 44923 28 45016 23 45061 21 45181 27 45272 23 45318 20 45445 20 45529 22 45573 21 45704 17 45785 22 45827 22 45963 14 46041 21 46083 22 46221 12 46297 21 46337 23 46477 12 46554 19 46592 24 46732 14 46810 19 46848 19 46868 3 46985 18 47067 16 47104 19 47239 22 47324 14 47360 18 47494 24 47582 9 47616 18 47749 25 47841 4 47872 18 48004 26 48128 18 48260 25 48302 2 48384 17 48515 25 48557 4 48640 17 48771 24 48812 6 48896 17 49027 22 49067 8 49152 17 49283 22 49323 8 49408 16 49540 21 49579 8 49664 15 49796 21 49835 7 49920 15 50028 9 50052 22 50093 4 50176 15 50283 12 50308 22 50432 15 50539 13 50564 23 50688 15 50795 14 50820 24 50908 3 50944 14 51050 16 51075 27 51161 11 51200 13 51306 18 51331 28 51416 13 51456 9 51562 20 51587 29 51671 16 51712 8 51817 22 51843 30 51926 17 51968 7 52073 24 52098 31 52182 18 52224 7 52329 24 52354 31 52438 19 52480 7 52585 57 52695 18 52736 7 52841 58 52951 19 52992 5 53094 3 53098 57 53208 18 53248 5 53350 3 53357 54 53465 17 53504 5 53606 3 53614 53 53723 15 53760 5 53861 5 53869 54 53980 14 54016 4 54117 62 54239 11 54272 3 54357 5 54372 63 54496 9 54612 79 54754 7 54867 80 55012 3 55123 80 55379 80 55634 80 55889 81 56144 81 56400 81 56655 66 56725 11 56911 66 56983 8 57166 66 57422 65 57677 66 57915 2 57933 66 58169 6 58188 69 58423 9 58443 71 58678 93 58933 94 59187 97 59443 97 59699 97 59955 98 60211 98 60467 98 60649 2 60724 97 60871 10 60902 7 60919 7 60980 97 61119 1 61125 14 61157 10 61174 10 61236 97 61372 25 61408 16 61427 13 61492 96 61627 28 61662 34 61748 95 61882 70 61953 6 62003 96 62137 79 62259 94 62392 81 62515 91 62647 82 62757 2 62763 97 62899 86 63013 2 63017 99 63153 88 63268 103 63407 90 63524 104 63663 90 63779 105 63918 90 64035 105 64173 103 64289 108 64429 107 64545 108 64685 224 64941 224 65197 224 65453 83
451709,9 42 52 51 113 95 266 41 308 53 369 94 522 95 624 95 778 100 879 96 1035 196 1291 195 1547 195 1803 195 2059 195 2314 195 2570 195 2815 1 2825 196 3066 6 3080 198 3321 7 3335 199 3573 11 3590 200 3827 13 3843 203 4081 15 4099 204 4337 15 4353 205 4591 223 4847 222 5102 223 5357 224 5613 224 5868 224 6124 224 6380 225 6635 226 6885 233 7139 236 7395 238 7649 240 7905 240 8161 241 8417 240 8673 240 8928 240 9184 239 9439 237 9695 238 9951 178 10132 58 10207 176 10389 57 10464 172 10645 58 10721 170 10901 58 10977 170 11157 58 11234 169 11413 58 11490 169 11671 15 11687 40 11747 168 11927 13 11945 38 12003 168 12187 7 12201 38 12261 166 12433 4 12458 37 12523 161 12685 9 12713 40 12781 170 12968 41 13037 32 13071 137 13221 46 13295 29 13327 137 13473 50 13552 28 13583 138 13728 52 13809 26 13839 138 13984 53 14065 26 14096 137 14239 54 14323 23 14353 135 14495 55 14580 22 14613 194 14843 15 14870 193 15100 15 15127 193 15359 10 15383 194 15616 7 15641 136 15781 52 15872 6 15897 136 16039 50 16128 5 16154 135 16295 50 16384 4 16410 135 16551 50 16640 3 16667 134 16806 51 16896 3 16923 136 17061 52 17152 2 17180 189 17408 2 17436 190 17664 1 17693 190 17920 1 17951 188 18176 1 18207 190 18432 1 18463 195 18719 198 18975 198 19231 199 19487 200 19743 200 20000 199 20263 192 20519 192 20736 1 20775 192 20992 1 21032 191 21248 3 21288 190 21504 4 21545 190 21760 5 21801 194 22016 7 22027 3 22058 195 22272 14 22314 198 22528 14 22569 200 22784 14 22811 1 22833 192 23040 14 23091 190 23296 14 23349 188 23552 15 23581 1 23605 86 23693 100 23808 17 23836 3 23861 84 23950 39 23992 57 24064 17 24091 4 24117 84 24207 37 24248 57 24320 17 24347 6 24375 81 24462 37 24505 58 24576 17 24602 9 24631 80 24718 36 24762 7 24772 47 24833 18 24857 14 24889 77 24974 30 25032 45 25091 36 25147 74 25229 30 25289 46 25347 13 25361 24 25407 66 25485 30 25545 47 25604 12 25617 24 25663 65 25742 29 25801 48 25861 37 25919 64 25998 29 26058 49 26117 38 26175 64 26254 29 26314 49 26374 37 26429 65 26511 28 26569 50 26631 36 26683 8 26695 55 26767 28 26825 50 26887 36 26939 7 26949 56 27023 27 27073 58 27143 36 27195 66 27279 27 27329 56 27398 38 27451 54 27510 5 27537 24 27583 56 27653 39 27707 53 27793 24 27838 57 27905 44 27965 52 28052 23 28093 58 28161 44 28222 51 28309 22 28349 58 28417 44 28478 44 28566 26 28605 59 28673 44 28734 42 28823 26 28861 59 28930 43 28990 40 29079 28 29117 60 29187 41 29247 40 29335 30 29373 60 29446 37 29503 41 29589 35 29630 58 29703 36 29759 42 29845 35 29887 57 29959 36 30015 42 30100 37 30145 54 30217 34 30271 43 30355 38 30402 53 30473 34 30527 44 30613 38 30659 18 30679 32 30729 34 30783 44 30870 37 30915 16 30936 35 30975 1 30987 32 31039 13 31055 30 31088 1 31131 34 31173 10 31192 40 31237 1 31243 32 31295 10 31312 29 31386 36 31429 10 31449 39 31492 5 31500 31 31553 5 31569 29 31641 39 31687 8 31706 38 31748 6 31756 31 31810 3 31825 30 31897 40 31943 9 31961 39 32005 37 32081 30 32152 41 32199 10 32217 39 32261 37 32337 30 32407 43 32455 10 32472 40 32524 30 32593 31 32662 45 32711 10 32726 42 32780 30 32848 32 32917 47 32967 10 32981 43 33037 28 33103 34 33162 118 33293 28 33359 34 33416 120 33548 29 33614 35 33670 68 33742 50 33804 29 33867 38 33925 69 33999 49 34061 28 34112 50 34177 74 34256 48 34317 28 34365 54 34432 75 34512 48 34573 29 34620 55 34686 78 34769 47 34829 31 34875 57 34941 80 35025 47 35085 38 35129 66 35196 81 35282 46 35341 193 35537 47 35595 245 35851 245 36107 245 36363 245 36618 246 36874 246 37129 247 37385 247 37641 247 37896 248 38153 247 38409 247 38665 247 38921 247 39179 245 39435 245 39691 245 39948 244 40204 244 40461 243 40717 127 40845 115 40972 127 41101 115 41228 125 41359 113 41484 125 41615 113 41740 85 41829 35 41871 113 41996 85 42085 35 42127 113 42252 87 42340 35 42382 114 42503 6 42511 2 42515 16 42534 97 42637 115 42757 7 42775 11 42791 97 42892 116 43013 7 43032 9 43047 98 43147 117 43268 8 43289 8 43303 203 43507 13 43523 8 43545 7 43559 202 43763 13 43779 7 43801 6 43813 202 44022 10 44034 8 44056 5 44068 203 44279 9 44291 6 44311 6 44321 206 44537 7 44547 4 44565 8 44577 206 44794 6 44820 221 45053 3 45075 222 45311 1 45331 223 45587 223 45833 6 45843 224 46087 9 46099 225 46341 238 46596 239 46839 1 46851 240 47095 2 47106 240 47350 5 47361 241 47603 12 47616 242 47859 3084 50944 142 51089 109 51200 142 51345 109 51456 141 51601 108 51712 141 51857 108 51968 253 52224 253 52480 253 52736 251 52992 248 53248 247 53504 231 53760 214 53977 12 54017 212 54237 6 54269 1 54274 211 54495 3 54524 3 54533 209 54779 5 54789 210 55035 5 55048 207 55291 5 55307 204 55548 4 55565 202 55821 202 56077 201 56334 200 56576 3 56587 202 56832 3 56842 200 57088 5 57097 200 57344 209 57600 176 57781 28 57856 167 58024 5 58037 28 58097 3 58112 167 58294 29 58351 184 58551 28 58607 184 58812 23 58862 185 59069 22 59118 185 59325 4 59333 14 59375 8 59384 178 59581 4 59590 13 59631 7 59641 178 59839 2 59848 8 59887 6 59898 177 60095 1 60105 6 60143 6 60155 177 60400 5 60412 176 60657 4 60669 175 60913 6 60925 176 61168 8 61182 175 61424 10 61439 174 61676 14 61695 175 61929 18 61952 174 62185 18 62208 175 62440 8 62451 10 62464 175 62695 8 62708 9 62720 126 62847 48 62952 3 62965 9 62976 125 63103 48 63221 10 63232 121 63360 47 63477 132 63615 48 63733 131 63871 48 63988 132 64126 49 64244 131 64382 49 64499 130 64638 49 64755 128 64894 48 65012 8 65022 116 65150 47 65269 6 65279 113 65406 45
455136,0 65536
460549,2002 5 2257 6 2512 9 2577 2 2767 10 2810 1 2831 5 2894 1 3023 10 3065 4 3085 6 3150 1 3279 10 3321 4 3327 1 3339 8 3405 4 3536 10 3577 4 3582 2 3596 7 3662 1 3792 10 3853 5 4049 9 4109 5 4306 8 4453 4 4565 3 4709 5 4964 7 5219 8 5475 8 5731 8 5987 7 6025 2 6243 6 6280 4 6536 5 6792 5 7048 5 7304 5 7560 3 7817 2 16206 7 16461 10 16717 12 16972 13 17227 15 17483 15 17737 18 17993 18 18249 17 18504 18 18758 19 18823 7 18831 4 19011 22 19078 15 19267 20 19333 19 19523 20 19589 20 19779 18 19845 22 20035 18 20101 22 20292 19 20357 22 20478 2 20548 20 20613 22 20733 3 20805 20 20869 22 20951 1 20987 5 21061 20 21124 22 21206 3 21243 5 21319 18 21379 22 21415 3 21461 6 21498 6 21575 18 21635 22 21670 5 21717 6 21754 6 21832 16 21890 24 21925 8 21940 1 21964 3 21973 5 21989 3 22009 7 22089 14 22145 26 22181 8 22195 3 22219 6 22229 5 22244 5 22265 7 22346 12 22401 26 22436 11 22451 5 22475 7 22485 5 22499 14 22521 7 22603 10 22657 26 22691 14 22706 6 22731 15 22755 15 22777 7 22862 4 22913 27 22947 22 22986 17 23011 16 23033 7 23050 1 23167 30 23203 22 23242 18 23267 17 23289 7 23305 4 23421 36 23458 23 23498 19 23523 18 23545 7 23560 4 23677 60 23755 18 23779 18 23801 7 23816 1 23933 61 24011 18 24035 20 24057 7 24072 1 24188 63 24267 18 24291 20 24313 7 24326 4 24445 61 24524 17 24546 21 24571 5 24581 6 24701 61 24780 18 24801 22 24827 5 24836 7 24957 60 25037 41 25084 4 25091 8 25109 1 25213 58 25293 40 25341 3 25346 9 25363 4 25469 56 25549 40 25597 3 25602 9 25619 4 25725 56 25805 40 25853 3 25859 9 25981 56 26062 41 26109 3 26117 7 26237 57 26318 41 26366 2 26492 59 26575 40 26621 3 26747 8 26757 51 26831 42 26877 3 27003 5 27013 52 27087 13 27104 25 27132 4 27261 2 27269 52 27343 12 27361 24 27388 4 27524 48 27573 3 27599 12 27617 25 27643 5 27780 43 27855 12 27874 30 28036 42 28112 11 28131 29 28291 42 28369 9 28387 29 28549 42 28627 2 28645 27 28806 41 28901 27 28947 4 28954 3 29064 39 29159 25 29203 5 29209 4 29321 38 29412 28 29457 12 29578 38 29665 31 29713 12 29835 38 29920 32 29969 7 30091 39 30173 35 30225 6 30348 40 30427 37 30605 41 30683 37 30861 42 30938 38 31119 40 31195 37 31376 40 31451 37 31635 45 31707 37 31891 45 31963 37 32148 45 32221 35 32289 4 32405 45 32478 34 32543 16 32661 46 32735 33 32799 17 32917 46 32991 33 33055 18 33107 4 33175 45 33247 33 33311 18 33363 4 33431 45 33504 31 33569 18 33619 6 33689 43 33761 6 33769 20 33825 19 33874 7 33945 42 34017 5 34026 18 34072 7 34082 19 34130 8 34203 39 34283 16 34327 9 34338 23 34386 9 34459 33 34540 14 34583 36 34642 9 34715 32 34797 12 34838 38 34898 8 34971 32 35053 10 35094 39 35155 6 35227 31 35310 8 35333 1 35351 38 35411 6 35483 30 35567 6 35585 8 35607 39 35740 29 35825 2 35841 10 35863 40 35997 28 36097 12 36119 40 36253 28 36353 13 36375 23 36399 16 36510 27 36609 14 36631 22 36656 15 36767 26 36865 14 36888 21 36912 15 37023 28 37120 15 37145 20 37167 15 37280 29 37344 5 37376 16 37399 38 37536 30 37599 6 37632 60 37734 5 37793 31 37855 7 37888 59 37989 6 38049 31 38110 8 38144 59 38245 9 38317 20 38367 8 38400 59 38501 16 38575 18 38623 8 38656 59 38757 17 38834 15 38879 8 38912 61 39013 18 39091 14 39135 8 39168 62 39269 25 39349 12 39391 7 39424 63 39525 26 39605 12 39646 8 39680 65 39781 27 39863 9 39892 15 39936 65 40036 29 40120 8 40147 14 40192 67 40291 30 40403 13 40448 67 40547 32 40659 13 40704 67 40803 35 40915 13 40960 67 41059 36 41171 13 41216 68 41317 34 41429 11 41472 68 41573 34 41684 11 41728 68 41840 23 41879 4 41937 14 41984 68 42098 20 42135 4 42193 13 42240 67 42358 17 42391 2 42403 2 42449 12 42496 67 42615 16 42656 10 42705 12 42752 67 42871 16 42890 3 42902 1 42911 12 42961 12 43008 67 43126 17 43144 6 43157 3 43166 13 43217 12 43264 67 43381 17 43399 8 43411 6 43421 16 43473 12 43520 67 43637 17 43656 7 43667 26 43729 14 43776 68 43893 16 43913 4 43922 29 43986 16 44032 69 44149 16 44169 2 44178 29 44242 19 44288 71 44405 16 44433 31 44499 23 44544 71 44661 16 44689 31 44755 25 44800 73 44882 12 44917 16 44944 33 45012 27 45056 73 45137 14 45173 15 45199 34 45268 28 45312 75 45392 17 45430 14 45455 35 45525 29 45568 75 45648 17 45687 12 45711 36 45781 12 45795 16 45824 76 45903 19 45944 11 45966 39 46037 10 46052 15 46080 77 46159 20 46201 10 46222 40 46293 10 46308 15 46336 78 46415 20 46459 7 46478 41 46550 8 46564 15 46592 99 46717 4 46734 43 46806 8 46820 15 46848 99 46990 43 47063 6 47076 15 47104 99 47246 43 47319 5 47332 15 47360 7 47371 88 47502 43 47588 14 47616 6 47627 88 47758 43 47844 13 47872 5 47886 12 47903 68 48014 42 48100 12 48128 4 48145 8 48159 68 48270 42 48356 11 48385 2 48405 2 48417 65 48525 42 48614 6 48673 65 48777 46 48873 2 48930 63 49031 48 49187 62 49287 48 49444 61 49541 49 49701 61 49797 48 49957 62 50051 49 50213 64 50307 48 50470 66 50563 46 50727 68 50819 46 50983 70 51076 26 51107 12 51240 69 51333 25 51364 11 51498 67 51589 25 51622 7 51755 66 51845 25 51881 2 51923 2 52013 63 52101 25 52173 10 52271 60 52357 25 52428 12 52533 53 52613 26 52665 6 52683 15 52793 48 52869 27 52921 8 52939 16 53051 45 53126 27 53169 4 53176 11 53195 16 53307 47 53383 12 53399 10 53424 6 53432 11 53450 18 53563 50 53639 10 53657 8 53680 21 53705 19 53819 40 53860 10 53896 8 53913 8 53929 2 53935 23 53960 20 54075 35 54113 15 54153 6 54168 9 54191 23 54216 21 54331 20 54370 15 54409 4 54423 10 54447 24 54472 21 54586 19 54627 14 54645 8 54665 4 54676 12 54697 2 54701 26 54728 22 54842 19 54883 28 54921 4 54931 13 54951 32 54984 22 55098 18 55139 29 55179 2 55186 14 55205 28 55234 5 55240 23 55354 18 55394 30 55442 15 55459 60 55610 18 55650 31 55697 49 55751 30 55866 18 55906 31 55953 49 56006 31 56123 16 56162 31 56209 48 56261 34 56379 16 56418 31 56464 49 56517 34 56635 15 56675 29 56718 51 56773 34 56892 13 56931 29 56973 52 57029 34 57149 10 57189 17 57207 6 57227 52 57285 34 57405 10 57448 3 57452 10 57464 5 57482 53 57542 33 57662 7 57679 4 57709 10 57737 12 57752 40 57800 31 57918 5 57935 5 57966 8 57993 11 58009 40 58057 6 58065 21 58130 2 58189 8 58223 6 58250 9 58265 41 58311 3 58323 18 58385 4 58445 9 58480 4 58507 6 58521 42 58565 4 58579 12 58592 3 58639 8 58701 10 58776 50 58836 11 58894 9 58957 10 59031 53 59091 12 59147 15 59169 6 59213 10 59285 74 59402 17 59424 7 59469 10 59540 75 59657 20 59679 8 59725 10 59795 77 59913 31 59981 10 60050 78 60170 31 60230 21 60301 83 60428 29 60485 25 60556 84 60687 28 60723 4 60739 33 60811 84 60943 28 60978 5 60995 34 61067 83 61200 40 61250 37 61323 82 61456 13 61471 26 61506 37 61579 80 61713 8 61727 26 61761 40 61836 37 61878 35 61932 2 61969 8 61984 26 62017 40 62092 37 62136 15 62154 15 62187 4 62240 25 62275 39 62348 37 62395 28 62442 4 62497 6 62507 14 62531 39 62604 37 62651 28 62697 5 62720 3 62754 3 62765 12 62787 40 62859 38 62909 25 62947 11 62976 3 63021 12 63043 40 63113 40 63165 25 63203 11 63232 3 63281 8 63299 40 63368 41 63422 23 63457 13 63488 2 63538 7 63555 40 63623 44 63678 23 63713 13 63744 1 63795 7 63811 41 63877 48 63935 20 63970 10 64051 8 64068 40 64133 48 64193 17 64308 58 64389 49 64456 5 64552 5 64564 59 64646 48 64713 3 64808 5 64820 60 64903 47 64969 1 65064 6 65077 59 65159 47 65239 1 65320 6 65333 59 65415 46 65494 4
461675,0 65536
468422,0 65536
470274,0 27 80 51 180 8 222 9 256 27 337 51 438 4 476 14 512 26 593 52 730 17 768 26 850 56 983 20 1024 25 1106 57 1239 20 1280 25 1314 3 1363 58 1494 22 1536 25 1569 6 1619 58 1750 23 1792 23 1823 9 1875 60 2007 22 2048 23 2079 10 2131 60 2263 22 2304 21 2333 12 2350 12 2384 63 2519 22 2560 21 2587 14 2605 15 2639 65 2775 22 2816 20 2841 36 2892 68 3031 21 3072 20 3097 37 3146 70 3287 21 3328 19 3353 38 3397 76 3544 19 3584 19 3608 40 3653 76 3800 18 3840 18 3863 42 3909 76 4055 18 4096 17 4119 42 4165 78 4309 20 4352 64 4422 80 4511 3 4563 22 4608 64 4680 1 4687 72 4766 5 4819 22 4864 63 4945 74 5021 6 5074 22 5120 63 5201 82 5329 23 5376 62 5457 82 5585 22 5632 61 5713 82 5841 22 5888 62 5961 4 5969 81 6097 23 6144 13 6158 48 6215 6 6225 80 6353 23 6399 162 6609 24 6655 15 6674 143 6864 26 6910 16 6933 140 7119 28 7165 17 7189 140 7375 28 7421 17 7445 140 7630 31 7677 17 7701 140 7885 32 7933 17 7957 139 8141 33 8189 16 8213 138 8397 34 8445 16 8469 137 8652 35 8702 15 8726 136 8908 35 8959 14 8983 134 9163 36 9215 14 9239 134 9419 36 9472 14 9495 60 9556 73 9675 35 9728 15 9751 60 9815 70 9931 35 9984 16 10007 62 10071 69 10186 35 10240 17 10263 62 10327 69 10441 36 10496 18 10518 64 10583 68 10697 35 10752 19 10774 133 10953 34 11008 21 11030 133 11209 33 11264 20 11287 132 11465 33 11520 19 11544 130 11720 33 11776 19 11802 128 11976 33 12032 19 12061 124 12232 33 12288 18 12318 123 12488 33 12544 18 12574 64 12639 59 12744 33 12800 18 12830 63 12897 13 12911 44 13000 34 13056 17 13085 64 13154 11 13170 41 13256 35 13312 17 13341 64 13411 10 13427 40 13491 3 13512 35 13567 16 13596 65 13670 6 13684 13 13699 24 13745 8 13769 34 13821 17 13851 67 13929 1 13941 12 13956 23 14000 9 14025 35 14077 15 14107 69 14199 10 14211 23 14255 10 14282 34 14331 16 14362 70 14456 9 14467 22 14510 11 14539 33 14587 14 14617 72 14723 21 14767 10 14795 33 14840 16 14872 73 14979 20 15023 9 15052 32 15095 16 15127 74 15235 19 15281 6 15309 30 15350 16 15382 75 15491 19 15540 1 15565 30 15605 15 15638 76 15746 20 15821 30 15861 14 15894 76 16001 21 16077 31 16116 12 16151 76 16257 21 16335 29 16370 14 16407 76 16512 22 16592 28 16625 15 16663 56 16723 17 16768 22 16850 46 16920 54 16980 17 17024 22 17107 45 17177 52 17237 16 17280 22 17365 43 17433 53 17494 15 17536 21 17621 43 17690 53 17753 10 17792 21 17877 43 17946 54 18010 9 18047 22 18133 43 18201 56 18265 14 18303 21 18388 44 18457 59 18521 17 18559 20 18644 44 18713 82 18809 2 18813 22 18900 44 18969 83 19064 27 19127 2 19156 65 19225 84 19319 26 19379 9 19413 67 19481 84 19575 26 19635 10 19669 67 19737 85 19830 27 19889 13 19929 63 19993 85 20086 27 20145 13 20187 148 20343 25 20399 16 20445 146 20599 24 20655 16 20703 1 20707 140 20857 6 20867 11 20910 19 20966 138 21115 1 21124 9 21166 19 21224 136 21383 4 21421 20 21483 133 21677 20 21739 133 21933 20 21997 94 22094 34 22131 2 22189 20 22253 130 22387 6 22445 20 22509 62 22573 65 22642 9 22701 20 22765 62 22831 62 22897 10 22956 22 23021 64 23088 62 23152 12 23212 22 23277 64 23345 19 23371 50 23467 23 23508 1 23532 66 23602 17 23628 49 23723 23 23763 3 23788 67 23860 15 23885 48 23979 23 24017 6 24043 69 24116 15 24141 48 24235 23 24272 7 24299 88 24397 49 24491 22 24528 9 24555 86 24643 4 24653 49 24747 22 24784 11 24811 95 24910 55 25003 22 25039 14 25067 96 25166 26 25195 27 25260 21 25295 16 25323 78 25404 17 25423 23 25453 26 25516 20 25550 18 25579 19 25600 57 25659 19 25679 23 25709 26 25772 20 25806 19 25835 18 25856 79 25937 22 25965 26 26028 19 26061 22 26092 16 26112 79 26193 22 26221 26 26284 19 26317 22 26348 15 26368 78 26450 53 26541 17 26570 26 26605 13 26624 78 26706 52 26797 17 26825 28 26861 12 26880 78 26962 52 27053 16 27080 29 27119 9 27136 78 27218 52 27309 16 27335 30 27377 6 27391 79 27474 51 27565 17 27591 30 27645 136 27822 16 27847 31 27900 134 28079 14 28103 31 28155 131 28335 14 28358 32 28411 120 28593 11 28614 33 28667 119 28849 10 28869 34 28923 56 28980 60 29105 8 29125 36 29179 56 29236 59 29362 6 29381 36 29434 115 29619 3 29636 39 29681 2 29689 115 29891 48 29945 58 30004 54 30145 51 30201 58 30260 53 30401 51 30457 58 30518 51 30656 53 30715 56 30775 49 30911 54 30971 50 31026 2 31033 46 31167 54 31228 49 31281 4 31289 45 31423 54 31485 46 31537 52 31679 54 31744 43 31793 51 31935 54 32000 43 32048 51 32193 52 32256 43 32304 51 32449 53 32512 42 32559 52 32707 52 32768 42 32815 52 32963 53 33024 41 33071 52 33219 54 33280 41 33327 51 33475 56 33536 41 33580 53 33733 58 33792 97 33897 4 33989 154 34152 6 34245 154 34408 7 34502 151 34664 7 34758 147 34920 6 35014 147 35177 4 35270 148 35525 150 35735 14 35781 150 35990 16 36037 152 36246 17 36291 154 36502 17 36547 154 36759 16 36802 155 37015 16 37057 100 37161 17 37180 32 37271 16 37313 99 37419 15 37441 27 37528 15 37569 98 37683 7 37697 26 37784 15 37824 98 37939 6 37953 26 38041 14 38080 64 38145 32 38209 26 38296 16 38336 64 38401 31 38465 26 38552 16 38591 65 38657 30 38721 25 38807 17 38837 6 38847 65 38913 30 38977 16 38996 5 39048 8 39063 17 39091 77 39169 30 39234 13 39253 2 39303 12 39319 16 39347 22 39376 79 39490 11 39558 33 39603 21 39633 79 39747 4 39814 34 39858 21 39891 77 40003 2 40069 35 40114 21 40147 50 40201 24 40325 36 40371 18 40405 46 40457 25 40581 36 40627 18 40661 45 40714 23 40837 36 40884 15 40918 43 40970 23 41093 36 41140 15 41174 42 41227 21 41349 36 41397 14 41431 41 41483 19 41605 36 41653 14 41690 3 41696 32 41741 14 41861 36 41909 14 41952 32 41999 11 42117 36 42164 15 42209 31 42373 35 42420 16 42465 31 42629 34 42676 17 42721 31 42885 34 42933 16 42979 29 43141 34 43189 16 43235 29 43397 35 43445 16 43492 28 43653 35 43701 17 43749 13 43765 11 43910 34 43957 17 44009 2 44023 9 44166 34 44213 17 44279 9 44422 34 44469 18 44535 9 44678 34 44726 18 44792 8 44934 33 44983 17 45048 8 45190 33 45239 18 45304 8 45446 33 45495 18 45560 8 45681 2 45702 33 45751 18 45816 8 45933 10 45959 32 46006 19 46065 15 46189 10 46215 32 46261 20 46320 16 46443 13 46471 32 46517 19 46576 16 46698 15 46727 32 46773 19 46831 17 46951 18 46983 32 47027 20 47087 17 47206 18 47239 31 47282 21 47345 15 47460 19 47495 31 47536 22 47601 15 47715 20 47751 31 47791 23 47857 15 47970 21 47999 3 48007 30 48045 25 48113 15 48226 20 48254 4 48264 29 48301 25 48369 15 48481 21 48521 27 48556 25 48624 16 48645 2 48663 7 48737 21 48777 20 48800 2 48812 25 48880 16 48900 7 48914 15 48966 1 48969 3 48993 21 49034 17 49068 25 49135 17 49155 9 49169 18 49221 8 49249 21 49291 16 49324 25 49391 17 49411 34 49475 10 49505 21 49550 9 49579 26 49646 18 49667 34 49731 11 49762 21 49807 8 49835 26 49902 18 49921 40 49986 13 50019 20 50091 26 50157 19 50177 41 50241 14 50276 19 50347 26 50413 62 50497 15 50533 18 50603 29 50669 63 50753 15 50789 18 50859 32 50925 64 51008 17 51045 18 51115 34 51181 64 51263 18 51301 18 51371 34 51436 65 51519 18 51557 17 51628 34 51691 66 51775 18 51812 18 51885 33 51947 40 52001 12 52031 18 52067 19 52140 34 52203 19 52225 17 52257 12 52287 19 52323 19 52396 34 52458 19 52483 14 52513 12 52543 19 52579 19 52655 31 52715 17 52740 13 52769 12 52799 19 52835 19 52911 30 52971 16 52997 11 53025 12 53056 18 53091 18 53169 28 53227 15 53253 11 53281 12 53312 18 53347 18 53425 27 53483 15 53510 9 53538 9 53569 17 53604 17 53683 23 53714 9 53740 13 53767 8 53794 9 53825 17 53861 17 53940 21 53969 11 53997 12 54023 7 54052 5 54083 14 54117 20 54197 20 54222 24 54253 12 54280 5 54309 2 54341 11 54374 20 54453 19 54477 26 54510 11 54632 18 54710 17 54731 29 54767 11 54889 17 54967 16 54985 32 55024 10 55156 6 55223 14 55240 33 55281 13 55412 5 55479 14 55495 34 55538 7 55547 4 55659 1 55669 4 55737 6 55745 1 55749 37 55803 4 55915 2 55925 4 55993 4 56001 2 56005 37 56060 4 56169 5 56180 4 56255 43 56319 1 56425 5 56436 4 56511 43 56575 4 56681 6 56693 3 56766 45 56832 3 56937 6 56949 2 57021 46 57088 4 57193 6 57277 46 57344 5 57451 2 57533 47 57600 5 57789 47 57856 5 58045 48 58112 5 58297 52 58368 5 58553 53 58624 4 58807 55 58880 3 59063 56 59317 58 59573 58 59827 60 60082 61 60337 62 60593 62 60848 65 61103 69 61359 71 61614 72 61869 74 62125 74 62381 74 62637 74 62893 75 63149 75 63405 48 63456 25 63662 47 63712 25 63899 2 63919 45 63967 26 64153 6 64175 42 64223 26 64408 9 64433 41 64475 30 64663 10 64689 41 64731 30 64918 12 64948 69 65174 12 65205 68 65413 6 65429 14 65463 5 65472 57
474754,17 7 75 12 224 11 273 8 332 10 481 9 529 8 589 9 738 8 785 9 810 3 845 8 862 1 996 5 1041 10 1065 6 1100 9 1116 5 1298 9 1320 7 1354 9 1370 7 1385 1 1554 10 1576 7 1611 6 1627 7 1640 4 1810 13 1832 7 1869 2 1883 8 1895 5 2067 14 2088 7 2126 1 2139 9 2151 6 2323 14 2345 6 2397 7 2407 6 2579 14 2603 3 2653 7 2663 6 2835 14 2910 5 2919 6 3091 12 3168 2 3175 6 3348 9 3432 5 3604 7 3689 2 3861 4 4117 2 4851 3 4869 2 5105 10 5123 5 5361 12 5378 6 5491 6 5617 15 5634 6 5747 5 5873 15 5889 7 6003 4 6129 15 6145 6 6163 3 6259 3 6385 15 6402 5 6417 7 6459 4 6513 1 6641 15 6659 4 6673 8 6714 5 6767 4 6897 15 6915 4 6927 11 6969 7 7023 3 7153 15 7171 4 7183 12 7225 8 7326 1 7361 2 7410 14 7428 3 7439 13 7479 15 7578 7 7615 6 7649 5 7671 9 7684 3 7695 13 7735 15 7833 8 7871 6 7905 6 7929 7 7941 3 7951 13 7990 16 8088 11 8105 1 8126 7 8160 7 8186 6 8197 3 8208 12 8245 17 8286 4 8343 12 8358 5 8382 7 8399 5 8415 9 8443 5 8453 1 8465 11 8503 15 8542 4 8597 15 8613 7 8639 6 8654 7 8671 8 8699 5 8723 9 8763 11 8798 4 8853 24 8895 6 8909 9 8927 8 8955 5 8981 6 9021 9 9053 5 9108 25 9151 6 9165 10 9183 8 9212 4 9238 4 9277 9 9309 6 9363 26 9408 5 9421 10 9439 8 9469 3 9533 9 9565 6 9619 20 9641 1 9665 2 9677 10 9697 10 9789 8 9822 6 9875 20 9933 9 9960 3 10046 7 10081 2 10131 20 10189 8 10303 6 10388 19 10446 7 10561 2 10645 18 10901 18 11158 17 11421 10 11677 10 11933 10 12192 5 15123 1 15379 1 15564 5 15631 4 15819 8 15851 4 15886 5 15947 2 16075 8 16106 5 16144 3 16202 5 16331 8 16361 6 16457 6 16587 9 16617 6 16713 6 16844 7 16873 6 16969 6 17100 7 17128 7 17225 6 17357 6 17384 7 17483 3 17613 6 17640 7 17897 7 18153 7 18410 5 20180 1 20435 4 20665 1 20690 5 20920 3 20946 5 21175 5 21203 4 21282 5 21299 2 21427 10 21459 3 21538 5 21554 4 21684 8 21793 7 21809 6 21941 6 22049 7 22064 8 22156 1 22197 5 22247 4 22305 7 22320 9 22412 1 22453 3 22502 5 22561 7 22576 9 22668 3 22708 4 22757 6 22818 7 22833 8 22903 5 22925 2 22964 1 23013 6 23075 6 23089 8 23158 7 23269 6 23334 5 23347 6 23413 8 23525 6 23591 3 23604 3 23651 2 23669 9 23686 1 23781 6 23907 4 23924 21 24039 4 24162 5 24179 22 24295 4 24419 4 24435 22 24675 4 24691 22 24947 21 25203 21 25459 21 25716 10 25727 9 25973 8 25985 6 26229 7 26242 5 26486 5 26743 4 29398 1 29652 5 29908 5 30163 6 30419 6 30677 4 30933 4 33692 4 33947 5 34204 3 34460 2 34815 1 35071 1 35327 1 35583 1 35839 1 36569 5 36822 13 36863 1 37077 22 37116 4 37331 28 37367 9 37587 31 37621 11 37822 9 37832 7 37842 46 38077 67 38332 68 38587 69 38843 69 39098 70 39353 71 39607 73 39862 74 40117 75 40252 6 40373 75 40504 11 40628 76 40759 13 40823 5 40883 77 41014 14 41079 6 41139 77 41269 15 41334 10 41347 4 41394 78 41525 15 41591 16 41650 78 41771 4 41780 13 41814 1 41847 15 41906 78 42026 23 42070 1 42104 13 42162 78 42281 23 42359 12 42419 77 42537 23 42615 12 42675 77 42792 31 42871 12 42931 77 43048 32 43126 13 43187 77 43303 35 43382 13 43443 77 43544 2 43559 35 43638 13 43699 77 43797 7 43815 36 43888 1 43895 12 43954 78 44053 8 44071 36 44143 3 44151 12 44210 47 44258 30 44309 8 44326 37 44380 4 44400 1 44408 9 44465 48 44515 29 44565 8 44580 39 44635 6 44664 9 44721 48 44773 27 44820 11 44833 42 44890 7 44921 4 44975 51 45033 23 45075 56 45145 8 45231 51 45291 21 45331 57 45398 11 45485 54 45549 19 45586 59 45654 10 45741 56 45805 19 45841 60 45911 7 45994 86 46097 60 46167 6 46242 84 46331 5 46351 62 46425 2 46491 90 46587 5 46606 63 46743 94 46843 5 46861 63 46992 101 47097 7 47117 64 47247 102 47353 7 47373 64 47502 102 47608 8 47630 62 47718 4 47757 104 47864 8 47886 55 47972 7 48013 104 48121 7 48142 54 48227 8 48269 104 48377 7 48397 54 48483 10 48525 115 48653 54 48739 12 48782 114 48909 52 48995 13 49039 107 49147 4 49165 52 49251 13 49295 110 49421 52 49507 14 49553 106 49677 52 49763 14 49810 106 49934 49 50019 14 50067 107 50191 48 50275 14 50323 108 50443 2 50447 47 50531 12 50577 111 50699 2 50703 47 50787 12 50832 112 50955 50 51045 8 51087 113 51211 50 51343 113 51469 48 51599 113 51725 48 51855 113 51981 48 52112 112 52237 48 52369 111 52491 51 52627 109 52747 52 52884 108 53003 27 53034 22 53141 107 53259 26 53291 22 53397 107 53515 24 53549 21 53654 106 53771 23 53805 21 53910 106 54029 20 54064 1 54069 14 54167 105 54286 19 54327 12 54423 105 54543 17 54583 12 54679 20 54701 83 54799 16 54840 11 54935 18 54958 82 55047 3 55055 16 55097 10 55191 14 55215 81 55302 5 55311 16 55355 7 55447 12 55470 82 55557 8 55567 14 55646 4 55703 8 55725 83 55813 8 55823 14 55852 3 55901 5 55959 8 55981 83 56069 24 56105 10 56156 7 56215 8 56235 85 56325 24 56360 13 56375 2 56411 9 56471 9 56491 85 56580 25 56613 23 56667 10 56727 10 56743 89 56836 25 56868 24 56923 10 56983 10 56998 90 57091 12 57105 12 57123 26 57179 10 57239 10 57251 93 57346 13 57363 9 57379 26 57435 10 57494 11 57508 105 57621 5 57634 25 57691 11 57749 12 57764 105 57880 1 57890 25 57947 11 58004 13 58020 103 58146 25 58203 10 58258 15 58276 103 58401 26 58460 8 58513 16 58532 102 58657 26 58718 5 58767 18 58787 102 58913 27 58976 3 59021 20 59043 102 59168 33 59273 24 59298 102 59424 37 59529 127 59679 40 59785 127 59935 41 60041 127 60191 42 60297 126 60447 42 60554 125 60703 44 60810 124 60959 44 61065 120 61216 43 61319 121 61472 43 61574 122 61729 43 61828 124 61986 42 62083 125 62242 42 62338 126 62498 42 62593 127 62753 43 62848 128 63009 42 63057 3 63104 128 63240 8 63264 43 63311 7 63347 5 63359 129 63496 9 63520 43 63567 8 63602 7 63613 131 63756 5 63775 44 63823 10 63856 144 64012 5 64031 44 64079 10 64111 145 64271 2 64289 42 64335 12 64367 145 64527 2 64545 42 64591 12 64623 145 64802 41 64846 13 64879 145 65059 39 65102 13 65136 144 65317 36 65357 14 65393 137 65532 3
478603,0 65536
487585,0 73 122 39 215 2 219 16 252 78 379 38 473 19 509 77 635 38 729 19 765 78 891 37 985 20 1021 78 1148 36 1241 21 1277 81 1405 34 1497 23 1527 5 1533 82 1663 32 1752 25 1783 88 1931 20 2005 122 2190 17 2260 123 2447 16 2513 126 2704 14 2767 128 2961 12 3020 131 3218 11 3275 132 3475 9 3529 134 3731 8 3784 134 3989 5 4039 96 4138 36 4246 2 4294 98 4393 37 4550 135 4807 134 5063 134 5320 132 5577 130 5833 130 6089 130 6346 129 6603 128 6859 128 7117 126 7373 127 7631 126 7887 128 8143 129 8399 130 8656 129 8912 130 9161 2 9168 131 9312 1 9417 2 9424 83 9510 53 9564 9 9672 5 9680 77 9758 5 9766 63 9927 7 9937 149 10183 7 10194 149 10439 7 10451 149 10696 6 10707 149 10952 6 10964 149 11208 6 11221 149 11465 5 11478 120 11599 28 11721 4 11739 114 11855 28 11977 4 11996 113 12111 28 12233 2 12253 112 12367 28 12509 110 12623 28 12765 110 12879 28 13022 70 13094 35 13135 28 13279 68 13351 33 13390 29 13536 67 13607 31 13645 30 13793 66 13864 30 13901 30 14049 66 14119 32 14155 34 14307 64 14375 70 14563 64 14631 70 14821 63 14888 69 15077 64 15144 68 15336 61 15399 70 15533 3 15593 132 15786 9 15850 132 16041 10 16107 132 16293 15 16363 132 16549 16 16619 133 16802 19 16876 132 17055 22 17132 132 17309 24 17389 130 17563 26 17645 129 17819 26 17901 48 17950 79 18074 27 18158 126 18330 26 18415 124 18585 27 18671 124 18841 26 18928 123 19096 27 19184 105 19293 14 19350 29 19441 42 19486 59 19549 14 19606 29 19697 42 19743 52 19805 14 19861 31 19953 41 19999 47 20061 15 20117 31 20209 40 20257 44 20317 15 20373 31 20465 39 20513 43 20573 15 20630 30 20721 38 20770 40 20829 15 20887 29 20976 37 21027 37 21084 15 21144 28 21229 37 21283 10 21296 21 21333 6 21340 15 21402 25 21477 44 21540 9 21553 20 21587 24 21659 24 21733 44 21797 7 21810 16 21841 26 21915 22 21990 43 22053 7 22067 10 22097 25 22171 21 22215 6 22246 44 22311 3 22324 5 22352 26 22427 16 22469 10 22499 47 22607 27 22684 11 22723 13 22753 49 22863 28 22942 7 22977 17 23001 57 23119 28 23201 1 23232 19 23256 57 23373 30 23487 82 23629 30 23743 82 23885 29 23997 84 24141 29 24252 84 24397 29 24507 85 24653 29 24763 84 24909 30 25012 1 25017 86 25165 30 25265 94 25421 31 25520 95 25678 31 25776 94 25935 33 26032 94 26191 33 26288 93 26449 32 26544 93 26707 34 26801 92 26965 36 27057 92 27221 37 27301 5 27313 90 27478 37 27554 9 27568 91 27685 4 27735 37 27807 14 27823 92 27937 11 27992 38 28051 119 28191 14 28248 39 28300 127 28444 17 28488 1 28504 180 28699 18 28742 5 28759 183 28954 19 28997 8 29015 184 29209 20 29253 9 29271 188 29464 21 29507 12 29527 54 29587 154 29762 14 29783 54 29843 154 30016 77 30099 154 30271 78 30355 154 30525 80 30610 155 30780 81 30865 156 31035 82 31121 155 31291 83 31376 156 31546 84 31631 156 31801 85 31887 156 32057 241 32312 243 32567 246 32823 102 32929 141 33077 101 33187 140 33331 103 33444 239 33701 71 33777 162 33958 70 34034 161 34199 6 34214 71 34296 154 34455 7 34470 71 34553 153 34710 87 34811 151 34966 87 35069 78 35149 69 35221 88 35328 146 35477 88 35584 146 35733 88 35840 146 35989 88 36099 144 36245 89 36356 20 36377 213 36614 15 36634 59 36698 149 36871 14 36890 59 36954 149 37128 12 37146 58 37210 149 37385 10 37401 60 37465 151 37642 7 37655 218 37910 219 38164 223 38420 223 38675 224 38931 224 39187 224 39443 225 39696 228 39952 228 40208 228 40464 228 40720 227 40977 226 41233 225 41489 225 41745 225 42001 28 42033 193 42257 28 42289 195 42513 28 42546 195 42768 28 42803 194 43024 27 43059 194 43279 26 43315 194 43535 26 43571 194 43789 27 43826 195 44045 26 44082 195 44300 27 44337 196 44556 27 44593 197 44811 28 44849 197 45067 27 45105 197 45323 27 45357 202 45580 25 45613 202 45836 25 45868 202 46092 25 46123 203 46348 23 46379 202 46603 24 46635 202 46859 23 46891 53 46947 146 47115 23 47147 53 47203 146 47370 23 47402 53 47461 143 47626 23 47657 54 47719 141 47872 5 47881 24 47912 55 47976 140 48128 33 48167 56 48233 139 48384 33 48422 58 48489 140 48640 34 48677 59 48745 140 48896 35 48932 60 49000 143 49152 96 49255 145 49408 96 49511 146 49664 95 49766 147 49920 95 50021 149 50176 94 50277 149 50432 35 50469 56 50532 149 50688 34 50727 54 50788 149 50944 33 50985 52 51044 149 51200 32 51241 52 51300 149 51456 27 51497 52 51556 148 51712 27 51753 207 51968 26 52010 207 52224 26 52266 207 52480 27 52523 206 52736 27 52780 205 52992 27 53039 202 53248 28 53279 6 53297 199 53504 39 53555 53 53615 133 53760 40 53811 52 53873 126 54016 41 54065 54 54131 123 54272 41 54320 55 54387 122 54528 43 54572 59 54643 123 54784 102 54899 123 55040 101 55154 124 55296 101 55409 125 55552 101 55664 125 55808 102 55920 124 56064 103 56175 123 56320 104 56431 84 56517 36 56576 105 56686 83 56776 31 56832 106 56941 84 57033 30 57088 193 57291 28 57344 192 57548 27 57600 183 57807 2 57814 16 57856 183 58071 15 58112 185 58332 9 58368 185 58591 2 58624 186 58880 187 59136 187 59392 188 59648 189 59904 126 60034 60 60160 126 60290 60 60416 125 60547 59 60672 125 60803 60 60928 125 61059 60 61184 123 61314 61 61440 123 61570 61 61696 122 61827 60 61952 121 62083 60 62208 128 62338 61 62464 192 62720 193 62976 193 63232 195 63488 195 63744 197 64000 197 64256 198 64512 198 64768 198 65024 198 65281 196
487629,0 15 31 13 57 3 63 72 140 131 285 15 319 72 397 130 540 16 575 72 653 130 794 18 831 62 899 6 911 127 1049 19 1087 61 1156 6 1169 124 1305 18 1343 60 1413 6 1427 122 1561 18 1600 59 1669 6 1682 123 1817 18 1857 56 1925 6 1937 124 2070 21 2113 56 2181 6 2193 124 2322 25 2370 44 2415 9 2439 2 2448 124 2577 25 2627 42 2673 6 2704 123 2831 26 2883 41 2960 152 3140 39 3216 151 3397 38 3471 151 3653 38 3727 149 3909 38 3983 113 4103 28 4166 37 4239 113 4365 19 4423 36 4495 113 4621 18 4679 35 4751 113 4878 15 4935 34 5007 113 5134 15 5191 34 5263 113 5391 10 5447 8 5462 18 5520 112 5646 11 5703 7 5719 16 5775 113 5901 13 5961 3 5976 15 6030 114 6156 15 6233 13 6285 115 6411 18 6490 10 6540 116 6667 18 6747 2 6795 117 6923 19 7051 117 7179 20 7233 1 7307 117 7435 20 7487 8 7562 118 7691 20 7742 10 7818 118 7949 18 7997 14 8073 119 8211 12 8253 14 8329 119 8469 8 8508 17 8584 120 8727 4 8763 18 8840 120 9019 20 9095 121 9275 20 9333 2 9351 121 9533 18 9579 6 9586 6 9607 121 9789 18 9834 14 9862 122 10047 16 10089 16 10114 126 10303 15 10345 16 10367 129 10559 13 10601 151 10815 12 10857 151 11071 10 11113 151 11327 10 11370 150 11583 9 11628 148 11839 9 11885 147 12097 6 12141 147 12296 1 12354 5 12397 147 12551 3 12653 147 12807 4 12910 146 13063 4 13165 147 13320 2 13421 147 13676 148 13931 149 14187 149 14443 149 14699 149 14955 149 15211 149 15469 147 15727 145 15983 145 16190 1 16241 143 16444 4 16507 133 16699 6 16763 133 16954 7 17010 3 17018 134 17209 8 17265 143 17465 8 17520 144 17722 6 17775 145 17978 5 18031 145 18286 146 18542 146 18797 147 19053 147 19307 149 19562 150 19816 152 20072 152 20328 152 20585 151 20829 4 20841 151 21083 6 21097 151 21338 8 21353 151 21593 10 21609 151 21849 10 21863 153 22104 11 22117 155 22359 169 22615 169 22871 169 23127 169 23383 169 23639 169 23895 169 24151 169 24409 167 24665 167 24922 166 25178 166 25435 165 25691 165 25947 165 26203 165 26459 165 26714 166 26969 167 27225 167 27453 5 27481 167 27709 6 27738 166 27965 8 27995 165 28221 9 28251 165 28479 6 28509 163 28736 4 28765 163 29023 161 29279 161 29537 159 29794 158 30051 157 30307 157 30564 156 30820 156 31077 155 31333 155 31589 155 31845 155 32075 1 32079 4 32099 157 32329 12 32355 157 32583 24 32611 157 32839 26 32867 157 33095 185 33351 185 33607 185 33863 185 34121 183 34383 177 34641 175 34898 174 35104 6 35155 173 35359 9 35411 173 35589 6 35611 15 35669 12 35684 156 35843 10 35867 16 35927 9 35940 178 36121 18 36185 4 36196 199 36452 200 36708 201 36963 202 37219 202 37475 203 37732 202 37989 202 38245 202 38502 201 38759 4 38767 193 39024 192 39281 191 39537 191 39793 191 40048 192 40304 192 40559 194 40816 193 41072 195 41328 195 41585 194 41843 192 42100 193 42360 189 42617 190 42875 189 43131 190 43394 50 43445 6 43455 122 43651 48 43703 3 43713 122 43911 33 43971 120 44168 31 44229 119 44424 33 44468 4 44487 118 44681 32 44724 4 44745 116 44937 34 44979 6 45003 114 45193 36 45236 5 45259 115 45448 39 45493 4 45517 114 45704 39 45750 2 45773 115 45961 40 46031 113 46217 40 46288 45 46336 66 46473 40 46544 44 46592 66 46730 40 46801 42 46848 67 46988 39 47057 41 47103 68 47245 38 47315 38 47359 68 47502 40 47572 3 47581 26 47614 69 47750 2 47758 40 47839 24 47869 70 47993 5 48003 8 48014 40 48097 22 48123 72 48248 7 48259 8 48269 41 48353 21 48379 72 48503 62 48613 17 48636 71 48759 62 48871 15 48893 70 49015 60 49128 14 49151 69 49271 60 49384 13 49407 70 49527 58 49640 13 49664 69 49782 59 49896 12 49920 69 50037 60 50153 10 50176 69 50292 30 50325 28 50409 9 50432 70 50547 31 50581 28 50665 7 50688 70 50801 34 50837 28 50922 5 50944 71 51057 34 51093 28 51200 72 51312 36 51349 29 51456 74 51567 67 51712 75 51823 68 51968 75 52078 69 52224 75 52333 70 52480 75 52589 70 52736 75 52845 70 52992 75 53101 70 53248 76 53357 70 53504 77 53614 71 53760 77 53870 71 54016 31 54052 41 54124 74 54272 30 54308 41 54379 76 54528 31 54565 40 54634 77 54784 32 54822 38 54889 78 55040 33 55079 36 55144 79 55296 35 55335 35 55400 78 55552 37 55594 31 55655 78 55772 5 55808 39 55851 30 55911 78 56028 5 56064 42 56111 26 56165 78 56285 4 56320 42 56368 24 56421 78 56541 4 56576 41 56626 21 56677 78 56799 1 56832 41 56883 19 56933 78 57088 39 57140 16 57188 79 57344 31 57379 2 57397 9 57407 4 57444 79 57601 27 57699 80 57860 6 57869 14 57955 80 58211 79 58355 3 58467 78 58609 6 58723 78 58864 8 58979 78 59120 8 59235 77 59376 8 59491 77 59632 8 59748 75 59889 5 60005 74 60145 4 60267 69 60525 67 60783 68 61039 70 61295 71 61551 71 61808 71 62064 71 62319 72 62575 72 62831 72 63088 71 63345 70 63601 70 63858 69 64115 68 64373 66 64629 65 64887 63 65126 5 65143 62 65380 9 65401 60
489967,0 65536
490941,16 39 142 1 161 18 199 57 271 39 398 1 416 19 455 57 527 39 654 1 672 19 710 58 782 40 924 23 966 58 1032 47 1176 28 1222 58 1287 50 1429 31 1477 59 1543 51 1684 33 1733 59 1799 52 1877 2 1938 35 1989 59 2055 52 2132 5 2193 36 2244 62 2311 53 2385 10 2448 37 2499 65 2569 51 2640 11 2662 1 2704 37 2755 67 2825 52 2892 17 2915 7 2928 5 2958 39 3011 123 3146 19 3171 8 3181 10 3211 42 3267 124 3399 23 3427 21 3465 44 3523 124 3654 24 3682 23 3719 46 3779 125 3907 28 3937 25 3974 47 4036 155 4193 26 4229 48 4292 183 4484 49 4549 183 4739 50 4806 183 4993 52 5063 183 5248 53 5319 237 5576 235 5833 234 6089 146 6237 86 6345 146 6495 84 6601 145 6751 84 6857 144 7009 81 7113 143 7267 79 7369 136 7509 2 7528 73 7625 135 7786 71 7882 132 8043 70 8138 130 8300 69 8394 129 8557 68 8650 130 8813 68 8907 134 9069 68 9163 135 9325 68 9419 136 9581 68 9655 1 9675 136 9837 71 9909 6 9932 135 10093 80 10189 134 10349 80 10445 135 10605 82 10702 135 10861 82 10959 136 11117 82 11215 137 11373 82 11471 138 11629 82 11728 139 11885 82 11984 143 12141 82 12240 144 12397 81 12496 145 12653 80 12752 146 12909 70 12981 8 13009 146 13165 70 13265 146 13421 70 13521 146 13678 70 13777 10 13793 130 13935 69 14034 7 14050 129 14191 18 14213 47 14306 129 14448 17 14471 45 14562 129 14705 16 14729 44 14816 133 14963 14 14984 45 15071 137 15222 10 15240 45 15325 141 15480 7 15496 46 15580 145 15752 28 15783 15 15835 146 16009 26 16039 16 16091 147 16265 26 16293 31 16346 148 16521 26 16549 40 16600 151 16776 231 17032 233 17284 1 17287 244 17537 251 17792 253 18047 6784 24832 253 25088 252 25344 251 25600 253 25856 39680
491029,0 54891 54892 254 55149 254 55405 761 56167 253 56425 248 56681 247 56937 240 57193 239 57449 238 57704 239 57960 239 58215 240 58470 240 58727 238 58983 237 59230 1 59240 237 59485 2 59497 237 59735 8 59755 244 60012 245 60268 249 60523 252 60779 253 61035 254 61291 4245
494025,16 28 130 117 271 29 386 116 527 30 642 116 782 31 898 115 1037 32 1154 115 1289 35 1409 115 1544 36 1665 114 1797 39 1921 114 2053 39 2176 114 2309 42 2432 114 2565 43 2687 115 2820 45 2942 116 3076 45 3175 6 3198 116 3331 46 3430 10 3453 116 3587 46 3685 12 3709 116 3842 47 3941 14 3964 117 4097 48 4196 15 4219 98 4318 19 4353 48 4452 17 4475 98 4575 18 4609 48 4707 19 4731 98 4832 16 4866 48 4961 23 4986 99 5088 16 5122 48 5215 126 5345 15 5379 48 5470 127 5603 12 5635 48 5726 126 5861 8 5892 47 5983 125 6148 47 6240 124 6404 47 6497 122 6661 46 6754 120 6917 46 7010 119 7168 1 7172 47 7266 118 7424 50 7521 118 7680 50 7777 118 7936 50 8032 117 8192 50 8287 116 8448 50 8538 119 8704 50 8793 120 8960 8 8973 36 9047 121 9216 8 9229 33 9303 121 9472 7 9487 4 9501 14 9542 1 9555 46 9603 77 9728 7 9741 4 9758 13 9797 4 9811 124 9988 3 9993 8 10013 12 10053 6 10065 125 10249 8 10268 11 10308 7 10319 126 10501 13 10525 1 10563 136 10757 13 10819 134 11013 14 11063 4 11075 133 11268 17 11318 7 11331 133 11523 18 11573 11 11585 134 11778 19 11829 146 12033 21 12085 146 12289 21 12341 146 12545 22 12599 144 12801 22 12855 144 13057 23 13113 142 13313 23 13369 142 13569 24 13626 140 13825 24 13882 140 14080 25 14138 139 14319 1 14336 25 14394 139 14575 2 14592 26 14650 138 14831 1 14848 27 14905 139 15104 37 15161 106 15273 26 15360 37 15417 106 15530 25 15616 39 15673 96 15787 24 15866 5 15872 40 15929 94 16045 22 16121 48 16185 93 16301 21 16377 50 16441 92 16557 21 16633 56 16697 90 16815 7 16828 4 16888 57 16953 89 17071 6 17143 60 17209 86 17398 61 17465 85 17652 65 17722 82 17905 69 17978 81 18160 154 18415 153 18671 148 18927 148 19183 146 19440 145 19695 146 19951 146 20206 145 20460 147 20715 147 20971 146 21227 144 21482 145 21739 142 21995 141 22251 33 22289 101 22505 28 22545 100 22759 30 22802 93 23014 31 23058 93 23269 32 23315 92 23524 33 23571 92 23779 34 23827 40 23885 34 24033 36 24083 40 24142 33 24287 40 24338 39 24399 32 24543 40 24594 38 24657 30 24798 41 24849 18 24870 17 24913 30 25054 41 25105 36 25170 29 25292 7 25310 41 25360 33 25427 29 25545 13 25566 41 25615 35 25683 28 25801 14 25822 34 25857 7 25871 37 25941 26 26056 16 26079 33 26113 8 26127 38 26198 9 26211 11 26311 18 26335 33 26370 8 26381 43 26455 7 26469 8 26567 19 26591 33 26626 55 26712 6 26726 7 26823 20 26847 33 26882 57 26969 4 27079 20 27104 32 27137 59 27226 3 27335 19 27360 94 27584 4 27591 18 27616 95 27840 25 27873 96 28096 26 28130 95 28352 26 28386 98 28608 27 28643 99 28865 27 28899 29 28929 71 29121 29 29157 27 29186 71 29377 31 29413 27 29443 72 29634 33 29671 24 29699 72 29890 34 29928 21 29957 71 30047 6 30147 36 30185 19 30213 72 30303 7 30403 36 30444 15 30469 72 30558 9 30659 37 30703 12 30725 72 30814 9 30916 36 30967 1 30982 71 31071 8 31173 36 31238 71 31328 6 31429 36 31493 71 31685 37 31743 1 31749 71 31941 37 31999 1 32004 71 32174 1 32196 39 32255 1 32259 72 32429 3 32451 40 32511 1 32515 70 32684 6 32706 40 32767 1 32771 69 32940 7 32961 41 33023 1 33027 68 33131 2 33195 10 33217 40 33279 1 33283 68 33387 2 33451 10 33473 40 33535 1 33539 68 33642 5 33707 12 33729 39 33791 1 33795 54 33852 10 33898 6 33961 14 33985 38 34047 1 34051 53 34108 10 34155 7 34211 21 34241 39 34303 1 34307 52 34365 9 34411 7 34467 22 34497 39 34558 2 34562 51 34621 8 34667 8 34721 24 34753 39 34813 3 34818 50 34877 8 34923 8 34977 24 35009 39 35069 3 35074 19 35094 29 35134 7 35179 8 35232 25 35267 38 35324 4 35330 19 35352 27 35391 5 35435 8 35488 25 35523 38 35580 4 35587 16 35609 28 35690 10 35707 1 35723 3 35733 4 35744 25 35779 38 35836 4 35843 16 35866 27 35946 11 35961 4 35978 5 35988 7 36000 24 36035 39 36092 4 36100 14 36122 27 36200 23 36233 47 36291 40 36349 3 36357 12 36378 28 36455 24 36489 48 36547 40 36607 1 36619 5 36633 30 36707 29 36745 48 36803 40 36877 1 36889 30 36962 31 37002 47 37059 40 37143 33 37217 32 37259 22 37282 23 37316 39 37399 33 37472 33 37515 46 37572 39 37645 45 37727 33 37772 45 37828 38 37895 52 37983 32 38028 45 38085 36 38144 65 38239 30 38285 43 38341 36 38400 65 38496 22 38542 42 38597 36 38656 65 38753 19 38799 40 38853 38 38912 65 39009 18 39056 39 39109 39 39168 65 39267 16 39312 39 39365 40 39424 64 39523 15 39568 39 39621 40 39680 63 39779 13 39823 40 39876 43 39936 63 40017 7 40035 12 40079 39 40132 43 40192 62 40270 14 40290 12 40335 40 40387 45 40448 62 40525 16 40546 12 40591 40 40643 45 40704 61 40781 16 40801 12 40847 42 40899 46 40960 61 41037 15 41057 11 41103 42 41156 45 41216 30 41249 28 41292 15 41312 9 41358 43 41412 47 41472 29 41505 27 41547 16 41567 11 41614 43 41668 47 41728 29 41764 22 41803 16 41823 11 41870 43 41925 46 41984 29 42022 13 42037 4 42058 17 42079 12 42126 43 42181 46 42239 32 42281 8 42314 17 42335 12 42377 46 42437 45 42493 36 42541 1 42570 17 42591 12 42631 48 42693 45 42748 39 42826 17 42847 12 42886 49 42949 44 43003 42 43083 18 43103 12 43141 50 43205 40 43246 2 43259 43 43339 32 43397 50 43460 39 43515 44 43593 33 43653 50 43715 39 43771 44 43841 40 43908 51 43971 38 44025 47 44094 43 44164 51 44227 37 44281 50 44349 43 44420 51 44483 36 44536 52 44604 44 44676 51 44740 35 44792 53 44858 47 44931 52 44997 32 45047 55 45113 50 45187 52 45253 32 45303 56 45368 38 45408 13 45443 52 45511 30 45557 58 45624 54 45683 4 45698 53 45769 27 45813 59 45879 66 45954 51 46029 22 46069 59 46135 66 46209 51 46291 15 46324 63 46391 68 46461 54 46548 13 46578 67 46646 124 46805 10 46832 193 47062 7 47083 198 47319 4 47339 197 47595 197 47811 3 47851 106 47959 88 48065 8 48107 104 48217 86 48321 8 48363 104 48481 79 48576 11 48620 102 48737 79 48832 12 48877 101 48993 80 49088 18 49133 102 49249 80 49344 19 49387 104 49505 80 49599 20 49641 107 49761 80 49855 21 49896 109 50016 80 50111 21 50147 114 50272 80 50367 21 50401 116 50526 81 50624 20 50657 116 50781 80 50880 19 50912 116 51035 79 51137 18 51167 116 51290 78 51393 17 51421 118 51545 61 51611 10 51649 16 51675 72 51748 47 51800 61 51867 9 51905 16 51930 71 52006 44 52055 60 52125 6 52162 15 52183 74 52266 39 52311 59 52383 2 52419 14 52438 75 52529 32 52565 62 52675 12 52693 76 52786 31 52821 63 52931 12 52948 76 53043 30 53076 67 53188 9 53203 78 53298 103 53444 9 53458 73 53533 5 53553 66 53624 35 53699 6 53713 72 53789 6 53809 66 53881 6 53890 25 53955 5 53969 71 54045 8 54055 73 54145 27 54210 7 54224 71 54301 75 54401 27 54465 8 54479 72 54557 76 54649 3 54655 30 54721 84 54813 76 54903 39 54977 63 55042 18 55069 76 55157 42 55233 63 55299 17 55325 76 55413 42 55489 63 55557 14 55582 76 55667 45 55746 62 55813 14 55838 76 55923 45 56002 62 56079 2 56094 77 56178 47 56258 62 56351 76 56434 47 56514 62 56607 76 56689 48 56770 62 56863 76 56945 48 57025 63 57119 76 57197 52 57281 63 57375 73 57450 55 57537 63 57631 68 57707 52 57793 66 57888 67 57963 51 58049 70 58144 67 58218 51 58303 72 58400 67 58474 50 58559 72 58655 68 58731 48 58814 74 58911 67 58987 48 59070 74 59167 67 59243 48 59293 4 59325 75 59423 66 59499 56 59581 75 59679 64 59757 58 59837 76 59935 63 60013 60 60092 78 60191 62 60269 69 60347 80 60433 3 60439 70 60525 71 60603 161 60779 77 60859 161 61035 78 61115 161 61290 243 61545 245 61801 246 62057 246 62312 248 62567 249 62823 249 63079 241 63325 2 63335 7 63345 231 63581 2 63592 5 63601 231 63858 230 64115 22 64143 208 64373 18 64399 208 64629 16 64656 207 64895 3 64912 206 65168 206 65424 112
500314,64 43 144 7 321 42 400 9 577 42 656 13 835 11 849 26 912 17 931 6 1029 4 1092 9 1105 26 1168 31 1283 9 1362 25 1424 33 1537 12 1618 25 1680 34 1792 14 1875 22 1936 36 2011 2 2048 15 2132 21 2193 36 2266 5 2304 15 2390 19 2449 36 2521 10 2560 16 2647 18 2705 37 2776 12 2816 17 2904 16 2963 36 3027 18 3072 17 3160 16 3219 36 3280 22 3328 18 3417 14 3477 35 3533 26 3584 18 3675 12 3733 35 3789 26 3840 19 3990 34 4044 27 4096 19 4247 34 4299 28 4352 19 4504 33 4555 28 4608 20 4760 33 4811 28 4864 20 5016 33 5066 29 5120 21 5272 33 5321 30 5376 21 5528 33 5577 30 5633 20 5784 31 5833 30 5891 18 6039 31 6088 29 6147 18 6295 30 6344 27 6405 16 6551 29 6599 26 6662 14 6807 29 6855 25 6919 12 7061 30 7111 23 7176 8 7316 31 7367 22 7545 1 7571 32 7623 18 7799 5 7828 31 7879 17 8053 9 8085 27 8121 3 8134 15 8309 9 8341 25 8377 6 8384 21 8565 10 8597 23 8632 28 8821 10 8853 23 8887 29 9077 11 9109 23 9141 31 9333 12 9365 22 9396 31 9589 12 9621 22 9652 31 9844 13 9877 22 9908 31 10072 7 10100 15 10131 6 10141 12 10163 32 10327 8 10356 15 10387 4 10397 12 10419 33 10583 10 10612 22 10643 2 10655 8 10675 33 10838 11 10867 24 10900 1 10913 4 10931 33 11093 12 11123 25 11187 33 11349 12 11380 25 11443 32 11605 13 11637 24 11699 32 11861 13 11893 24 11955 32 12116 15 12150 23 12211 30 12371 16 12406 22 12467 30 12627 17 12663 21 12723 30 12882 19 12921 20 12979 30 13136 21 13183 14 13236 29 13387 26 13439 14 13492 28 13642 27 13696 14 13757 18 13897 28 13952 14 14015 16 14151 30 14209 12 14273 6 14406 30 14465 12 14661 30 14721 11 14916 31 14978 9 15091 6 15171 30 15235 7 15339 21 15427 30 15491 6 15593 23 15684 28 15747 6 15847 25 15941 27 16003 6 16103 25 16198 25 16259 6 16281 1 16356 28 16456 22 16515 6 16535 4 16612 28 16714 17 16772 5 16789 7 16867 29 16971 14 17029 3 17045 7 17123 29 17231 7 17297 12 17379 29 17489 3 17551 14 17635 29 17806 20 17890 30 17951 3 18061 21 18146 30 18205 8 18317 12 18401 31 18461 8 18513 6 18573 12 18649 5 18657 31 18717 10 18767 9 18829 12 18894 50 18973 10 19022 11 19085 13 19149 51 19229 10 19277 12 19341 14 19403 53 19485 11 19533 12 19597 14 19659 53 19741 12 19789 12 19853 14 19914 54 19997 12 20045 12 20109 14 20170 54 20253 14 20301 12 20365 13 20426 54 20510 13 20557 12 20621 12 20681 25 20707 29 20767 12 20813 11 20879 10 20937 24 20967 6 20976 16 21000 1 21023 12 21069 10 21135 9 21193 24 21225 3 21233 15 21256 3 21281 10 21327 6 21395 2 21449 25 21489 15 21511 5 21537 10 21584 3 21705 25 21746 14 21765 8 21795 8 21961 24 22010 6 22020 11 22052 6 22217 24 22271 1 22274 14 22310 2 22474 23 22529 16 22731 22 22784 18 22987 20 23040 19 23243 20 23296 20 23498 18 23523 6 23552 21 23752 19 23777 8 23808 23 24006 21 24031 13 24064 23 24261 20 24287 14 24320 24 24516 19 24542 17 24576 24 24681 4 24771 20 24798 17 24832 24 24935 8 25027 20 25054 19 25088 24 25190 11 25283 20 25310 19 25344 24 25445 14 25540 18 25567 18 25600 24 25701 15 25796 18 25823 19 25856 24 25936 2 25957 17 26053 17 26078 21 26112 23 26191 5 26213 17 26310 16 26334 21 26368 23 26447 6 26471 16 26567 15 26590 21 26624 23 26703 6 26727 16 26824 14 26845 22 26880 22 26959 6 26984 15 27081 14 27101 22 27136 21 27215 6 27241 14 27337 15 27357 22 27388 13 27404 9 27472 5 27497 12 27566 5 27594 15 27613 23 27639 29 27729 3 27753 12 27821 8 27851 15 27869 52 28016 5 28073 12 28107 16 28125 50 28328 14 28363 17 28381 51 28529 4 28582 16 28621 15 28637 52 28781 11 28797 2 28838 16 28877 14 28894 51 29035 22 29093 17 29134 14 29152 7 29163 39 29291 23 29349 17 29391 13 29409 4 29419 41 29546 25 29605 17 29647 13 29675 42 29802 25 29861 17 29903 13 29931 44 30057 26 30117 16 30161 10 30187 45 30302 1 30313 26 30373 16 30417 8 30443 47 30557 5 30569 26 30629 14 30699 48 30813 5 30825 26 30886 11 30955 50 31067 7 31081 26 31211 50 31323 7 31338 25 31467 50 31579 7 31595 24 31723 50 31835 7 31851 24 31979 50 32041 8 32093 6 32109 22 32235 50 32295 12 32349 6 32365 22 32491 50 32550 20 32605 7 32621 22 32747 50 32805 22 32861 8 32878 21 33003 49 33060 25 33118 7 33135 20 33259 20 33280 28 33315 25 33374 6 33391 20 33515 20 33536 28 33570 26 33631 4 33648 18 33718 4 33773 16 33792 28 33826 26 33887 3 33905 17 33973 6 34030 15 34048 28 34081 27 34143 4 34162 15 34229 7 34289 8 34304 27 34337 27 34399 5 34418 14 34484 9 34547 3 34560 28 34593 27 34654 7 34675 12 34739 10 34816 29 34848 28 34909 10 34931 10 34995 11 35072 59 35165 12 35251 12 35328 59 35421 14 35507 13 35584 58 35677 19 35711 3 35761 16 35840 57 35933 21 35966 5 36017 16 36096 56 36189 24 36220 13 36265 24 36352 55 36444 26 36475 17 36519 26 36608 24 36633 30 36699 54 36755 2 36773 27 36864 23 36889 31 36954 62 37027 28 37120 21 37145 31 37209 65 37280 27 37376 21 37401 31 37465 66 37535 28 37632 19 37657 32 37721 97 37888 18 37914 31 37977 96 38144 13 38169 33 38235 95 38400 12 38425 33 38493 94 38656 9 38681 34 38716 10 38751 62 38815 28 38912 8 38937 49 39007 62 39071 28 39192 52 39264 61 39327 29 39448 53 39519 62 39583 30 39704 53 39775 62 39840 33 39886 8 39935 1 39960 54 40030 64 40096 33 40141 10 40191 1 40215 56 40285 70 40359 27 40396 12 40446 2 40471 56 40541 69 40617 26 40651 14 40701 3 40727 56 40796 70 40878 21 40907 14 40957 3 40983 56 41052 71 41135 20 41163 14 41214 2 41239 56 41308 71 41392 18 41419 14 41471 1 41496 55 41564 71 41648 17 41675 13 41727 1 41753 54 41820 71 41905 14 41931 12 42009 54 42076 53 42132 15 42161 13 42187 11 42266 53 42333 51 42389 12 42417 12 42443 10 42522 53 42589 50 42645 12 42673 11 42699 10 42779 51 42845 49 42901 10 42931 7 42954 10 43037 48 43101 48 43158 9 43210 9 43294 47 43358 43 43415 6 43465 10 43551 45 43614 43 43674 3 43689 4 43721 10 43808 43 43871 41 43944 7 43977 10 44066 40 44127 40 44199 9 44232 11 44323 39 44384 39 44453 12 44487 12 44579 40 44640 39 44709 12 44742 13 44834 41 44899 36 44958 21 44997 14 45089 42 45157 34 45213 22 45253 14 45344 42 45416 4 45429 27 45469 24 45508 15 45599 43 45673 1 45687 26 45725 24 45764 15 45855 43 45944 27 45977 29 46019 15 46110 44 46200 27 46232 31 46275 15 46366 43 46456 28 46487 34 46531 14 46622 43 46712 28 46743 34 46787 13 46878 43 46968 71 47043 12 47134 42 47224 73 47298 13 47391 27 47423 8 47480 86 47647 27 47680 4 47736 27 47765 47 47813 8 47904 26 47992 26 48021 46 48073 4 48161 25 48249 24 48277 46 48419 22 48506 22 48533 46 48676 21 48763 20 48789 46 48934 19 49021 16 49045 47 49191 19 49277 15 49301 47 49457 14 49533 12 49556 48 49713 14 49789 12 49813 48 49968 15 50047 10 50069 50 50224 11 50237 2 50259 3 50304 9 50327 52 50480 9 50513 8 50561 8 50583 53 50711 4 50736 9 50768 10 50817 8 50839 54 50961 13 50993 7 51023 15 51075 6 51095 54 51216 15 51249 6 51278 17 51331 4 51351 56 51471 18 51507 2 51522 5 51533 19 51607 57 51726 19 51777 32 51863 58 51964 1 51982 20 52031 35 52117 61 52215 9 52237 21 52285 38 52373 61 52470 10 52493 22 52540 39 52629 62 52725 11 52749 22 52795 40 52884 63 52981 11 53005 22 53048 43 53140 63 53237 11 53261 23 53304 44 53395 63 53493 11 53517 23 53559 46 53651 62 53749 11 53772 24 53815 46 53907 62 54005 11 54027 25 54071 48 54164 62 54263 9 54283 25 54327 48 54421 61 54521 7 54537 26 54584 48 54677 61 54792 26 54840 48 54933 61 55047 26 55097 48 55189 61 55303 25 55352 49 55445 61 55559 24 55607 50 55701 61 55815 23 55854 1 55863 50 55957 61 56071 22 56107 8 56117 53 56213 61 56327 22 56363 63 56469 62 56583 22 56618 64 56727 61 56839 22 56874 63 56985 2 56993 1 56997 48 57095 22 57130 63 57256 45 57351 22 57387 62 57512 45 57606 23 57644 61 57737 1 57769 44 57862 23 57901 2 57906 55 57992 5 58025 44 58117 25 58164 59 58246 7 58281 44 58373 26 58421 59 58501 9 58537 43 58630 25 58677 60 58756 10 58793 43 58887 24 58935 59 59011 11 59049 42 59144 24 59191 60 59267 10 59306 41 59401 23 59448 59 59522 11 59563 42 59657 22 59705 58 59776 13 59819 44 59913 22 59963 57 60031 14 60076 45 60169 20 60222 56 60285 16 60335 8 60347 31 60385 2 60426 19 60480 55 60541 16 60610 25 60639 6 60680 19 60738 76 60867 25 60893 10 60935 19 60994 77 61123 37 61190 19 61251 76 61375 43 61446 19 61507 76 61629 46 61701 22 61765 75 61883 52 61957 22 62021 75 62139 52 62213 22 62245 5 62277 76 62394 55 62469 23 62500 8 62534 75 62650 57 62726 24 62753 14 62791 74 62903 63 62982 41 63048 73 63158 65 63239 42 63305 72 63413 68 63495 42 63561 71 63669 68 63754 39 63817 70 63925 7 63935 59 64012 37 64074 69 64181 6 64192 58 64269 37 64331 67 64447 59 64525 38 64587 66 64703 59 64781 38 64844 64 64913 4 64959 58 65037 38 65100 64 65168 7 65215 58 65294 37 65357 62 65423 9 65472 55
504868,0 65536
513583,27 26 141 12 161 62 225 31 281 28 398 10 419 60 481 5 490 22 536 29 655 9 675 60 737 5 747 15 763 5 790 31 913 5 931 67 1003 21 1044 33 1187 67 1260 20 1298 35 1443 67 1517 19 1554 35 1700 67 1773 19 1809 36 1956 67 2029 19 2065 36 2213 66 2286 13 2301 3 2321 35 2468 68 2542 12 2557 3 2577 35 2651 4 2723 70 2799 11 2814 2 2834 33 2905 8 2979 72 3055 10 3069 3 3091 31 3160 9 3235 87 3323 5 3357 3 3361 16 3415 12 3491 19 3515 69 3618 15 3671 12 3747 18 3771 69 3882 5 3915 4 3925 14 4003 15 4027 69 4139 4 4171 24 4259 14 4283 69 4426 24 4515 12 4539 69 4611 3 4681 25 4728 3 4771 11 4795 78 4923 1 4937 24 4981 8 5027 9 5049 81 5179 2 5193 24 5237 8 5283 8 5304 83 5433 6 5449 24 5491 11 5541 3 5559 84 5688 7 5704 25 5747 12 5815 86 5943 8 5959 27 6003 14 6071 86 6198 9 6214 28 6258 15 6327 93 6453 11 6466 31 6513 18 6583 93 6709 44 6769 18 6840 93 6964 45 7024 20 7096 93 7220 45 7280 21 7353 92 7475 46 7535 22 7609 92 7731 46 7790 24 7865 16 7882 54 7940 16 7987 46 8045 27 8121 16 8141 51 8197 15 8243 46 8300 29 8377 16 8399 5 8405 43 8452 17 8498 47 8555 30 8633 16 8661 43 8708 17 8747 3 8753 48 8810 38 8890 15 8917 43 8963 18 9001 56 9065 42 9147 14 9173 43 9219 19 9257 56 9320 43 9403 14 9429 43 9475 19 9513 56 9575 44 9661 10 9684 44 9731 19 9769 57 9831 45 9917 9 9941 65 10025 58 10086 46 10197 65 10281 58 10341 47 10454 64 10537 58 10597 47 10713 61 10793 107 10969 61 11049 107 11161 1 11227 58 11305 114 11483 58 11561 31 11593 84 11741 56 11818 29 11850 83 11997 56 12075 28 12107 83 12253 56 12331 28 12364 83 12509 56 12579 3 12590 26 12621 82 12766 55 12834 5 12847 26 12878 81 13023 54 13078 3 13089 6 13107 23 13135 80 13248 8 13280 57 13345 6 13364 23 13391 80 13503 10 13537 31 13569 24 13601 6 13621 24 13647 68 13725 5 13756 14 13795 14 13813 11 13825 24 13857 6 13877 24 13903 67 13981 6 14012 15 14052 7 14070 10 14082 23 14113 6 14134 22 14159 68 14236 8 14267 16 14328 8 14339 22 14370 5 14390 21 14415 68 14491 10 14523 16 14585 7 14595 22 14629 1 14647 20 14671 36 14713 27 14747 10 14778 18 14842 6 14852 15 14868 5 14903 19 14927 34 14972 1 14980 16 15002 11 15033 20 15099 5 15110 10 15149 2 15160 17 15185 13 15199 15 15237 16 15258 13 15287 24 15355 5 15367 8 15403 5 15417 15 15441 12 15455 16 15492 18 15513 14 15542 26 15611 5 15648 5 15656 9 15673 14 15701 4 15725 3 15747 37 15797 28 15868 4 15903 18 15930 13 15981 4 16003 38 16052 29 16123 5 16157 20 16187 12 16237 5 16259 39 16304 33 16375 9 16413 21 16443 11 16493 6 16515 41 16557 36 16631 9 16669 21 16700 9 16749 6 16771 78 16885 11 16925 21 16957 8 17006 5 17027 78 17140 12 17181 22 17215 6 17263 6 17282 79 17395 13 17437 22 17471 5 17519 8 17538 78 17651 13 17693 24 17776 11 17795 77 17907 13 17949 24 18033 12 18050 77 18163 13 18205 25 18287 96 18419 13 18462 24 18543 96 18676 12 18719 23 18799 96 18933 11 18975 23 19054 96 19190 10 19231 22 19310 96 19448 8 19488 21 19566 96 19704 8 19746 19 19822 96 19961 7 20004 17 20078 96 20218 6 20261 15 20335 95 20475 5 20519 13 20592 94 20732 4 20774 14 20850 92 20991 1 21027 17 21108 91 21279 22 21367 30 21406 49 21533 24 21623 29 21663 48 21787 26 21881 26 21920 47 21974 4 22043 26 22137 25 22177 45 22229 6 22299 26 22393 24 22433 45 22483 8 22555 25 22649 23 22689 45 22739 9 22811 25 22905 21 22944 46 22995 9 23067 26 23161 21 23200 46 23251 10 23323 26 23416 22 23456 45 23506 11 23541 1 23578 27 23671 23 23712 44 23761 14 23794 6 23832 32 23924 26 23969 42 24016 26 24048 9 24065 4 24085 36 24178 28 24225 42 24271 29 24302 12 24320 7 24339 39 24431 31 24482 41 24527 44 24576 7 24594 40 24686 33 24739 40 24782 45 24832 9 24850 41 24939 36 24995 40 25037 60 25105 42 25194 38 25253 39 25293 62 25361 42 25447 42 25510 101 25617 42 25702 44 25767 100 25873 43 25956 47 26025 9 26039 85 26129 43 26211 48 26281 7 26296 84 26385 43 26467 50 26552 84 26642 42 26723 50 26809 84 26899 42 26979 51 27067 3 27076 73 27156 42 27235 51 27333 72 27415 46 27491 51 27589 72 27671 48 27746 52 27845 72 27928 49 28001 54 28101 72 28184 49 28256 55 28357 71 28440 49 28511 57 28613 71 28695 50 28767 57 28868 71 28951 50 29023 58 29123 72 29207 50 29279 58 29377 74 29462 51 29535 58 29629 78 29717 52 29792 57 29883 80 29969 56 30051 53 30127 92 30222 59 30308 51 30382 159 30565 50 30636 162 30822 49 30891 164 31079 48 31147 96 31245 66 31336 47 31403 95 31503 65 31594 45 31658 96 31760 65 31850 45 31915 96 32019 63 32107 43 32171 96 32278 60 32363 42 32427 98 32536 59 32619 40 32685 96 32792 59 32875 40 32941 98 33048 59 33132 37 33199 1 33203 9 33217 1 33221 59 33281 16 33305 59 33389 36 33460 7 33478 58 33539 15 33561 60 33646 33 33717 6 33735 57 33796 14 33817 60 33903 32 33973 6 33992 56 34055 12 34074 60 34161 30 34231 1 34252 52 34311 12 34330 60 34405 2 34417 30 34509 51 34569 9 34586 61 34659 5 34675 28 34766 50 34826 8 34842 61 34913 7 34933 26 34963 2 35023 49 35083 6 35098 61 35168 9 35189 36 35280 48 35341 4 35354 61 35424 9 35446 36 35495 2 35536 48 35611 60 35680 9 35704 21 35728 11 35749 10 35793 47 35867 59 35936 11 35961 18 35984 12 36004 12 36049 47 36125 56 36193 12 36218 15 36239 14 36259 14 36307 45 36381 55 36449 12 36475 14 36495 15 36514 16 36565 43 36637 53 36706 12 36731 13 36750 17 36768 19 36822 42 36893 53 36961 13 36987 14 37005 38 37078 42 37150 33 37187 14 37217 14 37243 14 37261 39 37335 41 37406 33 37444 13 37473 14 37499 14 37515 41 37591 41 37663 32 37701 11 37727 17 37755 59 37845 43 37920 31 37959 8 37983 17 38011 60 38099 45 38180 28 38239 19 38268 32 38301 31 38353 47 38438 26 38495 20 38525 31 38557 32 38609 47 38695 25 38751 21 38784 28 38813 34 38864 48 38951 25 39007 22 39047 56 39119 49 39207 25 39263 23 39304 57 39375 10 39390 34 39463 24 39518 24 39560 20 39581 36 39631 10 39647 33 39721 20 39773 26 39817 18 39840 34 39886 11 39903 33 39977 11 40029 26 40073 18 40097 34 40142 11 40159 33 40235 7 40284 27 40330 17 40354 34 40399 49 40540 27 40586 16 40611 34 40655 49 40741 2 40795 28 40843 14 40867 35 40911 49 40997 4 41051 29 41099 14 41123 36 41168 48 41253 6 41306 30 41355 14 41379 36 41425 46 41509 5 41562 30 41611 14 41635 37 41682 46 41766 3 41817 32 41869 11 41892 37 41941 12 41955 29 42073 32 42125 11 42149 36 42199 10 42212 28 42288 6 42329 31 42383 6 42405 36 42456 8 42472 24 42541 12 42585 31 42661 36 42714 5 42730 22 42794 19 42821 2 42840 31 42918 35 42991 17 43048 22 43076 5 43096 31 43175 34 43247 17 43300 40 43352 29 43431 36 43505 12 43555 42 43607 30 43687 36 43762 8 43809 45 43863 30 43943 37 44064 47 44119 30 44199 37 44320 47 44375 29 44455 37 44576 48 44631 28 44711 37 44832 49 44887 27 44966 38 45087 50 45143 27 45222 37 45273 4 45343 50 45401 24 45477 36 45525 10 45599 50 45655 24 45733 34 45780 11 45855 50 45909 8 45923 10 45949 2 45989 32 46035 14 46111 50 46165 7 46180 7 46203 6 46245 12 46258 17 46291 14 46368 61 46459 8 46501 27 46547 16 46624 61 46714 10 46758 21 46803 17 46881 61 46967 14 47013 20 47059 18 47112 4 47137 61 47222 15 47269 19 47315 18 47365 9 47393 61 47477 17 47525 19 47572 18 47621 10 47650 59 47721 1 47731 19 47780 19 47829 17 47875 14 47906 59 47985 21 48011 2 48035 20 48086 15 48130 16 48163 58 48240 21 48265 6 48286 24 48343 14 48385 20 48421 56 48493 24 48521 8 48539 26 48599 13 48641 20 48678 55 48749 23 48777 8 48795 26 48855 13 48897 22 48936 53 49003 24 49034 13 49049 26 49111 12 49152 23 49193 52 49259 24 49290 41 49367 12 49408 23 49451 50 49515 25 49547 36 49623 12 49664 23 49707 50 49770 26 49803 36 49879 11 49920 23 49965 47 50025 27 50057 38 50134 11 50176 22 50221 7 50233 35 50281 28 50311 40 50390 9 50432 24 50490 33 50537 70 50621 6 50644 11 50688 25 50747 32 50793 71 50877 8 50899 12 50944 27 51004 12 51019 14 51050 71 51131 12 51155 12 51200 28 51261 10 51276 12 51307 70 51387 12 51410 13 51456 29 51520 3 51533 10 51567 68 51643 37 51712 29 51789 9 51823 69 51899 36 51968 30 52045 9 52081 70 52154 37 52224 30 52302 8 52338 109 52480 31 52560 4 52594 109 52736 33 52850 108 52992 34 53107 107 53248 35 53363 106 53504 37 53620 43 53667 58 53759 38 53877 42 53923 58 54015 39 54134 40 54179 58 54268 43 54391 39 54435 58 54523 45 54647 39 54691 58 54779 46 54903 38 54948 57 55023 2 55035 47 55159 38 55204 4 55214 48 55270 14 55291 48 55415 38 55462 1 55470 48 55524 17 55546 49 55672 36 55726 49 55776 23 55801 52 55928 36 55982 131 56185 34 56239 130 56441 34 56495 131 56699 18 56720 11 56751 131 56955 17 56977 10 57007 131 57213 14 57234 8 57264 130 57470 13 57491 8 57515 135 57728 11 57747 8 57769 137 57985 10 58004 6 58025 137 58243 7 58281 137 58499 7 58537 136 58758 1 58792 12 58808 121 59048 12 59065 120 59304 12 59324 117 59559 13 59580 117 59813 15 59837 116 60069 16 60093 67 60161 48 60323 18 60349 67 60417 49 60578 19 60606 66 60675 48 60833 21 60862 22 60888 40 60931 48 61089 22 61119 20 61145 39 61188 47 61237 1 61344 23 61377 16 61402 38 61444 51 61599 24 61634 14 61659 37 61700 52 61771 1 61854 26 61916 36 61956 53 62026 3 62109 28 62172 36 62212 53 62278 7 62365 28 62399 6 62428 36 62468 53 62533 8 62620 30 62654 7 62683 37 62725 40 62769 8 62789 10 62875 32 62909 10 62940 36 62981 39 63026 7 63044 14 63131 32 63165 10 63196 36 63237 34 63283 5 63299 18 63387 32 63421 11 63453 33 63494 33 63555 18 63643 31 63677 10 63709 34 63751 30 63811 20 63898 31 63934 9 63967 33 64009 27 64066 22 64154 31 64191 7 64224 32 64273 14 64322 25 64409 32 64483 29 64531 10 64578 26 64665 32 64739 29 64791 2 64834 27 64921 31 64996 28 65090 27 65177 30 65253 27 65347 26 65433 29 65517 19
516869,0 65536
521139,0 65536
524214,0 65536
529350,0 1 78 1 1848 1 2103 3 2360 1 2616 1 3139 1 3394 3 3650 3 3905 4 4161 3 4417 4 4673 4 4923 1 4929 4 5179 1 5186 2 5435 1 6035 4 6291 4 6547 3 6804 1 13123 4 16731 2 16987 2 17245 8 17501 7 17757 7 18013 6 19810 3 20065 4 20323 2 20579 2 22461 4 22717 4 22974 2 24907 1 25163 1 25419 1 25423 5 25679 5 25936 1 48222 1 48478 1
534313,0 55 171 16 256 56 427 16 512 56 684 15 768 56 910 5 940 15 1024 56 1164 8 1196 15 1280 57 1419 10 1453 13 1502 3 1509 6 1536 57 1675 10 1709 12 1757 4 1765 6 1792 56 1931 11 1966 10 2012 16 2048 56 2186 12 2223 8 2267 18 2304 55 2443 12 2481 5 2524 17 2560 55 2699 12 2739 2 2780 18 2816 54 2955 13 3039 15 3072 54 3211 13 3299 12 3329 53 3468 13 3555 12 3586 52 3725 12 3813 10 3843 50 3981 19 4037 3 4071 8 4100 49 4237 21 4293 6 4328 7 4356 47 4493 22 4548 10 4586 3 4608 1 4611 47 4749 22 4804 11 4820 1 4864 48 5005 22 5059 26 5120 47 5261 22 5314 28 5376 47 5517 22 5570 31 5632 47 5773 22 5826 31 5888 46 6030 21 6083 30 6144 33 6180 10 6243 1 6287 19 6339 31 6400 32 6436 10 6497 11 6549 12 6595 24 6656 31 6692 10 6751 14 6805 12 6835 4 6851 22 6912 31 6948 10 7005 18 7062 10 7089 8 7108 21 7168 31 7203 12 7254 26 7318 10 7345 10 7364 21 7424 30 7459 14 7482 5 7509 28 7545 1 7574 9 7600 11 7621 20 7680 31 7715 14 7737 6 7765 28 7801 4 7830 9 7856 11 7877 20 7936 31 7971 14 7993 6 8020 31 8057 4 8086 8 8112 11 8132 23 8193 30 8226 7 8237 4 8249 6 8276 31 8313 6 8342 7 8368 11 8388 23 8449 31 8483 4 8505 7 8532 31 8599 5 8625 8 8645 22 8706 14 8729 8 8759 10 8788 31 8882 7 8901 22 8964 11 8986 7 9012 15 9044 31 9140 3 9158 21 9221 11 9243 4 9268 17 9301 30 9415 20 9479 10 9523 19 9557 30 9679 6 9735 11 9779 19 9813 30 9936 4 9991 12 10038 17 10069 30 10247 12 10297 15 10325 30 10503 12 10531 5 10554 15 10581 29 10759 12 10787 6 10810 16 10837 29 11015 11 11042 7 11067 16 11093 28 11271 11 11298 7 11323 20 11349 27 11528 9 11554 6 11579 52 11785 8 11810 5 11835 50 12043 4 12089 52 12345 31 12377 19 12600 52 12855 52 13111 52 13366 54 13621 41 13663 14 13877 40 13919 14 14135 38 14175 14 14391 38 14431 14 14649 34 14687 14 14906 33 14943 14 15163 30 15200 12 15420 28 15456 11 15677 11 15692 11 15713 7 15909 6 15934 9 15949 9 15971 4 16163 10 16177 3 16207 6 16417 13 16431 5 16464 4 16673 20 16928 21 17183 22 17439 22 17661 3 17696 20 17914 6 17953 19 18169 7 18209 18 18425 7 18433 3 18466 16 18681 11 18723 14 18936 11 18963 1 18978 15 19192 9 19215 11 19233 15 19448 9 19471 14 19487 18 19705 7 19719 45 19961 7 19974 47 20217 7 20230 48 20471 9 20486 49 20725 11 20741 50 20979 13 20997 50 21228 5 21235 13 21253 32 21287 16 21482 22 21508 33 21543 16 21738 22 21763 33 21802 14 21994 21 22018 33 22059 13 22251 20 22273 34 22319 7 22510 18 22529 34 22767 17 22785 34 23023 17 23043 8 23053 22 23279 17 23301 4 23310 21 23536 16 23567 20 23608 4 23792 16 23823 20 23863 7 24049 15 24080 18 24116 11 24305 15 24338 16 24371 10 24569 7 24595 15 24627 10 24825 7 24853 13 24883 9 25031 2 25082 6 25109 13 25139 9 25284 7 25338 6 25365 13 25397 6 25477 3 25537 11 25594 6 25621 12 25653 6 25733 3 25793 12 25850 6 25877 11 25911 3 25989 2 26049 12 26107 5 26134 9 26167 3 26245 2 26304 13 26364 4 26391 6 26561 12 26623 1 26817 12 27073 12 27331 8 28404 1 28589 2 28660 1 28843 6 28916 1 29097 8 29353 8 29608 8 29865 6 30488 6 30743 8 30998 11 31254 11 31509 14 31765 14 32021 22 32277 23 32533 24 32789 24 33045 25 33301 25 33557 26 33813 26 34067 28 34322 29 34577 30 34832 31 35087 32 35343 32 35597 34 35852 35 36108 35 36239 8 36364 35 36495 10 36621 33 36751 10 36779 6 36852 3 36877 32 37007 11 37034 7 37107 8 37134 31 37263 12 37289 9 37362 11 37391 29 37519 13 37544 10 37617 12 37648 27 37775 16 37799 11 37871 15 37905 25 38032 16 38054 13 38126 16 38163 22 38289 17 38310 13 38382 17 38420 20 38529 10 38545 18 38565 14 38638 18 38683 12 38781 17 38801 19 38821 15 38893 19 38942 7 39035 41 39077 15 39149 19 39289 44 39335 14 39403 14 39420 4 39545 45 39591 13 39659 12 39678 2 39801 46 39849 11 39913 13 40056 47 40106 9 40169 13 40311 48 40363 8 40425 12 40567 47 40620 7 40681 12 40823 47 40878 5 40937 12 41078 47 41194 11 41334 46 41451 10 41589 47 41707 10 41757 4 41844 48 41965 9 42013 5 42099 48 42221 9 42269 5 42355 49 42475 12 42525 5 42610 50 42730 13 42782 4 42861 2 42865 51 42985 14 43039 2 43117 55 43241 14 43373 55 43497 14 43630 25 43657 27 43753 14 43887 22 43914 26 44009 23 44129 4 44143 21 44170 25 44265 23 44363 3 44369 22 44398 21 44427 24 44521 23 44617 31 44653 22 44683 24 44777 23 44872 33 44909 23 44941 22 45034 22 45128 60 45197 22 45229 4 45291 21 45384 61 45454 8 45464 11 45483 7 45532 1 45549 19 45639 61 45711 7 45721 9 45739 8 45806 4 45813 11 45895 60 45968 5 45979 5 45994 11 46069 11 46143 15 46159 52 46225 2 46235 4 46248 14 46326 10 46397 17 46415 52 46503 17 46582 10 46653 70 46759 18 46839 9 46893 2 46908 18 46927 53 47014 20 47095 9 47149 3 47163 18 47183 55 47270 21 47351 9 47403 30 47440 57 47527 21 47606 10 47659 27 47697 57 47783 22 47861 11 47916 25 47953 57 48040 22 48117 11 48173 24 48210 56 48297 22 48373 11 48428 25 48466 56 48554 21 48629 11 48684 25 48721 56 48810 21 48860 1 48885 11 48939 26 48977 56 49066 21 49113 5 49143 9 49192 29 49231 58 49321 21 49369 5 49399 9 49445 32 49486 59 49576 21 49611 2 49625 5 49657 7 49701 32 49741 60 49831 22 49866 4 49882 3 49913 7 49957 32 49995 62 50086 24 50121 8 50170 6 50212 25 50239 6 50251 62 50341 25 50377 9 50427 5 50467 26 50495 7 50505 63 50595 27 50631 12 50683 5 50720 30 50751 8 50761 63 50850 29 50886 14 50939 5 50971 108 51105 30 51139 18 51165 4 51193 7 51227 106 51361 52 51421 4 51448 8 51483 98 51617 52 51676 5 51703 9 51737 100 51873 53 51931 6 51959 9 51991 101 52117 3 52129 54 52187 6 52215 9 52246 101 52372 5 52385 54 52443 5 52471 9 52483 1 52501 92 52595 7 52628 5 52641 54 52699 6 52727 9 52737 5 52757 90 52884 5 52897 56 52955 7 52983 16 53012 89 53142 3 53154 55 53212 8 53239 16 53268 88 53411 54 53467 13 53496 16 53523 86 53668 53 53723 15 53752 15 53779 85 53924 53 53979 16 54007 9 54035 82 54181 51 54235 19 54263 9 54291 80 54437 50 54492 19 54518 10 54547 81 54693 51 54747 22 54772 12 54805 80 54949 77 55027 13 55062 79 55205 91 55317 81 55461 91 55567 88 55718 90 55823 88 55974 89 56065 102 56231 85 56321 103 56487 85 56577 103 56742 33 56784 43 56833 102 56997 33 57041 43 57089 102 57252 33 57307 33 57345 102 57508 33 57563 33 57603 100 57764 33 57819 33 57859 100 58020 33 58075 33 58115 101 58277 34 58331 17 58351 12 58372 100 58533 34 58587 15 58609 10 58627 70 58700 29 58789 35 58842 16 58868 5 58883 70 58957 28 59045 36 59097 17 59138 71 59214 28 59302 35 59343 6 59353 16 59393 72 59471 27 59558 35 59598 7 59609 16 59648 73 59727 27 59815 30 59853 9 59866 13 59904 73 59983 27 60071 30 60109 10 60123 10 60160 73 60239 27 60327 30 60365 8 60379 9 60395 2 60416 73 60495 26 60583 30 60622 7 60636 7 60651 3 60672 75 60751 4 60756 21 60839 29 60879 5 60897 1 60908 1 60928 75 61008 3 61014 20 61095 29 61135 4 61184 75 61273 17 61350 19 61370 9 61440 75 61529 18 61606 19 61627 8 61696 75 61784 19 61862 19 61885 6 61952 75 62040 19 62118 19 62141 6 62208 75 62295 19 62328 4 62374 19 62397 6 62464 75 62551 19 62583 6 62630 19 62653 6 62720 75 62807 18 62838 8 62886 19 62908 7 62976 75 63063 18 63093 10 63142 19 63164 7 63232 74 63319 17 63349 10 63398 19 63419 7 63488 74 63575 17 63605 11 63654 19 63677 4 63744 73 63832 15 63859 14 63911 16 64000 73 64088 15 64115 14 64131 4 64167 15 64256 71 64344 3 64348 6 64371 20 64421 17 64512 70 64601 2 64604 5 64626 22 64677 16 64768 69 64861 3 64881 24 64932 17 65024 67 65117 3 65137 24 65187 18 65280 66 65355 5 65374 1 65392 25 65443 17
534649, 
535798,0 22 67 7 81 11 137 15 173 10 185 2 249 6 256 19 323 8 339 8 394 12 429 18 505 6 512 18 579 8 595 8 651 10 686 19 760 7 768 17 835 10 851 7 907 8 941 20 1014 26 1091 12 1107 7 1163 8 1197 21 1269 24 1346 21 1452 23 1523 25 1601 22 1708 23 1737 4 1779 24 1857 21 1963 25 1991 10 2034 25 2113 21 2219 40 2289 26 2369 20 2475 42 2545 26 2625 20 2731 42 2801 27 2881 20 2987 43 3052 1 3057 27 3137 19 3243 43 3305 6 3313 28 3393 15 3487 1 3500 43 3559 37 3649 14 3741 5 3756 43 3815 36 3905 14 3995 9 4013 42 4070 37 4161 14 4250 11 4269 41 4326 26 4355 8 4417 13 4506 59 4582 26 4613 7 4673 12 4761 58 4838 26 4873 3 4928 13 5017 54 5094 26 5130 2 5184 13 5272 55 5350 26 5387 3 5441 8 5509 8 5527 56 5606 26 5697 8 5764 10 5775 63 5863 25 5954 5 6019 74 6121 23 6211 2 6238 1 6274 75 6377 23 6467 2 6486 1 6495 6 6529 67 6634 22 6723 2 6739 6 6751 6 6785 66 6890 21 6979 2 6993 8 7008 7 7019 2 7041 66 7147 10 7235 2 7247 10 7264 7 7275 2 7297 66 7403 7 7437 9 7491 6 7503 10 7522 6 7530 3 7555 64 7693 10 7747 6 7759 10 7779 10 7811 64 7949 13 8005 3 8015 10 8035 9 8074 57 8138 4 8204 15 8261 3 8271 10 8291 8 8332 55 8393 6 8460 17 8517 5 8528 10 8551 3 8589 55 8646 9 8716 18 8765 2 8774 5 8784 11 8846 65 8972 19 9019 4 9030 6 9041 10 9103 64 9188 3 9228 19 9275 5 9286 7 9297 10 9359 64 9444 4 9485 18 9531 7 9541 8 9554 8 9614 64 9699 6 9741 18 9787 8 9797 8 9811 6 9870 63 9955 6 9996 17 10043 18 10126 62 10203 15 10252 16 10300 17 10382 61 10458 17 10507 16 10558 12 10637 60 10713 17 10762 16 10815 10 10893 59 10969 17 11017 16 11073 6 11113 4 11149 58 11225 16 11272 17 11329 6 11369 4 11405 57 11482 13 11527 20 11584 7 11625 5 11660 55 11739 11 11783 20 11840 7 11881 5 11917 53 11995 10 12037 22 12097 3 12137 3 12175 5 12181 42 12251 11 12293 24 12393 2 12432 3 12439 39 12507 11 12549 26 12696 31 12764 10 12805 11 12819 14 12952 30 13020 10 13063 7 13078 12 13209 28 13277 9 13334 13 13465 28 13533 9 13590 14 13657 1 13721 28 13791 6 13846 15 13912 2 13977 28 14102 15 14169 1 14233 28 14358 15 14425 1 14489 28 14615 15 14745 28 14871 15 15001 28 15129 14 15257 26 15387 12 15513 26 15647 8 15769 21 15905 5 16026 19 16283 18 16539 18 16795 18 17051 18 17241 3 17308 17 17497 3 17565 15 17753 2 17825 6 18009 2 18442 2 18644 5 18697 5 18899 8 18952 6 19155 9 19208 6 19411 12 19466 3 19666 15 19921 18 20052 4 20065 1 20176 19 20307 4 20321 3 20342 1 20425 26 20563 3 20577 3 20595 6 20681 26 20819 2 20851 7 20935 28 21107 7 21191 28 21268 3 21362 8 21446 29 21523 6 21618 8 21702 29 21736 3 21777 9 21873 8 21958 28 21989 7 22024 5 22031 12 22129 6 22214 28 22245 7 22276 23 22385 3 22471 26 22501 8 22531 25 22641 2 22727 26 22757 9 22786 28 22896 3 22983 27 23013 10 23041 30 23151 5 23239 27 23269 12 23296 32 23395 4 23403 10 23496 44 23552 33 23651 4 23660 8 23752 45 23808 34 23916 8 24009 46 24064 35 24172 7 24265 46 24320 35 24429 5 24521 46 24576 34 24685 4 24777 46 24832 34 24941 3 24982 6 25034 45 25088 34 25197 3 25237 8 25289 46 25344 34 25453 2 25473 7 25491 11 25545 46 25600 34 25710 1 25729 8 25747 11 25801 46 25856 35 25985 9 26003 12 26018 6 26051 52 26112 35 26240 11 26259 22 26305 54 26368 36 26496 10 26516 22 26561 54 26624 37 26752 10 26773 22 26817 56 26875 42 27007 10 27029 22 27073 100 27261 12 27285 22 27329 101 27515 14 27539 8 27549 15 27585 5 27594 92 27771 13 27795 9 27805 15 27843 2 27851 91 28029 10 28049 26 28109 90 28241 1 28286 9 28304 14 28319 12 28365 90 28495 6 28543 6 28559 14 28575 12 28623 89 28737 4 28751 7 28799 5 28813 16 28832 10 28880 90 28992 8 29006 10 29055 4 29068 16 29088 9 29137 90 29247 26 29311 6 29323 18 29345 7 29395 90 29503 28 29558 5 29567 30 29603 4 29653 88 29758 29 29813 40 29859 3 29909 34 29944 55 30007 38 30047 4 30052 7 30067 43 30167 32 30203 52 30262 40 30303 14 30322 45 30424 31 30459 164 30680 31 30716 163 30935 32 30973 162 31191 32 31229 162 31447 32 31485 94 31580 67 31703 32 31741 94 31837 66 31958 33 31998 143 32146 13 32215 32 32255 142 32402 13 32471 31 32511 142 32658 13 32727 32 32766 144 32913 15 32984 31 33019 5 33027 158 33241 39 33284 158 33500 36 33542 157 33711 3 33740 1 33759 33 33799 157 33966 5 33996 2 34016 32 34054 159 34221 10 34275 29 34309 24 34335 135 34477 12 34534 26 34565 24 34593 133 34733 13 34793 23 34821 24 34850 133 34987 15 35049 20 35077 24 35107 132 35242 16 35306 17 35333 24 35363 151 35563 12 35577 2 35590 23 35619 152 35779 6 35821 8 35834 1 35846 22 35875 152 36035 6 36079 2 36095 1 36103 18 36131 152 36291 8 36359 16 36387 152 36546 9 36616 11 36643 90 36735 62 36802 11 36873 10 36899 89 36991 63 37058 12 37135 2 37154 90 37247 31 37285 26 37314 13 37332 5 37410 90 37503 64 37571 14 37586 7 37665 91 37759 64 37827 22 37921 91 38015 64 38083 22 38162 172 38341 20 38385 2 38417 173 38598 19 38640 3 38671 174 38856 15 38896 3 38927 174 39113 11 39151 4 39182 99 39288 68 39373 5 39399 4 39407 4 39438 99 39547 64 39630 3 39655 2 39663 4 39694 98 39804 63 39875 2 39921 2 39950 98 40060 62 40129 5 40205 100 40316 61 40383 8 40461 100 40571 62 40637 10 40716 102 40827 62 40892 11 40971 103 41083 62 41147 12 41223 106 41339 41 41383 32 41478 105 41595 40 41639 32 41733 49 41783 47 41851 39 41896 31 41953 2 41989 49 42042 43 42107 38 42152 31 42209 2 42245 48 42299 8 42313 26 42363 38 42409 29 42465 2 42501 48 42559 3 42571 23 42619 37 42668 25 42721 2 42757 48 42828 21 42875 32 42925 22 42975 4 43013 48 43084 20 43131 30 43176 25 43231 4 43247 2 43269 50 43339 21 43386 30 43431 25 43484 7 43502 5 43525 50 43595 21 43641 31 43686 25 43739 7 43759 3 43780 44 43825 7 43850 23 43889 39 43941 26 43994 7 44036 44 44081 8 44106 23 44145 39 44197 25 44249 8 44292 63 44361 27 44401 38 44453 26 44506 5 44548 65 44616 29 44656 39 44709 26 44762 4 44804 97 44912 38 44965 29 45060 97 45168 37 45222 28 45316 97 45424 29 45479 28 45572 96 45681 27 45735 28 45828 90 45937 26 45992 26 46084 37 46124 49 46194 25 46248 26 46341 88 46452 23 46505 25 46597 35 46633 50 46709 22 46761 25 46855 84 46965 21 47018 23 47111 88 47222 19 47274 21 47368 91 47479 18 47531 17 47585 4 47625 94 47735 17 47787 17 47841 4 47882 95 47991 16 48042 17 48100 1 48139 95 48248 14 48298 17 48397 24 48423 68 48504 13 48553 18 48610 3 48654 23 48679 70 48760 13 48809 18 48864 5 48912 96 49017 11 49064 19 49116 9 49169 96 49273 10 49320 18 49372 9 49425 97 49531 5 49577 17 49625 13 49681 97 49787 4 49833 16 49883 11 49937 97 50094 10 50139 12 50163 4 50193 98 50352 7 50395 12 50417 6 50450 97 50610 4 50653 9 50672 7 50707 96 50868 1 50909 9 50927 8 50965 94 51166 7 51181 10 51220 95 51423 6 51437 10 51475 97 51679 5 51692 11 51731 98 51936 4 51948 11 51973 5 51986 100 52194 1 52207 6 52229 6 52241 50 52293 49 52465 2 52484 7 52497 47 52549 50 52740 7 52752 47 52806 50 52995 7 53007 43 53061 52 53251 6 53263 43 53316 53 53507 2 53519 44 53571 55 53775 44 53826 56 53910 3 54031 31 54065 10 54080 59 54165 6 54177 1 54280 1 54286 31 54321 10 54335 60 54419 9 54433 3 54536 37 54577 74 54675 10 54687 7 54793 35 54834 73 54931 20 55049 34 55090 73 55187 20 55305 34 55346 72 55443 20 55538 4 55560 35 55602 71 55689 2 55699 21 55792 9 55816 34 55858 71 55945 2 55955 20 56047 10 56072 34 56113 72 56201 4 56212 19 56298 16 56318 2 56328 33 56369 71 56456 5 56468 18 56553 23 56584 33 56625 70 56712 5 56723 18 56809 23 56840 33 56881 70 56968 5 56979 16 57065 23 57097 32 57137 69 57224 4 57234 16 57257 1 57322 22 57353 32 57393 69 57481 2 57489 18 57511 5 57579 21 57610 31 57649 68 57744 29 57836 20 57867 31 57905 68 58000 30 58093 19 58125 29 58161 70 58255 32 58350 8 58382 28 58417 72 58511 32 58607 6 58641 24 58674 74 58767 32 58897 24 58931 74 59023 32 59143 2 59156 21 59189 73 59279 32 59400 1 59413 19 59447 72 59535 33 59673 14 59706 6 59719 58 59790 35 59931 12 59964 3 59976 57 60046 35 60189 8 60233 56 60300 38 60445 6 60490 56 60555 40 60668 3 60704 1 60749 53 60811 40 60923 4 61007 51 61067 41 61177 6 61264 51 61323 42 61427 11 61521 50 61578 44 61683 10 61777 50 61834 45 61938 10 62034 49 62090 45 62193 10 62291 49 62343 49 62449 8 62548 48 62597 52 62705 7 62805 100 62959 9 63062 99 63182 2 63215 8 63319 98 63437 4 63470 8 63576 97 63693 4 63725 10 63839 88 63947 6 63981 10 64097 84 64203 7 64236 11 64259 9 64345 1 64357 78 64460 7 64493 10 64513 12 64600 3 64614 69 64685 3 64717 6 64749 10 64768 15 64856 3 64870 65 64973 6 65005 11 65024 15 65111 5 65126 64 65230 5 65261 12 65280 15 65367 5 65381 22 65407 34 65462 5 65487 3 65520 9
544420,9 34 127 130 266 21 291 8 381 132 522 21 547 1 551 4 627 2 637 131 778 19 808 2 893 131 1033 20 1149 131 1285 1 1289 20 1328 1 1405 131 1541 3 1545 21 1583 3 1661 84 1747 45 1796 35 1835 10 1917 82 2003 45 2052 35 2090 11 2133 2 2163 2 2173 82 2259 99 2387 4 2395 1 2401 1 2423 194 2643 3 2651 1 2656 3 2667 1 2679 128 2811 63 2899 4 2906 2 2912 3 2935 128 3068 63 3155 6 3162 2 3168 3 3191 128 3324 59 3386 2 3397 1 3411 7 3424 5 3448 113 3564 12 3580 58 3643 1 3666 7 3681 3 3704 114 3821 11 3837 54 3921 6 3961 114 4079 9 4094 52 4177 6 4217 114 4335 9 4351 51 4422 1 4436 3 4472 115 4591 7 4608 49 4675 4 4693 2 4710 1 4727 117 4848 5 4864 49 4930 4 4966 1 4983 117 5106 1 5120 49 5185 5 5222 1 5239 118 5376 48 5441 4 5495 118 5632 47 5697 4 5751 118 5888 47 5974 1 5979 1 5995 2 6007 118 6144 47 6229 8 6243 2 6249 4 6263 118 6400 46 6464 2 6492 5 6507 2 6519 118 6656 46 6720 2 6748 7 6775 112 6888 4 6912 46 6968 1 6976 3 7004 7 7032 106 7144 3 7168 47 7231 4 7260 8 7288 106 7395 8 7424 47 7487 4 7516 9 7545 5 7551 92 7646 3 7651 8 7664 3 7680 47 7743 3 7772 8 7801 4 7807 93 7901 5 7907 8 7921 2 7936 47 8028 7 8057 2 8063 105 8192 45 8284 6 8313 1 8319 103 8448 45 8541 4 8569 1 8573 106 8704 45 8797 3 8825 1 8829 106 8960 45 9054 1 9081 7 9091 73 9165 26 9216 44 9337 7 9347 73 9421 26 9472 41 9593 8 9603 73 9677 26 9728 41 9849 8 9858 74 9933 26 9984 40 10105 83 10190 24 10240 40 10361 83 10452 18 10496 17 10524 11 10617 84 10708 11 10720 7 10752 8 10761 6 10781 3 10785 6 10872 88 10964 11 10977 7 11008 7 11037 2 11041 5 11115 1 11127 77 11205 12 11220 1 11224 7 11237 4 11264 6 11293 2 11298 3 11371 2 11383 77 11461 12 11479 11 11491 6 11549 3 11627 4 11637 95 11733 21 11805 2 11883 4 11893 119 12139 2 12150 119 12312 1 12407 7 12416 79 12499 26 12568 1 12651 2 12657 1 12660 10 12671 109 12823 2 12907 3 12911 104 13016 19 13041 2 13078 3 13161 18 13181 88 13274 17 13296 4 13303 1 13308 3 13334 3 13415 7 13423 12 13437 88 13529 18 13551 6 13564 3 13590 3 13670 7 13679 12 13695 85 13784 18 13807 6 13819 4 13925 8 13935 12 13951 85 14039 14 14055 1 14062 7 14075 4 14181 9 14191 117 14311 3 14318 7 14437 9 14447 117 14567 4 14573 8 14693 134 14830 7 14950 133 15086 7 15211 14 15233 2 15240 3 15245 94 15343 8 15454 1 15467 14 15496 3 15503 92 15597 10 15710 4 15723 11 15753 1 15762 15 15779 22 15803 2 15809 62 15965 5 15979 10 16018 4 16024 7 16036 21 16059 2 16065 62 16219 8 16235 8 16293 24 16322 61 16474 9 16489 10 16545 2 16551 23 16579 60 16724 15 16743 10 16757 3 16807 13 16821 9 16836 60 16979 17 16999 9 17013 4 17062 13 17078 7 17093 59 17235 29 17268 7 17301 3 17317 14 17334 7 17351 57 17491 29 17523 7 17557 3 17573 14 17590 9 17607 57 17747 20 17771 14 17809 2 17829 15 17845 14 17863 16 17880 4 17892 28 18002 4 18007 16 18027 13 18064 3 18084 8 18093 22 18118 17 18137 2 18148 24 18175 1 18257 5 18264 11 18276 23 18320 7 18339 12 18355 17 18374 16 18393 2 18402 30 18513 5 18521 9 18533 12 18546 9 18575 9 18595 2 18599 7 18611 17 18629 13 18648 3 18656 32 18768 19 18788 12 18807 4 18829 10 18851 2 18856 5 18867 32 18905 4 18912 32 19023 32 19065 1 19085 10 19108 1 19112 5 19121 34 19161 6 19169 31 19279 31 19341 9 19364 1 19369 2 19376 36 19417 6 19430 26 19535 32 19597 8 19625 2 19632 35 19673 39 19792 31 19853 7 19881 2 19889 8 19901 21 19926 42 20048 32 20097 1 20109 6 20137 2 20145 2 20149 4 20158 19 20181 43 20293 6 20303 33 20353 1 20366 5 20393 1 20401 2 20406 2 20414 19 20436 44 20548 7 20559 33 20608 2 20623 4 20649 1 20657 2 20670 19 20691 45 20803 8 20814 33 20863 3 20879 2 20913 2 20926 18 20947 45 21059 8 21069 34 21119 4 21148 3 21169 2 21173 5 21181 18 21203 45 21315 7 21324 35 21374 5 21389 2 21403 5 21424 4 21429 7 21437 18 21459 45 21571 46 21629 6 21659 4 21681 3 21685 26 21715 45 21827 49 21882 7 21937 3 21941 25 21971 45 22085 48 22137 7 22193 2 22197 24 22227 45 22342 46 22393 8 22453 25 22483 45 22598 46 22649 8 22709 26 22739 45 22792 1 22853 48 22904 9 22951 1 22965 6 22973 18 22995 45 23048 2 23103 4 23108 50 23159 10 23221 6 23229 18 23250 46 23305 3 23358 66 23476 2 23485 16 23505 47 23561 3 23614 66 23732 2 23741 17 23761 47 23869 65 23969 5 23978 3 23987 2 23997 67 24087 3 24125 64 24201 4 24225 12 24243 2 24253 67 24343 7 24380 65 24460 1 24481 12 24499 6 24507 69 24599 7 24636 65 24707 1 24743 5 24749 12 24762 70 24856 5 24892 65 24963 2 24998 6 25005 83 25112 5 25132 3 25147 66 25219 2 25247 48 25296 48 25368 4 25381 3 25385 7 25393 4 25399 68 25503 47 25552 48 25625 3 25637 88 25747 2 25759 47 25808 48 25893 89 25984 5 26003 2 26014 48 26064 48 26149 89 26239 6 26259 2 26270 43 26315 4 26320 48 26405 99 26525 99 26661 92 26754 6 26781 20 26802 78 26882 2 26893 6 26915 8 26927 82 27010 7 27036 21 27059 77 27137 3 27149 6 27171 8 27183 68 27252 22 27293 20 27314 83 27405 7 27427 8 27440 67 27509 23 27549 104 27661 8 27683 9 27696 93 27799 4 27805 100 27909 20 27938 10 27952 93 28055 106 28165 21 28194 11 28208 93 28311 105 28421 20 28450 11 28465 94 28567 105 28677 20 28707 12 28722 75 28799 17 28823 105 28932 20 28956 2 28963 13 28979 73 29056 16 29078 2 29082 102 29186 22 29213 2 29218 14 29233 76 29313 15 29334 2 29339 101 29441 23 29469 11 29481 86 29570 12 29584 8 29596 100 29697 24 29722 101 29826 12 29840 8 29851 229 30082 12 30096 219 30316 20 30338 11 30351 6 30359 139 30499 105 30605 7 30615 138 30756 103 30861 7 30873 2 30877 132 31012 101 31117 7 31133 132 31267 104 31372 7 31388 127 31517 2 31521 114 31642 128 31773 2 31777 114 31895 1 31898 128 32027 126 32154 126 32283 63 32349 60 32410 125 32540 61 32606 59 32666 126 32796 60 32861 25 32887 161 33053 59 33117 18 33145 160 33308 61 33375 15 33401 156 33559 69 33631 15 33657 156 33815 69 33888 13 33913 210 34124 16 34144 14 34169 210 34383 13 34401 2 34404 11 34426 209 34641 7 34651 1 34655 4 34661 8 34678 1 34682 209 34898 6 34907 2 34911 4 34917 8 34934 1 34938 209 35155 5 35164 7 35173 3 35189 2 35194 209 35411 5 35421 6 35429 3 35435 1 35446 1 35450 213 35667 7 35677 5 35685 2 35691 2 35703 216 35923 7 35934 3 35941 2 35947 2 35959 213 36179 2 36195 5 36216 211 36435 1 36451 5 36472 209 36691 2 36707 7 36731 206 36947 2 36963 8 36980 1 36987 206 37203 8 37219 8 37235 2 37244 205 37459 8 37475 8 37491 2 37499 208 37715 8 37729 8 37748 1 37754 209 37971 8 37985 8 38009 210 38231 3 38241 6 38266 209 38499 2 38522 209 38777 210 39032 209 39288 12 39301 196 39544 209 39771 1 39799 210 40027 1 40054 205 40264 1 40311 128 40442 73 40520 1 40567 128 40699 71 40825 126 40956 70 41082 125 41212 70 41304 2 41338 125 41468 3 41472 65 41594 125 41724 3 41728 64 41849 125 41980 3 41984 64 42105 124 42237 2 42240 65 42361 122 42493 2 42496 65 42616 123 42749 2 42752 65 42822 2 42871 124 43008 65 43078 3 43127 124 43264 64 43335 3 43365 4 43379 126 43520 75 43621 4 43635 126 43776 75 43875 8 43893 126 44032 75 44130 10 44149 79 44230 45 44288 75 44385 12 44405 128 44538 1 44544 76 44641 12 44661 122 44784 6 44794 1 44800 76 44880 2 44885 2 44891 21 44917 103 45023 14 45041 5 45050 5 45056 75 45135 26 45162 7 45173 14 45189 64 45256 20 45280 13 45297 4 45306 81 45389 28 45419 24 45446 63 45513 20 45537 10 45553 3 45562 81 45644 29 45675 24 45701 63 45769 19 45793 10 45809 3 45819 199 46025 11 46039 4 46048 11 46075 114 46192 81 46281 11 46296 3 46304 4 46309 6 46332 113 46447 23 46471 58 46536 19 46559 4 46567 1 46575 2 46580 1 46588 109 46699 3 46703 23 46727 58 46790 19 46814 5 46831 3 46835 3 46844 109 46954 27 46983 53 47037 4 47045 20 47069 4 47087 8 47100 3 47104 65 47170 68 47239 53 47293 3 47301 20 47323 6 47345 6 47357 2 47360 65 47428 58 47487 61 47558 27 47602 5 47616 189 47814 27 47858 5 47872 192 48069 6 48077 13 48091 6 48114 1 48128 107 48237 25 48267 19 48287 34 48325 5 48333 12 48347 8 48370 1 48384 107 48493 25 48523 54 48581 4 48593 9 48605 5 48636 111 48751 23 48779 49 48830 3 48837 4 48849 10 48862 4 48891 115 49007 23 49033 28 49065 19 49089 8 49106 9 49118 3 49147 138 49288 29 49321 20 49345 8 49363 8 49374 3 49403 137 49543 31 49576 9 49586 12 49601 9 49625 3 49629 4 49655 2 49659 138 49799 12 49813 12 49827 2 49833 8 49842 12 49857 9 49880 9 49911 2 49915 118 50036 7 50047 7 50055 11 50069 11 50089 1 50093 24 50135 12 50171 91 50263 26 50293 6 50303 19 50325 11 50351 20 50390 13 50426 92 50519 28 50549 4 50559 19 50581 11 50600 6 50607 18 50646 13 50681 122 50805 3 50815 12 50829 5 50837 11 50855 26 50902 13 50937 124 51070 11 51087 3 51093 10 51111 7 51121 2 51125 11 51158 13 51193 6 51200 118 51325 13 51345 1 51349 10 51368 5 51381 12 51414 13 51450 5 51456 119 51581 6 51589 8 51606 2 51611 2 51637 12 51670 13 51708 3 51712 119 51837 6 51845 8 51862 1 51893 12 51925 14 51968 2 51973 115 52093 6 52101 8 52135 4 52150 13 52181 12 52224 1 52229 115 52349 6 52357 8 52369 1 52390 5 52406 14 52437 12 52480 1 52485 114 52605 6 52613 8 52647 4 52663 13 52694 19 52736 2 52742 113 52861 6 52869 8 52903 4 52921 10 52950 19 52992 2 52999 111 53117 16 53160 5 53180 4 53207 2 53211 15 53248 2 53255 111 53373 16 53415 6 53467 14 53504 2 53511 111 53627 14 53643 2 53670 8 53681 2 53703 1 53724 2 53729 8 53760 2 53768 109 53882 15 53899 2 53925 9 53937 2 53980 2 53985 6 54016 2 54024 104 54133 6 54141 6 54149 4 54155 2 54180 11 54197 4 54241 3 54272 2 54281 102 54389 6 54397 5 54405 4 54411 2 54423 1 54432 15 54453 4 54497 3 54528 2 54537 102 54646 5 54652 7 54661 4 54666 4 54685 4 54691 14 54708 5 54753 2 54784 3 54793 103 54903 18 54922 4 54941 4 54947 14 54963 4 54985 3 55040 3 55050 52 55103 50 55162 22 55197 4 55203 14 55219 3 55241 5 55296 3 55305 104 55415 26 55453 4 55459 14 55475 3 55497 4 55552 3 55561 104 55671 21 55693 6 55708 21 55745 1 55753 2 55808 3 55815 106 55926 22 55949 6 55963 22 56001 1 56009 1 56064 113 56181 23 56205 6 56219 22 56263 4 56284 1 56320 114 56437 22 56461 6 56475 22 56519 4 56540 2 56576 5 56582 109 56693 30 56729 23 56775 2 56796 1 56832 5 56839 140 56983 25 57036 1 57088 4 57097 138 57237 27 57292 1 57344 5 57353 167 57600 5 57610 5 57617 152 57774 1 57856 6 57866 5 57874 150 58030 2 58087 2 58112 7 58124 3 58129 125 58255 26 58285 4 58343 1 58368 7 58385 125 58513 24 58540 5 58599 1 58624 7 58638 10 58649 126 58776 16 58797 4 58880 7 58893 11 58905 98 59004 26 59033 15 59136 2 59140 4 59149 109 59261 21 59291 11 59392 2 59397 3 59405 109 59517 20 59549 8 59648 1 59653 3 59670 90 59761 10 59773 19 59806 5 59817 4 59904 1 59909 2 59927 88 60018 9 60029 19 60063 4 60073 4 60160 1 60183 87 60274 9 60285 20 60311 4 60319 3 60416 3 60432 1 60439 87 60530 9 60540 21 60567 10 60672 3 60695 87 60786 34 60821 11 60928 2 60951 88 61042 46 61184 1 61207 137 61440 1 61463 138 61696 2 61719 138 61952 2 61975 138 62208 1 62231 138 62464 1 62487 138 62720 2 62743 138 62976 2 62999 138 63232 3 63255 56 63316 26 63345 38 63488 3 63511 58 63571 27 63599 40 63646 3 63744 4 63767 86 63855 41 63901 5 64001 3 64022 82 64107 1 64111 41 64156 6 64256 4 64276 15 64292 33 64329 10 64341 18 64368 37 64412 5 64512 4 64528 19 64549 31 64587 8 64599 15 64626 34 64668 5 64768 4 64783 20 64809 19 64832 2 64848 2 64856 8 64883 32 64922 7 65024 5 65035 1 65039 20 65067 2 65071 13 65104 3 65111 8 65139 32 65175 10 65280 5 65287 6 65294 5 65303 10 65327 16 65361 9 65374 1 65396 29 65429 12
548413,0 65536
562305, 
563581,0 99 100 255 356 255 612 2559 3173 249 3431 80 3512 166 3687 246 3945 1 3951 238 4209 237 4464 238 4719 239 4974 240 5227 242 5481 244 5736 241 5991 238 6247 238 6503 238 6759 238 7015 239 7271 153 7426 87 7528 152 7683 88 7784 152 7941 88 8039 153 8199 86 8294 154 8455 87 8549 155 8711 87 8805 156 8967 88 9060 158 9223 89 9315 161 9478 5289 14771 252 15027 252 15283 252 15539 3180 18721 254 18977 253 19233 254 19489 4817 24307 251 24567 244 24824 227 25055 7 25082 225 25310 7 25339 234 25597 232 25851 19 25874 211 26097 2 26105 18 26131 210 26351 6 26361 14 26386 139 26528 3 26535 64 26605 26 26642 137 26791 66 26859 26 26898 133 27049 92 27154 133 27306 89 27411 130 27563 87 27667 130 27819 85 27922 130 28074 86 28178 130 28330 86 28433 132 28585 87 28689 71 28763 58 28841 87 28944 70 29020 58 29095 89 29199 70 29277 58 29349 91 29453 72 29534 57 29602 94 29709 72 29791 57 29857 96 29963 75 30047 58 30115 94 30219 75 30303 58 30371 94 30475 75 30560 57 30629 92 30730 76 30816 57 30885 92 30986 76 31073 56 31142 92 31242 76 31319 5 31330 56 31398 95 31497 85 31587 55 31654 184 31843 55 31910 184 32100 55 32166 184 32357 54 32422 103 32526 80 32613 54 32678 103 32782 80 32869 54 32934 103 33039 81 33123 56 33191 102 33295 140 33447 102 33551 141 33706 40 33749 56 33807 141 33963 38 34005 198 34221 15 34240 14 34263 196 34477 14 34497 12 34520 195 34734 12 34755 8 34779 193 34990 11 35012 6 35038 190 35246 11 35296 188 35497 16 35552 45 35601 140 35751 18 35809 44 35857 140 36007 18 36065 44 36115 139 36261 20 36321 44 36371 140 36517 20 36577 45 36627 139 36772 21 36833 46 36881 140 37029 21 37089 28 37120 153 37285 22 37345 27 37376 154 37541 22 37601 28 37632 154 37797 24 37857 185 38053 24 38113 186 38307 26 38369 119 38489 68 38563 27 38626 116 38746 100 38882 26 38911 87 39002 100 39138 25 39168 87 39258 101 39394 23 39424 191 39649 24 39680 195 39904 25 39936 195 40159 26 40192 197 40415 26 40448 197 40671 26 40704 199 40927 26 40960 199 41182 26 41216 199 41437 22 41472 199 41693 20 41728 199 41941 3 41949 16 41984 199 42196 6 42203 16 42240 200 42450 27 42496 201 42705 29 42752 201 42961 30 43008 201 43216 32 43264 202 43471 34 43510 4 43520 203 43725 36 43765 6 43776 251 44032 251 44288 251 44544 251 44800 251 45056 101 45159 148 45312 99 45416 38 45458 105 45568 99 45672 38 45714 104 45824 99 45929 36 45972 101 46080 99 46185 35 46229 100 46336 99 46441 26 46470 3 46485 100 46592 99 46698 25 46743 98 46848 99 46953 26 47005 2 47011 86 47104 99 47209 26 47267 86 47360 98 47464 27 47523 81 47607 1 47616 95 47720 27 47778 82 47862 3 47872 91 47977 26 48031 90 48128 91 48233 26 48286 91 48384 91 48490 26 48541 92 48640 91 48747 26 48797 92 48896 93 49003 26 49053 92 49152 93 49259 26 49308 93 49408 93 49517 24 49563 94 49663 94 49772 25 49818 94 49919 74 49996 18 50027 26 50073 77 50155 10 50175 74 50252 18 50282 28 50328 77 50412 5 50431 72 50509 18 50536 32 50581 74 50656 4 50686 73 50766 17 50790 35 50836 75 50913 2 50942 71 51025 15 51043 42 51091 73 51171 2 51198 71 51285 11 51298 44 51347 71 51425 12 51454 70 51543 10 51554 47 51602 71 51680 17 51710 71 51799 58 51858 71 51936 18 51965 72 52051 133 52192 22 52220 73 52307 132 52448 24 52475 66 52543 5 52561 232 52800 3 52817 18 52836 211 53073 18 53097 91 53190 112 53329 18 53353 92 53449 103 53585 17 53610 91 53707 101 53841 16 53866 91 53963 102 54097 16 54121 93 54219 102 54353 16 54375 96 54475 104 54609 118 54732 103 54863 120 54988 104 55117 123 55244 105 55373 232 55627 234 55883 235 56138 236 56393 238 56647 242 56898 216 57119 252 57376 175 57554 73 57634 149 57786 21 57811 72 57891 146 58043 20 58069 70 58149 140 58300 19 58325 70 58406 134 58556 19 58582 71 58664 131 58813 18 58839 72 58920 130 59070 17 59097 72 59183 122 59327 16 59361 66 59429 6 59440 121 59584 15 59618 73 59700 12 59720 97 59841 12 59876 71 59976 97 60098 10 60132 73 60232 96 60389 74 60488 96 60645 74 60742 98 60901 75 60994 102 61157 76 61247 105 61412 77 61498 109 61668 79 61751 109 61924 191 62180 196 62436 197 62693 197 62949 198 63205 164 63378 37 63462 160 63634 38 63717 158 63891 38 63973 150 64125 4 64147 38 64188 1 64229 38 64269 108 64403 45 64473 8 64483 37 64528 105 64660 45 64729 47 64786 23 64811 78 64916 45 64985 48 65043 22 65067 78 65172 45 65241 48 65303 5 65313 8 65324 75 65427 46 65497 39
563999,0 7 127 30 161 2 206 33 241 20 344 3 383 38 463 32 499 18 599 6 639 39 720 31 756 17 853 11 893 42 976 33 1011 18 1109 12 1147 44 1233 53 1365 14 1386 62 1489 40 1532 10 1620 15 1641 62 1745 39 1789 8 1875 16 1896 63 2003 36 2048 5 2131 17 2152 62 2259 36 2304 3 2386 83 2515 34 2560 1 2641 84 2761 2 2771 33 2897 83 3015 7 3027 33 3089 3 3153 83 3269 10 3283 33 3331 6 3343 6 3409 83 3524 13 3539 34 3586 8 3597 8 3665 84 3780 49 3840 22 3887 2 3921 84 4035 50 4096 22 4141 6 4177 84 4289 52 4352 22 4392 13 4432 86 4544 54 4608 22 4646 15 4688 87 4799 55 4864 22 4898 20 4944 93 5053 58 5120 21 5152 22 5200 94 5309 58 5376 20 5403 27 5456 167 5632 19 5659 27 5713 166 5888 19 5915 26 5969 166 6144 19 6171 26 6226 165 6400 19 6429 22 6482 164 6656 19 6685 22 6738 164 6912 20 6942 20 6994 163 7168 21 7197 21 7250 163 7424 24 7452 23 7506 163 7680 51 7763 162 7936 51 8021 162 8192 52 8277 162 8448 53 8535 160 8704 53 8793 159 8960 54 9049 160 9216 54 9283 2 9305 160 9472 54 9539 4 9561 160 9728 54 9795 4 9817 160 9984 55 10051 4 10073 160 10240 55 10329 160 10496 54 10585 158 10752 54 10823 4 10841 158 11008 53 11079 6 11097 157 11264 53 11335 6 11353 157 11520 53 11590 8 11601 5 11609 156 11776 53 11846 8 11856 6 11866 155 12032 52 12101 8 12112 6 12122 154 12288 52 12357 6 12369 5 12379 153 12544 53 12615 2 12626 3 12637 150 12800 53 12895 148 13056 53 13153 146 13312 53 13410 145 13568 55 13630 2 13667 132 13824 56 13885 4 13923 130 14080 67 14180 129 14336 68 14436 128 14592 19 14614 47 14692 127 14848 19 14871 47 14947 128 15104 17 15130 47 15203 126 15360 16 15387 46 15459 126 15616 15 15645 46 15714 122 15872 15 15902 45 15970 121 16128 14 16157 46 16221 2 16225 120 16384 13 16412 47 16475 126 16640 13 16667 48 16731 126 16896 13 16923 48 16987 126 17152 12 17179 47 17243 126 17408 13 17435 47 17499 126 17664 13 17691 45 17755 126 17920 13 17947 44 18011 127 18176 13 18204 41 18267 128 18432 13 18460 41 18523 128 18684 17 18717 38 18779 128 18939 18 18973 39 19035 128 19195 18 19231 39 19291 14 19306 114 19451 17 19487 40 19547 14 19562 114 19707 16 19743 30 19775 9 19803 14 19819 114 19964 14 19999 28 20031 9 20059 14 20079 110 20221 12 20251 32 20286 11 20315 12 20335 109 20479 8 20506 33 20540 13 20571 12 20593 107 20736 5 20761 48 20826 11 20853 103 20992 4 21016 49 21081 12 21109 102 21248 2 21271 51 21337 11 21365 102 21504 1 21528 53 21593 10 21622 101 21750 10 21784 65 21850 6 21878 100 22004 12 22040 65 22106 4 22135 98 22259 13 22296 70 22391 98 22515 13 22552 70 22647 98 22771 13 22809 69 22903 97 23027 13 23066 69 23159 97 23283 13 23323 68 23415 96 23539 13 23579 70 23670 97 23795 13 23823 2 23834 75 23924 99 24051 13 24077 5 24089 77 24179 100 24307 13 24333 6 24345 78 24436 101 24562 14 24589 6 24600 79 24693 102 24818 14 24845 90 24949 104 25074 14 25101 90 25205 105 25329 15 25361 88 25461 106 25585 15 25616 89 25718 106 25841 15 25869 92 25974 108 26096 16 26125 94 26230 109 26352 16 26379 97 26487 108 26605 19 26634 99 26744 108 26861 19 26889 100 27001 107 27116 20 27143 102 27257 106 27372 22 27398 104 27513 90 27608 9 27629 130 27769 90 27865 7 27887 128 28025 91 28147 125 28281 60 28345 28 28403 126 28538 57 28601 29 28659 126 28794 57 28857 30 28915 126 29051 56 29113 31 29171 128 29307 59 29368 32 29427 130 29563 94 29683 130 29819 5 29826 87 29939 124 30067 1 30075 3 30083 86 30177 2 30197 121 30331 3 30339 88 30431 4 30453 121 30579 2 30587 2 30597 96 30710 121 30835 8 30854 95 30967 120 31090 9 31111 95 31224 119 31347 8 31367 95 31481 117 31603 9 31623 96 31739 115 31860 7 31880 95 31997 112 32117 5 32137 94 32256 109 32374 3 32393 1 32397 90 32512 107 32649 2 32653 92 32768 105 32904 3 32909 93 33024 105 33159 36 33202 57 33280 104 33416 7 33427 22 33459 57 33536 104 33673 6 33687 18 33715 58 33792 104 33929 4 33945 16 33971 16 33990 39 34048 103 34202 14 34228 13 34247 39 34304 102 34459 12 34485 12 34503 40 34560 101 34717 8 34741 12 34759 40 34816 100 34973 6 34998 10 35015 41 35072 96 35255 8 35271 42 35328 95 35512 7 35527 46 35584 94 35783 54 35840 93 36039 56 36096 91 36295 147 36552 145 36808 145 37017 2 37064 145 37262 16 37320 147 37518 18 37576 151 37773 22 37832 153 38029 22 38088 155 38285 23 38329 4 38345 154 38541 23 38584 7 38601 155 38797 25 38824 5 38837 11 38856 157 39052 33 39093 12 39111 159 39307 36 39347 14 39366 160 39563 36 39602 16 39622 161 39797 7 39818 58 39877 162 40052 9 40073 222 40307 11 40328 223 40563 12 40583 224 40817 16 40838 225 41072 247 41327 249 41581 342 41928 251 42186 248 42443 246 42700 245 42957 38 43000 201 43213 37 43257 199 43469 34 43520 192 43725 33 43776 192 43981 32 44032 192 44237 32 44288 191 44493 31 44544 191 44749 31 44800 191 45005 30 45047 6 45056 192 45261 30 45301 10 45312 194 45517 30 45555 208 45773 30 45809 210 46027 33 46061 214 46283 248 46539 249 46795 249 47050 250 47306 250 47562 249 47819 248 48075 248 48331 248 48587 248 48842 248 49097 249 49353 249 49608 250 49863 253 50117 1976 52098 250 52355 248 52615 244 52873 242 53130 243 53386 244 53642 244 53898 245 54155 244 54411 105 54520 135 54668 5 54675 97 54777 135 54931 97 55033 136 55188 96 55289 136 55444 96 55545 135 55700 97 55803 133 55956 98 56059 133 56213 98 56312 135 56469 234 56725 234 56982 106 57089 125 57239 231 57494 14 57509 216 57746 15 57767 214 58001 16 58023 214 58250 24 58279 214 58505 25 58535 214 58760 27 58791 214 59015 28 59047 214 59268 31 59304 215 59520 36 59560 252 59817 252 60073 251 60331 249 60587 248 60844 247 61100 247 61357 246 61613 245 61870 244 62127 242 62383 242 62639 242 62895 242 63151 242 63406 243 63662 242 63917 242 64173 242 64429 242 64685 242 64941 242 65197 242 65453 56 65513 23
565798,21652 1 21907 4 22163 4 22419 3 22675 3 22903 4 22931 2 23159 5 23168 1 23186 3 23415 12 23440 5 23672 11 23695 6 23928 10 23950 7 24184 10 24206 7 24441 9 24461 7 24697 10 24717 6 24953 12 24968 3 24972 7 25209 18 25229 6 25465 18 25485 4 25721 23 25977 22 26232 22 26488 23 26744 23 26987 2 26999 25 27242 3 27255 26 27497 4 27511 26 27753 4 27767 26 28009 4 28022 26 28265 4 28277 27 28497 3 28521 4 28533 26 28753 5 28769 1 28778 3 28789 25 29009 6 29024 3 29035 2 29044 25 29265 6 29280 5 29291 3 29298 27 29502 1 29520 10 29535 6 29545 34 29758 2 29765 2 29777 10 29793 5 29799 36 30013 12 30033 10 30051 9 30063 28 30269 13 30289 10 30308 8 30320 27 30525 12 30545 12 30564 39 30782 11 30801 14 30820 39 31039 10 31057 15 31076 37 31295 10 31314 14 31333 36 31551 9 31572 13 31589 36 31807 9 31828 13 31845 35 32063 9 32083 14 32103 34 32320 9 32339 13 32360 14 32375 18 32576 9 32594 15 32617 12 32633 14 32831 14 32849 16 32873 12 32889 14 33087 15 33103 19 33129 11 33146 11 33344 35 33384 11 33403 8 33601 5 33608 42 33660 1 33663 3 33858 3 33864 41 33920 2 34107 1 34115 2 34119 42 34176 2 34362 3 34375 41 34433 1 34617 4 34631 9 34643 22 34669 2 34688 3 34873 4 34889 6 34899 21 34944 3 35128 1 35145 6 35157 18 35199 4 35384 1 35401 6 35413 19 35457 2 35638 2 35657 6 35671 18 35894 2 35913 6 35928 17 36152 1 36170 5 36185 21 36408 1 36427 4 36441 22 36683 2 36697 22 36939 1 36953 22 37190 4 37209 22 37445 6 37465 22 37701 7 37721 21 37957 7 37977 21 38214 7 38233 2 38239 15 38470 7 38489 1 38495 14 38727 7 38744 3 38751 12 38984 6 38999 4 39006 12 39241 4 39255 4 39261 11 39511 4 39516 10 39771 5 40027 4 42711 1 43496 3 43751 4 44007 5 44262 6 44494 3 44518 7 44633 4 44749 5 44774 8 44888 6 45003 8 45031 2 45035 2 45144 7 45259 8 45291 2 45312 1 45387 4 45399 10 45505 4 45514 10 45643 4 45655 10 45761 4 45771 9 45883 2 45899 5 45912 8 46016 5 46028 9 46139 3 46155 5 46169 6 46271 5 46286 7 46411 6 46425 8 46526 3 46543 7 46667 6 46681 8 46693 4 46782 2 46800 6 46925 6 46938 16 47056 6 47181 6 47195 14 47312 6 47440 4 47452 10 47567 7 47583 1 47697 2 47709 9 47822 9 47838 3 47965 8 48051 2 48077 21 48203 1 48223 6 48307 4 48332 23 48479 6 48562 8 48582 3 48587 25 48735 6 48814 13 48837 4 48843 26 48973 2 48991 4 49070 13 49093 33 49229 2 49247 4 49326 13 49349 34 49485 4 49583 12 49606 34 49733 4 49741 4 49839 11 49862 34 49989 6 49998 1 50009 4 50091 12 50123 29 50245 6 50265 4 50345 12 50379 28 50506 2 50519 6 50603 10 50635 26 50763 1 50774 7 50860 9 50891 26 51029 8 51118 5 51147 24 51285 8 51401 26 51534 1 51539 10 51651 3 51656 24 51790 1 51795 10 51907 4 51912 24 52051 9 52162 19 52185 2 52307 6 52417 20 52441 2 52563 9 52673 20 52697 2 52819 10 52849 1 52930 19 52953 2 53079 7 53087 4 53104 3 53187 18 53210 1 53331 1 53337 12 53361 2 53444 17 53587 2 53595 12 53700 17 53843 2 53851 14 53955 17 54099 2 54108 13 54210 17 54355 1 54365 12 54465 18 54621 14 54723 3 54729 5 54877 14 54979 2 55134 15 55391 14 55648 14 55904 15 56160 14 56398 1 56416 14 56654 1 56672 14 56910 1 56921 21 56950 1 57176 22 57206 3 57431 23 57462 3 57687 22 57717 4 57943 22 57973 4 58189 2 58199 21 58228 5 58445 2 58455 21 58483 6 58701 2 58711 20 58737 8 58957 2 58967 20 58991 10 59214 1 59225 18 59247 10 59343 1 59470 1 59481 31 59726 1 59741 26 59982 2 59997 26 60253 26 60510 25 60767 22 61024 20 61285 14 61541 14 61789 2 61797 13 62044 3 62054 12 62301 3 62311 12 62557 3 62568 11 62813 4 62825 10 63058 3 63069 4 63081 10 63310 7 63326 6 63338 9 63569 4 63582 7 63594 9 63826 3 63838 3 63842 5 63850 10 64083 1 64094 2 64098 6 64106 11 64355 19 64611 21 64867 23 65123 24 65379 26
566885,0 1 152 58 215 26 248 8 407 56 469 28 507 5 659 60 725 27 763 5 910 65 981 28 1021 3 1163 68 1236 29 1278 2 1411 76 1491 31 1667 77 1747 32 1919 120 2173 28 2207 91 2426 134 2681 135 2935 137 3191 137 3443 141 3696 144 3949 83 4036 60 4204 83 4293 59 4455 90 4549 59 4707 95 4805 59 4959 161 5209 167 5462 170 5711 177 5963 181 6217 183 6471 185 6727 185 6976 192 7229 195 7481 199 7734 202 7986 206 8240 208 8494 210 8749 211 9000 216 9255 217 9510 10 9531 197 9765 11 9787 197 10020 12 10042 198 10274 14 10297 199 10521 23 10553 199 10776 23 10809 199 11031 11 11045 11 11064 200 11287 26 11320 200 11535 6 11545 28 11575 201 11790 7 11801 29 11831 201 12047 5 12059 229 12306 1 12317 227 12578 222 12834 222 13077 5 13088 224 13333 6 13342 226 13588 236 13844 236 14100 236 14349 4 14357 235 14604 9 14615 233 14859 10 14875 229 15111 15 15132 228 15365 17 15388 250 15645 250 15901 250 16155 252 16411 17124 33536 255 33792 254 34048 253 34304 252 34560 247 34816 247 35072 246 35328 246 35584 62 35647 184 35840 61 35903 184 36096 62 36159 183 36352 62 36415 183 36608 1 36614 55 36675 178 36871 54 36932 177 37129 52 37189 175 37385 51 37446 173 37642 49 37703 169 37899 41 37944 1 37959 168 38155 39 38215 166 38412 37 38471 164 38669 35 38727 162 38926 34 38983 160 39183 32 39240 157 39440 31 39497 154 39699 28 39755 146 39957 26 40013 144 40215 24 40266 146 40471 24 40521 147 40727 24 40775 148 40983 24 41031 148 41240 25 41285 148 41496 25 41539 150 41753 25 41794 151 42010 24 42050 150 42268 33 42303 154 42525 188 42784 185 43041 185 43298 184 43555 183 43812 181 44068 181 44282 1 44325 180 44531 13 44581 178 44786 14 44839 174 45041 15 45095 172 45297 15 45352 87 45443 77 45552 16 45608 87 45699 79 45808 16 45865 34 45900 5 45908 31 45955 85 46063 17 46121 30 46165 29 46211 86 46318 18 46379 24 46421 28 46467 22 46490 65 46571 21 46635 22 46678 27 46723 20 46747 64 46826 22 46894 17 46936 5 46943 17 46978 20 47005 64 47081 23 47151 16 47191 6 47199 16 47235 18 47261 65 47336 24 47408 15 47447 7 47455 15 47491 18 47526 57 47587 29 47665 13 47705 4 47711 15 47747 17 47783 89 47924 9 47967 15 48003 15 48040 88 48181 8 48223 15 48259 14 48297 87 48481 12 48515 12 48553 29 48587 53 48739 10 48772 11 48810 27 48843 53 49030 7 49066 27 49099 53 49289 1 49323 25 49355 53 49579 25 49611 53 49835 24 49867 53 50092 22 50123 53 50329 4 50349 20 50379 53 50581 10 50605 18 50635 53 50831 16 50863 16 50891 53 51086 19 51121 12 51147 53 51342 19 51379 8 51403 53 51597 22 51659 53 51853 22 51915 53 52109 23 52171 53 52364 25 52427 53 52619 27 52681 55 52875 27 52935 57 53131 28 53189 59 53386 29 53445 59 53642 28 53699 61 53897 30 53931 4 53955 61 54153 40 54211 61 54409 41 54467 61 54667 40 54722 62 54923 40 54977 63 55180 40 55232 64 55437 39 55487 65 55693 39 55743 65 55950 38 55999 65 56207 36 56254 66 56464 35 56510 66 56721 32 56766 66 56977 32 57022 66 57234 29 57270 3 57279 65 57490 29 57525 7 57535 65 57748 1 57752 22 57780 76 58009 21 58036 76 58264 21 58292 76 58520 21 58547 77 58761 7 58775 22 58805 68 58879 1 59017 8 59031 23 59061 68 59261 5 59272 10 59287 24 59317 66 59516 7 59527 12 59541 28 59574 64 59769 13 59783 44 59830 63 60023 60 60086 62 60277 126 60533 126 60787 127 61041 129 61295 131 61550 132 61804 135 62059 136 62314 136 62569 136 62825 136 63080 136 63335 133 63590 134 63845 135 64101 135 64357 136 64612 137 64868 137 65125 136 65381 136
567096,0 65536
567220, 
567636,0 7 25 14 45 46 256 8 281 16 301 46 349 4 512 9 535 18 557 46 604 6 768 10 788 22 813 54 1024 11 1043 24 1068 55 1280 99 1497 1 1536 100 1752 3 1792 101 1963 8 2008 3 2048 101 2217 12 2264 3 2304 101 2470 16 2521 2 2560 101 2725 18 2777 2 2816 102 2948 8 2981 18 3072 102 3203 10 3236 19 3328 103 3457 13 3492 20 3584 103 3713 14 3748 21 3840 103 3969 16 4004 21 4096 48 4146 53 4224 17 4260 21 4352 48 4401 53 4479 19 4515 26 4608 101 4731 24 4771 27 4864 101 4985 26 5027 28 5120 101 5240 27 5283 28 5376 59 5438 41 5495 28 5539 29 5632 59 5693 42 5750 29 5795 28 5888 56 5948 43 6005 30 6051 28 6144 49 6203 45 6261 31 6307 28 6400 52 6458 46 6516 32 6563 26 6656 53 6714 46 6772 32 6819 24 6912 55 6969 47 7027 34 7075 22 7168 104 7283 34 7331 22 7424 103 7537 37 7587 21 7680 103 7793 38 7843 20 7936 101 8049 40 8099 20 8192 101 8304 41 8356 18 8448 99 8560 42 8613 15 8704 5 8710 92 8816 43 8869 14 8967 89 9072 43 9125 13 9223 89 9328 43 9381 12 9479 87 9585 41 9638 10 9735 86 9841 40 9895 8 9991 87 10098 39 10151 8 10247 43 10292 42 10354 38 10407 7 10501 42 10549 42 10611 36 10664 5 10756 42 10805 42 10868 34 10921 4 11008 45 11061 44 11125 33 11186 3 11264 45 11317 44 11381 33 11443 2 11520 45 11573 44 11637 34 11776 44 11829 44 11893 36 12032 44 12086 43 12149 37 12288 44 12342 43 12406 37 12544 43 12599 40 12663 35 12800 43 12855 38 12919 35 13056 43 13111 28 13176 20 13197 12 13312 42 13367 28 13433 32 13568 41 13627 22 13693 27 13825 39 13885 14 13951 7 13963 12 14083 36 14146 6 14220 8 14339 36 14403 2 14478 4 14596 34 14737 1 14853 32 14943 5 14993 2 15009 1 15104 1 15110 31 15198 10 15249 6 15264 3 15360 37 15453 14 15504 8 15519 7 15616 7 15625 28 15693 6 15709 16 15737 10 15759 26 15872 7 15881 18 15901 8 15948 7 15965 17 15991 13 16015 28 16128 5 16137 16 16157 7 16205 6 16221 40 16271 30 16384 5 16393 15 16413 6 16461 6 16477 41 16526 31 16640 4 16649 14 16672 1 16717 5 16735 39 16781 33 16896 4 16905 14 16973 4 16992 38 17037 33 17152 1 17162 11 17251 36 17293 34 17418 10 17508 35 17547 36 17674 8 17766 32 17801 39 17930 7 18023 30 18057 8 18066 30 18187 3 18281 28 18312 9 18327 25 18443 1 18537 28 18568 9 18583 25 18794 27 18824 9 18839 25 19050 27 19081 7 19096 23 19306 27 19337 5 19352 23 19562 27 19608 23 19818 28 19865 21 20073 29 20121 21 20329 28 20379 18 20585 27 20637 16 20841 26 20894 14 21065 6 21096 26 21151 13 21319 9 21350 26 21407 12 21573 11 21605 27 21663 13 21824 17 21861 26 21919 15 22078 19 22098 5 22117 24 22175 16 22325 35 22371 26 22431 18 22577 40 22627 26 22687 18 22831 42 22883 24 22943 20 23087 42 23139 22 23199 22 23343 43 23394 21 23456 29 23598 45 23651 19 23712 29 23853 48 23907 19 23969 29 24108 49 24163 19 24227 27 24363 51 24421 17 24484 28 24619 51 24677 16 24741 28 24874 52 24933 16 24997 30 25130 52 25190 15 25253 31 25385 54 25448 13 25508 33 25641 54 25705 11 25763 35 25898 53 25963 8 26019 36 26154 53 26219 8 26275 38 26411 51 26478 1 26530 41 26667 51 26786 41 26880 1 26923 50 27039 44 27136 1 27179 50 27294 45 27392 1 27411 6 27435 50 27548 7 27557 37 27648 1 27667 6 27691 50 27804 7 27814 36 27904 1 27923 6 27945 52 28062 2 28072 33 28160 1 28179 7 28200 53 28329 32 28416 1 28436 5 28456 51 28586 31 28672 1 28693 3 28712 51 28843 30 28928 1 28969 50 29101 28 29184 1 29225 14 29241 33 29326 1 29359 26 29484 6 29498 31 29577 9 29591 5 29617 24 29741 4 29754 30 29832 11 29845 10 29874 23 30010 28 30088 26 30133 19 30266 28 30343 28 30390 18 30522 28 30599 28 30647 16 30779 27 30855 28 30904 15 31035 27 31109 30 31161 12 31292 25 31365 30 31418 11 31555 18 31615 36 31675 8 31813 16 31870 37 31931 7 32071 12 32124 39 32188 5 32328 11 32379 40 32445 4 32586 7 32635 42 32731 5 32843 4 32891 42 32986 6 33146 44 33241 8 33402 44 33498 7 33657 46 33755 6 33913 47 34011 6 34169 48 34269 4 34424 50 34525 5 34537 3 34678 54 34781 16 34934 55 35036 17 35189 57 35291 19 35444 59 35546 20 35697 62 35801 22 35953 63 36057 22 36209 63 36311 22 36465 63 36567 22 36720 63 36823 20 36976 63 37079 19 37232 63 37335 18 37488 63 37592 15 37743 63 37849 11 37998 64 38105 8 38254 64 38416 4 38459 4 38509 65 38671 6 38713 8 38766 65 38927 7 38968 10 39022 65 39183 8 39223 13 39279 37 39317 27 39439 8 39479 14 39535 37 39575 9 39586 14 39695 10 39735 14 39791 36 39832 5 39842 15 39952 9 39991 14 40048 35 40089 2 40099 14 40185 3 40209 8 40247 13 40304 35 40356 13 40439 8 40465 8 40503 13 40561 34 40613 12 40693 11 40721 8 40759 12 40817 34 40870 11 40923 6 40947 13 40977 8 41016 11 41037 2 41074 33 41127 10 41175 12 41191 4 41203 13 41236 3 41275 7 41291 8 41331 31 41369 1 41385 8 41427 26 41458 14 41492 3 41546 11 41587 31 41625 2 41641 7 41682 27 41713 15 41749 2 41801 14 41844 29 41879 5 41896 7 41933 51 42005 2 42055 16 42100 29 42135 5 42153 5 42189 51 42310 17 42356 28 42390 7 42444 52 42565 19 42612 27 42646 7 42699 53 42821 18 42869 26 42901 8 42955 53 43077 18 43125 26 43157 8 43211 53 43333 12 43381 27 43413 7 43467 53 43589 12 43638 27 43669 7 43723 53 43795 4 43845 11 43895 37 43981 51 44050 7 44101 11 44151 36 44237 51 44303 12 44357 11 44408 28 44437 6 44495 49 44559 12 44613 10 44664 28 44693 5 44751 49 44814 14 44869 10 44921 26 45008 48 45070 15 45125 10 45177 26 45265 47 45325 16 45365 2 45381 10 45435 22 45521 47 45581 16 45620 5 45637 10 45691 21 45777 47 45837 15 45873 10 45894 8 45948 18 46034 46 46094 14 46129 10 46150 8 46205 16 46290 46 46355 8 46385 11 46409 1 46445 2 46461 14 46547 45 46613 5 46641 11 46696 10 46717 13 46804 44 46861 3 46869 5 46897 12 46949 15 46975 8 47061 43 47116 6 47125 6 47153 12 47205 16 47233 2 47318 42 47371 18 47409 12 47459 18 47575 41 47626 19 47665 13 47715 18 47832 40 47880 23 47918 1 47921 14 47970 19 48088 31 48121 7 48135 25 48171 20 48225 20 48344 30 48378 6 48391 26 48426 20 48481 19 48600 29 48635 5 48646 27 48681 12 48737 18 48856 28 48891 5 48902 28 48936 11 48992 19 49112 27 49147 5 49158 29 49191 12 49246 21 49368 27 49405 3 49415 28 49447 13 49498 25 49623 26 49671 30 49702 15 49753 26 49879 25 49927 47 50007 28 50134 25 50183 48 50263 28 50390 25 50432 55 50519 28 50577 1 50647 22 50688 56 50775 28 50832 4 50903 22 50944 57 51031 26 51087 6 51160 18 51200 59 51288 25 51343 7 51417 14 51456 63 51545 22 51599 8 51676 2 51712 64 51803 20 51855 10 51968 65 52061 16 52109 26 52224 66 52319 14 52363 29 52480 67 52575 12 52617 33 52736 67 52832 11 52871 36 52992 67 53090 6 53126 37 53248 67 53347 4 53382 37 53504 67 53638 37 53760 67 53894 38 53940 1 54016 67 54149 39 54192 7 54272 67 54405 41 54447 8 54528 67 54659 53 54784 66 54915 54 55040 63 55170 55 55296 54 55426 55 55552 53 55681 56 55808 52 55937 56 56064 48 56192 57 56320 46 56448 57 56576 45 56645 4 56703 59 56833 44 56901 5 56959 59 57091 42 57156 9 57173 2 57213 61 57348 40 57411 10 57429 2 57469 61 57606 38 57667 11 57683 5 57723 63 57863 37 57923 13 57938 7 57978 64 58122 22 58145 10 58179 21 58232 66 58311 5 58379 20 58402 9 58435 21 58487 67 58567 6 58637 16 58659 7 58679 6 58691 20 58741 68 58821 8 58899 10 58915 7 58933 10 58945 22 58997 55 59053 12 59077 8 59158 4 59172 5 59188 35 59253 52 59309 12 59332 9 59429 4 59443 36 59509 51 59566 11 59587 10 59697 39 59764 50 59824 8 59843 10 59952 40 60020 49 60081 6 60099 10 60150 5 60199 6 60206 43 60277 47 60355 8 60391 1 60403 12 60455 50 60533 19 60557 22 60611 7 60647 1 60659 12 60709 53 60789 18 60819 15 60912 16 60965 53 61045 17 61076 13 61167 17 61219 56 61302 15 61336 9 61421 19 61475 56 61559 13 61593 7 61677 19 61731 56 61816 11 61901 5 61933 19 61970 2 61987 56 62073 10 62155 7 62189 19 62226 1 62243 58 62331 6 62409 7 62445 19 62482 1 62501 56 62663 8 62701 19 62759 54 62919 8 62958 18 63015 54 63175 8 63214 18 63272 52 63431 8 63471 17 63527 53 63687 7 63727 17 63783 52 63907 7 63945 4 63984 16 64039 52 64162 9 64201 3 64240 16 64296 51 64413 14 64497 15 64552 51 64669 14 64753 15 64808 50 64913 6 64922 17 65009 15 65065 49 65169 26 65265 15 65321 46 65373 6 65422 28 65521 15
570211,0 65536
578073,746 3 940 1 999 9 1195 2 1255 10 1449 6 1499 6 1509 15 1705 6 1755 8 1765 16 1835 5 1961 5 2010 28 2090 7 2217 5 2265 29 2346 7 2474 3 2521 30 2601 8 2730 3 2777 31 2857 8 2987 2 3032 33 3113 8 3287 34 3369 9 3542 35 3625 9 3798 35 3882 7 4053 37 4139 6 4309 38 4564 39 4819 41 5074 43 5329 44 5585 44 5840 44 6065 1 6095 45 6321 3 6351 44 6577 4 6607 43 6833 4 6863 36 7088 5 7119 35 7343 6 7375 34 7599 5 7632 33 7855 5 7889 32 8111 4 8151 26 8367 4 8409 24 8623 3 8666 23 8923 21 9179 21 9435 21 9692 20 9771 1 9948 20 10024 7 10204 20 10280 7 10461 19 10536 7 10717 18 10792 7 10973 18 11049 6 11230 16 11307 2 11486 16 11742 14 11999 13 12255 12 12511 10 12767 8 13023 6 13217 2 13280 4 13473 4 13727 8 13983 10 14238 13 14494 14 14750 15 15005 17 15029 2 15261 18 15283 6 15321 4 15517 30 15575 6 15773 33 15827 11 16029 34 16083 11 16285 34 16337 12 16540 35 16593 12 16796 35 16849 12 17052 35 17105 12 17308 35 17360 12 17564 35 17616 12 17821 33 17872 11 18077 32 18128 11 18333 32 18385 9 18589 31 18642 6 18845 30 19102 28 19343 6 19359 16 19597 9 19614 17 19851 15 19869 16 20029 4 20107 33 20278 17 20361 32 20533 20 20617 31 20788 22 20871 32 21029 37 21127 32 21282 41 21381 34 21538 41 21637 35 21793 42 21893 35 22049 42 22149 36 22304 42 22405 36 22559 43 22661 36 22815 42 22918 35 23071 42 23174 34 23328 28 23360 7 23430 34 23584 27 23617 4 23686 33 23840 25 23942 32 24097 18 24198 31 24348 25 24455 24 24602 28 24713 22 24856 31 24971 18 25112 32 25228 11 25240 5 25368 33 25485 10 25624 33 25741 10 25879 34 25998 8 26135 34 26254 8 26392 31 26510 7 26649 30 26765 7 26906 27 27021 5 27164 24 27277 4 27422 16 27533 3 27678 15 27935 9 28191 8 29689 7 29944 8 29973 2 30199 9 30228 5 30455 9 30483 8 30709 11 30738 9 30868 1 30964 12 30993 14 31015 4 31123 2 31219 13 31248 26 31379 2 31475 13 31501 29 31730 14 31757 29 31881 1 31986 14 32012 27 32137 2 32147 2 32242 14 32268 27 32393 4 32403 2 32498 14 32523 26 32649 5 32659 2 32755 13 32778 27 32905 6 33012 12 33033 27 33161 6 33271 9 33289 27 33398 3 33418 6 33528 8 33545 26 33652 7 33675 7 33791 1 33801 26 33908 8 33917 5 33931 7 34057 26 34164 14 34189 3 34313 26 34420 15 34446 1 34570 25 34676 15 34827 24 34931 16 35085 22 35187 16 35341 21 35443 16 35599 17 35699 15 35855 17 35955 12 35968 2 36107 20 36211 12 36363 20 36467 12 36618 21 36723 13 36874 21 36980 12 37130 21 37237 11 37387 20 37493 10 37643 19 37748 11 37900 17 38004 10 38159 11 38259 10 38515 10 38605 6 38771 10 38857 12 39027 10 39113 14 39283 9 39367 17 39540 8 39623 18 39796 6 39878 21 40053 4 40134 21 40310 1 40390 22 40646 22 40902 23 41158 23 41414 23 41669 24 41924 25 42179 25 42434 25 42689 26 42945 25 43007 1 43201 24 43263 1 43368 5 43457 20 43517 3 43623 6 43714 18 43772 4 43878 7 43971 17 44027 5 44133 9 44228 16 44279 9 44387 11 44485 16 44534 10 44643 11 44742 15 44789 11 44898 11 44999 14 45045 11 45153 12 45255 15 45300 12 45409 12 45511 15 45556 12 45665 12 45767 15 45811 13 45919 12 46023 14 46067 13 46175 12 46279 14 46323 13 46431 11 46535 14 46579 13 46687 10 46791 14 46835 13 46943 9 47047 13 47090 14 47199 8 47303 13 47345 15 47437 2 47455 8 47560 11 47586 1 47600 16 47691 4 47712 6 47816 11 47840 11 47856 16 47946 5 47969 4 48073 10 48094 15 48115 13 48201 6 48226 3 48329 9 48349 16 48373 11 48458 5 48586 5 48604 17 48629 11 48715 4 48842 5 48859 18 48886 10 49099 3 49111 22 49142 10 49355 3 49367 22 49399 9 49611 4 49623 22 49656 8 49867 4 49879 23 49912 8 50123 5 50135 25 50169 7 50379 6 50392 25 50426 6 50635 5 50647 26 50685 2 50891 4 50902 27 51157 29 51413 29 51667 32 51922 33 52175 35 52430 36 52685 36 52940 37 53195 38 53451 38 53549 2 53707 37 53803 6 53963 37 54058 8 54219 36 54314 9 54447 2 54475 36 54569 10 54699 8 54731 33 54825 10 54951 12 54987 30 55081 10 55162 3 55205 15 55243 28 55337 10 55417 4 55461 16 55499 27 55594 9 55672 7 55705 2 55715 20 55757 24 55850 9 55928 7 55960 5 55971 21 56013 24 56105 9 56184 7 56214 7 56225 24 56265 29 56361 9 56440 7 56469 9 56480 27 56521 29 56617 8 56697 4 56725 38 56775 32 56872 9 56981 38 57030 33 57127 9 57236 40 57285 36 57383 8 57491 40 57541 36 57638 8 57747 40 57796 37 57893 8 58003 40 58051 39 58152 1 58259 40 58306 43 58515 40 58560 46 58771 41 58815 48 59026 42 59070 49 59282 93 59539 92 59795 92 60051 92 60308 92 60564 86 60651 5 60820 85 60907 5 61075 35 61112 49 61163 5 61330 35 61370 47 61419 6 61586 34 61627 46 61676 4 61841 34 61883 46 62097 14 62112 19 62140 46 62352 17 62370 15 62395 49 62607 18 62627 12 62651 49 62863 18 62884 9 62905 51 63119 18 63141 6 63161 51 63375 18 63417 50 63573 4 63631 20 63672 51 63828 7 63889 23 63927 50 64083 8 64145 23 64182 51 64293 2 64339 8 64403 22 64439 48 64547 6 64594 10 64659 22 64695 48 64801 9 64849 12 64916 22 64952 45 65057 10 65104 13 65173 20 65210 43 65312 12 65359 15 65429 20 65469 38
580255,45 16 65 90 300 17 322 89 556 17 579 88 811 17 835 28 869 54 1067 16 1092 26 1125 54 1323 16 1351 22 1381 55 1580 14 1607 23 1637 56 1837 12 1865 22 1893 58 2093 11 2121 23 2149 59 2350 9 2377 26 2404 61 2607 8 2633 88 2863 6 2888 89 3120 5 3144 89 3400 89 3592 3 3657 88 3845 7 3919 82 4101 7 4175 82 4357 7 4432 80 4534 5 4613 6 4688 80 4788 9 4869 6 4945 78 5043 12 5127 2 5203 76 5298 14 5465 71 5553 20 5723 70 5808 23 5983 66 6063 26 6241 64 6319 26 6495 66 6573 28 6750 68 6827 30 7004 71 7078 36 7258 73 7333 37 7507 78 7586 41 7762 79 7842 41 8017 78 8098 42 8265 1 8272 77 8354 42 8448 3 8518 85 8610 43 8704 3 8773 84 8866 44 8960 4 9028 85 9122 45 9216 5 9283 86 9378 45 9472 5 9539 86 9634 47 9728 5 9794 86 9890 47 9984 5 10049 85 10145 50 10240 5 10305 80 10386 3 10401 50 10496 5 10559 78 10656 51 10751 6 10814 73 10912 51 11007 6 11069 72 11168 51 11263 6 11325 72 11423 52 11519 6 11581 72 11679 51 11775 6 11837 72 11935 52 12030 7 12091 74 12191 52 12284 9 12347 74 12447 52 12539 10 12602 75 12703 53 12795 9 12858 75 12960 52 13051 6 13113 76 13216 53 13307 5 13369 76 13473 52 13562 6 13625 76 13729 52 13818 6 13881 76 13986 52 14073 7 14137 76 14242 54 14329 7 14393 76 14498 55 14585 7 14649 76 14753 56 14841 7 14905 76 15007 58 15097 7 15162 76 15261 61 15353 7 15419 75 15517 61 15609 7 15676 74 15771 63 15865 7 15933 73 16027 62 16122 6 16190 72 16283 62 16379 5 16447 71 16539 62 16635 5 16703 70 16795 61 16891 5 16959 70 17051 60 17147 5 17216 68 17308 58 17403 5 17472 67 17568 54 17658 6 17729 66 17827 50 17913 7 17986 64 18083 36 18120 13 18168 8 18243 5 18250 55 18341 34 18376 15 18424 8 18508 53 18602 29 18632 16 18679 9 18689 2 18765 51 18861 25 18888 16 18936 8 18945 2 19023 49 19118 23 19144 16 19192 11 19259 5 19281 48 19379 18 19401 15 19449 8 19516 4 19537 47 19635 17 19657 14 19705 7 19774 1 19791 49 19895 13 19915 8 19961 7 20047 48 20154 9 20172 5 20218 6 20291 56 20352 5 20412 6 20474 6 20547 56 20608 5 20670 3 20731 5 20802 56 20864 7 20987 5 21058 56 21120 7 21242 6 21313 56 21376 8 21397 3 21498 6 21569 56 21633 7 21645 13 21755 5 21824 57 21890 6 21898 17 22012 4 22079 58 22147 25 22269 3 22333 58 22403 26 22527 1 22589 57 22659 27 22840 61 22915 27 23093 64 23171 27 23348 66 23426 27 23603 67 23682 27 23859 68 23938 27 24114 69 24194 26 24225 2 24370 71 24450 27 24480 5 24625 72 24706 28 24735 6 24880 74 24962 35 25135 76 25217 36 25391 118 25647 117 25903 116 26159 116 26414 116 26670 116 26925 116 27179 118 27433 119 27689 119 27944 119 28200 119 28456 113 28571 2 28713 110 28969 109 29225 109 29481 110 29737 111 29993 114 30173 4 30249 114 30427 7 30505 114 30681 10 30761 114 30936 11 31018 113 31191 13 31275 112 31447 13 31531 69 31603 39 31701 16 31788 67 31861 37 31957 16 32045 66 32125 28 32213 17 32301 66 32381 28 32469 17 32559 63 32637 27 32725 18 32816 62 32894 26 32981 18 33075 58 33151 24 33237 18 33331 58 33407 23 33493 18 33589 54 33663 20 33748 19 33845 54 33919 19 34003 20 34101 54 34175 16 34259 19 34357 54 34431 11 34515 18 34613 54 34687 10 34770 19 34869 54 34943 9 35026 18 35124 54 35199 8 35282 17 35303 2 35381 52 35456 6 35539 16 35559 1 35637 48 35797 14 35893 47 36054 13 36163 32 36312 10 36420 31 36569 9 36677 30 36825 8 36937 25 37081 8 37199 18 37337 8 37456 16 37593 7 37714 13 37851 4 37971 10 38108 2 38990 3 39245 5 39501 5 39757 5 40013 5 43264 1 43520 4 43776 7 44032 7 44288 9 44544 9 44800 9 45056 8 45313 5
580290,1 3 19 2 34 8 55 10 70 1 74 16 94 1 105 4 199 24 229 9 241 20 273 81 359 11 377 10 453 28 483 34 523 4 529 82 613 15 632 14 649 4 709 65 777 6 785 100 887 22 965 65 1034 3 1041 98 1144 15 1163 2 1222 65 1307 73 1383 8 1401 1 1404 4 1420 1 1480 62 1563 74 1639 7 1657 7 1736 61 1803 1 1820 82 1913 8 1992 60 2059 1 2076 33 2111 34 2146 12 2168 9 2248 60 2315 1 2331 86 2424 12 2443 4 2497 2 2503 60 2570 2 2575 4 2584 90 2680 13 2699 5 2751 4 2759 60 2825 4 2831 120 2954 7 3006 70 3082 3 3086 131 3221 4 3262 71 3338 135 3475 7 3509 4 3515 74 3595 142 3742 1 3765 81 3857 134 3996 5 4020 83 4115 120 4237 10 4251 6 4275 84 4369 133 4507 10 4531 84 4624 134 4761 13 4787 84 4880 133 5017 13 5042 86 5136 133 5274 13 5298 86 5389 2 5393 133 5531 12 5555 85 5645 1 5649 133 5787 13 5811 88 5905 134 6043 14 6067 88 6161 135 6300 13 6325 86 6417 135 6556 13 6577 1 6583 85 6673 135 6811 18 6833 2 6839 86 6929 135 7067 25 7093 89 7185 134 7323 252 7579 250 7835 249 8092 1 8097 242 8353 242 8607 244 8860 13 8874 232 9115 9 9125 3 9131 28 9161 3 9165 196 9371 8 9381 4 9387 32 9422 195 9625 2 9629 5 9639 34 9679 194 9881 2 9885 5 9895 34 9935 194 10138 9 10151 234 10395 8 10407 231 10649 10 10663 229 10904 11 10919 228 11155 16 11175 227 11417 10 11431 226 11679 4 11686 227 11936 3 11941 226 12198 222 12454 222 12710 223 12967 222 13223 10 13235 210 13478 11 13491 210 13734 11 13747 210 13989 12 14002 209 14245 221 14501 220 14729 1 14757 220 14985 1 15014 218 15241 1 15270 218 15497 1 15527 217 15753 1 15783 6 15792 207 16039 6 16048 207 16297 213 16517 2 16553 28 16585 181 16771 4 16810 26 16841 181 17027 2 17066 26 17095 183 17279 6 17323 8 17333 208 17579 8 17589 207 17835 3 17845 42 17890 160 18091 3 18101 41 18146 159 18346 5 18353 2 18359 199 18602 9 18615 199 18858 5 18864 3 18871 200 19114 4 19121 2 19127 78 19207 122 19371 2 19383 50 19435 26 19464 121 19627 2 19639 50 19691 26 19721 120 19882 4 19895 80 19977 120 20138 4 20150 204 20394 4 20406 65 20473 138 20649 6 20662 65 20729 140 20904 7 20918 64 20986 138 21159 7 21173 64 21243 7 21252 122 21375 4 21393 2 21415 6 21429 60 21495 2 21499 4 21504 2 21508 128 21649 2 21669 8 21686 53 21743 1 21751 2 21755 4 21760 1 21764 4 21773 103 21877 16 21901 6 21924 9 21945 46 22007 2 22011 4 22020 3 22029 102 22133 16 22157 7 22179 9 22201 24 22227 20 22263 1 22267 4 22274 5 22283 122 22413 6 22437 8 22457 46 22523 4 22528 7 22537 123 22669 5 22693 8 22714 47 22779 4 22784 7 22793 120 22925 4 22951 6 22969 50 23037 2 23040 8 23049 120 23181 5 23207 6 23223 52 23296 128 23437 6 23464 5 23473 2 23477 54 23552 128 23693 7 23719 6 23729 2 23733 8 23743 44 23808 5 23815 120 23950 3 23955 2 23975 8 23989 7 24001 42 24064 5 24071 27 24100 90 24196 3 24211 2 24230 9 24245 7 24257 19 24277 22 24320 5 24327 122 24467 2 24488 8 24501 7 24513 43 24573 1 24576 5 24583 123 24718 1 24723 2 24745 7 24757 8 24769 44 24828 3 24832 5 24839 124 24974 2 25001 7 25013 8 25025 44 25084 3 25088 5 25097 123 25231 3 25257 6 25269 8 25281 3 25285 40 25340 3 25344 5 25359 100 25461 16 25487 3 25526 8 25537 3 25541 43 25595 4 25600 5 25618 115 25743 4 25782 8 25793 43 25838 3 25852 3 25856 5 25867 3 25877 14 25895 86 25999 5 26035 9 26048 43 26095 1 26112 5 26123 3 26133 14 26154 83 26255 8 26291 9 26303 43 26368 6 26380 2 26389 14 26408 84 26509 8 26547 14 26563 40 26624 7 26645 14 26663 84 26764 9 26803 14 26821 39 26880 9 26901 15 26919 85 27018 6 27028 1 27059 14 27077 7 27085 31 27136 9 27157 16 27175 88 27277 3 27283 2 27302 2 27314 15 27333 7 27341 10 27354 18 27392 9 27411 24 27436 58 27495 25 27536 5 27558 7 27569 8 27580 6 27589 16 27611 16 27648 9 27668 17 27686 5 27692 58 27751 4 27756 20 27792 5 27814 6 27825 7 27835 8 27845 4 27851 10 27867 17 27904 11 27925 12 27943 3 27948 63 28012 21 28043 10 28057 1 28063 6 28072 3 28082 6 28091 8 28102 3 28107 9 28121 24 28157 14 28181 11 28200 2 28204 63 28269 21 28298 7 28306 3 28313 3 28317 8 28328 3 28339 5 28347 8 28358 3 28363 9 28377 14 28392 9 28412 16 28432 1 28438 13 28455 94 28552 10 28569 3 28573 4 28584 3 28595 4 28603 7 28614 3 28619 10 28632 11 28649 9 28667 13 28681 3 28687 2 28695 14 28711 107 28825 2 28839 4 28852 1 28858 7 28870 3 28875 3 28881 5 28888 11 28905 10 28923 12 28939 5 28951 123 29078 3 29095 4 29113 7 29126 5 29139 4 29144 11 29163 9 29179 12 29195 4 29206 15 29222 107 29333 4 29351 4 29369 8 29382 7 29395 3 29400 10 29419 10 29435 12 29452 3 29461 15 29479 95 29575 9 29587 6 29607 4 29623 4 29629 6 29638 8 29649 2 29656 9 29675 12 29689 14 29707 4 29716 16 29734 95 29831 9 29843 6 29863 4 29879 5 29885 18 29904 4 29912 9 29931 11 29945 6 29952 6 29963 4 29971 43 30015 66 30082 13 30097 9 30120 3 30131 2 30135 43 30185 4 30201 5 30208 6 30219 50 30272 65 30339 11 30352 13 30377 2 30385 5 30392 42 30441 3 30457 5 30464 5 30474 52 30527 78 30608 14 30632 6 30640 51 30697 3 30713 2 30720 3 30730 52 30783 78 30865 14 30888 59 30953 3 30976 2 30985 131 31120 15 31144 48 31195 8 31209 3 31232 2 31241 150 31400 49 31451 9 31464 4 31488 1 31497 150 31654 2 31658 66 31725 8 31744 1 31753 150 31910 2 31914 64 31981 8 32000 1 32010 3 32014 145 32169 52 32224 9 32243 3 32256 1 32266 3 32271 144 32425 51 32481 8 32499 3 32512 1 32523 1 32527 146 32681 64 32756 2 32768 1 32783 146 32937 64 33007 1 33012 2 33024 2 33041 144 33193 64 33263 2 33280 2 33293 2 33297 144 33448 67 33518 3 33536 2 33549 2 33553 142 33703 7 33711 66 33792 2 33805 2 33809 142 33958 8 33967 50 34019 13 34048 1 34066 141 34213 60 34275 3 34280 7 34304 1 34309 2 34322 141 34469 6 34478 51 34536 7 34560 1 34565 1 34579 127 34710 7 34725 62 34792 5 34816 1 34835 126 34967 6 34981 41 35024 19 35048 4 35072 1 35092 117 35211 5 35239 10 35253 24 35281 26 35328 1 35347 124 35494 39 35537 26 35584 1 35597 128 35745 2 35749 20 35771 18 35790 27 35826 2 35839 2 35853 127 36001 2 36005 20 36029 44 36081 4 36095 6 36109 128 36257 2 36261 7 36269 11 36285 44 36334 7 36351 6 36365 128 36507 2 36517 7 36525 10 36541 43 36589 8 36606 5 36621 134 36763 2 36774 5 36781 8 36797 20 36819 20 36845 7 36861 4 36877 127 37005 6 37031 4 37037 8 37053 20 37077 18 37101 6 37117 4 37132 127 37261 7 37289 10 37309 19 37333 18 37357 6 37372 3 37376 1 37388 127 37517 7 37547 11 37561 1 37565 19 37589 18 37612 7 37629 2 37632 1 37637 2 37645 126 37774 10 37795 2 37803 16 37821 19 37844 19 37867 8 37892 4 37901 126 38035 5 38049 4 38059 17 38077 19 38100 19 38123 8 38149 4 38159 126 38292 3 38305 1 38313 75 38405 4 38416 126 38559 2 38569 21 38591 53 38656 1 38660 5 38672 126 38825 21 38847 54 38912 1 38916 4 38928 125 39081 19 39102 55 39168 7 39183 17 39201 92 39298 12 39338 15 39358 55 39424 2 39428 3 39439 17 39457 92 39555 11 39594 46 39644 19 39664 5 39680 1 39685 1 39693 11 39710 96 39812 13 39849 46 39901 15 39920 5 39936 1 39941 1 39949 11 39967 28 39996 66 40068 13 40105 46 40157 14 40177 4 40192 1 40197 4 40203 13 40223 116 40361 44 40414 11 40432 5 40448 1 40453 19 40479 117 40617 24 40642 15 40670 11 40688 5 40704 23 40736 115 40875 38 40943 7 40955 28 40992 113 41131 37 41199 40 41249 112 41387 34 41433 2 41455 40 41505 111 41644 33 41689 2 41709 42 41763 91 41855 16 41901 31 41939 4 41944 5 41963 45 42020 90 42111 16 42157 18 42176 12 42195 12 42219 45 42275 107 42413 16 42433 10 42475 45 42531 107 42669 12 42689 10 42731 17 42752 31 42786 77 42866 29 42924 11 42947 7 42986 7 42995 8 43008 31 43042 77 43123 30 43181 10 43204 6 43241 6 43251 8 43264 19 43287 11 43300 75 43379 2 43384 29 43437 10 43460 2 43482 1 43497 5 43508 2 43512 3 43520 111 43642 26 43693 10 43737 2 43753 5 43765 1 43768 3 43776 62 43839 41 43899 24 43949 10 43964 3 43982 6 43993 7 44007 7 44025 2 44032 61 44095 40 44156 23 44204 11 44219 5 44237 7 44249 8 44263 7 44287 12 44302 41 44345 4 44351 44 44410 25 44447 4 44461 12 44475 6 44491 12 44505 9 44519 7 44532 2 44537 2 44544 10 44559 38 44602 3 44607 45 44665 26 44700 9 44717 20 44747 24 44775 7 44788 2 44793 2 44800 9 44815 38 44859 2 44863 12 44876 33 44920 27 44954 12 44973 20 45003 36 45044 1 45056 9 45070 39 45115 16 45133 31 45176 27 45207 15 45230 19 45259 12 45272 23 45312 9 45325 40 45373 13 45390 7 45400 3 45409 10 45429 4 45437 22 45461 18 45487 18 45515 11 45529 22 45567 9 45581 40 45629 13 45646 6 45656 2 45666 9 45685 31 45717 18 45743 19 45771 12 45785 22 45824 5 45837 37 45887 12 45903 4 45912 1 45922 8 45941 49 46000 19 46027 12 46043 19 46080 3 46093 36 46143 14 46159 3 46167 2 46180 6 46196 21 46219 27 46257 18 46283 13 46300 18 46322 1 46336 3 46347 40 46391 3 46399 12 46423 2 46435 5 46451 50 46515 16 46539 14 46559 2 46563 10 46578 6 46592 3 46599 52 46655 11 46679 3 46691 4 46707 47 46767 2 46774 12 46796 13 46819 10 46835 5 46848 2 46855 12 46868 41 46911 10 46931 7 46947 4 46963 16 46980 5 46989 10 47002 7 47022 3 47033 1 47052 13 47075 10 47091 5 47104 2 47111 11 47124 47 47176 2 47187 7 47203 2 47220 15 47237 4 47245 9 47259 5 47278 2 47308 13 47331 10 47347 4 47360 2 47367 10 47382 31 47420 6 47433 7 47443 7 47458 2 47477 14 47493 3 47503 2 47507 2 47515 2 47529 1 47535 1 47565 13 47585 13 47604 3 47616 2 47623 2 47628 3 47637 32 47675 7 47689 10 47700 6 47733 14 47749 3 47771 2 47785 1 47818 16 47841 14 47861 1 47872 2 47877 1 47891 35 47928 6 47935 4 47944 11 47957 8 47990 18 48026 3 48039 3 48073 18 48098 13 48128 3 48132 3 48147 42 48192 3 48200 3 48205 6 48214 8 48246 8 48255 10 48281 4 48294 3 48329 19 48354 13 48384 6 48402 43 48447 4 48460 7 48469 8 48513 8 48537 3 48549 4 48585 19 48611 12 48640 6 48658 27 48687 20 48716 7 48725 8 48769 8 48785 1 48793 2 48801 1 48805 4 48840 20 48867 12 48896 6 48907 1 48915 25 48943 20 48972 7 48980 9 49025 8 49041 2 49049 2 49057 2 49061 4 49094 11 49107 9 49125 10 49152 5 49171 24 49199 20 49228 17 49280 9 49297 2 49305 2 49317 4 49350 10 49363 9 49382 9 49408 5 49428 15 49444 6 49455 14 49471 3 49478 4 49485 16 49507 6 49536 8 49553 2 49561 2 49573 4 49595 6 49605 6 49619 9 49629 3 49639 8 49664 4 49684 22 49710 19 49735 3 49741 15 49763 6 49792 7 49809 2 49817 1 49829 4 49849 18 49875 13 49896 7 49939 38 49981 5 49997 11 50019 4 50048 7 50065 1 50083 7 50102 15 50135 8 50154 5 50195 6 50203 30 50237 5 50252 11 50275 4 50304 7 50337 9 50357 16 50392 6 50411 4 50451 8 50464 25 50493 3 50506 10 50531 4 50576 3 50594 9 50613 14 50648 5 50665 6 50688 1 50708 8 50721 24 50759 11 50787 4 50832 3 50851 8 50869 14 50905 4 50920 7 50944 1 50965 6 50978 23 51013 12 51033 4 51042 5 51088 3 51106 9 51121 16 51161 4 51175 8 51200 1 51222 3 51234 11 51247 10 51268 13 51288 3 51298 5 51344 3 51359 12 51376 18 51417 3 51432 7 51456 1 51489 9 51503 10 51521 16 51538 9 51553 6 51613 38 51671 4 51689 8 51745 9 51759 10 51777 26 51808 7 51869 38 51927 4 51945 8 52001 8 52013 38 52054 18 52125 35 52185 2 52199 12 52258 6 52269 38 52312 17 52380 16 52397 18 52441 3 52455 12 52516 3 52525 38 52570 15 52636 16 52653 7 52665 5 52696 3 52711 13 52773 2 52783 10 52797 22 52827 14 52891 17 52909 6 52921 1 52951 4 52968 12 53053 22 53082 16 53147 16 53166 1 53207 4 53217 1 53224 13 53307 24 53337 17 53403 16 53473 2 53480 13 53524 2 53562 27 53591 19 53659 14 53729 2 53737 12 53779 3 53818 27 53847 21 53915 13 53985 2 53993 12 54034 4 54075 50 54172 10 54241 2 54254 6 54273 3 54290 4 54333 48 54429 8 54498 1 54511 4 54530 1 54545 5 54591 6 54599 34 54685 6 54753 2 54801 6 54850 3 54856 33 54941 5 55008 3 55056 7 55113 1 55117 8 55127 18 55197 4 55263 4 55312 6 55373 6 55384 17 55453 3 55517 6 55569 4 55642 15 55707 4 55762 1 55771 6 55825 4 55899 14 55963 4 56017 3 56027 6 56038 2 56082 3 56154 15 56274 3 56287 2 56294 2 56338 2 56410 14 56483 2 56530 3 56545 2 56550 2 56594 2 56613 2 56666 13 56753 1 56849 4 56869 2 56922 12 57007 4 57105 4 57125 2 57179 10 57254 3 57259 9 57320 3 57379 5 57437 8 57511 2 57514 11 57573 7 57631 10 57698 3 57767 16 57827 10 57885 12 57954 3 58024 15 58083 10 58139 11 58211 2 58279 16 58339 13 58368 1 58395 10 58467 2 58535 16 58595 13 58624 1 58650 11 58791 15 58849 15 58880 1 58906 11 59046 15 59105 15 59161 12 59195 1 59301 6 59310 3 59361 14 59388 2 59417 12 59451 1 59561 1 59617 14 59673 12 59873 14 59929 11 60129 14 60185 10 60386 13 60440 1 60443 8 60642 14 60701 4 60899 13 60957 2 61155 13 61411 12 61667 12 61695 1 61924 10 61938 1 61947 5 62181 9 62193 3 62201 7 62431 4 62441 3 62457 7 62685 6 62713 7 62968 8 63225 7 63481 7 63737 7 63988 3 63995 5 64244 3 64251 5 64507 5 64743 2 64759 1 64763 5 64999 3 65015 9 65269 11 65524 12
584567,0 43 97 1 221 76 478 75 734 74 990 74 1247 72 1375 3 1503 72 1616 4 1633 1 1759 71 1870 8 2014 71 2112 1 2125 10 2270 67 2338 1 2363 7 2381 10 2526 66 2617 11 2637 10 2782 67 2871 13 2892 12 3038 68 3127 12 3148 13 3293 71 3383 10 3404 13 3548 73 3638 11 3660 14 3804 73 3893 11 3915 16 3996 1 4059 74 4149 11 4171 2 4175 12 4251 4 4315 74 4403 13 4429 14 4505 8 4571 69 4641 4 4659 13 4685 14 4760 10 4827 66 4915 13 4941 14 5015 13 5084 63 5171 13 5197 14 5271 14 5341 56 5426 14 5453 13 5526 15 5603 49 5682 13 5709 13 5781 17 5860 35 5927 4 5937 12 5965 14 6033 21 6117 33 6183 4 6193 12 6219 2 6223 12 6289 22 6374 31 6439 4 6449 10 6479 12 6545 22 6631 30 6696 1 6705 10 6734 13 6801 22 6889 28 6960 10 6990 14 7044 4 7057 22 7146 27 7217 9 7246 15 7297 8 7313 22 7402 25 7473 8 7502 15 7551 10 7568 25 7597 3 7646 3 7658 24 7729 8 7759 15 7807 11 7824 25 7850 6 7901 5 7914 22 7987 4 8016 16 8061 14 8079 34 8153 9 8171 21 8243 4 8273 16 8317 15 8335 34 8408 11 8427 21 8528 17 8572 53 8663 12 8683 21 8783 18 8827 54 8919 12 8939 21 9039 19 9082 55 9175 12 9195 21 9295 18 9338 55 9430 13 9451 21 9549 19 9593 21 9618 30 9685 14 9708 20 9805 18 9844 26 9875 29 9940 15 9964 16 9982 2 10061 15 10097 28 10131 28 10195 14 10221 12 10317 14 10353 27 10387 28 10450 15 10477 12 10573 14 10608 27 10643 28 10705 17 10723 3 10733 10 10830 13 10864 27 10899 28 10961 21 10989 10 11086 13 11119 24 11154 27 11217 22 11246 8 11342 13 11375 24 11410 27 11473 22 11503 6 11598 13 11630 25 11666 25 11729 22 11854 12 11886 25 11922 25 11985 22 12107 2 12114 7 12142 25 12179 24 12240 22 12361 4 12373 2 12397 26 12435 23 12496 22 12617 4 12651 28 12691 22 12752 22 12873 4 12904 31 12947 22 13008 22 13056 3 13129 4 13158 33 13204 21 13264 21 13312 3 13415 33 13461 19 13520 21 13568 4 13671 34 13776 19 13807 6 13824 4 13928 33 14033 17 14063 6 14080 3 14165 2 14184 33 14289 13 14320 6 14336 3 14420 3 14441 33 14545 12 14577 5 14673 6 14695 35 14801 11 14929 6 14950 37 15055 13 15183 6 15204 39 15267 6 15308 15 15438 6 15459 40 15523 7 15563 16 15693 7 15714 43 15779 7 15817 12 15948 8 15970 43 16035 7 16073 10 16202 8 16225 45 16328 11 16458 8 16481 45 16584 11 16714 5 16735 51 16840 11 16970 5 16989 56 17096 11 17227 3 17244 59 17352 12 17365 3 17501 58 17608 16 17723 1 17757 59 17864 17 17979 1 18013 59 18120 18 18268 48 18317 11 18377 18 18523 49 18573 11 18640 11 18779 48 18829 11 18896 13 19034 49 19085 10 19151 15 19287 52 19342 9 19406 18 19543 50 19599 7 19662 18 19799 49 19855 7 19916 19 19967 1 20054 49 20111 7 20171 20 20223 1 20310 47 20369 4 20427 18 20478 2 20566 45 20626 3 20682 19 20733 3 20822 44 20884 1 20936 21 20979 3 20988 4 21078 44 21191 23 21235 4 21244 4 21335 43 21446 24 21491 4 21499 5 21591 43 21702 23 21747 5 21755 5 21847 43 21959 14 22004 7 22053 5 22103 42 22215 14 22251 3 22261 6 22309 9 22359 43 22421 3 22472 13 22505 18 22565 10 22615 44 22676 5 22729 12 22761 18 22820 12 22872 46 22929 12 22986 10 23017 16 23077 11 23129 26 23157 19 23184 13 23243 9 23273 15 23333 10 23387 20 23415 18 23438 16 23503 4 23529 14 23590 9 23643 20 23673 18 23693 18 23786 13 23851 4 23904 13 23930 37 24044 11 24109 2 24165 6 24187 27 24215 8 24301 10 24445 23 24473 5 24559 7 24670 2 24701 22 24729 5 24815 6 24924 7 24960 19 24987 2 25180 8 25218 17 25435 10 25477 13 25567 5 25599 1 25634 2 25691 10 25733 13 25822 7 25887 6 25948 8 25991 11 26025 1 26075 10 26143 7 26176 4 26204 8 26247 11 26279 4 26319 4 26329 12 26398 9 26429 8 26461 6 26504 17 26534 6 26572 7 26583 15 26654 9 26684 11 26717 6 26761 18 26790 7 26827 8 26838 16 26910 9 26939 12 27019 17 27046 7 27083 8 27094 17 27166 10 27191 16 27277 15 27301 8 27339 8 27350 18 27423 18 27445 19 27537 12 27557 8 27595 8 27606 19 27678 19 27701 19 27794 11 27813 8 27851 7 27861 20 27934 17 27956 20 28023 6 28052 7 28067 9 28107 4 28117 20 28190 16 28212 20 28278 8 28310 5 28321 11 28363 3 28373 21 28447 15 28469 20 28533 10 28567 4 28576 11 28619 4 28629 21 28703 15 28725 20 28788 12 28824 5 28832 9 28875 30 28961 13 28981 22 29043 14 29079 15 29132 29 29218 13 29237 22 29299 14 29335 14 29388 30 29475 14 29494 21 29555 14 29590 13 29644 31 29731 15 29750 21 29811 14 29846 13 29900 9 29914 17 29987 40 30068 13 30101 15 30172 5 30181 6 30243 40 30325 12 30356 16 30437 6 30498 19 30519 19 30580 14 30612 19 30693 6 30753 20 30778 16 30835 15 30867 21 30930 1 30948 8 31009 20 31038 11 31085 22 31123 22 31185 6 31204 8 31265 19 31295 10 31339 24 31380 23 31440 9 31461 6 31521 18 31553 7 31595 24 31626 3 31637 30 31695 11 31721 2 31777 17 31809 7 31850 26 31877 10 31893 30 31951 11 32033 15 32067 4 32106 39 32149 32 32205 14 32289 14 32323 4 32361 40 32405 32 32460 15 32545 13 32617 42 32661 32 32715 18 32737 4 32801 12 32873 42 32917 32 32971 28 33057 12 33129 76 33225 32 33313 12 33385 76 33481 33 33569 12 33640 77 33736 35 33825 12 33895 78 33992 35 34081 11 34151 78 34236 1 34247 36 34337 10 34407 78 34491 2 34502 38 34595 7 34663 78 34747 2 34756 40 34851 6 34920 76 35011 40 35176 76 35266 41 35432 76 35522 41 35687 77 35777 40 35943 77 36031 42 36199 77 36285 44 36451 81 36540 45 36707 81 36795 46 36963 81 37051 46 37219 81 37305 48 37475 81 37559 50 37731 133 37987 8 37999 120 38243 6 38257 118 38499 5 38514 117 38770 117 39026 117 39283 116 39539 117 39795 118 40051 119 40307 120 40563 122 40819 121 41074 119 41330 117 41587 116 41844 115 42101 114 42356 114 42612 113 42868 113 43125 112 43352 1 43382 109 43608 1 43638 109 43894 108 44150 107 44406 107 44515 6 44535 2 44661 116 44789 6 44918 115 45044 9 45175 115 45299 11 45432 114 45555 12 45689 112 45811 13 45947 110 46067 13 46204 108 46323 13 46461 106 46578 14 46719 104 46834 14 46977 102 47090 14 47234 53 47289 46 47347 13 47483 1 47491 22 47514 9 47525 16 47548 43 47603 13 47739 2 47747 22 47771 5 47781 16 47805 42 47860 12 47995 2 48003 19 48037 16 48061 23 48085 18 48117 11 48251 2 48259 18 48293 16 48317 22 48341 18 48373 11 48514 19 48549 14 48573 22 48597 18 48629 11 48757 3 48769 20 48805 14 48829 23 48853 18 48886 10 49009 8 49023 22 49061 11 49085 43 49143 9 49265 9 49279 22 49317 10 49341 43 49401 5 49521 10 49535 23 49573 9 49595 46 49777 10 49790 24 49829 10 49851 46 50003 2 50035 36 50084 13 50107 46 50259 4 50291 36 50339 15 50363 23 50387 22 50514 13 50550 10 50563 19 50595 17 50619 22 50645 19 50770 13 50807 9 50821 17 50851 17 50875 22 50902 5 50909 11 51026 14 51063 9 51079 15 51106 19 51131 20 51167 8 51281 15 51320 9 51335 15 51359 22 51387 20 51424 5 51537 15 51576 12 51592 3 51597 9 51613 23 51643 20 51793 15 51832 13 51847 15 51869 23 51899 19 52050 14 52089 29 52125 22 52155 18 52307 12 52345 30 52382 21 52411 18 52569 6 52601 30 52639 20 52667 16 52857 30 52897 17 52923 16 53113 4 53123 21 53155 13 53179 16 53379 21 53413 8 53435 15 53635 21 53691 14 53891 22 53947 12 54148 21 54205 8 54404 23 54463 3 54661 24 54917 24 55175 23 55256 3 55432 22 55510 6 55689 22 55763 10 55945 22 56018 11 56202 20 56255 3 56273 14 56459 19 56509 6 56519 1 56528 15 56715 18 56763 36 56971 18 57018 37 57226 13 57240 4 57272 39 57482 13 57496 5 57527 40 57738 20 57780 41 57993 22 58036 41 58249 23 58292 41 58505 23 58547 43 58760 25 58799 4 58805 44 59016 26 59055 2 59061 46 59273 26 59317 46 59529 26 59573 46 59787 3 59791 19 59829 46 60049 17 60085 46 60305 16 60341 12 60355 9 60365 22 60561 16 60597 12 60621 22 60817 5 60823 10 60854 10 60879 6 60891 7 61073 16 61111 8 61135 4 61149 4 61330 15 61368 7 61586 6 61594 7 61625 5 61843 4 61851 6 62099 4 62108 5 63699 5 63953 9 64209 9 64443 8 64465 9 64477 3 64570 4 64699 8 64721 9 64733 3 64825 8 64954 10 64977 8 64989 4 65081 8 65210 10 65235 4 65246 2 65338 8 65466 11 65503 1
596931,0 33 83 14 155 18 204 7 231 58 339 14 365 2 410 19 460 9 473 2 487 58 596 14 621 2 665 20 716 10 728 5 743 58 853 14 876 4 921 20 972 19 1001 55 1109 14 1132 5 1176 21 1228 21 1259 52 1365 15 1383 4 1388 6 1431 22 1484 26 1518 49 1621 30 1687 22 1740 28 1775 48 1879 30 1943 22 1998 27 2039 8 2048 30 2135 30 2199 22 2254 28 2298 1 2304 29 2387 34 2455 22 2509 30 2560 29 2643 34 2711 10 2722 10 2765 30 2816 30 2898 37 2969 6 2978 9 3021 30 3072 33 3154 37 3225 18 3277 30 3328 33 3409 40 3483 16 3533 31 3584 34 3665 42 3739 16 3789 31 3840 34 3921 44 3994 17 4023 8 4044 32 4096 34 4177 44 4250 16 4279 9 4300 33 4352 35 4433 46 4506 18 4534 11 4556 33 4608 35 4689 46 4762 19 4789 12 4812 33 4864 35 4945 47 5018 21 5045 13 5069 32 5120 37 5191 4 5201 47 5274 23 5301 16 5325 32 5376 39 5445 8 5458 47 5528 46 5583 29 5632 40 5700 9 5714 47 5783 48 5839 30 5888 41 5954 10 5970 47 6038 49 6096 31 6144 42 6209 11 6226 47 6294 50 6353 16 6371 12 6400 42 6464 65 6550 51 6609 33 6656 41 6719 66 6806 51 6866 32 6912 41 6975 7 6985 60 7062 51 7123 32 7167 42 7231 6 7241 62 7317 52 7379 32 7423 41 7489 3 7498 63 7569 56 7635 32 7677 43 7754 63 7825 56 7891 32 7933 3 7941 34 8009 64 8081 57 8147 32 8189 3 8198 33 8265 64 8337 57 8403 31 8445 3 8455 31 8519 66 8593 58 8659 30 8701 3 8711 30 8743 2 8775 66 8849 58 8915 30 8958 2 8968 27 8999 2 9031 66 9109 54 9171 30 9224 27 9285 68 9365 55 9427 29 9482 23 9539 71 9617 1 9621 55 9684 26 9738 23 9795 72 9877 55 9940 26 9995 22 10050 73 10131 58 10196 25 10234 6 10251 22 10305 74 10387 58 10452 25 10489 7 10508 20 10561 74 10643 57 10708 24 10744 8 10765 18 10816 75 10900 56 10963 25 11000 8 11023 14 11071 75 11157 5 11165 12 11178 33 11219 24 11255 9 11279 12 11327 74 11413 6 11421 12 11434 15 11450 17 11475 24 11511 9 11536 9 11583 73 11670 5 11677 27 11707 13 11731 23 11766 10 11792 8 11839 73 11927 5 11933 28 11963 11 11988 22 12022 10 12051 3 12096 73 12185 32 12218 9 12245 20 12277 11 12352 73 12441 42 12501 7 12512 9 12533 11 12607 74 12699 39 12759 4 12769 7 12787 13 12849 4 12863 75 12956 37 13027 3 13043 13 13103 7 13119 75 13213 36 13298 14 13358 9 13375 75 13469 36 13554 14 13613 10 13630 76 13726 35 13810 14 13869 11 13885 77 13982 34 14067 13 14125 11 14139 79 14239 33 14323 13 14381 12 14394 80 14496 32 14580 12 14636 85 14722 8 14754 30 14837 11 14892 84 14979 7 15011 18 15033 7 15094 10 15145 34 15180 51 15235 7 15269 13 15291 5 15351 9 15400 35 15436 51 15491 6 15525 12 15548 3 15607 9 15655 35 15693 49 15746 7 15782 10 15862 10 15911 35 15951 47 16002 7 16039 9 16117 11 16165 88 16259 5 16297 4 16372 12 16420 89 16515 5 16627 13 16673 90 16882 14 16927 91 17138 14 17163 6 17183 87 17393 15 17418 8 17439 86 17649 15 17673 10 17696 83 17904 16 17929 10 17953 82 18102 2 18159 20 18185 10 18209 80 18354 7 18409 28 18441 9 18466 77 18609 9 18664 41 18723 67 18856 4 18864 9 18919 42 18979 67 19111 6 19120 9 19175 40 19224 5 19237 64 19365 9 19375 10 19431 40 19480 5 19493 64 19620 11 19632 8 19687 40 19735 9 19747 65 19875 12 19890 5 19943 41 19991 77 20131 12 20148 1 20199 40 20247 63 20311 12 20387 12 20454 41 20504 59 20569 10 20643 12 20709 43 20760 57 20827 8 20899 12 20965 43 21016 57 21085 5 21156 11 21221 43 21272 57 21415 8 21476 44 21528 57 21673 6 21732 45 21784 57 21930 6 21987 46 22040 57 22187 5 22243 47 22295 58 22443 6 22496 51 22549 60 22699 7 22751 112 22955 7 23003 110 23159 3 23210 9 23257 111 23413 6 23465 10 23511 113 23669 7 23721 9 23767 42 23820 60 23924 9 23977 8 24023 41 24078 57 24179 10 24233 8 24279 41 24334 47 24385 5 24435 10 24488 9 24535 41 24590 46 24643 2 24690 11 24743 11 24791 41 24846 45 24899 4 24945 12 24999 14 25047 41 25102 44 25155 6 25201 13 25255 16 25303 41 25357 44 25411 10 25457 15 25510 18 25560 17 25582 18 25614 42 25667 10 25712 17 25766 18 25817 16 25839 17 25870 31 25922 12 25957 9 25967 20 26022 19 26073 16 26098 14 26126 30 26171 4 26178 13 26212 31 26277 20 26330 15 26355 13 26382 31 26425 24 26466 35 26533 20 26587 16 26613 11 26638 31 26681 24 26721 36 26784 4 26789 20 26844 15 26871 9 26894 31 26936 27 26976 38 27038 27 27102 14 27143 38 27191 28 27232 39 27294 27 27357 15 27398 39 27447 29 27487 41 27549 28 27613 16 27654 10 27665 28 27703 30 27743 41 27805 28 27837 6 27869 16 27907 12 27923 16 27942 7 27957 32 27999 42 28061 38 28123 19 28160 15 28179 15 28199 5 28213 32 28255 42 28317 39 28376 22 28416 14 28436 13 28469 32 28511 42 28573 39 28630 24 28672 14 28693 10 28726 32 28767 42 28829 40 28885 24 28928 13 28951 3 28984 29 29023 43 29084 42 29139 26 29184 13 29241 28 29278 44 29340 43 29394 27 29440 11 29499 8 29509 16 29533 44 29595 44 29649 27 29696 11 29755 8 29765 16 29789 44 29851 45 29904 28 29952 11 30011 21 30039 3 30045 44 30107 46 30161 26 30197 8 30208 11 30221 1 30267 19 30293 6 30300 45 30363 47 30417 26 30453 8 30465 15 30523 16 30548 54 30618 49 30673 26 30707 11 30722 15 30779 15 30802 57 30873 50 30929 26 30963 12 30980 14 31036 12 31056 59 31129 51 31185 27 31217 15 31237 14 31291 12 31312 60 31385 52 31441 27 31473 15 31494 15 31547 12 31567 12 31580 49 31641 84 31729 15 31750 16 31803 12 31823 12 31837 48 31897 56 31955 27 31984 16 32007 15 32058 12 32080 9 32097 45 32153 56 32213 26 32240 16 32263 14 32314 12 32336 9 32355 43 32409 56 32471 24 32496 16 32518 15 32569 14 32593 6 32612 43 32665 55 32731 4 32736 32 32774 14 32825 14 32851 2 32869 42 32921 54 32992 32 33029 11 33042 1 33080 15 33125 44 33178 52 33249 31 33285 10 33336 15 33381 44 33434 51 33505 31 33540 10 33555 3 33592 15 33635 48 33691 48 33761 31 33795 10 33811 4 33849 14 33891 48 33947 47 34017 31 34051 8 34066 5 34107 10 34147 34 34185 10 34203 45 34273 31 34308 6 34322 6 34363 8 34402 33 34441 10 34460 43 34529 31 34565 2 34578 7 34622 1 34659 32 34697 10 34716 32 34749 6 34785 31 34833 8 34915 30 34953 9 34973 30 35041 31 35089 9 35171 27 35209 8 35229 28 35298 30 35345 9 35427 26 35465 8 35485 28 35554 30 35599 12 35684 22 35721 6 35741 28 35810 30 35854 14 35941 20 35977 5 35997 28 36066 30 36110 14 36198 20 36232 5 36253 28 36322 30 36363 1 36367 13 36454 20 36488 5 36509 28 36577 31 36622 14 36709 21 36745 4 36768 24 36829 35 36878 14 36909 4 36964 22 37029 19 37085 35 37134 14 37163 8 37214 28 37289 13 37339 37 37389 15 37418 9 37469 29 37546 10 37595 37 37645 15 37667 18 37722 33 37851 37 37901 16 37922 19 37971 2 37976 35 38107 37 38157 16 38175 24 38227 42 38355 3 38363 37 38413 42 38483 43 38585 3 38609 7 38619 37 38669 42 38738 46 38828 20 38865 47 38925 2 38931 36 38994 47 39083 21 39120 48 39181 2 39189 34 39249 50 39339 22 39376 48 39431 8 39444 35 39505 50 39594 24 39631 49 39687 9 39699 34 39761 50 39849 26 39887 49 39943 30 39975 14 40017 50 40105 26 40143 49 40198 31 40233 11 40273 49 40361 27 40398 50 40454 31 40489 11 40529 49 40617 27 40654 33 40688 16 40710 21 40734 7 40747 8 40784 43 40874 27 40909 33 40945 15 40967 20 40991 6 41004 6 41039 44 41131 27 41165 33 41202 14 41225 16 41247 6 41295 44 41375 4 41388 27 41421 33 41459 12 41481 16 41503 6 41551 44 41629 6 41645 27 41675 35 41716 11 41740 13 41761 3 41807 43 41880 11 41902 64 41997 2 42001 7 42063 43 42135 13 42158 64 42248 1 42255 9 42320 41 42391 14 42415 62 42504 1 42511 9 42577 40 42647 19 42671 42 42715 18 42760 2 42764 13 42833 26 42860 12 42903 20 42927 41 42972 17 43017 16 43089 24 43117 11 43159 21 43183 40 43228 16 43273 18 43345 11 43375 8 43416 20 43437 42 43483 17 43529 18 43600 11 43632 6 43671 64 43740 16 43783 22 43853 13 43923 69 43997 15 44031 1 44039 23 44109 13 44179 69 44253 15 44287 1 44292 27 44364 11 44433 72 44510 14 44542 2 44546 29 44594 2 44619 10 44688 73 44766 15 44797 34 44849 4 44873 12 44943 74 45023 14 45053 34 45105 4 45129 12 45199 31 45232 41 45279 14 45309 34 45361 4 45385 12 45455 29 45489 20 45512 18 45537 11 45565 34 45617 4 45641 12 45662 3 45711 28 45745 18 45768 18 45793 11 45821 34 45899 9 45917 8 45966 29 46001 7 46025 17 46051 7 46079 32 46155 8 46173 9 46222 29 46257 6 46282 16 46307 6 46335 32 46428 13 46477 26 46515 2 46539 14 46592 30 46684 17 46733 25 46797 12 46848 27 46939 24 46989 24 47055 8 47104 25 47195 25 47245 24 47315 2 47360 23 47451 26 47504 21 47616 23 47707 26 47761 20 47872 23 47963 27 47991 5 48018 19 48128 10 48142 9 48168 3 48219 33 48274 19 48384 9 48401 6 48424 5 48474 35 48531 17 48640 8 48659 4 48680 7 48730 35 48787 16 48875 3 48896 7 48936 9 48951 4 48963 11 48985 36 49045 12 49129 6 49152 7 49192 10 49206 7 49215 16 49241 36 49305 6 49385 6 49408 5 49448 42 49495 38 49641 6 49664 4 49704 43 49751 38 49897 6 49920 1 49961 44 50007 38 50155 7 50176 1 50217 45 50263 38 50412 10 50473 84 50668 15 50726 87 50924 15 50981 88 51180 20 51237 88 51436 20 51493 88 51657 4 51691 21 51749 89 51913 5 51946 22 52005 89 52169 6 52201 23 52261 89 52424 8 52457 23 52516 91 52679 10 52712 24 52771 92 52935 10 52968 24 53026 93 53190 13 53224 24 53283 93 53447 13 53464 7 53479 25 53539 93 53704 26 53731 29 53795 93 53961 55 54051 94 54217 55 54307 94 54473 55 54564 21 54589 68 54729 55 54820 21 54847 15 54865 48 54985 55 55076 7 55084 15 55103 14 55123 45 55241 55 55332 6 55341 16 55360 12 55379 44 55497 55 55584 9 55597 17 55617 10 55636 35 55753 55 55840 7 55853 18 55874 8 55893 33 56009 55 56095 10 56109 19 56151 29 56265 55 56351 11 56365 20 56409 26 56522 54 56603 38 56667 21 56780 52 56857 40 56924 14 57037 51 57112 42 57182 9 57293 51 57369 41 57439 8 57549 51 57625 27 57660 7 57804 52 57881 26 57917 8 58060 52 58138 25 58175 7 58315 53 58394 24 58431 8 58571 53 58651 22 58688 7 58826 54 58907 21 58945 6 59038 2 59081 55 59164 19 59201 5 59291 11 59331 61 59421 9 59434 4 59459 2 59545 16 59586 62 59792 28 59841 63 60046 31 60096 64 60301 34 60352 64 60557 34 60608 64 60812 36 60864 64 61059 6 61068 37 61119 65 61309 56 61375 65 61561 62 61631 65 61728 9 61815 65 61887 65 61983 12 62070 67 62143 63 62239 14 62326 56 62384 9 62401 60 62495 15 62581 56 62640 9 62658 58 62750 17 62837 55 62897 8 62915 56 62993 3 63005 18 63092 56 63153 7 63172 53 63248 5 63260 21 63346 58 63411 4 63430 49 63504 6 63516 21 63581 5 63590 1 63601 60 63668 1 63687 46 63759 35 63835 14 63857 61 63943 40 64015 36 64091 14 64113 61 64200 37 64264 43 64346 15 64368 62 64457 35 64518 46 64602 16 64624 63 64713 35 64770 51 64858 16 64880 63 64975 29 65025 52 65114 16 65136 62 65233 12 65248 12 65280 53 65370 15 65392 62 65492 7 65512 5
597667,0 91 106 241 363 239 620 238 877 236 1133 236 1380 5 1392 233 1635 9 1647 234 1890 247 2145 247 2402 245 2658 245 2915 243 3171 242 3427 242 3682 243 3937 244 4193 244 4448 245 4703 247 4959 180 5140 67 5215 138 5355 40 5399 66 5472 135 5613 38 5655 66 5728 135 5869 109 5985 134 6127 107 6242 133 6384 107 6498 106 6609 20 6640 107 6754 105 6867 18 6896 109 7010 105 7129 10 7153 109 7266 105 7385 8 7409 85 7495 26 7522 104 7667 81 7753 129 7923 79 8015 4 8027 113 8142 3 8148 1 8180 77 8284 7 8292 113 8437 74 8541 122 8679 7 8692 71 8798 123 8926 2 8931 14 8947 70 9054 124 9179 93 9310 217 9566 216 9822 215 10078 183 10262 31 10333 183 10524 23 10590 181 10781 22 10847 161 11009 17 11041 18 11103 161 11265 17 11297 17 11359 161 11521 18 11554 15 11615 161 11777 19 11811 14 11871 161 12033 22 12069 10 12104 9 12127 161 12290 21 12325 10 12360 10 12383 161 12547 9 12558 11 12581 9 12615 12 12639 161 12803 8 12815 10 12837 6 12871 12 12895 161 13060 7 13071 12 13093 4 13126 14 13152 3 13159 153 13317 6 13327 26 13381 16 13415 153 13575 4 13583 24 13636 18 13672 152 13839 23 13892 18 13929 150 14096 21 14148 18 14186 147 14355 18 14403 20 14443 144 14613 16 14660 19 14700 143 14871 14 14916 19 14956 143 15129 10 15173 18 15212 143 15387 8 15429 18 15467 144 15645 4 15684 19 15721 145 15868 4 15940 18 15977 145 16123 5 16197 17 16231 153 16453 17 16487 153 16709 16 16741 155 16965 16 16997 155 17222 13 17251 157 17477 13 17507 157 17731 12 17761 163 17986 12 18014 170 18240 15 18267 174 18495 16 18523 174 18751 17 18777 177 19007 17 19032 179 19263 18 19286 181 19518 20 19541 182 19765 215 20020 219 20275 94 20373 122 20530 95 20630 123 20785 96 20885 124 21040 99 21141 125 21295 227 21551 227 21808 227 22064 227 22321 226 22578 225 22836 223 23093 222 23329 1 23351 221 23584 4 23607 222 23839 8 23863 223 24095 10 24119 224 24350 15 24367 233 24605 29 24638 18 24657 232 24896 13 24917 229 25152 13 25173 230 25409 12 25428 231 25665 12 25684 233 25921 12 25939 234 26177 12 26194 252 26447 4770 31223 250 31479 249 31735 249 31991 8 32000 241 32246 9 32256 242 32501 9 32512 254 32768 253 33024 254 33280 503 33787 253 34043 1252 35299 252 35556 249 35812 248 36068 247 36322 248 36577 248 36831 249 37085 250 37339 252 37595 251 37851 250 38107 250 38360 253 38615 14105 52723 248 52979 245 53238 6 53248 228 53504 227 53760 227 54016 228 54272 228 54528 229 54784 229 55040 230 55296 230 55552 231 55808 231 56064 231 56320 231 56576 230 56832 229 57088 227 57344 225 57600 223 57856 223 58112 224 58368 225 58624 225 58880 225 59136 226 59392 226 59648 57 59709 166 59904 57 59965 166 60160 57 60220 167 60416 58 60475 168 60672 227 60928 226 61184 225 61440 225 61696 225 61952 225 62208 225 62464 32 62501 188 62720 31 62758 188 62976 31 63015 187 63232 30 63273 186 63488 30 63529 186 63744 13 63759 14 63787 184 64000 12 64016 13 64043 184 64256 12 64273 11 64299 183 64512 12 64531 5 64537 3 64555 183 64768 12 64811 149 64963 30 65024 12 65067 147 65219 30 65280 11 65323 144 65476 9 65487 18
602248,0 7961 7963 254 8220 20452 28673 36863
607765,0 65536
609763,32 22 157 46 289 21 413 46 546 20 669 46 803 18 927 43 1059 18 1185 40 1315 18 1444 24 1477 3 1570 19 1701 23 1825 18 1913 2 1959 4 1967 13 2081 18 2167 5 2224 12 2298 5 2337 17 2421 8 2482 9 2551 9 2593 15 2677 10 2739 8 2805 11 2849 12 2933 19 2967 2 2996 4 3060 12 3105 12 3190 19 3221 5 3277 3 3316 12 3363 7 3449 20 3475 8 3529 8 3572 12 3619 5 3707 19 3730 9 3785 10 3828 12 3964 30 4041 13 4057 3 4085 11 4221 29 4297 14 4312 4 4319 1 4341 11 4495 10 4553 24 4597 11 4751 10 4809 24 4853 11 5008 9 5066 22 5109 11 5184 2 5264 9 5325 18 5365 11 5439 4 5521 8 5583 14 5605 4 5619 13 5695 4 5777 8 5839 13 5861 4 5875 13 5949 5 6033 8 6098 7 6116 5 6125 19 6205 5 6289 9 6355 4 6372 28 6461 4 6547 8 6626 30 6716 5 6803 8 6881 31 6972 4 7059 8 7135 33 7229 2 7316 7 7391 33 7453 1 7572 7 7601 2 7645 24 7670 10 7705 6 7828 7 7856 3 7901 35 7959 9 8085 6 8112 8 8157 35 8215 10 8278 1 8342 4 8368 9 8413 35 8469 12 8534 1 8624 8 8671 33 8725 12 8790 1 8880 7 8928 32 8980 14 9085 3 9137 5 9185 14 9200 16 9236 14 9393 4 9443 29 9491 23 9701 27 9746 25 9958 26 10001 28 10084 5 10207 1 10213 27 10257 28 10339 6 10462 3 10467 29 10513 28 10584 17 10609 4 10718 34 10769 28 10839 18 10864 6 10975 33 11025 29 11093 20 11119 8 11231 33 11281 28 11349 20 11375 8 11389 4 11452 5 11489 31 11536 29 11603 22 11630 10 11642 9 11702 13 11749 27 11792 29 11859 21 11885 22 11958 13 12005 27 12050 25 12115 21 12139 24 12216 12 12263 25 12307 24 12370 22 12394 25 12473 11 12522 22 12563 23 12627 19 12648 28 12729 10 12780 20 12819 23 12883 18 12904 28 12985 10 13025 2 13037 19 13074 23 13141 6 13149 5 13159 12 13173 15 13241 10 13277 7 13293 19 13329 24 13397 5 13415 12 13429 15 13496 11 13533 8 13549 19 13584 24 13671 11 13685 14 13749 14 13789 9 13805 19 13839 24 13925 13 13941 14 14004 15 14045 10 14061 19 14095 22 14179 14 14197 14 14260 15 14301 10 14315 21 14350 23 14433 16 14453 14 14516 14 14558 9 14569 23 14606 21 14689 14 14709 12 14771 15 14815 7 14825 14 14841 7 14862 21 14945 12 14965 12 15027 15 15082 10 15097 7 15118 19 15201 11 15223 9 15283 16 15353 7 15374 18 15457 10 15479 8 15539 20 15609 7 15631 15 15715 4 15735 3 15795 26 15865 7 15887 12 15971 4 16051 26 16121 7 16145 8 16260 3 16307 24 16377 7 16513 6 16556 1 16561 26 16633 7 16766 10 16811 2 16817 26 16849 1 16889 7 17021 11 17049 1 17068 1 17072 27 17103 4 17145 7 17275 13 17303 5 17328 36 17400 8 17529 15 17559 5 17584 36 17631 1 17656 8 17784 16 17813 7 17830 3 17840 37 17886 6 17911 9 18039 17 18068 8 18085 4 18095 38 18142 6 18167 9 18295 16 18323 5 18340 4 18352 35 18398 7 18423 9 18551 16 18579 4 18595 5 18608 33 18655 12 18679 9 18747 6 18807 15 18836 1 18849 6 18864 33 18911 14 18935 9 19002 8 19064 13 19105 6 19121 32 19169 13 19191 9 19240 1 19257 10 19325 6 19360 6 19377 32 19427 11 19447 9 19495 4 19513 10 19615 7 19631 35 19683 11 19702 10 19743 13 19769 11 19868 10 19880 43 19939 9 19957 11 19997 16 20025 11 20123 56 20195 8 20212 12 20252 15 20280 13 20335 6 20379 30 20411 25 20452 7 20467 13 20508 14 20536 13 20588 9 20636 27 20669 24 20708 6 20723 13 20763 14 20791 14 20843 10 20893 26 20925 25 20965 4 20979 13 21017 16 21047 15 21067 1 21098 12 21149 26 21181 26 21221 4 21235 13 21263 26 21303 24 21353 14 21408 22 21437 30 21478 2 21491 13 21517 28 21559 26 21608 17 21664 22 21693 31 21748 12 21773 28 21815 27 21863 20 21920 21 21949 32 22005 11 22028 28 22071 28 22119 20 22176 21 22205 33 22261 11 22283 29 22327 27 22373 22 22432 21 22456 39 22522 1 22527 1 22539 29 22583 27 22627 24 22688 63 22793 30 22841 25 22883 30 22943 64 23049 30 23099 23 23138 23 23162 8 23199 63 23304 30 23356 22 23394 17 23418 9 23456 20 23477 16 23495 22 23559 30 23611 23 23650 18 23674 9 23703 3 23712 20 23733 34 23768 4 23815 30 23864 25 23906 33 23958 5 23968 55 24040 3 24071 30 24119 26 24163 32 24213 6 24224 55 24294 5 24327 31 24374 27 24421 30 24468 9 24481 75 24582 32 24628 29 24679 28 24724 11 24737 16 24755 34 24791 21 24837 33 24879 34 24938 23 24979 30 25011 30 25048 21 25093 33 25134 35 25195 26 25235 30 25267 14 25285 10 25304 22 25349 16 25374 7 25388 37 25455 12 25469 13 25491 29 25523 10 25560 24 25605 16 25631 6 25644 37 25711 12 25725 12 25747 24 25779 9 25816 25 25862 14 25898 37 25967 11 25981 12 26001 24 26036 7 26072 27 26119 13 26154 37 26223 10 26237 12 26257 24 26293 6 26328 27 26377 10 26409 36 26480 7 26492 13 26507 30 26583 28 26623 1 26634 9 26665 36 26737 5 26747 9 26757 3 26762 31 26839 28 26878 2 26898 1 26920 33 26995 1 27002 10 27013 35 27095 28 27133 3 27153 3 27176 31 27257 47 27352 27 27388 4 27409 5 27431 27 27511 48 27609 25 27643 5 27665 6 27687 26 27766 49 27865 25 27899 5 27921 6 27943 22 28021 51 28129 17 28152 8 28176 7 28199 21 28276 52 28385 17 28405 11 28431 8 28456 18 28531 56 28640 18 28659 13 28687 8 28713 10 28725 4 28787 58 28895 33 28943 9 28971 6 29042 62 29151 33 29199 12 29227 5 29298 63 29407 33 29455 13 29554 63 29663 33 29712 13 29739 1 29810 63 29919 33 29969 14 29992 5 30067 62 30175 33 30226 13 30248 5 30324 60 30431 33 30482 13 30503 6 30547 2 30582 55 30688 32 30737 14 30759 6 30802 3 30840 51 30945 8 30955 21 30993 14 31015 5 31053 9 31097 50 31202 4 31213 19 31249 14 31272 3 31308 10 31354 49 31469 19 31505 14 31549 7 31563 12 31610 49 31727 17 31761 15 31805 8 31819 12 31855 4 31866 49 31983 17 32004 34 32061 28 32110 5 32121 50 32239 17 32259 36 32317 28 32366 6 32377 51 32495 17 32514 37 32573 28 32605 4 32621 7 32632 52 32719 4 32737 4 32751 17 32769 38 32829 28 32861 8 32877 7 32888 51 32973 8 32992 6 33007 17 33025 38 33086 29 33116 14 33133 6 33144 51 33225 14 33247 8 33263 56 33343 44 33389 7 33401 50 33481 14 33503 8 33519 56 33599 54 33658 47 33731 20 33761 6 33775 56 33855 54 33914 17 33933 28 33987 20 34017 6 34031 57 34111 54 34171 16 34189 28 34233 8 34244 17 34273 8 34288 56 34367 55 34427 16 34455 18 34487 10 34501 7 34509 6 34530 8 34545 56 34604 7 34621 57 34683 17 34713 16 34743 10 34786 11 34803 64 34873 61 34939 18 34969 17 34999 10 35041 12 35059 66 35127 64 35195 18 35225 18 35254 11 35297 12 35315 66 35383 64 35451 19 35481 17 35510 11 35551 15 35571 134 35708 20 35736 18 35765 11 35806 17 35826 137 35965 20 35991 20 36021 10 36046 1 36061 208 36273 12 36295 10 36317 160 36483 42 36529 12 36551 10 36573 161 36743 52 36805 18 36829 162 36999 50 37059 21 37085 163 37255 15 37275 28 37314 22 37341 162 37511 14 37531 6 37538 20 37570 22 37597 162 37765 15 37788 1 37796 16 37825 21 37853 124 37981 34 38021 15 38055 12 38081 14 38096 5 38109 126 38237 53 38336 13 38365 7 38373 37 38412 55 38471 23 38495 49 38561 1 38591 13 38621 6 38632 32 38670 53 38727 23 38751 46 38817 2 38846 14 38873 10 38889 30 38927 52 38983 70 39073 1 39101 15 39129 10 39145 28 39183 52 39238 69 39324 6 39357 22 39385 17 39408 21 39439 60 39500 63 39579 8 39612 23 39640 19 39665 18 39695 58 39759 14 39775 45 39832 11 39867 48 39923 14 39951 58 40015 14 40031 46 40087 12 40123 48 40180 12 40208 59 40273 10 40288 47 40343 13 40378 51 40438 10 40465 58 40530 9 40544 49 40598 18 40633 43 40677 8 40695 9 40723 56 40790 1 40800 49 40855 26 40888 9 40905 27 40934 8 40952 8 40983 53 41056 49 41111 29 41143 9 41162 26 41192 6 41208 8 41242 51 41311 50 41368 17 41386 21 41419 26 41451 4 41464 8 41498 51 41567 50 41624 39 41675 26 41706 5 41720 8 41755 50 41823 48 41881 38 41932 26 41962 7 41975 9 42011 51 42079 48 42137 38 42189 26 42217 8 42231 9 42269 50 42335 48 42394 39 42443 28 42473 8 42488 8 42525 50 42592 47 42650 39 42699 28 42728 9 42745 7 42784 48 42849 5 42858 37 42908 39 42952 41 43002 6 43041 48 43115 36 43165 84 43259 5 43297 48 43371 37 43423 84 43518 2 43554 48 43628 36 43678 85 43775 1 43811 48 43885 36 43933 88 44068 48 44141 36 44188 90 44326 47 44397 36 44441 93 44583 46 44654 35 44697 94 44794 1 44843 43 44911 34 44951 96 45049 3 45103 39 45169 32 45206 97 45305 4 45362 36 45407 9 45427 32 45461 98 45561 7 45617 37 45663 10 45684 130 45817 7 45873 37 45915 14 45941 57 46002 67 46074 1 46077 3 46129 37 46171 14 46199 54 46258 67 46334 2 46384 37 46427 14 46457 54 46515 66 46587 5 46640 37 46682 15 46713 54 46771 66 46843 5 46896 36 46938 15 46970 55 47027 66 47099 5 47152 35 47193 16 47226 55 47283 66 47355 5 47408 34 47449 16 47482 25 47511 93 47611 5 47664 33 47704 22 47738 23 47767 93 47867 5 47921 29 47959 26 47995 22 48021 95 48125 3 48177 28 48215 26 48251 22 48277 95 48382 2 48433 25 48470 28 48507 21 48532 97 48690 23 48725 30 48763 20 48788 97 48887 1 48948 19 48981 30 49020 19 49044 103 49206 15 49237 30 49277 17 49301 103 49467 7 49493 31 49534 1 49539 10 49557 80 49651 11 49723 4 49749 31 49796 9 49813 79 49907 11 50005 31 50043 4 50054 5 50069 78 50163 12 50261 32 50298 5 50325 78 50418 13 50517 44 50565 8 50581 78 50675 12 50773 44 50821 8 50837 78 50931 11 51029 44 51076 10 51093 79 51187 10 51285 57 51349 83 51445 6 51541 58 51606 84 51797 59 51863 84 52053 60 52121 82 52309 60 52380 79 52565 6 52573 54 52629 86 52820 7 52831 140 52989 3 53075 8 53088 139 53232 9 53243 5 53331 9 53345 138 53487 17 53587 10 53604 134 53742 18 53843 10 53861 133 53998 18 54101 6 54119 153 54357 4 54376 152 54544 7 54633 151 54799 10 54890 150 55054 12 55147 110 55259 37 55297 3 55310 13 55404 66 55472 41 55515 42 55565 14 55660 63 55729 41 55771 43 55822 14 55917 62 55986 40 56027 43 56079 15 56174 6 56185 50 56242 40 56283 43 56336 15 56431 4 56441 50 56498 40 56539 43 56593 17 56624 1 56700 47 56755 82 56849 19 56878 5 56957 46 57011 82 57105 20 57132 8 57215 44 57269 80 57359 22 57387 10 57400 11 57471 45 57525 80 57615 22 57642 27 57729 45 57781 80 57871 21 57897 29 57985 46 58039 4 58045 72 58126 21 58153 30 58241 48 58294 4 58304 68 58380 23 58409 30 58497 48 58550 4 58561 14 58578 51 58633 25 58665 30 58753 50 58805 6 58820 10 58835 79 58921 30 59009 58 59077 8 59092 78 59177 29 59264 60 59335 2 59350 42 59393 36 59431 31 59519 63 59590 2 59608 40 59650 67 59775 72 59853 2 59867 37 59907 66 60030 73 60108 4 60123 37 60163 66 60286 83 60379 37 60420 64 60542 83 60635 37 60677 63 60798 85 60890 38 60937 59 61055 84 61145 39 61199 54 61311 84 61401 39 61454 57 61569 82 61657 39 61709 60 61831 75 61914 38 61965 60 62088 74 62170 112 62344 23 62372 45 62427 111 62601 21 62631 41 62683 111 62857 21 62893 23 62920 7 62941 110 63113 21 63150 21 63177 6 63198 109 63368 21 63406 21 63434 5 63458 105 63624 21 63662 21 63691 4 63714 30 63755 65 63879 21 63919 20 63970 30 64011 65 64135 21 64176 18 64226 30 64268 64 64391 27 64432 19 64483 29 64524 64 64647 27 64688 19 64739 29 64781 63 64903 28 64943 20 64997 27 65038 63 65159 28 65199 20 65237 2 65255 25 65298 59 65374 7 65416 4 65426 17 65453 22 65491 8 65516 20
614290,0 1 253 3 511 1 15103 1 15357 3 15611 5 15861 11 16115 13 16367 17 16622 18 16876 20 17131 21 17378 30 17633 31 17882 1 17886 34 18137 39 18391 41 18646 42 18895 49 19149 51 19400 56 19654 58 19905 63 20160 64 20413 67 20667 69 20917 75 21171 77 21423 81 21676 84 21926 90 22179 93 22431 97 22684 100 22936 104 23191 105 23445 107 23697 111 23949 115 24203 117 24456 120 24707 125 24960 128 25213 131 25464 136 25717 139 25966 146 26219 149 26472 152 26726 154 26977 159 27231 161 27485 163 27734 170 27986 174 28241 175 28493 179 28743 185 28996 188 29251 189 29506 190 29761 191 30006 5 30014 194 30260 204 30508 24 30535 185 30762 25 30793 183 31015 27 31051 181 31269 28 31308 180 31522 31 31565 179 31773 36 31821 179 32025 41 32076 180 32279 43 32331 181 32529 50 32586 182 32779 59 32839 185 33032 248 33287 5792 39081 251 39337 251 39593 250 39849 249 40104 95 40204 151 40357 98 40461 249 40719 246 40975 244 41232 243 41489 88 41578 150 41747 84 41837 147 42004 83 42093 147 42265 78 42351 145 42523 76 42607 145 42787 68 42864 132 42999 9 43043 68 43121 130 43255 9 43300 68 43377 4 43386 121 43511 9 43556 69 43633 4 43642 121 43767 9 43811 73 43890 3 43898 122 44023 9 44067 74 44146 4 44155 121 44279 9 44293 4 44319 78 44401 143 44545 9 44575 79 44657 154 44830 237 45085 240 45341 242 45596 245 45851 246 46107 247 46361 250 46617 250 46871 252 47127 252 47382 3656 51041 253 51296 254 51551 255 51807 2304 54116 250 54373 248 54629 248 54885 246 55141 246 55397 246 55653 246 55909 229 56143 13 56165 222 56390 3 56400 13 56421 222 56657 14 56676 223 56914 14 56931 226 57172 241 57429 240 57687 238 57943 238 58196 242 58451 243 58707 243 58963 243 59219 243 59475 243 59731 243 59987 244 60243 244 60499 244 60753 245 61008 246 61263 247 61518 249 61773 250 62029 251 62285 251 62540 93 62634 158 62796 82 62891 156 63051 83 63148 154 63307 70 63387 2 63405 153 63563 70 63644 1 63661 152 63818 70 63917 152 64074 70 64173 152 64330 69 64429 153 64585 70 64685 154 64841 70 64941 155 65097 71 65197 230 65451 85
614416,0 65536
623676,0 6 240 23 496 23 753 22 1009 23 1265 24 1520 25 1776 24 2032 24 2288 23 2544 23 2801 21 3057 20 3313 15 3569 15 3825 15 4081 11 4337 10 4595 6 4842 1 4852 3 5097 3 5353 4 5609 4 5865 5 6121 5 6377 5 6634 4 6892 1 7949 4 8204 7 8458 13 8713 15 8968 17 9223 18 9478 18 9733 19 9986 22 10217 2 10241 23 10472 5 10496 24 10725 10 10752 24 10981 10 11008 25 11236 13 11264 25 11492 13 11520 26 11747 16 11776 26 12003 16 12032 26 12259 16 12288 26 12515 16 12549 20 12771 16 12807 17 13026 17 13066 5 13281 16 13323 4 13536 17 13581 2 13791 16 14047 15 14303 14 14559 14 14816 12 15072 13 15329 12 15585 11 15843 9 16029 4 16099 9 16281 12 16357 6 16536 13 16615 2 16789 17 17044 18 17299 20 17555 20 17811 20 18067 20 18323 19 18579 19 18836 17 19093 16 19171 5 19350 7 19425 9 19607 5 19679 12 19935 14 20190 17 20447 19 20703 20 20959 20 21216 19 21473 18 21729 18 21985 18 22242 17 22499 14 22755 14 23013 11 23270 9 23511 3 23766 5 24019 8 24275 8 24530 9 24785 10 25041 10 25297 10 25520 15 25551 12 25775 17 25805 14 26030 19 26059 15 26286 19 26315 14 26542 20 26568 17 26798 21 26823 18 27055 21 27077 20 27311 43 27569 46 27826 47 28083 48 28339 49 28596 49 28853 49 29111 48 29368 53 29627 51 29883 51 30141 48 30398 47 30656 45 30893 4 30914 43 31148 9 31173 40 31403 10 31429 40 31659 11 31685 38 31914 12 31940 39 32169 14 32191 43 32425 14 32447 43 32681 14 32701 45 32937 14 32957 46 33193 14 33213 48 33453 10 33469 50 33713 6 33725 56 33969 5 33981 59 34236 63 34492 64 34748 64 35003 65 35259 65 35516 65 35772 66 36029 66 36285 67 36542 66 36798 66 37053 67 37309 67 37565 67 37820 68 38075 69 38331 69 38586 70 38841 71 39095 73 39351 73 39606 74 39862 74 40117 75 40373 75 40629 75 40885 75 41141 75 41397 75 41653 75 41910 74 42167 73 42414 1 42429 67 42669 3 42686 66 42921 7 42942 66 43177 6 43198 66 43413 3 43433 3 43454 66 43668 5 43687 5 43709 67 43923 8 43937 11 43960 72 44137 2 44179 9 44191 13 44215 73 44391 6 44435 9 44445 14 44469 75 44647 7 44691 9 44701 14 44723 77 44903 7 44948 23 44975 81 45159 7 45205 22 45229 83 45415 8 45462 53 45525 43 45672 6 45718 53 45780 44 45976 52 46033 14 46057 23 46233 52 46289 14 46315 21 46491 68 46571 17 46591 1 46747 68 46827 16 47003 67 47083 14 47259 66 47340 12 47515 66 47597 6 47607 1 47771 66 47854 3 47861 5 48027 54 48086 5 48116 10 48283 53 48372 11 48540 2 48551 38 48628 11 48807 34 48884 12 48971 5 49064 33 49140 12 49225 8 49320 33 49396 12 49480 9 49577 32 49652 12 49736 9 49833 32 49909 11 49992 9 50093 27 50166 10 50248 9 50350 26 50423 9 50504 9 50607 22 50679 9 50760 9 50839 4 50864 19 50937 7 51017 8 51094 7 51121 16 51193 7 51274 6 51349 10 51381 12 51449 7 51604 11 51641 5 51707 5 51857 15 51964 4 52110 19 52223 1 52365 20 52621 20 52876 21 53132 21 53235 6 53388 21 53417 4 53491 6 53643 22 53671 9 53745 11 53899 24 53926 11 54001 11 54155 25 54181 14 54206 1 54257 11 54411 25 54437 17 54456 9 54513 11 54667 59 54769 10 54922 61 55026 8 55177 64 55432 65 55504 4 55687 68 55757 9 55943 80 56198 90 56454 91 56711 92 56967 94 57225 11 57241 80 57481 10 57497 80 57755 82 58011 83 58266 85 58521 87 58645 5 58775 90 58900 7 59029 92 59156 9 59273 6 59284 93 59411 10 59528 105 59667 10 59783 106 59923 10 60039 106 60179 10 60294 107 60435 10 60549 108 60671 1 60690 11 60805 108 60946 11 61062 107 61201 12 61319 106 61457 13 61577 104 61713 14 61834 102 61969 15 62090 101 62225 17 62348 102 62482 17 62606 101 62739 18 62866 99 62996 17 63123 98 63252 19 63379 99 63509 18 63636 98 63765 18 63893 97 64021 18 64149 97 64278 17 64405 96 64535 16 64662 95 64793 14 64919 93 65050 13 65176 92 65310 8 65339 5 65435 88
632056,0 11260 11264 251 11520 249 11776 248 12032 243 12288 242 12544 239 12800 236 13056 233 13312 231 13568 227 13824 225 14080 221 14336 219 14592 216 14848 213 15104 209 15360 208 15616 203 15872 202 16128 199 16384 196 16640 193 16896 189 17152 186 17408 185 17664 180 17920 179 18176 174 18432 172 18688 169 18944 167 19200 163 19456 161 19712 156 19968 154 20224 150 20480 147 20736 143 20992 141 21248 139 21504 137 21760 133 22016 132 22272 128 22528 125 22784 123 23040 121 23296 116 23552 115 23808 109 24064 107 24320 105 24576 102 24832 98 25088 95 25344 92 25600 91 25856 86 26112 84 26368 80 26624 78 26880 76 27136 74 27392 69 27648 68 27904 63 28160 61 28416 58 28672 55 28928 51 29184 50 29440 45 29696 43 29952 39 30208 37 30464 33 30720 31 30976 28 31232 26 31488 21 31744 19 32000 15 32256 14 32512 11 32768 9 33024 5 33280 5
636405,0 65536
636648,0 129 254 129 512 127 768 127 1024 127 1280 127 1536 127 1792 127 2048 127 2304 128 2560 128 2816 129 3072 129 3328 129 3584 129 3840 129 4096 129 4352 130 4608 130 4864 130 5120 131 5376 131 5632 131 5888 131 6144 131 6400 132 6656 132 6912 132 7168 132 7424 132 7680 133 7936 133 8192 133 8448 133 8704 133 8960 133 9216 133 9472 133 9728 134 9984 134 10240 134 10496 135 10752 135 11008 135 11264 135 11520 135 11776 135 12032 136 12288 136 12544 136 12800 137 13056 137 13312 137 13568 137 13824 137 14080 137 14336 138 14592 138 14848 138 15104 138 15360 138 15616 138 15872 138 16128 139 16384 139 16640 139 16896 139 17152 140 17408 141 17664 141 17920 141 18176 141 18432 141 18688 141 18944 142 19200 142 19456 143 19712 143 19968 143 20224 143 20480 143 20736 143 20992 144 21248 144 21504 144 21760 145 22016 145 22272 145 22528 145 22784 145 23040 145 23296 146 23552 146 23808 147 24064 147 24320 147 24576 147 24832 147 25088 147 25344 147 25600 147 25856 148 26112 148 26368 148 26624 148 26880 149 27136 149 27392 149 27648 149 27904 149 28160 150 28416 150 28672 150 28928 151 29184 151 29440 151 29696 151 29952 151 30208 151 30464 151 30720 152 30976 152 31232 152 31488 153 31744 153 32000 153 32256 153 32512 153 32768 153 33024 153 33280 154 33536 154 33792 154 34048 155 34304 155 34560 155 34816 155 35072 156 35328 156 35584 156 35840 157 36096 157 36352 157 36608 157 36864 157 37120 157 37376 157 37632 158 37888 158 38144 158 38400 158 38656 159 38912 159 39168 159 39424 159 39680 160 39936 160 40192 161 40448 161 40704 161 40960 161 41216 161 41472 161 41728 162 41984 162 42240 162 42496 162 42752 163 43008 163 43264 163 43520 163 43776 163 44032 163 44288 163 44544 163 44800 164 45056 164 45312 165 45568 165 45824 165 46080 165 46336 165 46592 165 46848 165 47104 166 47360 166 47616 167 47872 167 48128 167 48384 167 48640 167 48896 167 49152 167 49408 167 49664 167 49920 167 50176 167 50432 168 50688 169 50944 169 51200 169 51456 169 51712 169 51968 169 52224 169 52480 169 52736 169 52992 169 53248 170 53504 171 53760 171 54016 171 54272 171 54528 172 54784 172 55040 172 55296 172 55552 172 55808 172 56064 173 56320 173 56576 173 56832 173 57088 174 57344 174 57600 174 57856 174 58112 174 58368 174 58624 174 58880 174 59136 175 59392 175 59648 175 59904 176 60160 176 60416 177 60672 177 60928 177 61184 177 61440 177 61696 177 61952 177 62208 177 62464 178 62720 179 62976 179 63232 179 63488 179 63744 179 64000 180 64256 180 64512 180 64768 181 65024 181 65280 181
650818,0 1 39 217 301 211 557 211 813 211 1069 211 1325 211 1581 211 1837 211 2093 211 2350 210 2607 209 2863 209 3119 209 3377 207 3633 207 3889 207 4145 207 4401 207 4656 208 4912 208 5168 208 5425 207 5681 207 5937 207 6193 207 6449 207 6706 206 6963 205 7219 205 7475 205 7731 205 7986 206 8241 207 8497 207 8753 207 9010 206 9266 206 9523 205 9779 205 10036 204 10292 204 10549 203 10805 203 11061 203 11317 203 11573 203 11828 204 12085 203 12341 203 12597 203 12854 202 13110 202 13367 201 13623 201 13879 201 14135 201 14391 201 14647 201 14903 201 15159 201 15416 200 15673 199 15929 199 16185 199 16442 198 16699 197 16955 197 17211 197 17467 197 17723 197 17979 197 18235 197 18491 197 18747 197 19004 196 19260 196 19517 195 19773 195 20030 194 20286 194 20543 193 20799 193 21054 194 21310 194 21566 194 21822 194 22078 194 22335 193 22591 193 22848 192 23104 192 23361 191 23617 191 23873 191 24129 191 24385 191 24641 191 24896 192 25152 192 25409 191 25665 191 25921 191 26177 191 26434 190 26691 189 26947 189 27203 189 27460 188 27715 189 27971 189 28227 189 28483 189 28739 189 28996 188 29252 188 29508 188 29765 187 30021 187 30277 187 30533 187 30789 187 31045 187 31301 187 31557 187 31813 187 32069 187 32326 186 32583 185 32839 185 33095 185 33352 184 33608 184 33865 183 34121 183 34377 183 34632 184 34888 184 35144 184 35400 184 35657 183 35913 183 36169 183 36426 182 36683 181 36939 181 37195 181 37451 181 37707 181 37963 181 38219 181 38475 181 38731 181 38987 181 39243 181 39500 180 39757 179 40013 179 40269 179 40526 178 40782 178 41038 178 41294 178 41550 178 41806 178 42062 178 42319 177 42575 177 42831 177 43088 176 43345 175 43601 175 43857 175 44113 175 44369 175 44624 176 44880 176 45136 176 45392 176 45649 175 45905 175 46162 174 46419 173 46675 173 46931 173 47188 172 47444 172 47700 172 47955 173 48211 173 48467 173 48723 173 48979 173 49235 173 49492 172 49748 172 50005 171 50261 171 50518 170 50774 170 51030 170 51286 170 51541 171 51797 171 52053 171 52309 171 52566 170 52822 170 53079 169 53335 169 53592 168 53848 168 54105 167 54361 167 54617 167 54873 167 55129 167 55385 167 55641 167 55897 167 56153 167 56410 166 56667 165 56923 165 57179 165 57435 165 57691 165 57948 164 58204 164 58460 164 58716 164 58972 164 59229 163 59485 163 59741 163 59997 163 60254 162 60511 161 60767 161 61023 161 61279 161 61535 161 61791 161 62047 161 62303 161 62559 161 62815 161 63072 160 63329 159 63585 159 63841 159 64097 159 64352 160 64608 160 64863 161 65119 161 65375 161
652005,0 65536
655919,0 219 256 219 512 220 768 221 1024 221 1280 222 1536 222 1792 222 2048 222 2304 99 2405 122 2560 99 2662 121 2816 223 3072 223 3328 223 3584 223 3840 223 4096 222 4352 222 4608 222 4864 222 5120 223 5376 223 5632 224 5888 225 6144 225 6400 225 6656 225 6912 223 7168 110 7279 112 7424 110 7537 110 7680 110 7793 110 7936 110 8047 114 8192 110 8303 114 8448 228 8689 4 8704 229 8944 6 8960 232 9199 8 9216 235 9455 9 9472 236 9712 9 9728 237 9968 9 9984 140 10129 94 10224 9 10240 140 10387 92 10480 8 10496 140 10643 100 10752 141 10900 93 10995 3 11008 141 11157 92 11264 141 11413 93 11520 141 11670 92 11776 141 11926 92 12032 108 12143 30 12183 92 12288 108 12400 29 12439 92 12544 65 12612 39 12657 27 12694 93 12800 65 12868 39 12913 27 12949 95 13056 66 13124 40 13171 24 13204 97 13312 108 13427 26 13459 98 13567 110 13683 131 13821 112 13939 132 14077 116 14206 121 14332 117 14463 121 14588 119 14719 122 14844 120 14975 122 15100 121 15231 123 15357 120 15487 124 15614 119 15742 126 15872 117 15997 127 16128 117 16253 128 16384 117 16508 129 16640 116 16763 130 16896 116 17019 130 17152 115 17274 63 17339 66 17408 115 17526 2 17529 132 17664 115 17781 138 17920 255 18176 255 18432 255 18688 630 19319 3067 22388 253 22645 235 22883 12 22901 235 23139 11 23157 139 23297 95 23394 4 23413 139 23553 96 23650 2 23669 139 23810 96 23925 139 24068 94 24181 139 24324 94 24437 139 24581 93 24693 139 24837 94 24949 139 25093 94 25205 139 25349 94 25462 138 25605 94 25719 137 25862 92 25976 136 26118 92 26234 134 26375 89 26491 133 26631 87 26749 131 26887 86 27007 129 27143 86 27263 129 27399 86 27518 130 27655 86 27773 131 27912 86 28028 128 28169 85 28283 24 28312 95 28425 86 28539 24 28571 86 28681 86 28795 24 28829 80 28927 1 28937 86 29051 24 29087 76 29183 1 29193 86 29307 24 29345 72 29439 1 29449 86 29563 25 29602 59 29705 86 29819 25 29859 56 29961 86 30075 26 30115 32 30150 14 30217 86 30331 26 30371 30 30407 5 30474 84 30587 26 30627 29 30730 83 30843 27 30883 28 30987 82 31099 27 31140 25 31243 81 31355 28 31397 24 31499 78 31612 27 31653 20 31755 78 31845 2 31868 27 31909 9 31923 2 32011 78 32099 10 32125 26 32267 78 32355 10 32381 26 32523 77 32611 13 32639 23 32779 77 32867 14 32896 21 33036 75 33124 13 33155 15 33292 74 33381 13 33412 11 33549 72 33637 14 33669 8 33805 72 33893 14 33925 6 34061 70 34150 13 34317 70 34407 12 34573 69 34663 12 34829 68 34919 11 35085 68 35177 7 35341 68 35597 69 35857 50 35908 15 36113 48 36163 18 36369 47 36419 18 36625 46 36674 18 36880 47 36929 18 37136 46 37185 16 37392 45 37445 5 37648 44 37904 43 38161 41 38417 40 38673 31 38929 30 39185 26 39442 22 39698 19 39955 16 40212 11 40469 4
659565,0 65536
661320,0 65536
664566,0 65536
666091,0 3 9 247 271 241 527 241 784 240 1040 240 1297 239 1553 239 1809 239 2065 239 2322 238 2578 238 2835 237 3091 237 3347 237 3603 237 3859 237 4115 237 4371 164 4537 71 4627 164 4794 70 4883 164 5051 69 5140 163 5307 69 5397 162 5562 70 5653 235 5909 235 6165 235 6421 177 6600 56 6677 176 6856 56 6933 176 7113 55 7190 173 7369 55 7446 166 7625 55 7702 166 7881 55 7959 166 8138 54 8215 166 8394 54 8472 165 8650 54 8728 166 8905 34 8941 19 8985 166 9159 34 9200 16 9241 166 9408 41 9456 16 9497 206 9712 6 9753 206 9969 5 10009 206 10225 4 10265 206 10481 4 10521 205 10778 203 11035 189 11231 2 11291 188 11547 187 11803 186 12031 1 12060 185 12285 3 12317 182 12541 3 12573 180 12797 3 12829 180 13053 3 13085 179 13311 1 13341 178 13567 1 13597 176 13853 174 14110 161 14273 8 14366 161 14530 3 14623 160 14785 2 14879 164 15135 164 15313 2 15391 165 15568 5 15647 166 15823 7 15903 168 16079 8 16159 169 16337 7 16415 170 16593 7 16672 170 16850 7 16928 171 17105 8 17185 171 17361 11 17441 174 17616 14 17697 192 17895 4 17953 192 18151 6 18209 193 18407 6 18466 193 18663 7 18722 205 18979 204 19235 206 19491 206 19747 208 20003 208 20259 208 20515 209 20735 1 20771 209 20988 4 21027 210 21243 5 21284 209 21497 7 21540 220 21797 219 22053 219 22310 218 22566 218 22822 218 23078 218 23335 217 23591 217 23847 217 24103 217 24359 217 24615 217 24871 217 25128 216 25384 216 25640 216 25897 215 26153 215 26410 214 26667 213 26923 213 27179 213 27436 212 27693 211 27949 211 28205 211 28462 210 28718 210 28975 209 29231 209 29486 210 29742 210 29998 210 30254 210 30510 210 30767 209 31023 209 31279 209 31535 209 31791 209 32048 208 32305 207 32561 207 32817 207 33073 207 33330 206 33586 206 33842 206 34098 206 34354 206 34610 206 34866 206 35123 205 35379 205 35635 205 35891 205 36147 205 36403 205 36659 205 36915 205 37171 205 37427 205 37684 204 37940 204 38197 203 38453 203 38709 203 38965 203 39221 203 39477 203 39734 202 39990 202 40247 201 40503 201 40760 200 41016 200 41273 199 41529 199 41785 199 42042 198 42298 198 42555 197 42811 197 43067 197 43323 197 43579 197 43835 197 44092 196 44348 196 44604 196 44861 195 45117 195 45373 195 45629 195 45885 195 46141 195 46397 195 46653 195 46909 195 47166 194 47423 193 47679 193 47935 193 48191 193 48447 193 48702 194 48959 193 49215 193 49472 192 49729 191 49985 191 50242 190 50499 189 50755 189 51012 188 51267 189 51523 189 51779 189 52036 188 52293 187 52549 187 52805 187 53061 187 53317 187 53573 187 53829 187 54085 187 54341 187 54598 186 54855 185 55111 185 55367 185 55624 184 55880 184 56136 184 56392 184 56649 183 56905 183 57161 183 57417 183 57673 183 57930 182 58186 182 58443 181 58699 181 58955 181 59211 181 59467 181 59724 180 59981 179 60237 179 60493 179 60749 179 61005 179 61261 179 61517 179 61773 84 61861 91 62029 84 62117 91 62285 84 62373 91 62541 83 62629 91 62798 81 62886 90 63055 80 63142 90 63311 80 63399 89 63568 78 63655 89 63825 76 63911 89 64081 76 64167 89 64337 76 64422 90 64593 75 64678 90 64848 75 64933 91 65104 74 65189 91 65360 70 65444 92
672675,0 197 256 197 512 197 768 197 1024 197 1280 139 1421 56 1536 198 1792 142 1935 55 2048 142 2191 56 2304 142 2447 56 2560 142 2703 56 2816 142 2959 56 3072 141 3217 55 3328 140 3474 55 3567 7 3584 139 3731 54 3823 7 3840 137 3987 56 4079 8 4096 137 4245 54 4335 8 4352 136 4502 53 4591 8 4608 135 4763 47 4847 8 4864 123 4993 6 5019 46 5103 8 5120 123 5250 3 5275 44 5359 8 5376 123 5531 43 5614 9 5632 122 5788 42 5870 9 5888 121 6044 8 6055 32 6126 8 6144 121 6300 7 6312 31 6382 7 6400 120 6557 6 6569 29 6638 5 6656 120 6813 6 6826 28 6895 4 6912 119 7051 4 7069 6 7083 26 7168 119 7307 5 7326 5 7339 25 7424 119 7563 6 7597 21 7680 119 7819 6 7853 20 7936 118 8075 6 8120 7 8192 117 8331 6 8448 105 8555 8 8589 2 8704 104 8960 103 9216 103 9472 102 9728 102 9984 101 10240 100 10496 99 10752 99 11007 99 11261 101 11516 102 11771 103 12027 102 12283 102 12539 102 12795 102 13047 106 13301 109 13557 110 13813 28 13843 81 14069 24 14101 81 14326 23 14357 82 14583 22 14615 80 14840 20 14871 80 15098 6 15111 4 15136 70 15355 5 15368 1 15393 69 15613 3 15651 67 15907 68 16165 66 16240 1 16383 1 16423 64 16495 2 16639 1 16682 61 16748 5 16894 2 16940 59 17003 6 17150 2 17199 52 17258 6 17405 3 17455 52 17514 5 17661 3 17711 52 17771 2 17917 3 17967 51 18027 2 18173 3 18221 54 18283 1 18428 4 18477 54 18539 1 18683 5 18732 55 18939 5 18988 55 19195 5 19221 12 19243 55 19451 5 19477 13 19500 53 19707 5 19733 15 19757 48 19963 5 19988 17 20017 44 20070 5 20219 5 20251 8 20275 39 20325 8 20428 1 20476 4 20511 2 20532 34 20581 8 20683 2 20733 3 20791 30 20837 8 20937 6 20990 2 21047 29 21093 8 21193 6 21246 2 21305 26 21348 7 21448 9 21502 3 21561 26 21604 7 21704 9 21759 4 21819 24 21848 3 21861 6 21961 8 22016 4 22076 23 22104 3 22117 6 22217 8 22272 5 22333 20 22361 1 22375 5 22475 6 22528 5 22589 20 22631 6 22732 4 22784 5 22845 19 22883 2 22887 7 23004 3 23012 1 23040 5 23102 9 23113 7 23139 10 23258 13 23296 5 23360 5 23371 4 23387 2 23393 12 23465 1 23510 19 23552 4 23616 5 23627 4 23647 14 23721 2 23766 19 23808 3 23872 5 23884 3 23902 13 23972 7 24021 29 24128 5 24136 3 24157 12 24174 8 24195 2 24227 8 24277 30 24383 6 24393 4 24413 27 24451 2 24484 4 24531 34 24638 7 24649 4 24669 28 24707 2 24740 1 24783 1 24787 34 24883 1 24892 9 24905 5 24914 3 24924 30 24957 8 25036 42 25137 4 25145 12 25161 5 25167 6 25179 32 25212 9 25292 42 25392 23 25417 12 25435 42 25548 43 25647 38 25691 43 25803 43 25891 3 25903 38 25947 48 26059 42 26146 5 26159 38 26202 50 26313 5 26320 29 26350 5 26367 1 26401 9 26415 31 26449 4 26457 54 26577 31 26621 3 26645 2 26657 10 26671 31 26706 3 26713 54 26833 30 26877 3 26901 2 26911 12 26929 29 26963 2 26969 55 27089 31 27133 3 27157 2 27167 13 27187 28 27219 61 27345 32 27388 4 27423 14 27445 29 27476 61 27600 35 27644 4 27679 14 27701 30 27732 61 27814 1 27856 37 27900 4 27935 14 27957 92 28051 2 28065 7 28111 41 28156 4 28191 14 28213 92 28306 4 28319 9 28367 42 28413 3 28447 14 28471 113 28622 44 28670 2 28703 14 28727 113 28877 45 28927 1 28961 11 28986 3 28991 106 29133 45 29185 2 29218 7 29243 110 29388 47 29440 5 29501 3 29505 104 29643 48 29696 5 29757 2 29762 103 29899 48 29952 5 30019 104 30158 45 30208 5 30275 104 30415 44 30464 5 30531 24 30556 80 30673 43 30720 5 30786 23 30812 80 30930 42 30976 5 31030 1 31037 2 31041 23 31069 80 31187 41 31232 5 31286 1 31291 30 31324 82 31444 40 31488 5 31542 1 31545 118 31701 38 31744 5 31801 118 31957 38 32000 5 32057 118 32213 37 32256 5 32313 118 32469 36 32512 9 32569 117 32725 36 32768 11 32781 2 32819 2 32823 119 32981 36 33024 17 33074 124 33239 33 33280 18 33329 125 33496 31 33536 20 33583 127 33755 28 33792 20 33839 127 34011 28 34048 21 34095 127 34269 26 34304 21 34351 127 34525 25 34560 23 34603 131 34741 2 34782 23 34816 25 34859 130 34996 4 35039 21 35072 27 35101 3 35115 129 35252 4 35296 17 35328 33 35370 130 35509 3 35552 16 35584 40 35626 131 35809 12 35840 172 36066 11 36096 171 36324 5 36352 170 36608 166 36864 165 37120 156 37277 4 37370 2 37376 155 37561 4 37623 155 37782 2 37815 9 37876 155 38070 11 38131 156 38324 15 38346 5 38385 158 38579 18 38601 8 38640 64 38705 94 38833 34 38894 66 38961 94 39089 35 39150 55 39210 6 39217 94 39344 37 39405 56 39465 102 39599 40 39661 56 39721 32 39755 68 39853 44 39916 57 39977 32 40011 68 40107 48 40171 58 40232 102 40360 53 40427 58 40487 102 40615 54 40683 162 40869 57 40939 160 41125 58 41194 157 41379 60 41449 158 41635 60 41704 159 41868 7 41890 61 41960 159 42123 9 42146 62 42215 177 42399 65 42472 177 42653 66 42729 246 42985 246 43242 245 43499 244 43756 243 44015 159 44176 79 44278 233 44536 139 44677 90 44793 138 44933 90 45051 136 45189 90 45309 134 45447 88 45567 224 45824 221 46080 219 46336 217 46592 216 46848 214 47104 213 47360 213 47616 212 47872 211 48128 211 48384 209 48616 5 48627 8 48639 210 48871 7 48883 10 48894 209 49127 8 49139 220 49383 232 49638 233 49893 234 50149 49 50204 179 50405 47 50457 182 50660 49 50710 185 50915 236 51171 236 51429 236 51670 2 51688 233 51923 5 51945 239 52201 239 52457 242 52713 244 52970 246 53227 246 53483 246 53739 246 53995 248 54252 247 54509 246 54766 245 55024 147 55177 2 55180 87 55283 144 55435 88 55541 140 55683 4 55691 88 55799 136 55939 4 55947 88 56057 132 56195 96 56314 130 56451 3 56455 92 56571 129 56711 92 56829 128 56967 92 57086 129 57223 92 57343 128 57479 92 57600 129 57735 92 57856 130 57991 91 58112 133 58247 90 58368 134 58503 90 58624 222 58880 219 59136 192 59332 21 59392 191 59588 21 59648 191 59845 18 59904 190 60102 15 60160 182 60358 13 60416 181 60672 181 60928 181 61124 4 61184 181 61380 5 61440 180 61637 4 61696 180 61895 2 61952 179 62151 1 62208 179 62464 178 62720 177 62976 177 63232 177 63488 177 63744 175 64000 175 64256 175 64512 174 64768 172 65024 172 65280 172 65457 1
675111,0 83 93 82 253 89 348 82 511 88 604 82 768 174 1024 174 1280 174 1536 174 1792 174 2048 174 2304 175 2560 175 2816 175 3072 175 3328 175 3584 175 3840 176 4096 177 4352 177 4608 177 4864 177 5120 177 5376 177 5632 177 5888 177 6144 178 6400 178 6656 178 6912 179 7168 179 7424 179 7680 179 7936 180 8192 180 8448 181 8704 181 8960 181 9216 181 9472 181 9728 182 9984 182 10240 183 10496 183 10752 183 11008 183 11264 5 11273 174 11520 4 11535 169 11776 4 11792 168 12032 4 12049 167 12288 3 12306 166 12544 3 12561 167 12800 3 12817 167 13056 1 13073 168 13329 168 13585 168 13841 168 14097 168 14353 168 14609 169 14864 170 15119 171 15365 181 15619 184 15875 184 16130 185 16385 186 16641 187 16897 187 17153 187 17409 187 17666 187 17922 187 18179 186 18435 186 18691 186 18947 186 19203 187 19459 187 19712 191 19968 191 20224 191 20480 191 20736 191 20992 191 21248 191 21504 191 21760 192 22016 192 22272 193 22528 193 22784 193 23040 193 23296 193 23552 194 23808 194 24064 194 24320 194 24576 194 24832 195 25088 195 25344 195 25600 195 25856 196 26112 196 26368 196 26624 197 26880 197 27136 197 27392 197 27648 197 27904 197 28160 197 28416 197 28672 197 28928 197 29184 197 29440 197 29696 197 29952 198 30208 199 30464 199 30720 199 30976 200 31232 200 31488 201 31744 201 32000 201 32256 201 32512 201 32768 201 33024 201 33280 201 33536 202 33792 148 33941 53 34048 202 34304 202 34560 202 34816 202 35072 203 35328 203 35584 203 35840 92 35935 33 35969 74 36096 37 36143 44 36191 31 36226 73 36352 30 36399 44 36448 29 36482 73 36608 29 36655 44 36701 23 36730 82 36864 29 36911 66 36987 82 37120 15 37137 12 37167 52 37220 10 37243 82 37376 31 37423 63 37499 82 37632 41 37676 66 37755 82 37888 43 37932 66 38010 83 38144 110 38255 95 38400 108 38511 95 38656 207 38912 207 39168 207 39424 207 39680 208 39936 208 40192 208 40448 209 40704 209 40960 209 41216 209 41472 209 41728 209 41984 210 42240 210 42496 210 42752 211 43008 211 43264 211 43520 211 43776 211 44032 211 44288 212 44544 212 44800 212 45056 213 45312 213 45568 213 45824 213 46080 213 46336 213 46592 213 46848 214 47104 214 47360 215 47616 215 47872 215 48128 215 48384 215 48640 172 48813 42 48896 170 49071 41 49152 170 49327 41 49408 170 49583 42 49664 171 49839 42 49920 217 50176 217 50432 217 50688 217 50944 217 51200 217 51456 218 51712 101 51815 115 51968 101 52075 111 52224 101 52332 110 52480 102 52591 107 52736 103 52848 106 52992 103 53106 24 53135 75 53248 104 53362 24 53391 76 53504 106 53620 22 53647 76 53760 107 53875 23 53903 76 54016 108 54129 26 54157 78 54272 109 54385 106 54528 109 54639 109 54784 109 54895 109 55040 108 55149 111 55296 107 55405 111 55552 107 55661 111 55808 107 55917 111 56064 107 56172 113 56320 221 56576 102 56680 117 56832 102 56935 118 57088 101 57191 119 57344 101 57447 120 57600 101 57703 120 57856 101 57959 120 58112 97 58216 120 58368 97 58472 120 58624 96 58729 120 58880 96 58985 120 59136 67 59207 26 59241 120 59392 69 59463 27 59494 123 59648 225 59904 225 60166 220 60423 219 60683 215 60939 216 61197 214 61453 214 61707 216 61961 218 62211 29 62243 192 62466 29 62501 190 62721 29 62761 187 62976 30 63017 187 63232 30 63274 186 63488 29 63529 187 63744 29 63785 188 64000 28 64041 188 64256 25 64297 188 64512 23 64553 189 64768 21 64808 191 65024 21 65064 191 65280 20 65320 191
677723,0 65536
680771,0 65536
682813,0 92 255 91 512 89 768 89 1024 90 1280 90 1536 91 1792 91 2048 91 2304 91 2560 91 2816 91 3072 91 3328 91 3584 92 3840 93 4096 94 4352 94 4608 94 4864 95 5120 95 5376 95 5632 95 5888 96 6144 96 6400 95 6656 95 6912 95 7168 96 7424 96 7680 97 7936 97 8192 97 8448 97 8704 97 8960 99 9216 99 9472 100 9728 100 9984 99 10240 99 10496 99 10752 99 11008 99 11264 99 11520 99 11776 99 12032 99 12288 100 12544 100 12800 101 13056 101 13312 102 13568 102 13824 102 14080 103 14336 103 14592 103 14848 103 15104 103 15360 103 15616 103 15872 103 16128 104 16384 104 16640 104 16896 105 17152 105 17408 105 17664 105 17920 105 18176 105 18432 105 18688 105 18944 105 19200 105 19456 105 19712 106 19968 106 20224 107 20480 107 20736 107 20992 107 21248 107 21504 108 21760 108 22016 109 22272 109 22528 110 22784 110 23040 110 23296 110 23552 110 23808 110 24064 110 24320 111 24576 111 24832 111 25088 111 25344 111 25600 111 25856 111 26112 111 26368 111 26624 112 26880 113 27136 113 27392 113 27648 113 27904 113 28160 113 28416 113 28672 113 28928 113 29184 113 29440 113 29696 113 29952 113 30208 114 30464 115 30720 115 30976 115 31232 115 31488 115 31744 115 32000 116 32256 116 32512 117 32768 117 33024 117 33280 117 33536 117 33792 117 34048 117 34304 117 34560 117 34816 117 35072 117 35328 117 35584 118 35840 118 36096 119 36352 119 36608 120 36864 121 37120 121 37376 121 37632 121 37888 121 38144 121 38400 121 38656 121 38912 121 39168 121 39424 122 39680 122 39936 123 40192 123 40448 123 40704 123 40960 123 41216 123 41472 123 41728 123 41984 123 42240 123 42496 123 42752 124 43008 125 43264 125 43520 125 43776 126 44032 126 44288 126 44544 127 44800 127 45056 127 45312 127 45568 127 45824 127 46080 127 46336 128 46592 129 46848 129 47104 129 47360 129 47616 129 47872 129 48128 129 48384 129 48640 129 48896 129 49152 130 49408 131 49664 131 49920 131 50176 132 50432 132 50688 132 50944 132 51200 132 51456 132 51712 132 51968 132 52224 132 52480 132 52736 133 52992 133 53248 133 53504 134 53760 134 54016 134 54272 134 54528 134 54784 134 55040 134 55296 134 55552 134 55808 135 56064 135 56320 135 56576 136 56832 136 57088 137 57344 137 57600 3 57605 132 57856 3 57861 132 58112 137 58368 137 58624 137 58880 137 59136 2 59139 135 59392 2 59395 136 59648 2 59651 136 59904 139 60160 62 60223 76 60416 61 60479 76 60672 61 60735 76 60928 61 60991 76 61184 63 61249 74 61440 64 61505 74 61696 36 61737 98 61952 32 61994 11 62007 84 62208 31 62251 7 62263 85 62464 30 62508 6 62519 86 62720 2 62724 26 62765 4 62777 18 62796 65 62976 1 62982 25 63021 3 63033 16 63053 64 63239 26 63277 2 63291 13 63314 8 63325 48 63496 5 63502 19 63547 13 63571 6 63581 48 63754 2 63760 15 63803 12 63827 5 63836 50 64016 15 64059 12 64083 4 64092 50 64272 13 64321 4 64349 49 64528 13 64579 1 64606 48 64775 19 64864 46 65031 18 65127 39 65287 16 65336 1 65385 37
688285,0 1 13 3 17 68 193 54 273 68 450 53 529 68 706 53 786 68 861 4 963 52 1042 68 1115 7 1220 51 1299 80 1479 49 1555 80 1736 48 1811 80 1994 46 2067 80 2251 46 2323 81 2507 46 2579 82 2764 45 2835 83 3021 44 3091 83 3277 43 3346 86 3535 40 3603 90 3791 40 3859 93 3957 8 4048 39 4115 107 4304 39 4372 108 4561 39 4628 109 4817 40 4885 108 5073 40 5141 108 5330 39 5396 111 5588 37 5652 111 5844 37 5887 1 5908 114 6041 8 6100 37 6141 3 6163 116 6297 10 6309 4 6356 37 6396 4 6419 116 6552 19 6612 38 6651 5 6675 117 6808 19 6868 44 6932 116 7063 20 7124 44 7189 115 7319 20 7380 44 7445 115 7574 21 7635 45 7702 114 7829 22 7892 44 7959 113 8085 21 8149 43 8216 113 8341 21 8405 43 8472 113 8595 23 8662 42 8728 115 8849 25 8919 41 8984 146 9175 41 9240 146 9431 41 9495 146 9687 41 9751 145 9943 41 10008 132 10200 40 10265 130 10457 39 10521 131 10713 39 10777 131 10969 39 11034 131 11226 38 11290 131 11482 38 11546 131 11739 37 11802 131 11995 37 12058 130 12251 37 12314 130 12508 36 12570 129 12765 35 12827 128 13021 35 13083 128 13278 34 13339 128 13534 34 13596 127 13791 33 13853 126 14047 33 14109 126 14303 33 14365 126 14560 32 14621 126 14817 31 14877 126 15075 29 15133 127 15262 1 15276 1 15338 22 15389 132 15531 2 15595 21 15644 137 15786 3 15851 4 15857 15 15900 137 16041 4 16108 2 16115 13 16157 136 16297 4 16371 13 16414 134 16553 5 16627 13 16671 134 16807 8 16883 13 16927 144 17138 14 17183 145 17394 14 17439 145 17650 14 17695 146 17906 14 17951 146 18163 13 18207 146 18420 5 18429 3 18463 147 18686 2 18719 148 18975 148 19231 149 19488 148 19745 147 20001 147 20258 147 20515 146 20771 147 21027 147 21283 148 21539 148 21794 149 22050 149 22307 148 22563 148 22819 147 23075 147 23332 145 23588 144 23845 142 24101 141 24357 140 24613 140 24868 141 25124 141 25380 142 25637 142 25893 142 26150 141 26406 141 26662 142 26919 140 27175 140 27431 139 27687 138 27943 134 28199 132 28455 131 28711 130 28968 129 29225 128 29481 128 29737 128 29994 126 30251 125 30507 124 30697 10 30762 125 30952 12 31018 124 31207 14 31274 124 31463 14 31529 124 31718 15 31785 104 31891 18 31973 17 32043 102 32148 18 32229 17 32299 102 32404 18 32486 16 32556 100 32661 18 32741 17 32813 99 32917 19 32997 17 33069 98 33173 19 33251 19 33325 98 33429 18 33506 21 33581 96 33685 17 33759 28 33837 96 33942 15 34014 29 34093 94 34198 15 34269 30 34349 94 34454 15 34525 30 34605 92 34711 12 34781 27 34861 90 34968 11 35037 26 35117 86 35225 10 35291 28 35373 85 35481 10 35542 33 35630 82 35737 10 35793 38 35886 81 35992 11 36047 40 36143 80 36249 9 36301 43 36399 80 36505 8 36556 44 36655 80 36761 8 36811 47 36912 80 37017 7 37066 50 37168 81 37273 6 37321 55 37424 81 37529 6 37577 55 37679 82 37784 8 37833 55 37935 82 38040 8 38089 55 38191 83 38295 10 38345 55 38447 83 38551 10 38601 55 38704 50 38757 29 38806 12 38856 56 38960 49 39015 10 39028 15 39062 12 39112 56 39217 47 39272 9 39287 12 39317 14 39367 57 39473 47 39529 7 39543 12 39574 13 39623 57 39729 47 39786 5 39802 9 39830 13 39878 44 39927 9 39986 47 40043 2 40059 8 40086 13 40134 44 40184 8 40243 46 40317 6 40343 12 40390 43 40440 8 40499 46 40573 6 40599 12 40646 42 40696 8 40755 47 40856 11 40902 38 40951 9 41011 47 41113 10 41158 36 41207 9 41267 48 41369 9 41415 32 41463 9 41524 47 41625 8 41669 34 41719 9 41780 47 41881 8 41925 30 41975 9 42036 47 42137 8 42150 1 42180 29 42231 9 42293 45 42395 5 42435 30 42493 3 42549 45 42651 4 42690 31 42751 1 42805 44 42946 31 43007 1 43061 44 43202 31 43263 1 43317 41 43457 32 43573 41 43713 32 43829 40 43970 31 44085 39 44226 31 44340 40 44483 30 44596 43 44739 30 44853 46 44995 29 45109 47 45251 28 45365 48 45507 28 45621 48 45763 28 45878 48 46004 2 46018 29 46134 49 46259 4 46273 29 46390 49 46515 5 46529 30 46646 50 46771 6 46785 30 46902 50 47027 6 47035 3 47041 31 47158 50 47283 45 47414 50 47539 46 47671 49 47795 46 47928 48 48036 1 48051 46 48185 48 48291 3 48307 47 48441 48 48543 9 48563 46 48698 47 48799 10 48819 46 48955 4 48962 39 49053 13 49076 45 49213 3 49217 40 49261 7 49309 13 49333 44 49469 57 49565 14 49590 41 49725 58 49820 15 49846 41 49981 59 50075 16 50101 36 50237 59 50331 16 50357 34 50493 59 50587 16 50611 35 50749 58 50843 16 50867 34 51005 58 51099 17 51122 34 51261 57 51355 17 51378 34 51518 55 51611 18 51632 35 51774 56 51867 56 52030 57 52125 20 52146 33 52286 57 52381 19 52402 29 52432 2 52542 68 52637 19 52658 29 52798 69 52893 19 52914 28 53054 70 53150 18 53171 26 53310 70 53406 17 53427 26 53567 70 53663 16 53683 26 53823 70 53920 14 53939 26 54079 70 54177 3 54196 25 54335 69 54453 24 54591 70 54707 26 54849 69 54961 28 55106 73 55216 29 55362 74 55471 30 55618 75 55726 30 55874 76 55982 30 56130 77 56238 29 56385 78 56494 29 56641 79 56751 28 56897 79 57007 28 57153 79 57263 28 57409 78 57519 28 57666 76 57775 28 57923 74 58031 28 58179 70 58285 31 58435 70 58541 32 58692 69 58784 2 58797 32 58948 69 59037 6 59053 32 59203 69 59291 11 59308 32 59459 69 59545 15 59564 32 59715 68 59799 18 59821 30 59971 68 60054 20 60077 30 60227 67 60308 24 60333 10 60354 7 60483 67 60563 35 60610 6 60739 66 60818 27 60867 2 60996 64 61073 29 61119 4 61252 62 61327 31 61374 5 61509 60 61581 33 61630 5 61765 58 61833 37 61885 6 62021 58 62089 37 62141 6 62277 57 62349 32 62397 5 62533 56 62605 32 62653 5 62789 55 62861 32 62911 2 63045 54 63117 32 63301 52 63374 30 63557 52 63631 28 63813 52 63887 21 64070 51 64144 20 64325 52 64391 28 64581 52 64646 29 64838 51 64901 30 65094 50 65157 29 65353 47 65411 30
689810,0 65536
692688,0 6658 6660 252 6917 251 7174 250 7430 250 7686 250 7943 249 8199 249 8455 249 8711 249 8968 248 9224 248 9480 248 9736 248 9992 248 10248 248 10504 248 10760 248 11017 247 11272 248 11528 248 11785 247 12043 245 12299 245 12555 245 12811 245 13067 245 13323 245 13579 245 13835 245 14093 243 14350 242 14606 242 14862 242 15118 242 15374 242 15631 241 15888 240 16145 239 16401 239 16657 239 16913 239 17170 238 17426 238 17683 237 17939 237 18196 236 18452 236 18709 235 18965 235 19221 235 19478 234 19734 234 19990 234 20246 234 20503 233 20759 233 21015 233 21270 234 21529 231 21785 231 22041 231 22298 230 22554 230 22811 229 23067 229 23322 230 23579 229 23835 229 24092 228 24348 228 24604 228 24860 228 25116 228 25371 229 25629 227 25886 226 26142 226 26399 225 26655 225 26911 225 27167 225 27423 225 27680 224 27937 223 28194 222 28450 222 28707 221 28963 221 29219 221 29475 221 29731 221 29987 221 30244 220 30501 219 30757 219 31013 219 31269 219 31525 219 31782 218 32038 218 32295 217 32551 217 32807 217 33064 216 33321 215 33577 215 33833 215 34090 214 34346 214 34603 213 34859 213 35115 213 35371 213 35627 213 35883 213 36140 212 36396 212 36652 212 36909 211 37166 210 37423 209 37679 209 37936 208 38192 208 38449 207 38705 207 38961 207 39217 207 39473 207 39730 206 39987 205 40243 205 40499 205 40755 205 41011 205 41268 204 41524 204 41780 204 42036 204 42292 204 42547 205 42805 203 43062 202 43319 201 43575 201 43831 201 44087 201 44344 200 44601 199 44857 199 45113 199 45369 199 45626 198 45882 198 46138 198 46395 197 46651 197 46908 196 47164 196 47421 195 47677 195 47933 195 48190 194 48447 193 48703 193 48959 193 49215 193 49473 191 49729 191 49985 191 50241 191 50497 191 50753 191 51009 191 51266 190 51523 189 51779 189 52035 189 52291 189 52547 189 52803 189 53060 188 53316 188 53573 187 53829 187 54086 186 54343 185 54599 185 54855 185 55112 184 55368 184 55625 183 55881 183 56137 183 56393 183 56649 183 56906 182 57162 182 57418 182 57675 181 57931 181 58187 181 58443 181 58700 180 58957 179 59213 179 59469 179 59725 179 59981 179 60238 178 60494 178 60751 177 61007 177 61265 175 61521 175 61777 175 62033 175 62290 174 62546 174 62803 173 63059 173 63316 172 63572 172 63828 172 64084 172 64341 171 64597 171 64853 171 65109 171 65365 171
694806,73 6 85 24 127 32 183 34 315 2 328 11 341 24 383 32 439 36 571 2 584 11 597 23 639 32 695 36 825 6 838 38 895 32 952 35 1081 51 1151 32 1209 35 1335 53 1408 31 1465 36 1591 53 1665 30 1722 35 1847 53 1923 28 1965 3 1980 34 2103 53 2180 27 2220 5 2237 34 2359 52 2438 25 2476 5 2493 34 2533 6 2615 51 2695 24 2732 5 2750 33 2787 9 2870 39 2952 24 2988 4 3006 33 3041 12 3123 42 3208 24 3245 3 3262 47 3378 43 3465 14 3482 6 3518 47 3634 43 3722 12 3739 5 3773 48 3890 43 3982 6 4027 50 4146 43 4240 3 4283 49 4402 42 4537 51 4658 41 4793 50 4915 38 5049 50 5171 38 5304 51 5427 35 5560 51 5683 34 5815 51 5888 1 5941 32 6071 50 6144 1 6197 32 6326 39 6369 7 6400 2 6461 24 6583 38 6656 2 6719 22 6839 37 6912 3 6989 8 7097 35 7168 3 7247 5 7353 2 7359 29 7424 3 7617 27 7680 2 7728 1 7873 27 7936 2 7984 1 8129 27 8192 2 8240 1 8385 27 8448 2 8640 28 8702 5 8895 28 8957 6 9148 31 9211 8 9403 34 9467 8 9657 40 9723 8 9912 41 9979 8 10167 43 10236 7 10423 44 10482 1 10493 6 10679 44 10735 7 10751 5 10935 44 10991 8 11007 5 11193 42 11245 10 11264 4 11449 42 11499 12 11519 4 11707 41 11755 13 11774 5 11963 41 12011 13 12029 5 12107 4 12221 38 12269 11 12283 6 12362 5 12477 36 12527 9 12539 5 12616 7 12735 28 12795 5 12867 12 12993 22 13052 4 13122 12 13253 18 13309 3 13352 7 13379 10 13509 22 13567 1 13606 11 13636 8 13765 25 13861 13 13893 6 14021 26 14116 17 14151 2 14278 28 14371 18 14535 28 14624 23 14800 19 14879 24 15057 19 15130 29 15313 19 15385 30 15569 19 15639 28 15812 3 15827 16 15895 28 16067 5 16083 16 16151 32 16323 6 16341 13 16407 34 16579 6 16599 11 16664 35 16835 7 16855 11 16921 35 17091 7 17111 12 17177 36 17295 8 17347 8 17367 12 17433 36 17550 10 17603 7 17622 13 17690 36 17805 12 17861 4 17878 13 17946 37 18060 13 18118 2 18134 13 18202 37 18312 18 18393 2 18457 38 18567 24 18713 38 18821 27 18970 37 19077 27 19226 37 19333 27 19481 38 19589 26 19736 38 19845 26 19992 38 20101 25 20247 39 20357 24 20503 39 20613 24 20759 38 20870 21 21015 38 21127 20 21271 38 21385 4 21397 2 21527 38 21782 39 22038 39 22293 40 22549 40 22805 40 23061 39 23317 38 23574 36 23831 35 24089 32 24351 28 24608 27 24869 22 25125 22 25383 22 25639 22 25895 22 26151 23 26408 22 26557 6 26665 21 26811 10 26903 3 26921 21 27067 12 27140 4 27157 9 27178 19 27323 12 27392 10 27411 13 27436 17 27579 13 27648 11 27666 15 27693 15 27835 13 27904 13 27920 18 27953 9 28090 15 28160 13 28175 20 28213 3 28315 2 28346 15 28416 13 28430 21 28571 2 28602 15 28672 35 28826 4 28859 14 28928 35 29081 6 29115 14 29184 35 29336 6 29371 14 29440 35 29586 11 29627 14 29696 35 29841 12 29883 14 29952 35 30095 15 30140 12 30208 35 30351 16 30397 10 30464 35 30606 20 30654 8 30720 35 30861 22 30911 6 30976 35 31117 22 31232 35 31373 22 31488 35 31629 22 31744 35 31885 22 32000 34 32140 23 32256 33 32395 23 32512 32 32651 8 32663 9 32768 31 32907 8 32921 4 33024 29 33162 7 33280 27 33419 6 33536 22 33603 6 33611 2 33621 4 33675 4 33792 21 33857 15 33877 5 34048 21 34112 27 34159 8 34304 21 34367 29 34415 9 34452 6 34560 21 34624 27 34670 11 34706 10 34779 3 34816 22 34880 27 34926 11 34961 12 35033 7 35065 4 35072 23 35137 25 35182 12 35217 13 35289 9 35319 32 35394 16 35414 2 35438 12 35472 14 35544 11 35574 33 35653 10 35695 10 35727 14 35800 12 35828 34 35910 9 35951 10 35983 14 36056 13 36083 13 36100 15 36208 9 36240 13 36312 13 36339 13 36358 13 36465 8 36496 14 36568 13 36594 14 36616 9 36721 8 36753 14 36824 14 36849 15 36873 7 36977 8 37008 15 37080 13 37104 16 37130 3 37233 9 37264 16 37337 12 37360 16 37488 11 37520 17 37593 12 37615 17 37743 12 37775 18 37839 2 37848 12 37869 19 37999 13 38031 18 38093 4 38103 13 38123 21 38251 20 38287 18 38345 11 38360 40 38506 21 38542 20 38596 17 38616 40 38761 24 38798 25 38851 61 39016 25 39054 28 39107 61 39208 1 39271 27 39309 30 39362 62 39463 5 39527 27 39566 30 39617 63 39717 10 39781 30 39823 30 39872 61 39972 11 40037 30 40079 30 40128 60 40228 12 40291 31 40335 31 40383 58 40484 12 40545 33 40591 31 40637 59 40741 11 40800 33 40848 30 40888 62 40997 11 41055 34 41104 30 41143 62 41254 10 41310 35 41361 30 41397 62 41511 8 41565 36 41617 30 41653 62 41767 7 41821 36 41874 98 42025 4 42077 36 42131 97 42333 36 42387 98 42589 36 42644 97 42769 6 42845 36 42902 97 43022 10 43082 4 43101 37 43160 96 43273 16 43313 5 43333 11 43357 38 43420 100 43527 20 43569 6 43587 14 43613 38 43677 99 43781 32 43823 9 43842 16 43868 39 43933 99 44036 33 44079 9 44098 17 44124 39 44189 99 44291 36 44334 17 44353 18 44380 39 44445 99 44546 37 44590 37 44636 38 44701 99 44801 39 44845 41 44890 39 44957 99 45057 39 45101 84 45215 97 45313 40 45357 56 45415 24 45475 133 45611 84 45732 129 45867 82 45989 128 46123 80 46245 124 46380 78 46501 123 46637 76 46757 122 46894 77 47005 4 47013 121 47151 76 47260 129 47407 78 47507 2 47515 130 47663 80 47762 6 47771 130 47919 82 48015 142 48176 82 48270 143 48432 83 48523 146 48687 86 48778 147 48943 238 49199 238 49455 238 49710 238 49965 238 50220 239 50476 238 50733 236 50989 184 51177 48 51245 108 51354 75 51433 47 51501 105 51613 72 51689 47 51757 104 51869 74 51944 24 51971 21 52013 104 52123 101 52227 20 52269 104 52378 102 52484 19 52525 211 52741 18 52781 211 52995 20 53037 234 53293 232 53549 16 53569 212 53806 14 53826 209 54066 9 54082 207 54323 6 54338 206 54593 207 54849 207 55103 66 55171 141 55357 67 55431 137 55612 20 55637 41 55689 135 55868 19 55895 40 55945 135 56124 19 56151 44 56201 135 56380 19 56407 44 56457 119 56577 14 56636 20 56663 45 56713 119 56834 13 56893 20 56919 46 56967 121 57091 10 57144 2 57151 19 57173 8 57183 141 57325 19 57347 10 57400 2 57408 19 57429 8 57439 140 57582 18 57605 6 57655 3 57665 28 57698 136 57840 16 57861 6 57912 2 57921 28 57954 135 58098 14 58117 6 58177 28 58210 136 58349 4 58355 13 58373 7 58433 28 58466 143 58611 13 58627 9 58688 30 58722 158 58882 10 58944 30 58978 158 59137 11 59199 31 59234 158 59393 10 59455 32 59490 158 59649 8 59664 6 59711 14 59733 11 59745 159 59905 7 59919 8 59967 13 59989 171 60163 1 60173 10 60224 11 60248 15 60268 148 60428 11 60480 11 60505 12 60524 148 60683 12 60737 10 60763 9 60780 148 60938 13 60993 10 61021 8 61035 149 61193 14 61250 11 61278 7 61288 152 61449 14 61506 11 61535 6 61544 152 61703 14 61763 14 61791 4 61799 65 61875 4 61884 68 61959 14 62019 15 62047 4 62055 64 62132 1 62141 67 62214 13 62275 16 62305 1 62311 63 62397 67 62470 12 62532 15 62567 62 62655 65 62726 9 62787 16 62823 34 62859 24 62911 65 62982 7 63042 17 63079 34 63116 23 63167 65 63239 6 63297 15 63315 1 63329 1 63336 32 63373 20 63424 64 63495 4 63509 4 63552 19 63583 4 63591 33 63629 20 63681 63 63763 8 63807 20 63838 40 63885 20 63941 59 64019 8 64063 20 64093 40 64141 19 64197 59 64275 8 64318 23 64350 38 64398 18 64453 59 64530 9 64573 24 64606 37 64656 16 64709 59 64786 9 64814 5 64829 24 64863 36 64916 11 64963 61 65042 9 65069 9 65085 24 65121 33 65173 10 65219 61 65298 9 65324 13 65341 24 65382 27 65431 8 65474 62
695503,0 65536
701596,7 67 96 55 185 36 239 17 263 66 353 54 441 36 495 17 519 65 609 54 697 36 751 17 775 63 864 55 954 35 1008 16 1031 62 1120 55 1211 34 1264 16 1287 61 1375 55 1456 7 1467 34 1521 15 1543 62 1631 55 1711 10 1724 32 1777 18 1799 62 1887 44 1939 1 1951 6 1966 13 1982 26 2035 82 2143 42 2205 10 2221 14 2239 6 2251 11 2296 16 2313 29 2345 28 2401 39 2459 32 2495 7 2509 9 2555 12 2569 28 2602 27 2657 39 2715 33 2752 6 2766 8 2816 7 2828 14 2846 7 2859 26 2921 30 2970 35 3008 5 3023 6 3072 7 3085 13 3104 4 3115 25 3178 29 3225 36 3265 4 3280 5 3328 8 3342 12 3372 20 3435 27 3481 38 3524 1 3537 2 3584 8 3598 12 3629 18 3691 26 3737 37 3840 8 3855 10 3887 12 3947 26 3993 36 4096 8 4111 10 4151 2 4203 22 4249 36 4352 7 4368 7 4459 20 4505 36 4608 7 4718 1 4723 11 4762 35 4864 7 4982 5 5018 34 5119 8 5273 36 5327 3 5370 12 5528 37 5582 6 5624 15 5783 38 5837 8 5879 18 6036 41 6093 10 6105 4 6135 19 6291 42 6348 19 6390 21 6545 44 6605 19 6645 22 6800 43 6862 19 6901 23 7051 46 7120 17 7157 23 7306 46 7377 16 7414 23 7560 47 7639 11 7672 21 7815 34 7850 12 7894 12 7929 22 8011 4 8064 40 8109 8 8149 14 8185 22 8267 5 8319 39 8366 5 8404 15 8442 23 8524 3 8575 38 8623 3 8658 17 8698 23 8831 39 8879 3 8913 17 8954 23 9087 39 9169 17 9209 24 9343 39 9425 17 9464 23 9599 39 9681 17 9719 21 9855 39 9937 17 9975 19 10111 39 10193 16 10231 19 10366 40 10449 16 10487 19 10622 40 10705 16 10743 19 10878 39 10961 15 11000 18 11134 39 11217 14 11257 17 11390 39 11471 14 11513 16 11620 7 11646 39 11725 12 11770 15 11875 8 11902 39 11980 13 12027 14 12129 11 12147 2 12158 38 12237 10 12286 10 12384 12 12401 4 12413 38 12493 10 12544 7 12611 2 12639 15 12655 8 12669 37 12749 10 12800 7 12864 7 12895 25 12925 36 12979 2 13004 11 13056 6 13119 11 13151 26 13181 36 13233 5 13260 12 13312 6 13375 12 13407 26 13437 36 13489 5 13517 11 13568 6 13631 14 13655 3 13663 28 13693 36 13744 7 13773 11 13824 5 13887 14 13910 5 13919 28 13948 34 13985 4 14000 9 14029 10 14080 5 14128 9 14142 16 14165 7 14175 61 14240 5 14255 13 14286 9 14336 5 14383 12 14398 17 14421 8 14431 60 14496 5 14511 14 14542 9 14592 5 14635 37 14676 9 14687 60 14752 4 14763 20 14784 3 14799 8 14848 5 14891 37 14932 10 14943 60 15019 25 15055 8 15104 5 15145 100 15253 11 15273 28 15313 5 15359 7 15401 99 15511 10 15529 29 15569 4 15613 9 15656 99 15769 8 15784 31 15867 11 15912 48 15961 49 16025 8 16040 32 16122 12 16166 48 16218 41 16281 11 16295 34 16377 13 16420 49 16475 40 16537 48 16633 7 16641 4 16675 43 16722 3 16731 40 16792 49 16888 8 16930 44 16987 40 17048 48 17144 8 17162 5 17185 44 17243 40 17304 48 17399 9 17418 5 17441 44 17499 40 17560 48 17655 12 17673 6 17697 42 17756 39 17815 49 17909 14 17929 6 17953 42 18013 38 18071 49 18155 6 18163 16 18186 7 18210 41 18269 38 18327 48 18408 26 18443 6 18466 41 18527 37 18583 42 18663 26 18699 7 18723 38 18785 35 18839 42 18917 27 18955 8 18979 37 19044 33 19095 43 19166 34 19211 8 19235 30 19301 32 19351 43 19419 37 19468 7 19490 31 19557 32 19607 44 19674 38 19725 4 19739 38 19813 32 19863 44 19927 41 19994 39 20069 32 20119 44 20183 41 20251 38 20327 30 20376 42 20438 42 20507 38 20584 19 20605 8 20633 40 20693 43 20741 1 20763 38 20841 17 20862 6 20891 36 20949 43 20996 3 21018 39 21098 15 21119 5 21147 36 21205 43 21251 4 21273 39 21355 14 21377 1 21405 32 21461 43 21507 5 21529 38 21612 12 21661 32 21717 43 21764 5 21781 2 21785 38 21869 9 21917 31 21973 43 22020 5 22037 3 22041 38 22127 6 22173 31 22229 43 22275 19 22297 38 22344 4 22368 5 22429 31 22487 41 22530 19 22553 38 22599 6 22623 6 22685 31 22744 40 22787 18 22809 38 22854 8 22879 7 22942 30 23003 37 23043 18 23065 38 23109 10 23135 6 23198 30 23259 37 23299 18 23321 38 23365 10 23391 6 23454 33 23517 35 23556 17 23577 38 23621 10 23647 6 23717 8 23728 15 23773 35 23813 16 23833 39 23877 10 23903 5 23975 5 23986 6 24015 6 24029 35 24070 15 24089 39 24133 10 24160 3 24232 3 24243 3 24271 6 24285 35 24328 13 24346 13 24365 21 24389 8 24437 2 24487 8 24518 16 24541 34 24585 12 24603 2 24611 2 24623 20 24645 7 24681 5 24692 4 24743 10 24768 22 24796 35 24842 10 24879 24 24935 18 24997 15 25013 4 25023 24 25050 36 25099 8 25135 24 25191 18 25253 21 25278 63 25355 6 25390 25 25445 20 25508 88 25611 6 25646 25 25700 21 25763 88 25867 2 25902 25 25955 23 26016 89 26158 25 26210 24 26264 3 26270 91 26413 26 26465 26 26515 100 26669 26 26721 26 26769 101 26922 29 26977 27 27024 100 27141 4 27177 30 27233 35 27280 99 27395 6 27431 31 27489 36 27535 99 27651 7 27686 32 27745 37 27791 98 27907 7 27942 32 27999 40 28045 100 28163 8 28198 32 28255 40 28300 100 28418 9 28455 31 28509 44 28555 98 28674 9 28711 30 28765 144 28929 11 28968 29 29020 145 29186 10 29224 29 29276 145 29443 9 29480 29 29532 145 29699 9 29736 29 29788 146 29955 10 29991 31 30044 149 30210 12 30247 31 30300 150 30467 11 30503 31 30555 155 30723 12 30759 31 30811 45 30858 110 30980 11 31015 31 31067 45 31114 111 31237 9 31271 31 31323 45 31370 112 31483 5 31495 6 31528 29 31580 164 31751 4 31784 29 31836 164 32043 25 32093 163 32261 2 32303 20 32349 163 32515 4 32567 12 32605 163 32771 4 32825 8 32861 42 32905 119 33026 5 33117 42 33162 118 33282 5 33323 2 33372 43 33417 119 33539 3 33553 4 33562 7 33577 6 33628 158 33791 1 33797 1 33807 6 33817 8 33833 6 33884 158 34047 1 34061 22 34087 9 34139 159 34303 1 34317 23 34343 10 34394 160 34558 2 34563 5 34573 36 34649 161 34815 1 34818 47 34902 164 35071 14 35091 31 35157 165 35328 13 35347 31 35413 165 35584 13 35604 30 35669 165 35840 13 35860 30 35926 164 36096 13 36116 29 36184 55 36244 1 36250 54 36307 39 36352 13 36372 29 36441 54 36500 1 36507 48 36565 37 36608 12 36628 28 36697 54 36765 46 36821 36 36864 11 36884 26 36953 57 37022 45 37076 37 37120 8 37141 23 37209 59 37279 44 37331 38 37376 7 37397 22 37466 60 37533 46 37587 38 37632 7 37653 20 37723 62 37789 47 37843 36 37888 7 37909 19 37957 2 37979 62 38042 50 38099 36 38144 9 38164 18 38210 10 38236 112 38354 36 38400 10 38419 17 38465 12 38492 95 38589 15 38609 36 38656 11 38675 14 38721 14 38749 95 38845 14 38864 37 38912 11 38931 13 38977 15 39005 95 39103 12 39120 37 39168 12 39186 12 39233 16 39262 95 39362 7 39375 38 39424 13 39441 11 39489 17 39518 94 39619 6 39631 38 39680 22 39745 18 39775 93 39888 37 39936 20 40001 18 40031 93 40144 36 40192 19 40257 20 40288 91 40401 34 40449 18 40513 20 40545 10 40557 77 40657 33 40707 16 40768 21 40806 1 40814 73 40914 31 40965 3 40969 10 41023 22 41070 72 41171 30 41226 8 41279 23 41327 18 41347 48 41427 28 41463 6 41481 8 41534 24 41583 18 41604 47 41684 27 41717 11 41737 7 41777 37 41839 17 41861 46 41940 44 41993 6 42032 38 42095 16 42119 44 42197 43 42249 6 42287 38 42353 14 42376 43 42452 44 42505 6 42543 38 42595 1 42611 12 42633 42 42708 44 42761 6 42799 38 42847 8 42869 10 42889 43 42963 45 43018 5 43055 37 43101 10 43125 9 43145 43 43219 45 43275 4 43310 37 43357 10 43382 8 43401 5 43408 14 43423 21 43473 25 43501 19 43531 4 43565 38 43613 10 43639 6 43657 6 43664 13 43679 20 43729 25 43758 18 43789 1 43809 50 43869 8 43913 6 43923 8 43937 18 43983 27 44016 16 44064 52 44125 8 44169 6 44180 6 44195 15 44238 27 44273 15 44319 53 44381 7 44425 6 44453 12 44493 33 44529 15 44575 54 44638 5 44682 6 44710 11 44749 34 44786 14 44830 55 44897 1 44939 5 44967 9 45005 12 45019 22 45043 13 45085 55 45195 5 45225 4 45262 11 45275 37 45341 54 45453 3 45518 12 45534 34 45597 54 45709 3 45775 12 45790 34 45852 55 45923 2 46012 2 46016 3 46031 12 46046 34 46108 55 46178 3 46266 11 46287 13 46302 34 46364 59 46515 19 46544 48 46620 59 46769 22 46800 48 46876 61 46941 2 47024 25 47055 49 47132 69 47279 26 47311 49 47389 70 47529 3 47533 31 47566 50 47645 73 47784 88 47904 72 48038 90 48164 69 48294 90 48422 67 48549 91 48679 66 48805 91 48904 13 48925 1 48936 66 49059 93 49159 25 49192 66 49303 4 49315 93 49413 28 49448 66 49547 7 49557 107 49669 29 49704 66 49795 15 49813 107 49925 30 49959 66 50049 16 50069 107 50181 31 50215 66 50303 18 50325 107 50437 98 50558 130 50693 98 50814 130 50948 93 51070 130 51204 93 51326 130 51459 94 51583 129 51715 94 51839 226 52096 225 52353 224 52615 217 52872 216 53129 118 53248 97 53384 119 53504 97 53628 6 53639 119 53760 97 53883 8 53895 118 54016 97 54138 11 54151 116 54272 97 54394 12 54407 115 54528 97 54649 128 54784 73 54860 22 54904 127 55040 37 55081 30 55119 19 55155 132 55296 37 55338 28 55375 20 55409 133 55552 34 55602 11 55631 20 55661 137 55808 34 55859 10 55887 20 55917 137 56064 34 56115 11 56143 20 56173 136 56320 35 56371 12 56399 20 56429 136 56576 35 56627 13 56642 5 56655 6 56663 12 56685 137 56832 36 56884 20 56911 5 56920 11 56941 113 57056 22 57088 37 57140 21 57168 2 57177 10 57199 106 57313 22 57344 36 57397 20 57433 10 57455 106 57569 23 57600 36 57654 19 57690 9 57710 105 57823 26 57856 36 57911 18 57947 8 57964 107 58079 26 58114 31 58167 18 58207 2 58221 108 58334 27 58371 30 58424 17 58477 111 58589 28 58633 24 58681 16 58733 99 58835 38 58889 24 58937 16 58993 95 59091 38 59145 24 59194 16 59251 94 59347 38 59403 7 59413 12 59451 15 59507 133 59670 12 59708 13 59735 5 59755 4 59762 133 59926 12 59965 12 59989 8 60011 140 60181 13 60226 7 60244 9 60267 140 60437 13 60499 11 60523 140 60676 3 60693 12 60755 11 60781 138 60931 4 60949 11 61011 11 61038 137 61186 6 61205 10 61259 1 61269 8 61295 135 61443 3 61463 6 61527 6 61551 136 61783 4 61807 136 62039 4 62057 2 62063 136 62283 1 62296 3 62311 4 62319 138 62537 4 62553 2 62565 8 62575 138 62792 5 62801 2 62821 33 62858 23 62883 46 62932 7 62945 25 63048 6 63055 4 63077 32 63114 22 63139 44 63201 25 63298 4 63303 12 63316 5 63333 31 63371 20 63397 39 63459 24 63553 24 63589 30 63627 20 63653 40 63716 23 63809 23 63846 13 63865 9 63884 19 63909 40 63974 26 64064 24 64102 1 64107 8 64123 6 64141 17 64165 41 64233 23 64285 2 64321 16 64355 4 64365 6 64381 2 64397 15 64422 40 64491 21 64541 3 64578 15 64610 6 64622 5 64638 1 64654 12 64679 39 64747 28 64780 3 64796 5 64835 12 64865 7 64879 4 64911 9 64943 31 65005 27 65035 6 65051 5 65093 8 65121 8 65135 4 65169 6 65200 30 65262 37 65307 3 65350 3 65377 9 65391 3 65428 1 65444 1 65457 28 65521 15
702433,0 65536
711772,25152 1 25407 4 25663 3
715702,0 65536
719371,0 17 84 26 113 160 339 190 595 190 851 191 1107 192 1338 3 1347 11 1362 194 1584 1 1591 7 1599 16 1618 198 1837 34 1874 201 2093 34 2130 203 2349 34 2386 204 2605 35 2641 10 2653 194 2859 42 2909 194 3113 44 3165 194 3366 45 3422 193 3621 47 3677 194 3876 49 3932 195 4132 50 4187 196 4387 51 4443 196 4643 52 4698 197 4898 19 4920 19 4940 11 4953 198 5155 16 5177 18 5197 9 5211 196 5411 14 5434 15 5453 8 5467 196 5668 13 5691 13 5710 6 5723 196 5949 8 5968 3 5977 198 6206 5 6225 1 6233 198 6489 198 6745 198 7001 198 7257 198 7513 198 7769 8 7780 187 8025 4 8037 186 8282 2 8293 187 8538 2 8549 188 8793 3 8805 188 9061 188 9317 188 9573 188 9829 187 10085 187 10340 187 10596 185 10852 183 11107 184 11363 183 11619 182 11875 182 12131 182 12387 183 12645 182 12903 180 13165 176 13343 2 13421 182 13678 181 13935 180 14191 180 14447 181 14704 181 14961 180 15219 178 15477 176 15682 7 15737 173 15937 9 15994 172 16193 10 16251 177 16449 12 16507 178 16705 12 16721 4 16765 177 16961 13 16975 6 17021 178 17217 21 17278 179 17473 21 17535 181 17729 22 17799 174 17985 22 18055 18 18075 3 18079 152 18241 10 18253 11 18309 20 18337 151 18498 8 18510 10 18565 20 18593 151 18755 6 18766 10 18819 22 18849 151 19011 5 19023 9 19073 24 19105 151 19268 3 19279 9 19329 25 19361 125 19487 24 19525 2 19535 9 19584 26 19617 124 19745 20 19791 8 19840 27 19873 124 20003 18 20046 9 20096 27 20129 123 20302 8 20351 30 20385 122 20558 7 20607 30 20640 123 20814 7 20857 2 20861 33 20896 122 21071 6 21112 160 21367 160 21622 43 21669 112 21816 13 21877 44 21925 111 22071 15 22133 44 22182 109 22325 17 22389 45 22437 110 22581 17 22645 34 22683 8 22693 110 22835 19 22902 32 22939 8 22949 110 23091 19 23159 31 23197 5 23205 110 23347 19 23417 34 23459 112 23603 19 23630 1 23674 33 23715 111 23831 2 23860 18 23884 9 23931 32 23971 110 24086 5 24117 17 24139 12 24187 32 24227 108 24342 4 24375 34 24445 32 24483 105 24599 3 24631 34 24702 32 24739 102 24856 1 24888 34 24941 10 24959 6 24970 21 24995 103 25143 36 25195 13 25216 5 25227 20 25252 102 25399 36 25449 16 25473 5 25483 21 25509 102 25615 2 25654 37 25705 16 25729 4 25740 21 25765 110 25910 38 25961 18 25986 3 25995 22 26021 111 26137 4 26147 1 26166 39 26216 19 26243 2 26251 22 26277 130 26418 45 26471 20 26500 1 26509 23 26533 132 26669 51 26727 20 26766 212 26981 22 27024 211 27236 23 27282 233 27539 232 27796 233 28053 137 28192 94 28309 136 28448 96 28565 136 28704 97 28821 136 28960 97 29077 135 29216 97 29333 134 29472 97 29589 135 29727 99 29845 238 30101 238 30357 243 30613 245 30868 248 31124 249 31380 251 31637 250 31893 252 32146 1563 33715 250 33971 248 34226 15 34242 233 34481 14 34499 232 34737 13 34755 232 34993 13 35011 232 35249 12 35267 231 35506 11 35523 230 35763 8 35779 229 36020 7 36035 226 36292 221 36549 213 36805 212 37061 211 37317 211 37572 212 37804 5 37827 213 38060 5 38083 212 38317 3 38338 212 38593 211 38843 216 39097 216 39351 218 39607 217 39861 218 40117 216 40373 216 40629 215 40886 213 41153 202 41411 200 41667 200 41925 198 42182 199 42439 198 42695 198 42952 197 43209 196 43467 194 43723 192 43981 189 44237 187 44495 185 44753 183 45011 181 45267 182 45523 182 45779 181 46035 181 46290 182 46521 4 46546 182 46775 8 46802 182 47030 13 47057 182 47285 15 47313 182 47540 18 47567 184 47795 20 47822 184 48051 21 48076 185 48270 1 48306 23 48331 186 48525 4 48560 212 48779 7 48815 212 49035 8 49052 1 49069 214 49291 7 49308 1 49321 218 49546 7 49563 2 49577 218 49803 4 49820 1 49833 218 50088 219 50344 220 50600 221 50856 221 51111 222 51367 222 51623 222 51879 222 52134 223 52390 223 52624 3 52646 222 52879 6 52902 222 53134 8 53157 223 53390 9 53413 222 53646 10 53670 221 53902 11 53926 220 54158 11 54181 220 54414 11 54431 4 54437 219 54670 12 54687 225 54926 12 54945 223 55182 11 55204 221 55439 10 55461 220 55696 7 55717 122 55841 96 55953 5 55975 119 56098 98 56233 116 56355 98 56489 116 56611 99 56747 114 56867 99 57003 114 57123 100 57261 112 57380 99 57518 111 57637 99 57777 108 57893 99 58033 109 58150 98 58291 6 58301 98 58407 97 58547 6 58559 96 58663 97 58806 2 58817 94 58919 96 59074 94 59174 97 59332 92 59429 98 59589 90 59685 96 59847 88 59940 97 60103 89 60195 10 60212 79 60361 9 60376 72 60451 9 60469 78 60619 6 60633 84 60726 77 60891 82 60983 76 61147 82 61241 74 61403 82 61497 74 61659 82 61754 72 61915 82 62011 70 62171 82 62267 70 62426 78 62505 4 62523 70 62682 77 62779 70 62938 77 63035 70 63194 74 63292 69 63450 76 63527 2 63548 69 63706 80 63804 69 63962 80 64060 68 64218 62 64281 16 64317 67 64472 64 64539 14 64575 65 64727 64 64797 12 64831 65 64981 66 65052 13 65088 64 65236 67 65308 15 65347 60 65491 45
722180,0 25 35 197 254 26 291 196 512 24 547 196 768 24 803 196 1024 24 1059 196 1280 25 1315 196 1536 25 1570 197 1792 25 1826 198 2048 25 2081 199 2304 26 2336 200 2560 27 2591 201 2816 28 2846 203 3072 233 3328 233 3584 233 3840 234 4096 234 4352 234 4608 235 4864 235 5120 235 5376 236 5632 236 5888 236 6144 237 6400 237 6656 237 6912 237 7168 237 7424 238 7680 238 7936 238 8192 239 8448 239 8704 239 8960 239 9216 239 9472 240 9728 240 9984 240 10240 240 10496 241 10752 241 11008 241 11263 242 11519 242 11775 242 12031 243 12287 243 12543 243 12799 243 13055 243 13310 244 13566 244 13822 244 14078 245 14334 245 14589 247 14845 247 15101 247 15357 248 15614 247 15870 247 16126 247 16382 247 16639 246 16895 247 17150 249 17406 249 17662 249 17919 248 18175 248 18431 248 18687 248 18943 248 19199 248 19455 248 19711 249 19967 249 20223 250 20479 250 20735 250 20992 249 21248 250 21504 250 21760 251 22016 251 22272 251 22528 251 22784 251 23040 251 23296 251 23552 252 23808 252 24064 253 24320 253 24576 253 24832 253 25088 253 25344 253 25600 254 25856 254 26112 254 26368 255 26624 255 26880 17928 44811 250 45069 243 45327 241 45583 241 45840 240 46097 239 46355 240 46613 243 46859 6 46872 250 47129 250 47392 244 47649 244 47905 244 48161 244 48417 244 48673 243 48930 241 49187 236 49444 235 49701 235 49961 231 50219 230 50475 230 50731 230 50987 230 51243 230 51499 230 51755 229 52011 228 52267 227 52524 225 52781 223 53039 159 53203 58 53295 159 53458 59 53553 150 53713 61 53809 222 54064 223 54320 223 54575 224 54831 224 55085 225 55339 196 55536 29 55593 196 55801 20 55849 196 56064 14 56104 199 56320 14 56359 200 56576 14 56615 201 56832 15 56871 202 57088 15 57126 203 57344 15 57382 203 57600 16 57638 203 57856 17 57894 203 58112 17 58151 202 58368 18 58407 202 58624 18 58663 202 58880 18 58919 202 59136 18 59175 202 59392 17 59432 200 59648 16 59691 196 59904 15 59948 195 60160 14 60205 76 60287 112 60416 13 60461 26 60491 45 60545 110 60672 11 60717 24 60750 41 60804 107 60932 7 60973 23 61007 40 61060 109 61229 22 61265 36 61316 111 61485 22 61520 37 61571 112 61696 3 61743 20 61775 35 61825 116 61945 10 61999 20 62031 34 62081 132 62259 15 62286 35 62336 133 62517 12 62541 36 62592 133 62774 10 62797 37 62847 134 63032 7 63053 38 63096 3 63101 136 63310 183 63565 184 63821 183 64077 182 64332 181 64588 180 64844 180 65100 180 65356 180
726981,29 25 107 22 288 23 363 20 545 23 619 11 632 6 804 21 874 11 1061 20 1130 11 1251 4 1317 22 1385 10 1505 8 1573 22 1641 10 1761 8 1829 22 1895 12 2015 12 2085 22 2151 12 2271 12 2341 21 2407 11 2525 17 2597 21 2663 10 2780 19 2853 20 2919 10 3035 22 3109 20 3175 9 3291 23 3366 17 3431 8 3449 3 3547 23 3577 6 3623 15 3687 8 3705 3 3803 24 3831 8 3879 12 3945 5 4058 38 4136 10 4202 3 4313 39 4394 7 4565 43 4653 2 4820 44 5075 45 5331 45 5422 15 5587 45 5677 17 5843 45 5933 18 6099 46 6189 19 6355 47 6444 20 6610 48 6699 21 6865 50 6953 23 7116 55 7208 24 7371 52 7424 3 7463 25 7625 54 7680 2 7719 26 7881 54 7936 1 7975 30 8137 54 8231 31 8392 54 8488 31 8647 56 8744 31 8903 56 9000 32 9158 57 9255 33 9414 57 9511 34 9671 56 9766 35 9927 55 10021 35 10182 55 10277 35 10438 55 10532 35 10693 56 10788 35 10949 55 11043 36 11204 56 11299 36 11460 56 11543 3 11553 37 11715 56 11799 4 11809 37 11971 56 12055 5 12063 40 12227 54 12311 6 12319 40 12443 2 12482 54 12569 46 12697 6 12738 52 12827 43 12951 10 12994 50 13083 43 13199 20 13251 34 13339 43 13454 23 13509 31 13595 42 13707 28 13767 28 13851 42 13962 29 14024 23 14049 2 14106 44 14216 31 14279 23 14362 45 14471 33 14535 22 14591 1 14618 45 14725 35 14791 26 14833 4 14843 5 14875 44 14981 34 15046 34 15088 16 15132 43 15235 36 15301 19 15323 14 15342 18 15387 44 15490 37 15557 18 15579 37 15643 44 15736 47 15814 17 15835 37 15897 47 15991 48 16070 17 16091 37 16151 48 16243 52 16327 14 16347 37 16407 48 16497 54 16583 13 16602 38 16663 48 16751 56 16839 12 16856 40 16919 48 17006 58 17075 10 17095 10 17111 41 17174 49 17261 65 17328 15 17352 7 17367 41 17431 48 17516 83 17608 6 17622 42 17679 4 17687 48 17771 86 17865 5 17877 43 17935 4 17943 47 18027 86 18121 5 18133 43 18181 1 18191 4 18198 47 18283 86 18377 5 18389 43 18437 2 18448 1 18454 46 18539 85 18632 7 18644 44 18693 1 18707 48 18795 85 18888 7 18899 45 18962 48 19051 85 19145 5 19155 45 19217 48 19307 85 19401 5 19411 45 19473 48 19562 87 19657 4 19667 45 19728 48 19817 88 19921 47 19983 49 20072 90 20177 47 20238 49 20327 93 20431 49 20493 49 20583 94 20686 50 20747 50 20838 95 20942 50 21003 50 21093 96 21198 50 21257 52 21349 96 21453 51 21513 52 21605 96 21709 51 21767 54 21860 96 21965 51 22023 54 22115 96 22220 51 22278 56 22371 96 22475 53 22534 57 22627 95 22730 54 22789 58 22883 94 22985 55 23045 58 23138 95 23241 55 23301 58 23393 96 23496 56 23556 58 23648 97 23751 57 23812 57 23903 98 24005 59 24067 58 24159 100 24261 59 24324 50 24413 163 24581 48 24669 59 24731 2 24737 95 24837 48 24924 58 24994 23 25018 70 25094 47 25180 57 25250 94 25358 38 25435 56 25506 94 25614 37 25691 56 25763 93 25870 36 25947 54 26019 93 26126 35 26203 52 26275 93 26381 34 26459 52 26531 93 26637 26 26665 4 26715 52 26787 93 26893 24 26971 50 27043 100 27148 25 27227 50 27299 100 27403 26 27484 47 27555 130 27741 46 27811 5 27824 117 27997 46 28068 2 28080 116 28253 46 28324 1 28336 115 28510 43 28594 111 28766 43 28851 106 29023 36 29107 107 29279 34 29363 107 29541 27 29619 107 29799 24 29875 108 30055 23 30131 108 30311 22 30387 108 30565 24 30643 108 30820 24 30899 108 31073 26 31155 108 31327 27 31411 108 31577 30 31667 108 31833 26 31923 108 32087 28 32179 108 32343 28 32435 108 32598 29 32691 109 32854 29 32947 109 33110 28 33204 108 33367 27 33463 105 33623 26 33720 103 33879 25 33977 101 34136 23 34233 100 34393 22 34490 97 34651 19 34747 96 34908 17 35003 95 35149 6 35167 13 35260 94 35394 5 35405 8 35423 12 35515 96 35649 10 35660 10 35771 96 35904 22 36026 97 36159 24 36280 99 36415 25 36535 100 36670 26 36790 101 36923 30 37046 101 37177 4 37183 26 37301 102 37433 4 37439 26 37557 101 37689 3 37697 24 37813 100 37954 23 38069 100 38213 20 38324 101 38472 1 38477 12 38580 59 38640 41 38734 11 38836 59 38899 12 38912 25 38991 10 39091 60 39155 38 39247 11 39347 60 39413 36 39503 11 39604 61 39670 34 39759 11 39783 7 39860 63 39928 32 40015 11 40038 9 40117 62 40185 30 40271 10 40293 12 40371 64 40441 30 40527 10 40548 13 40627 64 40697 29 40783 11 40803 16 40882 100 41039 11 41057 21 41137 100 41295 12 41312 25 41393 100 41551 12 41567 28 41649 100 41807 10 41822 37 41871 6 41904 9 41919 85 42063 9 42078 39 42126 7 42159 10 42178 21 42206 53 42319 8 42334 40 42381 8 42414 11 42437 17 42460 53 42575 6 42590 41 42637 8 42669 12 42693 16 42715 52 42831 6 42845 42 42893 8 42923 13 42950 17 42970 51 43087 6 43101 42 43148 10 43179 13 43207 68 43327 4 43343 7 43357 42 43404 10 43434 13 43465 66 43582 5 43599 7 43613 42 43661 8 43689 14 43722 65 43838 5 43856 55 43917 8 43944 15 43978 65 44093 7 44112 55 44173 7 44199 16 44235 64 44349 6 44368 54 44431 3 44451 20 44490 65 44605 6 44624 54 44701 25 44746 64 44859 7 44880 53 44956 25 45001 16 45019 47 45114 8 45136 53 45212 24 45257 14 45275 47 45368 9 45391 52 45467 16 45485 4 45512 14 45533 44 45623 11 45647 52 45724 15 45741 4 45769 13 45787 46 45878 12 45903 50 45981 9 45997 3 46025 13 46041 48 46134 12 46159 49 46237 9 46252 4 46282 13 46297 46 46389 14 46415 48 46493 8 46507 5 46529 2 46538 60 46645 14 46670 49 46749 6 46762 6 46784 3 46794 59 46901 14 46926 48 47005 4 47017 6 47040 3 47050 59 47157 14 47182 48 47261 4 47273 5 47297 2 47306 58 47413 14 47438 47 47518 1 47529 4 47561 58 47669 13 47694 47 47774 1 47785 4 47817 56 47925 12 47950 47 48030 3 48073 55 48181 10 48206 47 48285 5 48329 55 48437 8 48462 47 48532 4 48541 9 48582 58 48694 7 48717 48 48787 20 48837 59 48973 47 49041 22 49091 61 49229 46 49297 13 49312 7 49347 61 49483 42 49552 14 49571 5 49603 61 49739 40 49808 13 49827 5 49859 61 49995 38 50065 12 50083 7 50115 52 50168 4 50249 40 50322 11 50339 8 50370 49 50503 40 50579 9 50595 3 50625 48 50758 40 50837 6 50852 1 50881 46 51013 32 51095 1 51137 46 51269 30 51392 46 51525 26 51641 51 51781 26 51896 51 52039 25 52150 53 52295 25 52405 54 52545 4 52551 26 52661 55 52801 4 52807 26 52917 55 53056 39 53172 56 53312 40 53428 57 53567 42 53614 1 53662 5 53684 57 53823 42 53869 4 53917 8 53939 58 54074 56 54171 11 54195 58 54328 41 54370 17 54427 12 54451 58 54581 62 54681 14 54706 59 54836 62 54937 14 54961 60 55091 62 55193 16 55216 61 55346 63 55449 83 55601 56 55705 82 55857 56 55961 81 56112 55 56217 80 56367 52 56474 79 56621 54 56729 80 56877 54 56985 79 57132 55 57241 78 57387 56 57496 79 57641 58 57751 80 57896 59 58006 81 58151 60 58262 81 58407 60 58518 81 58661 62 58773 9 58784 70 58913 65 59029 9 59040 69 59167 65 59286 6 59296 68 59391 1 59423 63 59542 6 59552 68 59647 1 59677 60 59774 1 59799 4 59808 68 59901 3 59933 59 60028 3 60056 3 60064 68 60157 3 60188 58 60283 6 60321 68 60413 3 60443 58 60539 6 60577 68 60669 3 60699 58 60795 6 60835 66 60924 4 60954 59 61051 7 61091 66 61181 3 61209 60 61307 7 61350 50 61403 10 61437 3 61465 60 61563 7 61607 50 61660 9 61693 3 61721 60 61821 2 61864 49 61917 8 61949 3 61977 60 62121 48 62173 7 62204 4 62233 59 62376 49 62431 4 62459 5 62489 58 62631 50 62715 5 62745 58 62885 45 62971 5 63002 55 63123 4 63140 45 63227 5 63259 52 63377 7 63393 46 63483 5 63517 50 63632 9 63649 46 63740 4 63775 46 63885 12 63905 44 63998 2 64031 46 64140 13 64161 44 64255 1 64289 44 64395 16 64415 45 64545 44 64650 66 64801 44 64906 65 65058 42 65162 65 65315 41 65419 64
732471, 
734470,27 3 117 7 253 3 285 1 372 9 511 1 541 2 627 11 767 1 797 2 883 13 1053 2 1091 4 1137 17 1341 12 1387 25 1594 15 1641 27 1847 26 1897 28 2103 27 2152 29 2189 2 2357 30 2407 32 2442 7 2612 31 2663 42 2866 34 2919 44 3122 35 3175 44 3377 36 3431 45 3633 36 3688 45 3889 37 3945 47 4145 37 4201 54 4401 37 4459 56 4657 36 4715 57 4911 38 4973 56 5163 42 5229 57 5417 43 5485 58 5673 43 5741 58 5928 44 5983 5 5996 61 6183 46 6237 8 6251 62 6439 45 6492 10 6507 62 6694 45 6747 11 6762 64 6949 46 7003 12 7017 65 7203 48 7259 11 7273 65 7428 7 7437 4 7456 49 7515 11 7528 66 7683 15 7711 49 7771 11 7783 67 7936 18 7967 47 8028 9 8039 67 8192 18 8222 48 8285 6 8295 67 8448 19 8478 47 8542 4 8550 69 8704 19 8733 47 8805 70 8960 19 8987 47 9060 71 9216 19 9241 48 9315 72 9472 19 9495 47 9571 72 9728 69 9826 74 9984 68 10082 75 10240 68 10337 77 10496 67 10593 79 10752 67 10849 79 11008 67 11085 2 11105 80 11264 67 11337 8 11361 79 11520 67 11590 12 11617 78 11776 67 11845 13 11873 78 12032 67 12101 12 12130 75 12288 66 12356 13 12386 75 12544 64 12613 11 12643 74 12800 63 12870 9 12899 74 13056 60 13155 74 13312 59 13410 76 13568 57 13666 77 13824 57 13921 78 14080 57 14175 81 14336 56 14431 82 14592 56 14685 84 14848 56 14940 85 15104 56 15195 86 15360 55 15451 86 15616 54 15706 87 15872 53 15947 1 15962 69 16035 14 16128 51 16197 10 16217 69 16293 10 16384 49 16451 13 16473 69 16554 3 16640 48 16707 14 16729 69 16896 48 16962 15 16985 70 17152 47 17217 18 17241 70 17408 47 17473 18 17497 70 17664 47 17729 21 17753 70 17920 47 17985 94 18176 47 18241 94 18432 47 18497 94 18688 47 18754 92 18944 47 19011 91 19200 31 19233 13 19267 90 19456 32 19489 13 19523 91 19712 45 19780 92 19968 33 20003 9 20036 93 20224 33 20260 5 20292 95 20480 33 20547 97 20736 33 20803 100 20992 33 21059 101 21248 33 21314 103 21504 34 21570 104 21760 35 21826 105 22016 36 22081 106 22272 37 22338 105 22528 37 22594 106 22784 37 22849 107 23040 37 23105 107 23296 38 23360 108 23552 38 23616 108 23808 39 23861 8 23871 109 24064 39 24115 121 24320 40 24368 125 24576 40 24621 128 24832 43 24876 129 25025 2 25088 173 25281 4 25344 108 25457 61 25537 6 25600 107 25714 60 25792 7 25856 107 25970 60 26047 9 26112 106 26226 60 26303 9 26368 102 26481 61 26559 10 26624 101 26737 61 26815 10 26880 99 26992 61 27070 11 27136 99 27247 62 27325 12 27392 99 27501 62 27581 12 27648 99 27757 60 27836 13 27904 97 28013 56 28089 17 28160 97 28269 14 28290 31 28344 18 28416 95 28525 12 28546 31 28599 19 28672 93 28781 11 28802 31 28855 19 28928 91 29037 6 29057 32 29109 21 29184 91 29295 3 29307 2 29312 34 29365 20 29440 90 29562 42 29621 20 29696 89 29818 42 29877 20 29952 89 30074 43 30133 20 30208 89 30330 43 30389 20 30464 88 30587 42 30646 19 30720 88 30843 42 30903 18 30976 89 31099 42 31159 17 31232 8 31241 80 31355 42 31415 18 31498 81 31611 43 31671 18 31755 81 31867 43 31926 19 32012 81 32122 45 32181 22 32269 81 32378 45 32437 22 32526 80 32634 45 32693 22 32783 78 32890 44 32948 23 33039 78 33145 44 33204 24 33295 78 33399 46 33460 24 33551 78 33653 48 33715 25 33807 78 33909 48 33971 25 34063 78 34164 49 34227 17 34246 5 34319 78 34420 49 34483 16 34503 4 34560 8 34574 79 34675 52 34739 14 34761 2 34816 93 34931 52 34995 13 35017 1 35072 92 35185 56 35251 11 35328 93 35441 56 35508 9 35584 93 35696 58 35766 5 35787 4 35840 93 35951 60 36043 4 36096 93 36197 3 36205 63 36298 6 36352 94 36453 6 36460 64 36554 7 36608 95 36708 73 36811 6 36864 96 36964 73 37067 6 37120 173 37323 6 37376 99 37476 73 37580 5 37632 99 37732 71 37837 5 37888 99 37988 70 38094 3 38144 167 38400 167 38656 167 38912 167 39168 168 39350 11 39424 167 39605 12 39680 165 39861 13 39936 165 40117 13 40192 164 40371 16 40448 164 40627 16 40704 163 40882 18 40960 162 41138 18 41216 159 41393 20 41427 2 41472 159 41649 20 41683 2 41728 159 41905 19 41984 159 42160 20 42240 96 42339 60 42416 19 42496 96 42596 59 42672 19 42752 95 42852 60 42928 20 43008 95 43108 60 43185 19 43264 93 43364 61 43441 20 43520 93 43621 60 43697 23 43776 92 43877 59 43953 24 44032 91 44134 58 44209 25 44288 80 44371 8 44395 52 44464 27 44544 79 44629 5 44654 49 44719 28 44800 78 44886 1 44911 46 44974 29 45056 77 45167 45 45229 31 45312 76 45423 42 45483 33 45568 75 45679 42 45739 33 45824 71 45936 41 45994 35 46081 62 46193 40 46250 36 46338 59 46450 41 46505 38 46595 58 46707 41 46760 40 46851 57 46964 41 47015 42 47107 57 47221 42 47271 42 47363 56 47479 41 47527 43 47619 56 47735 41 47782 44 47875 54 47993 39 48037 45 48131 53 48251 36 48293 45 48388 51 48513 31 48549 46 48645 50 48770 31 48803 48 48902 49 49029 78 49159 54 49227 1 49243 2 49285 78 49416 59 49479 8 49497 9 49543 75 49673 60 49735 9 49752 11 49799 74 49929 72 50007 14 50056 66 50186 71 50263 14 50313 62 50441 72 50519 14 50569 19 50593 37 50697 72 50775 14 50825 19 50850 35 50953 72 51031 13 51082 17 51107 34 51209 73 51286 14 51339 16 51364 32 51465 74 51541 16 51597 12 51621 30 51721 92 51855 10 51879 28 51977 92 52114 5 52138 23 52233 92 52372 1 52396 21 52490 92 52655 16 52746 92 52911 16 53002 94 53168 14 53259 94 53423 14 53515 97 53668 4 53678 12 53771 98 53923 8 53933 11 54027 98 54177 22 54284 97 54433 21 54541 96 54688 21 54784 1 54797 96 54944 21 55040 2 55055 93 55200 19 55296 3 55311 93 55457 6 55552 5 55568 91 55808 5 55824 91 56064 5 56079 92 56320 5 56335 93 56433 3 56576 5 56590 103 56832 7 56845 106 57088 89 57178 29 57344 89 57435 28 57600 89 57693 27 57856 89 57949 28 58112 90 58205 28 58369 89 58462 27 58625 90 58719 26 58881 90 58975 26 59137 90 59234 23 59393 90 59491 22 59650 89 59749 22 59907 88 60006 21 60163 88 60263 25 60419 88 60519 26 60675 88 60775 28 60931 89 61031 28 61187 91 61286 29 61443 91 61542 29 61698 93 61798 29 61897 4 61954 93 62053 30 62152 6 62208 95 62309 30 62395 6 62406 8 62464 95 62564 31 62650 21 62720 95 62819 31 62905 21 62976 96 63074 31 63161 21 63232 127 63417 20 63488 122 63673 20 63744 121 63928 20 64000 121 64183 21 64256 120 64438 21 64512 94 64607 25 64693 22 64768 7 64777 84 64864 23 64949 21 65024 6 65033 82 65121 21 65204 22 65289 81 65377 19 65459 22
737692,0 65536
747518,0 65536
748680,0 65536
769836,0 110 254 110 512 107 768 107 1024 108 1280 109 1536 109 1792 111 2048 111 2304 112 2560 112 2816 113 3072 113 3328 113 3584 113 3840 115 4096 115 4352 116 4608 116 4864 116 5120 116 5376 117 5632 117 5888 117 6144 118 6400 118 6656 119 6912 119 7168 119 7424 119 7680 119 7936 120 8192 121 8448 121 8704 121 8960 121 9216 121 9472 121 9728 122 9984 123 10240 124 10496 124 10752 124 11008 124 11264 124 11520 124 11776 124 12032 125 12288 125 12544 127 12800 127 13056 127 13312 127 13568 128 13824 128 14080 129 14336 129 14592 129 14848 129 15104 130 15360 130 15616 131 15872 131 16128 131 16384 132 16640 132 16896 132 17152 133 17408 133 17664 133 17920 134 18176 134 18432 134 18688 135 18944 135 19200 135 19456 135 19712 136 19968 137 20224 137 20480 137 20736 137 20992 137 21248 137 21504 138 21760 139 22016 139 22272 139 22528 140 22784 140 23040 140 23296 140 23552 140 23808 141 24064 141 24320 141 24576 142 24832 143 25088 143 25344 143 25600 143 25856 144 26112 145 26368 145 26624 145 26880 145 27136 145 27392 145 27648 146 27904 147 28160 147 28416 148 28672 148 28928 148 29184 148 29440 148 29696 149 29952 149 30208 150 30464 151 30720 151 30976 151 31232 151 31488 151 31744 151 32000 152 32256 153 32512 153 32768 153 33024 153 33280 153 33536 153 33792 153 34048 155 34304 155 34560 155 34816 155 35072 156 35328 156 35584 156 35840 156 36096 157 36352 157 36608 158 36864 159 37120 159 37376 159 37632 160 37888 160 38144 161 38400 161 38656 161 38912 161 39168 162 39424 162 39680 163 39936 163 40192 163 40448 163 40704 164 40960 164 41216 164 41472 165 41728 165 41984 165 42240 166 42496 166 42752 167 43008 167 43264 167 43520 167 43776 168 44032 168 44288 169 44544 169 44800 169 45056 169 45312 169 45568 170 45824 170 46080 171 46336 171 46592 171 46848 171 47104 172 47360 172 47616 172 47872 173 48128 173 48384 173 48640 174 48896 175 49152 175 49408 175 49664 175 49920 176 50176 176 50432 177 50688 177 50944 177 51200 177 51456 177 51712 178 51968 179 52224 179 52480 179 52736 179 52992 179 53248 180 53504 180 53760 181 54016 181 54272 182 54528 183 54784 183 55040 183 55296 183 55552 183 55808 183 56064 184 56320 185 56576 185 56832 185 57088 185 57344 185 57600 185 57856 186 58112 187 58368 187 58624 187 58880 187 59136 188 59392 188 59648 189 59904 189 60160 189 60416 189 60672 190 60928 190 61184 191 61440 191 61696 191 61952 191 62208 191 62464 191 62720 192 62976 192 63232 192 63488 193 63744 193 64000 194 64256 195 64512 196 64768 197 65024 197 65280 197
772465,0 65536
777433,3751 6 4006 8 4262 9 4517 11 4773 12 5028 14 5283 15 5539 16 5795 16 6051 16 6307 15 6563 15 6800 2 6819 15 7055 3 7075 14 7311 3 7331 14 7562 7 7588 15 7819 5 7845 16 8075 4 8102 15 8332 3 8359 14 8615 14 8872 13 9129 12 9385 11 9641 9 9881 1 9897 8 10135 5 10141 3 10155 5 10390 6 10397 4 10411 4 10646 12 10667 4 10902 12 10923 4 11159 2 11163 7 11179 3 11415 1 11419 7 11436 1 11676 6 11932 6 12187 8 12443 8 12699 8 12954 10 13200 5 13209 12 13447 3 13455 6 13465 12 13701 6 13709 8 13722 12 13956 7 13965 8 13978 12 14213 17 14233 13 14469 33 14725 32 14982 31 15055 6 15239 29 15309 9 15496 27 15565 10 15753 8 15765 12 15821 11 16011 2 16021 12 16077 11 16278 9 16333 12 16535 7 16589 12 16791 6 16845 12 17048 3 17101 12 17357 11 17613 11 17811 4 17873 5 18067 4 18323 3 18579 2 20871 4 21126 7 21380 11 21633 14 21887 17 22142 18 22397 20 22653 20 22908 21 23164 21 23420 20 23676 20 23931 21 24187 20 24443 20 24685 4 24691 1 24698 20 24934 39 25189 40 25444 23 25468 17 25699 23 25725 13 25955 22 26211 22 26467 21 26723 21 26979 20 27019 7 27235 20 27273 10 27491 19 27526 13 27747 18 27781 14 28003 18 28036 17 28259 18 28292 17 28518 13 28547 18 28775 12 28803 18 29034 7 29057 21 29291 4 29312 21 29566 23 29822 23 30078 23 30333 24 30590 23 30846 23 31102 23 31358 23 31614 23 31870 23 32125 24 32381 24 32637 23 32893 22 33028 5 33149 17 33283 6 33405 15 33539 7 33661 13 33795 6 33917 12 34173 12 34430 11 34689 6 34947 4 50694 5 50949 8 51204 9 51459 12 51715 12 51970 13 52065 7 52085 5 52225 14 52321 8 52340 7 52481 13 52576 9 52595 12 52737 13 52832 9 52851 12 52993 12 53089 7 53107 13 53250 11 53345 7 53363 13 53509 6 53603 4 53620 11 53767 3 53848 1 53859 2 53876 11 54101 6 54132 9 54357 8 54388 8 54612 9 54644 7 54868 9 54900 7 55124 10 55156 7 55381 9 55412 7 55638 7 55669 5 55895 6 55925 5 56153 3 56182 3 57616 2 57871 5 58127 6 58383 7 58638 9 58893 12 59148 14 59404 15 59435 4 59659 16 59689 10 59915 16 59944 11 60173 14 60199 12 60429 14 60455 13 60685 14 60711 14 60941 14 60966 15 61198 15 61222 17 61454 15 61478 17 61709 17 61734 17 61965 17 61990 17 62221 17 62248 16 62477 16 62508 12 62733 16 62764 12 62991 14 63019 12 63248 8 63257 4 63274 13 63507 4 63514 3 63529 14 63785 14 64040 15 64295 16 64551 5 64559 8 64806 5 64817 6 65062 5 65075 3 65318 5
778684,651 1 903 6 1157 9 1412 13 1667 18 1923 22 2179 23 2435 24 2691 24 2947 24 3203 24 3459 24 3716 24 3974 23 4231 23 4489 26 4747 24 5004 25 5261 24 5518 24 5774 25 5944 1 6031 26 6194 9 6288 25 6444 18 6544 27 6699 21 6800 27 6953 26 7056 28 7208 28 7312 29 7463 31 7569 29 7719 32 7825 29 7975 34 8081 30 8231 34 8337 30 8488 34 8593 30 8744 35 8850 29 9001 34 9107 7 9119 16 9258 33 9364 5 9376 15 9517 30 9779 23 10035 23 10291 22 10548 21 10805 19 11062 8 18208 1 18463 4 18717 8 18973 8 19229 8 19484 9 19713 6 19740 9 19968 9 19996 9 20224 11 20244 5 20253 7 20398 1 20480 12 20499 7 20511 3 20550 3 20652 5 20736 13 20755 7 20802 9 20907 7 20992 14 21010 8 21053 15 21162 8 21248 16 21265 8 21306 19 21417 10 21504 25 21561 21 21673 11 21760 23 21815 24 21928 15 22016 23 22071 25 22184 16 22272 22 22327 24 22440 17 22528 22 22584 23 22695 18 22784 21 22840 23 22869 2 22951 18 23040 21 23096 23 23125 3 23208 17 23296 21 23351 22 23381 4 23465 15 23552 21 23607 22 23637 4 23721 14 23808 21 23861 24 23894 1 23980 9 24064 21 24116 11 24131 11 24320 21 24371 12 24386 13 24576 21 24626 13 24642 13 24832 20 24878 17 24897 18 25088 19 25133 19 25153 19 25344 18 25388 20 25409 20 25600 17 25644 41 25856 15 25899 43 26112 14 26155 44 26368 13 26411 45 26533 6 26625 12 26666 47 26789 7 26884 5 26921 50 27044 9 27141 1 27177 50 27299 11 27418 6 27432 52 27555 12 27674 7 27687 54 27811 12 27929 68 28067 12 28185 68 28323 11 28441 69 28572 1 28579 10 28697 69 28827 4 28833 12 28953 69 29082 16 29209 69 29337 16 29465 69 29593 15 29721 69 29849 16 29976 69 30106 17 30232 69 30362 17 30487 69 30615 21 30743 68 30867 25 30999 68 31121 28 31255 72 31376 29 31510 74 31631 30 31766 75 31887 31 32023 75 32143 33 32250 5 32279 75 32398 35 32505 7 32536 74 32653 37 32761 7 32793 73 32909 38 33016 8 33051 70 33164 40 33272 8 33307 70 33419 41 33527 9 33564 67 33673 44 33782 10 33820 67 33929 44 34037 11 34076 66 34185 45 34293 11 34332 66 34441 45 34548 12 34588 67 34695 48 34803 13 34844 67 34951 48 35059 13 35101 66 35205 52 35315 13 35357 67 35461 52 35571 13 35615 65 35716 53 35827 13 35871 65 35971 54 36083 13 36134 58 36227 54 36339 13 36391 57 36482 54 36595 13 36650 55 36737 54 36851 13 36908 53 36993 54 37107 13 37168 50 37249 52 37365 11 37426 48 37505 52 37621 11 37686 9 37698 32 37761 51 37880 8 37943 7 37955 32 38017 51 38137 7 38212 31 38274 53 38468 31 38531 53 38726 29 38787 54 38983 28 39043 54 39241 25 39299 54 39497 25 39555 54 39753 25 39811 54 40009 24 40067 55 40266 17 40285 2 40323 55 40522 17 40578 57 40779 15 40833 58 41035 15 41089 58 41292 14 41345 58 41547 14 41600 58 41803 13 41855 58 42059 12 42110 59 42315 12 42365 60 42571 12 42621 60 42828 10 42877 60 43013 2 43085 8 43134 59 43268 5 43342 6 43391 58 43523 7 43647 58 43778 9 43904 56 44032 11 44160 56 44288 13 44417 55 44544 13 44674 54 44800 13 44931 52 45056 13 45187 52 45312 13 45443 51 45499 6 45568 14 45700 50 45753 9 45824 15 45957 48 46008 11 46080 15 46213 42 46264 12 46336 15 46471 38 46519 13 46592 15 46727 38 46775 14 46848 15 46985 35 47027 18 47104 15 47242 33 47281 20 47329 4 47360 15 47501 28 47534 23 47582 9 47616 15 47758 27 47790 23 47836 13 47872 14 48018 23 48046 21 48088 17 48128 13 48275 23 48302 21 48343 19 48384 12 48532 22 48558 20 48597 21 48641 9 48789 22 48813 20 48853 22 48901 2 49045 22 49069 20 49108 23 49301 44 49364 23 49557 44 49619 24 49814 43 49875 25 49924 4 50072 41 50131 29 50179 6 50329 5 50339 4 50344 25 50387 30 50435 7 50602 23 50641 33 50691 7 50858 23 50896 35 50947 8 51114 23 51151 26 51180 7 51203 8 51371 22 51407 24 51438 5 51459 10 51627 22 51664 21 51697 2 51716 10 51884 21 51920 21 51973 11 52143 17 52177 19 52229 12 52404 12 52433 18 52485 13 52661 10 52689 20 52741 14 52917 10 52945 20 52997 16 53173 8 53201 21 53253 16 53430 7 53456 22 53509 17 53712 23 53765 18 53968 22 54023 15 54223 22 54279 15 54479 22 54538 11 54735 21 54797 7 54980 1 54991 20 55086 10 55230 11 55247 20 55341 12 55441 4 55485 12 55503 20 55575 4 55595 15 55693 12 55739 15 55759 5 55768 9 55831 5 55849 18 55949 13 55995 15 56016 4 56025 7 56087 36 56203 17 56251 15 56273 2 56284 1 56343 36 56459 18 56507 15 56599 39 56639 6 56714 19 56763 14 56855 47 56970 20 57019 13 57111 50 57226 21 57257 12 57274 13 57367 52 57482 21 57511 15 57531 11 57624 53 57738 22 57765 18 57788 9 57880 54 57995 45 58045 7 58136 56 58251 45 58303 3 58393 56 58507 46 58649 57 58765 43 58905 57 59021 43 59163 2 59167 52 59280 40 59375 3 59427 48 59537 38 59631 5 59685 46 59795 36 59887 11 59941 46 60051 36 60142 16 60197 46 60306 36 60398 18 60453 46 60561 37 60653 19 60708 54 60817 36 60909 19 60964 55 61072 37 61165 19 61220 57 61327 37 61396 5 61419 21 61475 58 61583 38 61651 6 61675 21 61731 60 61839 38 61905 10 61931 21 61987 60 62095 39 62160 11 62186 22 62241 63 62352 38 62415 13 62441 23 62495 65 62608 39 62670 14 62697 23 62751 66 62865 37 62925 15 62951 25 63006 67 63121 37 63181 16 63207 25 63261 70 63379 34 63436 17 63462 26 63517 76 63635 32 63692 17 63719 25 63773 81 63891 28 63949 16 63975 25 64029 83 64148 26 64205 16 64231 25 64286 84 64404 25 64461 16 64486 26 64542 85 64660 25 64717 16 64742 26 64799 84 64916 24 64973 15 64997 27 65055 84 65172 24 65229 15 65253 27 65311 86 65428 23 65485 13 65508 28
787614,0 65536
797883,135 121 392 120 648 120 905 119 1161 119 1418 118 1674 118 1931 117 2188 116 2445 115 2701 115 2958 114 3215 113 3473 111 3730 110 4001 95 4258 94 4515 93 4773 91 5032 88 5289 87 5547 85 5804 84 6066 78 6325 75 6581 7 6591 65 6848 64 7106 62 7363 61 7620 38 7659 21 7877 37 7915 21 8133 37 8173 19 8390 35 8429 19 8647 32 8687 17 8904 29 8943 17 9161 26 9200 16 9419 6 9429 13 9456 16 9687 7 9713 15 9943 6 9969 15 10199 6 10225 15 10455 5 10480 16 10713 2 10736 16 10992 16 11247 14 11503 13 11759 11 12014 11 12271 8 12527 8 12784 5 13041 3 17627 6 17882 11 18138 11 18394 11 18650 11 18906 12 19162 12 19418 12 19674 12 19930 11 20186 11 20443 10 20495 3 20701 7 20749 12 20959 2 21004 15 21257 20 21511 23 21751 6 21758 2 21766 25 22005 11 22021 27 22261 11 22277 27 22515 13 22533 27 22771 13 22789 26 23027 13 23045 26 23283 13 23302 20 23539 13 23559 11 23795 13 23816 7 24051 13 24074 3 24307 13 24563 13 24819 13 25075 13 25331 13 25587 12 25843 12 26100 8 26357 6 40469 10 40721 18 40977 18 41230 23 41486 23 41741 26 41997 26 42253 26 42508 27 42765 26 43021 26 43277 26 43533 26 43789 25 44046 21 44069 1 44305 18 44544 1 44561 18 44800 1 44818 15 44837 1 45056 1 45074 21 45098 2 45331 26 45586 27 45842 27 46098 27 46352 29 46384 3 46388 3 46607 31 46639 10 46862 45 47115 49 47371 51 47627 51 47889 45 48146 44 48403 43 48659 43 48915 43 49171 43 49429 42 49685 42 49942 41 50198 42 50454 43 50710 44 50967 44 51223 44 51479 46 51735 46 51989 49 52244 51 52497 54 52753 54 53006 57 53262 57 53519 57 53774 58 54029 60 54285 60 54542 59 54798 59 55055 59 55311 58 55566 59 55823 58 56083 55 56339 55 56599 51 56855 51 57112 49 57369 48 57627 46 57883 46 58139 46 58395 46 58650 47 58906 48 59160 4 59168 43 59416 5 59423 44 59671 52 59927 52 60183 52 60439 54 60695 55 60951 55 61207 56 61463 58 61719 60 61975 60 62231 61 62488 61 62731 3 62745 59 62987 2 63001 58 63243 2 63258 56 63499 2 63515 55 63755 3 63771 55 64011 3 64027 55 64284 54 64536 2 64540 54 64791 59 65046 60 65300 62
798199,0 65536
798724,0 57 71 243 327 243 582 245 833 250 1085 445 1534 253 1789 7897 9688 253 9944 249 10199 250 10454 250 10711 248 10967 248 11222 249 11477 494 11974 252 12233 22 12260 22 12283 199 12489 22 12516 21 12540 198 12745 20 12773 18 12797 198 13001 20 13029 18 13053 198 13257 19 13285 17 13309 199 13512 20 13541 16 13565 200 13768 20 13794 17 13822 199 14024 20 14050 17 14079 200 14280 20 14309 14 14335 221 14566 13 14591 221 14823 2 14827 8 14848 221 15079 2 15083 8 15104 221 15335 2 15339 8 15360 222 15591 2 15596 7 15616 228 15846 2 15852 7 15872 232 16112 3 16128 230 16384 229 16640 229 16896 229 17152 229 17408 229 17664 228 17920 228 18176 228 18432 228 18688 234 18944 235 19200 235 19456 235 19712 217 19932 15 19968 216 20190 13 20224 216 20447 12 20480 215 20704 10 20736 215 20961 9 20992 216 21217 9 21248 217 21475 6 21504 217 21732 5 21760 219 22016 221 22272 221 22528 222 22784 223 23040 223 23296 227 23552 221 23808 215 24064 214 24320 155 24477 56 24576 154 24733 56 24832 153 24990 55 25049 4 25088 153 25246 57 25304 6 25344 154 25501 66 25600 154 25757 66 25856 155 26013 66 26112 155 26269 66 26368 155 26525 66 26624 223 26880 153 27034 67 27136 153 27290 59 27350 7 27392 153 27546 58 27648 153 27802 58 27904 212 28160 211 28416 199 28621 7 28630 2 28672 198 28877 7 28886 3 28928 197 29134 11 29184 196 29389 12 29440 194 29645 12 29696 193 29900 14 29952 191 30153 18 30208 188 30408 19 30464 189 30657 16 30675 8 30720 189 30912 17 30933 4 30976 209 31232 208 31488 207 31744 207 32000 214 32237 3 32256 214 32492 4 32512 205 32720 7 32747 5 32768 204 32977 6 33003 4 33024 203 33234 5 33259 4 33280 203 33489 6 33516 1 33536 202 33745 6 33792 201 34001 6 34012 2 34048 199 34263 8 34304 199 34519 8 34560 199 34775 8 34816 201 35031 8 35072 203 35288 7 35305 2 35328 203 35543 8 35561 2 35584 205 35797 10 35817 2 35840 205 36052 11 36073 2 36096 205 36308 10 36329 3 36352 205 36564 8 36584 4 36608 204 36820 7 36839 6 36864 204 37075 10 37095 6 37120 203 37331 12 37350 6 37376 203 37585 14 37605 8 37632 204 37839 16 37860 10 37888 204 38093 18 38116 11 38144 193 38339 28 38372 11 38400 193 38595 28 38628 11 38656 190 38851 28 38881 14 38912 189 39105 30 39137 15 39168 188 39359 32 39392 19 39424 223 39649 19 39680 223 39905 20 39936 222 40161 20 40192 227 40422 15 40442 5 40448 227 40679 245 40925 6 40934 246 41181 7 41189 247 41437 509 41947 254 42203 1300 43505 11532 55038 253 55295 252 55551 253 55805 255 56061 254 56317 254 56573 252 56830 251 57086 249 57342 248 57599 247 57855 247 58111 246 58367 245 58623 244 58879 239 59135 237 59391 236 59647 236 59903 236 60159 236 60415 237 60671 237 60927 237 61183 236 61440 235 61696 235 61938 3 61952 235 62193 5 62208 236 62447 8 62462 238 62702 10 62717 240 62958 11 62971 242 63214 11 63227 242 63472 10 63483 1526 65011 525
799155,0 31 41 34 79 208 292 41 336 206 548 41 592 254 847 1026 1874 255 2133 251 2391 249 2647 248 2904 247 3159 248 3414 251 3666 2478 6145 255 6404 252 6661 251 6917 251 7174 250 7430 250 7686 250 7942 250 8198 250 8456 248 8715 4 8725 235 8987 229 9243 229 9499 229 9756 228 10014 226 10271 225 10535 217 10791 217 11019 4 11047 217 11274 6 11303 217 11529 9 11559 217 11784 11 11816 8 11826 206 12040 11 12074 5 12084 204 12296 12 12340 204 12553 16 12597 203 12811 15 12854 202 13073 10 13111 201 13329 10 13367 201 13585 10 13623 201 13842 9 13879 201 14099 8 14135 201 14355 8 14391 201 14613 4 14647 201 14903 201 15159 201 15415 201 15670 202 15925 203 16181 85 16268 116 16437 28 16467 49 16525 115 16693 26 16725 42 16783 113 16904 1 16949 26 16983 40 17040 112 17159 4 17205 17 17243 36 17299 109 17413 7 17461 17 17499 37 17563 101 17668 10 17687 6 17709 2 17717 17 17757 36 17822 98 17922 14 17941 9 17964 5 17974 16 18013 36 18079 128 18217 10 18230 16 18271 44 18335 128 18471 12 18487 15 18527 45 18591 128 18727 12 18743 15 18765 8 18785 44 18847 128 18982 13 18999 15 19019 10 19042 43 19102 129 19237 14 19256 13 19274 11 19299 43 19358 129 19494 14 19512 13 19529 13 19555 43 19614 128 19750 15 19769 13 19783 15 19812 42 19870 127 20006 15 20026 28 20068 17 20087 23 20126 127 20262 15 20283 56 20343 22 20382 127 20518 15 20541 54 20599 22 20638 127 20774 16 20799 52 20855 22 20894 151 21057 50 21111 22 21150 122 21273 28 21314 49 21367 22 21405 151 21571 48 21622 23 21661 120 21783 17 21803 8 21829 46 21877 24 21917 118 22039 17 22063 2 22086 45 22133 23 22173 118 22295 17 22343 44 22389 9 22401 10 22428 118 22550 17 22599 43 22645 8 22658 9 22683 118 22807 16 22856 52 22916 5 22938 110 23049 7 23063 16 23112 52 23193 110 23331 4 23369 50 23448 111 23587 4 23625 50 23704 111 23880 53 23959 111 24135 55 24215 112 24365 6 24383 64 24469 114 24608 4 24620 8 24638 66 24725 114 24862 8 24875 10 24893 68 24977 119 25117 11 25129 13 25148 70 25230 123 25373 26 25402 73 25485 125 25629 27 25657 75 25741 126 25885 104 25997 126 26142 104 26252 130 26398 105 26507 132 26654 105 26763 134 26909 108 27018 136 27165 246 27421 246 27677 246 27933 247 28190 245 28447 244 28703 244 28960 243 29216 242 29473 240 29729 240 29985 240 30242 238 30499 2 30503 233 30761 230 31018 229 31275 226 31533 224 31790 210 32003 6 32049 207 32307 205 32565 203 32823 93 32917 107 33081 90 33173 107 33335 92 33429 107 33589 92 33685 107 33845 92 33941 107 34077 8 34099 93 34197 107 34332 10 34355 92 34453 107 34587 14 34610 95 34710 106 34842 16 34866 95 34967 105 35097 19 35121 98 35223 105 35353 21 35377 98 35480 104 35608 125 35737 103 35863 127 35994 102 36118 129 36250 102 36373 130 36507 101 36629 130 36763 101 36884 132 37019 101 37139 133 37276 100 37394 133 37531 101 37649 133 37787 101 37904 134 38043 101 38160 133 38298 102 38415 133 38554 102 38671 132 38810 102 38927 130 39066 102 39183 124 39322 106 39439 124 39578 108 39696 109 39813 4 39822 8 39835 108 39952 108 40069 4 40077 10 40093 106 40209 106 40323 23 40349 107 40465 106 40579 24 40605 107 40720 107 40833 27 40861 108 40976 107 41089 136 41231 106 41344 30 41376 105 41487 106 41599 31 41632 105 41743 106 41853 34 41893 100 42000 104 42109 34 42149 100 42257 142 42405 100 42513 142 42661 99 42769 142 42917 99 43026 141 43173 98 43283 140 43429 98 43539 140 43685 98 43795 141 43942 96 44050 142 44199 94 44306 243 44562 238 44811 5 44818 238 45065 8 45078 223 45304 8 45319 11 45341 152 45507 47 45575 11 45601 147 45763 47 45830 12 45857 147 46021 6 46034 31 46086 13 46114 146 46291 30 46341 14 46368 147 46548 28 46589 2 46596 15 46623 148 46805 27 46844 4 46852 15 46879 148 47063 24 47099 5 47108 15 47135 125 47261 21 47321 22 47353 7 47364 15 47390 121 47531 2 47580 15 47609 7 47621 14 47646 119 47837 12 47863 9 47877 18 47901 118 48062 4 48116 12 48133 142 48317 5 48371 13 48390 141 48572 7 48626 14 48646 141 48828 7 48882 14 48902 141 49084 7 49137 15 49157 142 49339 9 49393 162 49595 10 49649 162 49851 10 49905 162 50077 5 50107 10 50160 64 50226 96 50333 6 50363 10 50416 63 50489 90 50587 9 50611 6 50619 10 50672 63 50745 90 50842 11 50867 6 50875 9 50928 63 51002 90 51096 13 51123 7 51134 5 51185 62 51258 92 51351 15 51379 7 51441 62 51514 111 51634 9 51697 62 51770 112 51890 9 51954 61 52025 114 52145 11 52220 51 52281 115 52401 11 52478 51 52537 116 52656 13 52736 51 52792 118 52911 15 52992 191 53248 191 53504 191 53739 5 53760 191 53993 8 54016 191 54243 15 54272 191 54498 16 54528 192 54753 19 54784 192 55009 20 55040 193 55264 24 55296 193 55519 25 55552 193 55773 26 55808 194 56026 29 56064 195 56279 32 56320 196 56534 33 56576 19 56596 177 56789 34 56832 19 56853 176 57045 35 57088 19 57109 177 57301 37 57344 19 57366 177 57556 39 57600 19 57623 176 57811 41 57856 19 57879 176 58067 42 58112 19 58136 175 58323 64 58393 174 58579 64 58647 176 58835 64 58903 176 59091 64 59157 178 59347 64 59412 178 59603 64 59668 177 59859 64 59924 177 60115 64 60181 175 60373 62 60437 175 60630 60 60694 174 60887 59 60950 174 61144 58 61207 173 61401 58 61463 25 61492 11 61505 131 61658 57 61723 20 61751 3 61762 131 61919 2 61925 46 61984 15 62019 131 62183 44 62241 15 62277 5 62286 121 62441 42 62497 16 62546 117 62697 43 62753 16 62803 116 62954 43 63009 17 63059 116 63210 43 63265 17 63315 116 63467 42 63522 17 63571 117 63724 41 63779 16 63827 117 63987 34 64035 16 64083 117 64243 34 64292 15 64323 8 64337 120 64463 3 64500 33 64549 14 64578 135 64717 6 64756 33 64807 12 64833 150 65012 8 65024 21 65064 11 65089 152 65267 9 65280 21 65322 5 65345 152 65523 9
799282,46 41 111 38 303 39 353 8 365 40 560 37 609 52 673 1 817 36 863 55 922 9 1073 36 1119 68 1329 34 1374 71 1585 34 1630 71 1841 34 1886 72 2097 34 2142 72 2353 34 2399 72 2609 34 2657 70 2866 33 2914 69 3123 32 3171 68 3380 31 3427 67 3636 31 3683 67 3859 1 3893 28 3939 66 4114 4 4149 27 4195 66 4368 7 4406 24 4450 67 4539 2 4623 9 4663 23 4706 66 4793 6 4879 9 4920 21 4962 65 5049 7 5135 10 5177 20 5218 65 5304 9 5391 10 5433 19 5475 64 5560 9 5647 10 5690 17 5731 64 5816 9 5903 10 5947 15 5989 62 6074 5 6160 9 6203 14 6245 61 6331 2 6417 7 6459 12 6503 58 6673 6 6714 15 6759 58 6969 9 6981 6 7015 58 7225 10 7236 9 7272 58 7481 21 7529 58 7737 21 7785 58 7936 9 7993 22 8040 59 8192 12 8249 22 8296 36 8334 21 8448 16 8496 1 8505 22 8551 36 8589 13 8704 17 8749 7 8761 22 8806 37 8845 7 8960 20 8998 16 9017 22 9061 38 9101 6 9216 20 9253 18 9273 23 9317 37 9359 4 9472 21 9509 19 9530 22 9572 37 9728 21 9755 2 9765 19 9787 22 9825 40 9984 21 10009 6 10021 18 10044 21 10069 6 10077 44 10240 21 10265 6 10276 19 10301 76 10496 21 10519 32 10558 71 10752 56 10814 69 11008 56 11071 66 11264 57 11327 65 11520 57 11583 62 11776 57 11840 60 12032 58 12096 55 12288 58 12352 53 12544 59 12608 40 12800 59 12863 40 13056 59 13119 39 13312 101 13568 99 13824 98 14080 93 14336 91 14592 88 14848 85 15104 78 15360 77 15616 60 15682 7 15872 59 16128 59 16384 59 16640 58 16896 57 17152 51 17408 49 17666 43 17923 41 18183 33 18446 24 18703 19 18959 16 19215 10 19471 4
804179,0 65536
809952,0 1 252 4 2558 2 2810 6 3060 12 3315 13 3567 17 3821 19 4072 24 4326 26 4579 29 4833 31 5087 33 5340 36 5591 41 5844 44 6097 47 6351 49 6601 55 6855 57 7108 60 7361 63 7613 67 7867 69 8119 73 8372 76 8625 79 8878 82 9131 85 9385 87 9637 91 9891 93 10143 97 10397 99 10649 103 10903 105 11155 109 11409 111 11661 115 11916 116 12165 123 12420 124 12672 128 12926 130 13179 133 13435 133 13685 139 13939 141 14190 146 14444 148 14697 151 14950 154 15203 157 15458 158 15708 164 15963 165 16213 171 16467 173 16719 177 16972 180 17224 184 17477 187 17729 191 17983 193 18234 198 18489 199 18740 204 18994 206 19246 210 19500 212 19752 216 20007 217 20258 222 20512 224 20766 226 21018 230 21271 233 21524 236 21777 239 22029 243 22279 249 22529 4 22534 43002
810943,0 6 13 244 269 243 526 242 782 242 1038 242 1300 236 1556 236 1811 237 2067 237 2317 243 2573 243 2827 245 3080 248 3335 249 3591 249 3847 249 4103 252 4360 251 4616 253 4872 252 5127 252 5382 253 5637 5883 11521 255 11777 255 12033 1033 13068 244 13313 8 13325 243 13583 241 13839 241 14095 241 14351 241 14602 246 14858 246 15109 2 15113 247 15365 2 15369 247 15621 3 15625 247 15876 4 15881 247 16133 251 16389 251 16645 251 16901 251 17158 250 17415 249 17671 249 17927 249 18184 248 18440 248 18697 247 18953 247 19211 245 19468 244 19725 243 19981 243 20231 249 20487 254 20742 275 21019 252 21279 248 21535 248 21791 248 22048 247 22305 246 22561 246 22818 246 23074 248 23330 248 23585 250 23839 252 24095 11268 35364 253 35620 254 35875 29661
822622,0 1 255 1 3838 2 4087 9 4341 11 4591 17 4845 19 5097 23 5349 27 5601 31 5855 33 6105 39 6359 41 6610 46 6865 47 7117 51 7367 57 7618 62 7871 65 8122 70 8375 73 8627 77 8879 81 9131 85 9385 87 9639 89 9889 95 10137 103 10391 105 10641 111 10895 113 11147 117 11401 119 11651 125 11905 127 12153 135 12407 137 12659 141 12911 145 13164 148 13417 151 13668 156 13923 157 14173 163 14425 167 14675 173 14930 174 15183 177 15437 179 15689 183 15939 189 16190 194 16443 197 16695 201 16948 204 17199 209 17453 211 17705 215 17961 215 18206 226 18459 229 18711 233 18965 235 19215 241 19469 243 19721 248 19975 4932 24908 255 25164 2012 27178 251 27435 16 27453 232 27690 17 27710 229 27946 17 27965 224 28191 2 28201 18 28221 223 28457 242 28713 242 28965 246 29215 6666 35883 3799 39683 254 39940 252 40195 253 40451 253 40708 252 40964 252 41221 13 41235 237 41477 251 41733 251 41989 251 42248 248 42504 24 42530 222 42760 24 42787 221 43016 24 43042 222 43271 25 43298 207 43507 13 43528 24 43553 208 43763 7 43775 2 43785 23 43809 208 44032 1 44041 232 44298 22 44321 209 44555 21 44577 210 44811 21 44833 211 45067 21 45089 211 45324 9 45337 7 45345 212 45579 10 45593 6 45602 211 45834 11 45847 8 45859 209 46090 10 46103 4 46115 208 46345 22 46369 210 46592 1 46601 23 46625 209 46848 242 47104 241 47360 241 47616 241 47872 5 47878 235 48128 5 48135 233 48384 3 48393 230 48650 229 48906 228 49161 228 49405 3 49412 231 49659 5 49668 231 49914 6 49924 231 50169 7 50180 231 50425 7 50435 232 50681 7 50690 233 50937 242 51192 244 51448 244 51704 245 51960 245 52216 245 52472 243 52728 240 52984 239 53241 238 53497 7 53505 230 53753 7 53761 230 54009 238 54265 239 54520 239 54775 240 55030 241 55284 243 55539 241 55795 240 56051 240 56307 240 56563 238 56821 235 57077 232 57335 229 57593 225 57833 2 57851 222 58088 3 58107 221 58345 2 58363 220 58601 2 58619 220 58857 2 58875 220 59131 220 59387 220 59644 219 59902 217 60158 217 60413 218 60669 218 60925 219 61180 221 61435 222 61691 223 61947 224 62203 224 62459 224 62714 225 62965 11 62977 218 63220 12 63235 214 63458 1 63465 4 63475 13 63491 214 63713 5 63721 5 63730 14 63748 212 63969 6 63976 24 64005 210 64225 31 64263 210 64481 8 64494 18 64519 210 64737 7 64750 18 64776 1 64784 201 64996 1 65007 17 65041 200 65263 17 65298 200 65521 15
826515,0 85 100 7 119 222 353 12 373 224 607 16 628 225 863 246 1119 246 1375 246 1629 2038 3669 254 3929 249 4185 250 4441 250 4697 250 4953 255 5209 60327
830714,0 65536
839719,0 65536
841484,255 1 6331 2 6583 11 6838 13 7092 18 7113 2 7347 24 7601 28 7857 28 8111 30 8365 32 8621 32 8876 33 9132 32 9387 33 9643 32 9899 32 10155 31 10411 31 10667 30 10923 30 11181 27 11437 27 11693 26 11949 26 12205 28 12461 28 12717 28 12973 28 13227 31 13483 30 13739 30 13995 29 14253 25 14509 23 14765 21 15022 19 15279 18 15536 17 15792 17 16048 17 16302 19 16558 19 16813 22 17069 23 17326 23 17582 24 17839 24 18095 24 18352 23 18608 23 18865 22 19123 20 19381 18 19638 17 19897 13 20155 11 20411 11 20669 9 20925 8 21182 7 21440 5 27591 6 27846 7 28100 10 28356 11 28611 12 28866 14 29107 8 29121 16 29359 15 29376 17 29587 5 29615 34 29658 8 29841 8 29871 34 29912 11 30094 14 30121 40 30164 18 30188 6 30349 16 30377 40 30419 33 30603 20 30633 76 30859 20 30889 77 31114 23 31146 77 31370 23 31403 76 31626 29 31659 76 31882 29 31915 76 32112 9 32139 29 32171 76 32367 10 32395 30 32427 76 32523 3 32623 12 32651 111 32778 5 32870 1 32879 13 32908 4 32918 101 33033 6 33125 4 33135 14 33175 100 33289 5 33379 7 33393 12 33430 102 33546 3 33635 7 33653 8 33685 104 33802 1 33891 7 33909 7 33941 107 34146 7 34166 5 34197 107 34401 8 34422 5 34453 116 34657 8 34678 5 34709 117 34913 8 34934 6 34953 1 34965 119 35169 7 35189 8 35207 6 35221 120 35425 7 35445 9 35463 6 35478 119 35682 5 35701 10 35719 6 35735 119 35938 5 35957 10 35975 6 35991 118 36194 5 36214 10 36233 2 36246 119 36450 5 36470 10 36502 119 36706 5 36727 9 36757 119 36962 5 36983 9 37013 117 37218 5 37240 8 37269 116 37475 2 37496 8 37525 107 37754 5 37779 109 38011 2 38035 109 38229 5 38291 109 38485 6 38547 109 38731 4 38739 8 38803 109 38987 5 38994 10 39059 109 39243 18 39317 107 39498 19 39573 107 39753 20 39829 107 40008 21 40085 84 40174 18 40263 23 40343 80 40430 18 40519 24 40553 3 40599 80 40685 19 40773 28 40806 8 40857 78 40940 20 41028 29 41062 9 41113 78 41195 21 41281 32 41317 12 41357 4 41370 75 41451 21 41537 32 41573 13 41611 7 41627 74 41707 21 41779 7 41792 33 41829 14 41866 9 41884 71 41962 10 41979 5 42034 9 42048 33 42085 15 42121 11 42141 34 42177 34 42217 10 42237 3 42289 10 42303 34 42341 15 42377 12 42398 33 42435 30 42475 7 42545 12 42559 34 42597 15 42632 13 42656 31 42691 28 42731 6 42799 14 42815 34 42853 15 42887 14 42915 28 42949 22 42988 5 43054 51 43109 15 43136 3 43141 16 43173 26 43206 20 43245 2 43309 52 43365 15 43390 23 43429 27 43466 14 43565 52 43622 14 43646 23 43685 28 43723 12 43820 53 43879 12 43902 23 43941 29 43984 4 44075 53 44136 11 44158 23 44197 30 44332 52 44394 10 44414 23 44453 30 44589 50 44651 10 44670 22 44709 30 44845 41 44908 9 44925 23 44965 31 45102 39 45163 12 45181 23 45221 32 45360 34 45407 6 45419 40 45477 33 45617 33 45662 8 45675 41 45734 32 45874 31 45915 12 45931 41 45991 30 46131 29 46171 13 46187 42 46247 29 46394 22 46427 58 46503 28 46650 22 46682 59 46759 20 46782 2 46907 20 46937 60 47016 17 47165 18 47193 60 47273 14 47423 16 47449 61 47529 12 47681 14 47704 62 47786 9 47940 9 47958 63 48197 7 48213 64 48456 1 48469 28 48501 30 48669 4 48725 28 48758 29 48923 7 48981 28 49015 26 49178 9 49237 29 49272 24 49432 11 49493 29 49528 19 49687 12 49749 29 49785 18 49942 13 50006 29 50041 17 50198 13 50263 12 50276 15 50298 15 50453 13 50520 8 50534 12 50555 14 50708 14 50777 6 50791 11 50812 13 50963 14 51049 8 51073 7 51219 14 51306 6 51331 4 51451 5 51473 16 51679 7 51705 7 51729 17 51935 8 51960 8 51984 18 52191 10 52215 9 52240 18 52447 12 52471 9 52497 18 52702 13 52726 10 52753 18 52958 13 52982 10 53011 16 53213 16 53238 10 53267 15 53468 19 53494 10 53529 8 53723 23 53750 10 53785 8 53975 29 54006 10 54045 2 54226 46 54481 38 54520 8 54734 50 54989 51 55243 53 55499 53 55753 55 56009 55 56265 55 56521 55 56777 55 57033 55 57291 53 57547 53 57805 51 58062 50 58321 38 58361 7 58457 2 58577 38 58619 5 58709 8 58835 36 58875 5 58965 9 59091 36 59131 5 59219 12 59349 33 59387 5 59475 12 59606 32 59643 5 59731 12 59870 23 59899 5 59987 12 60127 22 60155 5 60243 12 60384 21 60411 5 60499 12 60641 20 60667 5 60755 11 60898 19 60922 6 61011 10 61157 16 61178 6 61267 8 61421 6 61433 7 61525 4 61690 6 61947 5 62203 5 62459 5 62715 5 62971 5 63227 5 63483 5 63739 5 63997 3 64105 6 64253 3 64359 9 64615 9 64870 11 65126 10 65383 9
842508,0 1 163 60 228 25 254 2 420 90 677 89 933 88 1191 86 1451 81 1708 80 1965 78 2221 78 2476 61 2539 21 2731 62 2797 19 2987 60 3056 16 3243 60 3313 15 3498 60 3572 12 3754 60 3829 11 4010 59 4085 11 4266 59 4341 11 4503 2 4522 59 4599 9 4757 6 4778 59 4855 9 5013 6 5033 59 5113 7 5268 8 5289 59 5370 6 5524 8 5545 58 5780 8 5801 20 5822 36 6036 9 6057 19 6080 12 6093 19 6292 9 6313 18 6339 4 6344 3 6351 14 6547 10 6569 17 6609 10 6803 10 6825 16 6867 6 7059 10 7080 15 7315 10 7336 15 7571 9 7591 16 7827 8 7847 16 8084 6 8104 15 8341 4 8360 15 8401 1 8616 14 8657 1 8873 13 8913 1 9131 10 9388 8 9625 1 11943 3 12197 7 12453 7 12707 10 12963 11 13212 1 13219 12 13264 7 13468 1 13475 13 13516 13 13723 2 13730 15 13769 18 13977 4 13984 17 14024 20 14237 20 14279 22 14493 22 14533 25 14747 32 14789 26 15002 34 15047 24 15258 36 15303 24 15513 38 15556 27 15769 70 16025 70 16281 70 16537 70 16793 70 17049 70 17306 68 17563 67 17819 68 18075 68 18331 68 18587 68 18843 68 19099 68 19355 68 19611 68 19867 68 20123 68 20381 14 20399 46 20638 12 20655 46 20895 10 20912 44 21151 10 21168 43 21407 10 21425 42 21663 10 21681 41 21919 11 21937 40 22175 11 22193 40 22431 11 22453 36 22687 11 22709 35 22943 10 22967 32 23199 10 23224 30 23455 10 23483 26 23712 8 23740 25 23971 4 23999 22 24255 22 24511 21 24767 20 25013 3 25024 18 25268 5 25281 16 25523 7 25539 11 25779 8 25796 9 26035 8 26053 5 26291 8 26311 1 26549 10 26565 4 26805 12 26820 6 27063 20 27318 22 27574 23 27830 23 28085 27 28341 28 28597 35 28854 35 29097 1 29111 35 29353 1 29367 35 29609 2 29626 33 29865 2 29882 33 30121 1 30139 32 30377 1 30395 32 30651 32 30906 33 31161 34 31416 36 31671 39 31927 44 32183 44 32439 45 32695 45 32951 44 33207 44 33463 44 33719 44 33975 45 34231 46 34487 46 34742 48 34997 49 35253 50 35509 49 35766 46 36023 44 36279 38 36536 36 36793 35 37050 33 37307 32 37563 32 37821 30 38078 29 38335 28 38591 28 38847 24 39103 22 39359 20 39615 19 39870 19 40126 18 40382 14 40638 11 40894 9 41150 9 41406 7 41662 7 41917 9 42173 10 42429 10 42685 10 42941 10 43197 11 43453 11 43709 11 43965 10 44221 9 44478 7 44735 4 45004 8 45259 13 45513 18 45762 25 46017 28 46063 7 46272 29 46318 9 46528 30 46573 12 46783 31 46829 12 47039 31 47083 15 47295 31 47339 15 47551 31 47593 18 47807 31 47849 18 48065 29 48105 18 48321 28 48360 19 48579 26 48617 18 48835 26 48873 17 49093 22 49131 14 49350 19 49389 12 49607 16 49863 15 50121 12 50378 10 50636 7 50894 2 51172 2 51426 6 51681 8 51937 8 52193 8 52448 9 52677 4 52703 9 52931 8 52956 11 53187 17 53211 12 53442 19 53466 15 53697 40 53953 41 54209 41 54257 3 54466 40 54513 5 54722 53 54979 53 55235 54 55491 54 55747 56 56003 56 56261 54 56517 54 56769 1 56775 52 57025 1 57031 52 57281 2 57287 52 57537 2 57541 54 57793 57 58049 57 58304 58 58560 39 58603 15 58815 40 58858 16 59071 39 59113 17 59327 31 59368 17 59583 30 59622 19 59839 29 59876 20 59903 1 60095 28 60132 19 60159 1 60351 27 60387 22 60413 3 60607 26 60643 23 60668 4 60863 25 60899 29 61119 25 61155 29 61376 23 61412 28 61633 22 61668 28 61889 22 61925 27 62145 22 62182 26 62401 22 62439 25 62657 22 62697 23 62914 21 62953 23 63171 20 63208 24 63428 20 63463 25 63685 18 63719 25 63942 17 63973 27 64199 16 64229 27 64456 13 64483 29 64713 12 64738 30 64969 10 64993 31 65224 11 65249 31 65480 10 65504 29
844747,0 57 101 2 120 55 233 2 256 57 377 53 512 58 634 51 768 59 890 51 1024 59 1087 2 1141 3 1145 51 1273 2 1280 71 1370 5 1395 56 1525 8 1536 71 1619 1 1625 7 1638 1 1651 56 1780 11 1792 71 1874 17 1893 2 1906 57 2035 83 2129 18 2148 3 2161 59 2291 82 2385 23 2416 60 2546 83 2641 24 2671 61 2801 84 2898 23 2927 59 3056 85 3155 22 3185 53 3311 86 3415 18 3443 49 3566 87 3671 17 3702 45 3821 88 3927 15 3960 42 4077 89 4183 14 4217 40 4333 96 4441 11 4473 40 4581 1 4589 98 4697 10 4730 39 4836 5 4844 100 4954 9 4987 36 5090 111 5211 8 5245 19 5268 11 5346 113 5468 7 5505 4 5514 4 5602 113 5725 5 5771 2 5859 37 5898 73 6115 35 6155 73 6305 2 6371 35 6413 72 6560 3 6628 34 6669 72 6815 5 6884 34 6927 69 7071 14 7141 33 7183 69 7327 16 7397 33 7440 67 7531 6 7542 3 7584 17 7655 31 7697 66 7787 16 7840 17 7878 5 7911 30 7954 65 8041 19 8095 18 8132 15 8168 29 8210 64 8296 20 8351 19 8388 15 8425 28 8467 63 8550 23 8607 19 8644 16 8681 28 8725 61 8805 24 8863 19 8900 21 8937 27 8982 21 9005 37 9061 25 9119 19 9157 22 9195 25 9239 20 9262 36 9317 26 9375 18 9413 22 9451 24 9497 15 9519 34 9572 28 9631 18 9669 23 9710 21 9755 12 9776 33 9828 29 9887 18 9925 24 9967 18 10019 4 10032 23 10083 30 10143 18 10183 22 10227 13 10288 20 10339 31 10399 18 10440 6 10451 10 10483 13 10543 23 10594 31 10654 19 10709 9 10741 11 10795 2 10799 28 10848 32 10910 19 10967 7 10999 9 11047 20 11068 17 11102 33 11166 21 11224 7 11235 3 11257 7 11301 22 11324 18 11357 33 11422 21 11477 19 11515 5 11555 21 11580 19 11613 31 11678 21 11701 3 11731 24 11811 21 11836 19 11869 30 11934 21 11957 4 11987 24 12065 22 12092 19 12125 30 12191 18 12213 3 12241 27 12321 21 12348 19 12381 30 12448 17 12468 4 12496 29 12577 20 12605 19 12637 29 12705 24 12747 34 12833 20 12861 19 12893 28 12961 24 13003 34 13090 9 13101 8 13117 19 13147 2 13151 24 13219 8 13230 12 13258 36 13347 6 13359 6 13374 18 13401 28 13475 7 13485 14 13515 35 13616 4 13630 19 13654 27 13716 2 13734 1 13741 14 13771 35 13886 19 13910 27 13971 4 13997 14 14027 35 14141 20 14165 27 14227 5 14253 15 14284 35 14397 22 14420 27 14483 5 14509 15 14540 35 14652 50 14739 7 14765 15 14796 35 14908 49 14995 8 15021 15 15052 35 15163 49 15235 7 15251 8 15277 15 15308 36 15420 40 15464 2 15490 9 15507 8 15533 15 15564 37 15677 38 15739 17 15763 9 15777 6 15789 15 15820 37 15933 38 15994 19 16019 9 16032 9 16045 15 16076 37 16193 34 16249 67 16333 36 16450 33 16505 67 16589 36 16707 32 16760 68 16845 35 16963 32 17016 38 17055 30 17100 35 17144 8 17219 29 17270 39 17312 30 17355 36 17398 10 17475 28 17510 1 17526 39 17568 31 17610 37 17653 11 17731 27 17765 2 17781 40 17825 31 17865 38 17907 13 17987 26 18017 1 18020 3 18036 41 18081 31 18121 38 18162 14 18193 6 18241 40 18293 40 18337 31 18377 38 18416 16 18447 9 18497 40 18549 40 18592 32 18633 55 18701 12 18749 45 18805 40 18848 21 18873 6 18888 56 18957 12 19005 46 19061 39 19104 21 19131 3 19143 57 19213 12 19259 48 19318 37 19359 21 19397 59 19469 12 19515 48 19574 37 19617 20 19651 61 19730 5 19772 47 19830 35 19874 19 19907 61 19987 4 20028 48 20087 32 20131 19 20162 62 20285 47 20337 39 20387 19 20417 63 20541 47 20593 39 20643 19 20672 45 20718 18 20797 47 20850 38 20900 18 20927 46 20974 18 21052 47 21107 38 21157 18 21183 65 21261 6 21276 8 21307 48 21363 38 21415 18 21439 65 21516 8 21528 13 21563 48 21621 36 21673 87 21771 28 21818 49 21879 33 21932 84 22027 30 22074 50 22135 33 22194 78 22283 37 22329 51 22391 34 22449 79 22538 41 22585 52 22647 38 22705 79 22793 100 22903 40 22960 80 23049 101 23159 44 23215 81 23304 103 23415 46 23471 38 23511 41 23560 103 23671 47 23726 38 23766 42 23815 103 23928 47 23982 37 24022 42 24071 103 24184 49 24238 37 24278 42 24327 103 24441 49 24493 83 24583 103 24699 49 24749 83 24839 104 24957 131 25096 103 25213 131 25353 102 25471 45 25517 83 25609 25 25636 76 25727 45 25773 83 25867 20 25894 74 25983 44 26030 82 26123 4 26129 14 26150 75 26239 42 26286 82 26407 74 26494 45 26543 81 26663 74 26750 46 26800 80 26920 73 27005 48 27057 79 27177 72 27261 49 27313 79 27433 72 27516 51 27571 76 27689 72 27772 51 27827 75 27947 68 28028 53 28083 34 28123 33 28215 56 28285 54 28341 32 28379 32 28471 54 28541 88 28635 32 28727 54 28798 87 28892 29 28983 52 29057 83 29149 27 29239 51 29314 82 29406 6 29414 19 29495 47 29571 80 29672 17 29752 45 29827 80 29928 17 30009 42 30083 54 30141 20 30185 16 30266 41 30339 54 30397 20 30441 16 30522 40 30595 54 30656 16 30697 16 30779 38 30851 54 30913 14 30954 15 31034 31 31107 54 31171 11 31212 12 31290 23 31362 55 31427 11 31470 9 31545 24 31617 56 31683 10 31729 5 31801 24 31873 56 31939 10 31954 4 31985 5 32008 1 32057 26 32129 55 32197 8 32208 8 32264 1 32312 27 32385 55 32460 2 32463 10 32520 1 32568 29 32639 56 32715 14 32776 1 32824 29 32894 55 32970 15 33032 1 33080 29 33149 54 33226 15 33336 30 33404 55 33482 15 33535 1 33593 30 33633 4 33659 56 33739 14 33761 2 33789 3 33849 32 33889 4 33914 57 33995 14 34016 3 34034 3 34045 3 34105 35 34143 7 34170 56 34251 13 34271 4 34285 8 34299 5 34362 36 34399 7 34425 51 34477 4 34507 13 34527 4 34540 9 34554 6 34619 44 34681 50 34763 12 34783 4 34795 10 34810 6 34875 43 34937 48 34998 3 35019 12 35039 4 35051 10 35067 5 35132 42 35193 32 35231 10 35252 7 35276 10 35295 4 35306 12 35323 4 35388 42 35449 32 35488 8 35506 9 35533 9 35551 4 35562 12 35577 4 35646 40 35706 31 35761 10 35808 3 35817 19 35903 39 35961 32 36016 12 36064 3 36073 19 36152 46 36213 36 36271 13 36315 8 36330 14 36407 47 36468 37 36525 15 36571 8 36586 13 36663 47 36722 39 36778 17 36822 14 36842 13 36861 3 36919 47 36977 40 37033 18 37077 15 37095 16 37115 5 37175 47 37232 40 37289 17 37332 24 37357 10 37368 8 37430 48 37489 38 37545 16 37587 45 37683 52 37745 36 37801 12 37843 12 37859 29 37901 2 37939 51 38001 34 38057 10 38099 10 38115 29 38157 6 38197 49 38257 34 38315 4 38355 10 38371 29 38413 6 38454 48 38513 34 38611 10 38626 30 38669 7 38710 47 38768 34 38868 11 38880 32 38925 7 38966 47 39024 33 39125 43 39181 8 39222 45 39281 32 39381 43 39438 7 39479 43 39537 31 39639 41 39695 6 39735 42 39793 29 39898 37 39952 5 39991 42 40049 28 40155 36 40208 7 40247 43 40306 27 40412 36 40464 7 40503 43 40562 27 40668 36 40720 7 40759 43 40819 26 40925 35 40976 8 41016 43 41075 26 41181 35 41233 7 41273 42 41332 25 41437 35 41489 8 41529 42 41589 24 41693 35 41745 10 41785 42 41847 22 41892 3 41950 34 42001 10 42042 41 42103 22 42147 5 42207 33 42258 12 42298 40 42366 13 42401 8 42463 33 42514 13 42555 38 42657 8 42720 32 42771 12 42811 37 42913 8 42956 4 42969 39 43027 12 43067 36 43169 8 43210 7 43224 40 43284 10 43324 25 43412 3 43426 6 43464 9 43477 43 43540 10 43580 23 43653 4 43667 6 43683 5 43719 57 43796 11 43837 20 43907 8 43923 7 43974 58 44052 11 44095 17 44162 10 44178 9 44229 59 44308 10 44355 12 44416 13 44433 10 44485 59 44564 10 44612 11 44671 15 44688 11 44739 61 44820 10 44871 6 44926 29 44993 63 45076 11 45181 30 45249 63 45332 11 45436 31 45503 65 45588 11 45691 32 45759 65 45845 11 45945 33 46014 56 46077 3 46101 12 46200 34 46270 55 46333 3 46357 12 46453 38 46527 53 46589 3 46613 12 46707 40 46783 53 46845 3 46869 12 46960 43 47039 52 47101 3 47125 12 47215 44 47294 53 47358 2 47381 12 47426 5 47469 46 47549 54 47614 2 47638 11 47681 8 47725 46 47805 54 47871 1 47895 10 47937 11 47981 45 48059 56 48152 9 48192 13 48237 44 48315 56 48409 8 48448 13 48494 43 48571 55 48666 7 48704 13 48750 43 48827 55 48923 4 48961 12 49007 41 49072 7 49083 55 49181 2 49217 11 49262 41 49325 12 49339 54 49473 10 49517 42 49579 14 49595 54 49730 9 49773 41 49833 17 49851 54 49986 7 50028 42 50083 78 50243 4 50284 41 50339 78 50499 4 50539 42 50593 80 50754 5 50795 42 50848 80 51009 8 51026 5 51050 43 51102 82 51263 14 51281 6 51305 44 51357 83 51517 26 51561 44 51613 83 51773 26 51817 44 51869 83 51967 1 52026 31 52073 44 52124 85 52220 4 52281 32 52330 43 52380 85 52475 5 52534 37 52587 41 52637 84 52728 8 52789 38 52843 41 52893 84 52983 9 53043 42 53101 39 53149 84 53238 10 53297 44 53357 39 53406 82 53494 10 53550 49 53613 38 53662 68 53749 11 53805 50 53869 38 53918 67 54005 11 54061 50 54125 38 54175 65 54260 12 54316 51 54381 37 54431 54 54515 13 54577 46 54638 36 54688 51 54769 15 54833 46 54894 37 54944 50 55024 16 55090 45 55150 37 55201 48 55276 20 55347 44 55407 36 55457 48 55531 21 55603 44 55663 36 55713 48 55787 21 55859 44 55920 35 55969 48 56043 21 56115 43 56176 35 56225 46 56299 21 56372 41 56433 34 56481 46 56555 21 56628 41 56690 31 56737 44 56811 21 56884 41 56947 30 56994 42 57067 21 57122 3 57140 41 57203 28 57251 39 57319 1 57323 21 57378 3 57396 41 57459 28 57507 33 57541 4 57575 2 57579 21 57634 4 57651 43 57715 26 57763 31 57831 25 57891 4 57907 43 57972 25 58019 30 58087 25 58163 42 58230 21 58275 30 58341 27 58419 42 58487 20 58531 30 58596 28 58676 39 58745 17 58789 28 58851 29 58933 36 59002 15 59045 28 59106 30 59189 34 59259 13 59303 25 59361 31 59445 33 59517 4 59522 4 59561 22 59617 31 59702 30 59818 19 59873 31 59958 29 60074 18 60129 31 60216 25 60331 13 60386 30 60473 24 60587 11 60643 29 60730 21 60844 9 60897 31 60987 20 61101 7 61153 31 61246 15 61359 3 61407 33 61503 14 61615 3 61663 33 61763 8 61873 1 61917 35 62021 5 62173 35 62429 35 62685 35 62941 35 63198 34 63455 33 63711 33 63968 32 64225 22 64249 7 64471 5 64481 31 64575 3 64726 7 64738 30 64829 6 64981 9 64995 29 65085 6 65236 11 65251 29 65340 7 65491 13 65509 27
846389,79 14 110 3 146 22 247 9 335 15 366 3 402 22 503 9 591 15 622 3 657 22 759 9 847 15 877 5 913 22 1015 9 1103 15 1133 6 1169 22 1270 10 1360 14 1389 7 1424 23 1525 11 1617 12 1646 5 1679 24 1781 11 1874 11 1904 2 1935 24 2037 11 2131 9 2191 24 2293 11 2357 2 2390 5 2447 24 2549 11 2612 5 2703 24 2804 12 2867 8 2959 25 3060 12 3123 11 3215 25 3316 12 3379 12 3471 25 3571 13 3635 10 3727 25 3827 13 3892 7 3941 8 3983 25 4083 13 4149 5 4197 8 4239 25 4339 13 4452 10 4495 25 4595 13 4708 10 4752 23 4851 13 4964 10 5007 24 5105 15 5221 9 5263 24 5361 15 5478 7 5517 24 5616 16 5735 6 5773 24 5872 16 6027 26 6128 16 6283 26 6384 16 6539 26 6640 16 6795 26 6897 15 7051 27 7153 15 7308 26 7410 14 7445 2 7565 25 7649 4 7668 12 7701 2 7821 26 7905 4 7925 11 7957 2 8078 25 8161 4 8181 11 8213 3 8334 25 8418 1 8438 10 8499 7 8591 25 8694 10 8754 9 8847 26 8949 11 9009 10 9055 3 9103 26 9204 12 9265 10 9311 4 9359 26 9442 5 9459 13 9520 11 9566 5 9615 26 9695 33 9776 11 9822 6 9871 26 9951 33 10032 11 10078 7 10127 24 10207 33 10288 11 10334 7 10383 24 10462 34 10546 7 10591 6 10639 23 10719 33 10848 5 10895 22 10975 33 11105 4 11152 20 11231 33 11362 3 11408 19 11488 32 11619 1 11665 15 11746 30 11921 14 12003 29 12178 12 12259 29 12435 11 12516 28 12696 6 12772 28 12953 5 13029 27 13209 6 13284 28 13465 5 13535 33 13723 2 13790 34 14045 35 14301 35 14557 35 14813 35 15069 35 15325 35 15581 35 15839 33 16096 32 16183 4 16354 30 16437 6 16611 29 16693 7 16731 2 16867 29 16948 9 16986 4 17124 28 17203 10 17241 6 17381 27 17459 10 17497 7 17637 27 17716 8 17753 8 17893 27 17973 6 18009 8 18149 27 18265 10 18405 27 18521 10 18661 27 18777 11 18918 26 19021 2 19033 12 19175 25 19275 6 19288 13 19431 25 19531 6 19544 13 19688 24 19787 6 19799 10 19945 23 20043 6 20055 6 20201 23 20302 1 20313 3 20457 23 20713 23 20968 24 21224 24 21479 25 21599 4 21735 25 21807 3 21853 12 21944 3 21991 25 22062 5 22109 13 22199 6 22247 25 22318 5 22364 15 22454 9 22502 26 22575 3 22620 15 22710 11 22758 26 22876 16 22966 13 23013 27 23132 16 23223 12 23269 27 23389 16 23479 14 23524 28 23645 16 23735 14 23779 29 23902 17 23993 12 24031 33 24159 16 24249 12 24286 34 24413 18 24507 10 24541 35 24667 20 24765 7 24796 36 24923 20 25052 36 25178 21 25309 35 25433 21 25566 34 25689 21 25823 33 25945 21 26080 30 26201 21 26336 29 26457 21 26593 28 26713 20 26849 28 26970 19 27105 28 27226 19 27361 28 27482 11 27619 27 27739 9 27875 27 27995 8 28131 28 28253 6 28387 20 28409 6 28505 10 28644 19 28760 11 28901 18 29015 13 29158 15 29271 14 29415 14 29514 3 29527 15 29666 1 29673 9 29770 3 29783 16 29851 2 29921 2 29929 8 30027 2 30039 16 30105 7 30158 3 30177 3 30185 9 30283 2 30294 17 30360 9 30413 6 30433 4 30440 10 30549 18 30615 10 30669 6 30689 2 30697 8 30804 19 30869 12 30883 2 30925 6 30953 8 31059 21 31123 21 31182 5 31210 5 31315 21 31379 22 31439 4 31467 3 31570 23 31634 25 31826 23 31890 25 32083 22 32147 26 32339 22 32404 25 32601 16 32663 24 32859 14 32919 24 33117 12 33177 23 33247 1 33373 12 33434 22 33495 2 33499 10 33631 10 33695 17 33751 16 33887 10 33951 16 34007 16 34142 12 34209 12 34264 15 34398 12 34467 4 34520 15 34653 14 34777 15 34909 14 35034 14 35133 4 35165 14 35291 14 35387 8 35421 14 35547 13 35642 11 35676 15 35803 12 35897 13 35932 15 36060 11 36153 15 36188 15 36256 5 36317 10 36409 16 36444 15 36511 7 36573 10 36608 3 36665 16 36693 23 36765 10 36829 10 36864 3 36922 15 36949 23 37021 10 37087 9 37108 1 37120 5 37179 15 37203 25 37276 11 37345 8 37363 4 37376 5 37435 15 37457 27 37531 12 37601 8 37620 2 37632 5 37691 16 37712 28 37787 14 37856 11 37888 5 37946 17 37967 29 38043 14 38112 13 38144 3 38201 51 38298 15 38335 4 38364 21 38400 2 38456 53 38554 15 38590 7 38619 22 38712 53 38809 16 38845 10 38873 24 38967 54 39065 15 39100 11 39129 25 39223 54 39320 15 39355 12 39385 26 39414 3 39479 53 39576 15 39611 12 39639 36 39736 50 39831 15 39866 14 39894 38 39993 48 40087 15 40122 15 40149 40 40251 44 40315 8 40344 13 40376 18 40401 45 40509 36 40546 3 40570 10 40600 13 40631 20 40655 48 40767 34 40825 13 40856 12 40886 74 41023 34 41080 14 41112 11 41142 74 41281 33 41333 18 41367 6 41397 75 41536 35 41587 20 41622 9 41653 75 41791 36 41840 21 41877 11 41909 75 42047 36 42091 2 42095 22 42132 12 42165 75 42301 38 42348 23 42385 15 42419 77 42557 38 42604 22 42639 17 42675 77 42812 39 42860 19 42889 24 42931 77 43042 15 43067 40 43116 19 43143 27 43186 78 43280 4 43289 26 43322 39 43373 14 43397 31 43441 79 43543 28 43577 39 43629 14 43653 32 43697 79 43797 32 43831 36 43886 13 43908 35 43953 64 44022 10 44053 32 44087 32 44143 12 44164 35 44209 62 44280 9 44308 67 44399 12 44420 40 44465 62 44536 9 44564 67 44655 12 44677 40 44720 63 44792 11 44820 67 44911 12 44933 41 44976 65 45049 11 45076 15 45092 51 45167 12 45189 41 45232 67 45306 1 45311 6 45332 12 45351 49 45421 14 45446 41 45489 67 45568 5 45589 11 45607 51 45675 16 45702 110 45824 5 45845 9 45863 31 45895 26 45929 19 45959 110 46080 5 46102 6 46118 31 46152 52 46215 110 46336 3 46359 3 46374 85 46471 110 46616 1 46629 86 46727 110 46868 4 46885 83 46973 6 46983 109 47122 7 47140 83 47229 6 47239 109 47375 11 47394 85 47484 119 47623 6 47630 13 47649 29 47681 54 47740 119 47878 22 47903 29 47939 52 47995 118 48133 24 48158 30 48195 52 48251 118 48389 56 48449 54 48506 119 48646 55 48705 55 48762 119 48902 55 48959 178 49148 4 49158 235 49402 6 49415 234 49656 8 49671 111 49783 122 49911 9 49927 108 50039 122 50164 12 50183 107 50295 122 50419 13 50437 111 50551 137 50692 252 50947 253 51201 994 52200 248 52457 246 52713 245 52969 184 53155 57 53225 184 53411 56 53481 187 53669 46 53736 235 53992 235 54247 237 54491 3 54503 240 54746 4 54759 246 55015 246 55271 245 55527 244 55783 243 56039 242 56294 243 56549 243 56803 244 57057 52 57110 193 57312 247 57567 249 57822 251 58078 251 58333 253 58587 600 59188 1524 60717 250 60973 250 61229 249 61485 249 61740 179 61920 69 61996 178 62177 68 62251 178 62433 68 62507 178 62689 68 62763 178 62945 68 63018 179 63201 68 63274 253 63530 254 63785 1594 65381 103 65485 51
850742,0 19221 19223 254 19479 250 19736 247 19994 245 20251 243 20508 242 20764 242 21020 242 21276 242 21531 244 21787 244 22043 244 22297 246 22552 248 22807 249 23062 251 23317 252 23572 254 23828 254 24083 2732 26819 233 27077 230 27335 15 27355 206 27595 8 27616 195 27813 4 27853 4 27873 194 28133 189 28389 190 28643 196 28899 197 29152 200 29405 204 29657 208 29912 207 30166 209 30421 210 30676 211 30931 212 31186 213 31441 216 31659 2 31696 222 31951 224 32203 229 32457 232 32708 243 32961 248 33211 6211 39424 253 39680 251 39936 250 40192 249 40445 252 40701 252 40955 253 41211 250 41465 24071
863209,0 13818 13824 249 14080 245 14336 241 14592 238 14848 236 15104 231 15359 230 15615 225 15872 220 16128 215 16384 210 16640 207 16896 204 17152 198 17408 196 17664 191 17920 187 18176 181 18432 177 18688 171 18944 167 19200 165 19456 165 19712 159 19968 157 20224 151 20480 147 20736 144 20992 141 21248 136 21504 133 21760 125 22016 125 22272 121 22528 119 22784 113 23040 111 23296 105 23552 103 23808 98 24064 95 24320 87 24576 83 24832 81 25088 75 25344 73 25600 72 25856 67 26112 64 26368 59 26624 57 26880 51 27136 49 27392 42 27648 40 27904 35 28160 32 28416 29 28672 25 28928 21 29184 18 29440 13 29696 9 29952 5 30208 3 30464 1
863364,0 23 67 212 323 212 579 211 835 210 1091 209 1347 210 1603 210 1859 210 2114 213 2370 215 2626 216 2881 217 3137 218 3393 218 3649 218 3871 6 3885 4 3904 219 4127 6 4140 7 4160 231 4393 10 4415 244 4671 244 4926 245 5182 244 5437 244 5693 245 5948 246 6203 248 6458 249 6713 252 6968 253 7223 8446 15675 249 15931 246 16187 246 16443 244 16698 245 16953 244 17209 244 17465 244 17720 245 17975 245 18230 246 18485 246 18735 252 18991 252 19247 252 19503 12 19516 239 19758 12 19772 253 20028 238 20269 253 20525 253 20781 254 21037 94 21132 160 21294 89 21389 250 21647 145 21799 96 21904 143 22056 95 22160 143 22313 93 22417 142 22569 93 22673 141 22826 91 22930 139 23082 91 23186 138 23339 90 23442 137 23595 90 23697 136 23851 86 23939 2 23953 132 24108 85 24195 2 24209 131 24364 85 24464 131 24620 86 24719 133 24876 86 24975 134 25132 86 25231 135 25389 85 25486 137 25645 86 25742 137 25901 88 25998 137 26158 87 26255 135 26414 91 26510 135 26670 93 26765 135 26926 74 27004 151 27182 73 27260 151 27437 74 27517 150 27693 74 27773 151 27949 75 28031 149 28205 75 28288 151 28460 76 28547 149 28715 78 28805 149 28969 80 29063 148 29225 80 29319 149 29481 81 29577 147 29736 83 29834 146 29991 86 30091 146 30247 87 30347 146 30500 93 30604 145 30756 95 30861 146 31011 100 31121 247 31379 246 31637 244 31894 242 32151 241 32408 239 32665 237 32921 236 33178 234 33435 232 33691 232 33947 236 34204 236 34461 236 34715 238 34970 240 35223 244 35479 244 35735 244 35991 245 36247 245 36503 246 36760 245 37017 244 37274 243 37529 244 37785 244 38041 243 38297 242 38553 242 38809 241 39065 240 39322 239 39579 238 39836 237 40093 235 40349 235 40605 234 40861 234 41117 232 41374 225 41631 223 41889 220 42145 220 42403 218 42659 217 42917 215 43173 214 43430 213 43686 213 43943 212 44200 210 44417 3 44456 209 44672 7 44713 208 44927 10 44955 4 44970 208 45183 10 45210 6 45227 223 45465 12 45491 215 45721 14 45747 215 45977 14 45995 2 46004 214 46233 15 46251 2 46261 213 46489 16 46507 2 46517 213 46744 19 46773 214 46999 20 47029 214 47255 20 47285 215 47511 20 47541 216 47767 21 47797 218 48019 3 48023 21 48054 246 48311 246 48568 245 48825 245 49083 244 49339 244 49596 244 49852 245 50107 246 50363 248 50618 249 50873 250 51129 251 51385 251 51641 252 51898 251 52155 250 52412 249 52669 249 52925 136 53064 111 53183 134 53325 107 53439 92 53533 38 53583 106 53701 85 53790 37 53839 107 53957 85 54047 36 54096 107 54214 6 54224 22 54248 50 54306 33 54352 107 54471 4 54481 19 54506 27 54534 19 54567 27 54608 107 54729 26 54763 26 54790 19 54823 27 54864 107 54986 25 55019 24 55047 17 55080 26 55120 107 55241 26 55276 22 55304 15 55336 25 55376 107 55497 26 55532 20 55564 9 55593 24 55630 109 55752 29 55787 21 55849 24 55885 110 56004 1 56007 30 56043 21 56103 26 56141 110 56259 36 56297 23 56351 33 56397 110 56515 61 56606 33 56654 109 56770 62 56861 34 56911 108 57025 63 57117 33 57167 108 57279 65 57373 33 57423 109 57535 65 57629 32 57679 177 57885 32 57935 177 58145 27 58190 178 58401 26 58445 179 58657 24 58701 179 58913 24 58957 179 59169 23 59212 180 59425 23 59468 180 59680 23 59723 181 59936 23 59979 181 60192 24 60234 182 60448 24 60490 182 60704 24 60745 183 60961 23 60999 185 61217 22 61248 192 61474 3 61481 15 61503 193 61737 15 61757 195 61993 16 62011 197 62249 215 62505 215 62761 215 63017 215 63273 215 63529 215 63784 216 64039 217 64293 219 64549 219 64805 219 65061 219 65317 219
863933,0 65536
863998,0 1 254 2 12543 1 12786 5 12798 2 13040 7 13053 3 13291 15 13309 3 13546 16 13566 2 13797 21 14049 25 14301 30 14557 31 14811 33 15067 34 15321 36 15578 34 15812 13 15835 33 16067 15 16092 31 16313 25 16348 30 16567 24 16592 2 16604 28 16823 24 16848 3 16860 27 17078 29 17116 26 17333 30 17372 25 17589 30 17629 24 17844 31 17885 22 18080 7 18100 31 18141 22 18333 10 18356 29 18397 21 18588 11 18612 29 18653 21 18841 14 18868 28 18908 21 19096 16 19124 29 19164 21 19349 19 19379 30 19419 20 19605 20 19635 31 19675 20 19860 21 19891 32 19931 20 20115 22 20147 32 20187 20 20371 20 20403 32 20443 18 20602 3 20627 19 20659 32 20698 19 20851 2 20856 7 20883 17 20915 32 20954 18 21104 15 21139 17 21171 32 21210 18 21357 18 21395 16 21428 25 21466 17 21613 19 21651 15 21684 24 21722 17 21753 7 21869 20 21907 12 21941 19 21978 18 22007 9 22125 20 22167 6 22197 17 22235 18 22262 10 22381 21 22424 4 22455 2 22491 21 22518 10 22637 22 22747 22 22774 10 22893 22 23004 22 23030 10 23149 22 23191 2 23260 22 23286 10 23405 23 23446 5 23517 21 23542 10 23659 25 23701 6 23773 21 23798 10 23914 25 23957 6 24031 19 24055 9 24170 25 24213 7 24287 19 24311 9 24425 26 24469 6 24545 16 24567 9 24681 26 24725 6 24802 15 24823 9 24937 25 24981 6 25060 13 25079 9 25193 25 25238 5 25317 12 25335 9 25448 25 25575 11 25592 8 25704 24 25831 25 25960 23 26089 24 26216 21 26346 21 26368 5 26472 22 26603 18 26624 6 26728 22 26859 17 26880 7 26984 23 27104 3 27115 17 27136 7 27239 24 27358 7 27371 17 27392 7 27495 24 27612 11 27627 17 27648 7 27751 24 27867 14 27883 17 27904 7 28007 24 28123 32 28160 7 28262 25 28327 3 28378 33 28416 7 28518 24 28581 7 28634 32 28672 6 28775 23 28836 9 28890 31 28928 3 29031 22 29091 11 29147 30 29184 1 29287 22 29347 12 29404 29 29440 1 29544 20 29602 13 29662 28 29696 1 29800 20 29858 14 29919 27 29952 3 30057 18 30114 15 30176 27 30208 3 30314 17 30370 15 30432 27 30464 3 30571 14 30625 17 30688 28 30720 3 30827 13 30881 17 30944 28 30976 2 31085 9 31136 19 31199 30 31232 1 31277 4 31342 7 31392 18 31447 2 31455 30 31531 8 31601 3 31647 18 31701 41 31787 8 31903 18 31956 43 32042 10 32158 17 32211 44 32298 10 32408 3 32413 18 32463 48 32555 9 32660 27 32715 52 32811 9 32915 28 32970 53 33068 8 33171 28 33225 54 33324 8 33427 28 33481 54 33582 5 33684 26 33736 46 33785 4 33839 3 33940 26 33991 45 34082 8 34098 2 34197 23 34247 42 34337 11 34354 3 34453 22 34502 43 34590 25 34709 21 34758 43 34845 26 34965 20 35014 44 35100 27 35221 20 35270 45 35355 28 35477 20 35527 45 35610 29 35735 17 35783 46 35866 29 35958 5 35991 17 36040 45 36121 30 36212 9 36248 13 36297 44 36377 30 36467 10 36505 10 36553 43 36633 32 36723 12 36763 6 36811 41 36889 32 36979 12 37020 3 37068 40 37144 34 37235 12 37330 16 37349 15 37400 35 37491 12 37587 14 37605 15 37655 36 37746 12 37844 11 37862 15 37911 37 38002 11 38100 11 38119 14 38168 37 38258 11 38357 10 38375 14 38425 36 38514 11 38613 10 38632 13 38682 35 38771 10 38870 8 38890 10 38939 34 39027 10 39126 6 39147 8 39195 34 39284 9 39383 1 39452 33 39541 7 39637 4 39709 31 39800 3 39889 9 39966 29 40145 10 40224 27 40387 8 40399 15 40482 24 40643 9 40654 17 40741 20 40898 10 40909 20 40997 11 41011 5 41153 11 41165 20 41255 8 41409 11 41421 20 41511 7 41665 11 41677 20 41767 7 41920 33 42023 6 42040 1 42176 33 42279 6 42295 3 42433 10 42445 18 42536 4 42551 4 42689 8 42701 18 42807 4 42947 4 42957 17 43063 3 43204 1 43213 17 43469 18 43725 18 43979 22 44153 1 44234 24 44282 4 44489 26 44536 7 44604 5 44744 27 44783 1 44791 8 44859 7 44914 9 44998 29 45039 16 45114 9 45163 16 45253 30 45295 16 45360 5 45369 10 45416 19 45507 31 45551 16 45615 7 45625 10 45671 20 45763 30 45807 15 45869 10 45881 9 45926 22 46018 30 46063 10 46124 12 46138 7 46182 22 46273 30 46319 8 46379 13 46397 2 46437 25 46529 31 46579 3 46634 14 46693 28 46785 32 46889 15 46949 32 47039 34 47143 17 47205 33 47293 36 47397 20 47461 34 47504 3 47537 48 47652 21 47716 35 47759 6 47792 50 47906 22 47971 36 48013 10 48048 50 48161 22 48226 37 48269 10 48303 51 48415 24 48482 37 48525 10 48559 52 48671 23 48738 36 48781 10 48815 52 48926 24 48994 29 49024 3 49037 10 49070 53 49181 26 49250 29 49293 10 49326 53 49435 28 49506 29 49549 10 49581 55 49691 28 49763 28 49805 10 49837 55 49946 30 50019 29 50061 10 50093 55 50175 1 50202 31 50276 29 50317 10 50349 55 50431 1 50458 35 50533 28 50574 9 50605 54 50686 2 50714 36 50790 27 50830 9 50861 52 50941 3 50970 37 51047 26 51087 7 51117 50 51187 13 51226 37 51303 25 51345 4 51372 51 51440 16 51482 38 51560 23 51628 50 51695 17 51739 37 51816 23 51885 49 51950 18 51995 37 52073 20 52141 49 52205 19 52251 37 52331 17 52397 49 52461 19 52507 36 52590 13 52653 48 52716 20 52763 36 52847 11 52910 47 52972 20 53020 33 53166 47 53227 21 53276 31 53423 46 53483 21 53532 25 53679 46 53739 21 53789 23 53936 45 53996 20 54046 21 54194 43 54253 19 54303 19 54451 42 54511 17 54560 18 54708 41 54770 14 54817 17 54971 34 55026 14 55075 15 55231 21 55257 2 55283 13 55333 12 55496 11 55538 14 55594 7 55793 15 55853 2 56049 15 56304 16 56560 16 56815 17 57070 18 57325 19 57581 19 57836 20 58091 21 58344 24 58537 2 58599 25 58792 3 58853 27 59049 2 59108 28 59317 8 59363 29 59564 1 59569 13 59619 29 59819 21 59875 29 60075 21 60131 29 60330 23 60387 29 60513 7 60586 23 60643 32 60766 12 60840 25 60900 32 61021 14 61095 26 61157 32 61275 17 61349 45 61413 32 61529 19 61605 46 61670 31 61782 23 61828 4 61860 47 61927 30 62037 24 62083 6 62115 48 62184 30 62292 25 62338 7 62371 48 62442 28 62548 25 62593 9 62627 48 62699 26 62803 26 62849 9 62883 48 62955 26 63058 27 63105 10 63140 47 63211 26 63313 28 63361 10 63397 46 63468 25 63569 28 63617 10 63653 46 63724 24 63824 29 63873 10 63912 42 63981 22 64080 29 64130 9 64171 2 64178 32 64237 22 64337 30 64387 8 64435 32 64493 20 64593 30 64643 9 64691 32 64749 19 64849 30 64899 9 64947 33 65005 19 65106 29 65155 10 65203 33 65261 19 65364 26 65412 9 65459 34 65518 18
867180,1 47 61 11 257 46 317 9 515 44 573 8 773 43 829 6 1029 44 1085 5 1286 45 1339 4 1543 44 1595 5 1611 2 1799 36 1836 7 1849 8 1865 6 1945 12 2055 36 2093 6 2100 13 2119 8 2201 12 2312 34 2349 22 2373 11 2455 16 2568 33 2606 21 2628 13 2711 17 2733 6 2825 8 2839 16 2863 34 2966 19 2987 10 3082 3 3095 15 3118 35 3221 33 3338 2 3353 12 3373 36 3475 36 3515 2 3594 1 3609 12 3629 36 3731 36 3771 2 3848 2 3865 11 3885 11 3897 24 3986 37 4028 1 4103 3 4121 11 4141 10 4153 24 4241 24 4267 12 4360 3 4377 9 4399 8 4411 22 4498 35 4616 3 4633 8 4655 4 4661 2 4669 19 4755 34 4873 2 4889 8 4926 19 5011 34 5144 9 5182 19 5268 18 5288 13 5395 1 5399 3 5407 2 5439 19 5526 15 5545 12 5651 1 5655 3 5694 20 5782 14 5801 10 5911 2 5949 22 6038 12 6056 9 6167 2 6198 1 6205 22 6294 11 6311 10 6415 5 6454 3 6461 22 6551 10 6567 5 6671 6 6710 4 6717 21 6807 10 6823 4 6925 8 6938 3 6967 4 6972 21 7064 3 7069 4 7080 3 7181 8 7193 4 7223 25 7320 3 7325 4 7436 17 7467 7 7481 8 7576 3 7581 4 7692 9 7703 7 7723 9 7737 8 7830 5 7837 4 7959 7 7979 10 7993 8 8084 13 8215 7 8235 11 8248 8 8339 13 8374 1 8450 9 8471 6 8492 12 8505 6 8595 12 8630 2 8705 10 8727 6 8749 6 8757 3 8762 5 8848 2 8853 9 8886 2 8960 11 8976 1 8983 6 9005 5 9013 3 9019 3 9099 8 9111 6 9142 2 9216 11 9239 6 9262 4 9269 2 9274 3 9355 2 9360 3 9367 7 9472 12 9496 5 9524 3 9529 4 9544 5 9611 2 9617 2 9625 6 9728 13 9753 4 9779 5 9785 4 9800 5 9866 3 9873 2 9881 6 9985 11 10008 6 10036 8 10055 6 10117 4 10122 3 10128 6 10138 4 10241 11 10264 7 10292 7 10310 8 10373 4 10378 3 10384 7 10395 3 10506 2 10519 8 10551 3 10565 10 10629 7 10639 6 10651 2 10775 8 10808 1 10821 10 10885 6 10895 4 10907 2 11031 8 11077 12 11144 2 11152 2 11164 1 11288 7 11333 15 11408 2 11545 3 11583 4 11588 17 11665 1 11673 2 11678 1 11801 2 11838 13 11852 9 11929 2 12095 11 12109 9 12174 1 12185 1 12351 11 12365 9 12395 1 12430 2 12554 2 12606 12 12621 10 12651 2 12686 1 12799 1 12809 4 12815 4 12861 13 12877 10 12906 3 13015 1 13053 24 13094 1 13117 13 13134 9 13147 1 13158 7 13185 2 13196 1 13225 1 13271 3 13307 28 13349 2 13372 14 13389 10 13403 2 13413 8 13441 1 13527 2 13561 32 13604 5 13627 15 13645 10 13659 3 13665 12 13815 34 13859 7 13882 16 13901 11 13915 18 14070 36 14111 12 14137 18 14156 35 14203 8 14218 3 14325 38 14365 14 14392 57 14458 10 14473 4 14580 57 14639 23 14663 72 14769 2 14835 82 14920 71 15024 3 15091 82 15176 72 15279 5 15347 156 15535 5 15602 157 15792 4 15857 157 16048 4 16113 158 16283 3 16292 17 16324 1 16343 1 16369 146 16517 10 16538 5 16547 18 16580 1 16599 1 16625 158 16789 32 16835 3 16880 64 16945 95 17045 32 17091 3 17136 63 17202 131 17345 6 17392 63 17458 129 17602 5 17648 59 17715 126 17861 4 17904 59 17970 127 18117 4 18161 192 18361 2 18370 10 18417 191 18617 3 18626 11 18673 190 18871 4 18881 12 18928 191 19125 4 19136 13 19178 1 19184 191 19379 6 19392 12 19433 199 19635 6 19648 12 19689 208 19899 3 19904 13 19927 7 19945 208 20154 19 20177 2 20181 10 20201 246 20457 246 20713 246 20969 246 21224 247 21473 4 21480 247 21728 43808
874368,918 7 1172 9 1427 11 1683 11 1939 12 2195 12 2453 8 2709 8 2969 1 4961 3 5216 4 5471 6 5711 3 5725 8 5965 6 5977 12 6221 8 6232 13 6478 8 6487 14 6735 4 6741 16 6997 17 7252 18 7508 19 7764 18 8019 18 8275 13 8530 12 8785 12 9041 12 9298 11 9556 7 9714 1 9813 6 9969 2 10142 3 10223 6 10397 6 10478 7 10649 12 10734 7 10903 14 10990 7 11157 17 11245 9 11413 18 11501 8 11669 18 11755 10 11924 19 12010 10 12179 20 12265 10 12435 20 12521 10 12690 19 12763 5 12777 9 12945 19 13019 6 13033 9 13199 20 13273 9 13289 8 13454 21 13529 10 13545 8 13707 24 13785 10 13801 6 13963 24 14042 9 14057 5 14219 23 14299 8 14398 1 14410 3 14475 22 14555 7 14653 2 14664 8 14731 17 14813 3 14909 2 14920 9 14987 16 15165 2 15175 12 15243 16 15421 2 15431 12 15499 15 15563 4 15683 17 15755 14 15814 11 15831 1 15937 19 16012 13 16068 13 16087 1 16191 20 16270 9 16321 16 16447 20 16528 7 16577 16 16703 20 16832 16 16959 19 17088 15 17215 17 17344 15 17471 16 17600 14 17728 8 17857 10 17985 6 18113 8 20510 4 20764 7 21019 9 21273 13 21529 13 21784 15 22040 15 22296 15 22347 2 22369 4 22552 13 22601 6 22624 7 22809 11 22855 8 22878 11 23065 11 23111 9 23133 12 23321 10 23365 12 23387 14 23578 9 23621 11 23642 15 23835 7 23876 12 23896 18 24092 6 24131 12 24151 19 24387 12 24405 21 24643 10 24661 21 24899 7 24915 23 25155 6 25171 23 25409 7 25426 23 25665 7 25682 23 25921 8 25937 24 26177 8 26193 23 26434 9 26444 28 26690 39 26947 38 27204 36 27461 35 27717 35 27973 34 28229 34 28485 34 28741 33 28821 4 28997 32 29075 8 29254 31 29330 9 29511 29 29585 11 29767 28 29841 12 30024 27 30096 15 30281 25 30352 16 30469 4 30537 23 30608 17 30724 5 30792 21 30865 17 30976 10 31048 19 31078 7 31091 5 31121 18 31232 11 31304 17 31333 9 31347 5 31377 18 31488 11 31559 15 31587 21 31633 18 31744 11 31815 14 31843 22 31889 17 32000 10 32071 6 32099 22 32144 17 32256 9 32327 6 32354 23 32399 18 32512 9 32584 3 32610 23 32653 18 32768 8 32865 24 32905 22 33024 7 33121 25 33161 21 33280 7 33377 25 33417 21 33536 5 33633 25 33672 21 33792 5 33889 24 33928 21 34048 4 34146 22 34184 22 34304 3 34402 21 34440 23 34560 1 34658 19 34696 24 34816 1 34914 17 34952 25 35150 1 35170 16 35208 25 35406 2 35427 15 35464 24 35503 3 35662 3 35683 14 35719 18 35754 10 35918 4 35939 14 35975 17 36009 12 36174 4 36195 13 36230 17 36264 13 36431 4 36452 11 36486 16 36520 12 36688 2 36708 11 36741 16 36775 13 36964 11 36997 16 37031 13 37220 13 37251 16 37287 12 37477 18 37507 16 37542 13 37733 22 37763 16 37798 13 37989 22 38019 15 38053 14 38251 17 38276 15 38309 13 38507 17 38532 15 38565 12 38764 17 38789 15 38821 12 39020 17 39045 15 39077 12 39277 16 39301 15 39333 12 39533 16 39557 15 39588 14 39789 15 39813 15 39844 15 40045 15 40069 14 40099 16 40299 17 40326 13 40356 15 40555 16 40582 13 40612 15 40811 16 40839 12 40867 15 41067 16 41095 12 41122 16 41323 16 41353 9 41377 16 41400 5 41579 15 41609 9 41633 18 41654 8 41835 14 41864 10 41888 31 42090 14 42119 11 42143 33 42345 13 42375 12 42399 33 42601 12 42631 12 42655 34 42856 12 42887 12 42911 34 43111 12 43143 11 43166 36 43367 12 43398 12 43422 37 43623 11 43655 11 43677 38 43880 8 43912 9 43933 39 44137 6 44169 8 44189 40 44427 5 44444 41 44684 3 44699 42 44955 42 45211 42 45465 43 45721 43 45875 4 45977 43 46130 7 46233 43 46386 7 46489 42 46642 7 46745 42 46899 6 47001 40 47155 6 47257 39 47413 4 47512 38 47768 37 48023 37 48167 2 48279 36 48420 8 48535 36 48674 10 48791 36 48929 12 49047 35 49184 13 49303 36 49439 16 49559 36 49695 16 49815 36 49951 17 50073 35 50207 18 50329 36 50462 19 50585 36 50718 20 50841 36 50974 21 51097 36 51229 22 51353 36 51485 22 51609 35 51741 22 51865 35 51998 21 52122 34 52254 21 52378 33 52511 19 52634 33 52767 19 52890 32 52992 5 53023 19 53146 31 53248 6 53279 18 53401 32 53504 8 53513 14 53535 18 53656 31 53760 24 53791 18 53911 32 54016 5 54023 18 54047 18 54147 2 54167 10 54183 14 54209 1 54272 5 54279 19 54303 18 54403 4 54423 8 54440 12 54462 5 54528 5 54535 20 54558 18 54657 9 54680 6 54697 10 54714 13 54784 27 54814 18 54913 10 54937 4 54954 8 54969 15 55040 48 55167 14 55210 7 55224 18 55296 47 55423 14 55466 6 55480 19 55552 47 55678 15 55722 6 55736 20 55808 47 55934 16 55969 2 55978 5 55992 20 56064 47 56191 15 56235 2 56248 21 56320 45 56447 15 56504 21 56576 45 56704 14 56759 24 56832 45 56961 13 57015 25 57088 45 57219 10 57269 29 57344 44 57476 9 57525 30 57600 43 57733 7 57781 31 57856 40 57990 5 58037 32 58112 39 58293 32 58368 38 58548 33 58624 37 58804 33 58880 37 59060 32 59094 2 59136 32 59315 31 59350 4 59392 31 59571 30 59606 5 59648 29 59747 2 59827 29 59862 5 59904 28 60003 2 60083 28 60118 5 60160 27 60259 3 60267 8 60339 30 60371 8 60416 27 60515 4 60521 10 60595 38 60672 27 60770 17 60850 38 60928 26 61025 18 61106 38 61184 17 61278 21 61363 36 61440 16 61533 22 61619 36 61696 9 61784 27 61877 34 61952 8 62040 27 62137 30 62208 7 62259 2 62295 29 62397 26 62464 7 62514 5 62551 30 62655 23 62720 6 62768 8 62807 30 62921 12 62976 5 63024 8 63062 31 63182 5 63232 3 63279 10 63318 31 63488 2 63535 10 63574 31 63791 10 63811 1 63830 31 63916 1 64047 10 64065 4 64086 30 64171 4 64303 11 64318 7 64343 28 64425 6 64559 11 64573 9 64599 27 64678 9 64815 23 64855 26 64931 11 65071 23 65112 25 65187 11 65327 22 65369 23 65442 12
877548,0 2476 2477 255 2733 15375 18109 47427
890795,0 13568 13569 255 13825 255 14081 255 14337 255 14594 254 14850 254 15106 254 15362 254 15618 254 15874 254 16130 254 16386 254 16643 253 16899 253 17155 253 17411 253 17666 254 17921 7700 25622 252 25880 250 26137 248 26393 248 26649 247 26905 246 27161 244 27417 242 27674 239 27931 237 28188 235 28445 234 28701 232 28957 232 29213 232 29469 231 29725 230 29981 228 30237 227 30492 228 30736 6 30747 229 30991 241 31247 241 31501 243 31757 63 31823 177 32012 63 32081 175 32267 64 32337 101 32441 71 32522 65 32593 100 32699 69 32778 65 32849 99 32959 65 33033 66 33106 98 33219 61 33289 66 33362 98 33477 59 33545 65 33618 99 33735 57 33800 66 33874 100 33993 55 34055 68 34130 101 34250 53 34309 72 34385 103 34506 52 34564 181 34763 50 34819 182 35020 49 35074 183 35279 10 35293 31 35328 185 35538 5 35549 32 35584 184 35804 34 35840 183 36060 34 36096 183 36315 36 36352 183 36571 36 36608 183 36825 223 37080 225 37335 226 37591 227 37845 229 38101 229 38355 231 38611 231 38854 4 38865 232 39109 6 39120 225 39364 235 39618 235 39871 238 40125 239 40380 240 40634 241 40884 245 41138 244 41391 246 41646 246 41901 108 42015 132 42157 105 42271 133 42411 106 42527 133 42667 104 42783 133 42921 105 43039 133 43177 102 43293 57 43354 74 43431 105 43549 57 43610 74 43687 105 43805 58 43866 74 43941 107 44060 59 44121 6 44130 66 44197 108 44316 58 44379 2 44385 66 44454 107 44572 58 44635 1 44641 65 44710 107 44828 58 44896 63 44967 106 45085 57 45149 64 45223 108 45341 56 45404 56 45461 6 45480 107 45598 55 45660 55 45737 107 45855 53 45916 53 45993 108 46111 52 46171 54 46249 98 46349 6 46369 50 46427 53 46505 96 46607 4 46626 48 46683 52 46761 95 46886 35 46940 9 46953 32 47018 94 47143 34 47197 7 47210 31 47274 94 47399 34 47453 6 47467 30 47530 94 47655 34 47710 4 47723 29 47786 95 47909 36 47979 29 48041 97 48165 36 48236 27 48297 97 48418 39 48493 26 48547 103 48673 40 48749 25 48802 105 48927 42 49001 28 49057 106 49183 42 49256 28 49313 106 49439 42 49511 20 49568 106 49695 44 49767 19 49814 1 49824 106 49937 3 49950 47 50023 18 50069 3 50081 104 50191 6 50206 48 50279 17 50324 5 50337 116 50462 49 50535 12 50580 5 50592 117 50718 49 50791 11 50835 6 50847 119 50974 50 51047 10 51092 4 51103 118 51230 50 51304 9 51349 2 51358 119 51487 49 51561 6 51613 120 51743 49 51818 4 51869 119 51999 48 52125 118 52255 48 52381 118 52511 48 52637 118 52767 48 52893 118 53023 48 53149 118 53278 49 53405 118 53530 53 53661 118 53785 53 53917 119 54041 42 54084 9 54173 119 54297 40 54341 7 54429 107 54540 8 54553 40 54685 107 54797 6 54809 39 54941 106 55055 4 55065 39 55172 5 55195 108 55312 1 55321 40 55427 8 55450 107 55575 42 55683 10 55705 108 55830 43 55939 11 55961 107 56084 45 56197 10 56216 107 56339 47 56453 11 56472 107 56595 18 56615 28 56709 12 56729 104 56851 16 56873 26 56965 13 56985 103 57098 1 57105 18 57130 26 57221 14 57241 103 57352 7 57361 17 57386 25 57477 14 57497 103 57607 26 57643 24 57731 17 57752 104 57863 26 57899 24 57987 17 58007 105 58119 24 58156 21 58225 5 58240 128 58375 13 58413 17 58481 6 58495 129 58631 12 58668 17 58736 9 58748 132 58887 11 58924 17 58991 150 59144 9 59179 19 59247 150 59400 9 59434 20 59501 152 59655 9 59686 24 59755 154 59911 8 59937 29 60010 155 60168 5 60191 31 60265 156 60425 3 60446 32 60520 157 60701 33 60774 159 60956 34 61029 160 61211 35 61274 7 61282 163 61467 35 61529 172 61721 38 61783 169 61953 4 61977 38 62038 170 62213 4 62233 34 62292 172 62469 4 62489 34 62547 173 62725 4 62743 35 62803 173 62981 5 62998 35 63058 174 63237 5 63253 36 63314 174 63493 5 63509 36 63569 175 63763 38 63823 177 64010 2 64018 39 64078 178 64264 6 64273 40 64333 179 64519 8 64529 40 64588 180 64774 10 64785 38 64844 180 65029 50 65100 180 65285 41 65356 180
891930,0 1 132 26 210 23 387 28 466 22 643 28 722 21 899 30 978 20 1154 35 1235 18 1368 4 1400 2 1410 39 1491 15 1624 3 1656 2 1666 39 1707 8 1747 14 1922 51 2005 11 2178 51 2261 10 2435 51 2519 7 2692 50 2777 4 2951 28 2981 16 3207 26 3239 14 3463 24 3496 13 3719 23 3752 13 3929 9 3975 22 4008 13 4185 10 4231 21 4264 13 4321 3 4442 7 4486 23 4521 12 4547 3 4575 6 4698 6 4741 25 4777 12 4803 6 4830 7 4955 2 4995 28 5035 10 5055 12 5086 7 5246 33 5291 9 5311 13 5342 7 5371 5 5492 4 5499 38 5567 14 5597 8 5623 9 5747 6 5754 39 5822 15 5854 7 5878 10 6002 46 6077 16 6111 6 6127 17 6257 24 6284 20 6331 17 6369 4 6382 18 6513 23 6541 19 6581 24 6623 4 6633 23 6770 22 6797 19 6835 26 6879 4 6887 25 7026 22 7053 19 7083 34 7135 5 7142 26 7283 22 7309 19 7337 37 7391 5 7397 27 7541 20 7565 20 7592 39 7646 34 7799 19 7821 20 7848 39 7901 35 8055 18 8075 22 8104 41 8154 11 8166 26 8312 17 8330 23 8360 60 8423 25 8569 40 8616 88 8826 39 8872 88 9083 40 9127 89 9339 30 9371 101 9595 28 9631 97 9850 28 9887 97 10105 28 10143 39 10186 54 10361 27 10398 39 10443 53 10617 13 10637 8 10651 42 10699 53 10874 11 10894 7 10906 43 10954 54 11131 9 11150 8 11160 45 11210 54 11392 2 11406 55 11465 55 11662 114 11918 114 12174 114 12430 114 12687 113 12943 113 13199 14 13221 91 13455 11 13477 91 13711 10 13735 89 13967 10 13991 75 14070 10 14224 8 14249 73 14328 8 14480 8 14507 70 14584 8 14737 5 14765 68 14841 7 14994 3 15021 68 15098 6 15277 66 15355 5 15533 67 15611 5 15755 7 15789 68 15867 5 16009 10 16044 69 16123 5 16263 12 16281 7 16300 72 16380 4 16519 13 16536 9 16555 74 16636 4 16774 15 16791 11 16811 74 16893 3 17029 30 17067 75 17149 3 17285 30 17322 77 17406 2 17541 31 17578 77 17663 1 17796 33 17832 79 18046 40 18087 80 18300 123 18542 1 18555 124 18797 3 18808 128 19053 3 19062 130 19307 5 19317 132 19562 7 19572 133 19817 144 20072 145 20223 1 20328 146 20479 1 20585 145 20735 1 20841 145 20991 1 21097 145 21355 143 21611 143 21867 94 21964 46 22123 94 22221 44 22379 89 22477 44 22635 88 22733 43 22892 86 22990 33 23024 5 23148 86 23246 31 23404 86 23502 30 23660 85 23759 28 23915 86 24018 22 24059 5 24171 86 24275 16 24315 5 24427 86 24533 12 24569 7 24683 86 24789 11 24825 7 24941 84 25047 6 25081 7 25197 83 25336 8 25454 81 25591 9 25710 81 25847 9 25967 79 26087 1 26102 10 26223 78 26342 3 26358 10 26479 76 26599 2 26613 11 26735 75 26855 2 26869 11 26992 73 27125 11 27249 72 27381 11 27505 70 27637 11 27761 71 27892 12 28019 70 28147 13 28275 70 28402 14 28531 71 28657 15 28787 72 28913 15 29043 72 29169 15 29299 71 29425 15 29555 70 29681 15 29812 69 29937 15 30068 69 30141 3 30193 15 30325 54 30383 8 30395 6 30450 14 30582 51 30641 5 30649 9 30706 14 30838 50 30900 1 30905 10 30962 14 31095 47 31160 12 31219 13 31351 47 31416 15 31474 14 31607 46 31671 19 31730 14 31863 45 31927 20 31986 14 32118 45 32183 27 32241 15 32374 45 32439 28 32497 15 32630 44 32695 29 32754 14 32886 44 32951 30 33011 13 33142 43 33206 31 33267 13 33398 44 33461 32 33524 12 33655 43 33717 33 33782 10 33911 43 33972 34 34039 9 34169 40 34227 36 34295 9 34426 39 34483 36 34553 7 34683 38 34737 41 34809 7 34941 36 34992 45 35066 6 35198 33 35244 51 35323 5 35455 31 35499 53 35579 5 35713 26 35755 54 35835 5 35971 24 36011 54 36091 5 36229 21 36267 55 36346 6 36489 16 36522 56 36602 6 36748 12 36779 58 36858 6 37005 10 37035 59 37114 6 37283 2 37291 62 37371 5 37537 6 37548 63 37627 5 37791 8 37805 66 37883 5 38046 10 38061 73 38140 4 38303 10 38317 74 38396 4 38559 88 38652 4 38815 89 38908 4 39071 89 39163 5 39327 91 39419 5 39582 91 39675 5 39837 91 39932 4 40083 2 40089 94 40188 4 40335 104 40445 3 40590 105 40701 3 40843 108 40957 3 41099 108 41213 3 41354 109 41467 5 41610 109 41720 8 41866 118 42122 118 42378 118 42635 28 42664 88 42891 117 43147 117 43405 115 43661 115 43917 115 44173 115 44430 114 44687 113 44943 113 45199 113 45465 103 45711 4 45719 105 45965 115 46220 116 46476 116 46732 116 46988 116 47244 116 47500 116 47755 117 48011 117 48267 117 48522 118 48777 119 49033 113 49151 1 49289 112 49407 1 49545 112 49802 101 49904 9 50059 79 50141 14 50162 7 50315 56 50373 20 50401 8 50419 5 50572 55 50630 19 50676 3 50828 10 50840 43 50887 18 51085 8 51098 41 51145 15 51341 8 51354 41 51401 14 51597 8 51611 42 51655 9 51853 9 51867 55 52111 20 52137 2 52141 39 52368 18 52399 38 52625 18 52657 36 52881 18 52913 36 53137 19 53173 33 53393 19 53431 32 53649 19 53691 28 53905 20 53947 29 54161 20 54205 28 54417 20 54462 27 54674 18 54719 28 54931 16 54975 28 55011 2 55187 16 55231 29 55267 3 55444 13 55487 30 55522 5 55700 13 55743 30 55778 5 55957 11 55999 31 56034 6 56213 10 56255 31 56291 6 56469 10 56511 31 56547 7 56725 9 56769 28 56803 8 56981 8 57025 7 57034 19 57059 8 57237 7 57294 15 57315 9 57494 5 57555 9 57571 10 57827 10 57847 5 58083 10 58103 6 58339 10 58363 5 58596 9 58619 5 58853 7 58875 5 59109 6 59131 5 59369 2 59385 7 59641 7 59897 7 60153 7 60409 7 60665 7 60921 7 61177 7 61433 7 61689 7 61945 7 62201 7 62369 2 62457 7 62624 4 62704 3 62713 7 62878 7 62959 6 62969 7 63134 7 63215 6 63225 7 63389 8 63460 3 63470 18 63645 9 63716 4 63727 17 63901 9 63971 7 63985 15 64157 9 64227 8 64242 14 64413 9 64485 4 64497 15 64669 9 64752 16 64925 8 65004 20 65182 7 65260 20 65516 20
892843,46 50 169 17 248 8 301 52 426 18 503 9 557 54 614 4 682 19 759 9 813 65 939 18 1015 9 1069 66 1195 18 1271 9 1325 66 1453 16 1503 1 1528 8 1581 67 1710 15 1759 2 1784 8 1836 69 1969 12 2014 4 2041 7 2091 70 2227 10 2270 5 2297 7 2348 69 2478 15 2527 3 2553 7 2604 69 2732 16 2808 8 2860 69 2986 17 3064 8 3117 68 3241 18 3321 7 3376 63 3497 18 3577 7 3633 62 3753 19 3833 7 3892 57 4009 24 4090 6 4149 27 4177 27 4265 24 4347 5 4405 26 4433 25 4521 25 4607 1 4661 26 4689 23 4778 25 4888 3 4918 26 4946 17 5034 25 5144 4 5174 27 5202 17 5291 23 5352 5 5400 5 5430 28 5460 13 5547 22 5606 9 5656 4 5687 27 5717 12 5803 22 5862 10 5943 26 5975 8 6059 21 6117 12 6199 26 6231 6 6316 19 6373 12 6456 25 6572 19 6626 16 6713 24 6828 19 6881 18 6971 20 7085 18 7135 21 7228 19 7341 18 7389 24 7486 3 7599 16 7617 2 7643 27 7857 14 7872 4 7899 27 8117 16 8155 28 8379 10 8411 28 8635 11 8667 28 8891 11 8923 28 9146 12 9179 28 9388 1 9399 15 9435 27 9472 1 9642 4 9653 17 9692 25 9728 2 9897 6 9908 18 9949 24 9984 4 10151 8 10163 20 10208 19 10240 5 10405 11 10419 20 10465 18 10496 5 10654 40 10722 16 10752 5 10907 43 10980 13 11008 5 11162 43 11243 5 11264 5 11417 44 11520 5 11672 44 11725 9 11776 5 11928 43 11980 11 12032 4 12184 41 12235 14 12288 4 12439 40 12491 14 12544 3 12696 37 12747 14 12800 1 12952 36 13003 13 13208 36 13259 12 13464 37 13515 12 13720 37 13771 11 13976 38 14027 10 14231 40 14283 10 14486 41 14540 9 14741 42 14797 6 14997 42 15056 2 15252 42 15509 41 15765 40 15871 1 16021 40 16127 1 16279 6 16290 27 16379 5 16475 6 16547 26 16634 6 16731 7 16804 24 16889 7 16987 8 17061 23 17145 7 17243 8 17317 22 17399 9 17499 8 17573 22 17654 10 17691 6 17755 7 17830 20 17909 11 17947 8 18011 6 18086 20 18165 11 18202 9 18269 3 18343 18 18419 13 18458 9 18526 1 18600 17 18674 14 18714 9 18857 15 18929 15 18970 9 19114 13 19185 15 19227 8 19372 8 19439 17 19483 7 19629 6 19695 17 19741 4 19931 8 19949 19 20185 11 20205 19 20439 14 20461 19 20590 1 20695 14 20717 19 20845 3 20951 14 20973 19 21101 4 21206 15 21229 19 21355 6 21462 14 21486 18 21612 5 21718 14 21743 17 21869 5 21884 6 21975 12 22000 16 22125 5 22139 8 22231 12 22258 4 22381 5 22395 10 22488 9 22638 4 22651 10 22745 8 22895 2 22906 13 23003 3 23162 13 23418 14 23675 13 23931 13 24025 2 24187 13 24275 8 24445 10 24527 13 24702 7 24781 16 25003 5 25035 18 25259 5 25291 18 25514 6 25547 18 25771 5 25802 19 26027 4 26055 22 26198 1 26283 4 26311 22 26395 5 26448 10 26537 6 26565 24 26641 16 26703 12 26793 6 26821 24 26895 19 26957 16 27047 9 27076 27 27151 20 27212 17 27303 9 27331 29 27405 22 27466 20 27559 10 27585 32 27661 22 27720 22 27815 10 27841 32 27916 23 27973 27 28071 9 28095 34 28159 1 28171 24 28229 28 28327 9 28350 35 28415 1 28427 23 28483 31 28583 9 28605 36 28669 3 28683 23 28739 31 28840 8 28861 36 28925 3 28938 23 28993 34 29097 6 29117 36 29180 4 29194 23 29249 34 29354 3 29373 36 29436 4 29450 23 29503 35 29629 37 29692 4 29706 23 29759 34 29885 37 29948 4 29963 22 30014 33 30141 37 30204 4 30219 21 30269 34 30397 37 30460 4 30477 18 30526 33 30653 37 30715 5 30734 17 30782 33 30910 36 30971 5 30993 12 31039 32 31122 5 31168 33 31227 5 31250 9 31295 32 31376 8 31425 32 31483 5 31551 31 31630 12 31683 30 31740 4 31807 31 31886 13 31939 30 31996 4 32063 30 32141 14 32195 30 32254 2 32319 29 32397 14 32451 30 32511 1 32575 26 32651 16 32707 30 32831 23 32907 16 32963 30 33087 21 33162 16 33219 30 33262 4 33343 20 33417 16 33475 30 33518 5 33599 20 33673 13 33706 3 33731 30 33773 7 33855 20 33929 12 33961 6 33988 1 33991 26 34029 7 34045 3 34075 4 34111 20 34184 11 34214 10 34247 25 34284 9 34299 5 34329 8 34367 20 34440 10 34469 12 34503 24 34539 10 34555 5 34583 11 34623 21 34697 7 34723 14 34759 24 34795 12 34809 7 34838 12 34879 22 34953 6 34979 15 35014 24 35047 25 35093 13 35135 22 35209 4 35234 17 35269 24 35302 26 35349 13 35391 22 35490 17 35525 24 35557 27 35605 12 35646 23 35746 17 35781 23 35812 28 35861 12 35901 24 36002 17 36037 22 36067 29 36118 9 36156 25 36258 17 36293 21 36323 29 36374 9 36412 25 36515 17 36550 14 36579 29 36627 10 36667 28 36771 17 36807 13 36835 29 36881 10 36923 29 37027 17 37064 12 37091 29 37135 8 37178 31 37282 19 37321 11 37347 29 37389 10 37433 32 37537 20 37578 9 37603 20 37643 13 37689 32 37791 21 37835 8 37859 18 37899 13 37945 32 38047 21 38092 7 38115 11 38155 14 38201 31 38301 23 38351 2 38368 11 38411 14 38457 31 38556 23 38619 15 38668 15 38713 30 38811 24 38873 16 38924 15 38969 30 39067 24 39128 18 39181 15 39227 24 39322 26 39382 21 39437 15 39483 24 39576 29 39637 23 39695 14 39741 22 39827 40 39892 25 39951 14 39997 22 40082 41 40146 28 40207 14 40254 21 40336 45 40399 32 40463 14 40511 19 40588 49 40654 33 40719 16 40767 18 40840 53 40907 36 40975 17 41023 18 41095 54 41162 37 41231 18 41279 16 41349 56 41417 38 41487 20 41535 16 41605 56 41673 38 41743 21 41792 13 41860 57 41928 39 41999 22 42048 8 42115 58 42184 39 42256 21 42305 5 42368 59 42439 40 42513 20 42623 60 42695 40 42769 20 42877 61 42951 45 43026 20 43132 61 43207 46 43284 18 43387 60 43463 48 43540 18 43643 62 43719 48 43797 17 43829 1 43840 3 43899 63 43984 40 44053 17 44083 4 44094 7 44155 64 44240 40 44309 17 44338 20 44411 64 44497 40 44566 15 44594 21 44667 64 44753 40 44807 13 44823 14 44849 24 44924 63 45009 40 45061 31 45106 23 45181 62 45265 40 45316 31 45362 23 45443 56 45523 39 45571 32 45618 23 45699 55 45779 39 45826 31 45877 19 45956 53 46041 5 46051 23 46081 32 46135 16 46213 51 46307 23 46337 24 46392 15 46469 50 46565 27 46593 24 46648 15 46679 4 46725 50 46821 27 46849 24 46905 36 46981 50 47079 25 47105 24 47161 38 47237 50 47337 23 47361 23 47418 39 47493 54 47599 17 47617 22 47674 39 47749 54 47857 38 47929 41 48005 54 48117 34 48185 41 48262 54 48374 15 48391 14 48440 41 48519 53 48630 15 48649 10 48695 42 48775 53 48885 15 48951 36 48988 4 49032 52 49141 14 49206 37 49245 2 49288 51 49397 11 49461 38 49544 51 49599 4 49653 11 49716 39 49800 51 49855 5 49908 12 49971 40 50056 50 50110 7 50163 13 50227 40 50311 50 50366 7 50419 13 50481 42 50566 43 50611 6 50623 8 50675 13 50737 42 50820 43 50869 3 50879 8 50931 13 50993 42 51075 40 51136 8 51187 13 51249 42 51331 40 51391 10 51444 12 51505 41 51586 41 51647 11 51669 2 51709 3 51761 41 51842 41 51903 12 51924 4 51966 2 52017 41 52098 41 52161 10 52180 5 52222 2 52273 41 52354 41 52418 9 52435 6 52478 2 52529 41 52609 42 52673 10 52691 5 52733 3 52783 43 52865 41 52928 11 52947 4 52989 3 53036 46 53118 43 53184 11 53199 7 53245 3 53291 47 53371 45 53440 11 53454 8 53501 3 53545 50 53624 46 53695 11 53709 9 53759 1 53800 52 53879 46 53942 2 53952 9 53965 9 54015 1 54055 54 54133 47 54192 4 54197 4 54209 7 54220 10 54311 55 54389 46 54447 10 54465 6 54475 11 54567 56 54643 48 54701 12 54732 10 54822 57 54895 52 54955 14 54988 10 55079 56 55148 53 55209 16 55244 11 55335 56 55403 54 55465 16 55500 11 55591 55 55659 52 55721 15 55757 20 55847 54 55915 50 55977 15 56013 20 56058 6 56104 53 56171 48 56233 15 56269 21 56310 10 56361 52 56427 47 56489 14 56524 23 56565 11 56618 50 56683 45 56745 16 56780 23 56819 13 56874 50 56939 44 57002 16 57036 23 57075 13 57131 49 57194 44 57259 16 57292 24 57330 14 57387 48 57450 44 57515 17 57548 24 57585 15 57624 7 57646 45 57706 44 57771 18 57805 23 57841 15 57879 8 57905 42 57962 45 58027 19 58061 23 58097 15 58135 9 58161 40 58219 49 58283 19 58318 21 58353 15 58391 9 58419 36 58475 50 58539 20 58575 20 58609 15 58647 8 58669 3 58673 37 58733 27 58763 18 58795 19 58832 17 58863 17 58903 7 58923 43 58989 15 59007 8 59019 18 59051 19 59089 16 59113 29 59177 46 59247 12 59275 18 59307 16 59349 10 59366 33 59433 46 59503 12 59531 18 59563 17 59607 9 59621 35 59688 48 59761 10 59786 20 59819 21 59869 4 59875 38 59944 48 60018 8 60042 20 60075 23 60125 45 60199 49 60298 20 60330 26 60361 4 60382 44 60455 48 60554 21 60586 27 60614 8 60638 45 60712 47 60810 21 60841 38 60893 46 60968 47 61066 21 61097 38 61143 52 61224 46 61322 21 61353 82 61438 13 61481 45 61579 20 61609 83 61695 12 61737 45 61835 20 61866 83 61952 11 61993 45 62091 19 62123 82 62208 9 62251 44 62348 17 62379 83 62464 9 62507 44 62604 17 62635 84 62720 7 62765 44 62861 15 62891 84 63023 44 63116 16 63145 86 63255 2 63285 40 63371 16 63400 87 63510 3 63543 38 63627 16 63655 89 63765 4 63801 38 63883 16 63909 91 64020 5 64058 37 64139 16 64165 91 64277 4 64316 36 64374 8 64393 18 64420 15 64437 23 64461 51 64533 4 64573 35 64629 11 64648 19 64676 13 64694 22 64718 50 64829 35 64883 15 64903 19 64932 13 64952 19 64975 49 65085 35 65138 17 65158 19 65188 13 65211 15 65231 49 65341 34 65393 40 65445 10 65471 9 65486 50
904357,137 13 161 10 179 30 393 12 417 10 435 30 649 11 673 10 691 31 904 11 929 10 947 32 1160 11 1185 10 1203 32 1415 10 1441 9 1459 32 1525 6 1671 10 1698 8 1714 34 1779 11 1927 9 1955 8 1967 37 2033 15 2182 10 2212 7 2222 38 2289 15 2435 13 2470 5 2477 39 2544 16 2689 16 2733 39 2800 16 2945 20 2987 41 3056 16 3201 20 3243 40 3312 16 3457 21 3499 40 3568 16 3714 20 3755 40 3825 15 3971 18 4001 2 4011 40 4081 15 4228 17 4256 4 4267 39 4337 15 4484 17 4511 7 4525 36 4593 15 4740 17 4766 8 4781 36 4849 15 4996 17 5021 10 5037 22 5065 4 5104 16 5251 18 5277 10 5294 21 5320 7 5359 17 5507 18 5531 12 5551 34 5614 18 5763 18 5787 13 5807 35 5869 19 6019 17 6043 13 6061 39 6124 20 6264 2 6276 16 6299 13 6317 39 6380 20 6532 16 6556 12 6571 42 6636 20 6789 14 6813 12 6826 44 6893 19 7045 14 7069 58 7131 3 7150 18 7301 14 7326 57 7387 4 7407 17 7557 14 7584 55 7642 6 7665 15 7814 13 7841 54 7897 8 7921 15 8071 12 8098 53 8152 8 8177 15 8327 12 8354 62 8433 15 8583 12 8610 61 8689 15 8839 12 8866 61 8945 15 9094 13 9123 50 9176 5 9201 15 9349 14 9379 50 9433 4 9457 15 9605 14 9635 50 9713 15 9861 14 9891 50 9969 15 10056 3 10117 13 10147 56 10225 15 10311 8 10373 12 10403 56 10482 13 10566 17 10629 12 10661 4 10666 51 10739 12 10821 19 10885 12 10925 48 10996 9 11077 20 11143 9 11185 46 11333 20 11399 9 11444 43 11588 21 11703 42 11844 21 11960 41 12099 24 12174 3 12215 44 12354 26 12430 4 12471 44 12609 30 12686 6 12726 45 12864 33 12943 6 12981 46 13119 40 13199 7 13237 47 13375 40 13455 8 13493 47 13629 44 13712 7 13749 48 13884 46 13937 5 13968 8 14006 48 14138 52 14191 8 14223 10 14263 47 14393 62 14479 11 14494 4 14520 47 14649 62 14731 24 14776 47 14905 62 14986 26 15032 47 15162 61 15241 27 15288 47 15419 61 15499 25 15543 47 15677 62 15756 24 15799 46 15934 61 16012 23 16055 46 16191 61 16268 23 16310 46 16448 61 16524 22 16566 46 16703 62 16780 22 16821 48 16958 64 17037 21 17077 49 17213 66 17293 21 17333 51 17469 66 17549 21 17589 52 17725 66 17805 21 17845 54 17981 67 18061 21 18100 55 18237 68 18317 20 18355 56 18493 68 18574 17 18611 57 18749 70 18831 15 18867 57 19006 73 19088 14 19123 57 19265 72 19345 12 19379 57 19522 71 19601 12 19635 56 19779 71 19859 8 19891 56 20036 70 20117 4 20147 56 20293 70 20388 9 20403 56 20549 70 20643 10 20659 56 20805 70 20898 12 20915 55 21062 69 21153 14 21172 53 21319 68 21407 16 21429 52 21576 67 21662 17 21686 50 21833 20 21855 43 21915 20 21944 46 22089 18 22112 41 22171 20 22201 44 22345 16 22369 38 22423 22 22460 37 22601 16 22625 38 22678 22 22717 33 22861 10 22882 36 22933 12 22946 9 22975 29 23119 7 23139 36 23189 10 23203 8 23232 27 23376 5 23401 30 23445 10 23461 4 23497 5 23509 3 23633 4 23657 31 23701 10 23717 4 23754 4 23762 6 23915 30 23955 14 24013 10 24035 5 24171 30 24209 16 24269 10 24291 6 24408 5 24437 20 24463 20 24523 14 24546 7 24664 5 24695 18 24718 23 24778 16 24801 9 24919 8 24953 16 24973 27 25033 34 25087 1 25175 8 25210 14 25229 30 25287 38 25343 1 25432 9 25473 6 25485 32 25539 43 25597 3 25688 9 25729 6 25741 32 25795 43 25851 5 25945 8 25996 33 26051 44 26103 9 26202 7 26251 34 26308 43 26357 11 26477 4 26505 36 26563 44 26611 13 26732 6 26760 37 26819 46 26867 13 26987 7 27015 38 27075 61 27243 6 27271 38 27331 61 27471 4 27499 5 27527 38 27587 61 27727 4 27755 4 27782 41 27843 61 27983 5 28037 43 28099 61 28239 5 28293 44 28355 61 28547 46 28613 59 28788 3 28803 46 28869 59 29043 5 29057 48 29127 57 29299 5 29311 50 29383 57 29554 64 29640 39 29689 7 29810 65 29896 39 29944 8 30067 65 30152 36 30195 13 30323 65 30408 34 30451 13 30579 66 30664 32 30705 15 30835 69 30920 29 30961 15 31091 72 31177 26 31217 15 31347 74 31433 25 31473 15 31603 76 31691 22 31728 16 31859 76 31947 22 31984 16 32113 78 32205 20 32240 16 32369 78 32462 18 32496 16 32623 80 32729 6 32751 17 32879 80 32985 6 33006 18 33133 82 33243 4 33261 19 33389 82 33499 3 33517 19 33641 86 33772 20 33895 88 34027 21 34149 92 34284 20 34403 94 34540 20 34658 97 34796 20 34913 69 34986 26 35052 20 35167 61 35229 3 35243 26 35309 19 35423 60 35497 28 35565 19 35677 60 35750 32 35821 19 35932 61 36005 33 36077 19 36187 62 36261 34 36332 20 36443 62 36517 35 36588 20 36697 64 36773 36 36844 20 36951 66 37029 36 37100 20 37206 67 37285 36 37356 20 37461 68 37541 36 37612 20 37655 4 37717 66 37799 33 37868 20 37910 6 37972 67 38057 31 38124 20 38165 10 38221 74 38314 28 38381 19 38420 11 38475 75 38571 25 38638 18 38675 13 38730 76 38827 24 38896 16 38931 13 38986 76 39083 24 39153 15 39186 14 39241 77 39337 25 39409 15 39442 14 39497 77 39592 26 39665 15 39698 14 39751 79 39845 29 39922 14 39954 14 40007 79 40100 30 40179 13 40211 13 40262 81 40354 32 40435 13 40467 13 40517 46 40564 35 40609 33 40691 13 40725 10 40772 45 40821 34 40863 34 40948 12 40989 1 41028 44 41077 32 41119 35 41205 11 41283 45 41333 30 41374 36 41462 10 41539 44 41589 30 41630 37 41718 10 41794 45 41845 26 41886 37 41974 10 42050 45 42101 24 42142 37 42229 11 42306 44 42357 24 42397 39 42485 11 42562 43 42613 24 42653 39 42741 11 42818 43 42869 24 42898 3 42909 39 42997 11 43075 41 43125 24 43152 7 43165 40 43253 11 43331 39 43382 23 43407 10 43421 41 43509 11 43588 37 43639 22 43663 10 43677 41 43766 10 43845 36 43896 33 43933 42 44022 10 44101 35 44153 32 44189 42 44278 10 44357 36 44399 26 44426 14 44445 42 44533 11 44613 68 44682 13 44702 41 44789 11 44870 66 44938 11 44959 40 45044 12 45127 66 45194 10 45215 40 45299 13 45383 76 45471 40 45555 13 45639 76 45727 40 45811 13 45895 76 45983 40 46067 13 46151 77 46240 39 46322 14 46407 81 46496 39 46579 13 46663 82 46753 37 46835 13 46919 84 47009 37 47093 11 47175 84 47266 36 47350 10 47432 84 47523 35 47607 9 47688 85 47780 34 47863 9 47946 85 48037 33 48113 15 48203 84 48295 31 48369 15 48459 86 48552 30 48625 15 48715 86 48809 28 48881 15 48915 6 48971 86 49066 27 49137 15 49165 3 49169 8 49227 86 49323 24 49393 15 49419 14 49483 85 49580 17 49649 15 49675 15 49739 85 49836 17 49905 15 49931 15 49995 85 50093 14 50162 14 50186 17 50251 85 50350 12 50419 13 50445 1 50449 11 50508 84 50607 10 50675 13 50707 9 50765 84 50864 8 50931 13 50964 9 51021 84 51121 5 51188 12 51219 9 51277 86 51380 1 51444 12 51475 8 51532 89 51701 11 51731 6 51787 90 51957 11 51984 8 52043 92 52213 11 52239 9 52299 93 52468 12 52495 9 52555 94 52725 11 52751 9 52811 94 52981 11 53007 9 53067 94 53238 10 53264 8 53324 95 53495 9 53521 7 53532 4 53581 97 53752 8 53777 7 53787 6 53837 98 54008 8 54033 25 54096 96 54263 9 54289 26 54353 96 54519 9 54544 29 54611 2 54615 40 54657 49 54773 11 54800 29 54840 1 54871 39 54914 49 55028 12 55056 30 55093 6 55128 38 55171 48 55283 13 55313 30 55348 7 55385 38 55428 48 55539 13 55571 41 55642 37 55684 49 55795 13 55828 40 55898 38 55941 48 56051 13 56085 38 56155 38 56197 48 56307 13 56341 38 56411 38 56453 48 56563 13 56597 38 56666 41 56709 49 56819 13 56853 37 56922 92 57076 12 57102 3 57108 36 57177 94 57333 11 57359 3 57363 37 57432 95 57589 11 57615 40 57687 97 57846 10 57871 40 57943 97 58103 9 58127 40 58195 101 58358 10 58384 38 58449 103 58614 10 58632 1 58641 36 58704 104 58868 12 58887 3 58898 34 58960 104 59123 13 59143 4 59155 31 59215 104 59377 15 59399 4 59412 30 59450 7 59471 104 59633 15 59654 6 59669 28 59704 127 59889 15 59909 7 59927 26 59959 128 60145 15 60165 7 60184 25 60215 126 60401 15 60421 7 60441 24 60471 125 60657 15 60677 7 60698 23 60727 123 60913 15 60933 7 60955 22 60984 116 61169 15 61189 6 61211 21 61241 113 61426 14 61445 7 61467 21 61496 114 61682 14 61705 4 61724 19 61752 113 61937 15 61961 5 61981 17 62008 112 62193 15 62217 6 62239 14 62263 112 62449 15 62474 5 62496 13 62519 112 62704 16 62730 5 62753 12 62775 112 62961 15 62987 3 63009 12 63031 112 63217 15 63265 12 63286 113 63475 13 63522 11 63540 115 63731 13 63779 10 63794 118 63987 13 64035 10 64049 119 64244 12 64293 7 64304 119 64501 11 64550 3 64559 120 64757 11 64814 120 65015 9 65069 121 65273 7 65325 120 65535 1
905849,0 65536
907141,0 27 45 62 135 31 168 22 211 30 256 31 301 62 391 30 426 19 467 30 512 31 556 64 648 9 658 19 682 19 723 30 768 36 811 66 905 6 914 19 939 16 980 29 1024 109 1171 17 1195 16 1236 28 1280 111 1427 16 1452 13 1493 24 1536 111 1684 15 1708 12 1749 23 1792 53 1849 54 1945 9 1965 10 2006 21 2048 53 2105 54 2203 7 2221 10 2262 19 2304 53 2359 56 2459 6 2479 6 2519 15 2560 53 2615 56 2715 6 2776 12 2816 110 2972 4 3035 5 3072 109 3228 3 3292 3 3328 48 3381 54 3584 48 3638 53 3738 5 3840 49 3894 51 3991 12 4096 50 4150 50 4247 13 4352 49 4407 48 4503 17 4608 49 4665 44 4759 18 4864 47 4921 44 5015 18 5120 47 5177 44 5271 18 5376 46 5431 47 5528 19 5632 46 5687 47 5784 19 5888 35 5925 8 5938 53 6041 19 6105 2 6144 35 6183 6 6193 54 6297 20 6359 4 6400 34 6440 5 6449 53 6518 3 6553 20 6609 12 6656 33 6697 4 6705 53 6773 6 6809 20 6857 1 6863 25 6912 32 6953 4 6961 52 7027 9 7064 22 7109 38 7168 32 7209 4 7217 51 7283 10 7319 23 7364 40 7424 30 7464 5 7473 47 7539 10 7575 22 7619 43 7680 29 7720 5 7729 46 7795 10 7831 22 7875 44 7936 21 7975 4 7983 47 8051 10 8086 23 8113 1 8131 44 8192 21 8231 3 8239 46 8307 10 8342 22 8366 7 8387 46 8448 21 8488 2 8493 48 8563 10 8598 35 8635 61 8704 21 8748 49 8820 7 8855 99 8960 20 9003 50 9111 104 9216 20 9259 50 9367 124 9514 45 9624 123 9770 43 9881 121 10026 42 10097 6 10136 122 10282 41 10352 9 10392 121 10537 43 10605 14 10647 122 10793 47 10842 3 10861 14 10893 4 10902 122 11048 56 11115 16 11146 135 11303 58 11371 17 11401 136 11558 60 11626 19 11655 138 11813 62 11881 20 11911 138 12067 64 12137 20 12166 139 12323 64 12393 19 12421 140 12577 65 12648 19 12677 140 12832 65 12904 19 12933 139 13087 65 13160 19 13189 137 13343 64 13417 17 13445 134 13599 60 13674 15 13701 134 13854 59 13931 13 13957 134 14108 57 14187 12 14207 141 14363 56 14444 10 14463 141 14618 55 14699 10 14718 142 14873 56 14955 9 14973 143 15129 56 15210 9 15229 145 15383 58 15466 10 15485 148 15637 60 15721 12 15740 217 15977 12 15996 219 16229 16 16250 221 16485 17 16506 223 16739 246 16995 246 17251 246 17506 247 17762 247 18018 249 18273 250 18529 252 18785 252 19041 254 19298 253 19555 253 19813 251 20071 250 20325 1036 21362 255 21618 255 21875 254 22131 6667 28805 248 29062 245 29314 248 29567 252 29821 15644 45470 251 45727 250 45984 31 46020 3 46032 202 46240 31 46289 200 46496 31 46547 198 46753 29 46804 194 47009 26 47062 191 47267 22 47319 189 47533 10 47576 187 47790 9 47832 15 47848 169 48051 2 48088 15 48104 19 48128 145 48345 12 48360 15 48384 144 48601 36 48640 143 48857 37 48896 143 49114 182 49351 6 49370 183 49605 16 49626 184 49861 18 49881 185 50115 207 50371 208 50620 215 50873 218 51127 220 51383 221 51636 224 51889 229 52136 239 52390 241 52642 37 52684 204 52897 38 52941 204 53149 40 53197 248 53453 246 53707 134 53847 107 53963 134 54103 105 54215 138 54360 103 54469 10 54490 124 54615 103 54724 11 54747 227 54979 13 55002 227 55235 13 55258 227 55491 13 55514 225 55747 13 55770 223 56003 12 56026 223 56261 9 56282 222 56517 8 56538 223 56794 223 57051 222 57307 222 57563 221 57819 221 58075 221 58331 222 58587 222 58843 222 59067 6 59099 231 59354 233 59610 235 59865 237 60121 238 60377 239 60632 240 60887 240 61141 241 61395 243 61651 242 61907 242 62163 242 62419 30 62451 210 62675 28 62707 211 62931 26 62965 209 63187 26 63221 210 63443 26 63477 210 63699 26 63734 211 63954 27 63991 210 64210 27 64248 213 64465 28 64507 211 64721 28 64766 239 65024 185 65210 50 65280 183 65468 47
919234,0 7566 7571 250 7831 244 8089 48 8138 193 8345 47 8395 190 8601 240 8857 240 9114 242 9370 244 9626 244 9883 244 10139 244 10388 1 10397 251 10653 252 10910 251 11167 250 11423 250 11682 248 11938 248 12191 251 12446 7960 20408 254 20666 254 20923 254 21179 257 21437 2374 23817 247 24073 247 24330 246 24586 246 24842 246 25098 246 25354 246 25610 246 25865 247 26121 247 26377 247 26633 247 26890 187 27080 56 27147 186 27336 56 27403 187 27592 56 27659 186 27849 55 27915 186 28105 55 28171 185 28361 55 28427 184 28618 54 28682 185 28874 54 28937 185 29131 53 29193 185 29387 58 29447 187 29645 245 29901 246 30157 246 30413 246 30669 246 30925 246 31180 247 31435 249 31691 249 31946 250 32201 251 32456 252 32712 253 32967 510 33479 253 33736 251 33992 251 34247 250 34503 252 34757 3971 38729 1147 39879 253 40135 1609 41748 181 41931 68 42005 180 42187 67 42260 249 42516 247 42771 247 43027 244 43281 248 43537 15320 58862 233 59098 15 59118 231 59355 13 59375 229 59611 13 59631 224 59869 11 59888 180 60071 39 60125 11 60144 179 60329 37 60382 10 60401 177 60585 38 60638 10 60658 175 60841 37 60896 7 60915 174 61097 37 61153 5 61173 172 61353 36 61431 170 61609 36 61689 168 61864 35 61905 4 61945 168 62120 33 62161 4 62202 166 62376 27 62416 6 62458 166 62633 26 62672 6 62714 166 62890 25 62927 7 62971 166 63147 24 63183 7 63228 165 63405 22 63439 6 63487 162 63661 21 63694 7 63744 163 63919 17 63949 8 64000 163 64177 12 64204 9 64256 163 64437 3 64459 11 64512 163 64714 13 64768 163 64969 14 65024 163 65225 13 65280 163 65481 13
925045,0 65536
927607,196 4 211 2 452 8 708 11 774 3 963 16 1029 5 1218 18 1282 9 1473 20 1537 10 1727 22 1793 10 1983 23 2049 10 2238 24 2306 7 2432 1 2494 24 2565 2 2687 3 2750 24 2943 3 3007 22 3265 20 3524 1 3532 9 3789 8 4046 6 4303 5 4561 2 4863 1 5116 4 5371 5 5626 6 5883 5 8633 4 8857 3 8887 6 9111 7 9141 10 9367 7 9396 11 9621 10 9651 13 9877 10 9906 14 10133 11 10161 15 10388 12 10417 15 10643 14 10673 15 10882 3 10899 14 10929 15 11137 6 11155 17 11186 13 11393 6 11410 19 11443 12 11649 8 11665 22 11700 11 11905 8 11919 24 11957 9 12161 8 12171 29 12211 3 12417 8 12427 30 12467 2 12675 3 12682 31 12721 6 12938 31 12977 6 13194 31 13232 8 13450 31 13487 9 13706 30 13743 9 13962 17 13983 8 13999 9 14217 16 14255 8 14473 13 14511 8 14729 11 14768 5 14985 10 15025 2 15241 10 15498 9 15755 8 16011 8 16269 6 16527 3 16829 4 17084 7 17302 2 17339 11 17557 7 17595 12 17813 9 17851 12 18069 9 18107 15 18325 10 18363 15 18581 10 18619 15 18838 11 18875 20 19095 12 19131 22 19352 12 19388 23 19608 13 19644 23 19865 13 19901 22 20121 13 20157 22 20377 13 20414 21 20632 14 20671 20 20887 15 20929 16 21142 16 21188 12 21397 17 21653 16 21909 16 22165 16 22421 16 22677 16 22933 15 23189 14 23446 11 23703 10 23961 6 24219 2 31433 2 31687 6 31942 7 32197 9 32453 9 32708 10 32963 11 33032 5 33215 15 33287 6 33297 6 33469 17 33541 20 33723 18 33796 21 33979 19 34051 22 34235 20 34307 22 34490 21 34560 27 34588 9 34605 8 34746 22 34816 37 34860 11 35002 23 35072 38 35113 17 35258 23 35328 60 35514 23 35584 61 35771 22 35840 62 36027 22 36096 63 36283 21 36352 63 36539 21 36608 63 36796 19 36864 63 37052 18 37120 63 37308 18 37376 64 37563 18 37632 66 37819 18 37888 67 38075 18 38144 68 38330 18 38400 69 38585 19 38656 69 38841 19 38912 69 39097 19 39173 63 39352 19 39430 62 39609 18 39686 61 39865 18 39942 61 40122 17 40197 61 40379 14 40452 61 40636 13 40707 61 40894 11 40963 60 41151 9 41219 59 41409 6 41476 57 41665 6 41733 56 41989 56 42246 55 42502 55 42719 1 42758 43 42804 9 43014 41 43061 7 43267 42 43320 3 43523 42 43778 41 44033 41 44289 9 44299 22 44472 5 44545 8 44555 20 44727 8 44800 8 44809 19 44982 9 45056 8 45065 16 45237 10 45312 7 45321 13 45493 10 45568 5 45577 12 45749 10 45824 5 45833 6 46007 5 46080 5 46090 5 46336 3 46592 2 46678 4 46932 7 47187 9 47439 14 47695 15 47949 18 48041 10 48204 20 48296 11 48396 2 48459 21 48551 14 48650 5 48715 21 48807 14 48905 7 48971 22 49062 15 49161 7 49226 23 49318 15 49417 7 49481 24 49573 16 49673 8 49735 26 49829 16 49927 11 49989 28 50085 16 50182 13 50244 29 50340 17 50437 16 50499 30 50600 13 50624 3 50692 17 50755 30 50835 2 50859 9 50879 4 50947 18 51011 30 51088 8 51117 6 51134 6 51203 18 51267 29 51341 12 51376 2 51390 6 51459 18 51523 29 51589 22 51646 7 51714 19 51778 30 51843 24 51902 7 51969 21 52034 30 52097 26 52160 3 52225 21 52289 30 52353 26 52481 20 52544 30 52606 30 52736 21 52799 30 52860 33 52900 3 52992 21 53049 33 53114 36 53155 6 53248 21 53302 35 53369 38 53409 9 53504 21 53557 26 53611 6 53620 55 53760 20 53813 24 53865 66 54016 20 54068 24 54119 69 54272 19 54324 23 54374 71 54528 18 54580 21 54629 74 54784 17 54836 20 54885 74 55043 12 55092 13 55140 77 55300 10 55348 12 55395 78 55560 1 55603 12 55649 81 55859 11 55905 82 56115 11 56159 84 56372 9 56413 86 56615 10 56629 9 56663 93 56870 12 56887 7 56915 97 57125 14 57146 5 57169 100 57381 14 57403 2 57425 99 57616 1 57636 15 57670 110 57871 4 57892 15 57925 110 58121 10 58143 20 58180 111 58376 11 58398 21 58435 110 58631 12 58653 22 58691 16 58708 92 58887 13 58909 23 58947 14 58964 91 59143 14 59164 24 59203 14 59221 87 59399 14 59419 26 59459 13 59477 87 59655 14 59674 27 59717 10 59734 78 59815 3 59910 16 59929 28 59973 10 59990 77 60164 49 60246 75 60329 4 60419 50 60501 75 60585 6 60673 52 60753 77 60841 7 60884 4 60929 52 61008 77 61096 9 61139 6 61184 52 61251 7 61263 76 61351 18 61395 7 61440 52 61507 88 61607 20 61651 7 61696 51 61763 88 61862 27 61907 7 61952 51 62019 88 62117 28 62164 6 62208 50 62275 88 62373 28 62421 4 62464 49 62531 88 62628 29 62720 48 62788 87 62884 29 62976 47 63045 86 63139 29 63232 47 63301 86 63395 29 63488 46 63558 85 63651 29 63744 45 63816 82 63907 30 64000 45 64073 81 64163 30 64256 43 64329 13 64346 63 64420 28 64512 43 64579 19 64603 61 64677 27 64768 41 64828 26 64861 58 64939 20 65024 39 65083 26 65117 58 65195 20 65280 37 65338 27 65375 45 65423 7 65451 20 65511 2 65526 3
927691,0 3642 3644 251 3903 248 4161 246 4418 245 4675 243 4932 242 5188 241 5444 240 5700 19 5723 214 5956 17 5982 2 5985 207 6212 15 6241 206 6469 13 6494 1 6498 205 6725 12 6750 1 6755 204 7011 204 7268 202 7483 1 7524 202 7781 200 8037 200 8293 199 8549 198 8805 198 9061 198 9317 198 9574 197 9830 197 10085 199 10341 200 10597 200 10853 201 11109 202 11365 204 11621 9 11635 190 11877 9 11890 193 12106 3 12133 206 12360 5 12389 206 12617 3 12645 207 12891 1 12901 207 13144 6 13155 210 13399 222 13625 4 13653 225 13879 8 13907 239 14155 248 14409 19253 33663 44 33709 206 33920 41 33965 205 34176 27 34207 8 34223 10 34242 183 34432 26 34465 4 34481 7 34499 182 34689 8 34698 14 34740 1 34755 182 34945 6 34955 7 34965 2 35011 182 35203 2 35268 180 35525 178 35781 178 36037 173 36291 174 36503 10 36547 173 36758 13 36800 85 36886 89 37014 15 37055 83 37145 86 37271 14 37310 83 37401 85 37527 16 37566 82 37659 56 37722 19 37787 14 37821 83 37915 56 37980 7 37989 7 38044 17 38077 84 38171 56 38237 4 38301 17 38333 84 38427 56 38558 17 38589 88 38683 56 38815 16 38845 90 38939 55 39072 15 39101 148 39330 14 39357 148 39586 15 39613 147 39843 14 39870 145 40099 14 40126 145 40357 170 40613 170 40869 170 41125 128 41257 38 41381 127 41511 41 41637 126 41767 42 41891 128 42023 42 42146 178 42400 181 42655 184 42909 186 43164 189 43419 190 43674 193 43928 195 44183 198 44436 201 44688 207 44941 212 45196 215 45416 2 45450 218 45671 3 45696 235 45949 238 46204 241 46451 4 46458 11370 57832 7 57846 237 58089 5 58103 234 58360 231 58617 229 58873 228 59129 227 59385 227 59641 228 59898 227 60154 229 60411 229 60667 231 60923 232 61180 232 61439 228 61695 228 61952 227 62208 226 62464 226 62720 225 62976 225 63232 224 63488 224 63744 223 64000 222 64256 221 64512 221 64768 220 65024 219 65280 219
933048,58 12 135 45 203 7 314 13 391 45 458 8 570 13 646 47 714 8 827 12 901 48 970 8 1083 12 1157 48 1226 7 1341 10 1411 51 1481 8 1597 10 1667 51 1738 7 1855 6 1921 54 1996 1 2112 4 2177 54 2433 54 2689 53 2945 43 2989 8 3201 40 3247 3 3457 23 3483 11 3713 23 3740 9 3969 24 3997 7 4226 23 4254 5 4482 23 4511 3 4739 22 4995 23 5251 24 5507 25 5763 26 6021 27 6051 2 6277 28 6306 3 6535 31 6793 29 7052 25 7309 22 7567 15 7823 14 8079 12 8335 12 8591 10 8847 10 9079 3 9109 3 9334 3 9589 3 9846 1 62337 2 62591 5 62615 12 62845 8 62869 16 63099 10 63124 18 63353 12 63378 21 63608 12 63633 22 63863 13 63889 22 64119 12 64145 23 64375 12 64401 24 64632 10 64647 3 64658 23 64889 7 64902 5 64915 23 65145 6 65158 5 65171 23 65414 5 65427 22
938416,21 13 277 12 534 9 791 7 1049 3 12287 1 12543 1 12799 1 13055 1 13567 1 13823 1 14079 1 14334 2 14590 2 14845 3 15087 6 15100 4 15341 11 15355 5 15596 13 15611 5 15850 22 16105 23 16360 24 16615 25 16871 25 17127 25 17384 24 17640 24 17897 23 18153 23 18409 23 18659 29 18911 33 19167 33 19422 34 19677 35 19928 40 20183 41 20437 43 20692 44 20947 45 21203 45 21459 45 21715 45 21971 45 22227 45 22483 45 22740 44 22995 45 23251 45 23507 45 23763 45 24019 45 24275 45 24532 44 24788 44 25045 42 25301 42 25557 40 25813 39 26069 39 26325 39 26533 4 26579 42 26789 5 26835 42 27043 8 27090 46 27299 8 27345 47 27553 10 27599 49 27809 10 27855 49 28065 10 28110 50 28322 9 28366 50 28579 8 28622 50 28835 8 28879 49 29092 5 29136 48 29393 47 29649 46 29905 46 30161 43 30416 41 30671 40 30927 40 31156 4 31181 42 31407 11 31437 42 31661 16 31691 44 31742 2 31917 18 31946 44 31997 3 32171 21 32201 45 32252 4 32427 22 32456 46 32507 5 32680 25 32712 45 32763 5 32935 26 32968 45 33019 5 33187 31 33225 44 33274 6 33443 32 33481 45 33529 7 33699 33 33739 53 33955 34 33995 53 34209 37 34251 37 34291 13 34462 40 34507 36 34547 13 34717 42 34763 36 34804 12 34973 42 35019 36 35060 12 35229 42 35274 37 35317 11 35485 42 35529 40 35572 12 35741 85 35828 12 35997 85 36083 13 36253 99 36510 98 36767 5 36776 88 37024 4 37032 88 37281 2 37288 88 37522 5 37536 6 37543 89 37777 11 37789 90 37883 5 38033 102 38139 5 38288 104 38396 4 38543 106 38652 4 38797 109 38907 5 39053 115 39308 116 39564 116 39819 117 40075 117 40331 117 40587 117 40843 117 41099 117 41358 10 41373 99 41631 97 41887 97 42144 96 42400 96 42656 96 42912 41 42959 49 43167 21 43190 19 43215 49 43423 20 43447 18 43477 4 43487 33 43677 22 43703 18 43735 1 43743 21 43765 11 43933 22 43959 18 44002 17 44023 9 44188 23 44216 16 44259 4 44268 6 44279 9 44443 24 44473 13 44514 5 44523 7 44535 9 44699 25 44730 11 44770 5 44778 8 44790 10 44955 25 44989 5 45025 6 45032 24 45211 25 45282 30 45467 26 45538 30 45723 26 45795 29 45978 26 46009 4 46025 8 46053 27 46233 26 46265 4 46280 10 46310 26 46490 25 46534 13 46566 26 46746 25 46789 15 46822 26 47002 24 47045 17 47077 27 47258 24 47300 23 47333 27 47515 23 47555 31 47589 27 47771 24 47811 61 48027 24 48067 61 48284 23 48323 61 48541 22 48579 61 48797 22 48835 61 49053 22 49091 61 49309 22 49346 62 49565 22 49601 63 49821 22 49856 64 50077 10 50094 4 50109 67 50333 10 50365 67 50591 6 50619 69 50848 5 50875 69 51131 69 51387 69 51642 70 51898 70 52151 40 52193 31 52406 41 52450 30 52614 13 52662 41 52707 29 52869 14 52917 41 52964 28 53123 17 53173 40 53221 27 53379 17 53429 40 53477 27 53633 20 53685 39 53735 25 53889 21 53941 39 53992 20 54014 2 54144 23 54197 37 54249 18 54271 1 54400 23 54453 35 54506 17 54527 1 54655 25 54710 28 54764 15 54911 25 54967 26 55021 14 55165 28 55206 3 55225 16 55278 14 55294 2 55419 36 55461 6 55481 15 55534 18 55671 42 55715 8 55739 12 55790 18 55927 42 55970 10 55995 12 56045 19 56180 58 56252 11 56299 21 56435 60 56511 8 56553 23 56691 62 56756 9 56769 5 56808 24 56947 74 57027 2 57064 24 57202 75 57319 25 57458 75 57575 25 57713 76 57831 25 57969 76 58087 25 58224 81 58306 4 58343 25 58480 88 58598 26 58735 91 58854 26 58991 92 59109 27 59197 4 59247 92 59365 27 59451 7 59503 92 59621 27 59705 10 59760 92 59876 28 59960 11 59978 2 60017 92 60132 28 60214 13 60231 6 60275 90 60389 27 60418 7 60469 14 60487 7 60531 90 60645 37 60725 14 60743 8 60788 89 60901 25 60928 11 60982 13 60998 8 61045 88 61157 23 61184 14 61239 22 61301 88 61416 17 61440 17 61495 22 61557 88 61669 14 61696 18 61753 19 61813 85 61924 12 61952 19 62009 18 62069 84 62180 11 62208 20 62267 16 62325 81 62435 12 62464 21 62523 16 62581 78 62690 13 62720 21 62781 15 62837 74 62945 14 62976 21 63037 15 63093 73 63201 14 63232 23 63295 13 63349 71 63457 14 63488 23 63551 13 63606 70 63713 15 63744 23 63807 14 63864 7 63877 54 63970 5 63979 7 64000 23 64064 13 64121 6 64133 52 64227 4 64236 7 64256 24 64291 7 64319 15 64377 5 64390 49 64472 3 64484 1 64493 6 64512 28 64545 10 64574 16 64633 4 64646 47 64726 6 64749 6 64768 44 64829 18 64888 6 64903 45 64980 9 65007 4 65024 44 65085 18 65143 7 65159 44 65236 9 65280 44 65341 18 65382 3 65398 9 65417 42 65492 9
942725,0 10 15 20 85 12 155 42 256 8 271 20 339 14 411 41 512 8 526 21 595 14 667 41 768 7 782 21 851 13 923 40 1024 6 1038 21 1106 14 1179 40 1280 3 1293 22 1362 13 1435 40 1549 22 1618 12 1692 39 1805 22 1875 10 1949 36 2061 22 2131 9 2205 36 2318 20 2389 5 2463 34 2575 18 2645 3 2721 32 2831 17 2978 31 3088 16 3235 29 3345 15 3425 5 3492 27 3523 5 3601 15 3680 7 3748 27 3778 7 3858 14 3935 9 4005 4 4010 31 4065 10 4078 3 4114 14 4190 10 4266 32 4319 18 4371 14 4446 10 4511 6 4523 35 4566 31 4627 14 4702 10 4767 6 4779 76 4883 14 4958 11 5022 7 5036 77 5139 15 5214 11 5279 6 5293 76 5395 16 5471 12 5536 5 5561 65 5651 16 5727 11 5793 2 5817 66 5907 16 6073 67 6163 16 6329 68 6418 16 6584 72 6673 16 6839 73 6928 15 7094 74 7183 14 7349 75 7439 11 7603 77 7695 12 7859 77 7951 13 8021 5 8034 5 8044 5 8107 2 8113 79 8207 14 8275 8 8288 19 8361 6 8368 80 8464 13 8529 36 8617 87 8721 12 8784 39 8828 1 8873 87 8977 12 9039 50 9129 87 9233 13 9295 51 9385 87 9489 13 9551 54 9641 87 9745 14 9807 54 9897 87 10002 13 10063 12 10076 47 10156 84 10259 12 10319 12 10333 48 10418 78 10517 9 10575 11 10589 48 10676 76 10774 8 10831 10 10845 48 10933 75 11031 8 11089 8 11101 48 11189 75 11286 10 11329 8 11346 6 11357 48 11446 74 11541 16 11567 6 11579 17 11603 4 11614 47 11702 74 11797 16 11822 7 11834 19 11859 4 11870 47 11959 73 12053 17 12077 34 12126 45 12215 73 12309 18 12332 36 12382 45 12471 73 12563 21 12586 41 12638 43 12729 71 12819 66 12893 43 12985 8 12995 61 13074 67 13149 41 13242 5 13253 59 13329 69 13405 41 13499 3 13511 57 13585 70 13661 40 13768 56 13840 71 13917 40 14025 55 14094 73 14173 40 14281 55 14349 74 14429 39 14537 55 14605 74 14685 38 14795 56 14861 73 14941 38 15051 57 15116 72 15196 39 15308 57 15372 70 15453 37 15565 58 15627 67 15709 36 15823 127 15965 35 16081 124 16221 34 16339 122 16477 12 16491 18 16596 121 16734 10 16751 14 16852 121 16990 10 17009 10 17109 120 17248 7 17268 5 17365 120 17505 5 17525 3 17622 119 17893 91 17988 10 18150 88 18245 12 18407 86 18502 13 18590 4 18664 85 18763 9 18844 7 18921 84 19019 10 19100 7 19178 83 19276 9 19312 3 19317 2 19355 9 19435 14 19456 61 19532 9 19567 11 19611 10 19691 13 19712 60 19788 9 19823 16 19867 10 19945 9 19968 59 20045 8 20079 17 20123 11 20201 7 20224 58 20300 9 20335 19 20378 13 20457 8 20480 21 20503 34 20556 9 20591 20 20633 14 20712 9 20736 21 20761 32 20809 12 20847 21 20889 14 20959 4 20968 9 20992 19 21017 32 21064 13 21103 22 21145 14 21215 4 21225 7 21248 18 21274 30 21319 14 21359 23 21402 13 21470 6 21483 2 21504 18 21531 28 21575 14 21615 24 21658 13 21726 6 21760 17 21788 25 21829 18 21871 26 21915 10 21982 7 22016 17 22045 24 22085 10 22099 4 22126 27 22171 9 22238 7 22272 17 22302 22 22342 6 22377 32 22429 5 22494 9 22529 15 22559 20 22598 5 22632 33 22751 9 22789 11 22817 10 22831 4 22872 4 22887 34 23007 9 23046 9 23077 4 23088 1 23127 7 23143 33 23265 7 23306 4 23383 10 23399 32 23523 4 23639 10 23656 30 23893 13 23912 28 24149 13 24169 26 24260 7 24404 13 24425 26 24513 13 24659 14 24681 26 24769 15 24915 14 24937 26 25024 17 25123 8 25171 13 25193 26 25280 17 25377 12 25427 11 25449 25 25537 16 25633 12 25683 9 25705 25 25793 16 25889 12 25941 4 25961 24 26051 15 26145 12 26217 24 26309 13 26402 11 26473 23 26566 12 26658 11 26729 22 26823 10 26915 10 26984 20 27081 8 27171 9 27240 17 27337 7 27495 16 27641 2 27750 17 27895 4 27982 11 28004 21 28150 7 28238 13 28259 22 28405 8 28493 44 28542 1 28661 8 28749 44 28797 5 28917 9 29005 54 29077 6 29173 10 29261 56 29331 10 29428 11 29518 57 29585 14 29684 11 29774 58 29840 15 29940 11 30031 58 30095 16 30195 13 30287 60 30350 17 30451 13 30544 79 30707 13 30800 79 30963 13 31056 78 31219 13 31312 78 31475 13 31568 40 31613 32 31732 12 31824 39 31871 30 31989 11 32080 39 32129 26 32245 11 32336 39 32385 26 32502 10 32593 34 32641 26 32759 9 32849 33 32897 26 33017 5 33105 32 33153 25 33362 30 33409 25 33619 26 33666 24 33877 23 33922 24 34135 19 34178 24 34392 17 34434 25 34649 16 34690 25 34815 1 34906 14 34945 26 35070 2 35163 12 35201 26 35325 3 35419 11 35457 26 35581 3 35675 10 35713 26 35837 3 35932 9 35969 27 36093 3 36122 3 36189 8 36227 26 36342 10 36377 5 36445 8 36483 26 36597 11 36632 7 36702 5 36739 26 36851 13 36887 8 36960 2 36993 29 37105 15 37143 9 37245 34 37359 17 37399 9 37499 36 37539 10 37614 18 37656 7 37754 37 37793 16 37866 22 37913 6 38010 37 38048 17 38121 23 38265 58 38375 25 38521 59 38631 25 38777 60 38887 25 39032 61 39142 26 39287 63 39398 26 39538 67 39653 27 39792 69 39909 27 40047 45 40093 22 40165 34 40303 44 40349 20 40420 37 40559 44 40606 19 40676 39 40742 15 40814 43 40863 18 40932 39 40997 18 41070 41 41120 17 41189 39 41253 20 41326 39 41380 13 41399 6 41445 40 41509 19 41582 39 41635 14 41653 13 41701 41 41764 19 41839 36 41888 39 41957 42 42020 19 42097 33 42143 42 42213 44 42276 19 42360 27 42398 45 42466 48 42532 19 42618 25 42653 46 42721 50 42789 16 42876 23 42909 46 42977 50 43045 15 43134 7 43145 10 43165 46 43233 50 43301 12 43403 8 43420 47 43489 50 43557 12 43659 8 43675 48 43745 50 43813 11 43916 7 43929 49 43988 1 44003 6 44015 1 44025 25 44070 10 44172 7 44185 48 44243 3 44260 5 44282 25 44327 9 44430 3 44439 51 44498 5 44541 22 44583 8 44695 52 44753 8 44798 21 44840 7 44949 72 45055 20 45097 6 45204 74 45312 21 45459 77 45568 21 45607 3 45715 78 45824 23 45861 7 45971 80 46080 23 46117 7 46228 79 46336 24 46372 9 46485 80 46592 24 46628 9 46741 80 46848 24 46883 11 46999 79 47104 24 47135 16 47261 74 47360 48 47520 72 47616 49 47776 73 47872 24 47897 29 48031 74 48128 24 48153 30 48287 75 48384 55 48543 77 48640 56 48799 13 48813 64 48896 56 49055 10 49071 8 49087 48 49152 56 49311 9 49329 4 49343 48 49408 57 49567 7 49601 48 49664 57 49824 6 49857 48 49920 14 49942 35 50114 49 50176 13 50199 34 50370 51 50432 13 50455 35 50625 54 50688 13 50710 36 50881 56 50944 13 50965 37 51135 59 51200 13 51220 38 51391 60 51456 12 51475 38 51526 1 51646 61 51712 11 51730 38 51782 1 51901 63 51968 6 51985 37 52156 64 52224 4 52241 36 52333 2 52411 65 52480 5 52496 37 52551 4 52584 10 52667 64 52736 6 52752 37 52807 6 52819 6 52839 12 52923 64 52992 7 53008 36 53062 23 53094 15 53180 62 53248 7 53265 35 53311 3 53317 26 53349 17 53437 61 53504 7 53522 17 53545 10 53566 35 53604 19 53694 59 53760 7 53779 15 53801 10 53822 57 53950 59 54016 6 54039 8 54077 59 54208 57 54272 5 54333 59 54466 55 54528 5 54589 63 54726 51 54784 5 54845 65 54983 50 55040 5 55101 67 55241 48 55296 5 55358 67 55497 48 55552 5 55615 67 55757 45 55808 5 55872 67 56015 7 56024 35 56064 5 56127 68 56280 36 56320 5 56383 68 56536 36 56576 5 56639 68 56791 38 56832 4 56895 68 57047 38 57088 3 57151 68 57301 40 57344 1 57407 67 57557 39 57663 66 57811 41 57919 65 58067 40 58173 54 58231 8 58323 40 58429 54 58487 8 58579 39 58684 54 58743 8 58834 39 58940 54 58999 9 59091 38 59195 55 59255 11 59347 38 59451 54 59511 12 59603 37 59693 5 59707 54 59767 13 59860 35 59948 7 59963 54 60022 15 60117 33 60203 8 60218 54 60278 16 60374 26 60458 9 60473 54 60534 17 60631 23 60713 12 60727 55 60790 18 60888 6 60899 9 60967 71 61046 19 61069 2 61155 9 61223 70 61301 28 61385 5 61412 7 61478 71 61557 28 61639 9 61669 5 61733 71 61813 29 61894 12 61927 1 61943 2 61989 70 62069 30 62149 14 62198 5 62245 70 62326 29 62405 15 62455 4 62501 70 62583 28 62661 15 62713 2 62720 3 62757 68 62840 27 62889 6 62917 16 62976 4 63013 67 63097 26 63145 8 63173 16 63231 6 63270 62 63355 24 63400 9 63429 16 63487 6 63527 59 63611 24 63655 11 63686 15 63744 6 63787 49 63869 23 63909 13 63943 13 64000 6 64045 46 64125 24 64165 14 64199 12 64256 6 64303 42 64382 23 64419 16 64456 10 64512 5 64561 40 64639 22 64667 24 64713 8 64768 5 64819 37 64895 22 64922 25 65024 5 65076 36 65152 21 65177 25 65280 5 65333 35 65409 20 65433 24
944809, 
962767,21 16 130 21 189 67 278 15 385 21 446 66 534 15 641 21 702 66 791 14 897 19 959 65 1047 13 1153 18 1215 65 1409 15 1472 64 1665 14 1729 63 1923 10 1987 61 2181 6 2236 1 2244 60 2489 7 2501 59 2745 8 2757 62 3001 8 3013 63 3257 8 3270 63 3515 6 3526 63 3771 5 3782 63 4039 62 4295 62 4550 63 4804 64 5058 65 5314 62 5569 63 5826 62 6082 62 6338 62 6501 8 6593 63 6753 12 6849 63 7005 17 7105 63 7259 19 7361 63 7512 23 7617 63 7766 25 7873 63 8019 29 8129 63 8273 31 8385 63 8527 34 8641 63 8783 35 8897 63 9038 37 9154 62 9294 37 9410 62 9550 37 9666 62 9805 38 9923 61 10061 38 10179 61 10317 37 10435 61 10573 37 10691 61 10829 37 10948 60 11084 37 11205 59 11340 37 11461 59 11595 38 11717 59 11851 37 11973 59 12107 36 12229 59 12363 36 12485 10 12498 46 12619 6 12632 21 12742 9 12755 45 12877 2 12888 21 12999 8 13012 44 13145 20 13258 3 13270 42 13401 19 13519 1 13527 41 13659 4 13666 9 13774 3 13785 39 13915 1 13923 8 14030 3 14041 39 14286 3 14299 37 14541 4 14555 37 14813 35 15069 35 15327 33 15584 29 15843 20 16100 18 16359 2 16365 9 16623 7 16881 2 16995 2 17002 5 17011 1 17251 20 17507 21 17763 22 18019 22 18275 22 18531 22 18644 3 18788 21 18899 5 19045 19 19154 7 19301 18 19409 8 19558 16 19665 8 19817 12 19885 4 19920 9 20074 10 20141 4 20176 10 20333 5 20397 4 20431 12 20653 5 20686 13 20910 3 20941 16 21195 19 21441 31 21697 32 21953 32 22208 34 22462 37 22699 2 22717 39 22953 4 22970 42 23209 5 23225 44 23464 6 23480 45 23719 7 23736 45 23973 9 23991 46 24228 10 24247 46 24481 13 24503 46 24736 14 24759 46 24865 4 24871 4 24991 15 25015 46 25121 12 25246 17 25272 46 25376 14 25406 3 25501 19 25537 38 25632 15 25661 4 25757 20 25800 31 25888 16 25917 5 26013 20 26059 29 26144 16 26173 6 26269 21 26315 29 26399 17 26429 12 26525 22 26572 29 26655 17 26685 19 26782 21 26829 28 26911 17 26941 22 27039 20 27085 28 27167 17 27196 23 27295 20 27342 27 27422 17 27451 27 27553 17 27599 26 27678 17 27707 28 27811 14 27855 26 27934 17 27963 29 28069 9 28113 24 28190 17 28219 30 28369 24 28447 16 28475 30 28627 22 28703 16 28731 31 28883 21 28959 16 28987 32 29141 18 29214 18 29240 35 29397 18 29469 20 29492 39 29568 5 29653 16 29725 62 29823 6 29909 10 29921 3 29981 62 30076 10 30165 8 30236 9 30250 49 30331 12 30420 9 30493 8 30507 48 30587 12 30636 1 30677 6 30749 8 30763 48 30843 12 30891 5 30935 2 31006 7 31019 34 31058 8 31099 13 31137 6 31146 7 31263 6 31275 34 31315 7 31356 12 31392 17 31531 34 31573 4 31613 10 31646 19 31787 34 31829 3 31869 10 31899 22 32044 33 32129 4 32153 26 32181 6 32300 33 32409 35 32557 32 32664 37 32813 32 32920 39 33061 2 33068 33 33177 41 33314 43 33435 40 33569 39 33611 1 33693 38 33824 38 33949 38 34079 38 34205 38 34334 39 34461 38 34589 40 34717 38 34844 42 34973 38 35098 45 35227 40 35353 46 35483 40 35606 50 35737 43 35861 51 35992 44 36118 51 36247 45 36374 51 36503 45 36629 52 36759 44 36885 52 37014 45 37141 52 37269 44 37397 52 37525 44 37631 1 37645 4 37654 51 37781 42 37885 3 37900 7 37910 51 38037 42 38140 4 38155 10 38167 50 38293 41 38396 4 38410 11 38423 50 38549 40 38651 5 38666 23 38694 34 38805 40 38907 5 38922 22 38951 32 38999 6 39060 41 39163 5 39178 20 39209 30 39251 12 39270 4 39315 42 39418 6 39434 20 39467 28 39506 13 39525 6 39571 42 39673 7 39690 17 39724 27 39761 14 39779 18 39825 44 39929 7 39946 16 39981 25 40017 15 40035 20 40081 44 40185 7 40203 14 40238 15 40258 3 40272 41 40337 44 40440 8 40461 11 40495 12 40515 2 40528 43 40593 44 40696 8 40719 6 40754 5 40784 45 40849 46 40952 8 41040 45 41105 46 41208 8 41297 45 41362 47 41465 7 41553 45 41619 45 41721 7 41813 42 41875 44 41978 6 42071 40 42131 44 42235 5 42251 4 42329 37 42389 42 42493 3 42506 5 42586 36 42645 42 42750 2 42762 7 42843 35 42901 42 43017 8 43099 36 43158 41 43272 9 43355 37 43415 40 43529 9 43611 38 43672 9 43682 29 43785 12 43867 40 43929 4 43940 28 44042 12 44123 40 44197 27 44297 13 44343 2 44378 41 44454 25 44552 13 44593 10 44607 3 44634 42 44710 25 44808 13 44827 1 44847 22 44890 43 44967 22 45063 14 45081 6 45101 25 45146 44 45223 21 45319 13 45335 10 45353 30 45401 46 45481 16 45575 12 45591 11 45607 32 45657 48 45739 3 45743 10 45831 12 45847 49 45913 50 46001 7 46087 12 46103 49 46169 50 46257 6 46343 11 46358 51 46425 50 46569 4 46599 9 46613 52 46681 50 46820 10 46855 9 46869 52 46936 51 47071 20 47110 11 47125 52 47191 52 47327 22 47365 14 47382 51 47446 53 47581 27 47621 14 47638 51 47701 54 47836 29 47877 16 47894 50 47957 53 48091 32 48133 16 48151 49 48213 53 48347 32 48388 67 48468 51 48603 33 48644 67 48724 50 48859 34 48899 68 48979 51 49115 34 49155 67 49235 51 49370 35 49410 68 49491 51 49625 37 49667 67 49747 51 49882 35 49923 68 50003 50 50139 33 50179 68 50259 50 50395 32 50437 65 50515 48 50652 30 50694 64 50772 44 50909 29 50956 52 51009 4 51028 43 51167 26 51213 49 51284 42 51424 25 51470 44 51539 41 51680 25 51727 42 51795 40 51936 25 51991 32 52051 39 52191 26 52248 31 52307 38 52447 26 52506 19 52528 5 52563 38 52605 6 52702 27 52764 17 52819 38 52859 8 52958 27 53023 12 53075 49 53213 27 53279 12 53306 1 53331 49 53469 26 53537 6 53560 5 53589 46 53725 24 53794 3 53815 6 53845 46 53953 1 53981 23 54071 7 54103 44 54208 4 54236 23 54327 7 54359 44 54463 5 54492 21 54582 9 54617 42 54721 2 54748 19 54837 10 54873 42 55004 17 55093 12 55137 34 55260 16 55348 13 55394 33 55517 14 55603 15 55651 31 55773 13 55858 16 55907 31 56029 13 56113 16 56163 30 56287 10 56368 16 56419 28 56545 8 56623 14 56675 27 56805 4 56879 4 56885 8 56932 25 57063 1 57135 3 57199 14 57391 2 57457 11 57648 1 57717 5 58279 6 58529 13 58679 4 58782 19 58934 6 59037 22 59136 3 59189 8 59292 25 59392 4 59445 9 59548 25 59648 5 59701 10 59803 28 59904 6 59957 11 60059 28 60160 15 60213 12 60315 30 60347 8 60416 15 60469 13 60488 2 60571 41 60672 16 60725 12 60827 42 60928 16 60981 12 61082 43 61184 17 61237 12 61338 44 61440 16 61493 12 61594 45 61696 15 61749 11 61850 45 61952 15 62006 10 62105 46 62208 15 62259 13 62360 47 62464 14 62514 14 62615 48 62720 13 62770 14 62870 48 62976 13 63027 13 63126 47 63232 12 63283 14 63382 47 63488 12 63539 14 63638 46 63744 13 63795 14 63895 44 64000 13 64052 13 64151 43 64256 13 64310 10 64407 42 64512 13 64572 3 64663 42 64768 13 64918 42 65024 12 65174 41 65280 10 65429 42
966384,0 46 86 15 119 11 165 20 193 9 245 4 256 47 343 14 376 9 421 20 449 10 501 4 512 47 599 13 632 7 678 19 706 11 756 5 768 49 855 12 891 2 934 17 961 13 1010 7 1024 51 1112 9 1191 15 1217 13 1266 7 1280 53 1448 5 1472 15 1522 6 1536 53 1705 4 1727 17 1779 5 1792 55 1983 18 2035 2 2048 57 2196 4 2239 19 2291 2 2304 59 2493 24 2560 59 2623 4 2749 26 2816 70 3004 28 3072 71 3260 29 3328 11 3341 60 3515 30 3584 13 3598 60 3771 30 3840 14 3857 60 4026 33 4096 14 4115 58 4282 33 4337 4 4352 80 4537 35 4591 10 4608 81 4792 37 4846 12 4864 83 5047 38 5101 104 5303 39 5356 105 5558 40 5611 107 5814 40 5866 108 6062 1 6071 40 6121 109 6313 8 6327 40 6376 111 6500 5 6566 57 6632 112 6747 14 6820 59 6888 131 7075 22 7101 35 7145 130 7331 22 7359 33 7401 130 7587 22 7619 30 7659 128 7843 22 7877 28 7915 128 8051 4 8099 22 8133 28 8172 127 8307 4 8355 22 8390 27 8429 127 8562 6 8609 23 8647 26 8691 122 8818 6 8865 23 8904 25 8949 120 9074 7 9119 24 9162 22 9207 118 9329 8 9375 24 9419 20 9463 119 9585 9 9628 27 9677 13 9719 132 9883 28 9933 12 9975 132 10134 33 10189 11 10240 123 10389 33 10445 11 10496 123 10643 34 10700 11 10721 6 10752 123 10898 35 10956 11 10977 7 11008 123 11151 38 11211 12 11233 8 11264 123 11406 39 11467 12 11488 9 11520 122 11661 40 11721 12 11743 11 11776 122 11916 41 11977 12 11993 3 11997 14 12032 122 12173 40 12235 33 12288 122 12429 40 12491 34 12544 122 12685 39 12749 34 12791 1 12800 110 12911 11 12941 39 13007 34 13045 4 13056 109 13169 9 13197 39 13265 156 13426 7 13453 40 13521 155 13708 41 13777 154 13964 41 14033 150 14220 42 14289 47 14339 98 14476 42 14545 47 14597 81 14679 13 14732 42 14801 47 14854 79 14937 10 14988 41 15057 47 15111 76 15243 42 15313 47 15367 76 15500 40 15569 47 15623 72 15757 39 15825 47 15880 69 16013 23 16037 14 16081 47 16138 66 16270 19 16295 12 16338 46 16395 64 16467 1 16527 11 16553 10 16594 46 16653 20 16675 40 16721 7 16784 7 16816 3 16851 38 16891 5 16910 17 16931 40 16975 10 17041 2 17073 1 17107 24 17135 9 17147 5 17167 14 17187 56 17364 23 17395 4 17405 3 17423 14 17444 55 17621 22 17651 5 17679 14 17701 60 17878 24 17907 6 17934 14 17957 18 17979 8 17988 30 18135 24 18163 6 18189 16 18214 16 18237 38 18405 13 18419 6 18445 16 18470 15 18493 38 18661 13 18675 6 18699 18 18727 13 18750 37 18917 20 18954 20 18983 12 19005 38 19173 20 19209 22 19239 10 19261 38 19428 21 19465 22 19495 8 19517 38 19684 21 19721 23 19773 36 19939 19 19978 22 20029 34 20195 18 20235 18 20285 34 20327 4 20450 19 20493 16 20542 33 20581 7 20706 19 20753 10 20799 32 20836 10 20962 21 21056 31 21091 12 21218 22 21314 47 21475 23 21499 5 21571 46 21732 28 21833 40 21991 25 22090 39 22249 23 22346 39 22509 19 22601 40 22663 5 22691 9 22766 18 22858 38 22909 4 22914 12 22937 23 23000 3 23023 17 23114 37 23165 18 23192 25 23255 4 23279 17 23371 36 23421 19 23447 28 23511 4 23535 17 23627 35 23677 19 23703 28 23767 4 23791 17 23885 18 23905 11 23933 20 23959 30 24023 4 24046 18 24142 16 24162 9 24189 20 24215 30 24281 1 24301 19 24399 14 24421 5 24445 20 24471 32 24535 1 24548 3 24557 19 24655 14 24677 4 24700 22 24727 33 24791 2 24803 5 24812 20 24912 11 24950 29 24983 34 25046 3 25057 8 25067 21 25169 10 25205 30 25241 32 25302 3 25313 8 25323 21 25427 7 25461 29 25499 30 25557 7 25565 35 25684 5 25716 31 25755 30 25813 21 25835 21 25971 32 26013 28 26069 20 26091 21 26227 33 26270 26 26325 20 26347 21 26411 4 26482 35 26525 27 26582 42 26665 6 26737 36 26781 27 26839 3 26845 35 26919 10 26992 38 27037 26 27102 34 27175 12 27247 39 27293 27 27358 34 27431 16 27502 40 27548 28 27614 34 27686 19 27757 41 27803 29 27870 34 27942 21 27981 4 28013 40 28059 28 28126 34 28197 22 28235 7 28269 40 28315 28 28369 2 28382 34 28452 25 28489 10 28525 40 28570 29 28624 5 28638 35 28707 27 28744 11 28781 41 28824 31 28879 7 28894 37 28962 49 29037 73 29134 8 29150 38 29217 50 29292 74 29390 8 29406 41 29458 7 29472 53 29547 76 29645 10 29663 42 29713 8 29727 56 29803 76 29901 10 29919 44 29968 11 29982 57 30059 78 30156 11 30178 42 30223 12 30238 58 30315 80 30411 12 30435 42 30479 73 30571 85 30667 12 30693 40 30735 73 30827 35 30863 52 30923 12 30949 40 30990 75 31084 31 31120 53 31179 12 31205 40 31246 75 31340 30 31376 53 31435 11 31461 116 31597 24 31633 53 31691 10 31717 116 31853 24 31890 53 31947 10 31973 40 32014 77 32109 23 32147 52 32203 10 32229 40 32271 76 32365 22 32404 51 32459 10 32486 39 32529 74 32621 20 32661 50 32715 8 32741 40 32785 74 32877 20 32917 50 32972 7 32996 39 33052 63 33134 17 33173 50 33251 40 33308 63 33390 17 33429 50 33507 40 33563 38 33604 23 33646 17 33686 49 33763 41 33819 37 33861 23 33902 17 33942 48 34019 41 34075 37 34120 20 34157 20 34182 1 34199 46 34276 41 34331 37 34385 11 34413 27 34456 43 34533 40 34587 37 34642 12 34667 30 34713 39 34790 39 34843 37 34898 13 34923 30 34969 38 35047 4 35053 32 35099 36 35154 16 35178 31 35226 36 35310 30 35355 36 35409 18 35433 32 35483 34 35567 28 35613 34 35665 58 35741 28 35834 3 35840 11 35869 33 35921 58 35997 24 36097 8 36131 26 36175 60 36253 21 36354 7 36387 26 36430 62 36510 19 36645 24 36683 74 36767 18 36839 2 36901 23 36937 77 37024 16 37094 5 37164 15 37191 80 37285 10 37347 8 37421 13 37446 83 37531 2 37541 8 37603 9 37681 4 37701 34 37739 53 37799 5 37857 12 37957 34 37996 29 38026 23 38056 3 38113 12 38213 34 38255 24 38282 24 38368 13 38468 36 38512 21 38538 25 38623 14 38723 37 38772 7 38794 25 38879 14 38979 37 39050 26 39135 15 39175 6 39235 37 39306 26 39392 14 39430 7 39490 38 39562 27 39648 14 39685 10 39745 38 39818 27 39905 12 39941 10 40000 28 40031 7 40074 27 40161 12 40195 15 40256 25 40331 27 40418 11 40449 21 40512 25 40591 23 40675 10 40704 25 40768 24 40850 20 40932 9 40960 25 41025 22 41107 18 41189 6 41216 26 41282 19 41367 14 41472 26 41539 18 41569 4 41624 12 41728 27 41797 14 41821 10 41844 6 41978 1 41984 27 42053 14 42077 11 42099 8 42230 8 42240 27 42313 9 42331 14 42355 9 42482 41 42571 6 42586 15 42610 10 42737 42 42830 1 42841 16 42865 11 42939 4 42991 44 43097 16 43121 11 43194 7 43246 45 43353 16 43376 11 43449 10 43465 6 43501 46 43608 17 43632 11 43703 12 43719 8 43757 46 43864 17 43888 9 43957 13 43973 12 44011 47 44119 19 44144 7 44213 13 44229 12 44267 46 44375 19 44401 5 44467 30 44521 48 44631 19 44657 4 44723 30 44776 47 44887 19 44913 4 44979 30 45031 48 45143 19 45167 5 45234 31 45286 47 45399 20 45421 6 45489 30 45541 47 45655 20 45676 7 45745 30 45778 3 45796 47 45912 28 45947 8 46001 40 46050 49 46168 4 46175 21 46203 10 46256 41 46305 50 46433 19 46457 15 46513 41 46561 20 46586 1 46592 18 46689 19 46713 18 46769 41 46816 21 46848 17 46946 17 46969 21 47025 26 47054 13 47071 22 47104 17 47203 16 47225 22 47283 23 47311 11 47327 22 47360 10 47373 1 47465 7 47481 24 47541 20 47568 9 47582 24 47616 9 47722 5 47737 24 47798 19 47825 8 47838 24 47872 9 47993 24 48055 16 48081 7 48093 24 48128 8 48249 25 48311 16 48338 5 48349 24 48384 8 48505 25 48567 14 48595 3 48605 25 48640 8 48761 26 48825 9 48861 26 48896 8 49016 3 49020 23 49084 1 49117 26 49152 8 49272 3 49276 22 49361 6 49373 26 49408 8 49527 4 49533 21 49616 8 49627 30 49664 8 49784 3 49789 20 49871 43 49920 8 50045 20 50125 46 50176 8 50301 20 50381 25 50407 21 50432 7 50557 20 50635 20 50663 22 50688 7 50813 19 50883 28 50919 22 50944 5 51069 19 51092 7 51137 29 51175 22 51200 5 51325 20 51346 10 51393 29 51431 20 51456 5 51477 2 51581 32 51648 30 51688 15 51712 6 51732 5 51837 33 51904 30 51944 14 51968 7 51987 6 52092 34 52160 30 52201 11 52224 7 52243 7 52347 36 52416 30 52459 8 52480 8 52498 8 52603 36 52672 31 52717 4 52736 8 52754 8 52859 36 52928 31 52992 8 53011 7 53115 36 53185 31 53248 8 53267 7 53371 36 53441 32 53504 7 53525 4 53627 35 53697 20 53721 8 53760 7 53781 4 53883 34 53953 20 53977 8 54016 7 54075 2 54079 2 54139 34 54211 17 54235 5 54272 6 54330 9 54366 7 54395 34 54467 17 54491 5 54528 2 54584 11 54621 10 54652 7 54664 20 54729 10 54748 3 54839 12 54877 11 54910 3 54921 18 54987 8 55095 12 55133 12 55178 15 55351 12 55390 11 55435 14 55607 11 55647 9 55691 12 55863 12 55903 9 55948 10 56120 12 56160 6 56206 6 56377 12 56464 3 56633 13 56742 1 56830 2 56889 13 56992 9 57085 3 57145 14 57247 12 57340 4 57401 14 57502 15 57595 5 57657 14 57757 17 57851 5 57913 14 58013 18 58107 5 58170 13 58269 18 58363 5 58427 11 58524 19 58619 5 58684 9 58779 20 58875 5 58941 7 59035 21 59131 5 59289 24 59387 5 59433 4 59545 24 59643 5 59687 7 59800 24 59900 4 59943 7 60056 24 60156 4 60198 9 60312 25 60413 3 60454 9 60568 25 60669 3 60710 10 60824 31 60927 1 60966 11 61080 33 61183 1 61222 11 61337 35 61478 11 61595 34 61695 1 61733 13 61855 31 61950 2 61989 13 62113 30 62205 3 62245 12 62348 6 62369 31 62460 4 62501 12 62603 8 62626 31 62715 5 62757 11 62853 14 62883 31 62970 6 63013 10 63107 17 63139 31 63225 7 63269 9 63362 19 63398 29 63479 9 63524 10 63617 19 63655 28 63725 19 63777 12 63871 21 63912 27 63979 21 64031 14 64127 21 64169 26 64235 21 64277 25 64381 22 64426 26 64489 23 64533 26 64637 22 64683 25 64744 24 64788 27 64893 20 64939 25 64999 25 65043 28 65149 20 65196 24 65255 25 65299 28 65404 20 65454 22 65510 26
972712,2969 2 3223 4 3478 7 3733 9 3987 12 4243 12 4287 4 4499 12 4544 5 4750 1 4755 12 4801 4 5005 2 5013 7 5057 5 5262 1 5313 6 5569 6 5825 6 6081 5 6337 5 6593 5 6849 4 7105 4 7361 2 10013 2 10266 6 10522 7 10778 7 11034 7 11291 6 11350 1 11549 4 11606 1 11805 3 11861 2 12060 3 12117 4 12316 3 12369 8 12572 3 12624 9 12828 3 12879 10 13084 3 13133 10 13340 3 13389 8 13595 3 13643 9 13899 8 14156 7 14412 7 14670 1 16131 3 16385 8 16640 17 16896 18 17152 19 17408 19 17664 18 17920 13 17935 2 18176 13 18432 12 18688 12 18944 11 19200 11 19456 11 19715 7 19976 1 25521 8 25776 10 26031 12 26287 12 26542 14 26798 15 27053 16 27310 15 27566 15 27822 15 28079 12 28108 5 28335 10 28363 6 28619 7 28874 9 29129 10 29385 10 29451 4 29477 10 29539 4 29641 10 29692 4 29706 6 29733 10 29793 6 29897 10 29948 4 29961 8 29991 10 30048 9 30155 7 30205 3 30217 8 30235 4 30248 9 30303 11 30462 2 30472 9 30491 4 30503 10 30559 12 30591 4 30719 1 30727 10 30747 4 30759 10 30815 12 30847 5 30975 1 30983 10 31003 3 31015 10 31035 1 31071 12 31103 6 31239 10 31271 10 31326 13 31359 6 31495 10 31527 10 31582 13 31614 7 31743 1 31751 9 31783 10 31838 13 31870 7 31999 1 32005 9 32043 7 32093 14 32127 4 32261 7 32300 6 32348 15 32383 4 32516 5 32557 5 32604 15 32772 3 32813 5 32860 14 33026 4 33069 5 33117 12 33284 2 33325 5 33373 12 33541 1 33571 4 33581 4 33629 11 33827 4 33837 4 33885 10 34083 4 34142 8 34339 4 34399 7 34489 3 34656 5 34743 6 34913 4 34999 6 35254 7 35510 7 35651 8 35766 8 35907 8 36022 8 36163 6 36278 9 36419 6 36534 9 36791 8 37048 5 41713 2 41965 8 42221 8 42477 8 42733 8 42989 8 43245 8 43430 2 43502 6 43687 1 43759 4 44017 2 46439 3 46692 8 46851 7 46947 10 47107 9 47203 10 47362 12 47458 11 47618 12 47714 12 47875 11 47970 12 48131 11 48226 12 48389 8 48482 12 48645 7 48738 12 48899 7 48995 11 49154 7 49251 11 49409 7 49508 11 49665 7 49764 11 49921 7 50019 15 50177 7 50275 16 50435 4 50531 17 50787 17 51043 18 51300 17 51557 16 51813 16 52070 15 52327 14 52583 13 52840 11 53097 10 53354 8
976097,41153 2 41406 7 41433 1 41661 7 41916 7 42171 7 42428 1 43999 5 44254 7 44505 2 44509 8 44754 19 45008 25 45263 26 45516 21 45539 8 45773 20 45795 8 46029 12 46043 6 46051 8 46285 12 46301 4 46309 5 46543 4 46551 2 46555 5 46568 3 46800 3 46807 9 46825 2 47081 2 47337 2 47591 5 47847 5 48101 8 48122 1 48354 11 48377 2 48614 6 48872 3 50407 4 50605 3 50663 3 50859 6 50919 2 51113 9 51135 6 51147 11 51160 5 51369 9 51390 33 51626 9 51645 40 51689 2 51701 1 51882 9 51901 40 51945 2 51957 2 52138 6 52157 42 52395 4 52414 41 52471 1 52651 2 52671 44 52725 5 52928 44 52981 7 53185 45 53235 10 53441 46 53488 11 53697 56 53953 55 54210 50 54467 48 54723 45 54953 1 54978 45 55208 3 55233 44 55490 41 55750 2 55755 30 56011 29 56064 1 56267 25 56320 3 56492 1 56520 26 56576 3 56745 6 56771 5 56781 17 56832 3 57001 7 57027 5 57037 15 57088 3 57257 8 57280 8 57293 14 57344 2 57513 8 57533 12 57549 10 57769 8 57787 14 57802 11 58025 8 58043 24 58279 10 58298 17 58535 10 58553 18 58791 10 58808 17 59047 10 59065 15 59304 9 59322 12 59560 10 59576 13 59817 9 59831 10 60073 10 60087 5 60334 8 60345 1 60591 7 60847 6 61104 5
980103,0 187 190 2 196 1 205 236 461 236 718 234 974 234 1218 4 1230 233 1473 6 1481 8 1495 224 1729 6 1736 8 1750 225 1984 14 2003 228 2240 13 2258 229 2496 12 2515 227 2751 12 2771 226 3010 9 3027 226 3267 9 3283 224 3524 9 3539 223 3774 3 3780 11 3795 222 4028 245 4283 245 4539 245 4795 33 4829 210 5051 32 5087 208 5306 29 5337 2 5343 208 5560 6 5572 18 5605 202 5814 8 5829 17 5861 200 6067 10 6085 17 6119 198 6322 11 6341 18 6370 1 6377 196 6577 12 6597 10 6608 6 6625 3 6632 197 6832 13 6853 9 6865 4 6880 7 6888 214 7109 8 7123 2 7135 224 7365 7 7391 225 7622 6 7631 2 7647 225 7879 5 7889 1 7903 225 8135 5 8145 4 8159 225 8391 5 8401 5 8415 226 8647 5 8656 7 8671 226 8903 5 8910 9 8927 226 9160 4 9165 10 9183 226 9417 15 9438 227 9673 4 9680 9 9693 228 9929 4 9937 8 9949 228 10186 3 10195 6 10203 230 10443 2 10451 6 10459 230 10699 2 10708 237 10954 3 10964 237 11209 5 11221 237 11465 5 11477 238 11721 5 11733 238 11977 5 11990 238 12233 6 12246 239 12489 6 12503 240 12744 7 12759 248 13015 248 13271 8 13280 239 13527 248 13783 248 14040 246 14296 246 14552 246 14808 14 14826 228 15064 13 15083 227 15321 12 15341 226 15577 13 15596 219 15816 9 15834 237 16075 6 16090 238 16331 7 16345 239 16587 8 16600 241 16843 8 16856 251 17112 254 17369 248 17619 2 17625 248 17881 247 18138 246 18394 246 18650 246 18905 246 19161 246 19417 246 19673 246 19928 247 20184 247 20442 245 20699 244 20957 241 21213 238 21469 237 21724 237 21978 239 22234 238 22489 239 22745 239 23001 239 23256 233 23491 4 23511 234 23747 7 23767 234 24003 10 24021 236 24259 11 24277 250 24532 251 24787 252 25043 253 25299 750 26057 248 26313 248 26574 243 26831 243 27087 10 27099 214 27317 14 27343 10 27355 211 27573 14 27599 8 27611 210 27829 14 27855 6 27866 211 28085 14 28111 5 28121 211 28341 15 28368 3 28377 211 28596 16 28614 3 28625 2 28633 211 28852 16 28869 4 28888 40 28929 171 29107 22 29142 214 29362 23 29399 214 29616 12 29633 6 29640 3 29658 211 29872 12 29889 5 29897 3 29914 185 30101 38 30143 1 30152 11 30170 185 30357 23 30381 14 30398 2 30408 11 30426 223 30664 11 30683 222 30920 11 30939 37 30977 184 31175 13 31195 37 31233 184 31431 13 31451 37 31490 185 31686 14 31707 37 31746 185 31937 19 31963 37 32002 210 32219 37 32258 210 32475 37 32513 211 32731 37 32769 211 32987 37 33025 211 33243 37 33281 211 33499 37 33537 211 33756 13 33773 19 33794 211 34012 13 34029 19 34050 211 34267 14 34283 21 34306 212 34522 15 34539 21 34562 231 34796 20 34818 231 35053 19 35073 232 35310 17 35328 234 35565 269 35836 254 36092 772 36865 255 37125 3 37129 247 37385 247 37641 247 37897 247 38151 249 38407 249 38661 251 38917 251 39171 253 39427 253 39683 253 39939 253 40195 253 40451 253 40707 253 40963 235 41200 16 41219 234 41460 12 41474 235 41716 12 41729 235 41973 246 42230 251 42486 251 42744 250 42996 2 43000 250 43251 13 43265 255 43521 255 43779 253 44037 239 44277 11 44291 1 44294 250 44545 4 44551 254 44806 2015 46824 253 47083 20 47104 229 47339 20 47360 229 47596 19 47616 229 47853 18 47872 8 47883 218 48109 18 48128 8 48140 218 48366 17 48384 6 48397 217 48622 16 48640 5 48654 216 48878 16 48896 5 48911 215 49135 11 49147 2 49152 5 49167 214 49391 11 49404 1 49408 5 49423 213 49639 1 49648 9 49664 5 49679 213 49894 2 49904 9 49917 8 49934 219 50161 7 50173 8 50190 219 50417 7 50429 10 50447 214 50662 2 50673 6 50685 12 50703 214 50929 6 50941 13 50959 10 50972 200 51185 6 51198 13 51215 9 51229 199 51441 7 51455 25 51487 197 51697 8 51712 24 51744 196 51953 8 51968 24 52001 196 52208 8 52224 25 52257 196 52464 8 52480 24 52513 196 52719 8 52736 24 52769 196 52975 8 52992 22 53027 195 53230 9 53248 21 53286 193 53486 9 53504 19 53543 195 53739 12 53760 18 53799 208 54016 18 54055 206 54272 17 54311 206 54528 19 54555 1 54566 141 54711 27 54739 32 54784 19 54811 1 54815 3 54822 139 54969 2 54973 21 54995 32 55040 21 55067 148 55231 19 55251 31 55296 23 55322 149 55487 19 55507 31 55552 173 55744 50 55799 1 55808 173 56001 48 56054 3 56064 173 56259 46 56311 1 56320 173 56515 46 56576 173 56772 45 56831 174 57028 2 57031 42 57085 176 57283 3 57288 25 57317 12 57340 177 57537 6 57544 5 57552 17 57574 11 57596 177 57780 4 57792 9 57809 15 57831 11 57853 177 58035 5 58047 9 58065 14 58087 11 58110 176 58291 5 58303 8 58321 14 58343 12 58368 175 58546 6 58558 8 58577 14 58600 11 58624 177 58803 4 58815 6 58833 14 58856 11 58876 3 58880 177 59071 4 59088 15 59112 11 59131 182 59328 3 59343 16 59367 11 59383 186 59599 10 59610 5 59623 11 59639 185 59855 8 59867 6 59879 10 59896 184 60111 8 60123 7 60134 11 60152 185 60366 9 60379 9 60391 11 60409 184 60621 10 60633 11 60648 10 60665 184 60854 1 60877 23 60904 10 60921 186 61109 4 61132 24 61159 11 61177 194 61387 25 61415 12 61433 194 61643 9 61653 30 61689 195 61899 5 61910 233 62155 4 62166 233 62411 4 62421 234 62667 4 62677 40 62720 193 62923 3 62933 38 62976 194 63179 2 63190 33 63232 195 63447 31 63488 195 63703 30 63744 196 63959 29 64000 196 64214 30 64256 196 64469 32 64512 196 64725 32 64768 196 64981 32 65024 197 65222 1 65237 32 65280 201 65493 33
981723,1 4 23 54 145 68 237 14 255 1 257 4 279 54 401 68 493 19 513 5 535 54 657 68 749 19 769 6 791 54 913 68 1006 18 1025 6 1047 54 1169 68 1262 25 1304 10 1317 39 1425 67 1519 24 1561 7 1575 37 1681 67 1775 24 1836 33 1936 68 2033 22 2093 33 2192 68 2289 24 2350 33 2449 66 2545 26 2607 32 2705 66 2801 29 2864 32 2961 65 3057 30 3121 32 3187 1 3217 64 3313 32 3377 32 3441 5 3473 62 3569 32 3633 32 3696 7 3729 63 3825 32 3889 31 3949 11 3984 64 4083 30 4145 31 4204 12 4240 65 4339 30 4401 30 4459 14 4495 67 4597 28 4657 30 4715 14 4751 68 4854 28 4913 29 4971 14 5006 69 5112 26 5169 28 5227 15 5262 69 5369 26 5424 29 5484 17 5517 70 5626 25 5680 28 5741 18 5773 70 5883 25 5936 27 5999 18 6030 69 6119 3 6144 20 6192 27 6256 17 6286 69 6367 13 6400 21 6448 27 6513 17 6543 68 6619 19 6656 21 6704 27 6770 16 6799 68 6875 20 6912 22 6960 25 7009 1 7028 15 7056 68 7130 23 7168 23 7216 23 7284 14 7312 68 7386 23 7424 25 7472 11 7490 2 7511 7 7541 13 7569 67 7642 24 7680 26 7712 5 7727 14 7766 10 7797 12 7825 68 7898 25 7936 39 7981 20 8020 15 8053 11 8080 102 8192 39 8236 21 8275 16 8311 7 8335 104 8448 40 8490 23 8521 4 8530 18 8591 106 8704 65 8776 7 8785 20 8813 5 8846 107 8960 66 9031 30 9066 11 9091 4 9101 109 9216 67 9287 30 9321 14 9348 4 9357 110 9472 67 9541 33 9577 14 9604 5 9614 111 9728 102 9832 15 9860 5 9870 111 9984 103 10088 16 10118 1 10127 111 10240 120 10384 110 10496 119 10640 41 10685 65 10752 107 10860 9 10896 41 10942 64 11008 27 11043 72 11151 40 11199 62 11264 27 11300 71 11405 42 11457 2 11462 55 11520 27 11557 70 11659 17 11688 13 11720 53 11776 28 11813 70 11914 18 11945 11 11977 52 12032 28 12069 69 12167 22 12203 8 12235 48 12288 28 12325 68 12422 23 12459 7 12493 44 12544 27 12581 68 12677 26 12717 4 12751 42 12800 27 12837 68 12932 28 12974 2 13007 41 13056 27 13093 68 13187 30 13264 39 13312 26 13348 71 13442 32 13520 39 13568 26 13603 73 13697 34 13776 39 13824 25 13859 74 13953 35 14033 38 14080 25 14115 75 14208 37 14294 33 14336 25 14371 76 14463 38 14551 31 14591 25 14626 77 14719 39 14808 29 14845 26 14882 77 14975 39 15065 28 15100 20 15138 77 15231 40 15307 4 15321 27 15355 21 15393 78 15487 40 15562 6 15577 27 15611 22 15649 78 15744 39 15817 9 15832 27 15866 24 15905 77 16000 39 16073 10 16088 27 16121 28 16161 76 16256 40 16329 42 16375 32 16417 76 16512 41 16584 44 16629 42 16673 70 16768 41 16839 159 17024 41 17094 157 17281 39 17349 158 17537 40 17604 159 17793 40 17859 160 18049 40 18099 2 18115 160 18305 41 18354 4 18369 162 18562 40 18609 5 18625 162 18817 42 18865 6 18877 165 19073 42 19121 8 19130 167 19328 43 19375 178 19583 44 19631 179 19814 6 19839 43 19886 180 20069 8 20094 43 20141 194 20349 44 20394 199 20604 248 20859 1380 22240 255 22496 255 22752 203 22957 253 23215 250 23473 48 23522 199 23730 29 23762 13 23778 198 23989 24 24020 10 24034 197 24245 24 24278 6 24290 197 24503 21 24547 195 24760 20 24803 194 25017 19 25059 194 25274 17 25315 194 25534 13 25571 194 25793 9 25827 195 26082 197 26337 12 26361 178 26594 9 26617 14 26633 162 26851 7 26873 12 26890 17 26915 138 27107 6 27129 12 27148 15 27172 137 27364 5 27385 11 27409 7 27429 136 27641 11 27666 5 27677 2 27685 136 27898 9 27931 7 27943 134 28158 5 28186 8 28199 134 28416 4 28442 9 28455 134 28672 4 28698 9 28712 133 28928 4 28955 8 28969 131 29184 4 29211 8 29223 133 29440 4 29469 4 29478 134 29696 4 29735 78 29815 53 29952 3 29991 78 30072 53 30208 3 30247 78 30328 54 30464 1 30503 77 30585 55 30759 77 30841 56 31015 76 31097 57 31271 76 31353 56 31527 76 31611 54 31784 75 31867 54 32041 76 32122 54 32298 75 32377 54 32555 75 32631 56 32811 132 33069 129 33279 1 33325 129 33535 1 33582 127 33839 125 34102 118 34361 114 34618 113 34847 4 34875 112 35098 11 35135 106 35353 13 35391 106 35607 16 35653 98 35862 17 35914 93 36115 20 36172 91 36351 1 36370 20 36429 90 36606 2 36625 21 36685 89 36859 5 36881 20 36941 89 37114 6 37136 21 37197 88 37368 8 37392 21 37453 88 37624 8 37648 20 37710 87 37879 9 37904 19 37967 86 38135 9 38161 19 38193 6 38223 90 38391 9 38417 20 38449 7 38479 94 38647 9 38673 20 38703 10 38735 98 38904 8 38929 21 38959 11 38991 98 39161 7 39184 23 39213 14 39249 97 39394 3 39419 5 39440 23 39468 15 39492 5 39505 98 39648 6 39675 5 39695 45 39745 10 39761 98 39901 11 39931 5 39937 2 39951 46 40001 10 40016 99 40156 13 40187 10 40207 46 40256 11 40272 100 40409 17 40443 11 40463 47 40511 13 40528 100 40665 18 40699 12 40719 47 40767 118 40919 21 40955 12 40975 168 41169 28 41205 19 41232 168 41421 32 41459 21 41488 169 41673 37 41715 21 41743 224 41971 22 41999 224 42227 22 42255 224 42483 22 42511 224 42738 23 42768 223 42994 22 43024 223 43250 22 43283 1 43287 216 43506 21 43545 214 43764 12 43779 3 43801 216 44022 10 44057 216 44279 9 44313 217 44535 9 44569 217 44791 9 44825 231 45081 231 45336 232 45592 232 45849 231 46105 231 46362 230 46619 229 46853 2 46879 225 47107 6 47137 109 47247 113 47361 9 47379 4 47395 104 47504 112 47617 10 47635 4 47651 96 47749 6 47760 112 47873 14 47889 6 47909 93 48017 111 48129 22 48167 91 48274 85 48360 24 48385 24 48425 88 48530 84 48617 23 48641 26 48681 88 48786 84 48873 23 48897 27 48939 84 49042 84 49129 23 49153 28 49195 84 49298 83 49385 23 49409 28 49451 78 49554 83 49641 20 49665 29 49707 78 49811 81 49897 19 49921 30 49963 75 50067 80 50153 18 50176 31 50220 73 50324 78 50409 18 50432 31 50477 72 50581 76 50666 17 50688 31 50734 71 50837 75 50923 15 50944 31 50993 67 51094 73 51179 15 51201 30 51250 66 51351 71 51437 12 51458 29 51511 60 51608 11 51621 55 51694 11 51714 29 51767 60 51865 8 51879 52 51951 10 51971 28 52025 62 52137 49 52209 6 52227 28 52281 63 52393 48 52467 3 52483 29 52539 63 52650 47 52737 31 52799 60 52907 46 52992 33 53057 58 53163 46 53248 33 53313 58 53418 47 53504 33 53571 57 53673 52 53760 33 53827 57 53929 53 54016 33 54084 56 54185 54 54272 33 54341 54 54441 54 54528 33 54597 55 54697 56 54784 34 54853 55 54954 56 55040 35 55109 55 55210 57 55296 35 55366 54 55467 57 55552 36 55623 53 55724 57 55808 23 55833 10 55879 53 55981 22 56005 32 56064 24 56089 10 56136 53 56237 18 56267 27 56320 24 56345 10 56393 52 56493 16 56525 25 56576 24 56603 6 56649 52 56749 16 56783 23 56832 24 56861 2 56906 51 57005 16 57039 23 57088 24 57163 50 57262 15 57295 23 57344 25 57419 50 57519 14 57551 23 57600 8 57612 14 57676 49 57782 5 57807 23 57856 7 57869 14 57932 49 58039 3 58063 23 58112 6 58126 13 58189 46 58318 25 58368 5 58383 13 58446 45 58573 27 58624 4 58639 14 58703 43 58829 28 58880 3 58895 14 58959 42 59085 28 59151 14 59215 42 59342 11 59357 12 59407 14 59470 45 59526 1 59598 11 59614 11 59663 14 59725 49 59781 5 59802 7 59854 10 59872 7 59919 13 59981 50 60036 7 60057 10 60110 9 60129 5 60173 14 60237 50 60291 9 60311 12 60363 12 60429 14 60492 39 60532 11 60547 10 60567 13 60615 16 60685 14 60747 34 60789 10 60802 13 60821 16 60870 17 60941 13 61002 20 61025 10 61043 11 61058 15 61077 16 61125 18 61197 12 61256 21 61283 6 61297 8 61313 18 61332 17 61381 18 61453 12 61511 22 61541 2 61554 4 61567 38 61637 18 61709 12 61765 22 61811 1 61823 37 61892 21 61965 12 62020 21 62079 36 62148 21 62221 13 62275 21 62331 38 62404 21 62476 15 62531 20 62587 37 62643 2 62660 21 62731 16 62787 19 62841 37 62896 6 62916 21 62987 17 63043 18 63096 36 63149 10 63172 21 63243 18 63299 18 63351 36 63401 16 63428 21 63499 19 63556 16 63607 35 63657 17 63684 21 63755 20 63815 11 63861 31 63912 21 63940 21 64011 21 64072 8 64115 32 64168 21 64195 22 64266 23 64369 34 64424 23 64451 22 64522 24 64625 34 64680 25 64706 23 64760 3 64767 1 64778 25 64880 34 64937 48 65013 8 65022 2 65035 24 65136 34 65193 47 65268 11 65281 5 65292 23 65391 34 65452 31 65523 12
982804,0 65536
986585,0 4181 4183 254 4441 252 4697 253 4953 415 5371 252 5632 247 5888 247 6144 247 6400 247 6656 247 6912 66 6982 179 7168 66 7237 186 7424 65 7493 252 7749 252 8005 252 8260 252 8515 253 8770 252 9025 253 9281 251 9537 250 9793 250 10048 251 10303 1268 11577 250 11834 251 12091 250 12347 252 12603 253 12859 1221 14082 7 14102 234 14339 5 14359 233 14597 1 14615 233 14871 233 15125 235 15379 237 15633 239 15889 239 16141 243 16395 245 16649 247 16905 247 17160 248 17416 248 17671 249 17927 249 18181 251 18437 251 18692 252 18947 253 19203 253 19458 254 19713 2972 22687 256 22945 256 23204 253 23461 255 23717 5348 29067 254 29323 254 29579 335 29917 4 29923 247 30175 1 30180 246 30437 245 30694 245 30951 244 31210 242 31469 240 31727 238 31983 238 32239 238 32495 242 32753 14 32768 229 33009 14 33024 230 33266 12 33280 231 33525 1 33528 5 33536 231 33786 1 33792 231 34042 1 34048 233 34291 8 34304 234 34540 15 34560 253 34816 255 35072 4963 40037 254 40293 254 40549 254 40804 255 41060 4842 45903 254 46161 107 46273 138 46420 104 46530 137 46679 101 46786 137 46937 100 47042 136 47193 100 47297 136 47449 240 47705 239 47960 239 48216 238 48472 237 48728 237 48983 238 49239 238 49494 239 49748 243 49997 250 50253 252 50506 6115 56623 254 56880 251 57137 250 57393 250 57649 250 57905 251 58160 253 58415 2938 61358 251 61613 252 61869 252 62124 2705 64831 254 65088 253 65346 190
990714,98 13 133 11 178 33 241 7 318 2 353 14 389 11 434 33 499 6 573 4 609 14 645 11 690 33 756 5 829 5 864 15 901 12 946 32 1015 2 1085 5 1120 15 1157 12 1202 32 1271 1 1340 7 1375 18 1413 12 1458 31 1597 5 1631 18 1669 12 1713 32 1853 4 1886 20 1926 11 1969 32 2109 2 2142 21 2182 11 2225 32 2397 22 2439 10 2481 32 2653 22 2695 10 2737 33 2909 22 2951 9 2993 34 3165 22 3207 9 3250 33 3422 21 3464 7 3507 33 3678 21 3720 6 3763 33 3936 17 4020 32 4193 16 4277 31 4341 7 4452 11 4534 30 4596 12 4710 1 4715 1 4791 30 4851 13 4880 1 5050 27 5107 13 5136 1 5306 27 5363 13 5391 4 5562 27 5619 13 5647 5 5817 28 5875 13 5904 5 6030 1 6071 31 6131 13 6160 5 6284 4 6327 32 6387 13 6419 2 6539 7 6581 34 6643 13 6795 8 6837 36 6900 12 7050 10 7092 39 7157 11 7306 11 7347 39 7415 9 7563 12 7603 38 7673 7 7819 12 7859 38 7929 7 8075 13 8115 39 8186 6 8331 14 8370 40 8443 5 8587 13 8627 38 8699 5 8843 12 8883 38 8953 7 9098 11 9139 37 9204 12 9354 9 9395 36 9459 13 9609 8 9650 35 9715 13 9865 7 9904 35 9971 13 10124 1 10158 36 10226 14 10413 37 10482 14 10669 38 10738 14 10924 39 10995 13 11179 41 11251 13 11435 42 11507 13 11691 42 11764 12 11947 42 12020 12 12203 42 12274 14 12459 42 12529 15 12615 4 12716 41 12783 17 12869 7 12973 40 13039 17 13123 10 13229 40 13294 18 13379 10 13485 40 13550 18 13634 11 13741 40 13805 19 13890 12 13998 39 14061 19 14145 14 14254 39 14317 19 14401 14 14510 38 14573 19 14658 13 14768 36 14830 18 14914 13 15025 35 15086 18 15171 12 15285 30 15343 17 15410 5 15429 10 15541 30 15599 17 15662 11 15689 4 15797 28 15855 17 15917 12 16053 27 16112 16 16172 15 16306 29 16369 15 16427 16 16561 30 16625 15 16680 21 16807 7 16816 31 16883 13 16935 28 17062 40 17139 13 17190 30 17317 40 17399 9 17446 31 17573 38 17647 1 17653 11 17701 32 17829 37 17901 19 17957 32 18085 36 18155 21 18214 32 18341 36 18409 23 18470 32 18598 34 18665 23 18725 33 18835 7 18855 32 18913 4 18918 26 18981 33 19089 10 19111 31 19167 33 19236 35 19343 13 19367 24 19421 35 19493 34 19599 13 19622 25 19677 35 19749 34 19853 17 19877 26 19931 37 20005 34 20109 17 20133 25 20186 38 20260 33 20363 19 20389 22 20438 42 20515 34 20619 20 20645 20 20693 43 20768 32 20874 17 20901 18 20948 44 21022 33 21130 15 21157 18 21203 45 21275 16 21295 15 21385 10 21414 16 21459 45 21530 17 21553 14 21642 8 21670 16 21715 45 21768 1 21782 21 21816 9 21899 6 21926 17 21971 45 22022 4 22035 24 22073 8 22155 5 22182 17 22226 46 22275 10 22289 24 22330 6 22438 17 22481 47 22529 13 22543 26 22587 4 22694 17 22737 86 22949 18 22993 86 23205 18 23249 85 23461 18 23505 85 23717 18 23762 62 23825 20 23973 18 24019 60 24084 16 24229 18 24275 59 24340 13 24486 17 24531 58 24596 13 24743 16 24787 58 24851 12 25000 15 25044 57 25106 13 25257 14 25300 74 25515 14 25558 72 25771 15 25814 73 26027 17 26069 74 26283 18 26325 75 26540 17 26580 76 26796 18 26835 60 26897 15 27052 19 27091 60 27154 14 27187 2 27307 20 27347 60 27412 12 27441 7 27563 20 27603 60 27668 12 27697 7 27793 1 27819 20 27858 61 27925 10 27953 8 28045 6 28075 20 28114 62 28183 7 28210 7 28301 6 28331 20 28370 61 28467 4 28555 10 28587 19 28625 62 28810 14 28843 18 28881 62 29065 18 29099 18 29137 62 29321 19 29356 17 29393 62 29577 20 29613 16 29649 17 29667 45 29833 20 29869 16 29905 16 29923 46 30089 20 30126 16 30161 14 30181 44 30344 21 30383 16 30417 14 30437 45 30600 21 30639 16 30675 11 30693 46 30856 21 30897 15 30932 9 30949 46 31112 21 31155 14 31204 47 31368 21 31412 13 31459 48 31624 21 31670 11 31715 48 31880 20 31926 12 31970 49 32137 18 32183 12 32224 51 32393 18 32440 12 32479 52 32651 16 32696 13 32734 52 32793 2 32911 11 32952 13 32989 54 33046 9 33067 4 33171 4 33209 12 33245 68 33323 3 33465 12 33500 72 33578 4 33723 9 33756 73 33832 6 33981 6 34011 84 34204 7 34267 84 34459 8 34523 84 34708 16 34779 84 34961 19 35006 2 35034 85 35215 20 35259 9 35269 2 35289 86 35471 20 35515 14 35545 85 35725 22 35769 18 35801 85 35979 24 36025 18 36057 86 36227 31 36280 19 36317 82 36481 32 36536 20 36574 81 36737 32 36791 22 36832 79 36993 32 37047 22 37089 80 37249 32 37303 22 37350 75 37505 32 37559 22 37607 40 37653 29 37762 31 37813 25 37868 32 37911 27 38019 30 38069 25 38127 28 38159 4 38166 29 38275 30 38325 25 38385 26 38415 6 38422 29 38532 13 38549 12 38566 3 38581 25 38644 23 38668 39 38789 12 38805 23 38838 24 38901 34 38937 26 39045 11 39061 24 39095 23 39157 33 39194 25 39303 9 39317 26 39352 22 39411 36 39451 23 39559 8 39573 26 39608 22 39667 36 39708 20 39817 4 39830 27 39865 21 39923 36 39964 19 40086 27 40121 20 40179 38 40220 17 40345 26 40379 18 40436 37 40476 15 40602 25 40639 13 40693 37 40732 13 40858 26 40897 10 40949 38 40988 13 41113 28 41155 6 41206 50 41367 32 41413 2 41444 7 41472 1 41476 36 41623 33 41699 9 41733 34 41878 35 41954 11 41989 34 42133 36 42209 12 42243 35 42389 36 42466 11 42499 29 42646 36 42722 11 42754 30 42903 38 42979 11 43010 30 43159 39 43235 12 43265 32 43415 40 43495 12 43522 31 43671 40 43751 14 43781 29 43927 40 44007 17 44037 29 44184 39 44263 18 44288 1 44291 31 44441 40 44518 25 44544 2 44547 32 44697 40 44748 1 44774 61 44955 38 45003 4 45029 61 45213 36 45259 4 45285 61 45471 35 45514 6 45539 63 45676 4 45728 35 45770 6 45794 63 45930 9 45987 32 46027 5 46042 71 46185 10 46243 32 46283 5 46297 72 46441 11 46501 29 46540 1 46553 72 46697 12 46768 12 46781 3 46809 72 46953 12 47027 4 47065 72 47189 10 47209 12 47320 73 47443 14 47465 12 47576 72 47699 15 47722 11 47831 72 47954 17 47978 11 48087 71 48209 18 48235 10 48342 71 48466 17 48491 9 48571 5 48598 71 48722 17 48747 9 48826 7 48854 71 48979 15 49003 9 49080 9 49110 70 49235 14 49259 9 49335 10 49367 68 49493 12 49515 10 49589 12 49623 68 49749 12 49772 9 49845 12 49879 40 49920 27 50007 10 50029 8 50062 5 50097 15 50135 40 50176 27 50263 9 50285 7 50317 6 50353 14 50391 39 50432 29 50520 7 50573 6 50609 14 50647 37 50688 31 50777 6 50829 6 50866 12 50903 36 50944 35 51035 1 51085 6 51123 9 51159 30 51200 37 51342 5 51415 29 51456 40 51599 5 51620 1 51671 27 51712 41 51855 6 51874 4 51928 25 51968 42 52109 27 52184 24 52224 43 52364 28 52441 23 52480 43 52527 5 52617 32 52697 22 52736 43 52781 8 52872 33 52954 21 52992 53 53127 35 53211 20 53248 53 53383 36 53468 19 53504 54 53637 40 53725 17 53760 54 53893 40 53982 15 54016 53 54149 40 54272 53 54405 40 54528 51 54635 2 54643 7 54661 42 54784 49 54890 17 54917 42 55040 43 55144 19 55173 43 55296 43 55400 20 55429 43 55552 43 55655 22 55685 44 55808 43 55911 23 55941 44 56064 43 56167 23 56198 43 56263 9 56320 43 56423 23 56455 42 56517 12 56576 43 56679 23 56715 37 56772 21 56832 43 56935 22 56972 36 57027 24 57060 6 57088 43 57190 23 57229 35 57282 26 57315 17 57344 42 57445 24 57485 35 57537 27 57569 20 57600 39 57701 22 57741 34 57791 29 57825 20 57856 11 57868 27 57957 20 57997 34 58046 30 58081 20 58112 8 58125 26 58213 20 58253 34 58300 32 58337 19 58368 8 58381 26 58469 20 58509 34 58555 33 58593 3 58597 15 58625 6 58638 25 58725 20 58765 34 58810 36 58855 12 58883 3 58894 25 58981 21 59021 34 59065 38 59113 10 59150 26 59238 21 59277 34 59320 41 59373 4 59407 25 59494 21 59534 33 59575 42 59664 25 59751 20 59791 32 59829 45 59921 24 60007 20 60047 32 60085 46 60179 23 60264 19 60304 31 60339 48 60436 22 60521 18 60561 31 60595 48 60695 19 60777 18 60816 31 60851 48 60952 18 61034 17 61071 32 61107 48 61214 11 61291 14 61321 23 61352 5 61363 48 61471 10 61547 14 61576 23 61611 2 61619 49 61730 5 61804 13 61830 23 61875 50 62061 11 62086 23 62132 51 62317 10 62341 24 62388 53 62575 8 62597 23 62645 52 62853 23 62900 54 63110 22 63156 55 63367 22 63412 57 63623 22 63668 57 63727 4 63881 20 63924 68 64137 20 64180 69 64255 1 64397 16 64437 75 64655 5 64663 6 64694 74 64951 73 65208 72 65465 71
995278,187 69 445 67 701 67 959 65 1215 65 1473 63 1728 64 1983 65 2239 65 2493 67 2749 67 2855 5 3004 68 3111 7 3259 69 3365 11 3515 69 3621 12 3771 69 3876 13 4027 69 4132 13 4283 69 4381 20 4539 69 4637 18 4795 69 4891 19 5053 67 5147 18 5309 67 5402 19 5565 67 5658 19 5812 1 5822 66 5914 19 6067 2 6078 66 6170 18 6321 4 6334 66 6427 16 6577 2 6590 66 6684 15 6846 66 6941 12 7102 66 7198 10 7357 67 7456 5 7613 67 7714 2 7869 67 8123 69 8378 70 8633 71 8888 72 9143 73 9399 73 9654 74 9910 74 10029 6 10167 73 10285 7 10423 73 10541 7 10679 73 10797 8 10936 72 11053 8 11193 71 11309 8 11448 72 11566 7 11701 75 11822 7 11955 77 12080 3 12210 78 12466 78 12721 79 12976 80 13231 81 13487 81 13743 81 13999 81 14255 81 14494 1 14511 81 14747 10 14767 81 15002 13 15024 80 15258 14 15281 79 15514 14 15538 78 15741 7 15771 14 15796 13 15813 59 15997 12 16027 14 16053 10 16071 57 16252 17 16283 14 16311 7 16327 57 16508 19 16539 14 16569 4 16583 57 16763 24 16795 14 16839 57 17018 26 17051 14 17095 57 17273 29 17309 12 17352 54 17529 29 17565 12 17608 53 17784 31 17823 9 17864 46 18040 31 18081 7 18121 43 18295 32 18340 1 18377 42 18431 1 18551 32 18633 42 18687 1 18795 2 18807 32 18891 10 18903 27 18941 3 19049 6 19061 34 19109 3 19149 6 19160 26 19197 3 19304 9 19315 36 19364 5 19418 24 19453 3 19559 10 19570 37 19620 6 19675 23 19709 3 19815 48 19876 7 19932 21 19967 1 20070 49 20132 7 20189 20 20323 52 20387 8 20446 19 20579 52 20643 8 20703 16 20833 54 20900 6 20970 1 21089 54 21157 4 21343 56 21599 56 21854 57 22109 57 22364 57 22620 57 22875 58 23131 58 23388 57 23644 57 23899 58 24155 58 24409 60 24665 60 24920 62 25175 63 25431 12 25447 48 25675 4 25687 14 25703 49 25927 9 25943 15 25964 45 26181 12 26199 16 26221 45 26437 12 26455 17 26477 46 26693 12 26711 18 26732 47 26948 15 26967 69 27204 15 27223 69 27460 88 27716 89 27971 90 28227 90 28483 90 28739 90 28996 89 29253 88 29510 83 29767 82 30024 81 30281 80 30537 88 30793 90 31049 94 31305 95 31561 96 31662 7 31817 96 31917 8 32073 96 32171 11 32329 96 32427 11 32585 96 32683 10 32841 75 32917 20 32941 4 33097 73 33174 19 33353 74 33430 19 33611 72 33690 13 33867 73 33946 12 34123 74 34202 10 34379 75 34458 9 34635 37 34674 36 34714 8 34891 34 34931 35 34970 7 35148 30 35187 35 35227 2 35404 29 35443 34 35484 1 35660 26 35699 33 35916 25 35955 33 36172 25 36212 7 36221 22 36427 26 36468 5 36477 21 36684 18 36726 1 36733 19 36940 17 36989 12 37196 17 37241 13 37453 15 37495 14 37710 13 37749 14 37967 10 38005 14 38225 8 38255 18 38482 7 38510 17 38731 2 38741 7 38765 12 38986 3 38997 8 39020 12 39241 5 39253 8 39275 11 39497 6 39508 9 39531 10 39751 8 39763 11 39785 8 40007 8 40019 12 40041 7 40263 25 40518 26 40773 28 41029 28 41285 28 41541 28 41798 6 41807 17 42055 2 42063 16 42320 13 42576 11 42833 4 43090 2
