id,segmentation
000001,0 30 38 116 157 6 174 111 293 127 429 112 548 128 682 114 803 129 936 116 1059 129 1191 117 1315 128 1446 117 1571 128 1701 118 1826 248 2082 248 2338 247 2593 247 2849 247 3105 247 3360 248 3616 248 3871 249 4127 249 4383 248 4639 248 4896 246 5152 245 5409 243 5665 243 5921 243 6178 242 6434 222 6657 19 6690 222 6913 19 6945 223 7169 19 7201 223 7425 19 7457 223 7681 19 7713 223 7938 18 7969 223 8194 18 8225 223 8451 16 8481 223 8708 15 8737 223 8964 15 8993 223 9221 14 9249 223 9477 16 9504 224 9735 16 9753 231 9994 246 10249 247 10503 249 10759 249 11014 250 11267 4625 15896 253 16153 253 16411 253 16667 254 16924 253 17180 253 17437 252 17693 251 17949 250 18205 248 18462 244 18718 243 18974 242 19231 239 19487 240 19743 188 19937 46 20000 183 20193 46 20256 182 20448 47 20512 179 20702 49 20768 177 20956 51 21023 171 21212 50 21279 132 21419 25 21467 50 21536 126 21678 20 21722 49 21793 124 21942 13 21978 47 22051 79 22131 42 22198 13 22233 47 22307 78 22388 40 22455 11 22489 45 22563 77 22645 38 22711 11 22744 45 22819 76 22900 36 22973 2 22985 2 23000 44 23074 77 23156 34 23240 4 23255 44 23330 75 23412 33 23497 3 23511 44 23586 75 23668 32 23767 42 23824 4 23841 76 23924 31 24023 41 24078 7 24096 77 24180 29 24278 42 24334 7 24350 54 24408 20 24436 29 24532 44 24589 8 24605 49 24665 19 24693 28 24788 44 24845 8 24860 50 24921 17 24951 26 25043 45 25091 4 25101 8 25116 40 25159 6 25177 16 25209 24 25299 45 25346 5 25357 10 25372 39 25416 3 25432 16 25466 23 25555 45 25601 7 25612 53 25688 15 25722 22 25810 54 25867 18 25890 28 25943 15 25979 21 26066 75 26149 24 26199 15 26235 21 26322 75 26407 23 26454 16 26491 21 26578 76 26664 22 26710 15 26747 21 26834 77 26921 22 26966 15 27003 20 27090 78 27178 22 27221 16 27259 15 27346 78 27435 21 27460 1 27477 15 27515 14 27602 78 27691 27 27734 11 27772 12 27857 80 27947 28 27991 7 28029 9 28113 80 28204 27 28248 4 28286 6 28370 80 28460 27 28544 1 28626 80 28717 26 28882 81 28974 26 29138 81 29231 25 29394 82 29489 23 29651 81 29747 21 29908 80 30003 21 30164 80 30261 19 30420 80 30521 15 30677 79 30779 12 30934 78 31035 12 31190 78 31291 11 31446 78 31547 11 31703 77 31802 12 31959 77 32058 11 32216 81 32314 11 32473 83 32571 9 32730 83 32827 9 32988 84 33083 8 33244 88 33339 7 33501 88 33596 5 33759 86 33853 2 34017 85 34274 85 34530 87 34787 87 34987 2 35043 89 35235 21 35299 90 35490 24 35555 91 35746 25 35811 92 36001 27 36067 93 36236 6 36257 28 36324 92 36491 7 36512 30 36581 92 36746 9 36767 32 36837 93 37000 11 37022 33 37093 94 37253 15 37278 35 37349 95 37505 21 37534 36 37605 95 37760 23 37789 43 37861 96 38016 25 38044 46 38117 97 38271 78 38373 97 38525 82 38629 97 38776 88 38885 98 39031 89 39142 97 39287 89 39399 96 39542 90 39656 95 39797 90 39913 94 40052 91 40170 93 40308 90 40428 91 40563 91 40685 90 40818 91 40943 87 41074 91 41201 85 41329 91 41458 84 41584 90 41714 83 41839 90 41971 82 42095 89 42228 82 42351 89 42485 81 42580 1 42607 91 42741 81 42834 5 42862 92 42996 82 43090 7 43118 86 43206 5 43241 93 43346 16 43373 83 43462 5 43495 95 43602 18 43626 83 43720 4 43750 96 43858 106 43976 4 44006 96 44114 87 44203 15 44261 96 44370 103 44517 96 44625 104 44773 96 44881 108 45029 95 45136 111 45285 95 45391 112 45541 93 45646 114 45797 92 45902 114 46053 90 46158 115 46307 90 46415 114 46563 88 46672 115 46818 88 46928 115 47074 88 47185 98 47285 13 47330 89 47441 98 47544 9 47586 89 47698 98 47800 8 47841 90 47954 98 48054 10 48097 89 48211 107 48352 90 48468 105 48608 91 48725 104 48863 93 48981 103 49117 103 49237 103 49372 106 49493 103 49626 111 49750 103 49882 112 50006 104 50137 113 50263 104 50390 116 50519 104 50643 119 50775 104 50897 121 51032 103 51149 124 51289 101 51404 125 51545 98 51658 126 51802 96 51911 129 52058 96 52165 132 52314 96 52419 135 52570 96 52672 139 52827 94 52926 141 53087 89 53182 142 53345 86 53437 144 53602 84 53693 144 53858 73 53937 2 53950 144 54115 71 54206 144 54371 70 54463 143 54628 68 54719 142 54885 7 54894 57 54976 141 55142 4 55153 54 55232 141 55411 52 55488 142 55668 51 55743 143 55925 50 55999 145 56182 48 56244 6 56255 146 56439 47 56498 8 56512 146 56699 43 56752 11 56768 146 56958 39 57007 12 57024 147 57215 38 57263 13 57280 148 57470 39 57519 13 57537 149 57725 40 57774 15 57793 149 57980 42 58029 16 58049 151 58235 44 58285 17 58305 152 58489 46 58540 173 58745 47 58795 174 59001 222 59256 214 59471 5 59513 212 59769 212 60025 213 60239 2 60282 218 60538 219 60766 6 60795 219 61021 7 61053 219 61275 10 61311 231 61569 229 61829 227 62086 232 62348 228 62605 114 62720 113 62862 93 62956 18 62976 113 63118 91 63213 16 63232 114 63352 1 63374 91 63470 15 63488 114 63606 6 63630 91 63725 16 63744 115 63861 8 63884 95 63980 16 64000 127 64139 112 64256 129 64394 112 64512 130 64650 112 64768 131 64906 112 65024 131 65162 112 65280 132 65419 111
000002,0 251 256 251 512 251 768 251 1024 251 1280 250 1536 250 1792 249 2048 248 2304 248 2560 247 2816 247 3072 247 3327 248 3583 249 3838 251 4094 252 4349 254 4605 60931
000003,0 65536
000004,0 65536
000005,0 65536
000006,153 8 192 56 411 5 447 57 702 57 958 57 1213 58 1468 59 1724 59 1979 60 2235 60 2491 61 2747 61 3003 60 3259 60 3512 63 3759 71 4014 71 4269 73 4525 75 4780 28 4810 47 5035 28 5067 49 5290 28 5324 51 5544 30 5580 52 5800 29 5836 52 6055 28 6092 52 6311 27 6349 51 6567 25 6604 52 6822 25 6860 52 7079 23 7115 53 7335 22 7370 54 7592 19 7625 55 7848 7 7858 7 7881 54 8107 1 8116 1 8136 51 8392 49 8647 49 8902 50 9155 54 9410 56 9665 57 9920 59 10176 59 10431 59 10688 58 10944 55 11200 53 11457 51 11714 49 11766 10 11971 47 12021 11 12227 39 12271 17 12484 36 12527 17 12742 32 12782 18 13000 29 13037 19 13256 30 13292 20 13513 30 13548 20 13769 33 13804 20 14026 54 14282 54 14538 54 14795 53 15053 51 15317 43 15574 42 15830 42 16074 4 16085 43 16329 7 16340 44 16584 9 16596 44 16839 10 16851 45 17094 58 17349 12 17363 45 17604 12 17620 44 17860 12 17875 45 18116 11 18131 45 18373 10 18386 46 18630 8 18642 46 18888 5 18897 11 18914 30 19152 11 19171 29 19408 10 19428 28 19663 11 19684 9 19695 17 19919 10 19940 9 19953 15 20176 8 20197 8 20212 2 20454 6 20711 4 21721 5 21972 10 22227 11 22482 13 22737 14 22992 15 23247 16 23502 17 23758 16 24014 16 24063 1 24270 15 24309 3 24317 3 24527 13 24545 1 24564 5 24572 4 24784 11 24800 2 24820 12 25040 10 25077 11 25296 9 25333 11 25553 6 25589 11 25810 4 25845 11 26101 11 26357 11 26612 12 26868 12 27124 12 27379 13 27635 13 27890 14 28146 14 28402 14 28658 14 28914 14 29169 15 29425 15 29680 16 29936 16 30193 11 30449 10 30706 8 30963 6 31222 2 42862 6 42870 1 43118 9 43373 10 43629 10 43885 10 44141 9 44397 9 44653 8 44909 7 45166 5 45422 4
000007,0 65536
000008,32 43 106 8 153 8 194 49 288 43 361 9 409 7 450 49 544 44 617 9 666 6 705 50 800 44 872 11 961 50 1056 45 1127 12 1217 51 1312 46 1383 11 1473 52 1569 45 1639 11 1729 53 1825 47 1895 11 1985 54 2082 48 2151 11 2241 54 2339 48 2407 11 2497 54 2595 49 2663 10 2752 56 2851 50 2920 8 3008 55 3106 52 3176 7 3264 55 3354 61 3433 6 3520 55 3607 65 3689 5 3776 55 3861 68 3946 3 4032 56 4116 70 4223 4 4288 58 4371 73 4477 7 4521 2 4544 59 4626 76 4732 9 4775 7 4799 60 4882 78 4986 12 5029 13 5054 61 5137 81 5241 14 5278 24 5310 62 5393 84 5496 17 5532 28 5565 62 5649 86 5751 18 5788 30 5820 63 5905 87 6006 20 6043 96 6162 87 6261 21 6298 96 6418 87 6517 20 6554 95 6674 87 6772 21 6809 96 6930 86 7029 20 7064 96 7186 86 7285 19 7319 97 7430 3 7442 85 7541 19 7574 97 7685 7 7697 86 7797 19 7829 98 7940 99 8054 17 8085 98 8192 102 8310 12 8324 1 8340 99 8448 103 8565 12 8596 99 8704 103 8820 12 8851 99 8960 103 9076 12 9107 99 9216 104 9332 6 9340 1 9362 99 9472 104 9588 4 9618 98 9728 104 9846 1 9874 97 9984 104 10129 97 10240 104 10386 95 10496 103 10642 94 10752 103 10898 93 11008 102 11155 92 11264 101 11412 91 11520 100 11669 90 11776 99 11926 89 12032 98 12183 88 12288 98 12439 89 12544 98 12696 89 12800 98 12952 90 13056 98 13209 89 13312 98 13466 89 13568 99 13723 88 13824 99 13980 88 14080 99 14236 87 14336 99 14492 86 14592 100 14748 84 14848 100 15004 83 15104 101 15222 4 15259 83 15360 102 15470 14 15515 83 15616 104 15725 21 15771 83 15872 106 15980 24 16027 82 16128 133 16283 82 16384 134 16539 82 16640 135 16795 83 16896 136 17052 82 17152 137 17309 80 17408 138 17567 78 17664 139 17823 78 17920 139 18080 76 18176 140 18319 5 18334 78 18432 149 18589 79 18688 150 18844 79 18944 151 19100 78 19200 151 19355 78 19456 152 19611 76 19712 152 19866 77 19960 3 19968 230 20215 5 20224 230 20471 5 20480 229 20726 5 20736 229 20982 5 20992 229 21238 4 21248 229 21484 2 21493 6 21504 230 21738 6 21749 6 21760 240 22006 5 22016 241 22262 5 22272 241 22518 6 22528 241 22774 6 22784 242 23030 6 23040 243 23286 7 23296 244 23544 4 23552 244 23808 244 24064 244 24320 244 24576 243 24832 243 25088 243 25344 242 25600 242 25856 241 26112 240 26368 239 26624 238 26880 237 27136 237 27392 237 27648 236 27904 236 28160 236 28416 236 28672 236 28928 235 29184 126 29315 104 29440 126 29571 104 29696 125 29827 104 29952 124 30082 104 30208 123 30338 104 30464 122 30593 104 30720 120 30849 103 30976 119 31104 103 31232 117 31359 104 31488 117 31613 106 31744 117 31867 108 32000 118 32122 110 32241 7 32256 118 32377 114 32496 9 32512 118 32632 115 32751 11 32768 235 33005 13 33024 234 33261 13 33280 233 33517 13 33536 232 33773 13 33793 95 33895 128 34029 14 34048 94 34153 125 34286 13 34304 94 34410 120 34544 11 34560 84 34645 8 34666 118 34801 10 34816 76 34922 117 35058 9 35072 72 35177 117 35314 9 35328 72 35432 117 35570 10 35584 71 35687 117 35826 10 35840 70 35942 117 36082 9 36096 66 36197 118 36339 11 36352 64 36453 118 36596 74 36709 119 36853 72 36965 119 37114 66 37210 5 37220 120 37370 65 37465 7 37476 120 37613 4 37625 65 37721 7 37732 120 37868 6 37881 65 37977 6 37988 120 38124 6 38136 3 38140 61 38233 3 38244 120 38380 6 38392 2 38400 57 38501 118 38636 5 38645 4 38656 56 38757 102 38865 9 38893 3 38898 68 39014 101 39154 66 39270 100 39410 65 39515 4 39526 99 39665 65 39764 1 39769 7 39781 100 39921 64 40017 16 40037 100 40176 64 40271 19 40293 101 40432 61 40525 125 40682 66 40780 127 40937 23 40961 39 41035 127 41191 25 41217 37 41291 127 41445 27 41473 35 41547 127 41700 28 41730 33 41803 128 41956 28 41987 30 42059 128 42213 27 42243 29 42315 128 42471 25 42501 25 42571 129 42728 24 42760 20 42827 130 42984 24 43018 16 43084 129 43239 25 43275 13 43341 128 43492 28 43531 8 43599 127 43747 29 43788 5 43856 126 44003 29 44113 124 44259 29 44370 10 44384 108 44516 5 44523 21 44628 7 44641 106 44781 19 44886 3 44897 106 45038 18 45154 105 45294 18 45410 104 45550 18 45666 105 45807 17 45923 105 46063 12 46079 1 46180 105 46320 5 46437 105 46693 105 46949 105 47165 4 47175 5 47205 105 47359 1 47418 20 47461 104 47615 1 47671 23 47717 101 47871 1 47925 26 47972 101 48127 1 48179 29 48227 101 48434 31 48481 103 48689 32 48734 107 48885 5 48944 34 48989 111 49140 7 49150 2 49199 34 49245 112 49389 19 49455 34 49501 112 49644 20 49711 33 49757 112 49899 21 49966 33 50013 111 50153 23 50219 35 50269 111 50407 25 50464 4 50473 36 50525 110 50661 27 50718 46 50781 109 50915 29 50973 47 51036 109 51171 29 51229 47 51290 110 51427 29 51478 54 51543 112 51683 29 51731 57 51795 115 51939 29 51986 58 52050 116 52195 29 52237 62 52305 118 52451 29 52492 63 52561 119 52704 32 52746 64 52817 122 52950 42 53001 65 53073 126 53205 43 53257 65 53329 128 53461 43 53513 65 53585 130 53717 43 53769 65 53841 175 54025 65 54097 175 54281 65 54351 177 54537 65 54605 179 54793 247 55049 247 55304 248 55560 248 55816 248 56072 248 56328 248 56583 249 56839 249 57095 249 57351 249 57608 248 57864 248 58121 247 58378 246 58635 245 58892 244 59149 243 59406 242 59662 242 59920 240 60184 232 60441 231 60697 231 60952 232 61208 232 61464 232 61721 231 61978 230 62235 229 62492 228 62749 227 63006 226 63263 225 63521 223 63778 222 64034 222 64291 221 64547 221 64803 221 65053 227 65308 228
000009,0 25 38 24 106 5 153 128 293 25 362 4 409 128 548 26 665 128 803 26 921 118 1041 7 1059 26 1177 116 1299 5 1314 28 1433 115 1557 2 1569 29 1636 10 1663 2 1690 113 1823 32 1891 12 1946 113 2077 35 2147 13 2203 112 2331 38 2402 15 2458 112 2585 41 2658 15 2714 112 2840 45 2913 17 2969 113 3095 47 3169 17 3225 113 3351 48 3425 17 3481 112 3606 50 3681 17 3737 112 3860 52 3937 16 3993 112 4115 53 4193 15 4249 112 4370 55 4448 16 4506 110 4626 56 4703 16 4762 110 4882 56 4959 15 5019 109 5138 57 5215 15 5276 108 5394 58 5459 4 5471 15 5532 112 5650 58 5713 8 5728 14 5790 112 5904 74 5985 12 6047 189 6242 11 6303 190 6499 9 6559 191 6755 8 6816 190 7012 7 7072 104 7178 84 7269 4 7328 103 7434 84 7584 103 7690 84 7840 103 7946 84 8096 96 8194 4 8202 84 8352 96 8458 84 8609 95 8714 84 8865 95 8971 84 9121 95 9227 84 9377 95 9484 83 9632 96 9739 84 9887 97 9995 84 10124 116 10251 84 10378 118 10507 29 10539 52 10633 119 10764 28 10796 51 10889 119 11020 27 11052 51 11145 119 11277 26 11308 51 11400 120 11533 25 11564 52 11655 121 11789 24 11821 51 11910 122 12045 24 12077 52 12165 123 12301 23 12334 52 12421 123 12558 21 12591 51 12676 124 12815 19 12851 47 12931 125 13075 14 13108 46 13185 127 13334 9 13366 44 13440 128 13623 44 13695 129 13880 43 13951 129 14135 44 14207 129 14391 44 14464 128 14647 44 14720 128 14904 43 14977 127 15160 44 15233 127 15417 43 15489 127 15673 45 15744 128 15928 46 16000 128 16185 46 16255 129 16441 47 16511 129 16697 46 16767 129 16954 45 17024 128 17209 47 17279 129 17464 48 17534 130 17718 50 17789 131 17972 52 18045 131 18223 58 18301 131 18476 61 18557 131 18730 63 18814 130 18985 63 19075 125 19241 63 19332 124 19497 63 19588 124 19752 65 19845 123 20008 66 20101 123 20263 68 20357 123 20518 70 20614 122 20773 71 20869 123 21029 72 21125 123 21285 72 21381 123 21541 33 21575 37 21636 124 21796 72 21892 124 22052 70 22148 124 22309 69 22404 124 22565 68 22660 124 22821 69 22916 124 23078 68 23172 124 23334 69 23425 127 23590 70 23680 128 23846 70 23935 129 24102 70 24191 129 24358 71 24447 129 24613 72 24703 129 24838 4 24869 72 24960 128 25092 8 25125 73 25217 127 25347 11 25380 73 25475 125 25602 14 25636 73 25731 125 25858 15 25891 75 25988 124 26113 16 26147 76 26244 124 26370 15 26403 77 26500 124 26626 14 26659 78 26756 124 26883 12 26916 78 27012 124 27142 6 27174 76 27267 125 27401 1 27430 76 27523 125 27672 1 27686 77 27778 126 27927 2 27943 76 28034 126 28183 3 28199 77 28289 127 28456 77 28545 127 28712 78 28799 129 28969 215 29226 214 29484 212 29745 207 30003 205 30260 204 30517 203 30775 201 31033 199 31291 197 31548 196 31805 195 32061 195 32316 196 32572 196 32828 196 33084 196 33341 195 33600 58 33659 133 33859 55 33915 133 34116 188 34373 187 34629 187 34885 187 35075 6 35141 187 35330 15 35397 187 35585 17 35653 187 35841 18 35908 188 36097 18 36164 188 36353 18 36420 188 36609 26 36677 101 36781 83 36865 27 36933 101 37038 82 37121 27 37189 101 37294 82 37378 26 37445 101 37550 82 37634 27 37701 101 37806 82 37891 26 37957 101 38062 82 38150 23 38213 101 38317 83 38409 20 38468 188 38666 19 38724 188 38923 19 38980 188 39179 19 39237 187 39435 18 39494 186 39691 18 39751 185 39947 18 40007 185 40203 18 40262 186 40458 18 40498 1 40518 96 40618 86 40714 18 40752 5 40773 97 40874 86 40970 19 41008 6 41029 97 41129 87 41225 22 41263 8 41286 97 41385 87 41481 25 41519 9 41544 63 41609 119 41737 30 41775 9 41801 61 41866 118 41992 32 42031 12 42058 50 42109 7 42122 118 42248 33 42287 14 42313 51 42367 4 42379 117 42503 34 42543 16 42569 51 42635 117 42758 35 42800 15 42824 51 42892 116 43014 34 43057 14 43079 52 43149 115 43270 34 43315 12 43329 58 43405 115 43526 34 43571 11 43585 58 43662 114 43783 33 43828 10 43841 59 43918 114 44039 33 44085 7 44097 59 44175 14 44193 95 44296 33 44342 5 44353 61 44431 14 44450 94 44552 34 44589 6 44598 5 44609 62 44687 13 44706 94 44808 51 44865 64 44943 13 44963 93 45063 52 45121 65 45198 14 45218 94 45319 53 45377 66 45454 15 45474 94 45573 57 45632 68 45711 13 45729 95 45827 130 45969 10 45985 95 46082 132 46226 8 46240 96 46337 134 46483 8 46496 232 46739 9 46751 233 46995 10 47007 233 47252 244 47509 1 47511 241 47769 239 48028 236 48285 235 48542 233 48798 233 49054 232 49310 231 49567 229 49823 228 50079 227 50335 225 50590 221 50847 219 51103 219 51359 220 51616 220 51873 221 52130 4 52138 214 52394 215 52650 215 52905 217 53161 217 53418 217 53674 218 53932 219 54157 8 54170 5 54189 220 54411 23 54445 246 54702 246 54956 2207 57165 253 57422 4 57427 246 57684 22 57710 219 57942 20 57968 217 58199 18 58225 216 58456 17 58481 216 58715 13 58738 14 58754 199 58972 12 58994 13 59013 195 59229 13 59251 10 59270 195 59476 3 59486 18 59508 8 59528 1 59531 190 59731 5 59742 19 59765 5 59788 190 59987 4 59998 19 60023 2 60046 188 60243 4 60254 20 60303 190 60512 1 60515 15 60559 191 60772 15 60814 193 61028 15 61070 194 61283 14 61326 195 61541 9 61585 1 61588 190 61848 4 61859 176 62116 176 62295 8 62328 1 62373 186 62589 3 62597 5 62629 186 62845 5 62851 9 62885 186 63101 15 63141 186 63358 14 63397 187 63614 14 63653 188 63871 13 63909 188 64129 12 64165 189 64386 12 64421 188 64630 3 64642 14 64678 187 64885 4 64897 17 64934 187 65141 4 65153 17 65191 89 65288 89 65398 3 65409 17 65448 88
000010,0 65536
000011, 
000012,618 5 872 9 1128 10 1384 10 1639 12 1895 12 2152 11 2170 3 2408 10 2423 7 2664 9 2677 10 2922 21 3183 17 3438 18 3693 19 3948 21 4204 21 4459 21 4715 21 4971 19 5226 18 5483 16 5739 14 5995 12 6252 10 6509 9 6765 9 7022 7 7281 2 12427 2 12677 12 12931 15 13185 18 13440 19 13696 20 13951 21 14207 22 14463 22 14720 21 14976 21 15233 19 15490 17 15749 12 17810 3 18066 4 18321 6 18576 8 18832 8 19087 9 19345 6 19602 3 20733 3 20987 5 21243 5 21498 6 21754 6 22010 6 22266 6 22522 6 22779 5 23039 1 31606 1 31827 5 31859 6 32082 13 32114 8 32334 18 32369 10 32588 21 32625 11 32843 23 32881 11 33098 24 33137 11 33353 26 33395 8 33608 27 33651 8 33864 27 33908 5 34120 27 34157 11 34376 24 34412 9 34633 21 34666 10 34890 14 34915 17 35148 11 35171 16 35427 15 35683 14 35939 13 36195 12 36451 11 36708 9 36968 3 39500 3 39755 6 40009 9 40264 11 40518 14 40772 16 41027 17 41283 17 41537 18 41792 19 42047 20 42303 21 42558 23 42814 24 43069 25 43325 25 43581 26 43836 28 44088 32 44343 33 44598 35 44853 36 45109 37 45365 37 45621 37 45878 36 46098 5 46134 36 46350 11 46390 36 46605 12 46646 35 46860 14 46902 35 47116 15 47157 36 47371 18 47413 36 47627 19 47670 34 47882 20 47926 34 48137 20 48183 32 48393 19 48440 30 48640 3 48648 20 48698 2 48701 24 48896 5 48904 19 48959 22 49152 27 49216 21 49408 27 49472 21 49664 27 49728 22 49920 26 49984 23 50176 26 50239 24 50432 5 50439 18 50495 24 50688 20 50711 1 50751 25 50943 16 51007 25 51197 7 51205 8 51262 26 51452 7 51462 6 51517 27 51707 7 51720 4 51773 26 51962 6 52029 26 52218 6 52285 26 52474 6 52541 25 52730 6 52798 24 52986 6 53055 23 53242 6 53311 22 53350 4 53498 6 53568 20 53606 5 53753 7 53824 20 53862 5 54007 9 54080 19 54118 5 54263 9 54336 18 54375 4 54386 4 54518 10 54592 18 54632 3 54641 6 54774 10 54823 2 54849 13 54897 7 55030 10 55078 6 55105 12 55153 8 55286 10 55333 9 55361 11 55409 9 55542 10 55588 11 55617 11 55659 3 55666 9 55799 9 55842 14 55874 9 55914 6 55922 10 56056 8 56097 17 56115 4 56131 7 56170 6 56179 10 56314 5 56349 29 56387 6 56426 20 56605 30 56644 3 56681 22 56860 31 56937 22 57115 33 57193 23 57371 32 57449 23 57627 32 57706 6 57715 13 57884 31 57962 4 57971 14 58140 31 58220 1 58228 13 58396 31 58440 1 58483 15 58653 30 58695 4 58739 16 58909 30 58948 8 58976 3 58995 17 59165 30 59203 10 59232 5 59239 4 59251 19 59422 29 59459 11 59487 13 59506 22 59657 2 59685 22 59714 13 59743 13 59762 24 59912 6 59940 22 59969 14 59999 13 60019 24 60167 8 60195 22 60225 15 60255 13 60276 23 60422 9 60446 27 60480 16 60511 10 60533 23 60678 9 60701 28 60736 16 60760 3 60767 9 60790 22 60934 10 60955 30 60991 17 61016 4 61023 9 61047 21 61189 11 61209 32 61247 16 61272 5 61279 8 61303 21 61444 53 61503 15 61529 4 61536 7 61559 21 61699 54 61759 15 61786 2 61793 4 61814 22 61954 55 62016 13 62069 23 62209 56 62273 10 62325 23 62465 56 62531 7 62580 23 62720 57 62835 23 62976 57 63084 5 63091 23 63232 56 63339 31 63488 56 63595 31 63744 56 63850 31 64000 55 64105 32 64256 55 64360 32 64512 55 64616 32 64768 54 64871 33 65024 54 65128 32 65280 54 65385 28
000013,198 13 454 13 711 12 968 9 6536 5 6791 8 7046 9 7301 10 7555 13 7810 14 8065 15 8321 15 8578 14 8834 13 9091 6 9873 2 9906 4 10128 4 10161 6 10371 6 10384 5 10417 7 10622 13 10640 4 10672 8 10877 16 10896 4 10927 9 11132 24 11181 12 11387 25 11436 15 11456 9 11643 26 11692 30 11899 27 11947 32 12156 26 12202 33 12412 26 12457 33 12668 26 12713 32 12923 27 12968 32 13179 27 13224 30 13435 26 13480 29 13690 26 13736 29 13946 26 13992 30 14202 25 14248 30 14457 25 14504 31 14713 25 14760 31 14969 25 15016 32 15224 25 15271 34 15480 25 15527 18 15547 15 15736 23 15782 18 15803 15 15991 23 16037 18 16059 16 16078 3 16247 23 16293 18 16315 16 16332 7 16503 22 16549 18 16572 24 16759 21 16806 17 16828 26 17015 19 17062 16 17085 27 17271 18 17319 14 17341 31 17527 17 17576 12 17597 32 17784 15 17832 13 17853 33 18041 13 18089 12 18109 33 18298 8 18346 11 18358 2 18365 33 18602 11 18614 2 18621 34 18860 7 18870 2 18877 34 19118 2 19128 39 19383 40 19639 40 19894 41 20150 41 20406 41 20662 41 20918 41 21175 40 21431 39 21687 38 21943 37 22199 37 22454 37 22710 37 22965 37 23221 37 23476 37 23732 36 23988 36 24243 36 24500 34 24756 34 25012 33 25268 31 25524 31 25780 31 26036 31 26293 31 26550 31 26807 8 26817 21 27064 6 27074 19 27321 4 27331 18 27587 19 27844 18 28102 17 28360 16 28617 15 28873 16 29130 15 29386 15 29644 12 29901 10 30159 6
000014,183 7 254 2 439 8 510 2 695 7 765 3 900 1 951 7 1020 4 1154 5 1208 5 1276 4 1410 6 1531 5 1666 7 1786 6 1922 8 2042 6 2177 9 2298 6 2432 11 2554 6 2688 11 2810 6 2943 13 3010 6 3066 6 3197 15 3234 2 3264 9 3322 6 3448 21 3478 4 3488 5 3519 11 3578 6 3702 24 3734 4 3743 7 3774 12 3835 5 3956 27 3990 4 3998 8 4030 12 4091 5 4212 28 4246 4 4254 8 4286 13 4349 3 4467 38 4510 8 4542 13 4607 1 4723 36 4766 9 4798 14 4978 37 5023 9 5054 15 5233 38 5279 9 5310 16 5488 39 5532 13 5566 17 5743 40 5786 15 5822 17 5998 42 6041 16 6078 17 6253 59 6334 17 6508 60 6589 18 6763 61 6845 18 7018 61 7101 17 7272 62 7357 17 7528 54 7613 16 7710 6 7783 52 7869 15 7964 12 8038 52 8126 14 8218 15 8294 52 8383 13 8417 3 8473 17 8549 53 8639 14 8673 4 8728 18 8805 53 8896 13 8928 6 8984 18 9061 53 9152 14 9184 6 9239 19 9318 52 9408 14 9440 6 9494 20 9574 52 9664 13 9696 4 9750 20 9830 52 9921 12 9953 1 10005 21 10087 51 10177 11 10260 21 10343 51 10433 11 10516 20 10600 50 10689 10 10771 20 10857 49 10946 7 11027 8 11038 9 11114 47 11203 4 11283 7 11295 8 11370 47 11539 7 11552 7 11627 46 11795 7 11809 5 11884 44 12051 7 12065 5 12142 42 12308 6 12323 2 12401 39 12565 5 12658 39 12821 5 12916 37 13079 2 13173 37 13315 4 13429 37 13570 6 13685 37 13825 8 13941 37 14081 9 14197 37 14336 12 14453 37 14580 5 14592 14 14709 37 14834 9 14848 15 14912 1 14966 36 15089 11 15104 17 15167 6 15222 35 15343 13 15360 19 15422 9 15479 12 15496 17 15598 14 15616 22 15678 10 15736 8 15753 15 15853 15 15872 23 15934 11 16011 11 16108 15 16128 23 16189 12 16268 9 16364 14 16384 23 16445 12 16525 6 16620 14 16640 22 16701 11 16876 13 16896 22 16958 9 17132 13 17152 23 17215 7 17388 13 17408 24 17643 14 17664 25 17897 15 17921 24 18151 16 18178 23 18407 15 18435 22 18663 14 18691 22 18920 12 18948 21 19177 10 19205 19 19332 2 19433 9 19463 17 19587 4 19689 8 19719 17 19841 6 19868 4 19946 7 19975 17 20096 7 20111 4 20122 8 20203 4 20231 17 20352 7 20366 6 20375 12 20486 18 20607 8 20621 23 20742 17 20863 8 20876 24 20997 18 21119 8 21131 26 21253 18 21376 7 21387 26 21509 18 21632 7 21643 27 21765 18 21887 9 21899 29 22021 18 22142 10 22156 30 22277 18 22398 10 22413 30 22533 18 22654 10 22669 31 22789 18 22910 9 22925 31 23045 18 23166 8 23182 31 23301 17 23422 8 23438 31 23558 15 23678 6 23694 32 23815 13 23935 5 23951 31 24072 8 24194 1 24207 32 24332 1 24464 32 24721 32 24978 39 25236 38 25493 38 25749 39 26006 38 26111 1 26263 38 26366 2 26520 37 26620 4 26776 37 26876 4 27033 36 27131 5 27289 35 27386 6 27546 29 27641 7 27803 27 27897 7 28060 4 28066 20 28152 8 28324 17 28407 9 28582 14 28659 2 28662 10 28840 8 28914 14 29169 15 29424 16 29680 16 29936 16 30193 6 30200 8 30451 1 30458 6 30714 6 30970 6 31227 5 31485 3 31742 2 31998 2 32253 3 32509 3 32764 4 33020 4 33276 4 33532 4 33788 4 34044 4 34300 4 34557 3 34814 2 35070 2 35325 3 35578 6 35832 8 36087 9 36343 9 36598 10 36853 11 37108 12 37364 12 37620 12 37876 12 38132 12 38387 13 38643 13 38730 4 38899 13 38985 6 39155 13 39241 7 39411 13 39496 10 39668 12 39752 10 39924 12 40008 10 40181 11 40264 11 40437 11 40520 12 40693 11 40776 13 40949 11 41032 14 41205 11 41288 14 41451 8 41460 12 41544 15 41704 24 41800 15 41957 27 42057 15 42211 29 42313 16 42466 30 42570 16 42721 31 42827 15 42977 31 43083 15 43233 31 43339 15 43489 31 43594 16 43745 31 43850 15 44001 31 44105 15 44257 31 44362 10 44514 30 44619 5 44770 30 45026 30 45282 30 45538 30 45795 29 46052 28 46308 28 46564 28 46820 28 47073 31 47328 32 47584 32 47839 33 48095 33 48351 33 48607 33 48863 33 49119 33 49375 33 49631 33 49885 35 50140 36 50396 36 50651 37 50906 38 51161 39 51415 41 51670 42 51924 44 52179 45 52378 7 52435 45 52633 9 52690 46 52888 10 52945 47 53143 11 53180 8 53200 48 53398 12 53436 9 53454 50 53654 12 53691 11 53708 52 53909 13 53945 71 54165 12 54200 72 54421 12 54456 72 54677 11 54712 72 54933 11 54967 73 55189 10 55223 73 55446 9 55479 73 55702 8 55735 73 55960 4 55992 72 56249 71 56505 71 56762 70 57019 56 57076 12 57103 5 57275 54 57332 12 57357 8 57532 52 57588 12 57601 5 57611 11 57792 47 57844 21 57866 12 58050 45 58100 35 58307 44 58356 36 58568 39 58613 36 58826 37 58871 34 59083 37 59127 34 59345 31 59382 35 59602 32 59636 37 59860 4 59869 1 59871 12 59888 41 60129 10 60145 40 60386 8 60402 39 60642 9 60655 41 60898 9 60908 44 61152 56 61404 60 61659 61 61915 61 62170 62 62425 64 62680 65 62936 65 63192 65 63448 40 63489 24 63705 39 63746 23 63962 38 64003 23 64218 38 64260 22 64474 38 64516 23 64729 39 64771 24 64984 40 65026 25 65240 67 65495 41
000015,7 20 30 5 38 8 225 31 263 19 286 5 295 7 481 31 519 19 542 5 551 6 737 30 776 17 799 4 810 1 993 30 1032 17 1056 2 1250 29 1289 16 1507 28 1545 16 1764 27 1792 1 1801 16 1835 5 2022 24 2048 2 2057 15 2088 9 2278 24 2304 3 2313 12 2342 11 2535 21 2560 3 2569 11 2597 12 2791 20 2816 4 2825 9 2842 1 2852 14 3047 19 3072 6 3080 10 3097 4 3107 15 3303 18 3328 18 3352 6 3363 16 3560 17 3584 18 3607 7 3619 17 3816 17 3840 7 3850 8 3862 8 3876 16 4072 16 4096 7 4107 19 4131 17 4328 16 4352 6 4364 18 4386 18 4584 15 4608 5 4626 13 4641 19 4841 11 4864 3 4882 35 5098 8 5137 36 5356 5 5393 37 5612 5 5649 38 5869 3 5906 38 6162 39 6419 39 6675 39 6931 40 7187 41 7443 41 7697 44 7951 46 8207 46 8462 46 8718 45 8974 38 9014 2 9230 37 9487 36 9743 36 9999 35 10142 4 10255 34 10396 13 10511 32 10576 4 10651 16 10766 32 10831 8 10902 22 10999 1 11022 31 11087 12 11110 4 11140 3 11158 23 11255 1 11279 28 11342 16 11365 6 11395 5 11413 24 11511 1 11535 27 11597 19 11620 7 11652 4 11668 25 11792 26 11852 21 11876 8 11908 3 11922 15 11940 9 12051 9 12061 13 12107 22 12131 9 12171 23 12197 7 12308 7 12318 13 12363 23 12387 8 12427 24 12456 3 12566 4 12575 12 12619 23 12644 7 12683 24 12832 12 12874 24 12939 25 13089 11 13130 25 13188 3 13193 27 13345 12 13386 26 13443 34 13601 13 13641 27 13698 36 13832 2 13857 12 13895 29 13954 37 14080 4 14086 5 14115 9 14150 30 14209 38 14336 11 14374 4 14406 31 14463 40 14592 10 14662 31 14718 40 14848 9 14919 31 14973 41 15104 7 15176 30 15230 39 15360 6 15437 26 15486 39 15616 6 15695 24 15744 37 15872 5 15952 23 16001 36 16128 5 16209 21 16258 35 16384 6 16467 18 16515 35 16551 4 16640 7 16724 16 16771 41 16896 8 16954 3 16982 13 17027 41 17152 9 17209 5 17240 11 17283 41 17408 10 17465 5 17500 6 17540 41 17664 12 17678 3 17719 7 17796 40 17920 17 17971 12 18052 40 18176 18 18227 13 18309 38 18432 18 18482 14 18565 34 18688 18 18739 14 18821 34 18944 18 18996 14 19077 34 19200 14 19215 2 19254 12 19332 36 19456 12 19512 10 19587 37 19712 11 19769 9 19842 39 19968 3 20025 9 20096 41 20282 9 20351 42 20539 8 20607 42 20795 9 20863 42 21051 9 21119 30 21152 9 21305 11 21376 28 21409 8 21556 1 21560 13 21633 27 21666 6 21809 20 21891 25 21923 5 22065 20 22148 24 22180 3 22320 20 22405 23 22576 19 22661 22 22832 17 22918 20 23088 13 23174 18 23346 10 23430 17 23604 8 23686 15 23863 3 23943 14 24199 13 24456 12 24712 12 24968 12 25069 6 25225 11 25324 9 25481 10 25579 11 25737 10 25834 12 25995 7 26090 13 26254 1 26345 14 26596 19 26851 20 27106 21 27362 21 27618 21 27874 21 28130 21 28386 21 28642 20 28899 19 29155 19 29412 17 29668 17 29925 15 30181 8 30190 5 30437 7 30693 6 30949 6 31206 4 31281 4 31534 8 31789 10 32043 15 32298 20 32511 1 32553 22 32766 2 32809 23 33021 3 33064 25 33277 3 33320 26 33532 4 33575 28 33786 6 33831 29 34040 8 34085 31 34293 11 34339 33 34548 12 34594 34 34803 13 34850 33 35058 14 35106 33 35314 14 35362 32 35570 13 35618 32 35826 13 35873 33 36083 11 36128 33 36340 9 36383 34 36598 2 36639 34 36894 35 37150 34 37406 34 37663 33 37919 32 38175 32 38397 3 38432 24 38636 12 38652 4 38688 24 38892 13 38907 5 38946 23 39147 21 39204 22 39402 22 39461 23 39653 27 39722 18 39908 28 39980 16 40067 3 40162 30 40239 13 40318 12 40418 30 40500 7 40572 16 40667 2 40674 30 40758 2 40828 16 40923 3 40931 29 41083 17 41179 3 41187 29 41339 17 41444 28 41595 17 41700 28 41851 17 41956 28 42109 16 42212 28 42368 10 42380 1 42468 28 42625 9 42725 27 42881 9 42899 7 42981 27 43137 9 43155 9 43236 28 43394 7 43411 9 43491 29 43650 6 43667 10 43746 30 43907 4 43923 10 44002 30 44179 11 44258 30 44435 11 44515 29 44691 10 44774 26 44947 10 45032 24 45203 9 45289 23 45459 8 45546 22 45716 6 45803 21 45972 5 46060 20 46316 20 46573 19 46829 19 47086 18 47342 18 47599 17 47856 16 48113 15 48370 14 48627 13 48884 5 48893 3 49143 1 49151 1 52532 2 52786 7 53041 9 53297 9 53550 13 53802 18 53933 5 54057 19 54186 10 54271 1 54312 20 54432 4 54439 13 54526 2 54567 21 54688 20 54781 3 54822 23 54943 21 55033 7 55077 24 55199 21 55288 8 55333 24 55454 22 55480 3 55542 10 55588 25 55710 31 55798 10 55844 25 55966 32 56052 12 56100 24 56221 33 56302 3 56306 14 56356 24 56477 33 56555 21 56612 24 56732 34 56809 23 56870 22 56988 32 57063 25 57128 20 57244 28 57318 26 57384 20 57506 22 57574 26 57640 21 57764 9 57776 8 57829 27 57896 22 58022 5 58034 5 58085 27 58151 23 58291 4 58342 26 58407 24 58598 26 58663 25 58856 24 58919 25 59112 24 59175 25 59369 23 59431 25 59625 23 59687 25 59882 22 59943 25 60138 22 60198 25 60395 21 60453 25 60651 21 60709 24 60787 2 60907 21 60964 25 61041 9 61162 22 61220 25 61296 21 61417 23 61477 24 61552 23 61673 23 61734 23 61808 23 61929 23 61990 23 62065 22 62186 22 62246 22 62322 21 62447 17 62502 9 62516 7 62579 21 62664 12 62704 16 62758 7 62836 21 62919 14 62960 16 63016 3 63093 21 63174 15 63217 15 63349 21 63429 16 63474 14 63604 22 63685 16 63730 14 63859 24 63940 18 63987 13 64114 25 64195 19 64244 12 64370 26 64450 20 64500 12 64626 25 64705 21 64757 11 64882 25 64961 22 65014 10 65139 23 65216 23 65271 9 65395 23 65472 23 65528 8
000016,3473 3 3726 8 3981 16 4236 19 4492 21 4748 23 5004 26 5260 27 5492 6 5516 28 5747 8 5772 28 6003 10 6028 28 6259 11 6284 27 6515 15 6538 28 6772 48 7028 45 7285 43 7541 42 7799 39 8056 37 8313 35 8570 33 8827 32 9084 31 9341 30 9598 29 9854 29 10111 29 10367 29 10623 29 10879 29 11135 29 11392 27 11648 26 11904 25 12160 25 12416 25 12672 27 12928 28 13185 28 13441 29 13698 27 13955 26 14214 22 14472 17 14733 10 14990 7 15250 1 28302 8 28556 11 28811 13 29067 13 29322 15 29578 15 29834 15 30091 14 30349 11 30606 9 30862 8 31119 6 31377 2 61183 1 61437 3 61692 4 61946 6 62198 10 62453 11 62709 11 62964 12 63220 12 63476 12 63731 13 63987 13 64243 13 64498 14 64755 13 65011 13 65267 13 65523 13
000017,214 7 225 31 470 6 482 30 726 5 738 30 982 4 995 29 1237 4 1251 29 1494 3 1508 28 1750 3 1765 27 2021 27 2276 28 2530 30 2786 30 3043 4 3048 24 3299 4 3306 22 3553 5 3562 22 3807 4 3818 22 4062 5 4074 22 4318 5 4330 22 4574 5 4587 21 4830 5 4844 20 5086 4 5102 18 5342 3 5358 18 5615 17 5871 17 6129 15 6387 13 6644 12 6900 12 7143 1 7156 12 7398 3 7409 1 7413 11 7653 4 7672 8 7909 4 7928 8 8184 8 8440 8 8696 8 8952 8 9203 1 9208 8 9458 3 9465 7 9714 3 9722 6 9970 4 9978 6 10226 5 10235 5 10479 8 10492 4 10735 9 10748 4 10989 11 11005 3 11243 13 11261 3 11498 14 11517 3 11755 13 11772 4 12011 13 12028 4 12267 15 12284 4 12523 21 12780 19 13041 14 13297 1 13302 9 13559 7 13803 1 13809 1 13817 4 14058 3 14065 1 14074 3 14314 4 14321 1 14330 6 14562 4 14570 4 14577 1 14587 5 14818 5 14844 4 15074 6 15100 4 15330 6 15586 6 15843 6 15858 2 16093 2 16100 6 16111 6 16356 6 16366 7 16380 4 16612 5 16621 9 16636 4 16870 2 16876 10 16892 2 17132 10 17388 9 17645 7 17902 5 18158 5 18415 3 18423 1 18671 1 18679 1 18927 1 18934 2 19190 2 19197 3 19445 3 19453 3 19686 3 19701 1 19709 3 19941 5 19957 4 19965 1 20194 9 20212 6 20449 10 20462 13 20705 22 20728 3 20732 2 20960 21 21216 20 21466 2 21472 20 21499 3 21720 5 21727 21 21755 4 21976 27 22011 5 22232 27 22267 5 22487 28 22523 5 22743 28 22779 5 22999 29 23035 5 23255 22 23278 7 23292 4 23511 31 23548 4 23768 32 23805 3 24025 32 24060 4 24281 32 24314 6 24538 38 24794 38 25052 36 25310 34 25566 34 25822 34 26079 33 26344 24 26601 23 26858 22 27115 21 27373 19 27632 16 27890 14 28146 14 28404 12 28660 12 28903 6 28916 12 29158 7 29172 12 29413 8 29426 14 29668 11 29680 16 29923 22 29946 6 30178 23 30202 6 30433 24 30458 6 30690 30 30947 29 31204 28 31461 27 31718 26 31974 26 32230 26 32487 25 32742 26 32998 26 33254 26 33509 27 33765 2 33768 24 34021 1 34024 17 34042 6 34285 11 34300 4 34542 3 34546 5 34803 3 39281 5 39536 6 39561 2 39792 6 39813 8 39838 1 40068 14 40083 18 40106 1 40324 41 40370 2 40378 4 40580 49 40630 8 40837 57 41095 55 41353 53 41610 52 41867 51 42122 52 42378 52 42632 54 42887 56 43142 59 43399 5 43406 53 43655 5 43662 53 43912 4 43918 54 44168 4 44174 54 44425 3 44431 55 44489 4 44514 2 44681 3 44686 63 44765 9 44937 3 44941 65 45020 12 45193 23 45218 46 45269 1 45274 19 45311 1 45452 19 45475 46 45522 5 45528 22 45567 1 45708 19 45732 15 45752 55 45965 20 45989 13 46009 56 46071 3 46221 22 46245 12 46266 70 46478 28 46510 2 46522 70 46735 25 46777 71 46992 23 47033 71 47247 26 47289 71 47501 29 47545 71 47756 32 47805 67 48011 36 48062 66 48264 41 48318 66 48520 45 48574 66 48776 46 48829 67 49032 46 49084 68 49288 46 49339 69 49544 47 49594 70 49800 120 50055 121 50311 121 50567 121 50823 121 51079 121 51335 121 51591 121 51847 112 51960 8 52103 111 52217 7 52359 110 52474 6 52615 110 52730 6 52871 112 52984 8 53127 121 53384 120 53641 119 53898 118 54156 116 54413 115 54673 10 54684 100 54932 6 54942 2 54947 93 55190 3 55205 91 55462 90 55719 89 55976 88 56223 2 56233 1 56236 84 56469 2 56493 83 56723 5 56750 82 56980 3 57007 81 57173 2 57237 1 57263 81 57428 3 57520 80 57684 3 57776 80 57941 2 58033 7 58042 70 58298 70 58554 70 58810 70 59067 69 59324 68 59580 68 59836 5 59842 62 60091 6 60098 62 60347 6 60354 62 60603 6 60610 62 60859 6 60866 62 61115 69 61369 71 61624 72 61880 72 62136 53 62191 17 62392 7 62400 45 62450 14 62648 52 62706 14 62904 52 62963 13 63159 7 63169 42 63222 10 63415 6 63426 39 63481 7 63682 38 63735 9 63938 38 63991 9 64194 41 64236 4 64246 10 64450 11 64464 33 64502 3 64506 6 64707 9 64721 32 64756 12 64959 1 64963 8 64979 30 65011 13 65220 7 65236 44 65478 5 65492 44
000018,137 53 202 17 220 12 392 55 458 17 477 11 646 57 714 17 734 10 758 3 900 59 969 19 990 10 1013 6 1156 65 1222 23 1247 9 1268 8 1411 91 1505 6 1524 9 1667 91 1762 4 1780 9 1923 92 2035 10 2179 94 2291 11 2434 95 2547 11 2690 96 2803 12 2946 97 3057 15 3202 97 3312 16 3459 95 3567 17 3715 95 3822 18 3971 94 4078 18 4228 92 4332 20 4484 90 4585 23 4740 89 4839 25 4997 87 5094 26 5253 85 5349 27 5510 82 5604 28 5766 81 5859 29 6023 80 6115 29 6280 79 6370 30 6536 79 6626 30 6793 78 6882 30 7051 76 7138 30 7308 74 7394 30 7565 73 7651 29 7822 72 7907 29 8079 71 8164 28 8336 70 8420 28 8572 5 8592 71 8676 28 8825 9 8848 71 8924 2 8932 28 9076 16 9104 112 9331 17 9360 112 9587 18 9616 112 9842 20 9871 113 10098 20 10126 114 10353 21 10381 115 10608 20 10636 116 10863 20 10892 116 11118 20 11148 116 11374 18 11405 115 11631 16 11661 115 11888 12 11918 114 12145 9 12174 106 12282 6 12429 106 12539 5 12684 105 12794 6 12938 105 13050 6 13193 104 13306 6 13449 103 13563 5 13704 104 13820 4 13960 104 14077 3 14216 103 14471 104 14728 102 14984 102 15240 101 15497 100 15753 99 16010 97 16266 96 16522 94 16779 92 17036 89 17294 86 17554 82 17811 80 18068 79 18324 79 18581 79 18838 78 19104 69 19363 66 19620 66 19877 66 20134 65 20390 66 20646 67 20902 67 21159 67 21416 66 21674 64 21931 44 21980 14 22188 42 22239 10 22445 41 22495 10 22704 37 22752 10 22961 35 23008 10 23218 31 23263 11 23475 55 23732 54 23989 54 24247 53 24503 54 24760 54 24831 1 25018 53 25085 3 25275 13 25290 37 25340 4 25533 4 25538 4 25548 36 25596 4 25806 35 25851 5 26062 35 26101 4 26106 6 26318 50 26574 50 26829 51 27083 53 27338 54 27593 55 27848 56 28104 56 28360 56 28615 57 28870 58 29126 58 29371 5 29382 58 29627 7 29638 58 29882 10 29893 59 30138 70 30394 70 30650 70 30832 2 30907 69 31087 5 31163 69 31341 8 31420 68 31597 8 31677 67 31853 8 31934 66 32108 9 32190 66 32364 8 32446 66 32619 9 32702 66 32873 11 32958 66 33128 13 33214 66 33384 15 33470 66 33639 16 33726 66 33894 17 33985 63 34149 18 34244 60 34405 18 34500 60 34661 18 34757 59 34916 18 35014 58 35172 18 35270 58 35428 17 35527 57 35683 18 35784 56 35937 21 36043 53 36190 24 36300 45 36348 4 36445 26 36556 43 36604 4 36701 26 36812 42 36861 3 36957 27 37068 41 37119 1 37213 27 37323 41 37469 27 37578 41 37725 27 37834 41 37982 26 38090 41 38238 25 38345 43 38494 25 38600 45 38751 23 38853 48 39008 22 39108 49 39267 19 39364 49 39524 19 39619 50 39780 19 39875 50 40037 18 40130 51 40293 18 40386 51 40549 17 40642 51 40806 14 40898 50 41064 1 41068 2 41153 51 41324 1 41409 50 41665 50 41803 2 41921 49 41993 4 42058 3 42177 49 42248 5 42313 5 42434 48 42503 6 42569 5 42691 47 42760 5 42825 5 42884 4 42949 45 43017 3 43080 6 43137 9 43207 43 43336 5 43388 15 43464 42 43593 4 43643 17 43721 40 43850 1 43898 21 43977 40 44050 4 44154 23 44232 41 44304 10 44409 26 44488 40 44558 14 44665 27 44744 40 44813 16 44920 29 44999 41 45068 19 45177 29 45255 40 45323 21 45433 29 45511 39 45579 22 45689 29 45767 37 45835 23 45946 28 46022 23 46046 8 46091 24 46202 28 46279 21 46303 7 46347 24 46457 29 46535 20 46560 5 46604 23 46712 30 46792 18 46817 4 46860 23 46967 31 47048 18 47116 23 47223 32 47306 14 47372 22 47478 33 47567 6 47628 22 47734 33 47885 20 47990 32 48142 19 48246 32 48399 18 48502 31 48657 16 48759 28 48916 2 48921 9 49015 25 49177 9 49271 23 49434 8 49528 21 49690 8 49784 18 49946 7 50040 16 50203 6 50298 14 50460 3 50555 13 50813 10 51070 8 51327 5 51806 1 52060 4 52315 6 52571 6 52826 8 53082 8 53337 9 53593 9 53849 8 54105 7 54361 6 54618 4 55382 2 55636 7 55870 4 55888 15 56125 6 56141 19 56379 9 56395 22 56632 13 56648 25 56887 43 57143 43 57397 46 57650 50 57905 51 58160 53 58415 54 58671 54 58927 53 59183 53 59439 53 59695 53 59951 53 60209 51 60467 49 60723 52 60979 55 61235 55 61491 56 61747 56 62004 55 62260 55 62515 55 62771 55 63027 55 63283 54 63540 10 63551 41 63797 8 63809 15 63835 13 64057 2 64066 9 64092 11 64350 8 64580 1 64610 3 64836 3 65092 4 65347 6
000019,0 65536
000020,0 65536
000021,0 102 256 62 321 37 512 60 578 36 768 59 835 34 1024 59 1092 33 1280 59 1352 27 1536 58 1610 22 1792 57 1870 18 2048 57 2129 15 2304 55 2384 16 2560 41 2603 11 2640 16 2816 41 2860 6 2896 15 3072 41 3152 15 3328 41 3408 14 3584 41 3664 10 3840 41 3921 5 4096 41 4352 41 4608 40 4864 39 5120 39 5376 38 5632 37 5888 36 6144 36 6400 35 6656 34 6912 18 6931 13 7168 17 7187 12 7424 16 7445 9 7680 16 7702 7 7936 16 8192 16 8448 16 8704 16 8960 16 9216 16 9472 16 9728 16 9984 15 10240 15 10496 15 10752 15 11008 14 11264 14 11520 13 11776 12 12032 7 12288 4 12544 2 17000 5 17253 9 17492 3 17504 14 17748 3 17757 18 18004 3 18012 20 18036 3 18259 4 18267 29 18515 4 18521 32 18770 40 19025 41 19280 43 19535 44 19791 44 20046 46 20301 48 20556 50 20811 52 21066 54 21322 54 21577 56 21833 56 22088 58 22343 58 22599 58 22854 60 23110 60 23366 61 23621 63 23876 66 24131 69 24387 69 24643 70 24899 70 25155 71 25411 71 25668 70 25924 70 26181 69 26437 69 26693 68 26949 68 27204 69 27460 69 27716 69 27972 69 28229 7 28237 60 28493 59 28749 58 29005 58 29261 58 29517 57 29773 57 30029 56 30285 55 30540 55 30796 53 31052 52 31309 51 31566 49 31824 2 31829 41 32086 39 32343 36 32599 32 32856 29 33113 5 33121 19 33378 17 33635 15 33891 14 34147 7 34404 5 48376 2 48625 10 48880 13 49135 14 49391 14 49648 14 49882 5 49888 7 49904 14 50136 16 50160 16 50390 19 50416 16 50645 20 50672 16 50900 21 50928 16 51156 22 51183 17 51412 23 51439 17 51668 44 51923 45 52179 45 52434 46 52690 46 52946 46 53202 46 53460 44 53720 40 53976 40 54232 40 54488 20 54511 17 54744 18 54769 15 55000 13 55028 12 55256 12 55285 11 55512 11 55541 11 55767 11 55797 11 56023 9 56052 12 56280 7 56308 12 56537 5 56564 12 56795 1 56820 12 57077 11 57335 9 57592 8 57848 8 58104 8 58360 8 58615 9 58871 9 59128 8 59384 8 59642 6 59828 1 59900 4 60156 4 60412 4 60668 4 60925 3 61180 4 61436 4 61692 4 61948 4 62204 4 62459 5 62716 4 62972 4 63229 3
000022,46061 1 46311 9 46565 13 46820 25 47075 29 47331 29 47586 30 47842 30 48098 30 48355 29 48612 28 48869 27 49125 27 49382 26 49638 26 49895 25 50151 25 50408 24 50664 16 50682 6 50921 12 50938 6 51178 10 51194 6 51435 8 51450 11 51695 1 51706 12 51963 11 52001 5 52188 6 52219 10 52255 9 52443 8 52458 4 52475 10 52510 12 52523 4 52698 11 52713 11 52732 8 52763 22 52891 4 52954 28 52988 8 53019 23 53145 7 53205 3 53210 29 53244 8 53274 25 53398 10 53459 39 53500 8 53530 14 53545 10 53653 11 53714 50 53787 13 53801 10 53907 13 53970 49 54043 12 54057 9 54161 14 54225 11 54238 37 54299 12 54314 8 54415 16 54479 14 54494 36 54555 12 54570 7 54670 17 54731 53 54811 12 54825 7 54926 17 54985 55 55067 20 55140 1 55181 19 55237 59 55323 20 55392 8 55437 25 55492 60 55567 3 55580 19 55647 11 55690 29 55747 61 55821 35 55901 14 55943 32 56002 62 56076 38 56156 15 56198 34 56256 64 56331 23 56356 15 56411 17 56454 34 56510 66 56587 19 56612 16 56666 18 56709 37 56764 68 56843 19 56867 17 56922 18 56964 40 57019 69 57098 42 57178 17 57219 41 57274 70 57354 43 57434 17 57470 47 57530 70 57609 44 57691 15 57725 49 57786 70 57863 46 57916 1 57948 22 57979 51 58042 70 58118 48 58170 5 58206 21 58233 53 58297 71 58373 49 58427 4 58461 23 58486 56 58553 71 58628 51 58684 3 58716 82 58806 74 58883 52 58971 84 59059 77 59138 53 59199 10 59225 167 59394 53 59454 11 59479 169 59650 53 59710 11 59735 169 59906 53 59965 12 59989 171 60161 54 60221 12 60245 171 60417 55 60478 11 60500 228 60735 9 60754 109 60865 118 60994 6 61007 111 61122 117 61262 111 61379 115 61517 113 61635 115 61773 115 61891 114 62029 117 62147 113 62285 231 62540 230 62795 228 63048 228 63303 228 63557 226 63812 226 64067 226 64322 226 64577 226 64833 224 65089 219 65345 191
000023,1 38 78 16 97 54 241 15 257 39 334 16 352 55 496 16 513 40 591 15 607 56 705 1 752 16 769 41 848 70 951 3 958 6 1008 16 1026 41 1106 5 1116 58 1206 16 1264 16 1282 42 1372 19 1393 37 1461 17 1520 16 1539 41 1627 17 1650 37 1716 19 1777 15 1797 40 1880 20 1906 37 1971 20 2034 14 2054 39 2136 20 2162 38 2227 20 2290 14 2310 39 2391 19 2419 37 2482 22 2547 13 2566 39 2647 18 2675 37 2738 23 2804 12 2822 39 2903 15 2932 35 2993 24 3060 12 3078 40 3159 14 3188 34 3249 25 3317 11 3334 6 3344 30 3416 9 3445 32 3504 27 3534 4 3572 12 3591 4 3601 29 3673 5 3701 31 3756 40 3827 13 3857 30 3958 30 4012 45 4083 13 4114 29 4214 30 4267 48 4339 13 4371 28 4471 29 4523 51 4595 13 4628 27 4727 29 4779 52 4851 13 4885 26 4982 30 5035 53 5090 4 5107 13 5142 25 5238 29 5290 61 5364 12 5399 24 5493 29 5546 62 5619 13 5657 23 5749 28 5801 64 5875 13 5913 23 6005 27 6057 65 6131 13 6170 5 6179 13 6261 26 6313 66 6387 13 6436 13 6516 26 6569 68 6643 13 6694 11 6772 26 6825 68 6899 13 6952 8 7027 27 7081 69 7156 12 7210 5 7283 27 7338 68 7412 12 7539 28 7594 22 7618 44 7668 12 7794 30 7838 2 7850 21 7874 43 7924 12 8050 30 8093 5 8107 20 8130 43 8180 12 8305 31 8349 6 8364 19 8386 41 8435 13 8561 32 8605 6 8621 18 8644 38 8692 12 8817 32 8861 6 8880 16 8901 35 8948 12 9073 32 9117 6 9137 15 9160 32 9205 11 9329 33 9374 5 9394 14 9417 31 9462 10 9555 5 9585 33 9630 5 9651 13 9674 30 9720 8 9810 7 9842 32 9887 3 9908 12 9931 29 9977 7 10066 8 10099 30 10144 6 10165 11 10187 29 10233 7 10322 13 10357 28 10401 8 10423 7 10443 29 10490 6 10577 16 10614 26 10656 12 10698 30 10746 6 10833 17 10871 24 10912 13 10954 30 11003 5 11088 22 11128 22 11168 18 11210 30 11260 4 11283 3 11342 25 11385 3 11389 16 11424 20 11467 30 11517 3 11538 5 11597 28 11652 8 11680 22 11723 31 11794 5 11852 31 11910 3 11936 22 11979 32 12050 5 12107 33 12192 23 12235 32 12306 5 12363 34 12448 23 12492 38 12619 38 12704 23 12748 39 12876 38 12960 23 13004 22 13030 14 13133 39 13214 25 13262 18 13287 14 13389 39 13469 26 13546 11 13645 40 13724 27 13802 12 13901 40 13979 28 14044 4 14058 13 14157 40 14233 30 14298 8 14314 13 14412 41 14485 34 14553 11 14570 13 14668 40 14740 34 14807 15 14825 14 14855 1 14924 40 14995 35 15062 17 15080 14 15179 41 15251 35 15317 33 15435 40 15506 36 15572 34 15690 41 15762 35 15828 35 15946 39 16017 34 16084 36 16202 39 16272 31 16340 37 16458 39 16528 31 16597 36 16715 39 16783 32 16854 35 16930 7 16971 39 17039 33 17110 35 17185 11 17227 39 17295 36 17367 33 17441 12 17483 38 17551 38 17625 29 17696 14 17738 39 17807 42 17883 24 17951 16 17994 39 18064 43 18141 21 18207 16 18250 39 18320 46 18398 20 18462 16 18506 39 18576 47 18654 20 18718 28 18762 41 18832 48 18911 20 18973 30 19019 43 19088 48 19168 20 19229 31 19275 45 19344 48 19397 1 19425 21 19485 31 19531 45 19601 48 19652 4 19681 22 19740 17 19758 15 19788 45 19857 55 19938 21 19996 17 20015 14 20044 46 20113 56 20194 21 20251 18 20271 15 20301 19 20323 23 20369 56 20451 20 20507 18 20527 15 20558 17 20581 21 20625 56 20708 19 20763 36 20815 14 20839 20 20861 4 20881 56 20964 18 21019 36 21073 5 21097 25 21138 55 21221 15 21242 3 21275 37 21353 24 21394 56 21477 13 21497 5 21531 38 21609 24 21650 37 21689 17 21734 10 21752 7 21786 39 21864 24 21904 39 21946 16 21990 10 22008 6 22041 40 22120 19 22159 39 22204 14 22245 11 22264 6 22296 41 22375 20 22414 41 22460 14 22501 12 22520 4 22551 42 22631 20 22669 43 22716 14 22756 14 22806 44 22887 19 22924 62 23012 15 23061 45 23143 11 23156 6 23179 62 23267 17 23316 22 23344 18 23400 10 23414 1 23432 64 23520 21 23572 21 23601 17 23656 8 23686 63 23773 25 23828 21 23856 18 23913 6 23943 54 23998 5 24027 27 24084 21 24112 18 24170 1 24200 52 24282 29 24341 20 24368 18 24456 52 24538 28 24597 20 24624 18 24713 51 24793 29 24854 18 24880 17 24970 10 24982 38 25048 30 25111 16 25137 16 25228 5 25239 36 25304 31 25369 13 25394 14 25476 1 25496 35 25559 34 25628 9 25651 10 25728 7 25753 34 25815 35 25886 6 25907 8 25982 9 26012 30 26071 36 26164 5 26236 12 26270 5 26278 20 26327 36 26421 3 26490 14 26535 18 26583 37 26744 16 26800 7 26839 38 26995 20 27025 5 27057 5 27096 38 27248 21 27270 1 27280 6 27299 5 27352 38 27501 23 27536 6 27554 9 27609 37 27756 23 27793 5 27810 10 27865 37 28011 23 28050 4 28066 11 28121 37 28267 23 28322 11 28378 35 28473 6 28524 23 28578 10 28635 32 28677 4 28728 8 28781 22 28835 8 28892 30 28932 6 28983 10 29038 24 29093 4 29149 28 29188 7 29238 11 29295 24 29405 28 29444 7 29493 12 29552 24 29661 29 29695 1 29700 7 29748 13 29809 23 29918 29 29950 2 29956 7 30004 12 30065 23 30174 29 30207 1 30213 6 30260 10 30313 5 30321 22 30430 30 30469 6 30517 8 30556 7 30568 31 30685 21 30708 8 30726 4 30811 9 30823 31 30941 20 30965 7 31057 4 31067 9 31079 30 31197 20 31222 6 31312 48 31452 20 31480 2 31567 47 31708 21 31823 46 31964 22 32079 48 32221 22 32335 54 32477 22 32591 59 32734 22 32846 62 32992 20 33102 63 33250 18 33357 39 33400 22 33508 16 33614 36 33656 23 33696 3 33764 17 33870 34 33912 24 33950 6 34019 18 34126 33 34167 27 34205 8 34274 19 34383 31 34422 29 34459 10 34529 21 34639 30 34677 31 34712 13 34785 21 34895 29 34932 32 34966 20 35041 22 35151 29 35187 33 35221 21 35296 22 35373 5 35406 30 35442 56 35552 22 35628 9 35661 31 35698 55 35808 21 35884 11 35917 29 35954 55 36064 20 36131 4 36140 14 36175 26 36210 56 36271 2 36320 20 36385 8 36396 15 36431 23 36466 49 36519 11 36549 2 36576 19 36638 11 36652 16 36688 21 36723 47 36773 16 36797 3 36804 5 36832 19 36893 31 36946 17 36980 46 37028 21 37053 14 37088 19 37148 32 37211 7 37237 69 37309 14 37344 19 37404 32 37494 68 37566 14 37600 18 37660 32 37750 69 37822 15 37857 17 37916 31 38006 87 38099 1 38113 16 38172 31 38261 40 38303 46 38353 6 38370 14 38428 29 38517 39 38560 45 38608 9 38627 12 38670 3 38684 28 38773 39 38816 45 38864 10 38885 9 38926 4 38941 26 39029 39 39072 46 39120 10 39146 2 39182 4 39197 26 39285 14 39307 18 39328 59 39438 3 39453 26 39541 12 39563 18 39584 60 39677 3 39694 3 39709 26 39797 11 39818 20 39840 62 39932 4 39966 24 40054 8 40074 20 40096 62 40188 4 40222 26 40251 12 40311 6 40329 21 40352 62 40444 4 40478 43 40585 20 40609 62 40700 4 40735 8 40746 31 40841 19 40866 60 40957 3 40992 5 41004 30 41097 18 41123 59 41213 3 41262 28 41354 16 41380 58 41465 7 41519 27 41612 14 41637 56 41720 8 41776 26 41869 12 41895 26 41924 24 41974 10 42033 26 42125 12 42152 24 42182 21 42229 11 42290 25 42382 10 42408 24 42438 21 42485 11 42547 28 42638 8 42663 24 42693 21 42740 12 42804 28 42895 5 42918 25 42949 21 42996 12 43061 29 43171 26 43205 20 43252 12 43318 14 43337 12 43426 22 43461 20 43508 12 43575 13 43593 13 43666 2 43681 18 43716 20 43764 12 43833 11 43849 14 43921 5 43937 16 43971 20 44020 12 44090 10 44105 15 44151 6 44176 8 44193 15 44225 22 44276 12 44346 10 44361 15 44406 9 44432 14 44449 15 44481 21 44532 12 44601 11 44617 15 44662 10 44676 1 44687 16 44705 14 44736 22 44788 12 44856 12 44873 15 44917 17 44942 32 44992 22 45044 12 45111 12 45129 15 45173 18 45198 32 45249 21 45300 12 45367 11 45385 15 45429 18 45454 24 45481 4 45506 13 45520 6 45535 4 45557 10 45623 10 45641 15 45684 18 45709 24 45763 8 45778 4 45790 7 45814 7 45879 9 45898 14 45938 20 45965 24 46020 4 46035 2 46045 8 46073 1 46136 6 46155 13 46194 19 46221 24 46300 11 46393 3 46411 12 46449 20 46478 23 46555 12 46667 12 46705 19 46734 23 46810 13 46923 12 46961 18 46990 23 47063 16 47179 11 47217 17 47245 23 47318 17 47435 10 47473 15 47501 23 47574 17 47691 8 47730 6 47757 23 47831 16 47947 6 47986 5 48012 23 48088 14 48184 1 48204 1 48268 23 48345 12 48434 8 48524 23 48602 9 48689 10 48780 23 48860 5 48943 12 49037 21 49119 1 49198 14 49213 6 49250 3 49293 21 49375 1 49451 26 49505 10 49550 20 49631 3 49706 28 49759 14 49807 7 49818 14 49834 6 49886 4 49962 28 50015 15 50064 4 50076 21 50107 4 50142 4 50218 28 50271 15 50322 2 50332 37 50399 3 50475 27 50526 16 50588 38 50656 2 50731 25 50782 16 50843 39 50988 23 51038 16 51097 42 51248 17 51294 15 51351 44 51505 8 51550 14 51605 45 51763 4 51806 12 51860 45 52062 11 52115 45 52319 9 52371 45 52575 8 52626 45 52832 7 52881 46 53089 5 53136 46 53392 45 53648 44 53904 44 54160 43 54417 42 54674 41 54931 39 55189 37 55445 36 55702 33 55959 29 56215 28 56364 1 56472 26 56618 4 56729 23 56846 4 56873 6 56896 4 56985 21 57101 6 57123 13 57150 9 57242 18 57339 1 57356 12 57377 16 57406 13 57498 16 57593 4 57611 14 57632 17 57661 20 57754 14 57849 5 57867 14 57887 19 57917 21 58011 12 58105 5 58122 16 58142 23 58173 23 58268 8 58362 4 58371 3 58377 17 58397 25 58428 26 58624 25 58652 28 58683 30 58880 24 58908 28 58939 31 59136 23 59164 63 59333 2 59392 22 59420 63 59580 13 59648 20 59676 63 59834 17 59904 16 59932 63 60087 21 60160 11 60187 64 60339 26 60416 10 60443 64 60593 28 60672 8 60698 64 60848 30 60928 7 60954 64 61103 31 61185 3 61209 65 61359 31 61466 64 61615 22 61638 5 61722 64 61871 20 61903 2 61979 63 62127 20 62158 13 62235 62 62382 20 62413 15 62435 4 62492 40 62533 20 62637 20 62666 20 62689 7 62749 10 62762 16 62781 5 62790 18 62893 20 62921 31 63005 8 63020 13 63038 3 63047 17 63148 21 63176 33 63261 7 63278 10 63307 13 63403 21 63431 34 63517 6 63535 8 63565 11 63659 21 63687 35 63774 3 63791 7 63822 9 63914 22 63942 36 64048 4 64079 7 64169 22 64197 38 64306 1 64338 1 64424 23 64452 39 64680 22 64708 39 64936 20 64964 39 65192 18 65220 37 65451 12 65476 32
000024,0 130 153 26 206 179 410 24 462 179 668 22 719 177 927 5 937 6 975 177 1232 175 1496 167 1752 167 1996 3 2007 168 2250 6 2263 168 2503 10 2521 167 2758 13 2778 166 3014 186 3270 186 3526 25 3552 159 3783 24 3810 156 3968 7 3991 5 4039 24 4066 155 4223 10 4246 7 4295 26 4322 169 4501 9 4552 195 4757 10 4808 194 5012 12 5064 193 5268 13 5321 190 5524 13 5577 189 5780 14 5834 188 6036 15 6090 187 6292 15 6331 2 6347 22 6372 161 6549 15 6568 4 6585 6 6603 21 6628 161 6805 16 6823 5 6840 8 6859 20 6883 162 7059 26 7094 10 7115 19 7139 161 7314 27 7349 12 7371 16 7395 160 7568 29 7604 16 7628 14 7651 158 7823 31 7858 20 7885 12 7906 158 8078 33 8112 23 8142 10 8162 132 8297 22 8333 59 8400 7 8418 131 8554 20 8588 60 8674 131 8810 19 8843 62 8930 131 9066 18 9098 63 9186 130 9323 16 9354 63 9443 128 9579 16 9610 63 9699 128 9836 14 9866 63 9956 127 10093 13 10122 63 10212 127 10351 10 10378 63 10469 126 10634 64 10724 128 10890 64 10980 128 11145 66 11236 129 11400 68 11492 130 11655 69 11748 131 11911 69 12005 131 12166 70 12261 132 12399 4 12422 70 12518 132 12653 7 12678 69 12774 132 12908 8 12934 68 13030 143 13191 66 13286 144 13436 1 13448 64 13543 143 13690 4 13707 61 13799 151 13968 55 14057 149 14224 55 14313 149 14480 37 14519 15 14569 149 14735 37 14776 14 14826 149 14991 37 15033 12 15082 149 15248 36 15289 12 15338 149 15504 36 15546 11 15593 150 15762 34 15802 11 15849 138 15992 6 16019 33 16058 11 16106 129 16237 4 16250 3 16275 32 16314 11 16362 128 16532 30 16571 11 16619 127 16788 29 16827 10 16876 125 17045 26 17084 9 17133 123 17302 24 17342 6 17391 119 17559 16 17650 114 17815 15 17908 94 18003 6 18012 6 18071 14 18166 87 18272 1 18328 13 18424 83 18584 13 18684 78 18841 12 18881 2 18941 77 19098 10 19135 6 19200 74 19356 7 19390 8 19456 74 19633 5 19646 9 19712 74 19888 8 19901 10 19968 74 20143 9 20157 10 20224 75 20383 5 20395 14 20412 11 20480 76 20638 7 20648 31 20736 76 20894 41 20992 76 21149 42 21248 76 21405 43 21504 76 21660 45 21760 76 21914 49 22016 77 22160 2 22169 51 22272 77 22386 4 22416 5 22424 53 22528 77 22641 6 22671 63 22784 78 22897 7 22928 63 23040 78 23152 9 23185 63 23296 78 23408 10 23443 63 23552 78 23664 11 23701 62 23807 79 23920 12 23959 60 24062 81 24176 14 24217 59 24316 83 24433 17 24475 57 24572 83 24689 17 24747 41 24828 83 24945 21 25002 42 25084 83 25201 22 25258 42 25340 83 25457 23 25514 41 25596 83 25714 22 25770 40 25852 82 25970 22 26026 39 26108 82 26226 23 26283 38 26364 81 26483 23 26539 38 26620 80 26740 22 26795 37 26876 79 26996 21 27052 36 27132 61 27199 11 27252 20 27308 35 27388 59 27455 12 27507 21 27564 34 27643 57 27712 12 27750 3 27763 21 27820 32 27898 58 27967 16 28004 6 28018 22 28075 31 28153 58 28223 17 28259 7 28273 23 28330 30 28409 58 28478 18 28514 9 28527 25 28586 30 28664 59 28733 21 28769 40 28841 31 28919 60 28989 21 29023 42 29097 31 29175 61 29244 22 29278 43 29352 32 29430 62 29499 25 29533 44 29608 32 29679 3 29685 64 29754 26 29789 44 29864 32 29933 72 30010 26 30044 45 30120 32 30188 73 30266 26 30300 45 30377 31 30443 73 30522 26 30556 45 30633 20 30654 10 30699 73 30778 26 30811 45 30890 12 30912 9 30954 73 31034 26 31067 45 31147 11 31169 8 31210 72 31290 27 31322 46 31405 9 31426 8 31466 72 31546 28 31578 46 31662 8 31682 8 31722 71 31803 27 31834 46 31919 7 31938 8 31978 71 32060 76 32176 6 32194 7 32234 72 32317 75 32433 5 32450 6 32491 71 32573 75 32690 3 32707 4 32747 72 32829 33 32865 39 33004 72 33085 33 33121 39 33260 72 33341 33 33379 37 33516 73 33597 33 33636 35 33773 72 33853 38 33893 34 34030 72 34110 37 34149 34 34287 71 34367 36 34405 34 34544 70 34624 72 34735 6 34800 70 34884 69 34990 8 35007 1 35016 2 35056 70 35141 68 35246 9 35261 5 35271 5 35313 68 35399 67 35502 10 35516 7 35526 6 35569 68 35656 28 35685 36 35758 10 35772 8 35781 8 35826 66 35912 28 35942 35 36015 9 36027 18 36083 65 36164 32 36198 34 36272 9 36282 9 36292 9 36340 64 36419 32 36455 31 36529 8 36538 9 36549 8 36596 65 36674 33 36711 30 36772 3 36786 6 36794 9 36806 7 36853 65 36929 34 36967 20 36990 3 37027 6 37050 9 37062 6 37111 64 37183 37 37222 21 37282 7 37306 9 37318 6 37376 56 37435 41 37478 21 37531 14 37563 7 37573 6 37632 123 37785 16 37820 4 37828 7 37888 124 38037 20 38083 8 38144 124 38292 20 38338 9 38400 124 38547 21 38593 11 38656 125 38798 25 38849 12 38912 125 39051 28 39104 14 39167 126 39306 28 39360 15 39423 127 39561 29 39615 17 39678 129 39817 28 39871 18 39933 135 40072 29 40125 21 40189 168 40380 23 40444 170 40631 29 40701 168 40884 32 40957 168 41138 35 41216 165 41394 36 41472 165 41650 38 41728 164 41905 40 41984 163 42161 41 42240 163 42418 41 42496 162 42675 40 42752 162 42932 39 43008 162 43190 16 43208 19 43264 162 43447 14 43464 19 43517 166 43703 13 43720 19 43747 5 43772 168 43960 8 43976 19 44001 8 44028 170 44218 4 44231 19 44257 8 44283 171 44475 1 44487 19 44512 9 44538 172 44744 18 44767 10 44787 3 44794 173 45000 17 45023 10 45040 183 45256 16 45279 10 45295 184 45513 8 45535 10 45550 185 45771 2 45791 10 45806 185 46048 11 46060 187 46305 198 46562 198 46819 197 47076 197 47333 197 47589 199 47844 201 48099 202 48354 203 48610 203 48865 203 49121 203 49376 204 49632 204 49888 205 50145 204 50401 30 50432 176 50643 3 50658 27 50688 182 50898 6 50915 25 50944 183 51154 9 51172 23 51200 184 51409 12 51429 21 51456 185 51665 12 51687 18 51712 185 51920 14 51944 16 51968 185 52176 15 52200 15 52224 122 52351 59 52432 15 52456 15 52480 120 52612 54 52688 16 52712 14 52736 119 52868 55 52945 17 52968 13 52992 119 53124 55 53201 18 53225 12 53248 119 53380 55 53456 20 53482 11 53504 119 53635 55 53711 22 53739 10 53760 119 53891 55 53967 22 53996 9 54016 118 54147 54 54223 22 54253 8 54272 118 54403 54 54479 22 54509 9 54528 118 54659 53 54735 22 54765 10 54784 117 54915 53 54991 21 55021 11 55040 117 55170 54 55247 20 55276 12 55296 117 55426 54 55502 20 55532 12 55552 117 55681 55 55758 19 55788 13 55808 118 55936 56 56013 20 56044 13 56064 119 56192 56 56268 22 56301 13 56320 119 56448 55 56516 31 56557 14 56576 120 56705 54 56771 33 56814 14 56832 120 56962 51 57026 35 57070 15 57088 120 57219 48 57282 35 57327 14 57344 119 57476 46 57537 36 57585 11 57600 118 57734 43 57793 36 57842 10 57856 118 57991 41 58049 37 58100 6 58112 117 58248 39 58305 37 58368 117 58504 38 58562 36 58624 116 58761 36 58819 36 58880 114 59017 36 59074 37 59136 108 59273 36 59329 39 59392 107 59529 35 59584 41 59648 106 59786 34 59839 42 59904 104 60043 32 60095 42 60160 103 60300 30 60349 44 60416 102 60557 28 60600 49 60672 102 60814 26 60854 50 60928 103 61071 25 61102 4 61109 50 61184 104 61328 24 61357 57 61440 104 61584 25 61613 56 61696 105 61840 25 61868 56 61939 4 61952 105 62095 26 62124 56 62194 5 62208 105 62350 28 62379 57 62449 7 62464 105 62605 87 62705 7 62720 105 62860 88 62961 7 62976 105 63115 89 63217 8 63232 103 63371 89 63473 8 63488 101 63608 2 63626 91 63730 8 63744 100 63862 6 63876 4 63881 92 63986 9 64000 100 64117 9 64131 98 64242 9 64256 100 64373 11 64385 101 64498 9 64512 101 64629 113 64755 7 64768 101 64884 114 65012 6 65024 101 65140 113 65269 3 65280 101 65396 111
000025,32755 3 33010 5 33266 6 33522 6 33534 2 33780 4 33789 3 34037 3 34044 4 34299 5 34555 5 34811 5 35067 5 35323 5 35580 4 35836 4 36093 3 36349 3 36605 3 36861 3 37116 4 37372 4 37628 4 37884 4 38140 4 38393 7 38648 8 38904 8 39160 8 39415 9 39671 9 39927 9 40184 8 40440 8 40697 7 40954 6 41211 5 41469 3 49141 5 49396 7 49652 8 49908 9 50164 9 50417 1 50420 9 50672 3 50677 8 50927 6 50934 7 51182 15 51437 17 51693 18 51949 19 52204 20 52461 19 52717 19 52975 17 53232 16 53489 15 53746 14 54002 14 54259 13 54516 12 54773 11 55030 10 55288 8 55544 8 55800 8 56056 8 56312 8 56568 8 56824 8 57080 8 57336 8 57592 8 57848 8 58104 8 58360 8 58616 8 58872 8 59128 8 59384 8 59641 7 59897 7 60153 7 60409 7 60665 7 60921 7 61177 7 61434 6 61688 8 61943 9 62198 10 62454 10 62710 10 62966 10 63221 11 63477 11 63733 11 63988 12 64244 12 64500 12 64756 12 65013 11 65269 11 65526 10
000026,61855 6 62109 9 62364 11 62619 13 62874 15 63130 16 63386 17 63620 7 63642 17 63875 10 63898 18 64129 13 64154 19 64385 14 64410 20 64641 15 64666 21 64897 16 64922 21 65154 15 65178 21 65410 15 65434 21
000027,150 13 407 12 663 12 921 9 1178 7 1436 4 4956 4 5210 8 5464 11 5719 13 5974 17 6230 17 6486 18 6743 18 6999 18 7255 18 7511 19 7767 19 8023 18 8279 18 8535 17 8792 14 9048 13 9305 9 9562 7 9572 1 9818 4 9827 2 10084 1 10174 4 10216 4 10340 1 10429 7 10469 7 10684 9 10723 10 10940 10 10978 11 11189 3 11194 13 11234 11 11443 20 11488 12 11695 25 11741 15 11950 26 11997 15 12205 27 12252 16 12461 27 12508 15 12678 1 12716 28 12763 16 12785 2 12931 7 12972 27 13018 18 13039 5 13185 11 13227 28 13274 27 13440 13 13483 28 13530 28 13668 2 13695 14 13739 30 13785 29 13922 6 13950 14 13996 30 14041 29 14177 8 14206 14 14252 31 14296 31 14433 9 14461 15 14508 33 14552 31 14688 10 14717 15 14764 38 14808 31 14844 4 14944 10 14972 16 15020 39 15067 28 15099 5 15200 8 15217 6 15226 19 15276 40 15324 28 15354 6 15456 7 15470 31 15532 40 15581 35 15714 3 15724 33 15787 42 15838 34 15979 34 16043 42 16095 33 16235 33 16299 42 16353 31 16491 32 16554 44 16612 28 16747 31 16808 47 16868 28 17003 31 17062 49 17125 27 17260 30 17317 51 17382 26 17517 28 17572 53 17640 24 17773 28 17826 53 17897 23 18029 28 18082 52 18153 23 18284 28 18337 52 18408 24 18540 28 18592 52 18663 25 18796 28 18848 51 18918 26 19052 28 19104 51 19174 26 19294 4 19309 27 19360 51 19429 27 19549 6 19566 8 19575 17 19616 51 19685 27 19805 8 19824 5 19833 15 19872 51 19940 28 20061 9 20089 16 20128 51 20196 28 20317 10 20345 16 20385 50 20451 29 20573 11 20601 15 20642 11 20655 36 20706 29 20829 11 20857 14 20898 10 20912 35 20962 28 21062 4 21085 12 21114 9 21155 9 21168 35 21217 28 21315 8 21340 13 21371 5 21413 5 21426 33 21473 27 21571 9 21596 13 21686 28 21730 25 21826 10 21852 14 21944 26 21987 23 22082 10 22108 14 22201 25 22245 16 22338 10 22364 14 22458 24 22502 15 22594 10 22620 13 22716 22 22759 12 22850 10 22877 11 22972 22 23015 11 23106 10 23134 9 23228 22 23272 5 23363 9 23391 6 23484 24 23620 7 23739 26 23879 3 23995 26 24250 28 24319 1 24506 27 24572 4 24700 2 24761 28 24825 7 24942 4 25017 28 25079 9 25197 6 25273 28 25334 10 25452 8 25529 27 25588 12 25708 8 25785 27 25843 13 25963 9 26039 29 26099 13 26218 11 26285 5 26293 30 26354 14 26472 13 26540 40 26611 13 26728 13 26795 19 26816 20 26867 13 26983 14 27050 19 27072 20 27124 12 27239 13 27305 19 27328 20 27380 12 27496 13 27561 17 27584 20 27637 11 27752 13 27816 15 27839 20 27893 11 28009 13 28072 15 28093 22 28150 10 28265 13 28328 15 28348 23 28412 4 28521 14 28578 2 28584 43 28777 14 28833 3 28839 44 29033 15 29089 3 29095 44 29289 15 29352 43 29545 14 29608 43 29801 14 29864 43 30056 14 30121 41 30312 14 30377 38 30569 12 30633 34 30825 12 30890 32 31081 12 31146 32 31337 12 31407 6 31417 17 31594 10 31674 15 31850 9 31930 15 32107 6 32187 13 32364 4 32444 10 32701 7 34382 7 34636 11 34891 13 35147 14 35402 16 35658 16 35914 16 36169 17 36426 16 36682 16 36938 15 37194 15 37451 12 37709 9 37969 3 38883 6 39137 12 39383 23 39629 34 39741 5 39883 36 39996 8 40138 38 40251 11 40394 38 40507 14 40649 39 40763 15 40905 39 41019 16 41160 39 41276 15 41416 39 41533 14 41672 39 41789 14 41927 40 42046 13 42182 40 42302 12 42438 40 42518 4 42559 9 42693 41 42774 4 42816 3 42949 41 43030 5 43205 41 43288 2 43326 3 43460 42 43582 5 43716 43 43838 5 43972 43 44094 6 44228 43 44350 6 44484 43 44607 5 44740 43 44863 4 44997 42 45254 40 45511 38 45768 32 46025 30 46281 30 46537 30 46793 30 47048 31 47304 32 47559 33 47815 34 48071 34 48327 34 48583 34 48839 34 49095 34 49351 34 49606 35 49862 35 50117 36 50372 37 50627 39 50882 41 51137 42 51391 26 51418 17 51646 25 51680 10 51901 26 51938 6 52157 25 52375 10 52412 26 52630 12 52668 25 52885 14 52924 25 53141 15 53180 24 53396 16 53436 24 53528 2 53652 16 53692 25 53783 5 53907 17 53947 26 54039 5 54163 17 54203 27 54291 9 54418 18 54459 31 54546 10 54673 19 54715 32 54801 10 54926 22 54954 1 54972 33 55057 10 55181 24 55208 5 55230 32 55313 10 55437 24 55464 5 55487 31 55569 10 55692 25 55720 4 55744 30 55825 9 55948 17 55970 2 55976 4 56000 30 56080 10 56202 19 56233 2 56256 30 56298 7 56336 9 56452 26 56505 5 56513 29 56552 12 56592 7 56707 27 56760 7 56770 27 56808 13 56848 6 56961 30 57016 8 57026 27 57064 14 57104 6 57216 32 57271 9 57283 25 57320 15 57361 4 57472 33 57528 7 57539 25 57576 15 57727 35 57785 6 57795 25 57832 16 57983 35 58042 4 58052 24 58088 16 58239 36 58308 24 58343 18 58494 37 58565 11 58578 10 58599 19 58750 38 58821 10 58835 8 58855 22 59006 38 59078 8 59093 4 59111 25 59263 37 59334 7 59368 24 59519 37 59591 5 59624 24 59776 36 59848 4 59879 25 60032 36 60134 26 60289 36 60389 27 60546 34 60644 28 60803 33 60899 29 61060 8 61073 19 61155 29 61318 4 61331 16 61411 29 61588 14 61667 29 61847 2 61854 2 61923 29 62179 29 62435 29 62691 29 62946 30 63202 30 63458 30 63714 30 63970 30 64225 31 64481 31 64737 31 64994 30 65250 30 65507 29
000028,0 65536
000029, 
000030,0 65536
000031, 
000032,0 65536
000033, 
000034,199 57 453 59 709 59 964 60 1220 60 1477 59 1733 59 1989 59 2246 58 2502 58 2758 58 3013 59 3269 59 3524 60 3779 61 4034 62 4289 63 4544 64 4800 64 5055 65 5310 66 5566 66 5822 66 6079 65 6336 64 6592 64 6848 64 7103 65 7352 3 7358 66 7597 4 7608 3 7614 66 7850 8 7864 72 8099 18 8120 72 8354 94 8610 94 8865 95 9121 95 9378 94 9634 94 9890 94 10146 94 10402 94 10658 94 10913 95 11169 95 11424 96 11680 96 11935 97 12190 98 12446 98 12701 99 12956 100 13212 100 13467 101 13723 101 13979 101 14234 102 14490 102 14746 102 15001 103 15256 104 15512 104 15767 105 16023 105 16279 105 16535 105 16791 105 17047 105 17303 105 17559 105 17815 105 18071 105 18327 105 18584 104 18840 104 19096 104 19352 104 19608 104 19864 104 20120 104 20376 104 20632 104 20889 103 21145 103 21401 103 21657 103 21913 103 22169 103 22424 104 22680 104 22936 104 23192 104 23447 105 23703 105 23958 106 24214 106 24469 107 24725 107 24981 107 25237 107 25492 108 25747 109 26003 109 26259 109 26515 109 26770 110 27026 110 27281 111 27537 111 27793 111 28050 110 28306 110 28562 110 28818 110 29074 110 29330 110 29585 111 29841 111 30098 110 30354 65 30426 38 30611 63 30683 37 30867 61 30940 36 31123 59 31197 35 31378 59 31454 34 31634 55 31712 32 31890 54 31968 32 32146 52 32225 31 32402 44 32451 1 32481 31 32658 39 32738 30 32914 30 32995 29 33170 19 33252 28 33426 17 33508 28 33682 13 33771 21 33938 12 34030 18 34195 9 34287 17 34451 3 34544 16 34807 9 35064 8 35321 7 35577 7 35834 6 36090 6 36347 5 36604 4 36861 3 37118 2 37375 1 54841 2 55096 3 55352 3 55608 3
000035,32 124 170 42 228 28 285 128 426 43 484 28 540 129 683 45 739 29 790 136 939 47 995 29 1040 143 1196 47 1251 29 1295 144 1453 47 1506 30 1549 147 1709 47 1762 30 1793 159 1966 49 2016 193 2222 244 2479 244 2736 244 2993 244 3249 245 3506 249 3764 249 4021 249 4278 249 4537 246 4794 245 5050 246 5306 246 5562 247 5818 254 6075 254 6331 255 6588 1097 7687 11 7699 242 7945 8 7956 236 8193 4 8203 4 8213 235 8449 5 8469 242 8725 243 8981 244 9238 244 9495 243 9753 231 9985 10 10011 229 10242 9 10267 229 10500 7 10523 229 10757 7 10778 230 11015 5 11031 233 11274 3 11285 235 11539 237 11794 238 12050 238 12305 239 12560 240 12816 240 13072 240 13328 241 13585 241 13841 242 14097 244 14353 246 14610 246 14866 252 15122 254 15378 3716 19097 253 19352 254 19607 2342 21950 253 22208 250 22465 248 22721 247 22978 245 23234 243 23490 235 23745 224 24001 185 24189 32 24256 185 24447 7 24457 19 24512 184 24718 13 24768 185 24975 11 25024 185 25231 10 25279 188 25489 7 25536 187 25747 3 25792 188 26048 188 26304 189 26560 189 26815 190 27070 190 27326 190 27521 2 27582 188 27776 5 27838 188 28031 7 28095 186 28287 8 28352 186 28543 17 28609 185 28799 19 28865 187 29055 20 29121 187 29312 20 29377 188 29569 20 29632 191 29825 21 29888 215 30144 215 30399 217 30656 217 30912 219 31169 223 31426 224 31682 226 31937 229 32193 230 32449 231 32704 234 32960 236 33215 238 33471 239 33727 241 33982 244 34237 247 34492 249 34748 250 35003 251 35259 252 35515 252 35771 254 36027 255 36283 1278 37563 3829 41396 250 41654 248 41911 247 42168 246 42425 245 42683 243 42939 243 43195 243 43450 244 43706 244 43962 244 44218 243 44474 243 44730 243 44986 242 45241 243 45497 243 45751 246 46004 1416 47421 254 47678 1 47682 249 47939 248 48196 247 48453 247 48710 246 48966 246 49223 245 49479 245 49735 245 49992 197 50194 42 50249 193 50451 41 50506 191 50707 42 50763 190 50964 42 51020 188 51221 40 51278 4 51283 181 51477 40 51539 180 51734 38 51795 178 51991 37 52052 172 52249 34 52308 172 52506 33 52564 172 52763 32 52820 172 53019 32 53077 171 53275 32 53332 172 53531 33 53588 172 53787 33 53844 172 54043 34 54099 173 54300 35 54355 173 54556 36 54610 174 54790 1 54814 36 54865 175 55044 7 55071 35 55120 176 55299 9 55329 33 55375 177 55554 12 55586 33 55631 177 55809 18 55841 34 55886 178 56065 22 56097 34 56140 206 56353 35 56394 209 56609 36 56649 211 56865 252 57121 2619 59741 255 59997 423 60425 247 60683 245 60939 245 61185 3098 64291 248 64548 248 64805 247 65061 247 65317 219
000036,0 65536
000037,7217 5 7472 8 7728 9 7984 9 8240 9 8497 8 8754 6 9012 2 46154 1 46409 5 46664 6 46920 7 47176 7 47432 7 47689 5 47946 3
000038,38656 1 38912 3 39168 3 39424 3 39680 3 39936 3 40192 2 40448 2 46875 1 47131 1
000039,0 65536
000040,0 65536
000041,0 65536
000042,0 6 91 19 147 12 177 3 241 20 347 19 404 10 432 4 496 20 603 19 660 9 687 6 752 19 856 21 918 3 942 8 1007 18 1112 21 1198 9 1260 20 1371 17 1453 15 1515 21 1629 15 1709 33 1771 21 1895 4 1965 34 2003 1 2026 22 2220 36 2258 4 2282 22 2476 47 2538 22 2732 48 2794 22 2988 48 3048 24 3245 46 3304 24 3503 44 3559 25 3760 43 3814 26 3891 7 4016 43 4070 26 4146 9 4272 43 4326 26 4402 11 4528 44 4582 26 4658 17 4784 44 4839 25 4915 17 5040 45 5096 24 5171 19 5192 1 5296 45 5352 24 5428 25 5553 44 5609 23 5684 26 5809 44 5865 23 5940 26 6064 46 6123 21 6195 28 6319 47 6380 20 6450 29 6571 51 6638 18 6705 31 6826 52 6896 16 6959 33 7081 53 7152 16 7214 34 7336 54 7408 16 7470 34 7592 54 7664 16 7726 34 7847 55 7920 16 7982 34 8096 2 8102 55 8177 15 8239 33 8351 62 8434 14 8495 34 8608 60 8690 14 8751 35 8864 59 8947 13 9007 35 9121 56 9204 12 9263 35 9377 55 9461 11 9520 34 9634 53 9718 10 9777 33 9891 51 9974 10 10034 32 10148 48 10230 10 10291 31 10405 46 10486 10 10548 29 10661 44 10742 10 10806 26 10918 39 10998 10 11065 20 11175 37 11254 10 11321 16 11433 34 11510 10 11578 14 11695 26 11767 9 11835 12 11952 23 12023 9 12093 9 12209 20 12281 7 12352 5 12466 17 12540 4 12723 16 12980 4 12987 7 13136 8 13244 6 13388 13 13501 3 13507 3 13643 15 13757 15 13898 16 14013 16 14095 2 14144 2 14151 19 14269 17 14341 5 14349 6 14399 5 14405 22 14524 18 14595 16 14655 28 14689 2 14780 19 14851 17 14911 29 14945 3 15036 20 15106 18 15167 29 15201 2 15292 20 15361 19 15422 31 15548 21 15616 21 15677 33 15805 20 15872 21 15932 34 16062 20 16128 21 16185 38 16318 20 16384 21 16440 39 16575 19 16640 21 16695 41 16831 18 16896 21 16951 41 17085 1 17087 18 17152 21 17207 40 17339 21 17408 20 17462 40 17529 2 17544 5 17552 3 17595 20 17664 20 17717 40 17783 5 17798 14 17850 21 17920 19 17972 40 18037 8 18053 16 18106 8 18118 7 18176 20 18227 35 18293 9 18309 16 18362 7 18432 20 18483 30 18548 11 18564 17 18618 7 18688 20 18739 29 18805 11 18820 18 18874 7 18944 20 18994 30 19061 33 19131 5 19200 20 19250 29 19317 33 19456 19 19505 30 19568 1 19574 22 19599 7 19712 19 19761 30 19822 6 19831 22 19855 7 19968 17 20016 30 20077 7 20088 21 20112 6 20224 17 20271 30 20333 33 20369 9 20480 17 20527 30 20588 34 20628 13 20736 18 20782 31 20844 35 20884 15 20992 18 21038 27 21068 1 21100 35 21140 16 21248 19 21294 26 21324 3 21356 35 21394 20 21504 19 21551 24 21581 2 21612 36 21649 21 21760 20 21808 22 21836 3 21868 58 22016 20 22065 19 22091 4 22124 59 22272 20 22321 19 22344 2 22349 1 22358 3 22380 58 22528 20 22578 16 22597 6 22612 6 22636 58 22784 20 22834 16 22851 10 22867 7 22892 58 23040 19 23091 27 23123 8 23149 57 23296 19 23347 40 23405 57 23552 18 23603 40 23661 58 23754 6 23808 17 23858 42 23917 59 24008 9 24023 1 24069 12 24114 42 24173 60 24262 13 24276 6 24327 8 24370 42 24429 61 24518 21 24626 42 24685 63 24773 23 24883 41 24941 51 24999 3 25029 24 25139 41 25197 50 25285 24 25395 40 25453 51 25541 25 25652 39 25710 51 25798 24 25909 38 25966 54 26054 24 26166 36 26223 53 26312 21 26422 36 26479 54 26568 21 26679 33 26736 53 26827 18 26934 33 26993 53 27084 16 27184 34 27250 52 27341 15 27439 37 27511 47 27597 14 27695 38 27768 47 27853 13 27952 41 28024 47 28110 11 28208 43 28280 47 28366 10 28465 43 28536 47 28624 7 28722 42 28792 46 28979 41 29047 47 29236 40 29303 46 29494 39 29559 46 29755 5 29763 26 29815 45 30017 28 30071 45 30273 27 30327 45 30528 28 30584 44 30783 29 30840 44 31038 29 31097 42 31293 30 31353 41 31549 31 31609 41 31805 39 31865 40 32062 38 32120 41 32319 37 32375 41 32576 36 32630 42 32832 35 32886 39 33089 34 33142 37 33345 33 33398 36 33602 32 33655 34 33860 30 33912 33 34117 29 34169 31 34375 26 34427 27 34637 20 34685 16 34902 11 34943 11 35159 10 35202 7 35416 9 35673 8 35821 11 35929 8 36075 14 36186 6 36329 17 36443 4 36583 20 36827 3 36838 26 37082 6 37093 27 37338 7 37348 28 37593 8 37604 28 37748 3 37843 4 37848 11 37860 28 38001 7 38098 46 38257 8 38353 47 38512 10 38608 48 38766 13 38864 48 39020 18 39120 48 39275 20 39377 47 39531 20 39633 47 39787 20 39890 46 40043 20 40146 46 40300 19 40402 46 40556 19 40658 46 40812 19 40914 46 41068 20 41170 46 41321 23 41426 46 41575 25 41682 46 41830 26 41938 46 42086 26 42194 46 42341 27 42449 46 42505 2 42595 29 42704 38 42745 5 42760 4 42849 30 42960 37 43003 1 43016 5 43104 31 43216 37 43271 6 43359 32 43472 37 43526 7 43615 32 43728 37 43780 9 43870 8 43879 24 43984 38 44035 11 44126 6 44137 23 44240 38 44290 12 44382 6 44393 22 44496 38 44546 13 44638 6 44650 20 44751 39 44801 14 44894 6 44907 17 45006 40 45057 14 45151 5 45163 13 45261 39 45312 15 45407 5 45420 12 45516 34 45568 15 45664 5 45677 11 45772 11 45786 19 45824 15 45912 3 45921 3 45934 9 46028 9 46045 15 46080 15 46168 3 46191 7 46284 7 46303 12 46337 14 46424 3 46449 3 46541 4 46560 11 46572 8 46593 15 46680 3 46818 20 46849 14 47075 4 47080 15 47102 2 47105 14 47336 16 47356 18 47592 17 47610 18 47848 34 48104 31 48361 28 48617 23 48872 24 49128 24 49384 24 49640 24 49897 23 50152 24 50408 24 50663 25 50918 26 51173 27 51428 28 51684 28 51827 5 51939 29 52081 8 52195 29 52336 10 52451 29 52591 11 52707 28 52846 13 52964 25 53102 13 53220 22 53358 12 53476 19 53614 12 53732 13 53870 10 53987 9 54126 9 54244 6 54383 7 54614 3 54640 4 54868 9 55123 12 55144 3 55376 16 55397 9 55631 32 55887 34 56142 36 56398 36 56654 37 56910 38 57165 39 57222 2 57422 38 57477 3 57678 38 57732 5 57935 37 57986 7 58191 37 58240 9 58448 36 58496 9 58705 35 58751 10 58962 32 59007 10 59123 3 59219 29 59264 8 59378 4 59474 29 59520 5 59635 3 59729 29 59778 1 59980 2 59983 30 60234 33 60401 1 60490 32 60655 5 60746 30 60910 7 61002 31 61166 7 61258 31 61422 7 61514 32 61678 7 61770 32 61934 7 62026 32 62190 7 62283 32 62446 7 62540 32 62703 6 62797 33 62960 5 63054 33 63218 2 63311 32 63567 32 63824 32 64005 6 64081 31 64260 8 64338 30 64516 9 64594 30 64771 10 64851 29 65027 10 65107 28 65283 9 65362 27
000043,0 65536
000044, 
000045, 
000046,107 19 362 21 618 22 873 24 1129 24 1385 25 1640 26 1896 29 2152 29 2408 30 2665 28 2921 28 3177 27 3433 26 3472 3 3688 27 3728 4 3945 25 3984 4 4201 25 4240 3 4457 24 4713 24 4927 5 4970 23 5014 6 5088 4 5182 7 5226 22 5270 6 5343 7 5439 6 5482 22 5526 6 5598 10 5694 7 5739 21 5782 6 5854 10 5949 9 5995 21 6038 6 6110 11 6201 14 6251 21 6295 3 6366 12 6446 5 6455 18 6507 21 6622 13 6701 28 6763 20 6877 14 6951 34 7018 20 7133 15 7205 36 7274 18 7389 15 7459 38 7530 16 7645 14 7714 40 7786 16 7902 13 7968 42 8042 15 8161 9 8223 43 8299 13 8419 6 8479 39 8519 2 8557 7 8677 2 8734 38 8989 38 9197 1 9207 2 9244 39 9451 16 9498 40 9706 18 9753 41 9961 20 10009 40 10215 22 10264 41 10470 24 10519 42 10725 25 10775 42 10981 25 11030 43 11237 26 11286 42 11493 27 11541 43 11749 27 11797 43 12005 27 12052 43 12261 26 12308 43 12518 24 12564 42 12774 23 12820 42 13030 21 13077 41 13287 20 13334 40 13497 2 13544 11 13557 5 13592 38 13751 5 13801 9 13815 1 13849 37 14007 5 14059 6 14105 37 14263 5 14316 4 14361 36 14519 4 14618 5 14628 25 14885 24 15142 22 15399 20 15656 18 15914 15 16171 14 16423 2 16428 12 16680 1 16685 4 18944 1 19572 2 19828 3 19876 1 19971 2 20076 1 20083 4 20130 7 20224 7 20332 1 20340 2 20384 9 20480 7 20588 1 20640 10 20736 7 20895 11 20992 7 21151 12 21249 5 21407 13 21507 2 21663 14 21919 16 22176 16 22432 16 22688 16 22944 15 23200 15 23456 14 23713 13 23970 10 24227 7 24485 2 24664 3 24920 3 25176 2 26453 3 26708 5 26963 6 27219 6 27476 4 35072 2 35328 3 35584 2 35840 2 36096 1 40229 5 40482 9 40737 11 40993 12 41249 12 41505 12 41761 12 42017 11 42273 11 42529 11 42786 10 43042 10 43299 9 43556 8 43812 8 43946 6 44068 8 44200 15 44324 8 44456 18 44579 9 44711 23 44835 9 44967 28 45091 10 45223 29 45348 8 45479 35 45605 7 45735 38 45861 7 45991 38 46246 40 46501 41 46756 41 47012 41 47268 41 47523 44 47779 46 48035 47 48291 48 48547 50 48711 4 48803 52 48966 8 49059 53 49220 14 49316 53 49475 16 49572 55 49730 17 49829 55 49985 18 50086 54 50241 18 50343 54 50496 19 50599 54 50752 18 50855 53 51008 18 51111 53 51264 17 51367 52 51520 17 51623 50 51777 16 51879 47 52033 15 52135 45 52254 3 52290 14 52391 44 52509 6 52548 12 52647 31 52682 8 52764 8 52807 9 52903 30 53020 9 53064 8 53159 29 53275 10 53321 7 53415 29 53531 10 53578 6 53672 28 53787 10 53835 4 53928 27 54042 10 54184 27 54297 11 54441 25 54553 10 54699 23 54809 10 54957 20 55065 8 55215 17 55321 8 55471 17 55578 7 55728 16 55834 7 55984 15 56090 7 56241 13 56345 8 56499 9 56600 9 56853 12 57108 13 57363 14 57619 14 57875 13 58132 11 58388 10 58644 9 58901 8 59159 5 63127 4 63382 6 63637 8 63893 8 64149 8 64404 10 64568 1 64660 11 64821 6 64917 12 65077 5 65173 12 65333 5 65430 12
000047,0 65536
000048, 
000049, 
000050, 
000051,12 30 55 5 154 14 238 9 268 30 311 5 399 26 493 10 523 31 566 6 654 28 749 10 779 31 821 7 910 29 1005 10 1034 32 1077 7 1166 30 1260 11 1290 32 1332 7 1422 31 1516 11 1546 31 1588 7 1677 32 1772 11 1803 30 1844 7 1933 33 2028 12 2060 29 2100 6 2188 34 2285 11 2317 27 2357 5 2444 34 2541 11 2574 25 2615 3 2700 34 2798 10 2830 24 2872 1 2957 33 3056 7 3086 19 3213 33 3313 6 3341 18 3469 33 3597 18 3725 34 3852 19 3982 34 4108 18 4239 33 4363 19 4500 28 4619 20 4757 23 4875 24 5014 20 5131 25 5167 4 5270 19 5387 26 5422 6 5527 18 5643 29 5677 8 5784 16 5899 31 5934 7 6042 13 6155 32 6190 7 6299 11 6411 33 6447 4 6555 9 6667 34 6811 8 6924 33 7068 5 7181 32 7325 3 7437 33 7693 33 7949 15 7965 17 8205 13 8221 17 8451 4 8461 12 8477 18 8707 4 8717 10 8733 19 8963 4 8975 7 8989 20 9218 5 9245 20 9472 8 9501 20 9728 8 9758 19 9984 9 10015 18 10240 9 10272 17 10496 8 10521 3 10528 17 10752 7 10775 5 10785 16 10854 4 11008 7 11030 6 11041 16 11110 6 11264 7 11285 7 11299 13 11365 9 11520 7 11540 8 11557 10 11621 23 11776 8 11791 13 11815 7 11876 25 12032 29 12071 7 12132 26 12288 29 12327 7 12388 26 12544 30 12584 5 12644 27 12800 30 12842 1 12900 28 13056 30 13156 28 13312 31 13412 28 13568 31 13668 29 13824 31 13924 30 14080 31 14179 32 14336 31 14435 33 14592 32 14691 33 14848 33 14947 32 15104 35 15204 31 15360 36 15460 30 15616 39 15717 31 15872 41 15974 30 16128 41 16230 31 16384 42 16486 31 16640 42 16741 32 16896 42 16996 33 17152 42 17251 34 17408 43 17506 35 17664 43 17762 35 17920 43 18017 36 18176 43 18273 36 18432 15 18450 25 18528 37 18688 14 18706 26 18784 37 18944 14 18963 25 19039 37 19200 14 19219 25 19295 37 19456 15 19475 25 19542 6 19550 38 19712 43 19797 47 19968 42 20052 48 20224 41 20308 48 20480 40 20564 48 20736 40 20820 48 20992 40 21077 47 21248 43 21333 47 21504 45 21590 45 21760 40 21845 46 22016 40 22101 46 22272 39 22357 46 22528 38 22613 45 22784 39 22869 45 23040 39 23126 44 23296 40 23382 44 23552 40 23638 50 23808 40 23888 57 24064 41 24143 58 24320 40 24398 60 24576 40 24653 61 24817 5 24832 40 24909 50 24961 10 25072 7 25087 41 25164 50 25217 11 25327 9 25341 43 25420 50 25473 11 25527 10 25581 59 25675 49 25729 11 25781 16 25836 60 25932 47 25986 10 26035 21 26091 61 26188 46 26243 9 26290 23 26346 62 26444 46 26500 8 26545 25 26602 34 26638 26 26701 44 26758 5 26799 28 26858 34 26895 25 26957 15 26975 22 27015 2 27025 4 27054 29 27114 34 27151 25 27213 15 27231 20 27279 7 27309 31 27370 34 27408 23 27454 1 27469 15 27487 20 27534 16 27564 33 27626 34 27665 22 27708 7 27725 15 27744 19 27789 18 27820 33 27881 35 27921 22 27963 9 27981 15 28000 19 28044 20 28076 34 28130 42 28178 17 28218 10 28237 15 28256 19 28299 21 28332 34 28384 32 28419 9 28435 15 28474 10 28493 15 28512 18 28554 22 28588 34 28638 34 28676 8 28691 14 28729 11 28748 15 28768 17 28809 24 28845 33 28894 34 28933 7 28948 12 28985 11 29004 15 29024 17 29061 28 29101 33 29149 35 29189 6 29205 10 29241 12 29261 13 29280 16 29316 29 29358 32 29402 38 29447 3 29462 8 29497 12 29517 13 29536 16 29572 29 29614 32 29657 20 29678 18 29719 6 29752 13 29782 2 29793 15 29828 29 29870 32 29913 18 29935 17 29975 6 30008 13 30049 14 30075 4 30083 30 30126 32 30169 17 30192 16 30233 2 30264 12 30305 14 30330 6 30338 31 30382 31 30432 7 30449 15 30520 12 30562 13 30585 40 30638 31 30706 14 30776 12 30818 12 30841 40 30894 30 30962 14 31031 14 31073 13 31096 40 31150 29 31219 13 31286 16 31329 11 31352 40 31398 2 31406 29 31476 12 31542 16 31586 9 31607 41 31662 29 31732 12 31797 19 31842 8 31863 40 31918 29 31988 12 32053 20 32099 6 32118 40 32174 30 32245 11 32308 23 32374 40 32430 30 32479 4 32503 9 32561 25 32630 39 32686 30 32733 6 32762 6 32815 23 32886 38 32942 30 32988 8 33020 4 33068 25 33142 37 33199 28 33240 13 33276 4 33322 27 33398 37 33456 26 33495 16 33516 5 33526 3 33532 4 33577 28 33653 37 33713 24 33750 18 33772 20 33831 31 33909 37 33970 22 34006 19 34028 20 34087 31 34165 37 34226 22 34261 21 34283 21 34343 32 34410 1 34421 37 34482 22 34517 43 34599 31 34676 37 34738 22 34773 42 34855 31 34932 37 34994 22 35029 42 35112 30 35188 36 35250 22 35285 42 35369 29 35443 37 35496 6 35506 22 35541 42 35626 28 35699 37 35751 8 35763 21 35797 42 35881 29 35954 37 36006 9 36019 21 36053 42 36137 31 36211 36 36261 11 36276 20 36309 43 36389 36 36468 35 36516 12 36533 19 36565 43 36643 39 36725 34 36772 13 36791 6 36804 3 36821 43 36898 40 36983 32 37028 13 37077 43 37153 41 37241 30 37284 13 37331 23 37356 20 37409 41 37499 26 37541 13 37586 24 37613 19 37665 41 37756 24 37798 13 37841 25 37870 18 37921 41 38013 22 38055 12 38096 26 38127 16 38177 41 38276 1 38285 5 38313 11 38351 28 38385 14 38432 42 38570 11 38606 30 38642 13 38687 43 38826 11 38862 31 38899 12 38942 43 39083 9 39118 31 39156 12 39197 44 39339 8 39374 31 39412 12 39453 37 39493 4 39597 4 39630 31 39669 10 39709 37 39749 5 39885 33 39926 8 39965 36 40006 5 40141 33 40221 37 40261 7 40397 32 40477 48 40653 32 40733 48 40909 31 40988 48 41164 31 41244 48 41420 30 41500 47 41676 29 41756 46 41932 28 42012 47 42188 28 42269 46 42444 28 42525 46 42700 28 42781 45 42956 28 43037 44 43212 28 43293 44 43468 27 43549 43 43724 27 43806 42 43980 27 44062 41 44236 26 44319 39 44493 23 44575 36 44750 9 44766 5 44831 33 45006 7 45087 32 45264 4 45344 30 45600 29 45856 28 46112 27 46369 25 46625 25 46880 26 47136 26 47353 7 47391 26 47609 7 47647 26 47864 8 47903 24 48120 8 48160 5 48171 10 48376 8 48429 7 48632 8 48662 7 48684 8 48888 8 48916 9 48940 8 49144 8 49172 10 49195 9 49400 8 49428 10 49451 8 49656 8 49685 9 49707 8 49912 8 49942 8 49964 6 50168 8 50199 6 50222 2 50424 8 50680 8 50937 7 51193 7 51450 6 51707 5 56417 2 56671 5 56926 7 57180 11 57435 13 57688 17 57943 19 58198 21 58453 24 58709 25 58964 27 59219 29 59475 30 59730 31 59986 33 60241 35 60423 6 60497 36 60678 11 60752 38 60933 14 61008 39 61188 17 61264 40 61444 18 61520 40 61700 20 61778 39 61955 23 62035 38 62211 23 62291 38 62467 24 62547 38 62722 25 62803 37 62978 26 63059 37 63235 25 63315 37 63492 25 63571 36 63749 24 63826 36 64005 25 64082 35 64262 24 64338 35 64519 23 64595 33 64776 21 64852 32 65032 21 65108 32 65289 19 65366 29
000052,0 65536
000053,0 65536
000054,0 65536
000055,0 65536
000056,0 65536
000057,0 65536
000058,0 65536
000059,0 65536
000060, 
000061,0 65536
000062, 
000063, 
000064,0 65536
000065, 
000066, 
000067,0 65536
000068,0 65536
000069,0 65536
000070,0 65536
000071,18695 2 18950 4 19207 3
000072,0 65536
000073,0 65536
000074,0 65536
000075,0 65536
000076,0 65536
000077,0 2 101 15 117 34 256 2 352 56 512 1 607 57 863 57 1119 58 1374 59 1629 59 1885 59 2141 59 2396 60 2652 60 2909 59 3162 63 3416 66 3672 68 3742 3 3927 76 4183 77 4439 78 4695 83 4951 85 5207 85 5464 84 5720 6 5731 73 5987 72 6243 71 6499 71 6754 71 7012 68 7271 65 7527 65 7783 65 7918 6 8039 65 8171 10 8183 6 8295 65 8427 20 8551 64 8682 22 8807 64 8939 21 9063 63 9173 4 9195 21 9319 62 9427 6 9452 20 9576 60 9681 7 9708 20 9832 60 9937 7 9965 19 10087 60 10192 7 10220 20 10342 5 10349 54 10447 8 10471 1 10475 21 10594 10 10605 54 10703 9 10726 3 10730 22 10846 14 10861 54 10959 9 10981 27 11101 69 11216 9 11237 27 11356 70 11473 8 11494 26 11611 70 11728 11 11752 24 11866 70 11982 14 12009 23 12121 70 12237 16 12266 22 12377 68 12492 17 12522 22 12631 70 12748 18 12778 22 12887 70 13004 19 13034 22 13141 71 13261 19 13290 22 13397 68 13518 19 13545 23 13652 69 13777 1 13780 18 13800 24 13907 70 14038 42 14162 72 14293 43 14417 74 14549 43 14671 77 14803 45 14925 79 15058 46 15180 80 15314 46 15436 80 15570 46 15692 80 15826 46 15948 80 16083 45 16205 78 16339 45 16461 77 16588 3 16597 43 16718 75 16842 7 16854 42 16974 73 17097 10 17110 42 17230 73 17353 11 17366 42 17486 72 17609 55 17741 74 17864 56 17997 75 18120 56 18252 79 18375 57 18508 80 18630 58 18765 67 18834 10 18886 58 19021 63 19091 9 19142 58 19277 23 19308 30 19347 9 19398 58 19533 22 19565 29 19603 9 19654 58 19790 20 19821 28 19858 10 19910 58 20046 19 20077 27 20113 10 20161 63 20303 18 20334 25 20369 11 20416 64 20560 17 20590 23 20625 11 20672 64 20817 16 20847 13 20865 3 20881 12 20929 63 21074 15 21105 9 21137 12 21185 63 21330 16 21361 7 21394 10 21442 62 21588 15 21618 4 21651 9 21698 62 21845 7 21857 2 21909 7 21954 62 22114 1 22166 4 22211 61 22467 66 22723 74 22950 8 22978 76 23204 13 23228 82 23319 3 23460 106 23574 6 23715 107 23829 7 23970 109 24085 7 24226 109 24341 7 24482 110 24597 7 24738 110 24853 7 24993 112 25110 6 25249 112 25366 7 25504 114 25622 8 25760 126 26016 127 26272 127 26528 127 26784 88 26880 31 27041 85 27136 31 27297 82 27392 31 27553 81 27648 31 27810 79 27904 31 28064 81 28160 31 28319 83 28416 30 28574 84 28672 29 28830 85 28928 28 29086 85 29184 26 29342 85 29440 25 29598 84 29696 24 29854 84 29952 23 30110 84 30208 13 30366 83 30464 12 30621 83 30720 11 30876 79 30976 10 31131 79 31232 6 31387 77 31488 6 31644 75 31744 5 31900 74 32000 4 32157 72 32256 4 32413 71 32512 3 32669 70 32768 2 32925 70 33019 1 33024 2 33148 1 33180 71 33273 5 33280 2 33402 5 33435 71 33529 6 33536 1 33657 7 33686 76 33785 6 33911 9 33940 78 34043 5 34165 12 34195 79 34282 2 34300 4 34420 14 34450 79 34538 3 34557 3 34675 16 34705 80 34794 5 34810 6 34922 4 34928 20 34959 81 35051 5 35064 8 35178 4 35183 23 35215 64 35282 8 35292 3 35306 7 35317 11 35435 27 35470 64 35547 4 35562 22 35692 27 35726 63 35802 7 35817 23 35949 27 35982 63 36057 10 36071 25 36207 25 36238 63 36312 40 36465 23 36493 63 36568 40 36722 23 36748 64 36824 40 36979 90 37080 40 37221 4 37236 140 37476 6 37494 2 37500 94 37597 35 37731 9 37760 90 37855 33 37987 10 38018 88 38112 32 38242 12 38277 86 38368 32 38498 12 38534 122 38754 12 38789 123 39010 11 39044 124 39266 11 39296 128 39523 10 39552 128 39779 10 39808 127 40035 7 40064 124 40290 6 40320 123 40546 4 40576 123 40802 3 40832 122 41089 120 41345 112 41458 6 41601 110 41856 109 42111 113 42366 115 42621 116 42876 118 43132 93 43227 23 43387 93 43484 23 43643 93 43740 23 43899 92 43997 22 44155 92 44253 22 44412 91 44509 22 44667 91 44766 21 44923 91 45022 21 45179 90 45279 10 45292 6 45435 88 45536 8 45550 3 45691 87 45793 5 45947 86 46204 84 46460 83 46717 81 46973 39 47014 12 47028 26 47229 37 47270 5 47286 24 47486 36 47529 2 47543 23 47742 35 47801 20 47998 35 48059 16 48257 32 48291 3 48324 4 48514 31 48546 4 48769 32 48802 5 49025 40 49281 50 49339 1 49537 51 49593 5 49793 51 49848 6 50049 51 50103 8 50306 61 50563 60 50819 60 51075 60 51331 61 51588 60 51824 4 51844 62 51963 5 52079 8 52101 64 52211 13 52324 21 52357 67 52464 16 52579 23 52613 68 52718 18 52834 28 52868 76 52972 20 53089 31 53124 76 53226 22 53345 112 53481 23 53594 4 53600 113 53737 23 53849 121 53993 23 54103 123 54249 23 54358 123 54506 22 54613 124 54762 22 54867 111 54982 11 55018 22 55122 111 55240 8 55274 22 55376 112 55496 7 55530 22 55631 110 55753 5 55786 22 55884 111 56009 5 56042 22 56139 110 56263 8 56298 22 56393 111 56518 11 56556 20 56648 111 56773 13 56814 18 56902 112 57029 13 57076 12 57156 114 57284 13 57334 10 57411 114 57537 16 57591 9 57666 114 57792 16 57831 3 57848 8 57922 114 58047 18 58087 5 58104 8 58178 113 58303 18 58343 5 58361 7 58433 114 58559 17 58599 5 58618 6 58688 115 58816 16 58856 4 58877 1 58944 116 59072 15 59113 2 59199 118 59328 14 59455 119 59586 11 59711 119 59846 6 59967 120 60224 120 60487 114 60744 113 61001 112 61258 110 61516 107 61695 1 61778 100 61949 3 62035 99 62205 3 62294 96 62460 4 62554 92 62716 4 62811 91 62972 4 63069 88 63229 3 63326 86 63583 81 63840 79 64097 78 64354 77 64611 76 64868 75 65124 46 65171 27 65387 15 65405 20 65428 26
000078,0 65536
000079,28 52 285 54 541 55 797 58 1053 60 1310 60 1567 60 1823 60 2079 60 2335 59 2591 59 2844 1 2847 57 3074 4 3100 1 3104 10 3117 42 3328 9 3361 8 3373 41 3584 11 3629 40 3840 12 3857 2 3885 40 4096 13 4111 12 4141 37 4352 30 4398 36 4608 32 4642 5 4655 33 4864 41 4912 32 5120 42 5170 29 5376 43 5427 18 5449 4 5632 44 5685 15 5888 45 5941 14 6144 45 6199 12 6400 45 6455 13 6656 46 6711 14 6912 46 6967 14 7168 46 7222 15 7424 47 7478 14 7680 47 7734 14 7936 48 7990 13 8192 50 8245 4 8253 4 8448 56 8704 56 8960 56 9216 56 9472 55 9728 53 9984 51 10240 50 10496 49 10752 47 11008 47 11264 46 11520 45 11776 45 12033 44 12290 42 12546 41 12802 40 13058 40 13312 42 13568 42 13824 43 14080 45 14336 46 14592 46 14848 46 15104 46 15360 46 15616 45 15872 10 15884 33 16128 10 16141 12 16154 19 16384 9 16397 11 16411 18 16440 1 16640 9 16654 10 16667 18 16896 9 16911 7 16924 17 17152 7 17168 30 17408 6 17425 29 17664 5 17683 27 17920 5 17939 26 18176 5 18195 26 18432 4 18451 25 18688 6 18707 24 18944 7 18963 23 19200 8 19219 21 19456 9 19476 19 19712 11 19733 9 19745 5 19968 12 19991 6 20002 3 20224 14 20248 4 20480 16 20497 1 20736 19 20992 19 21248 20 21504 21 21760 22 22016 24 22272 24 22528 25 22784 25 23040 25 23269 2 23296 26 23524 3 23552 26 23777 1 23780 3 23808 28 24033 4 24064 29 24289 3 24320 30 24545 4 24576 30 24803 2 24832 30 25058 6 25088 30 25313 8 25344 30 25402 4 25569 9 25600 30 25655 12 25825 10 25856 31 25900 24 26081 10 26112 31 26153 28 26272 4 26336 12 26368 32 26408 29 26528 4 26592 12 26624 32 26662 31 26784 3 26848 12 26880 69 27040 3 27104 11 27136 69 27296 4 27360 8 27392 69 27552 4 27617 5 27648 69 27808 3 27820 2 27873 3 27904 70 28063 4 28074 6 28160 71 28318 5 28328 9 28416 71 28574 6 28582 12 28672 71 28829 21 28928 71 29085 21 29184 71 29340 22 29440 71 29596 23 29696 71 29851 24 29952 72 30106 26 30208 72 30361 28 30464 72 30617 28 30720 72 30874 28 30976 72 31130 29 31232 71 31386 30 31422 4 31488 66 31642 32 31677 7 31744 65 31898 45 32000 65 32154 46 32256 38 32297 25 32411 45 32512 37 32555 23 32673 40 32768 36 32812 22 32929 41 33024 36 33071 19 33184 43 33280 36 33328 17 33440 44 33536 35 33588 12 33695 46 33792 34 33845 10 33951 46 34048 34 34102 8 34207 46 34304 25 34333 3 34358 7 34462 48 34560 24 34598 3 34616 3 34718 48 34816 24 34851 8 34974 48 35072 24 35105 10 35230 48 35328 25 35358 13 35485 48 35584 43 35741 48 35840 42 35997 48 36096 42 36253 47 36352 42 36510 46 36608 42 36766 46 36864 41 37022 45 37120 41 37278 44 37376 40 37534 44 37632 39 37790 43 37888 38 38046 43 38144 37 38302 42 38403 29 38559 40 38661 26 38815 40 38870 5 38928 11 39051 4 39072 39 39125 7 39186 7 39306 6 39328 39 39380 9 39443 4 39562 6 39584 39 39624 2 39635 10 39817 8 39840 44 39890 11 40073 8 40096 45 40146 10 40328 9 40352 46 40401 10 40583 10 40608 58 40838 11 40864 57 41093 12 41121 55 41349 13 41377 54 41605 13 41634 45 41695 1 41862 13 41890 44 41947 7 42119 13 42146 42 42202 9 42375 13 42403 40 42457 11 42632 13 42660 38 42713 11 42889 13 42919 34 42969 11 43145 16 43176 31 43225 10 43401 16 43433 29 43481 9 43657 15 43689 28 43737 8 43913 14 43946 26 43993 7 44169 13 44202 24 44250 5 44424 14 44458 21 44506 4 44646 4 44680 15 44714 21 44901 6 44936 15 44970 21 45157 10 45193 13 45226 20 45413 11 45449 14 45483 18 45669 12 45705 14 45740 15 45925 12 45962 13 45997 13 46181 11 46218 14 46255 9 46439 8 46474 14 46512 7 46695 7 46730 14 46769 5 46952 6 46987 12 47209 2 47243 12 47500 11 47756 11 48012 11 48268 11 48524 11 48780 12 49037 12 49294 17 49330 4 49552 17 49585 7 49809 16 49840 10 50066 16 50095 11 50321 19 50349 14 50576 20 50601 18 50764 3 50832 20 50856 20 51019 5 51087 21 51112 20 51274 7 51343 22 51367 20 51530 8 51599 42 51785 9 51855 41 52041 9 52111 40 52297 9 52367 40 52552 11 52623 39 52808 11 52879 39 53065 10 53136 38 53321 11 53393 37 53578 11 53650 36 53834 11 53906 36 54090 11 54163 35 54346 10 54419 35 54602 10 54674 36 54858 9 54930 36 55115 4 55186 36 55442 2 55449 28 55707 25 55967 20 56224 18 56480 16 56736 11 56993 9 57250 8 57507 6 57764 4 58021 3 63857 7 64112 9 64368 9 64623 10 64651 6 64878 11 64905 15 65135 10 65161 12 65174 1 65391 10 65416 13
000080,58470 4 58724 7 58978 9 59234 10 59490 10 59747 9 60004 7 60261 5
000081,0 65536
000082,0 116 244 128 501 127 757 126 1013 20 1036 103 1269 20 1293 101 1525 19 1549 100 1781 19 1807 98 2038 18 2065 95 2295 17 2322 62 2385 31 2552 16 2579 57 2641 32 2808 17 2836 57 2897 32 3064 17 3094 54 3152 33 3319 18 3351 50 3407 34 3573 20 3609 47 3665 33 3826 23 3867 41 3921 33 4080 26 4126 35 4178 32 4334 18 4354 8 4383 33 4435 31 4587 21 4611 8 4621 2 4639 34 4692 30 4841 23 4869 11 4895 35 4949 28 5079 1 5095 25 5126 11 5150 37 5206 26 5332 7 5348 28 5385 8 5405 39 5463 25 5587 10 5603 29 5641 8 5660 41 5704 3 5720 24 5842 13 5858 30 5897 8 5915 43 5959 4 5977 22 6097 47 6153 8 6170 49 6234 20 6353 50 6410 7 6426 50 6492 1 6499 5 6507 2 6608 52 6666 7 6682 50 6864 52 6922 6 6937 53 7120 52 7179 4 7193 54 7375 53 7449 55 7629 55 7685 1 7705 55 7884 52 7939 5 7961 55 8140 52 8195 5 8217 55 8322 4 8395 53 8452 5 8473 55 8575 9 8650 54 8709 4 8729 55 8829 12 8905 55 8966 2 8986 54 9083 16 9161 55 9242 53 9339 17 9417 55 9498 53 9589 3 9593 23 9673 55 9755 52 9844 31 9928 56 10011 57 10100 31 10185 55 10267 59 10356 32 10441 55 10523 65 10597 8 10612 33 10696 56 10779 68 10851 11 10868 34 10952 56 11035 69 11105 14 11123 37 11208 56 11291 3 11299 77 11378 38 11464 56 11546 3 11556 117 11723 53 11800 5 11813 116 11980 52 12054 6 12069 116 12236 52 12310 6 12326 115 12493 51 12565 9 12575 2 12582 115 12751 49 12821 132 13008 48 13076 133 13264 48 13330 136 13519 49 13585 138 13776 48 13840 140 14032 48 14095 142 14288 48 14351 142 14545 5 14555 37 14607 142 14811 195 15067 195 15321 104 15427 91 15575 105 15684 90 15831 105 15941 88 16087 198 16343 196 16600 194 16857 192 17113 191 17369 190 17626 189 17882 186 18070 2 18139 184 18396 110 18507 7 18518 61 18653 107 18764 5 18774 61 18909 106 19030 60 19165 105 19286 60 19419 107 19541 62 19675 108 19797 62 19931 37 19969 71 20052 63 20187 37 20225 72 20308 64 20443 37 20481 73 20564 64 20700 36 20737 73 20821 63 20955 37 20993 5 21000 67 21079 60 21210 38 21251 1 21256 67 21337 58 21463 41 21512 67 21594 57 21718 42 21768 68 21851 39 21891 15 21973 43 22023 69 22107 34 22142 3 22149 12 22229 43 22279 69 22364 35 22407 7 22485 43 22535 70 22621 34 22740 44 22792 69 22877 34 22996 44 23048 70 23133 35 23252 44 23305 70 23389 35 23508 44 23562 70 23645 35 23757 51 23819 70 23901 35 24012 52 24075 71 24156 36 24268 52 24331 72 24412 35 24524 52 24588 72 24667 36 24780 52 24844 73 24923 36 25036 52 25100 73 25179 35 25294 50 25355 75 25435 35 25550 50 25611 75 25692 34 25808 48 25867 76 25948 35 26064 48 26124 76 26204 36 26321 47 26381 75 26461 38 26577 47 26637 75 26717 39 26834 6 26845 35 26893 76 26973 40 27090 5 27103 33 27150 76 27230 39 27347 3 27360 32 27406 76 27486 40 27616 32 27662 77 27742 40 27873 31 27919 76 27998 40 28129 31 28177 73 28255 40 28386 30 28434 72 28511 40 28643 29 28691 71 28768 39 28900 28 28947 71 29025 38 29157 27 29203 71 29281 38 29415 25 29459 71 29538 36 29672 24 29715 71 29795 35 29929 23 29972 70 30052 34 30185 23 30228 69 30314 28 30441 23 30484 69 30571 27 30697 23 30741 67 30829 24 30954 22 30997 66 31087 21 31209 23 31254 58 31313 2 31346 17 31465 23 31510 57 31602 16 31721 23 31766 55 31859 13 31977 23 32022 53 32115 10 32233 23 32278 52 32358 6 32373 5 32489 23 32535 51 32613 8 32746 22 32791 50 32868 9 33002 22 33047 50 33123 11 33258 22 33303 47 33379 11 33515 21 33559 46 33634 13 33771 21 33815 44 33889 15 34028 20 34071 43 34145 15 34284 20 34327 42 34401 16 34541 19 34583 42 34657 16 34798 18 34838 43 34914 14 35056 9 35093 44 35171 13 35313 7 35349 44 35427 12 35605 44 35683 11 35861 43 35940 8 36118 41 36196 6 36375 39 36454 2 36632 36 36889 4 36897 25 37155 23 37412 22 37669 22 37925 22 38182 21 38439 19 38697 16 38955 11 39212 10 39469 8 39726 7 39984 3 51296 6 51551 8 51807 10 52062 12 52318 12 52573 14 52829 15 52855 6 53085 15 53110 10 53339 17 53366 12 53593 19 53621 13 53711 4 53847 21 53877 15 53963 9 54102 23 54132 17 54217 12 54357 25 54387 22 54466 19 54612 27 54642 24 54720 21 54790 6 54867 28 54897 26 54976 20 55045 8 55123 28 55153 26 55231 21 55301 10 55378 28 55409 26 55487 21 55556 12 55628 3 55633 29 55665 27 55743 20 55812 12 55884 34 55920 27 55999 20 56064 16 56143 29 56175 28 56255 20 56320 16 56401 27 56431 28 56512 18 56576 17 56657 27 56685 31 56768 18 56832 18 56914 59 57025 16 57088 20 57171 59 57281 15 57344 21 57429 58 57537 12 57600 22 57687 11 57700 43 57793 10 57856 24 57942 58 58050 8 58112 26 58196 60 58308 4 58368 28 58450 65 58624 28 58706 67 58880 28 58961 69 59136 28 59217 77 59392 27 59473 78 59557 4 59648 26 59728 80 59812 6 59904 25 59980 84 60068 6 60160 24 60234 87 60325 6 60416 23 60478 1 60489 102 60672 17 60733 5 60745 103 60928 17 60989 5 60999 104 61184 17 61238 4 61245 113 61440 17 61478 3 61493 7 61502 112 61696 18 61733 5 61749 7 61759 111 61952 19 61989 6 62005 7 62015 111 62208 19 62244 8 62261 7 62271 110 62464 20 62501 8 62517 120 62720 20 62758 7 62773 121 62976 20 63015 7 63026 124 63232 26 63271 9 63281 125 63417 9 63488 27 63527 136 63672 12 63744 28 63784 136 63928 13 64000 28 64041 135 64184 13 64256 28 64301 131 64440 13 64512 27 64558 131 64696 14 64768 25 64814 132 64953 13 65024 24 65071 131 65209 12 65280 22 65327 131 65465 12
000083,0 65536
000084,0 65536
000085,61133 3 61387 7 61642 8 61897 10 62152 12 62408 12 62664 12 62920 11 63177 7 64665 4 64920 6 65176 6 65433 5
000086, 
000087,0 65536
000088,0 65536
000089,0 18 60 19 88 47 231 43 313 3 317 18 344 47 487 44 568 22 599 49 743 46 816 5 822 23 854 50 914 3 999 47 1049 2 1071 30 1109 51 1169 6 1255 55 1326 32 1364 53 1425 7 1511 57 1581 34 1619 54 1678 10 1768 58 1836 93 1931 14 2024 58 2091 111 2280 59 2346 112 2536 59 2598 117 2792 58 2854 117 3048 58 3111 117 3304 57 3367 117 3559 58 3624 117 3814 59 3880 117 4069 59 4137 117 4324 61 4393 116 4579 64 4649 116 4834 66 4905 116 5090 68 5159 118 5346 188 5602 188 5858 188 6114 188 6369 189 6623 192 6879 192 7134 193 7389 195 7644 197 7899 199 8155 199 8411 199 8668 198 8924 190 9117 5 9180 27 9212 157 9374 4 9436 27 9469 155 9692 26 9726 152 9947 25 9982 150 10203 24 10238 149 10458 24 10493 150 10714 24 10748 151 10969 25 11004 151 11225 25 11260 150 11480 27 11515 151 11736 28 11771 151 11992 29 12026 151 12249 29 12283 148 12506 29 12539 144 12762 29 12795 143 12983 3 13019 29 13051 14 13067 129 13237 9 13252 4 13275 29 13306 14 13326 118 13447 6 13492 11 13507 6 13531 30 13562 13 13584 32 13617 78 13698 1 13702 8 13748 24 13787 44 13842 30 13873 76 13958 9 14004 25 14041 45 14098 30 14129 75 14214 9 14260 27 14295 6 14305 34 14355 28 14385 72 14470 9 14516 27 14550 7 14562 30 14611 27 14641 71 14727 9 14773 28 14802 11 14821 27 14866 13 14883 11 14897 49 14949 19 14984 8 15006 3 15029 41 15080 24 15122 12 15141 8 15153 47 15207 10 15241 7 15261 5 15283 42 15345 15 15378 9 15398 7 15410 44 15463 9 15498 6 15517 5 15537 43 15601 15 15635 7 15655 5 15666 42 15720 7 15756 2 15774 4 15792 44 15856 16 15892 5 15922 40 15977 5 16030 4 16047 45 16111 17 16178 40 16233 5 16303 46 16367 17 16434 39 16490 3 16558 48 16622 18 16690 38 16744 5 16815 50 16879 17 16947 37 17000 6 17071 51 17136 16 17204 35 17256 6 17328 51 17392 16 17461 34 17512 6 17585 50 17649 15 17716 34 17768 5 17842 49 17907 13 17972 33 18026 2 18099 48 18164 12 18227 35 18295 2 18356 47 18421 11 18482 37 18549 5 18613 46 18677 11 18738 39 18805 6 18869 45 18933 11 18993 41 19060 7 19125 43 19189 11 19249 41 19315 8 19381 42 19446 10 19505 42 19571 8 19637 42 19702 7 19761 41 19826 9 19893 41 19960 3 20017 41 20082 10 20149 40 20273 40 20338 10 20406 28 20439 4 20529 30 20594 10 20662 28 20747 6 20786 28 20850 10 20919 27 21001 9 21042 27 21105 11 21176 25 21256 10 21298 27 21362 10 21433 25 21503 1 21511 12 21553 28 21619 8 21691 23 21757 3 21767 13 21808 29 21878 1 21940 31 21972 4 22011 5 22023 14 22063 29 22195 38 22267 5 22279 14 22319 28 22448 42 22522 6 22534 16 22576 3 22583 18 22702 45 22777 7 22790 19 22814 2 22841 9 22956 47 23032 8 23045 29 23098 5 23211 48 23288 8 23301 30 23467 48 23543 9 23557 30 23722 49 23799 9 23813 30 23978 49 24055 9 24070 29 24234 49 24310 10 24326 29 24489 50 24566 10 24582 29 24745 51 24821 11 24838 29 24989 3 24994 58 25075 13 25095 28 25244 64 25329 15 25351 29 25499 66 25584 16 25607 29 25755 67 25840 16 25864 28 26011 67 26096 16 26120 28 26268 67 26352 16 26377 28 26525 66 26608 16 26634 27 26761 2 26781 66 26865 15 26890 27 27015 7 27035 68 27121 15 27146 27 27270 10 27289 70 27378 14 27402 26 27525 12 27543 72 27635 13 27658 26 27720 1 27780 91 27892 12 27915 24 27973 6 28035 92 28151 9 28171 24 28228 7 28291 92 28409 7 28427 24 28482 10 28546 92 28666 6 28683 24 28737 12 28802 92 28923 5 28940 22 28993 12 29058 92 29179 5 29196 22 29249 13 29313 93 29436 4 29453 21 29505 13 29570 91 29692 4 29709 20 29761 13 29826 90 29948 4 29967 17 30017 13 30082 90 30204 4 30225 14 30273 13 30329 4 30339 20 30361 65 30460 4 30484 10 30529 12 30584 29 30617 65 30716 4 30742 6 30786 11 30838 30 30873 64 30972 4 30999 5 31043 9 31093 31 31128 65 31229 3 31257 2 31304 4 31348 32 31384 65 31487 1 31562 1 31602 34 31639 66 31857 36 31895 65 32112 104 32368 104 32623 105 32879 104 33135 104 33391 103 33647 103 33882 6 33904 102 34137 8 34160 101 34393 10 34415 102 34648 12 34671 102 34903 15 34919 7 34927 101 35157 124 35412 123 35667 124 35922 125 36177 126 36433 126 36689 126 36945 127 37201 127 37457 127 37713 112 37827 12 37969 110 38225 109 38481 108 38736 107 38991 107 39245 90 39337 17 39500 89 39594 15 39755 89 39852 13 40009 91 40110 10 40264 91 40367 8 40519 92 40775 92 41030 92 41286 92 41541 92 41797 92 42053 91 42304 96 42559 67 42627 30 42815 65 42884 29 43071 55 43128 3 43141 28 43327 55 43397 28 43582 55 43652 29 43838 55 43907 30 44095 54 44163 29 44351 53 44418 29 44608 51 44674 28 44864 44 44912 1 44930 28 45121 43 45185 28 45378 42 45441 28 45634 42 45697 27 45890 42 45943 5 45952 27 46148 39 46198 31 46405 37 46454 30 46663 34 46710 30 46919 32 46966 30 47176 12 47191 5 47201 2 47222 31 47434 8 47448 3 47478 31 47619 2 47734 31 47872 7 47906 1 47990 31 48128 7 48159 6 48177 4 48246 31 48384 7 48414 8 48427 19 48502 31 48640 8 48668 36 48758 31 48896 8 48923 37 49015 30 49152 8 49178 39 49271 30 49408 8 49433 41 49528 29 49664 8 49687 43 49784 29 49920 8 49942 44 50041 28 50176 8 50197 45 50299 26 50432 8 50452 47 50558 23 50688 8 50708 47 50816 20 50944 8 50964 47 51073 18 51200 9 51219 47 51330 15 51456 10 51474 48 51588 4 51712 68 51900 4 51968 69 52155 6 52224 70 52409 9 52480 72 52664 11 52736 74 52919 12 52992 75 53175 12 53248 76 53431 13 53504 77 53686 14 53711 3 53760 78 53942 15 53966 5 54016 78 54198 20 54222 7 54230 5 54272 78 54453 24 54478 14 54528 79 54709 40 54784 79 54964 41 55040 80 55220 42 55296 74 55373 3 55388 1 55476 42 55552 73 55630 1 55644 2 55660 1 55732 42 55808 73 55898 6 55914 6 55988 41 56064 73 56154 6 56169 9 56244 41 56320 74 56409 9 56422 15 56500 41 56576 74 56665 30 56756 41 56832 75 56920 32 57013 39 57088 76 57176 33 57271 37 57344 77 57432 33 57527 36 57600 77 57688 33 57783 35 57856 78 57944 32 58039 33 58095 2 58112 78 58199 33 58295 27 58331 3 58349 6 58368 79 58456 31 58551 26 58586 5 58604 8 58624 80 58712 30 58807 26 58842 10 58859 10 58880 81 58968 30 59063 25 59098 12 59112 14 59136 81 59225 29 59319 25 59354 29 59392 82 59481 29 59575 29 59609 31 59648 82 59737 29 59832 64 59904 82 59993 29 60088 64 60160 82 60249 30 60344 65 60416 82 60504 31 60601 64 60672 82 60759 34 60858 64 60928 81 61015 37 61115 63 61184 81 61270 39 61372 9 61383 51 61440 81 61526 41 61629 7 61639 51 61696 81 61782 42 61866 5 61894 52 61952 82 62038 44 62120 10 62150 52 62208 82 62294 44 62375 12 62405 53 62464 83 62551 44 62630 14 62658 56 62720 18 62740 64 62808 44 62886 15 62909 62 62976 17 62997 63 63065 43 63142 17 63163 56 63220 6 63232 16 63254 62 63324 1 63328 37 63397 76 63478 4 63488 15 63510 62 63584 37 63653 76 63744 14 63765 63 63840 39 63909 76 64000 13 64021 63 64088 5 64095 43 64165 76 64256 13 64276 64 64343 52 64421 77 64512 12 64532 120 64676 79 64768 11 64788 121 64932 79 65024 11 65043 123 65188 79 65280 10 65299 123 65444 79
000090, 
000091,58283 2 58539 3 58794 4 59050 4 59306 4 59562 3 59818 3
000092,0 65536
000093,0 65536
000094,0 65536
000095,0 65536
000096,0 65536
000097, 
000098,248 8 504 8 760 8 1016 8 1272 8 1528 8 1784 8 2040 8 2296 8 2552 8 2808 8 3064 8 3321 7 3577 7 3833 7 4088 8 4343 9 4598 10 4854 10 5110 10 5367 9 5624 8 5880 8 6136 8 6392 8 6647 9 6903 9 7159 9 7414 10 7671 9 7922 2 7927 9 8184 8 8442 6
000099,0 8 26 33 67 26 99 12 150 24 182 74 257 7 282 32 324 24 352 16 407 22 437 75 538 32 581 23 606 18 663 21 693 75 794 31 838 43 919 14 949 75 1050 30 1095 42 1171 13 1205 38 1244 36 1305 31 1352 41 1426 12 1461 37 1504 32 1561 15 1579 13 1609 40 1681 13 1717 37 1761 31 1817 15 1836 12 1866 38 1936 14 1973 12 1994 16 2018 30 2073 14 2094 10 2123 37 2192 14 2229 10 2250 16 2275 29 2329 13 2355 3 2380 36 2448 15 2485 9 2508 14 2532 28 2585 12 2636 36 2704 16 2742 7 2765 12 2788 28 2840 10 2892 37 2960 18 2999 5 3025 6 3045 27 3097 7 3147 38 3200 3 3217 18 3301 27 3354 5 3404 38 3455 5 3475 16 3558 26 3660 39 3710 6 3732 16 3814 26 3915 41 3966 6 3989 15 4070 26 4170 44 4221 7 4245 16 4326 26 4426 46 4473 11 4501 16 4582 26 4662 2 4681 59 4757 16 4838 26 4916 6 4937 60 5013 15 5094 26 5171 9 5193 64 5269 13 5351 25 5427 10 5448 66 5524 12 5608 24 5682 12 5704 67 5780 11 5864 24 5937 14 5962 65 6036 10 6057 5 6121 23 6193 14 6219 64 6288 1 6291 10 6312 8 6326 3 6350 2 6377 23 6449 14 6477 80 6567 19 6605 6 6635 3 6642 14 6705 13 6734 78 6823 20 6861 7 6900 12 6962 10 6991 77 7078 22 7117 8 7157 11 7218 6 7248 75 7334 22 7373 9 7414 10 7505 26 7541 37 7590 22 7629 9 7671 9 7763 24 7799 34 7846 22 7885 9 7927 9 8019 24 8060 28 8101 23 8141 8 8183 9 8276 23 8318 20 8346 4 8357 23 8398 7 8439 9 8532 24 8575 19 8600 36 8654 6 8696 8 8789 23 8831 18 8856 35 8912 1 8952 8 9045 9 9059 10 9087 17 9111 35 9208 8 9302 8 9319 6 9343 17 9367 30 9435 1 9456 15 9472 6 9548 3 9559 8 9576 6 9599 15 9622 32 9690 5 9711 12 9728 8 9803 5 9815 8 9832 6 9855 14 9878 32 9945 7 9967 11 9984 9 10058 7 10071 9 10089 5 10111 10 10134 33 10190 4 10201 9 10223 11 10240 10 10314 8 10326 11 10346 4 10366 10 10390 33 10445 6 10458 9 10470 6 10479 11 10496 10 10570 9 10581 13 10602 4 10609 5 10622 10 10646 33 10690 6 10699 9 10714 19 10735 10 10752 10 10826 25 10858 5 10865 6 10878 11 10903 32 10945 20 10971 6 10979 12 10992 9 11008 9 11082 27 11112 6 11120 7 11133 12 11159 32 11201 21 11229 3 11234 13 11248 9 11264 9 11338 36 11376 7 11389 12 11415 32 11456 23 11490 23 11520 8 11595 35 11632 7 11645 12 11671 31 11712 23 11746 23 11776 7 11852 34 11888 8 11900 13 11927 30 11967 25 12002 24 12032 6 12109 33 12145 26 12183 31 12223 27 12258 24 12288 5 12371 27 12402 26 12438 32 12479 28 12513 25 12544 5 12627 27 12662 25 12694 32 12735 28 12769 24 12800 4 12884 26 12919 24 12949 34 12991 28 13025 23 13056 4 13100 1 13141 24 13175 24 13205 37 13246 29 13281 23 13312 4 13354 5 13398 23 13431 24 13461 38 13502 28 13537 23 13568 4 13610 6 13656 22 13687 14 13703 8 13716 70 13794 21 13824 4 13866 7 13914 20 13944 11 13959 9 13971 71 14050 21 14080 4 14122 8 14172 20 14202 9 14215 10 14227 71 14307 20 14336 4 14377 9 14430 19 14459 7 14471 83 14563 20 14592 4 14633 10 14687 19 14716 5 14727 84 14819 20 14848 4 14889 11 14944 20 14972 4 14983 67 15052 15 15075 19 15104 3 15144 12 15201 19 15239 62 15309 13 15331 19 15360 3 15400 12 15457 19 15495 59 15566 12 15588 18 15616 2 15655 14 15714 17 15751 56 15823 6 15843 18 15911 14 15970 16 16006 14 16024 39 16099 17 16166 16 16227 13 16262 13 16280 38 16355 17 16422 16 16483 9 16518 11 16536 38 16611 16 16659 4 16680 14 16774 10 16792 36 16867 17 16914 6 16938 12 17030 9 17048 33 17122 19 17170 6 17194 12 17286 8 17305 28 17378 21 17411 3 17427 5 17450 12 17542 8 17562 26 17624 2 17633 23 17666 6 17682 5 17704 14 17800 4 17819 25 17877 7 17888 24 17921 9 17937 5 17959 15 18077 22 18129 39 18177 10 18192 7 18214 16 18284 3 18333 22 18382 43 18432 11 18447 10 18470 16 18540 5 18590 19 18637 44 18688 12 18701 13 18725 17 18795 8 18846 19 18892 45 18944 27 18981 18 19051 9 19102 18 19127 1 19148 46 19200 28 19237 20 19306 13 19359 17 19382 3 19404 46 19456 28 19494 21 19562 16 19615 18 19638 4 19659 47 19712 29 19750 21 19817 19 19872 18 19895 2 19915 47 19968 29 20007 21 20072 20 20129 17 20171 47 20224 31 20263 11 20279 7 20325 24 20387 15 20426 47 20480 32 20520 6 20536 8 20579 27 20644 14 20682 43 20736 33 20776 10 20793 8 20834 29 20901 14 20938 42 20992 35 21033 10 21049 9 21089 30 21158 13 21194 42 21248 36 21289 12 21305 9 21345 32 21415 11 21449 34 21486 6 21504 37 21545 13 21561 10 21600 34 21672 10 21705 33 21744 3 21760 38 21801 27 21835 8 21855 36 21928 10 21961 31 22016 69 22089 11 22109 39 22185 8 22218 12 22235 8 22272 133 22443 5 22474 12 22493 4 22528 134 22731 10 22784 134 22988 8 23040 135 23296 135 23552 135 23808 135 24064 134 24214 3 24320 67 24389 65 24466 9 24576 66 24646 64 24719 13 24832 66 24903 64 24974 14 25088 65 25160 63 25230 15 25344 64 25417 62 25486 15 25600 63 25673 62 25743 14 25856 62 25929 61 25999 13 26112 60 26185 60 26255 13 26368 59 26442 59 26512 12 26624 57 26698 59 26769 10 26881 55 26956 57 27029 5 27137 53 27215 54 27395 51 27471 54 27659 43 27727 54 27916 41 27984 53 28175 38 28240 53 28432 37 28497 52 28689 36 28753 52 28945 36 29010 51 29201 36 29268 49 29360 6 29457 36 29525 48 29615 9 29714 35 29781 48 29870 11 29970 35 30037 48 30126 11 30227 34 30290 48 30381 13 30485 31 30544 49 30637 14 30743 29 30800 48 30893 14 30999 29 31055 37 31093 10 31148 15 31256 27 31311 35 31351 6 31404 16 31514 25 31566 34 31609 2 31660 16 31771 22 31822 26 31916 18 32000 4 32028 21 32078 25 32171 20 32227 1 32256 5 32285 7 32298 6 32333 25 32427 21 32456 7 32480 6 32512 5 32543 3 32589 25 32682 22 32711 9 32734 8 32768 5 32845 25 32937 24 32966 11 32982 17 33024 5 33102 24 33192 24 33221 12 33237 18 33280 4 33358 23 33446 26 33476 14 33492 19 33536 3 33614 23 33702 26 33732 36 33839 4 33869 22 33958 26 33988 37 34089 12 34125 23 34151 5 34214 27 34242 40 34343 16 34381 32 34470 69 34544 2 34599 17 34637 33 34726 69 34799 3 34851 23 34893 34 34983 68 35055 3 35105 25 35149 35 35240 67 35360 26 35406 34 35497 67 35614 28 35650 6 35663 34 35753 67 35868 30 35905 8 35922 34 36010 67 36123 31 36160 10 36179 34 36266 67 36378 32 36416 10 36435 35 36522 67 36633 33 36671 11 36691 35 36778 68 36889 34 36927 11 36947 35 37034 68 37145 49 37196 4 37203 35 37291 67 37401 57 37459 35 37548 66 37657 57 37715 35 37806 64 37913 93 38066 60 38169 67 38243 18 38323 59 38425 59 38485 5 38499 15 38579 9 38589 49 38681 59 38755 14 38836 7 38846 48 38937 59 39011 13 39094 4 39102 48 39193 59 39268 12 39358 48 39449 59 39525 10 39614 48 39705 59 39781 9 39870 48 39942 11 39961 59 40038 3 40126 49 40192 19 40217 58 40382 49 40439 4 40448 19 40473 57 40637 65 40704 19 40729 55 40893 66 40960 19 40985 54 41090 14 41150 85 41241 53 41345 16 41406 85 41498 52 41600 18 41661 86 41755 50 41855 19 41917 87 42014 46 42110 20 42173 67 42241 19 42272 43 42365 21 42429 45 42478 18 42498 19 42528 30 42559 10 42619 23 42686 41 42734 18 42754 19 42784 28 42815 8 42873 25 42942 40 42991 17 43011 18 43040 27 43072 6 43124 30 43200 37 43247 17 43267 18 43296 25 43328 5 43378 32 43457 36 43503 17 43524 17 43552 23 43586 1 43632 34 43730 19 43759 17 43780 9 43792 5 43809 20 43884 37 43986 19 44015 17 44036 10 44052 2 44066 18 44138 38 44242 18 44271 17 44291 12 44307 7 44324 14 44387 45 44498 18 44525 19 44545 27 44581 10 44641 47 44754 17 44780 20 44801 27 44838 8 44895 50 45010 16 45036 49 45095 5 45151 52 45267 13 45292 49 45406 54 45524 10 45548 48 45615 3 45661 58 45781 6 45803 49 45871 4 45915 63 46039 1 46059 49 46128 2 46170 65 46314 49 46385 2 46425 67 46570 22 46593 26 46641 5 46657 2 46680 68 46797 3 46826 22 46849 25 46897 6 46912 4 46935 69 47052 5 47082 22 47105 25 47152 8 47169 3 47190 69 47308 5 47338 22 47361 24 47408 9 47426 1 47445 70 47563 6 47594 22 47617 24 47665 8 47690 4 47700 71 47820 5 47849 23 47873 23 47921 9 47945 6 47955 72 48076 4 48104 47 48177 7 48201 6 48212 71 48333 1 48359 48 48457 6 48468 71 48614 49 48687 4 48710 1 48715 3 48724 72 48870 50 48940 9 48963 12 48980 72 49126 26 49153 23 49191 15 49215 93 49381 27 49409 23 49438 4 49446 17 49470 95 49637 51 49693 6 49701 19 49725 96 49893 51 49950 26 49981 97 50149 51 50206 27 50236 98 50405 49 50468 123 50661 48 50724 124 50918 45 50980 124 51174 45 51236 125 51431 44 51493 126 51687 14 51702 29 51749 128 51944 11 51959 29 52005 130 52201 8 52216 28 52261 131 52431 5 52460 3 52472 28 52518 131 52684 9 52729 28 52773 132 52939 13 52986 27 53029 133 53195 15 53248 22 53284 134 53450 19 53504 22 53539 135 53700 26 53760 23 53795 135 53955 28 54016 23 54051 136 54210 29 54272 23 54307 139 54466 29 54528 23 54563 141 54722 29 54784 23 54819 143 54978 29 55040 23 55074 145 55234 29 55296 23 55329 147 55490 30 55552 22 55585 149 55747 29 55810 20 55840 152 56004 28 56039 1 56067 19 56096 154 56260 28 56293 5 56323 18 56352 155 56517 28 56548 8 56581 2 56587 10 56608 156 56774 27 56802 13 56818 5 56844 8 56863 159 57031 49 57101 5 57119 159 57290 47 57375 161 57546 48 57631 167 57803 3 57809 42 57888 168 58066 44 58144 169 58323 44 58400 170 58579 45 58656 170 58836 44 58901 4 58912 169 59091 45 59156 6 59167 169 59347 45 59411 180 59603 45 59666 98 59765 82 59859 45 59922 95 60026 77 60115 45 60177 93 60284 75 60371 45 60434 88 60539 75 60627 45 60690 82 60795 75 60883 45 60947 80 61050 66 61118 7 61140 44 61204 78 61306 65 61376 3 61396 44 61460 78 61552 3 61562 65 61651 45 61717 77 61805 7 61819 63 61906 46 61973 77 62052 17 62075 63 62162 46 62229 65 62296 8 62307 18 62331 62 62418 46 62485 64 62553 6 62561 21 62588 60 62674 46 62742 10 62756 48 62810 4 62817 22 62844 60 62910 3 62930 46 62998 9 63020 38 63071 24 63101 59 63166 4 63186 46 63255 6 63277 36 63327 25 63359 57 63421 5 63441 47 63533 34 63583 25 63616 59 63678 4 63696 48 63790 29 63839 25 63873 7 63884 48 63934 2 63952 48 64048 25 64095 24 64131 3 64142 46 64208 48 64316 12 64350 20 64401 43 64465 47 64572 12 64606 19 64658 42 64721 48 64829 12 64861 19 64915 41 64977 48 65085 12 65116 20 65171 41 65232 49 65341 11 65371 20 65428 39 65487 49
104502,0 54 60 247 317 246 575 242 829 244 1084 241 1339 237 1594 235 1849 230 2082 2 2104 232 2337 2 2359 236 2615 236 2870 239 3125 243 3381 243 3636 245 3891 246 4147 246 4402 248 4658 248 4913 249 5169 225 5396 22 5423 251 5678 252 5932 255 6188 2772 8961 255 9217 255 9473 255 9729 50958 60689 253 60946 246 61204 243 61461 241 61718 239 61975 238 62232 237 62492 233 62750 231 63006 231 63263 230 63519 230 63776 229 64032 229 64287 232 64542 237 64796 240 65051 243 65307 229
106940,0 94 119 232 375 233 631 234 886 236 1142 238 1397 245 1652 17634 19287 6441 25730 253 25989 249 26247 246 26503 246 26759 245 27016 244 27272 244 27528 243 27784 243 28041 242 28297 241 28554 240 28810 240 29067 239 29323 239 29579 239 29835 239 30093 238 30350 237 30608 235 30865 234 31123 232 31379 232 31636 231 31892 231 32146 37 32185 194 32401 37 32445 191 32657 36 32701 191 32913 36 32958 191 33168 36 33215 22 33243 162 33424 36 33471 23 33499 163 33680 35 33729 22 33757 162 33936 35 33987 20 34013 162 34193 34 34247 16 34269 163 34449 34 34505 14 34525 164 34705 34 34762 12 34782 163 34961 34 35019 10 35038 165 35217 34 35276 7 35295 164 35473 35 35533 4 35550 166 35728 36 35806 166 35984 36 36062 167 36240 35 36317 168 36496 35 36573 168 36753 34 36829 168 37009 34 37085 169 37267 32 37341 169 37525 30 37597 170 37784 26 37836 1 37853 170 38041 24 38092 2 38110 171 38297 32 38367 171 38553 34 38623 172 38809 34 38878 174 39065 34 39131 178 39321 34 39385 180 39578 17 39597 13 39641 182 39835 12 39855 8 39898 181 40091 12 40111 7 40154 183 40348 11 40411 182 40604 11 40668 183 40860 12 40923 184 41115 13 41179 206 41434 207 41688 209 41939 215 42193 204 42403 8 42448 204 42661 7 42677 4 42703 204 42918 20 42957 205 43174 21 43213 202 43430 22 43460 211 43686 23 43713 213 43942 240 44198 239 44455 236 44711 234 44967 234 45224 232 45481 231 45738 230 45995 229 46251 230 46507 231 46763 233 47019 234 47276 234 47533 234 47789 234 48045 234 48302 233 48558 233 48814 233 49070 233 49326 234 49582 235 49838 235 50094 235 50350 236 50607 235 50864 235 51121 234 51377 234 51631 236 51885 239 52140 241 52395 242 52651 243 52907 244 53163 244 53420 243 53677 242 53934 241 54189 242 54445 242 54701 242 54957 242 55213 242 55469 242 55725 242 55981 243 56237 243 56494 242 56752 240 57010 237 57267 236 57524 235 57781 233 58039 230 58297 228 58554 227 58812 225 59069 224 59328 222 59584 223 59841 222 60098 223 60347 230 60603 232 60859 232 61115 233 61373 4 61378 226 61630 3 61634 226 61890 226 62146 225 62399 228 62655 230 62911 231 63167 235 63424 235 63681 234 63939 233 64195 234 64451 234 64707 234 64963 234 65220 233 65476 60
112782,0 65536
123643,0 65536
126000,0 65536
126135,0 51 52 61 135 98 248 4 256 49 311 56 393 98 505 3 512 49 567 56 639 4 651 98 762 3 768 48 823 55 895 4 908 98 1017 55 1080 53 1151 4 1165 98 1273 56 1337 50 1407 8 1421 98 1528 61 1591 52 1662 11 1677 98 1784 72 1863 35 1917 14 1933 98 2039 72 2120 34 2172 15 2189 98 2295 74 2376 34 2427 16 2445 99 2552 74 2632 33 2682 17 2701 99 2809 74 2889 32 2937 19 2957 100 3064 75 3145 30 3193 123 3318 77 3401 29 3448 203 3657 29 3704 205 3913 29 3959 207 4168 30 4215 238 4477 232 4736 129 4872 90 4995 125 5129 86 5252 124 5386 83 5509 123 5642 83 5766 122 5897 83 6023 121 6153 82 6279 121 6410 81 6535 121 6666 81 6786 126 6923 5 6932 4 6938 65 7038 52 7093 75 7181 12 7197 61 7294 51 7349 77 7438 11 7458 55 7550 5 7557 44 7605 78 7693 12 7714 54 7807 49 7861 81 7949 13 7969 52 8065 46 8116 83 8204 14 8225 50 8321 46 8372 85 8459 14 8480 50 8577 47 8627 101 8736 50 8833 48 8883 100 8992 50 9089 48 9139 100 9248 31 9281 17 9345 48 9395 90 9486 7 9505 28 9539 16 9601 48 9651 90 9743 5 9761 26 9796 15 9857 48 9906 92 10017 24 10052 13 10113 48 10162 92 10273 22 10309 12 10332 3 10369 141 10529 19 10586 7 10625 128 10755 11 10786 7 10841 9 10881 127 11014 7 11043 6 11095 12 11137 127 11272 2 11300 4 11350 13 11393 127 11536 1 11604 15 11649 127 11792 1 11831 4 11859 16 11905 129 12048 1 12086 6 12115 16 12161 130 12304 2 12342 6 12370 18 12418 45 12466 81 12599 5 12625 19 12660 6 12674 45 12725 78 12855 4 12879 22 12915 9 12930 45 12982 76 13134 23 13169 62 13240 72 13389 24 13425 62 13497 71 13645 25 13679 64 13754 70 13900 26 13935 64 14011 69 14156 25 14189 66 14262 74 14411 26 14445 66 14515 77 14667 26 14700 66 14770 78 14924 25 14955 66 15026 78 15180 25 15210 63 15281 79 15436 25 15465 64 15537 79 15693 24 15719 65 15793 79 15949 25 15975 65 16049 79 16205 92 16303 81 16462 91 16558 82 16719 92 16813 83 16975 177 17231 177 17488 176 17745 21 17767 30 17800 120 18002 20 18023 29 18057 119 18260 44 18310 122 18517 42 18566 122 18773 41 18822 122 19029 42 19078 122 19285 42 19334 122 19541 41 19590 122 19795 43 19847 121 20051 42 20104 120 20309 25 20340 11 20362 53 20417 63 20565 24 20597 10 20619 51 20675 6 20683 53 20823 22 20855 9 20875 50 20932 1 20940 2 20943 49 21079 22 21112 9 21131 50 21195 53 21335 18 21354 5 21368 9 21387 49 21450 6 21460 44 21591 23 21624 11 21643 48 21705 8 21717 43 21846 22 21879 15 21897 48 21956 14 21975 41 22102 21 22135 61 22212 14 22231 41 22357 22 22391 61 22469 15 22488 40 22613 21 22647 61 22725 15 22745 42 22869 20 22902 62 22983 14 23001 43 23125 20 23157 63 23239 14 23257 44 23310 6 23381 19 23412 63 23495 14 23514 43 23566 7 23637 19 23667 64 23751 14 23771 44 23822 11 23893 19 23922 64 24007 14 24029 29 24062 9 24078 12 24149 19 24178 63 24263 14 24285 28 24320 9 24335 12 24406 19 24433 65 24519 16 24542 25 24576 9 24592 12 24662 19 24687 68 24775 16 24799 22 24832 9 24851 9 24918 95 25032 16 25055 20 25088 9 25108 9 25174 96 25289 16 25310 19 25344 10 25365 8 25430 97 25546 15 25565 17 25600 9 25621 8 25673 4 25686 97 25804 13 25821 17 25856 9 25877 8 25928 8 25941 98 26063 8 26077 18 26112 9 26133 8 26184 11 26196 99 26320 7 26333 18 26368 7 26391 6 26405 1 26440 110 26577 4 26590 17 26624 6 26647 6 26659 4 26691 3 26695 110 26847 15 26905 5 26915 6 26947 72 27022 37 27103 11 27162 5 27171 6 27201 74 27279 36 27361 7 27420 3 27428 7 27455 77 27536 33 27596 2 27677 2 27684 8 27711 76 27793 31 27851 3 27939 11 27965 78 28051 29 28106 5 28195 12 28221 78 28307 29 28361 6 28451 13 28477 77 28563 29 28618 4 28707 14 28733 76 28817 32 28874 4 28963 16 28989 74 29073 24 29098 9 29222 14 29245 74 29329 35 29373 3 29480 13 29501 74 29585 37 29627 6 29736 14 29757 73 29841 38 29883 6 29993 14 30013 73 30097 40 30138 7 30249 14 30269 73 30353 48 30506 13 30527 9 30541 57 30609 48 30762 13 30785 6 30799 54 30865 49 31018 12 31056 23 31083 26 31122 49 31275 10 31312 23 31340 24 31378 50 31531 8 31569 22 31596 23 31635 50 31743 1 31787 7 31825 22 31853 22 31892 50 31998 2 32082 22 32109 23 32149 49 32253 3 32338 23 32365 23 32406 49 32508 4 32595 49 32664 47 32712 2 32763 5 32851 50 32920 51 33016 8 33107 50 33177 43 33221 8 33265 15 33363 50 33419 4 33433 43 33477 7 33520 16 33618 51 33673 7 33690 39 33734 6 33775 17 33873 53 33927 10 33947 38 33990 5 34031 17 34124 69 34205 36 34249 1 34287 17 34379 70 34461 36 34543 17 34635 70 34718 35 34797 19 34891 69 34975 34 35052 20 35146 13 35165 50 35232 33 35307 21 35374 5 35402 12 35421 49 35489 32 35561 23 35627 10 35657 11 35678 46 35745 30 35816 24 35877 16 35913 10 35935 44 36001 29 36072 24 36131 21 36157 2 36169 8 36190 45 36257 18 36327 25 36387 30 36425 8 36446 45 36513 16 36583 25 36642 33 36679 9 36702 45 36769 15 36839 25 36897 46 36958 45 37025 13 37095 25 37152 46 37214 45 37268 1 37281 10 37351 25 37407 47 37471 44 37537 8 37606 26 37663 48 37732 41 37782 1 37793 6 37861 27 37919 48 37990 40 38038 1 38049 6 38117 27 38175 47 38248 33 38287 8 38305 6 38373 27 38431 47 38505 30 38543 8 38561 7 38630 26 38686 47 38762 27 38800 8 38817 10 38886 26 38941 48 39019 26 39056 8 39073 11 39143 25 39197 47 39283 18 39313 7 39330 11 39399 25 39453 46 39539 18 39569 6 39587 10 39654 26 39708 47 39799 14 39828 1 39844 10 39908 28 39964 46 40056 13 40101 9 40163 29 40220 45 40314 9 40358 8 40417 31 40476 45 40571 8 40615 6 40673 31 40733 41 40873 3 40929 31 40981 1 40990 35 41185 31 41235 5 41251 26 41442 30 41491 4 41509 24 41699 29 41748 3 41767 8 41777 12 41955 29 42005 2 42023 6 42034 11 42097 3 42211 29 42291 10 42346 11 42468 28 42548 9 42601 12 42725 27 42806 5 42856 14 42982 26 43112 14 43239 25 43368 13 43499 21 43625 12 43755 21 43881 12 44012 20 44137 12 44268 20 44393 12 44525 19 44564 2 44649 12 44781 19 44818 4 44905 14 45037 19 45075 3 45162 13 45294 18 45419 14 45551 17 45675 13 45808 16 45829 1 45933 11 46067 13 46085 2 46190 10 46327 9 46341 4 46448 7 46585 7 46597 4 46704 5 46843 5 46853 5 46961 3 47101 3 47109 4 47219 2 47359 1 47368 1 47475 2 47731 5 47985 10 48241 12 48497 12 48754 11 49011 9 49267 8 51139 2 51191 2 51343 4 51395 3 51447 4 51597 10 51616 14 51651 3 51658 6 51701 7 51853 12 51866 22 51899 4 51907 3 51914 6 51927 1 51957 7 52107 40 52153 14 52171 4 52182 4 52213 7 52363 42 52407 17 52427 3 52438 5 52469 6 52619 62 52694 5 52725 6 52875 62 52950 5 52982 4 53130 63 53205 8 53216 5 53386 63 53461 16 53641 46 53693 10 53717 17 53897 46 53951 8 53973 17 54151 49 54207 4 54228 18 54401 55 54484 18 54651 61 54718 3 54740 17 54905 63 54973 4 54996 17 55160 64 55229 4 55252 17 55416 63 55485 4 55507 17 55671 57 55731 3 55761 19 55807 1 55927 56 56015 20 56063 1 56185 54 56271 20 56443 52 56527 19 56703 48 56785 16 56960 47 57042 15 57217 48 57299 12 57427 4 57473 49 57556 10 57680 8 57739 42 57791 1 57936 9 57995 43 58046 3 58191 10 58241 2 58250 47 58301 6 58447 11 58497 2 58506 49 58557 6 58699 20 58752 6 58760 67 58953 23 59008 77 59207 26 59264 83 59463 26 59520 85 59719 27 59777 87 59975 27 60033 96 60143 2 60231 28 60291 96 60399 3 60487 28 60547 98 60656 3 60743 11 60764 9 60804 99 60913 2 60999 10 61023 7 61060 101 61169 2 61255 8 61279 8 61317 104 61509 9 61535 8 61573 104 61761 12 61792 5 61829 105 62013 15 62038 4 62049 3 62086 104 62266 18 62293 7 62345 99 62521 18 62549 8 62601 98 62776 19 62805 8 62857 96 63032 19 63061 9 63114 91 63287 20 63317 10 63339 2 63370 89 63543 20 63573 10 63594 3 63626 89 63799 19 63831 9 63849 6 63882 87 64054 20 64087 10 64105 6 64138 87 64309 21 64345 6 64361 6 64394 89 64565 22 64605 2 64618 5 64650 89 64820 23 64875 4 64907 90 65076 23 65132 1 65163 90 65332 22 65421 88
136374,0 65536
142027,3 10 31 6 39 2 73 13 87 6 95 3 106 5 124 21 259 10 293 6 329 26 381 20 515 10 549 6 585 26 637 20 771 10 805 7 841 26 893 20 1027 10 1061 7 1096 27 1150 19 1282 11 1318 7 1351 28 1407 17 1537 14 1575 5 1606 29 1663 17 1792 19 1861 30 1921 15 2048 20 2117 30 2177 15 2305 20 2373 29 2436 13 2561 20 2623 3 2628 17 2647 11 2693 12 2817 20 2873 27 2905 8 2950 11 3073 21 3129 28 3162 6 3207 10 3329 22 3384 29 3464 9 3539 3 3585 22 3639 30 3721 8 3795 3 3841 22 3895 31 3978 7 4051 4 4098 21 4151 31 4235 6 4307 4 4353 22 4407 32 4563 5 4609 22 4664 32 4819 5 4864 23 4920 33 5075 5 5120 22 5176 33 5332 3 5376 19 5433 33 5489 4 5632 19 5689 33 5745 4 5888 19 5946 32 6001 3 6144 19 6202 32 6243 2 6400 19 6458 32 6499 2 6656 19 6714 32 6755 2 6912 18 6969 32 7168 17 7223 34 7424 11 7477 36 7680 11 7733 36 7936 11 7989 36 8039 6 8192 11 8244 37 8293 8 8448 11 8499 37 8549 9 8704 11 8753 38 8805 9 8960 10 9008 35 9061 10 9186 8 9216 9 9263 36 9318 9 9440 10 9472 8 9519 33 9575 8 9694 13 9728 7 9775 33 9831 7 9950 13 9984 5 10031 31 10089 4 10205 14 10223 9 10240 4 10287 30 10345 3 10461 15 10478 11 10496 3 10543 27 10716 30 10747 6 10799 26 10971 37 11055 24 11227 37 11311 24 11483 37 11565 24 11737 39 11821 22 11991 41 12079 19 12247 41 12337 16 12503 41 12594 8 12604 3 12758 42 12853 2 13013 43 13269 43 13524 44 13599 6 13779 45 13855 8 14035 45 14111 10 14290 46 14367 11 14545 47 14623 12 14801 47 14879 12 15057 47 15120 3 15135 12 15171 1 15312 48 15375 5 15392 10 15427 2 15568 48 15631 6 15648 8 15681 5 15823 49 15887 6 15904 6 15926 3 15935 8 16079 49 16143 6 16160 5 16181 18 16335 49 16398 7 16415 4 16437 20 16591 49 16654 6 16671 6 16679 2 16693 24 16847 49 16900 6 16910 5 16925 13 16947 28 17103 27 17131 21 17154 15 17179 16 17203 29 17359 26 17393 15 17409 14 17433 18 17458 30 17615 27 17649 15 17665 14 17683 24 17713 32 17872 26 17907 13 17921 14 17939 24 17969 32 18128 27 18163 29 18193 25 18225 34 18262 1 18386 26 18419 55 18482 39 18649 21 18673 56 18745 10 18756 23 18905 30 18936 49 19002 7 19013 22 19161 30 19192 43 19236 7 19271 20 19418 5 19427 20 19453 38 19492 8 19528 19 19674 5 19684 20 19709 48 19785 18 19941 20 19967 46 20041 18 20197 21 20224 31 20259 10 20298 16 20450 61 20515 11 20554 15 20703 64 20772 10 20811 14 20950 3 20957 66 21028 9 21067 13 21091 2 21205 75 21285 8 21296 2 21324 11 21345 6 21459 78 21541 8 21551 5 21565 2 21581 10 21601 6 21715 79 21801 12 21820 5 21839 4 21857 7 21969 82 22057 12 22075 7 22113 8 22225 82 22312 13 22331 7 22369 8 22481 82 22568 13 22587 7 22603 1 22625 8 22737 47 22785 34 22824 13 22843 6 22859 2 22881 9 22992 48 23043 32 23081 12 23099 6 23115 2 23136 11 23247 49 23300 31 23338 11 23355 5 23371 1 23390 13 23500 52 23557 30 23595 10 23613 2 23646 13 23755 53 23823 20 23854 8 23869 2 23886 1 23901 13 23921 8 24010 54 24081 9 24091 8 24111 7 24126 1 24142 2 24156 14 24177 9 24265 55 24339 4 24349 6 24397 5 24411 16 24431 12 24522 54 24605 5 24652 7 24667 16 24686 13 24778 54 24864 1 24907 9 24921 18 24941 15 25034 54 25162 9 25176 35 25291 53 25417 10 25431 36 25547 53 25671 13 25687 36 25803 53 25923 55 26057 55 26178 55 26259 2 26313 55 26434 54 26513 8 26561 2 26568 56 26690 53 26768 11 26815 64 26946 48 27023 13 27070 62 27152 1 27201 48 27277 15 27325 62 27407 4 27453 52 27531 18 27579 63 27663 4 27708 53 27786 20 27835 63 27919 4 27963 53 28041 24 28091 66 28175 5 28218 53 28297 25 28347 68 28462 61 28553 25 28603 69 28717 61 28809 25 28859 69 28972 61 29065 25 29115 69 29228 61 29321 25 29370 70 29485 59 29577 25 29623 73 29741 59 29834 24 29877 75 29997 49 30047 8 30090 24 30133 62 30198 10 30253 48 30305 4 30346 24 30389 62 30455 9 30508 47 30603 24 30645 61 30711 9 30764 46 30859 24 30902 52 30957 4 30968 8 31020 45 31115 24 31158 49 31215 1 31225 7 31276 44 31371 24 31415 47 31481 7 31533 41 31628 22 31661 4 31671 46 31739 5 31789 22 31812 17 31884 13 31900 6 31917 6 31926 47 31995 5 32046 21 32069 7 32141 8 32160 3 32172 36 32215 16 32251 5 32302 21 32325 6 32398 5 32417 4 32428 35 32472 15 32507 5 32559 20 32582 5 32655 2 32672 7 32684 34 32729 14 32764 4 32815 20 32839 4 32927 10 32940 33 32985 14 33021 3 33071 21 33182 14 33197 30 33243 12 33327 21 33438 45 33499 12 33583 21 33679 4 33693 38 33734 5 33755 10 33839 21 33935 4 33948 37 33992 3 34011 10 34093 23 34191 8 34200 40 34267 10 34348 23 34447 48 34523 10 34603 24 34702 47 34778 11 34859 24 34957 41 35033 13 35115 24 35211 38 35289 13 35373 21 35462 43 35545 13 35630 19 35717 45 35800 13 35886 18 35926 4 35973 45 36056 13 36144 14 36181 8 36229 46 36310 14 36403 10 36436 9 36484 47 36565 14 36690 12 36741 46 36821 13 36945 13 36997 46 37077 12 37199 15 37253 46 37305 2 37321 4 37333 12 37455 16 37477 8 37509 46 37561 4 37577 4 37589 11 37711 30 37766 45 37817 5 37833 5 37844 11 37967 31 38023 44 38073 5 38089 5 38099 7 38221 33 38279 44 38328 6 38345 6 38355 6 38477 33 38536 43 38584 6 38601 6 38611 5 38731 35 38792 43 38840 5 38857 6 38866 5 38987 35 39048 43 39097 4 39115 11 39241 37 39303 43 39353 4 39375 6 39495 39 39559 42 39633 4 39749 40 39815 40 40004 41 40071 39 40259 42 40326 38 40429 4 40515 43 40582 37 40683 6 40769 44 40838 37 40935 11 41025 44 41094 37 41189 13 41280 45 41351 35 41443 14 41535 46 41607 35 41699 14 41791 44 41863 35 41956 13 42047 44 42120 34 42213 12 42303 44 42375 35 42466 17 42559 43 42631 34 42722 19 42816 41 42867 4 42887 34 42977 21 43073 40 43123 6 43142 35 43232 23 43330 39 43378 9 43396 38 43485 26 43587 37 43634 9 43650 39 43738 29 43844 35 43891 54 43993 30 44101 33 44147 53 44248 31 44358 20 44383 4 44403 50 44503 32 44615 18 44659 49 44757 34 44874 13 44915 48 45011 36 45131 12 45171 32 45205 14 45266 36 45391 6 45427 30 45462 13 45521 37 45648 5 45682 31 45719 11 45777 37 45938 30 45977 6 46033 37 46194 30 46235 2 46289 37 46450 30 46545 38 46706 30 46801 38 46963 28 47059 38 47220 27 47315 38 47479 23 47589 21 47713 6 47735 22 47846 20 47966 11 47992 18 48103 19 48221 13 48249 16 48359 19 48477 14 48505 14 48615 19 48732 16 48762 12 48871 19 48988 20 49019 10 49127 18 49244 22 49275 8 49383 18 49501 24 49639 16 49756 26 49895 16 50012 31 50151 16 50268 31 50407 16 50523 32 50663 16 50779 32 50919 16 51035 33 51177 13 51291 34 51433 13 51547 4 51554 27 51691 10 51803 2 51812 25 51947 10 52069 23 52203 9 52326 22 52459 9 52583 20 52716 7 52841 18 52973 5 53101 14 53230 3 53360 11 53487 1 53510 5 53567 4 53619 8 53762 9 53821 7 53875 8 54016 13 54075 11 54272 13 54329 14 54528 13 54583 17 54784 14 54837 19 55040 15 55083 6 55092 21 55252 4 55296 15 55323 3 55339 30 55507 6 55552 15 55577 7 55593 33 55761 10 55808 15 55832 9 55849 34 56017 10 56064 15 56087 12 56105 34 56273 10 56320 16 56342 15 56360 35 56529 10 56576 17 56597 54 56785 9 56832 18 56852 55 57042 8 57088 75 57302 3 57344 75 57600 74 57856 74 58112 73 58368 72 58624 72 58880 72 59136 72 59334 5 59392 72 59576 5 59589 7 59648 73 59828 11 59843 10 59904 73 60083 26 60160 73 60339 27 60416 73 60595 28 60672 73 60849 30 60928 73 61105 30 61184 73 61359 33 61440 73 61615 34 61696 73 61871 34 61952 73 62127 34 62215 67 62384 33 62473 65 62641 32 62729 66 62883 4 62899 30 62985 66 63137 6 63155 30 63243 64 63391 8 63411 30 63488 2 63499 65 63646 9 63666 31 63744 3 63756 65 63902 10 63919 33 64000 4 64013 64 64157 12 64175 32 64256 5 64269 63 64413 12 64430 32 64512 6 64526 62 64669 12 64685 32 64768 7 64783 60 64925 12 64941 30 65024 7 65039 59 65181 12 65197 30 65280 9 65296 57 65437 14 65453 30
143150,0 65536
144284,37 14 156 13 197 58 295 12 411 14 454 55 551 12 667 13 711 54 809 9 923 13 967 35 1003 17 1067 5 1179 13 1223 34 1260 15 1434 14 1479 32 1519 10 1690 14 1735 31 1775 10 1793 4 1946 13 1990 30 2034 3 2047 7 2201 14 2246 30 2303 8 2456 14 2502 29 2559 9 2672 5 2711 14 2759 28 2815 21 2926 8 2967 12 3015 28 3072 22 3181 11 3223 12 3252 3 3271 28 3328 23 3429 22 3479 11 3507 6 3527 27 3584 23 3683 25 3735 12 3763 6 3783 26 3840 23 3938 27 3991 12 4020 3 4039 25 4096 24 4193 29 4247 12 4295 24 4352 23 4446 32 4503 12 4550 24 4608 23 4702 33 4758 12 4806 24 4864 22 4957 34 5012 13 5061 25 5120 22 5213 34 5268 13 5316 27 5376 21 5469 34 5524 13 5571 28 5632 21 5725 33 5780 13 5827 28 5888 22 5981 32 6036 13 6083 29 6144 23 6237 30 6293 12 6339 29 6400 23 6493 29 6546 15 6595 29 6656 24 6701 2 6749 28 6801 17 6851 28 6912 24 6944 4 6955 6 7005 27 7055 20 7107 28 7168 24 7199 6 7211 7 7261 26 7310 21 7364 27 7424 24 7455 24 7517 24 7565 22 7621 26 7657 2 7680 23 7710 25 7773 23 7821 22 7877 26 7913 3 7936 23 7965 26 8029 22 8077 22 8133 25 8169 3 8192 23 8221 26 8255 2 8285 21 8333 22 8389 25 8425 3 8448 22 8476 27 8510 4 8541 21 8589 22 8645 24 8704 22 8732 27 8766 4 8797 22 8845 22 8901 23 8960 23 8988 26 9022 3 9053 22 9101 22 9156 23 9216 24 9244 25 9309 22 9357 22 9412 23 9472 25 9500 19 9565 3 9570 20 9613 21 9669 21 9723 2 9728 26 9756 19 9826 21 9869 20 9925 20 9978 5 9984 46 10082 22 10126 17 10181 13 10233 53 10338 23 10383 15 10437 12 10488 53 10593 30 10643 9 10693 10 10744 53 10849 30 10901 6 10949 8 11000 52 11105 31 11204 8 11256 51 11361 31 11460 8 11512 51 11616 32 11716 7 11769 50 11872 32 11972 7 12025 50 12128 33 12220 1 12229 5 12284 47 12384 33 12474 3 12486 3 12541 46 12639 36 12727 7 12800 9 12811 32 12895 38 12981 9 13056 3 13068 31 13151 39 13235 11 13312 1 13325 30 13405 41 13490 12 13582 29 13659 44 13745 12 13839 29 13914 45 14000 13 14080 1 14099 26 14163 52 14245 6 14255 15 14336 2 14356 25 14419 53 14501 25 14592 3 14613 24 14673 55 14756 26 14848 3 14869 24 14929 55 15011 28 15104 3 15126 24 15183 57 15267 28 15360 3 15383 23 15439 57 15523 28 15616 1 15639 23 15683 4 15693 59 15777 29 15872 1 15895 23 15937 8 15949 58 16033 29 16153 21 16192 71 16288 29 16378 3 16410 20 16448 71 16544 28 16634 4 16668 17 16703 72 16799 28 16890 4 16928 13 16959 72 17055 28 17147 2 17163 1 17187 10 17215 72 17312 27 17443 10 17470 73 17552 2 17569 26 17700 9 17725 74 17807 4 17825 26 17956 9 17981 74 18062 5 18081 26 18212 9 18237 76 18317 6 18338 24 18468 9 18493 76 18573 6 18595 22 18725 8 18748 77 18829 6 18851 21 18944 1 18981 8 19003 80 19085 6 19115 12 19200 2 19238 7 19258 88 19372 7 19456 3 19495 5 19515 81 19597 4 19629 6 19712 4 19771 80 19886 6 19968 4 20027 80 20142 6 20149 3 20224 5 20267 1 20285 78 20399 9 20480 5 20522 7 20541 77 20655 9 20736 6 20777 10 20797 76 20911 9 20992 7 21032 12 21053 76 21166 9 21248 9 21287 14 21309 76 21421 10 21504 10 21543 15 21566 75 21677 9 21760 11 21799 16 21823 74 21932 9 22016 11 22055 16 22079 74 22188 8 22272 11 22311 17 22337 72 22528 11 22567 17 22593 32 22629 36 22784 15 22823 18 22851 26 22895 27 23040 15 23078 19 23108 24 23153 26 23296 15 23333 20 23365 20 23412 26 23552 15 23589 19 23621 21 23668 27 23808 16 23844 19 23875 23 23923 30 24064 16 24099 20 24130 24 24179 31 24320 15 24355 18 24383 25 24434 33 24576 15 24611 18 24638 25 24689 34 24832 15 24867 18 24893 24 24939 40 25088 15 25124 17 25149 24 25195 42 25344 13 25381 15 25405 22 25449 45 25560 2 25600 13 25637 15 25660 22 25704 47 25815 4 25856 13 25896 11 25916 21 25959 49 26070 5 26112 14 26153 10 26171 21 26215 49 26325 6 26368 15 26412 6 26424 23 26471 50 26581 5 26624 15 26669 4 26679 22 26727 50 26837 4 26873 2 26880 15 26935 18 26983 51 27093 4 27127 8 27136 15 27190 18 27240 50 27350 3 27381 10 27392 15 27445 19 27497 50 27635 28 27701 19 27753 50 27891 28 27958 19 28009 50 28145 29 28214 20 28265 50 28401 28 28471 20 28521 50 28656 29 28727 20 28777 49 28911 30 28985 18 29032 49 29165 32 29241 17 29287 50 29421 30 29461 1 29499 14 29543 48 29675 32 29757 1 29762 5 29798 49 29931 31 30019 1 30051 52 30185 31 30307 52 30440 33 30528 5 30562 52 30695 34 30783 7 30817 53 30951 35 31038 9 31073 52 31207 24 31232 10 31293 12 31328 53 31463 35 31549 18 31584 53 31717 37 31804 19 31840 53 31973 37 32059 21 32096 55 32154 5 32228 26 32256 10 32315 21 32352 63 32483 23 32512 11 32571 22 32608 63 32739 21 32768 12 32828 21 32864 63 32995 20 33024 13 33084 21 33120 63 33250 21 33280 13 33341 21 33376 62 33507 20 33536 13 33598 20 33632 62 33763 19 33792 13 33854 20 33888 39 33931 19 34019 20 34048 13 34111 20 34145 36 34191 15 34276 20 34304 13 34367 20 34401 36 34448 14 34533 19 34560 13 34625 17 34658 33 34704 13 34789 19 34816 13 34881 16 34915 31 34960 13 35045 19 35072 13 35139 13 35171 29 35216 13 35302 18 35328 14 35395 12 35427 30 35472 13 35558 17 35584 15 35683 36 35727 14 35815 15 35840 15 35939 36 35983 14 36072 13 36096 16 36195 38 36239 13 36332 7 36352 16 36452 37 36494 13 36588 6 36608 16 36691 10 36709 36 36749 14 36846 2 36864 16 36885 10 36947 10 36965 35 37005 13 37120 16 37139 13 37202 13 37223 32 37261 11 37376 33 37458 13 37479 31 37518 9 37632 33 37714 13 37736 21 37888 34 37970 13 37992 20 38144 35 38227 12 38245 23 38400 35 38483 13 38500 24 38656 35 38741 11 38753 30 38912 35 38998 8 39008 31 39168 36 39264 32 39363 10 39424 36 39519 34 39620 9 39680 37 39775 34 39878 7 39936 37 40031 34 40135 6 40192 38 40287 33 40347 6 40361 1 40448 39 40544 32 40601 8 40616 2 40704 41 40800 22 40856 13 40872 2 40960 42 41056 22 41111 14 41128 2 41216 45 41312 22 41367 15 41472 45 41568 22 41621 20 41728 47 41824 22 41871 26 41984 47 42080 22 42126 27 42240 49 42334 24 42381 30 42496 49 42589 24 42625 2 42637 30 42752 50 42844 25 42879 6 42893 30 43008 51 43099 26 43134 8 43149 30 43264 51 43353 26 43389 12 43402 33 43520 51 43609 26 43643 48 43776 51 43865 26 43898 49 44032 51 44120 27 44153 49 44288 50 44376 27 44407 51 44544 49 44632 28 44661 53 44800 49 44887 83 45057 47 45142 83 45315 44 45397 84 45572 43 45652 84 45829 41 45908 34 45943 48 46085 40 46164 33 46200 46 46341 40 46421 32 46455 47 46597 40 46642 5 46677 32 46711 47 46853 38 46893 12 46933 20 46956 8 46967 47 47109 52 47189 19 47213 6 47223 46 47366 52 47444 19 47479 46 47622 51 47700 19 47735 46 47872 57 47955 22 47991 44 48128 56 48210 23 48247 44 48355 5 48384 55 48465 28 48503 42 48608 9 48640 55 48721 29 48759 42 48861 12 48896 55 48976 30 49014 41 49115 16 49152 55 49232 31 49270 41 49371 17 49408 54 49488 31 49525 41 49626 19 49664 53 49744 31 49781 40 49882 20 49920 51 49999 32 50037 40 50139 20 50176 47 50255 32 50293 39 50395 21 50432 47 50511 33 50549 39 50649 23 50688 47 50767 33 50804 40 50905 22 50944 47 51022 35 51060 40 51160 23 51200 47 51278 35 51316 39 51415 24 51456 47 51534 35 51572 39 51671 22 51712 47 51790 35 51828 39 51926 23 51968 48 52047 20 52069 12 52085 37 52181 23 52224 49 52304 9 52317 5 52326 11 52341 36 52437 22 52480 50 52585 7 52597 35 52675 2 52691 24 52736 51 52842 5 52853 34 52927 8 52945 26 52992 51 53108 34 53181 11 53200 26 53248 51 53364 33 53437 11 53456 29 53504 51 53563 3 53620 23 53646 7 53691 14 53709 34 53760 51 53819 4 53876 22 53904 5 53947 14 53963 37 54016 51 54074 6 54093 5 54133 19 54203 54 54272 51 54329 8 54347 8 54389 18 54460 53 54528 67 54603 8 54645 16 54715 55 54784 67 54859 8 54901 14 54971 56 55040 69 55115 9 55157 12 55227 56 55296 69 55370 10 55413 12 55483 56 55552 70 55626 10 55669 11 55738 7 55749 46 55808 71 55881 11 55925 11 55993 5 56007 44 56064 85 56181 11 56243 4 56263 45 56320 85 56436 12 56497 6 56519 45 56576 85 56694 9 56775 37 56818 1 56832 86 57031 36 57089 86 57287 35 57346 87 57543 35 57603 92 57799 35 57859 94 58055 35 58116 94 58310 37 58373 94 58566 37 58630 93 58821 37 58887 92 59077 36 59144 90 59333 36 59400 89 59588 35 59657 86 59844 33 59913 84 60099 32 60169 84 60354 31 60425 82 60609 31 60681 30 60714 49 60859 36 60937 28 60971 48 61114 37 61193 25 61228 48 61368 39 61450 24 61484 48 61623 40 61706 23 61740 47 61878 46 61925 4 61963 22 61996 47 62133 52 62220 10 62235 7 62251 48 62388 53 62479 5 62493 5 62507 47 62643 53 62749 5 62763 47 62898 53 63007 2 63019 47 63153 54 63274 48 63407 55 63530 48 63663 55 63786 47 63918 56 64042 47 64173 57 64255 1 64298 46 64429 57 64511 1 64554 39 64596 3 64685 57 64766 2 64811 36 64940 58 65021 3 65067 36 65196 58 65277 3 65325 32 65451 59 65533 3
149617, 
157706,0 57 63 12 117 75 256 57 319 11 375 73 512 56 576 9 631 73 768 57 831 10 888 73 1024 54 1079 6 1087 10 1145 72 1280 51 1335 17 1401 72 1536 51 1591 18 1658 71 1792 49 1846 19 1915 70 2048 48 2102 19 2172 69 2304 46 2358 19 2430 67 2560 45 2614 19 2687 66 2816 45 2871 18 2944 66 3072 45 3126 18 3200 67 3328 45 3382 15 3457 66 3584 45 3639 14 3713 66 3840 46 3895 12 3967 69 4096 46 4151 12 4222 70 4352 46 4407 11 4477 71 4608 46 4663 10 4733 72 4864 45 4919 10 4989 72 5120 45 5175 9 5245 72 5376 43 5432 7 5501 73 5632 42 5689 6 5758 72 5888 41 6015 72 6144 40 6271 72 6400 39 6527 72 6656 38 6783 72 6912 37 7039 72 7168 37 7295 72 7424 36 7551 73 7680 36 7807 73 7936 34 8061 76 8192 29 8309 84 8448 27 8562 87 8704 26 8817 88 8960 24 9064 4 9071 90 9216 23 9318 99 9472 21 9573 100 9728 20 9829 101 9984 13 10085 101 10240 12 10342 101 10496 10 10597 102 10752 9 10853 102 11008 8 11104 108 11264 6 11358 110 11598 4 11612 113 11853 7 11867 114 12105 12 12122 115 12361 13 12378 115 12544 2 12615 135 12800 3 12870 136 13056 4 13125 137 13312 4 13380 138 13568 5 13635 140 13824 5 13890 141 14080 6 14145 109 14258 29 14336 7 14400 109 14517 26 14592 7 14653 112 14773 26 14848 8 14909 112 15030 25 15104 8 15163 114 15287 24 15360 8 15419 114 15543 25 15616 8 15675 115 15799 25 15872 8 15930 116 16055 26 16128 9 16185 118 16311 26 16384 9 16441 118 16567 26 16640 10 16697 119 16823 27 16896 10 16953 120 17079 27 17152 11 17208 125 17336 26 17408 11 17464 154 17664 11 17721 153 17920 11 17977 153 18176 11 18233 154 18432 11 18490 12 18505 138 18688 10 18746 10 18762 138 18944 9 19001 10 19018 139 19200 7 19245 22 19273 140 19456 6 19500 22 19529 102 19633 36 19712 5 19755 22 19785 100 19891 34 19968 4 20010 21 20041 100 20148 34 20224 3 20265 22 20298 7 20309 88 20406 33 20480 3 20521 21 20555 5 20565 88 20663 32 20736 3 20777 20 20823 86 20921 30 20992 2 21033 20 21079 84 21177 30 21248 1 21288 19 21336 83 21434 30 21545 18 21593 81 21691 29 21801 16 21850 39 21890 39 21949 28 22058 15 22106 37 22146 39 22206 27 22316 8 22363 34 22403 38 22464 25 22574 1 22620 17 22641 11 22659 38 22720 25 22877 14 22915 38 22977 24 23133 14 23172 37 23233 25 23392 9 23422 5 23429 36 23489 26 23648 8 23677 44 23745 26 23903 5 23929 48 24001 26 24159 4 24181 52 24257 26 24434 55 24515 24 24689 56 24772 23 24915 8 24943 58 25031 20 25171 8 25197 60 25289 19 25425 11 25451 62 25546 18 25681 12 25706 64 25802 19 25936 13 25960 67 26058 19 26192 13 26215 68 26314 19 26448 15 26470 71 26571 19 26704 16 26725 72 26827 20 26960 94 27083 20 27217 93 27340 19 27473 94 27596 19 27695 6 27703 5 27729 94 27852 20 27949 17 27985 94 28108 20 28204 19 28240 95 28365 19 28429 3 28459 21 28495 96 28621 19 28683 6 28715 22 28750 97 28877 18 28937 10 28970 24 29001 102 29133 19 29191 12 29227 24 29256 103 29389 19 29440 20 29487 129 29646 19 29696 20 29743 130 29903 18 29952 21 29999 132 30159 18 30208 21 30256 131 30416 17 30464 21 30512 133 30673 16 30720 21 30768 134 30929 16 30976 21 31025 134 31185 17 31232 21 31281 134 31442 16 31488 21 31537 134 31699 15 31744 20 31792 135 31955 15 32000 19 32047 137 32213 14 32256 19 32302 88 32392 48 32470 13 32512 19 32557 88 32648 48 32729 12 32768 19 32812 89 32904 49 32985 12 33024 18 33067 89 33160 6 33167 42 33243 10 33280 18 33321 90 33415 50 33500 10 33536 18 33571 95 33671 50 33759 8 33792 19 33826 96 33927 50 34016 7 34048 22 34080 98 34181 52 34273 6 34304 25 34335 99 34437 52 34529 5 34560 131 34693 52 34816 131 34949 15 34967 34 35030 3 35072 147 35224 34 35284 6 35328 146 35480 34 35539 7 35584 145 35737 33 35795 8 35840 145 35993 33 36051 8 36096 139 36249 32 36308 9 36352 137 36506 31 36565 10 36608 136 36762 30 36804 2 36823 10 36864 135 37019 28 37059 5 37080 10 37120 135 37275 28 37313 9 37337 10 37376 133 37531 28 37567 12 37593 11 37632 133 37787 28 37822 14 37847 14 37888 133 38043 27 38077 16 38103 15 38144 133 38299 26 38333 17 38356 19 38400 134 38555 25 38589 18 38611 20 38633 2 38656 135 38812 23 38847 44 38912 136 39068 23 39103 43 39168 137 39325 20 39361 40 39424 137 39581 20 39617 40 39680 138 39837 19 39873 41 39936 138 40094 17 40129 42 40192 139 40351 16 40384 43 40448 139 40608 15 40639 45 40704 140 40867 12 40892 49 40960 140 41124 12 41147 50 41216 140 41381 14 41402 52 41472 141 41640 12 41657 53 41728 142 41899 66 41984 142 42156 65 42240 145 42411 66 42496 145 42667 66 42752 146 42923 67 43008 147 43179 69 43264 147 43434 73 43520 147 43690 73 43776 147 43946 74 44032 147 44202 74 44288 147 44460 73 44544 147 44717 72 44800 146 44974 71 45056 145 45229 72 45312 144 45484 74 45568 143 45739 75 45824 142 45994 76 46080 141 46250 76 46336 141 46505 77 46592 141 46761 76 46848 142 47017 17 47037 57 47104 142 47273 16 47294 57 47360 143 47530 15 47551 56 47616 143 47786 15 47807 57 47872 144 48042 14 48062 59 48128 144 48297 15 48317 60 48384 146 48554 13 48572 61 48640 56 48698 89 48810 13 48828 62 48896 54 48959 86 49067 12 49083 63 49152 53 49217 84 49323 12 49339 64 49408 53 49479 78 49582 10 49594 65 49664 53 49735 78 49839 76 49920 52 49993 76 50099 73 50176 52 50250 75 50356 72 50432 51 50507 60 50569 13 50613 72 50688 51 50763 11 50775 48 50825 16 50869 72 50944 49 51019 9 51031 48 51080 19 51126 72 51200 49 51275 11 51287 68 51383 72 51456 48 51533 49 51584 28 51641 70 51712 48 51790 47 51841 28 51897 70 51968 47 52050 8 52061 30 52099 34 52154 116 52306 8 52319 27 52357 32 52411 113 52562 7 52577 22 52613 32 52667 111 52819 5 52835 19 52868 33 52923 106 53075 4 53094 13 53123 34 53180 103 53331 2 53351 12 53379 34 53437 102 53607 12 53633 36 53695 100 53863 12 53889 35 53951 100 54117 14 54143 32 54176 2 54209 98 54373 14 54399 26 54427 2 54465 98 54628 21 54655 26 54721 98 54884 23 54911 26 54977 84 55065 10 55139 54 55233 84 55322 8 55395 55 55489 84 55578 5 55652 55 55745 84 55834 3 55908 55 56001 84 56163 56 56257 84 56418 57 56514 83 56672 59 56770 83 56927 60 57025 83 57182 62 57280 84 57438 63 57536 83 57693 65 57791 84 57949 66 58017 1 58039 3 58046 87 58205 66 58293 98 58461 66 58548 101 58717 68 58803 28 58835 72 58973 69 59059 28 59093 72 59230 73 59315 28 59349 73 59487 76 59570 32 59605 74 59743 54 59800 136 59999 53 60057 136 60225 4 60255 51 60315 135 60479 8 60511 50 60571 136 60734 11 60768 48 60827 136 60990 12 61024 46 61083 136 61245 14 61280 45 61338 136 61501 15 61536 45 61592 135 61757 16 61793 43 61845 136 62013 16 62049 43 62099 138 62269 19 62303 190 62525 23 62559 190 62781 24 62815 190 63037 25 63069 58 63128 135 63294 26 63325 57 63387 132 63551 25 63580 57 63643 133 63807 86 63901 131 64063 86 64157 131 64320 83 64413 115 64531 13 64577 82 64669 115 64790 9 64834 77 64927 114 65046 9 65090 77 65183 97 65281 17 65303 3 65347 75 65439 97
158770,7 109 265 107 521 106 778 105 960 3 972 5 1037 1 1041 98 1215 6 1227 8 1299 96 1463 30 1523 3 1556 95 1717 34 1778 4 1817 90 1971 38 2034 4 2074 89 2226 39 2289 6 2331 88 2481 42 2547 3 2587 88 2737 42 2804 1 2810 6 2840 90 2992 45 3065 7 3095 92 3247 46 3320 8 3349 10 3361 82 3503 48 3576 8 3605 10 3617 82 3758 49 3832 8 3861 11 3874 81 4012 52 4088 8 4117 11 4131 80 4266 55 4345 7 4374 9 4387 78 4516 61 4601 7 4631 7 4644 77 4771 62 4857 7 4888 4 4901 74 5027 62 5097 7 5113 7 5157 74 5283 62 5353 8 5369 7 5413 72 5539 61 5609 8 5625 7 5671 71 5795 61 5865 8 5881 7 5929 70 6051 61 6121 9 6136 8 6185 70 6307 61 6377 9 6392 8 6442 69 6563 60 6634 7 6649 7 6698 69 6819 55 6876 1 6891 6 6905 7 6933 6 6955 68 7074 52 7148 3 7161 7 7188 9 7211 67 7330 50 7417 6 7444 11 7467 67 7585 49 7674 2 7699 14 7723 66 7841 48 7949 22 7979 66 8096 49 8204 24 8235 66 8352 49 8452 35 8491 66 8608 51 8705 39 8747 66 8865 50 8960 41 9004 68 9121 51 9216 42 9260 69 9377 52 9472 43 9516 69 9635 50 9728 43 9772 69 9891 50 9984 43 10030 67 10149 48 10236 2 10240 43 10287 66 10406 46 10491 4 10496 43 10543 66 10667 41 10752 40 10794 2 10800 65 10928 36 11008 39 11050 3 11056 65 11185 35 11264 39 11305 72 11442 8 11453 23 11520 113 11700 1 11712 21 11776 113 11969 20 12032 113 12225 20 12273 4 12288 112 12481 21 12527 7 12544 113 12737 22 12779 13 12800 114 12993 22 13033 18 13056 115 13247 26 13287 140 13503 26 13543 140 13759 7 13768 17 13798 33 13836 103 14015 6 14025 16 14054 32 14091 104 14273 2 14286 9 14311 30 14347 104 14569 30 14603 104 14827 29 14859 103 15083 49 15142 75 15339 48 15398 74 15595 48 15655 71 15767 6 15848 50 15911 70 16022 8 16103 51 16167 70 16277 16 16357 53 16424 68 16532 17 16613 60 16681 68 16787 20 16867 63 16937 68 17043 20 17123 64 17193 53 17247 14 17298 21 17379 64 17448 69 17554 21 17635 138 17811 21 17851 10 17888 141 18067 21 18105 14 18143 82 18226 14 18244 28 18277 8 18324 20 18359 17 18398 83 18483 10 18501 27 18533 8 18581 19 18613 20 18654 93 18757 26 18792 4 18837 19 18864 25 18910 85 18996 5 19013 26 19049 1 19093 19 19119 26 19166 85 19253 2 19270 25 19349 18 19373 28 19422 88 19526 25 19605 18 19629 28 19679 86 19782 22 19862 15 19883 31 19935 86 20038 17 20091 4 20118 15 20139 31 20192 85 20282 3 20294 17 20345 6 20374 15 20396 30 20449 85 20537 5 20550 16 20599 9 20630 15 20653 30 20706 93 20807 14 20853 11 20887 14 20910 29 20962 93 21063 14 21109 11 21143 13 21167 28 21218 93 21322 9 21364 11 21401 10 21426 25 21473 94 21578 9 21621 10 21657 7 21682 25 21729 95 21835 7 21877 10 21939 25 21985 95 22092 6 22133 9 22195 26 22241 96 22348 8 22389 8 22451 26 22499 95 22604 9 22646 6 22708 25 22755 97 22859 10 22965 28 23012 97 23113 13 23222 29 23268 116 23479 29 23524 116 23735 29 23779 117 23993 28 24035 20 24059 93 24252 25 24291 20 24316 91 24512 20 24547 21 24571 92 24769 19 24802 23 24827 91 25025 18 25058 117 25280 19 25315 118 25535 20 25571 119 25791 19 25827 120 25949 6 26047 18 26083 128 26303 16 26339 11 26351 118 26559 14 26596 9 26607 118 26816 12 26853 7 26863 118 27073 10 27110 3 27118 119 27329 9 27373 120 27587 6 27629 119 27843 5 27885 108 27996 7 28140 108 28253 4 28265 3 28396 107 28519 6 28650 109 28774 8 28905 110 29029 10 29160 110 29285 10 29413 112 29539 13 29603 4 29665 115 29795 13 29857 8 29920 115 30050 14 30111 12 30172 118 30306 14 30367 12 30427 118 30561 15 30622 13 30682 119 30816 16 30867 5 30878 14 30938 117 31064 25 31123 8 31133 15 31193 118 31319 26 31379 26 31449 117 31574 27 31634 28 31705 117 31830 28 31890 29 31961 117 32086 29 32145 31 32217 116 32342 30 32401 31 32474 115 32599 30 32652 36 32731 114 32856 29 32907 37 32988 73 33063 38 33114 11 33128 13 33161 39 33245 72 33319 37 33371 8 33387 9 33417 39 33502 71 33575 10 33591 20 33632 1 33648 2 33672 38 33760 68 33832 8 33849 18 33928 37 34016 67 34091 2 34109 12 34182 39 34272 65 34365 10 34436 41 34528 64 34623 6 34691 43 34785 62 34881 3 34947 44 35041 60 35202 47 35297 59 35459 48 35553 58 35717 54 35810 57 35974 55 36066 58 36231 56 36323 57 36488 56 36579 34 36614 23 36745 56 36836 33 36871 22 37001 56 37094 29 37127 23 37257 56 37353 26 37383 23 37513 56 37610 23 37639 24 37769 57 37868 20 37895 24 38025 57 38125 19 38153 21 38282 65 38381 19 38410 19 38538 65 38638 18 38670 15 38794 66 38895 17 38926 15 39050 66 39151 17 39183 13 39306 67 39406 3 39417 7 39439 13 39562 67 39662 3 39673 7 39697 12 39817 68 39899 6 39918 3 39929 7 39953 12 39971 5 40073 68 40153 8 40174 4 40185 7 40211 9 40222 13 40329 68 40409 10 40430 3 40440 8 40469 4 40478 14 40585 67 40665 11 40687 2 40696 8 40733 16 40842 66 40919 14 40943 2 40952 8 40988 19 41099 65 41174 15 41198 3 41205 11 41243 22 41346 3 41357 64 41429 17 41452 4 41461 11 41499 22 41601 5 41613 64 41684 18 41707 6 41717 11 41755 22 41857 6 41869 66 41940 19 41963 6 41972 12 42011 23 42113 7 42125 66 42195 20 42219 6 42228 12 42265 24 42368 9 42381 92 42475 21 42520 25 42623 10 42636 93 42731 21 42775 25 42872 136 43030 26 43128 136 43285 26 43383 137 43539 28 43639 137 43795 28 43895 15 43913 119 44050 29 44151 15 44170 118 44306 29 44406 138 44562 29 44662 138 44818 28 44918 138 45075 27 45174 138 45331 26 45431 137 45587 25 45687 137 45843 24 45943 137 46099 22 46199 137 46356 27 46392 12 46455 137 46613 30 46644 17 46711 137 46873 45 46960 2 46965 100 47067 37 47131 44 47214 105 47324 36 47395 38 47467 105 47583 33 47652 37 47721 107 47839 33 47908 39 47970 115 48094 34 48165 38 48225 116 48350 34 48421 38 48479 118 48605 35 48678 38 48735 118 48860 36 48935 37 48989 121 49116 36 49187 1 49190 38 49244 122 49372 36 49439 45 49499 123 49628 36 49695 45 49755 123 49884 36 49951 45 50011 124 50141 35 50206 46 50267 124 50397 35 50462 47 50522 125 50654 34 50717 48 50777 126 50910 34 50973 49 51032 127 51166 34 51229 49 51287 128 51422 34 51485 50 51542 129 51677 35 51741 51 51798 129 51933 35 52000 49 52053 130 52186 38 52258 47 52309 130 52440 40 52518 43 52567 169 52775 42 52824 168 53031 41 53082 14 53099 1 53105 143 53287 40 53339 10 53367 137 53545 36 53626 134 53801 36 53883 133 54057 34 54140 132 54314 33 54397 131 54570 33 54613 6 54655 129 54826 33 54867 10 54911 129 55083 34 55123 13 55168 128 55339 34 55378 15 55424 128 55596 33 55633 20 55681 127 55853 58 55937 127 56110 59 56193 127 56367 20 56391 34 56449 127 56625 20 56647 35 56705 95 56803 29 56882 19 56903 36 56961 94 57060 28 57113 8 57139 56 57218 93 57319 25 57369 10 57396 55 57475 92 57575 25 57623 14 57652 56 57731 91 57835 21 57879 14 57909 55 57988 89 58091 21 58132 18 58165 54 58245 81 58329 2 58347 21 58387 19 58421 54 58501 78 58602 22 58642 20 58679 50 58757 74 58857 23 58897 21 58936 49 59013 71 59113 23 59153 20 59198 39 59269 63 59368 24 59409 20 59455 37 59525 63 59624 24 59666 18 59711 33 59780 64 59880 24 59922 17 59967 32 60036 63 60136 24 60179 15 60224 31 60293 62 60393 23 60435 14 60481 30 60549 60 60650 22 60693 11 60737 30 60807 50 60892 4 60907 21 60950 9 60994 8 61005 17 61065 46 61147 6 61164 20 61251 4 61263 12 61323 40 61403 6 61421 19 61519 10 61580 39 61659 6 61678 18 61777 5 61837 38 61914 6 61934 18 62048 1 62094 37 62170 5 62191 17 62240 4 62301 4 62351 36 62448 17 62494 7 62555 6 62609 34 62705 16 62749 9 62811 5 62868 30 62962 15 63004 11 63067 5 63125 27 63218 14 63259 12 63323 5 63381 26 63475 13 63514 14 63581 2 63637 25 63731 13 63767 18 63895 10 63909 8 63988 12 64023 18 64152 7 64165 8 64244 12 64278 21 64402 4 64410 4 64421 8 64451 3 64501 11 64534 21 64657 6 64667 2 64676 9 64706 5 64757 11 64790 22 64912 7 64931 11 64961 9 65013 11 65045 22 65168 7 65187 11 65215 12 65269 11 65301 21 65423 9 65443 12 65470 15 65524 12
169327,0 65536
187649,211 8 464 12 719 13 973 22 1229 23 1484 25 1740 25 1995 27 2251 27 2508 27 2764 27 2831 3 3020 27 3087 4 3276 27 3343 5 3532 26 3599 5 3775 4 3787 27 4029 40 4285 39 4540 39 4796 39 5049 12 5065 26 5303 12 5322 24 5558 8 5579 22 5814 9 5835 21 5960 6 6069 11 6091 20 6215 8 6325 11 6348 18 6471 8 6582 11 6603 11 6617 2 6727 8 6838 11 6859 10 6983 8 7095 10 7113 12 7126 4 7137 2 7240 7 7351 10 7368 19 7393 2 7403 2 7497 4 7607 10 7623 20 7649 5 7656 7 7755 1 7864 8 7879 21 7905 5 7912 7 8121 2 8134 22 8161 4 8169 6 8377 2 8389 23 8418 1 8425 6 8646 23 8681 7 8903 22 8938 7 9159 22 9194 9 9411 26 9451 10 9660 33 9707 12 9915 34 9963 12 10169 36 10220 13 10425 35 10476 13 10681 35 10733 13 10937 20 10959 12 10990 13 11193 20 11217 10 11247 12 11283 4 11448 22 11473 9 11503 12 11539 4 11703 23 11730 7 11763 7 11794 5 11959 24 11986 7 12020 5 12050 5 12214 35 12305 7 12469 36 12561 6 12725 36 12817 6 12981 36 13073 5 13237 36 13329 4 13494 35 13752 33 14009 32 14267 29 14523 22 14779 20 15035 20 15247 1 15291 18 15547 18 15761 1 15803 15 16017 1 16059 14 16317 10 16575 6 16718 1 16974 1 17230 1 18607 4 18862 7 19117 10 19373 11 19413 4 19629 11 19668 6 19885 12 19923 8 19962 5 20140 13 20179 8 20217 6 20395 13 20433 11 20476 3 20651 13 20689 11 20733 3 20780 4 20789 6 20905 14 20945 11 21035 18 21161 12 21201 10 21288 22 21416 11 21457 10 21543 24 21673 8 21715 8 21794 31 21929 6 22049 32 22186 4 22305 34 22562 33 22819 33 23075 33 23333 31 23590 30 23708 1 23846 31 23963 4 24102 32 24219 5 24357 38 24475 7 24613 40 24731 8 24869 42 24987 10 25125 42 25243 10 25381 42 25499 11 25575 6 25595 5 25637 42 25726 5 25755 12 25831 7 25850 6 25893 43 25981 8 26011 12 26086 9 26096 16 26150 43 26236 9 26267 12 26341 27 26406 43 26491 11 26523 13 26594 30 26662 43 26747 12 26779 13 26849 31 26918 42 27002 14 27035 14 27104 32 27172 44 27258 15 27292 13 27359 43 27419 3 27427 44 27513 18 27548 12 27615 32 27648 11 27667 60 27769 18 27805 11 27871 32 27904 12 27920 63 28022 21 28061 10 28127 32 28160 13 28175 64 28277 22 28318 9 28383 32 28416 79 28531 8 28541 14 28575 8 28639 112 28787 8 28797 14 28831 7 28895 112 29043 7 29054 12 29089 2 29152 111 29299 7 29311 10 29408 112 29555 6 29569 7 29664 112 29812 5 29825 6 29920 113 30177 112 30433 112 30689 112 30945 112 31202 110 31393 1 31458 109 31644 9 31714 109 31899 10 31970 107 32153 11 32227 104 32409 10 32483 104 32665 8 32739 106 32921 6 32995 107 33178 3 33253 104 33510 103 33769 100 34026 99 34273 5 34285 96 34527 8 34543 94 34782 11 34801 92 35037 12 35057 92 35176 2 35227 4 35293 14 35313 92 35431 4 35479 9 35549 14 35568 92 35685 8 35729 18 35805 16 35822 94 35941 8 35984 19 36061 110 36197 7 36239 21 36315 112 36453 6 36495 22 36570 85 36657 24 36710 5 36749 25 36825 87 36913 24 36968 3 37005 26 37081 111 37259 29 37336 113 37515 30 37592 88 37681 24 37770 35 37848 88 37937 24 38026 37 38105 86 38193 25 38230 2 38251 2 38282 39 38361 85 38449 25 38485 4 38507 2 38538 39 38618 83 38705 25 38742 3 38764 1 38795 38 38875 81 38962 24 39051 38 39132 79 39219 22 39307 40 39349 6 39396 71 39475 22 39535 3 39563 40 39605 7 39653 70 39731 8 39740 13 39790 5 39821 39 39861 8 39910 69 39987 8 39996 13 40046 5 40077 39 40117 9 40167 70 40243 8 40252 11 40303 2 40332 49 40426 7 40439 54 40499 8 40508 11 40587 50 40686 3 40697 52 40756 7 40764 10 40843 50 40955 50 41013 17 41099 50 41177 2 41211 51 41275 13 41355 48 41429 10 41471 46 41532 15 41611 36 41649 11 41684 13 41728 45 41789 14 41867 35 41906 11 41939 16 41984 45 42045 15 42124 33 42162 11 42194 17 42240 45 42303 12 42381 32 42418 10 42449 19 42496 44 42561 10 42637 31 42675 8 42705 19 42752 44 42821 6 42895 30 42932 5 42961 20 43008 43 43077 6 43153 28 43217 20 43264 43 43333 6 43411 26 43473 21 43520 43 43590 4 43668 25 43729 21 43776 43 43925 24 43985 21 44032 43 44183 22 44241 21 44288 42 44440 20 44499 19 44544 42 44635 4 44697 18 44755 19 44800 43 44886 11 44954 15 45012 18 45056 43 45141 11 45211 14 45269 17 45312 44 45396 10 45467 11 45525 16 45568 45 45650 11 45724 9 45781 15 45824 46 45874 5 45901 16 45985 1 46036 13 46080 56 46155 18 46292 10 46336 57 46411 17 46549 5 46592 57 46667 17 46806 2 46848 58 46923 16 47104 57 47179 16 47360 57 47436 13 47616 57 47689 16 47872 57 47943 16 48128 57 48198 17 48338 6 48384 56 48453 14 48593 10 48640 56 48709 13 48849 11 48896 57 48965 12 49071 4 49103 14 49152 57 49221 13 49326 5 49359 15 49408 57 49477 13 49582 6 49615 16 49664 58 49732 14 49839 5 49870 17 49920 58 49987 15 50096 3 50126 19 50176 59 50243 14 50353 2 50381 20 50432 59 50499 14 50638 21 50688 59 50755 13 50894 22 50944 61 51010 13 51150 23 51200 62 51266 12 51406 23 51456 65 51523 9 51633 4 51662 23 51712 65 51779 8 51887 6 51917 24 51968 66 52036 5 52141 8 52173 22 52224 66 52293 2 52397 8 52429 21 52480 67 52653 9 52685 19 52736 67 52909 9 52941 18 52992 69 53165 9 53197 15 53248 69 53421 9 53454 13 53504 70 53678 7 53760 74 53934 7 54016 75 54097 9 54193 2 54272 76 54353 10 54371 1 54528 77 54609 10 54627 4 54633 7 54784 77 54865 11 54883 14 55040 77 55121 11 55140 15 55296 77 55377 11 55397 14 55552 77 55634 9 55653 14 55808 77 55890 9 55910 13 56064 77 56145 10 56167 12 56320 77 56400 12 56423 13 56576 78 56655 13 56678 15 56832 78 56911 8 56923 1 56934 16 57088 85 57190 17 57344 86 57446 18 57600 87 57702 18 57856 87 57959 18 58112 89 58217 15 58368 89 58475 13 58596 3 58624 91 58732 11 58853 2 58865 2 58880 93 58988 10 59121 2 59136 95 59245 6 59372 7 59392 96 59501 6 59627 9 59648 97 59756 3 59882 11 59904 97 60011 2 60138 12 60160 97 60395 11 60416 97 60651 11 60672 98 60823 4 60907 12 60928 101 61077 7 61097 5 61163 12 61184 105 61318 3 61330 11 61352 8 61419 12 61440 105 61573 4 61585 14 61608 8 61675 12 61696 106 61828 7 61840 16 61864 8 61932 11 61952 106 62083 9 62095 18 62120 9 62188 11 62208 107 62339 30 62377 8 62445 10 62464 107 62594 31 62633 8 62701 10 62720 107 62851 34 62891 5 62957 10 62976 108 63109 33 63148 3 63214 9 63232 110 63365 34 63418 9 63470 9 63488 111 63621 35 63671 13 63725 10 63744 112 63877 36 63925 16 63980 11 64000 113 64133 36 64181 17 64236 11 64256 113 64389 38 64437 18 64491 12 64512 113 64644 40 64693 18 64747 12 64768 113 64901 41 64948 19 65001 13 65024 113 65157 42 65205 19 65257 13 65280 113 65413 42 65461 19 65511 14
190259,0 215 230 22 256 216 487 20 512 216 744 19 768 216 1001 17 1024 216 1257 16 1280 217 1513 8 1524 4 1536 217 1769 6 1781 3 1792 216 2025 5 2048 216 2281 5 2304 217 2560 217 2816 219 3072 219 3328 220 3584 220 3840 220 4096 220 4352 221 4608 221 4844 1 4864 223 5095 9 5120 241 5376 242 5632 242 5888 242 6144 242 6400 242 6656 242 6912 242 7168 242 7424 243 7679 244 7935 244 8192 243 8448 244 8704 244 8960 245 9216 245 9472 245 9728 245 9984 244 10240 244 10496 243 10752 243 11008 207 11216 34 11264 207 11472 33 11520 206 11729 31 11776 206 11985 19 12006 9 12032 206 12240 15 12265 5 12288 206 12496 15 12522 2 12544 205 12752 14 12800 205 13008 13 13056 161 13221 39 13264 12 13312 161 13477 39 13521 10 13568 161 13735 36 13779 7 13824 161 13991 35 14037 4 14080 161 14248 33 14336 161 14505 31 14592 161 14761 30 14848 161 15018 28 15104 161 15274 27 15360 161 15531 27 15616 160 15787 28 15872 160 16044 5 16050 21 16128 159 16309 18 16384 159 16565 18 16640 158 16823 15 16896 158 17081 12 17152 158 17408 158 17664 158 17920 159 18176 159 18432 159 18688 159 18944 160 19200 161 19440 4 19456 162 19695 5 19712 163 19941 6 19949 7 19968 163 20197 7 20205 7 20224 163 20451 16 20479 164 20707 14 20735 163 20961 12 20991 163 21217 12 21247 163 21473 12 21503 163 21728 13 21759 162 21983 15 22003 4 22015 162 22239 15 22258 7 22272 161 22494 17 22512 9 22528 160 22750 27 22784 113 22900 44 23005 28 23040 113 23157 44 23261 28 23296 112 23415 6 23426 32 23517 12 23533 13 23552 112 23673 2 23682 33 23773 12 23789 13 23808 113 23939 32 24031 10 24046 12 24064 113 24195 32 24287 10 24302 12 24319 114 24450 33 24545 8 24560 8 24576 113 24706 33 24802 7 24817 5 24832 113 24961 34 25060 5 25088 113 25217 34 25316 7 25344 113 25473 33 25573 6 25600 88 25689 24 25728 33 25829 6 25856 85 25945 23 25983 32 26085 6 26112 84 26202 21 26239 32 26341 6 26368 81 26457 18 26477 2 26495 31 26624 81 26713 16 26734 1 26751 30 26880 81 26970 15 27006 31 27136 81 27227 14 27263 30 27392 81 27483 13 27519 30 27648 80 27740 11 27775 30 27904 79 27996 11 28032 28 28122 8 28160 79 28253 9 28288 27 28377 10 28416 79 28510 7 28545 26 28632 14 28672 78 28767 5 28802 25 28887 16 28928 46 28975 30 29060 23 29142 17 29184 45 29232 30 29317 21 29398 17 29440 45 29489 29 29575 18 29653 21 29696 45 29745 29 29831 18 29909 22 29952 44 30002 28 30086 18 30164 25 30208 43 30259 27 30340 19 30420 25 30464 43 30516 25 30595 20 30676 26 30720 42 30773 24 30851 19 30932 26 30976 41 31036 16 31106 19 31189 25 31232 41 31294 11 31363 6 31373 8 31445 24 31488 41 31619 5 31702 22 31744 40 31877 2 31959 20 32000 40 32221 14 32256 40 32478 13 32512 39 32735 12 32768 39 32951 5 32991 11 33024 24 33203 12 33248 9 33280 24 33458 14 33505 6 33536 24 33713 16 33792 25 33969 16 34048 25 34225 16 34304 26 34482 15 34560 27 34738 15 34816 27 34995 14 35072 31 35251 14 35328 33 35509 12 35584 35 35767 10 35840 35 36025 7 36096 36 36352 36 36608 37 36864 37 37120 37 37376 37 37632 37 37888 37 38144 36 38400 35 38656 34 38912 33 39168 28 39424 23 39680 21 39929 2 39936 19 40184 5 40192 9 40205 5 40441 2 40448 8 40464 1 40698 1 40704 7 40960 7 41077 2 41216 5 41327 12 41472 5 41582 13 41728 5 41837 16 41984 5 42093 17 42240 5 42307 6 42348 19 42496 5 42562 7 42604 19 42752 5 42811 16 42859 20 43008 5 43065 18 43115 20 43142 3 43264 5 43318 23 43371 21 43397 8 43520 5 43571 26 43627 21 43653 10 43751 2 43776 5 43825 28 43883 22 43906 14 44005 6 44032 5 44081 28 44139 37 44261 6 44288 5 44337 28 44395 38 44511 12 44544 5 44593 28 44651 38 44765 14 44800 5 44848 29 44907 38 45019 16 45056 5 45104 29 45163 38 45275 17 45312 5 45341 7 45352 5 45359 29 45418 39 45531 17 45568 5 45595 10 45607 34 45675 39 45787 18 45824 5 45851 43 45932 39 46042 23 46080 5 46106 43 46189 38 46297 26 46336 6 46361 42 46446 39 46552 27 46592 6 46617 41 46703 38 46807 28 46848 5 46865 45 46961 37 47058 33 47104 5 47120 45 47219 35 47305 2 47313 34 47360 5 47375 44 47479 32 47559 6 47569 33 47615 6 47631 44 47736 31 47814 8 47825 33 47871 5 47886 43 47995 27 48067 11 48085 28 48126 6 48141 44 48252 25 48323 11 48343 24 48382 4 48397 44 48508 26 48577 13 48597 28 48637 3 48653 44 48764 26 48832 14 48852 31 48893 3 48909 45 49021 26 49086 17 49105 36 49149 3 49165 45 49277 26 49342 55 49405 3 49422 44 49535 25 49599 56 49661 3 49678 45 49791 26 49855 57 49917 3 49928 51 50048 27 50080 3 50095 5 50111 58 50173 3 50183 53 50305 36 50349 8 50367 59 50430 2 50439 54 50561 40 50602 13 50622 62 50685 3 50695 54 50817 8 50828 43 50878 66 50949 56 51075 2 51085 44 51133 67 51205 57 51341 45 51390 66 51460 60 51597 47 51646 66 51715 62 51853 48 51906 61 51972 62 52109 49 52170 51 52228 62 52365 49 52428 48 52485 62 52563 1 52621 49 52685 48 52741 62 52817 4 52852 3 52877 10 52890 37 52941 48 52999 60 53072 7 53106 7 53133 12 53146 37 53197 49 53257 59 53328 9 53361 8 53389 50 53452 51 53514 6 53521 52 53583 13 53615 10 53645 50 53707 53 53771 2 53777 52 53840 13 53868 14 53900 51 53963 53 54034 50 54097 12 54122 17 54155 52 54217 55 54291 49 54353 12 54377 18 54410 52 54473 55 54547 49 54611 10 54632 22 54665 54 54728 56 54804 47 54868 7 54887 88 54984 56 55061 44 55126 4 55138 93 55240 56 55317 44 55392 96 55496 56 55573 42 55646 99 55752 56 55829 32 55865 5 55902 99 56008 56 56085 29 56157 104 56265 55 56341 27 56412 105 56522 54 56598 18 56665 109 56779 53 56855 16 56920 110 57036 52 57111 13 57176 110 57293 51 57368 9 57432 110 57550 50 57689 109 57806 16 57826 30 57947 108 58062 15 58083 29 58204 63 58270 41 58319 4 58341 27 58461 62 58527 40 58577 2 58598 26 58717 61 58785 38 58855 25 58973 60 59043 36 59110 26 59222 1 59229 60 59301 34 59366 26 59459 1 59476 68 59557 34 59622 26 59713 4 59730 69 59814 33 59877 27 59969 86 60071 32 60133 27 60227 2 60231 80 60327 31 60389 27 60487 79 60583 30 60645 27 60743 80 60832 6 60839 28 60901 27 60999 80 61087 35 61157 27 61255 80 61341 11 61354 23 61413 27 61512 80 61597 36 61669 27 61768 81 61853 36 61924 28 62025 80 62108 37 62180 28 62281 5 62289 98 62389 12 62436 19 62459 5 62539 1 62546 93 62647 10 62692 18 62715 5 62783 6 62791 5 62802 91 62904 8 62948 17 62972 4 63037 16 63058 91 63160 9 63204 17 63229 3 63291 19 63314 91 63416 10 63460 16 63487 1 63545 22 63569 92 63672 13 63716 16 63743 1 63800 118 63929 14 63972 15 64055 44 64100 74 64185 14 64228 15 64311 44 64356 74 64439 18 64485 14 64567 44 64612 75 64693 20 64742 12 64823 44 64868 76 64947 22 64999 10 65079 44 65125 101 65255 9 65335 44 65387 96 65513 2
191621,0 65536
191853,0 65536
192744,0 59 64 2 76 239 332 239 587 241 843 242 1091 2 1099 245 1345 518 1865 254 2122 245 2373 250 2630 249 2886 249 3142 250 3398 251 3653 252 3908 253 4164 42217 46385 247 46643 242 46900 239 47157 230 47413 229 47647 3 47670 223 47901 9 47930 218 48156 12 48179 1 48187 216 48411 28 48446 212 48664 32 48703 207 48917 36 48965 200 49173 37 49221 187 49428 39 49478 186 49684 39 49735 185 49940 39 49991 185 50196 39 50247 185 50452 37 50503 185 50709 34 50760 184 50964 33 51018 182 51220 33 51275 181 51475 35 51536 176 51731 35 51793 175 51987 36 52049 175 52243 36 52305 175 52500 35 52561 175 52756 35 52817 175 53013 34 53073 175 53269 34 53329 175 53535 22 53585 168 53756 4 53791 21 53841 166 54012 4 54047 19 54098 163 54268 4 54303 18 54355 153 54524 4 54545 9 54558 20 54613 150 54779 5 54799 36 54870 149 55035 5 55048 4 55054 37 55126 149 55291 5 55303 45 55382 151 55545 7 55557 48 55637 171 55813 48 55893 171 56069 47 56148 172 56324 48 56403 173 56580 47 56657 175 56835 48 56912 176 57090 30 57123 16 57167 208 57379 16 57422 207 57635 16 57677 208 57891 16 57933 211 58145 19 58189 232 58444 233 58700 234 58956 235 59212 235 59468 236 59724 237 59980 236 60237 235 60493 234 60749 233 61007 230 61265 80 61346 147 61522 78 61605 142 61779 26 61808 46 61863 139 62035 24 62065 44 62121 136 62291 24 62323 41 62377 134 62547 22 62579 40 62633 128 62803 22 62835 39 62889 129 63060 21 63091 38 63144 131 63317 20 63347 36 63399 132 63574 19 63602 37 63654 90 63749 38 63833 15 63857 38 63910 90 64005 1 64009 34 64091 12 64113 38 64165 91 64265 35 64348 11 64368 144 64521 35 64605 9 64624 144 64777 34 64867 1 64879 145 65032 35 65135 145 65288 35 65391 145
196973,0 65536
217771,0 65536
222553,0 65536
222596,0 65536
227391,0 65536
232617,20 37 223 18 276 37 396 4 479 17 531 37 652 4 735 17 787 36 908 5 915 9 991 16 1043 36 1164 17 1248 15 1299 34 1420 19 1504 13 1555 34 1675 20 1761 12 1810 33 1931 21 2019 10 2065 33 2187 22 2275 10 2321 21 2347 4 2443 22 2533 7 2577 20 2699 22 2731 4 2790 6 2834 18 2891 1 2955 23 2987 6 3049 2 3090 8 3101 6 3141 12 3211 23 3243 6 3346 7 3359 2 3396 15 3467 24 3501 4 3603 5 3651 16 3724 24 3758 3 3907 17 3980 25 4161 19 4236 25 4413 24 4493 24 4667 26 4749 24 4923 26 5005 25 5178 27 5262 25 5429 32 5520 25 5685 32 5777 24 5939 36 6035 22 6144 1 6195 36 6291 22 6450 39 6549 18 6706 39 6805 18 6961 41 7063 9 7217 42 7320 6 7473 42 7729 42 7985 42 8241 42 8305 1 8497 44 8551 14 8753 45 8805 16 9010 68 9248 1 9266 67 9504 1 9523 66 9760 1 9779 66 10036 65 10293 64 10549 65 10806 65 11063 66 11319 66 11575 68 11831 68 12088 65 12344 65 12546 1 12601 63 12800 4 12858 61 13056 5 13116 9 13126 47 13312 5 13373 6 13383 46 13568 5 13641 43 13824 5 13898 42 14080 9 14154 41 14336 2 14339 6 14371 4 14411 40 14596 5 14626 6 14667 40 14853 4 14882 6 14923 40 15109 4 15138 7 15178 39 15365 4 15379 1 15394 7 15434 39 15619 6 15634 3 15651 5 15689 39 15874 7 15889 4 15907 4 15945 38 16131 4 16145 4 16200 35 16387 4 16401 4 16456 35 16643 4 16658 2 16711 35 16899 3 16967 34 17153 4 17223 33 17409 4 17479 33 17665 4 17735 33 17921 5 17991 33 18176 6 18248 31 18432 7 18505 4 18511 24 18688 1 18691 4 18761 1 18767 23 18947 6 19023 22 19203 8 19277 24 19460 7 19532 25 19717 4 19787 28 19973 3 20043 28 20298 31 20554 31 20589 2 20810 41 21066 41 21322 43 21371 2 21578 43 21833 45 22089 45 22333 4 22344 47 22587 6 22599 48 22841 10 22855 49 23097 10 23110 50 23165 2 23351 75 23606 76 23860 79 24115 80 24369 89 24624 91 24879 70 24952 20 25135 70 25208 21 25390 71 25465 4 25471 15 25645 72 25719 6 25727 16 25901 79 25983 17 26157 79 26239 18 26413 101 26669 102 26925 102 27181 102 27438 101 27694 102 27950 102 28207 101 28462 103 28718 103 28974 103 29230 103 29457 4 29487 101 29704 14 29743 100 29958 17 29999 100 30213 18 30256 99 30468 19 30518 94 30724 19 30775 94 30979 20 31005 2 31015 5 31032 94 31235 19 31261 3 31269 8 31289 94 31491 18 31515 6 31525 10 31545 94 31747 18 31771 6 31780 12 31802 94 32003 18 32028 3 32035 14 32058 94 32259 18 32285 2 32291 14 32314 94 32515 20 32546 17 32569 96 32771 25 32801 120 33027 150 33282 151 33536 154 33792 154 34048 153 34304 153 34560 153 34816 153 35074 151 35331 150 35588 148 35844 147 36099 146 36352 149 36608 147 36864 145 37120 139 37376 139 37632 139 37888 139 38144 141 38400 141 38656 141 38912 141 39168 140 39424 139 39680 136 39936 135 40192 133 40448 131 40704 130 40960 130 41216 129 41472 129 41728 128 41984 116 42105 6 42240 116 42496 116 42752 115 43008 115 43264 115 43520 115 43776 115 44032 114 44288 115 44544 115 44800 115 45056 115 45312 115 45568 114 45824 113 46080 113 46336 96 46434 14 46592 95 46691 12 46848 93 46948 8 47104 93 47206 3 47360 92 47616 93 47872 93 48128 93 48384 93 48640 93 48896 93 49152 93 49408 93 49664 13 49678 79 49920 3 49937 76 50176 2 50193 77 50432 1 50451 20 50474 53 50707 19 50731 52 50965 16 50988 53 51046 1 51223 14 51245 59 51483 8 51502 59 51740 6 51759 59 51997 4 52016 58 52253 4 52273 58 52529 58 52786 41 52828 15 53043 36 53084 15 53299 35 53340 14 53556 33 53597 12 53812 33 53853 11 54070 29 54110 7 54327 28 54367 5 54585 15 54608 2 54842 11 55104 1 57348 5 57601 9 57856 11 57872 1 58112 18 58174 6 58368 18 58430 8 58624 18 58686 8 58881 16 58942 7 59137 16 59199 3 59394 13 59653 6 59911 2 60228 3 60482 7 60717 2 60728 5 60737 10 60971 5 60983 6 60993 11 61227 19 61249 12 61483 20 61506 11 61740 20 61764 9 61997 19 62020 9 62254 18 62277 8 62511 17 62534 7 62768 16 62791 6 63025 15 63047 6 63282 14 63305 3 63539 12
238364,0 209 213 251 471 249 727 250 984 250 1240 255 1498 4646 6147 253 6403 253 6659 253 6914 254 7169 255 7425 5229 12657 252 12913 250 13169 250 13425 250 13681 250 13937 250 14193 249 14449 250 14703 193 14898 57 14959 192 15155 56 15212 195 15412 251 15668 250 15925 249 16183 4 16189 240 16447 238 16704 237 16960 235 17216 235 17472 235 17726 237 17981 239 18236 240 18492 242 18747 243 19003 243 19259 245 19515 247 19771 248 20021 2 20027 1285 21315 253 21570 211 21785 251 22041 250 22298 249 22554 3 22558 244 22815 243 23071 243 23327 244 23583 244 23837 246 24091 248 24346 249 24602 241 24844 3 24857 241 25112 242 25367 242 25623 242 25879 242 26136 242 26391 243 26647 244 26903 244 27152 1 27159 245 27407 2 27413 253 27669 1259 28931 514 29447 254 29705 252 29961 252 30217 251 30473 251 30729 251 30985 251 31240 248 31489 3 31495 249 31751 249 32007 250 32263 249 32519 249 32775 249 33030 250 33281 4 33286 524 33812 253 34068 253 34324 220 34551 26 34580 219 34809 24 34835 219 35065 23 35090 220 35323 19 35345 221 35577 20 35600 223 35831 21 35856 223 36085 20 36112 223 36340 20 36368 223 36595 22 36625 222 36851 22 36881 206 37089 14 37107 13 37121 9 37138 200 37345 14 37363 23 37393 222 37619 23 37647 200 37849 22 37873 25 37903 200 38105 48 38160 249 38416 248 38673 248 38929 248 39185 249 39441 250 39697 250 39953 2569 42526 249 42785 246 43041 244 43297 244 43553 244 43809 244 44065 244 44321 245 44578 247 44834 220 45056 27 45090 220 45312 27 45346 219 45568 28 45603 220 45824 28 45859 249 46115 249 46370 250 46626 251 46881 252 47137 233 47372 17 47393 232 47629 16 47649 229 47885 15 47904 224 48143 12 48160 224 48389 8 48399 10 48415 225 48644 11 48657 6 48671 225 48899 17 48927 225 49154 19 49182 226 49409 21 49437 250 49693 250 49949 251 50205 251 50459 741 51201 255 51458 254 51715 253 51971 253 52227 6 52236 244 52483 6 52493 243 52737 10 52749 256 53018 243 53275 242 53532 241 53788 243 54035 253 54289 2807 57097 254 57356 3 57363 243 57620 242 57877 235 58133 235 58389 235 58645 235 58902 234 59160 232 59417 231 59674 230 59931 229 60187 8 60197 219 60443 7 60455 217 60691 1 60700 5 60711 217 60947 2 60957 4 60966 218 61202 5 61213 4 61221 219 61458 4 61471 2 61477 219 61713 4 61732 220 61969 4 61987 221 62226 3 62245 219 62483 1 62502 218 62759 217 63015 217 63245 1 63271 95 63368 120 63527 217 63784 97 63882 118 64019 1 64041 96 64138 18 64157 99 64275 1 64297 96 64397 115 64531 1 64553 64 64620 29 64653 12 64667 101 64809 64 64879 26 64909 10 64923 101 65065 65 65137 25 65166 8 65178 102 65304 1 65319 68 65395 24 65424 2 65433 103
243578,30205 3 30460 4 30713 7 30967 9 31220 12 31475 13 31726 18 31981 19 32231 25 32486 26 32740 28 32995 29 33244 36 33497 39 33749 43 34004 44 34257 47 34510 50 34762 54 35015 57 35267 61 35521 63 35774 66 36029 67 36283 69 36537 71 36788 76 37042 78 37293 83 37549 83 37801 87 38053 91 38307 93 38563 93 38814 98 39068 100 39318 106 39572 108 39825 111 40078 114 40329 119 40583 121 40837 123 41091 125 41343 129 41599 129 41851 133 42105 135 42357 139 42610 142 42861 147 43116 148 43369 151 43623 153 43875 157 44127 161 44381 163 44636 164 44887 169 45141 171 45391 177 45646 178 45899 181 46152 184 46406 186 46661 187 46913 191 47168 192 47415 201 47669 203 47922 206 48177 207 48431 209 48685 211 48937 215 49191 217 49441 223 49696 224 49946 230 50199 233 50452 236 50705 239 50958 242 51211 245 51463 249 51717 13819
246195,0 165 177 36 221 203 433 34 476 205 689 34 731 206 944 33 983 212 1199 32 1238 197 1437 49 1493 249 1749 248 2005 13 2020 233 2262 11 2278 158 2437 12 2456 52 2519 6 2534 157 2697 8 2712 52 2791 156 2954 6 2967 53 3047 156 3209 6 3223 53 3303 159 3463 7 3477 55 3559 168 3732 56 3815 230 4071 230 4327 231 4583 232 4838 234 5093 237 5349 248 5605 249 5861 250 6119 249 6375 250 6631 250 6887 251 7143 251 7399 252 7656 252 7912 255 8170 254 8429 252 8686 251 8943 251 9200 250 9456 227 9685 254 9941 3341 13288 251 13545 250 13803 248 14059 249 14315 250 14571 251 14826 2419 17247 255 17503 2296 19806 248 20063 242 20318 242 20574 241 20830 242 21085 243 21341 242 21597 241 21852 242 22108 241 22365 240 22621 240 22877 239 23133 237 23390 235 23646 233 23901 234 24156 67 24229 162 24409 70 24487 23 24512 135 24664 71 24744 21 24769 132 24919 71 25000 20 25025 132 25175 71 25256 19 25281 130 25429 72 25512 17 25536 129 25685 72 25768 17 25792 125 25940 70 26023 17 26048 123 26195 70 26279 16 26303 121 26451 68 26536 16 26560 119 26706 55 26771 2 26793 15 26816 118 26962 52 27055 10 27072 117 27217 53 27311 12 27327 116 27469 56 27567 131 27725 55 27823 130 27982 53 28079 129 28238 52 28335 128 28494 51 28591 128 28750 50 28846 127 28985 4 29006 49 29101 127 29241 4 29262 49 29356 121 29497 4 29516 51 29609 124 29754 3 29771 53 29865 122 30026 55 30120 123 30281 57 30375 123 30537 58 30629 124 30793 58 30883 124 31049 58 31138 122 31305 58 31394 120 31560 59 31650 120 31815 60 31906 119 32069 62 32164 117 32324 67 32421 112 32578 77 32678 108 32833 80 32934 103 33089 83 33190 90 33286 5 33345 85 33446 90 33601 88 33701 91 33857 88 33957 91 34113 94 34211 93 34369 191 34624 113 34742 74 34880 111 34999 73 35124 3 35135 110 35256 72 35346 12 35379 5 35391 109 35513 71 35600 15 35631 11 35646 107 35780 5 35788 52 35855 17 35885 113 35999 10 36046 50 36111 18 36141 112 36256 9 36303 10 36319 33 36367 18 36397 112 36512 10 36560 9 36576 32 36623 20 36652 113 36768 11 36817 8 36834 30 36879 20 36908 112 37025 10 37044 2 37073 8 37091 29 37134 22 37163 113 37281 11 37298 15 37331 7 37352 24 37381 3 37390 23 37419 113 37538 10 37553 18 37587 8 37608 24 37636 5 37645 24 37673 115 37795 11 37807 22 37843 9 37864 24 37891 6 37901 25 37927 117 38051 36 38091 4 38098 10 38119 34 38157 144 38307 59 38375 34 38413 144 38563 59 38630 35 38670 144 38819 60 38883 38 38926 144 39076 102 39183 144 39332 102 39439 144 39588 103 39695 146 39845 102 39951 146 40101 90 40192 11 40206 253 40462 253 40716 508 41227 253 41482 4566 46051 252 46307 250 46564 248 46821 246 47078 23 47104 217 47336 20 47360 210 47597 12 47616 209 47856 8 47872 206 48128 205 48384 205 48640 185 48828 17 48896 183 49087 14 49152 75 49233 102 49344 13 49408 65 49491 40 49534 13 49549 42 49601 4 49664 65 49747 39 49790 13 49805 42 49920 65 50000 41 50045 59 50176 65 50255 41 50301 59 50432 65 50503 112 50688 65 50757 114 50944 67 51012 115 51200 183 51456 183 51712 183 51968 185 52224 185 52480 67 52548 118 52736 67 52804 119 52992 187 53248 187 53504 187 53760 187 54016 187 54272 186 54528 175 54707 6 54784 175 54965 3 55040 91 55132 83 55296 78 55375 12 55388 83 55552 77 55631 95 55808 76 55887 95 56064 75 56145 92 56320 74 56401 91 56576 74 56659 88 56832 74 56916 87 57088 75 57176 83 57344 76 57433 81 57600 79 57690 79 57856 80 57946 79 58112 81 58203 78 58368 82 58459 78 58624 83 58715 78 58880 83 58972 77 59136 83 59228 77 59392 83 59485 75 59648 83 59741 71 59904 83 59997 70 60160 84 60254 69 60416 84 60510 68 60672 85 60767 66 60928 85 61023 16 61053 36 61184 85 61280 13 61318 27 61440 84 61536 12 61575 25 61696 83 61794 5 61831 22 61952 83 62051 2 62087 20 62208 83 62343 16 62464 82 62598 15 62720 81 62854 11 62976 81 63110 9 63232 79 63367 6 63488 78 63625 4 63754 67 64011 65 64267 66 64524 47 64573 16 64781 4 64789 36 64830 15 65045 36 65086 15 65301 34 65342 13
246347,48 9 90 19 160 15 304 10 347 18 417 14 559 12 603 18 673 14 815 12 859 16 929 13 1071 12 1115 16 1186 12 1327 12 1371 14 1443 10 1583 12 1627 13 1700 9 1839 12 1883 12 1957 4 2085 4 2095 12 2138 13 2341 6 2351 12 2394 7 2597 8 2607 12 2650 5 2855 18 2906 5 3111 17 3162 6 3233 4 3368 13 3418 6 3489 5 3624 13 3675 5 3745 5 3878 14 3931 5 4001 4 4133 14 4187 5 4257 4 4385 18 4641 18 4895 20 5049 2 5151 20 5304 4 5407 19 5555 10 5663 18 5810 11 5919 14 6065 12 6175 13 6321 12 6433 8 6577 12 6691 6 6833 11 7089 11 7345 10 7603 8 7859 8 8644 1 8899 2 9153 4 9408 5 9663 5 9691 4 9918 6 9947 5 10123 5 10131 4 10174 6 10201 7 10379 13 10401 1 10430 6 10457 8 10615 2 10635 14 10685 7 10713 7 10869 6 10891 15 10941 7 10968 8 11123 8 11147 20 11195 10 11224 7 11378 9 11403 26 11449 12 11480 6 11633 10 11657 28 11703 15 11736 5 11889 10 11913 28 11956 18 11992 4 12145 10 12169 9 12181 16 12208 23 12401 9 12424 9 12439 14 12463 24 12658 7 12680 9 12698 11 12718 25 12915 6 12937 7 12955 10 12974 24 13173 2 13195 2 13213 6 13229 24 13473 1 13484 25 13738 26 13994 26 14250 25 14426 3 14506 25 14681 6 14761 25 14937 8 15017 25 15191 11 15257 1 15272 25 15447 11 15511 4 15527 26 15702 12 15731 1 15766 7 15782 25 15958 12 15987 1 16005 2 16022 7 16038 24 16220 6 16257 6 16277 8 16293 26 16477 4 16512 7 16533 8 16549 26 16768 7 16789 8 16805 26 17024 7 17045 7 17062 26 17281 6 17302 5 17319 25 17390 6 17537 4 17559 3 17575 25 17646 5 17832 23 17903 2 18089 22 18159 1 18345 21 18428 2 18602 9 18615 7 18683 5 18859 6 18873 4 18937 7 19116 5 19131 2 19193 7 19439 17 19694 18 19947 21 20202 22 20457 23 20712 24 20967 25 21223 25 21479 25 21736 24 21993 23 22251 21 22511 17 22769 15 23026 14 23283 13 23540 12 23797 8 26055 4 26311 4 26567 5 26823 5 27079 6 27335 5 27591 4 29181 3 29436 4 29691 5 29945 7 30199 9 30454 10 30711 9 30967 2 30971 5 31229 3 31487 1 33280 1 33536 3 33792 3 34048 3 34304 3 34560 3 34816 3 35072 4 35328 4 35584 4 35840 5 36096 5 36352 6 36608 7 36864 7 37120 8 37376 8 37632 9 37888 9 38144 9 38400 9 38656 9 38912 10 39168 11 39424 11 39680 11 39936 12 40197 6 40709 6 40965 6 41220 7 41472 12 41728 14 41984 15 42240 19 42496 21 42752 22 43008 23 43264 23 43520 22 43776 21 44032 21 44288 21 44544 21 44800 21 45056 21 45312 21 45568 21 45824 21 46080 21 46336 21 46592 20 46848 20 47104 20 47133 1 47360 19 47389 2 47616 19 47645 1 47872 18 48129 16 48387 13 48644 12 48901 10 49159 8 50710 3 50964 6 51219 8 51232 1 51475 8 51487 4 51731 8 51743 4 51997 4 52253 3 64945 2 65199 5 65454 7
250616,0 65536
252446,172 1
254228,0 65536
255130,0 65536
255132,0 66 95 66 201 20 256 67 350 67 456 21 512 67 606 66 711 21 768 67 861 66 967 21 1024 69 1117 64 1223 21 1280 70 1372 41 1421 14 1478 22 1536 71 1628 41 1677 14 1734 22 1792 73 1883 42 1933 13 1990 21 2048 73 2139 41 2189 12 2246 21 2304 76 2395 41 2445 11 2503 20 2560 77 2651 41 2702 9 2759 19 2816 78 2906 42 2957 8 3015 18 3072 79 3161 44 3213 7 3271 17 3328 80 3416 45 3469 6 3527 7 3584 80 3671 46 3724 7 3785 4 3840 79 3925 49 3979 10 4096 79 4181 49 4235 10 4352 78 4436 66 4608 78 4692 67 4864 78 4948 67 5120 77 5205 66 5376 77 5462 64 5632 77 5719 62 5888 75 5975 61 6144 75 6232 59 6400 74 6488 59 6630 2 6656 74 6744 59 6885 3 6912 75 7000 58 7142 2 7168 75 7256 57 7424 77 7512 56 7680 77 7768 55 7936 79 8023 55 8192 81 8279 54 8448 141 8704 140 8960 139 9216 139 9472 137 9728 137 9984 137 10227 6 10240 136 10477 14 10496 136 10731 17 10752 136 10987 18 11008 135 11241 20 11264 135 11497 21 11520 133 11754 20 11776 133 12010 20 12032 133 12267 19 12288 133 12523 18 12544 133 12780 13 12800 133 13036 12 13056 133 13273 8 13293 9 13312 132 13529 9 13551 6 13568 131 13783 12 13824 99 13924 31 14039 13 14080 96 14181 28 14294 14 14336 94 14438 25 14550 15 14592 91 14695 22 14805 16 14848 91 14952 19 15061 15 15104 90 15317 15 15360 90 15573 15 15616 89 15828 15 15872 89 16084 15 16128 100 16337 18 16384 101 16593 18 16640 101 16847 20 16896 102 17101 23 17152 102 17356 25 17385 5 17408 103 17612 25 17640 7 17664 103 17784 3 17868 35 17920 105 18039 5 18124 36 18176 107 18293 8 18312 5 18380 37 18432 107 18549 9 18567 7 18636 37 18688 109 18803 27 18893 36 18943 111 19058 27 19148 37 19197 143 19404 37 19452 142 19660 37 19708 64 19775 58 19838 10 19915 38 19963 65 20031 58 20095 9 20171 38 20219 126 20352 7 20427 38 20476 125 20609 6 20683 38 20732 124 20938 38 20989 123 21194 37 21245 122 21449 37 21501 122 21705 37 21757 122 21961 37 22012 123 22217 37 22267 126 22473 37 22524 125 22729 37 22780 63 22849 56 22984 38 23037 61 23107 55 23241 37 23295 57 23365 54 23497 37 23552 55 23621 53 23755 35 23808 53 23877 52 24013 33 24064 53 24133 52 24269 32 24319 52 24386 45 24526 31 24574 52 24639 47 24783 30 24829 52 24891 51 25039 30 25085 52 25144 54 25295 30 25341 52 25398 55 25552 31 25596 53 25653 56 25808 31 25852 53 25908 57 26064 31 26108 53 26164 45 26212 9 26320 31 26363 101 26469 8 26575 32 26619 100 26725 8 26826 37 26875 99 26982 7 27078 41 27130 100 27239 6 27333 42 27386 99 27496 5 27584 45 27641 6 27648 93 27753 3 27838 47 27897 6 27904 93 28081 1 28091 49 28154 99 28337 8 28346 49 28410 100 28592 58 28667 100 28848 58 28924 99 29105 56 29181 98 29360 57 29438 97 29616 57 29695 96 29871 58 29940 2 29951 95 30124 60 30193 8 30207 94 30380 59 30449 8 30461 95 30635 59 30703 11 30715 96 30891 59 30959 108 31147 58 31214 109 31403 57 31469 110 31647 7 31659 56 31725 110 31903 8 31914 57 31979 112 32158 11 32170 55 32234 15 32251 96 32413 66 32489 16 32507 83 32591 11 32669 63 32744 17 32763 82 32848 9 32925 61 33000 15 33019 80 33182 59 33253 18 33274 82 33437 59 33508 19 33530 72 33605 8 33693 58 33763 19 33785 71 33862 8 33949 58 34019 20 34040 68 34120 7 34203 58 34274 89 34376 7 34457 59 34529 88 34632 7 34713 55 34785 88 34889 5 34969 46 35017 6 35040 87 35146 3 35224 44 35295 88 35481 42 35551 86 35737 42 35807 86 35994 40 36063 84 36251 39 36317 86 36507 38 36573 84 36763 38 36828 85 37019 38 37084 25 37110 57 37276 37 37340 25 37368 55 37532 37 37596 82 37788 38 37853 81 38044 38 38109 82 38299 38 38367 80 38555 38 38624 79 38809 40 38881 78 39065 40 39137 78 39322 37 39394 77 39579 36 39651 74 39837 32 39911 68 40064 4 40094 30 40167 66 40319 6 40351 28 40423 65 40574 7 40607 28 40679 64 40829 9 40863 28 40935 63 41085 9 41119 28 41191 63 41341 9 41375 29 41447 5 41454 56 41597 9 41631 29 41703 4 41710 57 41853 8 41887 30 41957 4 41967 56 42100 3 42109 8 42143 30 42213 4 42223 56 42354 7 42365 9 42400 29 42471 1 42478 57 42609 8 42620 10 42656 30 42733 58 42865 21 42913 30 42983 63 43121 21 43169 30 43239 62 43376 22 43425 30 43495 62 43633 21 43680 31 43750 62 43892 17 43935 32 44002 65 44149 16 44191 32 44257 67 44406 13 44446 33 44513 67 44663 12 44683 2 44701 34 44769 68 44893 4 44919 11 44937 5 44956 34 45025 68 45148 6 45175 11 45193 5 45211 34 45281 68 45402 9 45421 6 45431 11 45449 5 45467 28 45538 67 45657 10 45677 7 45687 12 45705 5 45723 28 45795 67 45911 12 45932 10 45943 12 45961 6 45978 27 46053 65 46165 14 46187 24 46217 6 46234 25 46310 64 46421 14 46443 11 46455 12 46472 8 46491 22 46566 64 46676 14 46697 13 46711 13 46727 10 46747 6 46755 12 46821 65 46932 14 46951 15 46967 26 47006 1 47014 7 47077 65 47188 14 47205 16 47225 24 47271 5 47333 66 47445 32 47483 22 47528 3 47551 2 47588 66 47701 32 47739 22 47805 8 47844 66 47957 32 47995 20 48059 12 48100 66 48214 30 48251 20 48315 13 48356 66 48470 55 48563 22 48612 65 48726 55 48817 24 48868 65 48982 54 49071 28 49125 64 49238 53 49327 28 49381 65 49494 45 49582 31 49637 66 49751 44 49838 32 49893 69 50008 41 50094 33 50149 70 50265 20 50287 17 50350 33 50405 71 50531 10 50544 9 50554 8 50606 33 50661 72 50789 8 50799 8 50815 4 50862 32 50917 73 51007 4 51046 16 51070 12 51119 31 51175 73 51261 7 51303 16 51324 14 51375 30 51433 74 51516 9 51559 17 51578 16 51631 29 51692 72 51772 9 51815 35 51887 29 51949 73 52028 10 52055 3 52071 33 52142 29 52206 73 52284 11 52311 4 52327 32 52398 29 52462 75 52541 12 52565 6 52583 25 52612 3 52653 29 52719 16 52736 59 52797 15 52821 6 52839 22 52907 30 52975 13 52992 59 53054 18 53076 7 53095 22 53161 32 53233 6 53248 91 53351 22 53416 33 53490 3 53504 67 53572 23 53606 13 53620 9 53672 27 53760 66 53830 21 53863 10 53876 9 53927 14 53949 5 54016 65 54088 19 54120 7 54130 12 54183 12 54215 6 54272 65 54344 18 54377 4 54386 12 54439 12 54470 7 54528 65 54600 9 54610 7 54635 20 54694 11 54725 8 54784 65 54856 7 54869 3 54890 21 54949 11 54980 9 55040 66 55111 7 55145 22 55201 14 55235 10 55296 66 55367 7 55401 22 55455 16 55491 10 55552 67 55623 8 55656 22 55709 19 55747 9 55808 67 55879 8 55911 23 55961 23 56004 8 56064 77 56165 24 56216 23 56260 8 56320 77 56420 24 56471 24 56517 8 56576 76 56675 24 56729 20 56773 8 56832 75 56931 24 56985 11 56997 7 57029 8 57088 75 57187 13 57202 8 57242 7 57283 10 57344 75 57442 13 57458 8 57499 5 57539 10 57600 75 57698 9 57709 2 57715 7 57795 10 57856 75 57955 8 57966 1 57971 7 58051 10 58112 73 58219 15 58307 10 58368 70 58440 1 58454 1 58475 16 58529 2 58563 10 58624 69 58710 1 58733 14 58784 5 58819 10 58880 67 58989 14 59033 2 59040 5 59075 10 59136 65 59246 13 59289 3 59295 16 59331 10 59392 65 59504 11 59545 3 59551 16 59586 11 59648 65 59762 9 59801 5 59807 18 59841 12 59904 65 60019 8 60057 25 60097 12 60160 68 60276 6 60317 20 60352 12 60416 69 60533 4 60573 20 60608 11 60672 71 60830 19 60864 11 60928 71 61093 11 61121 10 61184 72 61349 11 61377 9 61440 72 61606 10 61633 9 61696 72 61863 10 61889 9 61952 72 62119 10 62145 8 62208 72 62376 14 62403 5 62464 72 62633 18 62660 3 62720 71 62889 19 62976 71 63145 22 63232 71 63401 25 63488 70 63656 26 63744 69 63912 26 64000 69 64168 26 64256 69 64424 27 64512 69 64681 26 64768 68 64937 26 65024 67 65193 27 65280 67 65451 25 65531 5
255544,0 17921 17923 253 18179 253 18435 253 18692 252 18948 252 19205 57 19267 189 19461 56 19523 189 19717 55 19779 189 19974 53 20035 189 20230 250 20486 250 20743 249 20999 249 21255 249 21511 249 21768 248 22025 247 22281 247 22537 247 22793 247 23049 247 23305 247 23561 247 23818 246 24074 246 24331 245 24587 245 24845 243 25101 243 25357 243 25614 242 25870 242 26127 241 26383 241 26639 241 26895 241 27151 241 27409 239 27665 239 27921 239 28177 239 28434 238 28690 238 28947 237 29203 237 29459 237 29715 237 29972 236 30228 236 30484 236 30740 236 30997 235 31253 235 31509 235 31766 234 32022 234 32279 233 32535 233 32791 233 33047 233 33303 233 33560 232 33816 232 34073 231 34329 231 34585 231 34841 231 35097 231 35353 231 35611 229 35867 229 36123 229 36379 229 36635 229 36892 228 37148 228 37404 228 37660 228 37916 228 38173 227 38429 227 38685 227 38941 227 39198 226 39455 225 39711 225 39967 225 40224 224 40481 223 40737 223 40993 223 41249 223 41505 223 41762 222 42019 221 42275 221 42531 221 42788 220 43044 220 43300 220 43557 219 43813 219 44069 219 44326 218 44582 218 44839 217 45095 217 45351 217 45607 217 45863 217 46119 217 46377 215 46633 215 46889 215 47145 215 47401 215 47657 215 47914 214 48171 213 48427 213 48683 213 48940 212 49196 212 49452 212 49708 212 49965 211 50221 211 50477 211 50734 210 50990 210 51246 210 51503 209 51759 209 52016 208 52272 208 52529 207 52785 207 53041 207 53297 207 53554 206 53810 206 54067 205 54323 205 54580 204 54836 204 55092 204 55349 203 55605 203 55861 203 56118 202 56374 202 56631 201 56887 201 57143 201 57399 201 57655 201 57911 201 58169 199 58425 199 58681 199 58937 199 59194 198 59450 198 59706 198 59962 198 60219 197 60476 196 60732 196 60988 196 61245 195 61501 195 61757 195 62013 195 62270 194 62527 193 62783 193 63039 193 63295 193 63551 193 63807 193 64063 193 64320 192 64576 192 64832 192 65088 192 65344 192
260940,0 15 20 94 232 5 256 15 276 93 489 4 512 15 532 91 745 3 768 15 788 89 1024 15 1043 88 1280 15 1298 87 1536 16 1554 87 1792 93 1892 3 2021 6 2048 93 2276 7 2304 93 2404 3 2531 10 2560 93 2659 4 2786 12 2816 93 2915 4 3041 15 3072 94 3171 5 3296 17 3328 95 3426 6 3551 18 3584 103 3807 18 3840 100 3969 4 4063 18 4096 99 4222 9 4319 18 4352 99 4468 2 4473 14 4581 11 4608 99 4723 21 4840 7 4864 98 4977 24 5120 98 5232 25 5376 97 5485 29 5632 97 5739 32 5888 98 5994 33 6095 4 6144 98 6249 34 6351 5 6400 99 6505 34 6607 6 6656 100 6760 35 6864 5 6912 139 7122 1 7168 139 7424 139 7603 2 7680 139 7858 3 7936 86 8023 51 8113 5 8192 85 8281 48 8368 7 8448 83 8538 48 8621 10 8704 83 8794 48 8873 14 8960 81 9051 48 9127 16 9216 79 9307 48 9383 15 9472 75 9563 48 9638 15 9728 73 9819 48 9894 14 9984 71 10075 47 10150 13 10240 33 10279 31 10330 47 10406 13 10496 31 10537 29 10585 47 10663 11 10752 30 10793 30 10834 54 10919 10 11008 29 11049 32 11087 56 11177 6 11264 29 11304 94 11435 2 11486 3 11520 29 11559 51 11614 1 11621 32 11740 7 11776 29 11814 51 11877 32 11995 9 12032 29 12067 54 12132 33 12251 10 12288 30 12319 57 12387 33 12503 14 12544 88 12641 34 12757 16 12800 88 12897 34 13013 16 13056 87 13151 35 13269 16 13312 75 13392 6 13407 36 13525 16 13568 75 13657 5 13663 38 13781 15 13824 73 13914 45 14037 15 14080 73 14175 42 14294 14 14336 73 14431 43 14551 14 14592 71 14687 44 14809 12 14848 71 14945 42 15067 10 15104 69 15203 11 15215 29 15325 9 15360 68 15461 8 15471 31 15515 2 15583 7 15616 8 15627 26 15655 28 15728 35 15769 4 15841 5 15872 7 15883 26 15911 28 15984 35 16025 5 16097 5 16128 8 16140 23 16169 8 16180 9 16241 35 16279 6 16353 6 16384 8 16397 20 16427 4 16497 36 16535 6 16609 6 16640 8 16653 16 16755 43 16850 4 16865 6 16896 9 16910 15 17012 43 17105 6 17121 5 17152 9 17167 11 17269 42 17359 8 17376 6 17408 9 17424 9 17454 3 17525 43 17613 15 17631 7 17664 9 17683 4 17709 5 17782 43 17867 27 17920 9 17965 5 18039 42 18121 29 18170 3 18176 9 18221 4 18295 43 18375 30 18426 2 18432 9 18477 4 18551 44 18629 32 18681 3 18688 8 18733 3 18806 48 18884 31 18937 3 18944 8 19061 50 19139 31 19193 3 19200 8 19231 2 19317 27 19349 19 19395 30 19448 4 19456 8 19477 2 19486 4 19573 4 19583 16 19606 19 19651 29 19705 2 19712 8 19729 9 19740 7 19830 1 19841 14 19863 20 19906 29 19968 8 19984 20 20097 13 20119 21 20162 29 20224 7 20239 21 20303 4 20353 14 20375 27 20417 29 20480 7 20495 21 20559 5 20609 14 20631 28 20673 28 20736 5 20751 21 20814 7 20865 14 20888 27 20929 28 20992 3 21008 20 21070 7 21121 14 21144 28 21185 26 21265 18 21327 6 21377 14 21400 28 21441 20 21522 20 21583 6 21633 13 21656 29 21698 19 21779 21 21891 10 21912 29 21955 17 22015 1 22035 21 22147 10 22168 30 22211 17 22270 2 22292 21 22405 7 22424 31 22467 17 22527 1 22549 20 22663 4 22680 31 22723 16 22783 1 22805 20 22936 32 22981 14 23039 1 23062 19 23192 32 23238 11 23319 18 23447 34 23575 17 23704 35 23821 1 23833 14 23963 34 24075 4 24089 13 24222 31 24333 1 24346 10 24479 30 24603 8 24716 1 24736 29 24860 6 24877 2 24992 29 25117 6 25133 5 25248 30 25375 6 25388 9 25504 43 25631 6 25644 10 25759 44 25887 8 25899 17 25927 6 26015 46 26143 8 26155 18 26183 6 26271 47 26399 30 26437 10 26527 47 26655 31 26691 13 26782 48 26910 50 27038 48 27165 52 27294 48 27418 55 27549 49 27674 55 27805 50 27930 55 28061 51 28186 55 28317 52 28441 56 28573 52 28697 56 28829 52 28943 4 28951 60 29086 51 29199 69 29342 51 29455 70 29599 50 29707 1 29711 70 29855 49 29961 76 30111 44 30217 76 30367 42 30473 76 30624 41 30729 76 30881 39 30985 76 31137 39 31241 76 31394 37 31497 29 31530 43 31643 2 31651 36 31754 28 31787 42 31899 3 31908 35 32013 28 32044 39 32153 5 32165 34 32271 26 32301 37 32409 5 32422 32 32531 23 32557 36 32664 7 32680 30 32789 22 32814 35 32886 2 32919 8 32937 29 33051 16 33070 34 33141 5 33162 3 33175 8 33195 27 33308 52 33397 6 33413 10 33431 8 33452 26 33566 49 33652 7 33665 15 33686 11 33709 24 33823 48 33909 6 33921 15 33942 12 33966 22 34072 54 34165 5 34177 14 34197 14 34222 21 34327 54 34422 4 34433 12 34452 16 34479 18 34582 55 34675 9 34685 12 34706 19 34735 17 34761 4 34838 55 34929 23 34961 22 34991 16 35016 6 35093 55 35183 24 35217 24 35247 14 35271 8 35349 55 35438 27 35473 23 35503 13 35528 7 35605 54 35691 32 35729 23 35759 12 35784 7 35860 55 35947 33 35985 23 36015 8 36025 1 36041 6 36115 56 36203 61 36271 5 36297 5 36371 56 36459 61 36527 4 36553 4 36627 56 36714 62 36783 3 36883 56 36969 63 37139 55 37222 65 37395 54 37477 66 37652 50 37731 67 37908 49 37987 66 38164 3 38169 43 38242 65 38419 2 38427 41 38497 66 38673 4 38685 38 38749 58 38929 5 38941 38 39004 57 39185 6 39197 38 39259 56 39441 6 39453 38 39514 57 39697 8 39710 35 39768 57 39953 9 39966 35 40023 58 40210 45 40274 63 40467 43 40529 64 40617 4 40723 41 40785 64 40873 4 40943 2 40978 41 41041 64 41128 5 41197 6 41231 44 41299 2 41305 58 41384 5 41449 12 41466 1 41486 45 41555 2 41562 57 41640 5 41705 13 41739 48 41819 55 41880 2 41897 4 41965 10 41994 49 42075 55 42136 2 42153 2 42221 11 42249 50 42330 55 42477 11 42505 50 42586 55 42733 11 42761 50 42841 56 42989 11 43017 49 43095 57 43245 10 43274 47 43349 59 43502 9 43530 47 43603 62 43759 7 43787 43 43858 67 44017 3 44043 42 44113 69 44297 43 44368 71 44553 42 44623 63 44687 9 44805 45 44879 61 44944 8 45059 47 45135 61 45201 7 45313 48 45390 62 45458 6 45551 4 45569 48 45646 61 45715 5 45807 4 45824 49 45903 60 45971 5 46063 4 46080 49 46159 60 46228 4 46319 5 46336 47 46415 60 46486 1 46574 6 46592 46 46671 59 46830 6 46848 37 46927 56 47085 7 47104 37 47183 55 47340 9 47360 37 47439 54 47594 11 47616 37 47695 53 47849 12 47872 38 47951 52 48104 16 48128 39 48207 51 48360 16 48384 39 48463 50 48615 17 48640 39 48719 49 48871 17 48896 40 48974 49 49084 3 49126 18 49152 40 49230 49 49329 1 49340 3 49382 18 49408 40 49486 51 49584 3 49595 4 49637 19 49664 40 49743 49 49839 4 49851 4 49893 19 49920 40 49987 4 49999 47 50095 4 50107 4 50149 18 50176 40 50243 4 50255 47 50351 4 50363 3 50405 18 50432 41 50498 7 50511 46 50607 4 50654 3 50661 17 50688 41 50753 9 50767 46 50865 1 50909 5 50917 16 50944 41 51008 12 51023 46 51165 22 51200 41 51263 14 51279 45 51418 1 51421 7 51430 13 51456 42 51519 60 51671 5 51677 7 51688 9 51712 42 51775 60 51926 15 51945 8 51968 43 52031 59 52179 18 52224 43 52287 58 52358 2 52433 21 52480 43 52543 56 52613 5 52687 16 52706 4 52736 43 52799 55 52869 6 52943 17 52962 5 52992 44 53053 56 53125 6 53198 17 53219 4 53248 45 53307 58 53381 7 53454 15 53475 4 53504 49 53562 59 53635 10 53710 14 53731 3 53760 49 53818 58 53891 10 53966 14 53988 1 54016 48 54074 3 54082 50 54136 11 54148 10 54190 3 54222 13 54272 48 54331 2 54339 49 54391 12 54405 10 54445 7 54479 12 54528 48 54594 49 54647 13 54661 12 54701 8 54736 11 54789 44 54850 49 54903 18 54922 7 54957 9 54993 10 55051 38 55105 49 55159 14 55180 4 55213 11 55251 8 55307 38 55361 50 55415 13 55436 3 55468 14 55507 8 55565 36 55617 23 55643 24 55671 12 55723 16 55765 6 55821 35 55873 22 55900 24 55927 12 55979 16 56023 4 56077 34 56117 10 56135 15 56156 40 56229 3 56234 17 56333 34 56372 12 56391 14 56412 41 56484 5 56490 17 56589 32 56628 13 56647 14 56667 30 56698 13 56739 22 56845 32 56884 13 56903 14 56922 46 56993 24 57101 32 57140 13 57160 13 57178 33 57212 12 57249 21 57329 5 57358 31 57396 13 57417 11 57434 46 57507 17 57584 7 57615 30 57653 12 57673 11 57691 44 57764 13 57839 10 57871 30 57909 12 57930 7 57948 43 58021 11 58095 11 58127 30 58165 12 58186 6 58210 36 58279 9 58351 12 58383 30 58421 12 58442 6 58466 35 58535 8 58607 12 58640 33 58677 12 58697 7 58722 35 58793 6 58811 4 58863 14 58896 49 58953 7 58977 37 59049 6 59066 6 59119 15 59153 48 59209 7 59233 37 59307 4 59321 8 59375 17 59409 48 59465 6 59488 38 59564 5 59578 6 59630 18 59666 47 59723 2 59744 39 59821 6 59835 5 59883 21 59923 23 59947 22 60000 40 60077 6 60091 4 60138 22 60177 23 60202 24 60257 39 60332 6 60392 24 60433 21 60458 25 60514 39 60588 6 60647 25 60685 23 60715 24 60773 35 60846 2 60903 25 60941 22 60971 24 61031 33 61159 25 61197 22 61227 24 61289 17 61313 4 61416 24 61463 11 61483 24 61544 17 61671 25 61725 4 61739 23 61800 17 61927 25 61995 22 62056 16 62182 26 62252 19 62311 17 62437 27 62508 18 62567 17 62693 27 62765 15 62823 18 62949 27 63013 5 63021 14 63079 18 63208 24 63268 7 63335 18 63465 23 63523 8 63590 20 63721 23 63779 8 63845 22 63977 23 64035 8 64101 22 64232 24 64291 8 64355 25 64487 25 64547 8 64611 26 64743 25 64803 8 64856 37 64998 26 65029 5 65060 7 65111 38 65253 27 65285 8 65323 1 65365 39 65505 31
263633,0 27 256 29 512 29 768 33 1024 34 1280 35 1536 37 1576 7 1792 38 1831 12 1853 10 2048 52 2108 12 2147 1 2304 53 2363 14 2560 53 2618 15 2816 54 2873 16 3073 53 3129 16 3329 66 3399 2 3585 64 3843 60 3915 1 4099 58 4171 2 4356 53 4613 52 4869 50 5125 50 5382 48 5637 48 5893 45 6149 36 6405 35 6661 35 6917 35 7172 37 7426 39 7541 2 7681 40 7796 3 7936 40 8052 4 8192 40 8307 6 8448 40 8563 12 8704 40 8819 14 8960 40 9074 16 9216 40 9330 17 9472 40 9586 17 9728 41 9842 17 9984 42 10098 18 10240 43 10354 18 10496 44 10611 18 10752 45 10867 19 11008 45 11123 20 11264 45 11380 18 11520 47 11640 13 11776 49 11897 11 12032 50 12154 8 12288 2 12295 43 12410 8 12552 42 12669 2 12808 41 13064 39 13320 38 13575 38 13831 38 14087 40 14342 41 14434 3 14597 43 14689 4 14852 44 14946 2 15106 47 15361 48 15509 3 15616 49 15763 7 15872 50 16019 7 16128 58 16275 8 16306 5 16384 59 16520 2 16530 9 16561 7 16641 59 16775 5 16786 10 16816 10 16897 59 17019 4 17030 7 17041 11 17072 11 17153 60 17273 8 17285 23 17327 13 17409 60 17529 8 17541 23 17583 13 17665 60 17731 4 17785 8 17796 23 17836 15 17921 60 17985 6 18041 34 18091 16 18177 72 18299 24 18347 16 18433 73 18557 21 18603 16 18624 3 18690 72 18813 20 18859 17 18878 5 18946 72 19068 11 19081 8 19115 25 19203 6 19213 60 19323 10 19342 1 19372 24 19459 4 19469 60 19579 10 19629 23 19712 3 19726 58 19836 11 19886 22 19968 3 19982 58 20092 11 20142 22 20224 5 20238 58 20346 9 20397 23 20480 5 20493 59 20600 9 20653 23 20736 7 20749 59 20855 10 20905 27 20992 7 21004 60 21108 13 21159 29 21248 72 21361 16 21413 31 21504 72 21621 12 21669 31 21760 72 21878 10 21925 31 22016 72 22135 8 22181 31 22272 72 22438 29 22528 72 22695 28 22784 5 22791 66 22951 28 23040 4 23047 66 23208 26 23296 3 23306 63 23465 18 23552 3 23563 63 23721 16 23810 3 23825 58 23979 13 24066 4 24091 49 24235 12 24321 8 24348 48 24493 8 24577 8 24604 48 24750 6 24833 9 24860 48 25089 9 25116 48 25346 9 25372 47 25602 9 25627 48 25860 6 25883 47 26118 4 26139 47 26395 46 26650 47 26906 47 27163 45 27419 44 27677 42 27935 36 28191 34 28449 34 28706 33 28964 32 29221 31 29477 32 29732 33 29789 4 29987 34 30043 8 30243 34 30299 9 30480 1 30499 34 30555 15 30736 1 30755 34 30811 15 30990 3 31011 35 31067 16 31240 7 31268 34 31323 15 31492 11 31525 33 31578 16 31748 11 31781 33 31834 16 32005 11 32039 30 32088 17 32223 6 32261 11 32295 30 32343 18 32479 6 32513 15 32552 28 32599 18 32621 2 32735 7 32768 16 32807 22 32831 3 32855 27 32991 8 33024 16 33063 20 33111 28 33247 8 33280 17 33319 21 33367 28 33504 7 33536 20 33574 23 33625 26 33761 6 33792 21 33830 23 33881 26 34017 5 34048 34 34085 24 34138 22 34305 34 34340 24 34394 19 34561 59 34651 17 34817 59 34907 17 35075 56 35164 17 35332 55 35421 16 35591 29 35623 20 35681 12 35849 26 35880 19 35939 10 36105 24 36143 12 36171 6 36196 10 36362 22 36402 15 36427 7 36452 10 36621 18 36665 25 36709 9 36803 6 36877 18 36920 27 36966 7 37057 8 37133 17 37176 27 37225 3 37312 11 37389 18 37417 3 37431 28 37568 11 37645 20 37672 42 37823 13 37901 22 37928 41 38079 14 38157 24 38183 41 38336 14 38413 65 38592 15 38669 64 38849 14 38924 65 39105 14 39178 47 39231 14 39363 12 39433 47 39488 12 39619 12 39688 44 39747 7 39883 3 39944 43 40004 5 40199 44 40455 44 40712 43 40881 1 40968 43 41132 11 41225 42 41386 17 41481 42 41641 19 41738 43 41897 21 41995 42 42153 22 42253 42 42409 23 42509 42 42665 24 42767 40 42921 26 43023 41 43177 26 43279 41 43433 27 43535 40 43689 27 43792 39 43945 26 44049 37 44201 26 44307 35 44457 26 44567 32 44713 25 44825 30 44969 25 45081 30 45224 26 45337 30 45480 26 45593 30 45736 27 45850 30 45992 27 46106 30 46248 27 46361 32 46505 26 46617 32 46762 25 46872 33 47019 25 47127 34 47275 26 47360 7 47381 36 47533 26 47616 7 47636 37 47789 27 47872 8 47889 40 48043 30 48128 9 48144 40 48299 30 48384 8 48399 41 48552 35 48631 3 48640 8 48654 42 48704 4 48806 37 48886 5 48896 7 48909 44 48958 7 49061 39 49141 7 49152 7 49163 60 49317 39 49397 7 49408 4 49417 63 49558 1 49571 42 49653 6 49664 3 49673 64 49813 4 49827 42 49909 6 49920 1 49930 63 50068 6 50084 40 50165 4 50176 1 50186 64 50323 8 50340 40 50419 6 50444 62 50579 8 50597 38 50673 7 50701 6 50711 52 50835 8 50853 38 50929 7 50971 48 51092 7 51109 38 51185 3 51228 47 51349 5 51365 37 51485 46 51622 35 51741 47 51873 2 51879 34 51997 47 52059 4 52121 46 52253 47 52315 5 52376 45 52509 46 52570 7 52631 46 52765 46 52826 7 52887 45 53022 45 53081 9 53142 46 53279 44 53337 9 53398 46 53536 43 53593 10 53655 45 53793 41 53841 2 53847 12 53911 24 53939 17 54049 40 54096 21 54168 21 54198 12 54255 1 54305 40 54352 22 54425 20 54455 10 54511 4 54561 39 54607 24 54681 18 54766 7 54817 38 54863 25 54938 17 55022 8 55072 38 55119 25 55195 14 55277 10 55301 2 55327 39 55375 25 55452 13 55533 10 55557 6 55582 75 55683 2 55711 8 55789 10 55813 6 55837 75 55937 6 55967 8 56045 10 56069 7 56085 2 56090 78 56189 12 56224 7 56301 10 56325 8 56340 83 56443 15 56481 7 56557 10 56580 9 56594 84 56698 17 56737 14 56812 11 56836 9 56849 84 56954 17 56993 15 57067 12 57092 9 57103 85 57209 19 57240 3 57249 16 57322 22 57348 9 57359 84 57466 18 57495 4 57504 17 57577 23 57604 93 57722 18 57750 29 57797 9 57831 25 57861 92 57978 18 58005 38 58051 12 58087 25 58117 91 58234 17 58261 59 58343 25 58373 90 58490 17 58517 60 58583 3 58599 25 58629 89 58747 14 58773 70 58855 25 58885 88 59003 13 59029 70 59111 25 59141 84 59259 11 59285 70 59367 25 59397 84 59516 12 59541 70 59623 25 59653 82 59773 21 59796 71 59879 25 59909 82 60030 93 60135 25 60167 78 60289 87 60391 25 60423 78 60545 79 60648 24 60681 4 60687 69 60801 78 60903 25 60943 8 60953 58 61057 77 61159 16 61211 55 61313 76 61414 17 61467 54 61568 77 61669 18 61724 47 61823 78 61923 20 61980 46 62079 78 62179 20 62235 46 62334 78 62435 21 62491 45 62589 79 62690 23 62747 44 62843 80 62946 23 63002 45 63098 81 63203 22 63257 46 63352 82 63459 22 63513 46 63607 79 63715 22 63769 46 63861 79 63972 22 64025 47 64117 78 64229 22 64281 47 64370 81 64481 30 64522 4 64537 48 64625 81 64735 33 64777 6 64793 48 64880 79 64990 34 65033 6 65049 48 65136 52 65191 22 65246 34 65289 6 65305 46 65392 50 65449 10 65501 35
268600,0 25456 25463 250 25721 255 25979 253 26235 830 27067 254 27323 254 27581 252 27837 255 28093 27002 55097 70 55171 180 55353 70 55427 179 55610 69 55684 178 55866 69 55940 177 56123 68 56196 177 56379 67 56452 177 56635 68 56708 177 56890 69 56964 177 57145 70 57220 177 57401 252 57655 7684 65342 194
269087,0 23296 23297 861 24159 250 24415 250 24671 249 24927 248 25183 247 25439 247 25695 248 25949 250 26205 248 26459 248 26714 247 26969 248 27226 247 27482 247 27738 247 27993 248 28249 250 28505 251 28761 253 29015 14761 43777 255 44033 255 44291 253 44547 253 44803 253 45059 253 45315 253 45571 253 45827 253 46083 253 46340 252 46596 252 46852 252 47108 252 47362 254 47617 1023 48641 255 48897 255 49153 255 49409 255 49665 255 49922 254 50178 254 50434 254 50691 253 50947 253 51203 253 51459 253 51714 254 51969 255 52225 255 52481 511 52993 255 53249 255 53507 253 53763 253 54019 253 54274 254 54530 254 54785 255 55041 255 55297 255 55554 254 55810 254 56066 254 56322 254 56578 254 56834 254 57090 254 57346 254 57602 254 57858 254 58113 255 58369 7167
270495,0 11 40 22 65 21 93 2 121 6 129 8 155 6 173 37 221 4 228 2 236 3 255 12 297 23 321 22 378 5 413 4 430 36 479 1 492 3 512 10 553 23 577 22 634 5 669 4 686 36 735 1 748 3 768 9 809 46 890 5 927 9 941 37 1003 4 1024 9 1065 46 1146 5 1181 54 1258 5 1280 9 1321 47 1393 4 1401 6 1427 8 1437 54 1513 7 1536 9 1576 48 1649 4 1657 6 1683 64 1769 7 1792 9 1831 48 1903 7 1912 9 1939 65 2020 2 2024 4 2030 2 2048 9 2087 26 2118 1 2125 10 2159 18 2195 66 2275 9 2286 3 2304 9 2343 24 2385 5 2413 20 2451 66 2536 3 2557 12 2599 24 2667 24 2707 38 2746 27 2793 2 2812 10 2856 22 2922 26 2963 36 3003 26 3069 7 3113 20 3179 24 3219 36 3259 25 3325 4 3371 8 3435 22 3475 33 3516 23 3583 2 3627 8 3690 23 3731 34 3771 24 3945 23 3987 34 4027 22 4078 2 4201 23 4243 35 4282 23 4334 2 4352 1 4373 5 4457 22 4499 36 4537 24 4608 2 4624 13 4712 23 4754 37 4792 25 4864 5 4877 20 4968 22 5009 56 5067 5 5120 7 5132 22 5224 22 5265 52 5323 5 5376 9 5388 23 5479 23 5521 38 5560 11 5623 2 5632 9 5643 24 5735 22 5776 39 5817 2 5824 3 5879 3 5888 33 5992 21 6032 39 6081 2 6135 3 6144 32 6248 20 6288 39 6337 4 6391 3 6400 31 6506 16 6544 41 6656 11 6668 19 6763 14 6800 41 6912 11 6925 18 6995 1 7023 8 7057 41 7168 11 7181 18 7282 3 7314 41 7424 11 7439 16 7572 39 7680 13 7694 17 7829 38 7883 4 7936 31 8085 38 8137 9 8192 31 8342 38 8392 11 8448 30 8600 35 8648 13 8704 29 8857 6 8866 25 8903 14 8960 29 9126 21 9159 14 9216 28 9383 20 9416 13 9472 25 9555 2 9640 19 9673 11 9728 19 9800 2 9810 5 9897 18 9929 10 9980 23 10043 36 10153 18 10236 23 10298 37 10410 17 10491 23 10552 41 10667 16 10748 22 10808 41 10923 16 11005 21 11063 44 11179 5 11188 1 11262 21 11319 44 11435 4 11519 20 11575 43 11691 4 11776 19 11831 42 11948 1 12032 19 12087 41 12288 20 12343 40 12544 19 12597 42 12670 4 12800 19 12852 42 12923 8 13058 16 13107 42 13178 13 13314 16 13362 42 13434 21 13571 14 13617 41 13681 1 13687 26 13801 3 13827 7 13836 5 13873 41 13936 4 13941 29 14055 7 14082 13 14128 43 14191 36 14311 10 14337 14 14383 44 14446 38 14566 13 14593 14 14638 46 14700 42 14743 3 14821 18 14848 15 14893 48 14955 48 15077 19 15104 16 15149 54 15207 54 15300 5 15332 21 15360 15 15405 112 15555 8 15575 1 15588 21 15616 14 15661 112 15810 10 15829 4 15843 24 15872 13 15917 112 16065 11 16085 5 16099 24 16128 9 16143 2 16173 112 16318 15 16340 6 16355 24 16384 8 16399 2 16429 112 16573 18 16595 8 16611 25 16640 9 16654 5 16686 111 16819 6 16826 23 16851 8 16867 25 16896 10 16910 5 16943 110 17065 1 17074 31 17107 10 17123 25 17152 20 17200 110 17320 85 17408 20 17457 109 17575 86 17664 13 17681 3 17714 46 17772 51 17830 87 17920 13 17937 3 17971 45 18028 51 18085 47 18133 40 18176 10 18192 4 18226 46 18285 52 18341 88 18432 10 18447 5 18481 47 18541 144 18688 10 18704 3 18733 51 18797 144 18944 10 18988 52 19053 144 19200 11 19242 54 19307 147 19456 11 19497 55 19563 148 19712 11 19752 55 19816 151 19968 11 20007 56 20071 141 20213 22 20262 58 20325 140 20470 7 20480 10 20517 62 20580 141 20727 4 20736 10 20772 203 20993 8 21028 202 21253 1 21284 128 21415 49 21467 16 21509 2 21540 128 21671 48 21723 15 21765 6 21796 129 21929 46 21981 10 22021 8 22051 130 22186 45 22237 8 22277 9 22308 63 22372 65 22442 44 22493 5 22511 10 22533 10 22564 62 22628 65 22698 44 22750 3 22767 10 22789 10 22820 63 22885 64 22955 43 23007 1 23022 13 23045 10 23076 63 23141 64 23211 42 23277 15 23300 11 23332 64 23399 62 23466 39 23531 18 23556 11 23588 65 23655 62 23721 40 23787 19 23811 10 23844 65 23911 104 24041 21 24067 9 24099 67 24167 103 24296 23 24322 9 24355 170 24551 24 24577 10 24611 170 24806 24 24833 10 24867 169 25061 26 25090 9 25124 69 25195 97 25310 33 25347 9 25365 5 25380 68 25453 94 25563 36 25603 9 25617 10 25637 66 25710 67 25779 24 25819 36 25860 8 25871 13 25893 46 25943 15 25968 64 26041 18 26073 38 26116 8 26127 14 26150 45 26201 12 26225 63 26298 17 26329 38 26373 2 26381 16 26406 43 26459 8 26483 60 26551 18 26585 38 26637 16 26662 42 26741 58 26806 19 26841 37 26892 18 26917 42 26998 57 27059 22 27097 33 27147 20 27171 44 27255 56 27315 22 27352 33 27400 61 27464 2 27511 56 27568 25 27608 31 27656 60 27767 56 27824 25 27864 31 27912 58 28022 82 28120 30 28168 56 28278 81 28376 29 28425 54 28535 80 28631 28 28681 52 28791 56 28848 23 28887 28 28937 48 29047 56 29105 21 29143 26 29193 48 29304 30 29336 22 29363 18 29399 26 29449 48 29562 27 29594 17 29626 9 29654 25 29705 48 29819 26 29851 12 29883 8 29911 24 29961 48 30077 14 30142 2 30167 24 30217 48 30335 10 30423 23 30473 50 30595 5 30669 5 30680 22 30729 50 30853 3 30923 8 30937 21 30973 3 30985 52 31179 9 31193 20 31228 4 31241 52 31435 9 31449 20 31483 12 31497 53 31689 12 31707 17 31739 68 31945 12 31963 16 31995 72 32069 2 32201 12 32219 15 32249 80 32458 11 32475 14 32505 78 32715 11 32731 14 32760 78 32971 11 32987 13 33016 77 33229 9 33243 12 33272 75 33366 1 33487 8 33499 12 33529 7 33537 54 33594 7 33620 5 33744 7 33756 9 33785 7 33793 52 33851 6 33875 6 34001 6 34013 7 34041 7 34049 53 34131 6 34152 2 34257 2 34299 5 34305 53 34387 6 34407 4 34555 5 34561 54 34645 4 34663 5 34811 5 34817 54 34901 4 34919 6 35067 5 35073 55 35160 1 35174 8 35324 4 35334 50 35414 3 35430 9 35580 4 35591 50 35653 2 35669 4 35685 10 35837 3 35847 50 35907 4 35925 4 35941 10 35966 1 36094 2 36103 50 36163 4 36201 6 36220 5 36359 49 36418 5 36457 6 36475 9 36615 49 36674 3 36714 5 36731 13 36871 49 36930 3 36972 3 36986 15 37127 49 37229 2 37240 18 37384 35 37420 12 37495 20 37539 2 37641 28 37671 2 37676 12 37749 22 37794 8 37898 25 37932 12 38004 24 38049 9 38156 21 38188 12 38260 25 38305 10 38332 1 38413 20 38444 11 38516 26 38560 11 38585 5 38678 10 38701 10 38773 28 38816 12 38841 8 38936 7 38957 9 39029 30 39071 13 39096 13 39194 5 39214 5 39285 56 39352 14 39451 2 39541 56 39607 15 39797 55 39863 16 40053 55 40119 16 40252 5 40309 54 40375 16 40505 12 40565 53 40631 16 40759 17 40821 52 40889 13 41015 18 41076 53 41145 13 41215 1 41269 22 41331 52 41403 9 41466 6 41525 22 41587 52 41659 9 41722 6 41780 23 41843 52 41915 8 41930 7 41977 7 42036 23 42099 51 42171 6 42185 9 42233 7 42292 23 42356 37 42394 11 42423 12 42438 13 42489 7 42548 23 42612 37 42651 10 42679 28 42722 5 42745 7 42805 21 42869 35 42908 7 42934 30 42977 10 43001 7 43062 19 43125 35 43165 5 43189 31 43232 13 43257 7 43321 16 43383 32 43421 3 43444 33 43488 15 43513 8 43579 14 43640 31 43677 3 43700 33 43743 17 43769 14 43836 10 43897 28 43933 3 43957 33 43997 20 44025 15 44093 8 44139 3 44154 7 44166 2 44170 4 44175 5 44189 3 44213 33 44251 22 44281 16 44349 6 44393 6 44411 2 44427 2 44432 3 44444 4 44470 59 44537 16 44605 2 44648 7 44684 1 44700 4 44727 57 44793 17 44903 10 44957 2 44983 56 45050 16 45159 16 45239 55 45312 10 45411 22 45457 3 45494 54 45568 10 45648 1 45667 23 45713 3 45750 54 45824 9 45899 8 45922 27 45968 3 46005 54 46080 9 46153 11 46177 28 46224 3 46261 30 46293 22 46336 9 46409 12 46432 30 46519 26 46551 20 46592 9 46665 12 46687 32 46776 23 46808 19 46848 8 46921 13 46939 36 47034 20 47075 6 47104 7 47177 54 47291 18 47333 1 47360 7 47433 54 47548 17 47616 7 47689 54 47805 15 47872 6 47947 51 48009 1 48062 13 48128 5 48204 49 48265 2 48319 12 48384 5 48461 48 48521 2 48577 8 48640 5 48717 48 48777 2 48833 7 48896 5 48973 47 49152 5 49229 47 49408 4 49477 54 49664 4 49733 54 49920 4 49987 56 50176 5 50241 58 50432 5 50496 59 50688 5 50752 59 50944 6 50957 6 51007 64 51167 4 51200 7 51212 9 51262 69 51423 4 51456 8 51465 15 51515 75 51680 3 51712 8 51721 16 51770 76 51936 3 51968 31 52021 82 52193 2 52224 31 52276 84 52449 2 52480 32 52531 85 52706 1 52736 32 52787 85 52993 31 53040 88 53250 30 53297 86 53507 29 53554 85 53763 29 53809 64 53876 18 54020 28 54064 63 54131 18 54276 28 54319 62 54387 18 54531 29 54574 63 54643 18 54787 29 54829 63 54898 20 55043 29 55085 63 55153 22 55299 29 55341 64 55409 24 55555 29 55597 94 55811 29 55854 93 56067 30 56110 94 56323 30 56367 93 56579 32 56622 94 56834 33 56877 95 57089 36 57131 97 57344 37 57387 97 57600 37 57642 99 57856 37 57897 100 58112 36 58153 99 58281 2 58368 35 58409 97 58528 3 58535 6 58598 8 58624 35 58665 95 58777 20 58849 15 58880 35 58919 96 59031 22 59103 18 59136 135 59286 24 59357 20 59392 65 59459 68 59542 24 59612 21 59648 65 59715 68 59797 25 59865 24 59904 64 59971 68 60053 24 60121 24 60160 136 60309 24 60376 24 60416 137 60565 24 60631 25 60672 137 60822 21 60887 24 60928 138 61079 20 61143 24 61184 139 61335 18 61399 23 61440 139 61591 18 61656 22 61696 141 61848 15 61912 21 61952 141 62104 14 62169 20 62208 141 62361 12 62423 23 62464 141 62617 10 62677 25 62720 141 62874 7 62933 26 62976 141 63131 5 63188 27 63232 52 63292 69 63362 12 63443 28 63488 52 63549 81 63700 27 63744 48 63813 74 63957 8 63968 15 64000 47 64071 52 64125 18 64213 6 64225 15 64256 47 64325 74 64481 18 64512 47 64581 74 64737 18 64768 46 64837 74 64993 19 65024 45 65092 74 65253 15 65280 45 65336 6 65348 34 65384 37 65511 14
271746,3500 2 3755 4 4010 5 4265 6 8433 2 8687 4 8943 4 9199 4 9457 2 9714 1 9969 2 10223 6 10479 6 10736 6 10992 7 11249 6 11505 5 12779 7 13035 8 13289 10 13544 11 13799 12 14055 12 14312 11 14569 10 14825 10 15081 10 15337 10 15594 9 15851 6 16107 6 22016 1 30180 3 30436 7 30691 8 30947 8 31203 8 31459 8 31717 5 31974 3 42743 4 42998 6 43254 6 43509 6 43765 6 44022 3 44279 1 45543 4 45799 5 46054 8 46310 9 46565 10 46821 11 47064 7 47076 12 47319 9 47331 13 47574 11 47587 12 47831 10 47843 12 47872 4 48090 7 48099 10 48128 5 48347 6 48357 8 48384 4 48603 6 48617 1 48640 4 48859 6 48896 4 49061 2 49115 4 49152 3 49317 2 49372 1 49408 1 49574 1 49664 1 50135 2 50218 5 50340 1 50389 5 50473 8 50644 7 50729 9 50900 7 50985 10 51155 8 51241 10 51411 8 51497 10 51668 7 51753 10 51925 5 52010 8 52267 7 52525 4 53247 1 53501 3 53753 7 54009 7 54263 9 54519 9 54773 11 55029 11 55285 11 55541 11 55796 12 56052 12 56307 13 56563 13 56820 12 57077 11 57336 8 57593 7 57602 1 57856 4 58112 6 58368 8 58624 9 58880 10 59136 11 59392 11 59648 12 59904 12 60160 12 60416 12 60672 12 60928 12 61184 11 61440 11 61696 11 61893 4 61952 10 62143 2 62148 6 62208 9 62399 2 62406 4 62464 9 62655 2 62662 4 62720 7 62911 2 65425 1
274444,0 44436 44441 251 44698 249 44954 249 45210 249 45466 249 45722 248 45977 248 46233 246 46488 246 46744 245 46999 245 47255 244 47511 244 47768 243 48025 242 48281 242 48540 239 48799 235 49057 233 49313 232 49569 232 49825 232 50081 231 50337 230 50592 231 50847 231 51103 230 51359 230 51615 230 51871 230 52127 229 52383 229 52639 229 52895 229 53150 230 53406 99 53508 129 53662 98 53764 7 53774 119 53917 99 54022 4 54031 118 54171 101 54279 2 54288 117 54427 101 54535 2 54544 117 54681 103 54791 2 54800 117 54937 103 55048 1 55055 117 55183 4 55191 105 55309 119 55438 6 55447 105 55564 119 55693 9 55703 105 55820 119 55948 10 55959 105 56077 117 56203 11 56217 103 56333 116 56458 11 56473 103 56590 115 56714 118 56847 114 56970 118 57104 113 57226 118 57362 112 57482 118 57619 111 57738 118 57875 112 57994 118 58133 110 58251 117 58389 110 58507 117 58645 110 58765 115 58901 110 59023 113 59157 110 59280 112 59413 110 59536 112 59669 109 59793 111 59926 108 60049 111 60183 108 60304 112 60439 110 60560 112 60695 114 60814 114 60951 233 61207 233 61463 233 61719 233 61975 233 62230 234 62486 234 62741 170 62916 60 62997 167 63173 59 63254 165 63429 59 63511 165 63685 59 63768 169 63941 59 64025 231 64281 231 64537 231 64793 231 65049 231 65305 231
280079,0 65536
283388,14 223 270 224 526 225 782 225 1015 1 1039 226 1271 2 1295 229 1526 6 1551 237 1807 232 2041 3 2063 232 2298 3 2321 230 2577 230 2815 1 2835 232 3071 1 3092 232 3326 2 3357 8 3369 215 3613 8 3625 215 3881 215 4138 214 4395 213 4651 213 4907 80 4991 129 5164 78 5248 128 5421 73 5505 127 5677 72 5762 126 5933 72 6019 125 6189 71 6275 125 6417 9 6446 69 6531 125 6672 11 6703 32 6742 29 6788 124 6927 22 6961 29 7001 24 7045 123 7183 23 7218 29 7257 23 7301 123 7437 26 7474 29 7514 17 7557 105 7667 13 7693 27 7730 29 7770 16 7814 103 7922 14 7945 31 7985 30 8027 14 8071 100 8177 15 8200 32 8241 30 8283 13 8328 99 8433 15 8453 36 8494 33 8541 8 8587 94 8690 14 8708 38 8749 34 8844 91 8947 13 8963 76 9101 88 9204 12 9219 76 9357 87 9461 11 9474 77 9614 84 9721 7 9730 77 9871 82 9977 7 9986 79 10093 5 10128 79 10237 3 10242 17 10260 61 10349 6 10385 77 10494 2 10499 7 10508 69 10604 7 10640 77 10751 1 10756 3 10767 66 10860 7 10895 77 11025 64 11116 13 11151 76 11282 62 11373 13 11407 76 11539 10 11553 44 11630 13 11662 75 11795 9 11809 39 11889 10 11918 74 12032 1 12051 8 12069 34 12147 12 12176 6 12186 61 12288 1 12307 8 12327 32 12403 14 12444 57 12544 7 12563 8 12585 7 12596 18 12659 14 12701 53 12800 7 12821 5 12843 2 12853 16 12915 14 12957 52 13056 9 13109 15 13172 13 13213 44 13262 2 13312 9 13365 14 13429 12 13470 42 13568 9 13621 12 13685 12 13726 38 13824 10 13877 11 13942 11 13982 37 14069 4 14080 10 14135 5 14199 10 14239 38 14323 9 14336 10 14455 10 14495 40 14578 11 14592 10 14711 9 14753 43 14834 12 14848 10 14967 9 15011 42 15064 3 15089 13 15104 9 15224 7 15280 15 15296 15 15317 7 15345 14 15360 9 15479 8 15541 8 15552 17 15571 10 15601 14 15616 7 15733 10 15798 5 15808 32 15857 14 15872 7 15989 10 16054 4 16063 34 16113 14 16128 7 16171 4 16245 11 16309 6 16319 35 16369 22 16427 4 16501 12 16564 8 16575 36 16625 22 16682 6 16757 12 16819 48 16881 21 16937 7 17013 12 17075 48 17137 20 17193 8 17269 13 17331 49 17393 6 17404 9 17449 8 17525 13 17587 49 17649 5 17661 4 17706 6 17780 15 17843 50 17919 1 17962 6 18036 15 18099 50 18292 15 18355 50 18548 15 18612 49 18805 14 18831 6 18869 48 19061 14 19087 6 19126 47 19317 14 19342 8 19385 4 19394 35 19574 12 19598 12 19651 34 19831 11 19854 17 19908 34 20087 11 20110 18 20165 33 20344 9 20366 20 20420 34 20601 6 20621 22 20676 34 20877 22 20932 34 21133 23 21163 3 21187 35 21389 24 21418 6 21443 36 21645 24 21674 7 21699 36 21901 25 21929 9 21955 38 22157 25 22185 10 22211 38 22414 25 22440 11 22467 39 22583 3 22671 36 22723 40 22837 7 22928 35 22980 39 23093 8 23185 24 23210 9 23237 38 23349 8 23445 20 23467 8 23493 38 23605 8 23701 19 23723 8 23749 38 23862 7 23961 13 24005 38 24118 7 24225 3 24261 37 24375 6 24518 36 24632 5 24775 35 25032 34 25288 34 25545 33 25801 33 25860 5 26058 31 26115 7 26315 30 26369 12 26573 27 26624 13 26831 24 26880 15 27089 21 27136 15 27169 6 27346 19 27392 15 27423 9 27605 16 27648 15 27679 10 27861 15 27904 15 27934 11 28119 13 28160 15 28189 13 28376 11 28416 17 28445 13 28595 4 28635 6 28672 19 28701 13 28850 6 28928 20 28958 12 29105 8 29184 20 29215 11 29360 9 29440 21 29472 9 29615 10 29696 21 29728 9 29871 10 29952 21 30126 11 30208 22 30382 11 30464 23 30638 11 30720 23 30894 10 30977 22 31151 8 31234 22 31408 6 31493 7 31505 8 31763 6 32021 4 32277 5 32533 6 32789 6 33045 6 33302 5 33559 3 33815 3 38310 4 38563 8 38816 11 38849 2 39052 6 39070 13 39104 5 39307 11 39323 17 39359 6 39564 11 39579 18 39615 6 39821 35 39869 8 40077 38 40125 8 40333 40 40381 8 40589 40 40637 8 40845 42 40893 9 41099 46 41149 9 41354 50 41405 10 41609 62 41863 64 42119 64 42373 66 42629 66 42697 1 42885 69 43141 68 43233 7 43397 68 43487 13 43651 68 43743 14 43901 72 43998 17 44157 72 44253 18 44412 72 44509 18 44667 72 44765 19 44923 72 45021 19 45179 72 45277 19 45436 69 45533 20 45589 2 45693 68 45789 19 45843 6 45949 68 46046 17 46098 7 46205 68 46302 17 46353 8 46461 68 46559 12 46609 8 46716 69 46815 9 46865 8 46971 70 47072 4 47121 7 47226 71 47329 2 47378 3 47481 76 47562 9 47737 91 47993 92 48249 69 48320 21 48505 94 48760 95 49016 97 49272 98 49528 99 49784 100 50041 100 50297 102 50404 1 50552 105 50659 4 50808 113 51063 116 51318 117 51573 118 51829 119 52085 120 52341 120 52597 120 52854 119 53111 118 53372 113 53629 112 53885 112 54143 110 54399 110 54656 108 54913 106 55171 104 55428 102 55687 10 55710 75 55944 7 55969 72 56226 72 56483 71 56738 74 56819 3 56993 86 57113 8 57249 88 57368 11 57505 88 57623 14 57761 89 57879 14 58017 90 58133 16 58273 90 58388 17 58530 89 58643 18 58787 88 58899 18 59044 87 59154 19 59303 85 59410 18 59565 80 59666 17 59823 79 59922 17 60080 79 60178 17 60337 79 60434 16 60466 4 60594 78 60691 14 60719 8 60851 77 60947 14 60974 9 61108 76 61205 10 61228 12 61366 74 61461 10 61484 13 61623 73 61739 14 61880 72 61995 14 62137 71 62250 16 62395 69 62506 16 62535 3 62652 68 62763 15 62790 6 62911 65 63019 15 63045 7 63168 64 63275 16 63301 8 63426 62 63531 34 63681 63 63788 33 63937 63 64044 33 64193 63 64300 34 64449 63 64557 34 64705 63 64813 34 64961 63 65070 33 65218 62 65331 2 65335 24 65475 61
283877,208 11 237 19 465 8 494 18 721 8 751 17 979 4 1008 16 1264 16 1521 15 1778 14 1985 4 2035 13 2241 5 2291 13 2495 8 2548 12 2751 8 2804 12 3007 8 3061 11 3263 7 3317 11 3520 5 3575 9 3777 2 3831 9 4087 9 4343 9 4600 8 4857 7 5114 6 5371 5 5629 3 5887 1 22272 4 22528 5 22784 5 23040 5 23296 6 23552 7 23808 7 24064 7 24320 7 24576 7 24832 6 25033 4 25088 5 25289 4 25544 6 25801 5 26057 5 26313 4 31386 5 31600 5 31639 10 31854 8 31895 10 32107 12 32149 14 32362 15 32405 14 32617 18 32661 14 32873 18 32916 16 33127 20 33171 18 33383 21 33427 20 33454 1 33638 23 33683 29 33893 24 33939 29 34148 26 34195 30 34403 27 34451 30 34659 27 34707 32 34771 5 34915 28 34963 32 35027 6 35171 28 35219 32 35281 9 35427 28 35475 32 35536 11 35683 28 35731 33 35791 12 35939 28 35987 33 36047 12 36194 29 36242 38 36303 12 36449 29 36497 40 36559 12 36705 28 36753 42 36815 11 36961 27 37009 42 37071 10 37218 23 37265 42 37327 10 37474 23 37521 42 37584 9 37732 18 37777 43 37841 7 37989 16 38033 43 38097 6 38251 7 38289 44 38545 44 38802 44 39058 43 39315 42 39571 42 39827 8 39839 28 40083 6 40097 26 40342 1 40354 24 40610 23 40866 10 40880 7 41122 9 41378 9 41634 9 41891 6 42148 4 43018 3 43273 6 43401 2 43422 3 43529 6 43657 3 43677 4 43783 8 43912 5 43933 5 44039 8 44168 5 44189 6 44294 9 44424 5 44445 5 44550 8 44681 4 44701 5 44807 6 44937 1 45064 3 46029 4 46283 7 46537 10 46789 14 47040 20 47295 21 47549 24 47602 6 47805 24 47857 8 48059 25 48109 16 48314 26 48365 17 48569 27 48620 19 48824 27 48876 20 49079 28 49131 21 49336 27 49388 20 49593 27 49645 19 49849 26 49901 19 50067 2 50107 24 50158 18 50321 4 50363 24 50414 18 50575 6 50620 21 50671 17 50831 6 50876 19 50927 17 51082 11 51133 16 51184 16 51337 11 51389 15 51439 17 51591 9 51645 14 51695 17 51847 8 51901 13 51951 17 52103 7 52115 4 52159 8 52207 17 52359 7 52371 7 52415 6 52463 17 52617 4 52626 11 52718 18 52882 12 52974 18 53137 14 53229 18 53390 19 53486 16 53645 22 53743 11 53901 23 54000 9 54156 25 54257 6 54411 26 54515 3 54668 26 54924 26 55181 25 55437 25 55693 26 55949 26 56205 26 56461 26 56718 24 56889 3 56975 22 57142 7 57234 7 57397 9 57652 11 57907 13 58163 14 58419 14 58437 2 58675 22 58931 22 59187 24 59443 24 59700 24 59956 24 60159 1 60212 25 60415 1 60468 25 60671 1 60723 26 60927 1 60979 26 61019 1 61234 28 61271 7 61490 28 61523 12 61745 46 62001 47 62257 48 62513 48 62769 48 63025 48 63281 26 63311 19 63537 26 63567 19 63793 18 63816 1 63823 18 64049 18 64080 17 64305 16 64337 16 64561 14 64593 15 64818 12 64850 13 65074 11 65106 13 65331 8 65363 12
291134,0 65536
293458,149 41 405 40 662 39 919 38 1175 37 1430 38 1685 38 1940 39 2195 20 2219 15 2449 22 2476 10 2598 1 2698 3 2703 24 2733 5 2853 4 2952 33 2989 2 3109 5 3207 41 3365 7 3454 5 3461 43 3620 8 3709 52 3876 8 3956 62 4132 7 4211 63 4389 6 4440 5 4466 65 4645 5 4695 6 4722 65 4928 3 4950 8 4977 66 5182 6 5206 8 5233 66 5437 8 5461 10 5489 11 5507 49 5692 9 5717 9 5745 11 5761 52 5947 10 5971 10 6002 11 6015 60 6123 6 6203 10 6227 10 6258 73 6377 8 6458 12 6482 11 6515 73 6631 10 6713 14 6737 12 6771 73 6887 10 6969 14 6991 14 7028 73 7143 9 7225 15 7247 14 7283 74 7419 5 7479 38 7539 74 7672 8 7735 38 7795 75 7927 9 7991 38 8051 75 8182 10 8247 38 8307 75 8437 11 8504 37 8562 77 8687 3 8691 13 8761 36 8818 77 8941 19 9017 37 9073 20 9095 55 9195 21 9273 39 9329 20 9352 54 9451 21 9529 42 9584 20 9610 50 9705 23 9785 42 9840 20 9867 47 9961 23 10041 44 10096 19 10131 32 10213 27 10297 44 10353 18 10389 22 10413 5 10467 29 10553 45 10609 18 10652 11 10721 31 10810 44 10866 16 10910 7 10977 31 11067 44 11122 15 11232 32 11323 44 11376 17 11487 33 11580 45 11629 20 11743 33 11836 45 11883 22 11999 33 12093 42 12138 23 12255 33 12349 41 12394 23 12511 33 12606 39 12650 23 12767 33 12863 38 12906 23 13023 33 13087 4 13097 4 13119 37 13162 23 13211 2 13279 33 13342 7 13351 12 13375 37 13417 21 13439 3 13465 4 13535 33 13587 5 13594 28 13633 35 13673 18 13696 3 13721 4 13792 32 13842 37 13895 29 13928 17 13952 3 13977 4 14048 32 14098 37 14151 28 14183 18 14209 4 14273 2 14305 31 14354 38 14408 27 14439 16 14465 8 14529 2 14562 30 14610 38 14665 24 14695 15 14721 12 14785 2 14804 6 14819 29 14866 38 14921 24 14952 13 14977 12 15041 2 15059 8 15076 28 15123 38 15181 18 15209 11 15233 12 15297 2 15313 12 15335 25 15379 38 15445 8 15465 10 15489 12 15569 13 15592 24 15635 20 15660 14 15721 10 15743 14 15823 17 15850 22 15891 16 15917 14 15977 9 15999 14 16077 20 16107 21 16147 14 16175 12 16233 7 16251 18 16331 25 16365 19 16403 13 16431 12 16490 5 16506 19 16586 26 16621 19 16659 13 16689 11 16747 1 16761 19 16841 28 16878 18 16915 13 16946 11 17017 18 17096 29 17134 18 17172 12 17204 9 17273 16 17351 32 17389 19 17429 10 17461 8 17529 14 17606 33 17641 23 17687 8 17719 6 17787 5 17861 59 17944 7 17975 6 18043 2 18117 59 18370 62 18625 63 18879 65 19134 66 19389 64 19645 62 19899 62 20155 62 20411 61 20667 60 20923 60 21179 61 21279 4 21436 61 21534 6 21693 60 21788 10 21950 59 22043 11 22207 58 22300 10 22463 58 22556 9 22719 57 22813 7 22975 57 23070 3 23231 57 23488 55 23744 55 24001 54 24185 2 24258 52 24440 5 24515 50 24695 6 24772 48 24950 8 25029 46 25197 6 25204 10 25285 46 25451 19 25542 43 25706 21 25799 41 25956 29 26057 36 26211 30 26314 33 26465 34 26571 24 26720 35 26827 17 26975 36 27083 15 27231 37 27340 12 27486 39 27597 6 27742 39 27854 5 27997 41 28253 42 28509 42 28765 42 29021 42 29277 42 29533 43 29789 43 30045 43 30301 43 30557 43 30814 42 31071 41 31328 40 31571 4 31586 38 31827 6 31843 37 32080 13 32099 36 32335 15 32356 35 32589 20 32613 32 32844 21 32870 10 32882 17 33099 22 33139 10 33355 22 33395 9 33611 22 33652 5 33867 22 34125 20 34382 18 34641 14 34898 9 34909 2 35155 7 35411 6
295041, 
303895,0 33536 33537 255 33803 245 34065 239 34322 238 34587 229 34847 225 35108 220 35367 217 35626 214 35885 211 36148 204 36406 202 36668 196 36927 193 37191 185 37450 182 37710 178 37970 174 38232 168 38492 164 38754 158 39011 157 39272 152 39533 147 39797 139 40055 137 40317 131 40577 127 40839 121 41097 119 41359 113 41619 109 41884 100 42143 97 42404 92 42666 86 42926 82 43187 77 43447 73 43705 71 43965 67 44225 63 44487 57 44745 55 45009 47 45267 45 45530 38 45789 35 46051 29 46310 26 46571 21 46829 19 47089 15 47350 10 47610 6 47867 5 48125 3 48382 2 48639 1
304629,0 13311 13312 255 13568 255 13824 254 14080 249 14336 248 14592 248 14848 248 15104 249 15360 249 15616 241 15862 3 15872 240 16119 2 16128 240 16384 240 16634 5 16640 240 16890 247 17146 5 17152 241 17402 5 17408 241 17659 3 17664 240 17920 237 18176 235 18432 235 18688 234 18938 1 18944 233 19194 1 19200 231 19450 1 19456 230 19706 1 19712 229 19968 227 20224 227 20480 227 20736 225 20992 223 21248 221 21479 1 21504 220 21735 1 21760 219 22016 219 22272 219 22516 7 22528 218 22766 2 22771 8 22784 215 23021 15 23040 214 23277 15 23296 214 23536 13 23552 215 23789 16 23808 223 24043 18 24064 223 24297 20 24320 225 24552 21 24576 226 24807 22 24832 252 25088 251 25344 251 25600 251 25856 250 26112 250 26368 250 26624 250 26880 251 27134 254 27389 16659 44049 209 44259 42 44309 205 44515 42 44566 203 44771 42 44823 246 45079 247 45335 213 45550 32 45592 211 45807 31 45849 210 46065 30 46105 209 46321 29 46361 208 46578 8 46589 17 46616 209 46835 6 46845 17 46872 208 47092 4 47102 15 47127 209 47347 5 47359 13 47383 198 47584 8 47602 6 47616 11 47638 199 47840 8 47858 6 47872 10 47893 207 48101 3 48114 5 48128 9 48149 206 48358 2 48370 1 48384 9 48404 208 48615 1 48640 9 48659 209 48896 8 48915 209 49152 8 49171 213 49408 9 49427 214 49664 9 49683 214 49920 9 49939 214 50176 9 50196 213 50432 10 50452 213 50688 10 50708 213 50944 10 50965 212 51200 11 51221 212 51456 11 51477 200 51679 9 51700 5 51712 11 51733 200 51935 8 51956 5 51968 13 51988 203 52192 6 52211 5 52224 16 52241 206 52449 4 52467 4 52480 223 52723 4 52736 25 52765 194 52979 8 52992 25 53023 192 53235 8 53248 25 53279 192 53492 7 53504 25 53535 193 53748 7 53760 26 53789 195 54005 6 54016 222 54264 3 54272 221 54521 2 54528 222 54784 222 55040 223 55296 223 55552 223 55808 40 55849 182 56064 38 56107 182 56320 36 56363 182 56576 33 56619 182 56832 33 56875 181 57087 34 57130 182 57343 34 57385 183 57599 34 57639 186 57856 33 57894 187 58112 33 58148 189 58368 34 58404 187 58593 1 58624 223 58880 223 59136 223 59392 221 59648 220 59879 2 59904 219 60135 3 60158 220 60391 4 60412 221 60648 4 60667 222 60905 5 60921 224 61162 10 61173 227 61421 235 61677 234 61935 232 62191 232 62448 231 62705 230 62961 230 63218 229 63475 228 63731 228 63971 4 63987 228 64227 4 64243 228 64478 11 64495 232 64733 12 64748 235 64988 251 65244 251 65499 37
305222,0 65536
308936,0 26173 26175 198 26377 51 26431 198 26633 51 26687 198 26889 252 27144 1454 28604 68 28674 179 28861 67 28932 177 29123 61 29189 176 29379 61 29445 176 29635 61 29701 177 29891 61 29957 178 30147 61 30213 178 30403 61 30469 178 30660 60 30724 179 30915 61 30979 181 31171 61 31235 182 31427 61 31491 182 31683 61 31745 184 31939 246 32193 248 32449 248 32703 250 32959 250 33215 32 33250 216 33471 251 33727 252 33983 252 34240 251 34496 252 34752 252 35008 1575 36584 253 36840 254 37096 247 37348 251 37603 6 37611 242 37859 6 37880 229 38115 6 38136 229 38372 9 38392 228 38628 10 38648 228 38884 12 38905 228 39140 13 39161 248 39417 248 39674 248 39931 247 40188 245 40444 245 40701 242 40957 241 41214 238 41472 237 41728 237 41984 237 42240 238 42496 238 42752 239 43008 239 43264 239 43508 5 43520 239 43763 10 43776 255 44032 20199 64235 249 64491 247 64747 240 65003 239 65260 237 65517 19
315120,0 7143 7147 252 7403 220 7627 252 7885 238 8125 9 8145 234 8382 8 8403 229 8635 10 8658 229 8891 10 8914 227 9147 9 9169 228 9403 9 9425 227 9661 7 9673 235 9917 7 9928 236 10172 8 10182 238 10427 8 10437 239 10682 249 10939 248 11194 249 11447 252 11701 53835
317877,1573 2 1825 9 2080 11 2335 15 2591 18 2847 20 3103 20 3359 21 3615 21 3871 20 4127 20 4385 3 4394 5 7207 4 7461 6 7717 7 7971 10 8227 14 8482 19 8737 20 8993 21 9248 22 9503 22 9759 22 10015 23 10271 23 10526 25 10782 26 11037 27 11293 27 11549 27 11805 26 12063 24 12319 24 12575 24 12831 25 13085 28 13341 28 13596 31 13852 31 14109 30 14365 31 14622 29 14880 1 14884 23 15142 20 15399 19 15658 15 15915 13 16174 8 16516 3 16771 5 17026 6 17281 8 17537 8 17793 8 18049 8 18307 4 19807 6 19910 3 20039 4 20063 6 20166 4 20285 14 20316 11 20422 4 20541 15 20571 12 20678 4 20794 22 20818 22 20935 2 21040 1 21049 48 21295 4 21303 50 21550 6 21559 50 21805 60 22061 61 22318 59 22575 58 22833 56 23089 55 23345 53 23601 53 23807 1 23858 51 24060 4 24115 50 24315 5 24372 49 24565 1 24569 7 24629 48 24818 14 24887 46 25073 16 25143 46 25329 19 25401 43 25585 19 25657 43 25841 20 25915 40 26097 12 26112 5 26172 39 26313 3 26353 12 26368 5 26428 39 26569 4 26609 10 26624 5 26685 38 26825 4 26866 9 26880 4 26941 12 26954 3 26959 20 27123 6 27136 3 27197 12 27211 2 27215 21 27379 6 27392 2 27452 13 27467 1 27471 22 27648 1 27710 10 27727 22 27971 2 27983 22 28239 21 28489 24 28745 20 28999 20 29253 22 29508 23 29764 23 30019 25 30063 6 30275 25 30317 10 30531 27 30570 14 30787 28 30825 16 31043 30 31080 19 31299 31 31335 20 31554 58 31809 59 32063 62 32319 62 32575 62 32831 62 33087 20 33111 37 33343 19 33367 38 33600 15 33623 38 33857 8 33866 2 33879 38 34135 39 34391 13 34405 25 34647 12 34661 25 34903 39 35159 38 35415 38 35671 38 35927 38 36182 39 36438 38 36694 39 36950 39 37005 5 37205 43 37258 9 37461 46 37509 14 37717 63 37973 64 38227 66 38480 70 38733 74 38989 75 39244 77 39442 3 39500 78 39693 10 39756 79 39948 11 40012 81 40204 10 40270 79 40460 10 40529 76 40716 9 40787 75 40972 9 41043 76 41228 7 41300 75 41484 7 41557 75 41739 6 41815 73 41995 5 42071 73 42251 4 42327 73 42507 4 42583 72 42832 2 42839 72 43085 8 43095 71 43338 83 43593 84 43849 10 43863 69 44031 1 44104 11 44120 67 44285 3 44360 11 44377 66 44536 8 44616 11 44633 66 44790 10 44872 11 44889 66 44964 6 45043 13 45128 11 45144 67 45219 8 45299 13 45384 13 45400 67 45474 11 45545 23 45640 13 45655 72 45728 13 45801 23 45897 100 46055 25 46153 39 46193 61 46311 25 46410 101 46567 25 46667 100 46822 26 46923 35 46959 65 47078 26 47179 34 47215 65 47333 27 47435 33 47471 66 47589 27 47691 32 47727 66 47845 27 47948 31 47983 67 48100 28 48204 31 48239 67 48356 28 48461 28 48495 70 48612 28 48717 28 48751 71 48868 28 48974 27 49007 74 49125 27 49231 26 49263 74 49381 10 49392 16 49487 25 49520 75 49639 6 49649 14 49743 26 49776 77 49873 2 49897 2 49905 13 50000 25 50032 80 50128 7 50163 7 50256 25 50287 82 50383 10 50419 5 50513 24 50543 84 50630 21 50657 4 50769 24 50799 119 51026 23 51054 121 51282 23 51310 122 51539 22 51566 66 51635 54 51795 22 51822 65 51892 53 52051 22 52079 64 52149 53 52307 22 52335 63 52405 53 52562 23 52591 62 52661 54 52818 23 52846 63 52917 55 53073 24 53102 54 53159 6 53173 8 53184 45 53329 24 53358 63 53429 57 53584 25 53614 66 53686 57 53840 25 53871 66 53943 56 54096 25 54127 68 54202 53 54352 24 54383 68 54459 52 54609 24 54639 68 54714 52 54865 24 54895 68 54970 52 55121 24 55152 67 55225 52 55377 24 55409 66 55481 52 55633 24 55665 66 55735 53 55814 3 55888 26 55922 65 55991 53 56064 12 56143 27 56178 64 56247 52 56320 13 56399 27 56434 63 56502 53 56576 13 56653 29 56689 64 56759 50 56832 13 56909 29 56944 66 57015 50 57088 12 57164 31 57199 67 57271 48 57344 12 57420 31 57455 68 57527 46 57600 11 57677 30 57711 68 57783 44 57856 11 57933 30 57967 68 58039 42 58112 11 58189 147 58368 10 58446 144 58624 10 58703 141 58880 10 58959 140 59136 9 59215 140 59392 9 59471 140 59648 9 59727 139 59904 9 59983 139 60160 10 60240 103 60347 30 60416 10 60496 103 60603 30 60672 9 60752 103 60859 32 60928 9 61009 32 61044 67 61116 31 61184 9 61271 26 61301 35 61342 24 61374 5 61383 22 61440 8 61527 12 61543 10 61558 33 61599 24 61633 1 61641 20 61696 6 61779 14 61815 30 61857 22 61903 14 61952 5 62035 5 62042 6 62073 27 62114 21 62160 13 62291 13 62329 27 62371 20 62417 9 62546 14 62586 25 62627 20 62674 6 62802 14 62843 25 62885 18 63058 15 63099 27 63141 18 63314 16 63354 31 63397 18 63570 17 63610 31 63654 16 63825 18 63865 34 63911 14 64081 18 64121 34 64169 12 64320 6 64337 18 64359 4 64377 34 64428 7 64575 8 64593 18 64613 7 64633 34 64687 3 64831 8 64849 18 64869 8 64890 19 64913 10 65087 9 65106 17 65125 8 65146 17 65169 10 65343 9 65363 14 65381 8 65404 15 65426 9
326172,0 65536
331069,27 22 59 62 127 8 144 8 162 17 187 69 282 23 315 62 403 2 419 15 443 47 491 21 538 23 571 62 676 13 699 47 748 20 792 24 827 62 933 12 955 69 1048 23 1084 61 1190 11 1211 69 1303 18 1341 59 1449 8 1467 69 1559 18 1598 59 1709 5 1723 69 1814 20 1855 58 1927 3 1965 6 1978 70 2069 22 2112 57 2181 6 2221 83 2325 24 2351 7 2369 57 2434 11 2477 83 2581 34 2626 57 2688 15 2733 83 2836 37 2883 80 2988 84 3079 5 3092 39 3139 80 3243 79 3323 19 3346 43 3395 83 3498 79 3584 15 3602 45 3650 15 3671 63 3753 73 3829 4 3840 75 3929 60 4009 71 4086 6 4096 73 4186 59 4265 71 4343 6 4352 75 4442 59 4521 72 4598 9 4608 77 4698 59 4777 73 4854 94 4954 59 5032 134 5167 38 5209 60 5289 132 5424 101 5545 132 5681 100 5800 134 5939 98 6056 134 6195 43 6241 52 6312 134 6451 43 6498 18 6518 31 6568 134 6707 43 6755 16 6775 30 6823 135 6963 43 7012 14 7034 27 7079 135 7218 45 7268 14 7292 25 7336 133 7474 47 7524 14 7551 22 7592 133 7730 47 7780 14 7807 22 7848 133 7986 65 8065 18 8105 132 8242 65 8321 15 8361 132 8497 68 8617 132 8751 70 8872 133 9007 72 9127 210 9383 216 9639 216 9895 217 10152 216 10408 221 10665 222 10923 222 11180 221 11437 126 11564 95 11693 126 11820 95 11949 222 12204 224 12459 226 12715 228 12947 10 12972 242 13229 242 13486 244 13743 245 13999 245 14255 245 14512 245 14767 247 15020 45 15072 79 15154 167 15331 76 15411 166 15587 76 15667 166 15843 76 15923 166 16099 77 16177 167 16355 245 16611 246 16867 249 17118 3873 20992 255 21248 255 21504 255 21760 255 22016 255 22272 255 22528 255 22784 255 23040 254 23296 169 23469 80 23552 164 23717 3 23725 79 23808 129 23945 2 23949 22 23984 74 24064 129 24208 18 24241 72 24320 126 24465 16 24499 68 24576 125 24722 15 24756 65 24832 124 24978 15 25013 63 25088 62 25153 58 25234 15 25269 63 25344 60 25411 55 25489 16 25526 62 25600 60 25667 46 25716 5 25745 16 25782 62 25856 60 25923 45 25999 16 26039 61 26112 60 26179 45 26255 15 26295 61 26368 59 26433 47 26494 1 26511 14 26552 5 26561 50 26624 59 26689 47 26747 7 26767 13 26818 49 26880 59 26943 50 27002 9 27023 12 27075 47 27136 59 27199 50 27257 12 27279 12 27330 48 27392 59 27456 50 27509 17 27536 12 27585 48 27648 10 27661 46 27712 71 27791 14 27841 48 27907 4 27921 34 27969 8 27984 59 28045 18 28095 49 28163 4 28179 30 28225 7 28241 78 28351 48 28421 2 28435 29 28481 9 28497 79 28605 49 28677 1 28691 28 28737 9 28754 79 28861 48 28946 25 28993 10 29010 79 29117 47 29201 24 29249 10 29266 79 29372 47 29457 20 29505 12 29522 80 29627 36 29713 19 29761 13 29777 82 29883 35 29952 1 29970 17 30018 97 30141 31 30208 2 30226 17 30275 96 30397 30 30464 2 30483 15 30530 98 30645 34 30720 2 30739 15 30785 99 30899 36 30976 4 30983 10 30997 12 31040 100 31153 36 31215 5 31232 19 31253 11 31295 101 31407 38 31469 8 31488 20 31514 1 31550 103 31659 42 31713 21 31744 20 31806 105 31914 42 31968 22 32000 20 32061 150 32223 26 32251 25 32317 150 32478 54 32573 149 32733 55 32829 148 32989 55 33085 147 33243 57 33341 147 33499 57 33598 145 33754 58 33855 144 34009 60 34095 6 34111 146 34263 63 34350 9 34368 145 34517 64 34604 11 34625 212 34859 13 34877 3 34884 209 35114 23 35142 206 35369 26 35397 206 35625 234 35881 69 35953 45 36001 95 36099 14 36137 70 36210 44 36257 95 36365 2 36393 70 36467 43 36513 95 36649 117 36769 100 36905 117 37024 103 37161 116 37280 106 37416 117 37535 109 37667 121 37790 111 37921 123 38046 113 38173 126 38304 111 38429 124 38560 111 38685 123 38817 111 38941 110 39056 7 39072 112 39196 109 39328 113 39452 109 39583 114 39707 107 39839 115 39963 107 40094 117 40218 109 40350 119 40474 110 40605 144 40751 93 40861 241 41117 243 41374 8 41387 4 41397 222 41631 6 41643 4 41653 224 41900 3 41907 226 42156 233 42415 230 42671 229 42925 230 43168 239 43421 242 43677 241 43932 241 44187 244 44442 246 44698 247 44952 249 45207 105 45315 144 45461 107 45570 1801 47374 251 47630 249 47885 250 48141 249 48396 250 48652 250 48908 244 49154 4 49163 245 49413 1 49419 245 49669 1 49675 245 49932 244 50188 244 50445 243 50702 242 50959 241 51216 240 51474 238 51731 237 51988 236 52245 235 52502 234 52759 233 53015 233 53272 232 53529 231 53785 231 54035 4 54041 231 54289 6 54297 231 54530 2 54545 7 54553 231 54785 4 54800 248 55055 251 55310 10 55324 251 55585 246 55842 247 56101 244 56359 242 56618 240 56874 241 57131 240 57387 241 57642 243 57896 245 58148 251 58401 282 58687 251 58943 250 59200 249 59457 191 59649 57 59713 191 59906 57 59970 190 60162 57 60227 189 60418 57 60483 189 60674 59 60739 189 60930 60 60995 189 61186 254 61442 254 61698 254 61954 101 62059 149 62211 99 62317 147 62467 98 62573 147 62724 97 62830 146 62981 96 63087 145 63243 88 63344 144 63499 88 63601 143 63757 86 63858 80 63939 61 64014 84 64115 78 64195 61 64273 81 64373 140 64529 81 64631 148 64787 79 64889 146 65045 76 65146 146 65305 36 65343 34 65403 133
332934,95 46 175 45 350 47 432 45 605 47 689 44 857 51 945 44 1110 55 1201 45 1259 4 1365 56 1458 45 1513 8 1621 56 1715 44 1769 9 1877 57 1971 46 2025 10 2133 58 2228 45 2282 9 2354 3 2390 9 2402 45 2485 46 2537 10 2607 7 2646 8 2659 44 2741 47 2792 11 2848 3 2855 17 2904 5 2915 44 2997 62 3104 26 3161 3 3172 43 3253 62 3360 35 3428 43 3507 63 3615 37 3684 43 3763 64 3871 38 3939 44 4018 66 4127 38 4195 44 4273 67 4382 39 4451 44 4527 70 4637 40 4707 44 4783 70 4893 40 4963 44 5037 72 5149 40 5219 44 5293 73 5403 42 5475 43 5549 74 5659 42 5731 42 5805 74 5914 42 5988 37 6061 75 6169 43 6245 36 6316 77 6399 1 6425 42 6501 36 6572 77 6653 3 6681 42 6758 35 6828 77 6908 4 6937 42 7015 33 7083 85 7193 42 7271 33 7339 85 7449 42 7528 32 7595 85 7705 42 7784 32 7850 86 7961 42 8041 32 8105 87 8217 44 8297 32 8361 87 8472 51 8553 34 8616 88 8728 52 8809 36 8872 88 8984 55 9065 38 9128 88 9240 55 9321 40 9384 88 9497 56 9577 42 9640 88 9753 57 9833 43 9896 88 10009 58 10089 45 10152 88 10265 60 10345 46 10408 88 10521 62 10600 47 10664 88 10777 62 10855 49 10920 88 11033 63 11111 50 11176 88 11289 64 11367 50 11432 88 11546 63 11623 52 11687 89 11802 64 11878 53 11943 89 12060 64 12133 54 12199 89 12317 126 12455 89 12573 125 12710 90 12829 124 12966 90 13085 123 13222 90 13341 122 13477 91 13597 122 13727 97 13854 10 13867 108 13983 97 14111 8 14127 104 14238 98 14367 6 14384 5 14391 96 14494 98 14625 3 14649 94 14750 98 14906 93 15006 98 15163 92 15263 97 15419 92 15519 97 15675 93 15776 96 15931 93 16032 96 16145 2 16187 94 16289 95 16399 6 16443 94 16546 94 16653 10 16699 96 16802 94 16909 11 16955 98 17058 94 17164 12 17211 152 17365 43 17420 12 17468 151 17623 41 17675 13 17725 149 17881 39 17931 13 17981 149 18137 39 18188 11 18238 147 18394 38 18444 10 18495 146 18650 38 18701 7 18751 145 18907 37 18959 4 19007 144 19163 37 19264 13 19285 120 19419 37 19519 12 19545 115 19675 37 19724 5 19773 12 19801 112 19931 37 19979 7 20029 10 20057 112 20187 37 20233 12 20286 9 20313 112 20444 36 20489 12 20522 3 20542 9 20569 112 20701 35 20743 14 20776 9 20799 10 20825 112 20957 35 20999 14 21032 11 21055 10 21082 111 21213 35 21254 16 21287 14 21311 11 21339 110 21469 35 21510 15 21544 14 21567 12 21596 110 21725 35 21765 16 21801 15 21823 18 21853 109 21981 35 22021 16 22058 15 22078 20 22110 108 22237 35 22276 17 22313 42 22367 108 22493 35 22532 16 22569 43 22624 107 22749 35 22788 15 22824 45 22881 106 23005 35 23044 13 23079 46 23138 105 23261 35 23299 12 23334 48 23395 104 23517 35 23555 11 23589 50 23651 104 23773 35 23812 8 23843 54 23907 104 24030 34 24069 6 24099 55 24163 104 24286 34 24352 59 24418 105 24543 33 24607 60 24674 106 24799 33 24862 62 24929 107 25057 31 25118 62 25184 108 25314 30 25373 62 25439 109 25571 29 25629 62 25695 109 25827 29 25883 62 25951 109 26084 28 26139 62 26207 109 26341 27 26393 63 26464 108 26597 27 26647 65 26720 108 26853 27 26900 68 26977 106 27109 27 27155 70 27233 51 27287 52 27365 27 27409 72 27489 48 27543 52 27621 27 27665 72 27746 46 27799 52 27878 26 27921 72 28003 43 28055 53 28134 26 28177 72 28263 38 28311 53 28391 25 28433 72 28519 38 28568 51 28649 23 28690 71 28776 36 28824 51 28909 19 28947 69 29033 34 29081 50 29165 19 29203 69 29290 33 29339 48 29421 19 29461 66 29549 30 29601 42 29678 18 29717 66 29805 30 29857 42 29934 18 29974 8 29989 50 30059 33 30113 42 30190 18 30231 6 30247 48 30314 34 30369 42 30446 18 30488 3 30503 48 30566 39 30624 43 30703 17 30759 48 30821 40 30880 44 30960 16 31015 47 31077 40 31135 46 31217 15 31271 46 31333 40 31391 46 31473 15 31526 37 31567 6 31588 41 31646 48 31730 14 31781 38 31823 5 31844 41 31902 49 31987 13 32035 42 32101 39 32158 49 32243 13 32291 42 32357 39 32415 49 32499 13 32544 46 32613 39 32671 50 32755 13 32799 48 32869 39 32928 49 33011 13 33053 50 33126 38 33185 48 33267 13 33309 50 33369 3 33382 38 33441 49 33523 13 33564 51 33623 6 33639 38 33699 51 33778 14 33820 51 33879 7 33896 37 33956 52 34034 14 34077 50 34135 8 34153 35 34213 53 34289 15 34333 50 34391 8 34409 34 34470 53 34545 15 34589 50 34647 8 34667 30 34727 53 34801 15 34847 48 34903 9 34923 24 34983 54 35057 15 35104 47 35159 9 35181 20 35239 55 35313 15 35361 46 35416 9 35437 20 35495 56 35569 15 35621 42 35673 8 35694 18 35752 57 35826 14 35878 41 35929 8 35951 16 36007 58 36082 14 36133 42 36187 5 36210 11 36252 70 36339 13 36389 42 36444 3 36468 7 36507 71 36596 12 36642 46 36762 73 36853 11 36896 49 37017 75 37109 11 37151 51 37273 76 37366 10 37407 51 37528 78 37623 9 37662 53 37783 80 37880 8 37918 23 37942 29 38039 80 38138 6 38174 23 38199 17 38217 9 38291 85 38431 22 38455 15 38475 7 38547 85 38688 21 38717 8 38734 3 38803 86 38945 20 39058 87 39203 18 39314 88 39459 18 39570 89 39716 17 39826 91 39972 17 40082 91 40229 16 40339 92 40485 16 40595 92 40741 15 40852 94 40997 14 41109 95 41254 5 41263 3 41367 96 41512 1 41625 94 41883 94 42139 94 42397 92 42654 91 42911 90 43167 90 43423 90 43680 89 43936 89 44193 88 44449 88 44705 88 44961 88 45217 87 45440 3 45474 85 45695 6 45731 84 45951 11 45991 80 46206 13 46249 78 46463 13 46505 78 46719 13 46761 78 46975 14 47017 78 47231 14 47273 79 47487 14 47529 80 47742 15 47787 78 47997 17 48045 76 48253 17 48302 75 48507 19 48559 75 48763 20 48816 74 49019 20 49072 74 49274 21 49328 74 49530 21 49584 75 49785 23 49840 76 50041 24 50096 78 50297 24 50353 78 50551 27 50609 79 50807 27 50869 75 51061 30 51125 75 51317 29 51381 75 51571 31 51637 75 51827 30 51893 75 52083 28 52149 75 52339 26 52405 75 52594 27 52661 75 52850 28 52917 75 53105 29 53173 75 53359 31 53430 74 53613 33 53686 74 53869 33 53942 74 54121 38 54175 4 54199 73 54377 38 54430 6 54455 73 54632 39 54686 7 54712 72 54887 40 54943 6 54969 71 55143 41 55199 6 55226 70 55399 42 55457 4 55483 69 55655 42 55739 69 55912 41 55972 1 55995 69 56168 41 56225 6 56251 69 56424 41 56479 8 56508 68 56680 41 56733 11 56764 68 56936 41 56989 12 57020 68 57192 41 57243 15 57276 68 57448 42 57499 17 57533 67 57703 44 57753 21 57789 67 57959 44 58009 22 58045 67 58215 44 58263 24 58301 67 58471 45 58517 26 58557 67 58726 73 58813 67 58982 73 59068 68 59238 73 59324 68 59493 74 59580 68 59749 74 59836 68 60005 74 60092 68 60261 74 60348 68 60518 73 60604 68 60773 74 60860 68 61029 73 61116 68 61285 72 61373 67 61541 72 61629 67 61796 9 61815 54 61887 65 62052 9 62071 53 62143 65 62309 6 62328 53 62402 62 62565 6 62584 53 62665 55 62841 52 62922 54 63097 53 63178 54 63354 53 63434 54 63611 51 63690 54 63867 50 63945 55 64124 49 64201 55 64382 46 64458 54 64639 45 64714 54 64897 42 64971 53 65155 40 65228 52 65415 35 65485 51
337798, 
349461,0 65536
372637,0 59 72 162 251 5 259 56 330 159 507 5 516 55 587 158 763 5 772 56 843 158 1017 7 1027 58 1100 157 1271 70 1357 68 1426 85 1524 75 1613 68 1683 84 1779 78 1869 7 1880 57 1941 81 2034 79 2126 5 2137 56 2197 80 2289 81 2382 4 2395 54 2453 79 2544 83 2639 3 2651 54 2710 78 2799 84 2908 53 2967 77 3054 86 3163 54 3222 79 3310 88 3419 54 3478 80 3565 90 3674 55 3733 83 3821 96 3928 60 3989 85 4076 97 4182 148 4331 98 4435 250 4691 250 4945 253 5199 6207 11410 250 11667 249 11924 249 12179 251 12435 187 12623 64 12691 189 12881 64 12947 9166 22116 251 22373 250 22630 240 22871 8 22885 240 23127 9 23139 242 23385 252 23641 253 23895 255 24151 3284 27439 252 27695 255 27951 210 28173 242 28416 2 28430 240 28672 2 28687 238 28928 3 28943 238 29184 3 29198 239 29440 7 29449 42 29492 201 29696 51 29749 200 29952 51 30008 197 30208 51 30265 196 30464 52 30523 194 30720 53 30779 194 30976 53 31036 194 31232 53 31292 250 31548 250 31804 251 32061 250 32317 81 32402 166 32572 81 32661 96 32760 65 32827 82 32917 96 33016 148 33174 94 33274 146 33431 93 33531 131 33664 12 33687 93 33792 125 33921 11 33943 93 34048 124 34177 9 34199 94 34304 123 34433 9 34455 94 34560 122 34689 10 34710 95 34816 121 34946 9 34965 96 35072 121 35203 8 35221 96 35328 123 35458 9 35476 97 35584 128 35713 10 35729 99 35840 140 35984 100 36096 243 36352 243 36608 243 36864 242 37120 242 37376 242 37632 242 37888 242 38144 241 38400 241 38656 241 38912 240 39168 239 39424 239 39680 96 39778 45 39825 94 39936 93 40037 42 40083 91 40192 78 40271 12 40293 43 40339 91 40448 29 40487 39 40527 12 40549 43 40596 89 40704 29 40744 38 40785 10 40805 44 40851 90 40960 29 41000 38 41041 10 41061 136 41216 29 41255 40 41297 10 41317 135 41471 30 41511 41 41553 10 41573 134 41727 38 41766 53 41829 106 41938 18 41957 6 41984 91 42085 50 42136 54 42195 17 42215 4 42240 90 42340 51 42395 50 42452 15 42496 89 42596 51 42653 47 42708 15 42752 83 42852 51 42911 44 42964 14 43008 83 43108 52 43168 43 43220 14 43264 83 43364 52 43425 40 43476 14 43520 83 43620 52 43681 40 43732 15 43776 43 43822 37 43878 50 43937 40 43987 16 44032 42 44079 37 44136 49 44193 40 44243 17 44288 42 44336 36 44394 47 44449 40 44500 16 44544 41 44593 35 44651 46 44705 40 44757 16 44800 41 44849 35 44909 43 44961 40 45013 16 45056 41 45105 35 45165 42 45217 40 45269 16 45312 41 45361 38 45409 6 45422 37 45473 40 45522 4 45568 41 45617 39 45665 7 45678 36 45729 40 45777 5 45824 42 45871 36 45909 5 45921 9 45934 35 45985 40 46033 6 46080 43 46127 20 46149 14 46165 6 46176 11 46190 34 46241 40 46288 7 46336 45 46382 21 46407 12 46424 5 46431 50 46497 40 46542 9 46578 3 46592 67 46663 11 46681 56 46753 40 46798 9 46833 5 46848 66 46919 11 46936 57 47010 38 47053 10 47089 6 47104 66 47175 10 47192 57 47266 38 47307 12 47346 5 47360 69 47431 10 47447 57 47522 7 47533 26 47561 17 47589 3 47605 1 47616 69 47687 10 47703 57 47778 7 47789 25 47816 19 47844 5 47872 82 47959 57 48034 7 48046 21 48071 20 48098 8 48128 82 48215 56 48291 6 48303 18 48327 20 48353 10 48384 82 48470 57 48548 5 48561 15 48583 38 48639 82 48726 54 48807 3 48817 14 48838 41 48895 82 48982 51 49065 4 49075 12 49094 46 49151 82 49237 51 49321 5 49331 16 49351 46 49407 60 49471 18 49493 50 49576 9 49586 20 49613 41 49663 60 49727 18 49750 49 49832 31 49869 41 49919 59 49983 18 50006 47 50088 31 50127 40 50175 57 50239 18 50263 43 50321 1 50344 32 50383 40 50431 49 50481 32 50519 42 50577 8 50599 34 50640 39 50688 45 50737 32 50775 41 50833 10 50854 35 50897 37 50944 43 50993 31 51031 41 51089 10 51109 36 51154 34 51200 43 51249 31 51287 23 51313 16 51344 11 51365 37 51409 35 51456 43 51505 30 51543 21 51569 16 51599 13 51613 46 51665 33 51712 43 51761 30 51799 21 51825 16 51855 61 51920 34 51968 43 52016 29 52055 20 52081 17 52109 102 52223 44 52271 29 52311 20 52336 19 52363 105 52478 45 52527 28 52568 19 52591 134 52734 45 52783 27 52824 18 52845 62 52911 70 52989 46 53039 26 53080 8 53100 61 53167 71 53245 46 53295 25 53337 5 53355 61 53424 71 53502 45 53551 24 53611 60 53680 71 53760 43 53807 23 53866 61 53936 71 54016 43 54063 23 54115 70 54190 81 54272 43 54319 23 54370 201 54575 24 54624 203 54831 24 54879 204 55089 23 55131 208 55345 24 55387 208 55602 25 55644 207 55858 25 55899 208 56115 24 56155 208 56371 24 56409 210 56627 250 56883 250 57139 251 57394 1873 59269 251 59527 248 59785 22 59810 220 60042 20 60066 145 60215 71 60298 168 60472 70 60554 167 60730 68 60809 167 60987 66 61065 166 61243 66 61319 169 61498 68 61575 227 61805 18 61831 226 62063 16 62087 228 62322 15 62341 230 62579 14 62597 230 62835 248 63091 249 63347 250 63601 409 64013 251 64270 249 64526 9 64537 238 64783 7 64795 234 65040 5 65051 234 65297 4 65309 46 65359 177
373056,0 212 241 227 497 227 752 229 1007 230 1263 233 1517 236 1773 237 2028 238 2283 240 2539 240 2795 242 3051 243 3307 246 3563 247 3819 248 4075 248 4331 251 4584 991 5579 251 5836 249 6093 246 6349 246 6606 245 6862 246 7119 246 7375 246 7631 247 7887 249 8143 250 8399 252 8656 252 8912 255 9168 495 9667 252 9924 251 10181 250 10441 246 10692 251 10947 3836 14795 244 15051 242 15309 240 15565 240 15821 239 16077 239 16332 240 16587 240 16841 242 17096 244 17351 245 17607 246 17863 247 18119 249 18372 252 18627 1136 19769 250 20025 250 20281 251 20537 252 20792 254 21047 1790 22844 249 23101 248 23359 246 23615 246 23871 246 24127 17435 41565 248 41823 245 42080 246 42327 4 42337 252 42594 252 42851 251 43105 775 43882 253 44140 253 44396 253 44653 252 44909 253 45165 254 45421 254 45677 19859
386606,0 65536
391427,7 20 91 12 170 12 183 8 247 9 263 20 349 12 425 24 453 2 504 8 519 20 605 13 681 24 707 5 760 8 775 19 860 15 933 37 1017 7 1032 18 1116 16 1189 38 1272 8 1289 16 1371 18 1443 42 1527 9 1547 14 1627 18 1699 42 1783 9 1806 9 1883 19 1954 45 2038 5 2063 8 2139 19 2197 2 2209 46 2293 6 2323 2 2393 21 2451 8 2466 46 2549 5 2646 24 2707 10 2722 46 2805 5 2900 26 2961 14 2979 46 3063 2 3155 27 3216 15 3235 46 3408 14 3423 14 3471 17 3493 44 3663 15 3679 14 3726 19 3749 34 3784 9 3919 29 3981 20 4005 33 4041 9 4174 29 4236 21 4259 35 4297 9 4424 33 4489 27 4517 32 4554 7 4679 33 4745 27 4776 29 4810 7 4935 32 5000 28 5032 28 5067 5 5081 2 5191 32 5256 29 5288 28 5324 3 5336 3 5437 2 5446 32 5511 61 5591 6 5690 6 5702 31 5767 61 5847 6 5943 11 5959 22 5987 1 6023 60 6103 5 6199 11 6215 22 6279 60 6359 5 6455 12 6471 21 6533 62 6711 12 6727 21 6789 62 6966 13 6984 19 7045 60 7221 14 7241 18 7301 60 7477 14 7497 18 7556 37 7594 22 7733 14 7753 10 7764 6 7803 1 7812 37 7851 20 7988 13 8009 10 8044 2 8047 3 8053 11 8068 36 8109 17 8243 14 8265 10 8299 22 8324 21 8346 14 8365 16 8500 13 8521 11 8555 24 8581 20 8603 12 8621 14 8756 12 8778 10 8810 26 8837 20 8861 10 8877 12 9013 10 9035 10 9066 26 9097 16 9119 7 9133 11 9269 10 9291 10 9323 25 9352 17 9377 4 9389 11 9526 9 9549 8 9581 7 9594 10 9608 17 9645 11 9783 8 9805 8 9839 3 9850 10 9864 17 9901 10 10063 4 10107 8 10119 20 10157 10 10363 8 10375 20 10409 14 10621 5 10632 19 10663 14 10878 1 10888 19 10919 12 11145 19 11175 8 11257 7 11401 20 11431 7 11512 8 11659 18 11687 7 11767 9 11915 18 11943 6 12021 11 12172 17 12275 13 12403 4 12429 16 12529 15 12657 7 12685 14 12785 15 12856 2 12911 10 12941 14 13041 15 13111 5 13165 12 13198 11 13297 15 13367 6 13421 12 13454 11 13553 15 13623 6 13675 13 13710 8 13808 16 13879 6 13931 13 13966 7 14064 16 14135 5 14187 12 14222 6 14319 17 14391 5 14443 11 14479 3 14575 17 14699 10 14831 17 14955 11 15086 18 15211 14 15226 7 15342 18 15467 23 15598 18 15722 25 15853 19 15977 27 16109 19 16232 30 16366 18 16487 32 16623 17 16742 34 16879 17 16997 35 17137 15 17253 36 17398 3 17509 36 17765 35 18021 35 18276 35 18532 35 18787 36 19043 36 19283 10 19299 34 19539 10 19554 35 19795 10 19809 33 19927 7 20050 12 20065 32 20182 10 20306 12 20321 31 20436 15 20563 11 20577 29 20692 16 20819 11 20833 22 20947 18 21075 11 21089 22 21203 19 21333 33 21459 20 21589 33 21715 20 21760 3 21791 2 21833 4 21847 7 21855 22 21971 20 22016 4 22047 2 22088 7 22104 5 22111 20 22173 4 22227 20 22272 4 22343 7 22371 2 22377 8 22429 6 22484 19 22528 4 22599 6 22685 6 22741 18 22784 5 22855 6 22941 6 22998 17 23040 5 23111 5 23197 6 23254 17 23296 9 23368 3 23454 4 23511 15 23552 9 23624 2 23767 15 23808 10 24024 13 24064 10 24281 12 24320 10 24537 10 24576 10 24797 4 24832 10 24904 1 25088 10 25160 1 25344 11 25415 2 25600 11 25856 13 26096 4 26112 13 26308 4 26351 7 26368 13 26562 8 26607 10 26623 13 26817 10 26863 20 27071 12 27119 20 27324 15 27374 21 27579 17 27630 21 27835 17 27886 25 27924 5 28091 16 28141 26 28179 7 28347 16 28397 29 28433 9 28604 15 28643 3 28655 29 28689 10 28707 1 28861 4 28867 8 28897 6 28912 45 28961 5 29127 7 29152 9 29169 54 29383 8 29407 10 29425 55 29639 10 29661 13 29681 56 29895 10 29917 13 29937 58 30021 10 30151 10 30171 15 30191 16 30208 43 30276 12 30407 11 30425 17 30447 16 30464 45 30531 13 30663 12 30679 18 30703 16 30720 45 30787 13 30920 33 30959 15 30976 47 31041 15 31067 1 31121 4 31176 32 31215 14 31232 47 31297 15 31321 4 31376 6 31433 30 31471 13 31488 47 31551 18 31572 19 31630 11 31691 25 31728 10 31744 47 31807 41 31886 13 31948 23 31984 9 32000 47 32063 42 32141 22 32207 18 32243 4 32256 47 32319 42 32382 3 32397 23 32463 16 32512 47 32575 43 32629 14 32653 24 32720 14 32768 47 32831 43 32884 15 32909 24 32976 14 33024 46 33087 42 33138 17 33164 26 33233 13 33280 45 33343 42 33393 19 33419 27 33489 13 33536 44 33599 42 33649 20 33674 29 33745 12 33792 43 33854 43 33905 22 33929 30 34002 11 34048 43 34109 44 34161 56 34259 10 34304 42 34365 44 34417 56 34515 9 34560 42 34620 46 34673 56 34773 6 34816 43 34875 47 34929 56 35030 4 35072 43 35129 50 35185 56 35328 43 35385 50 35441 56 35584 42 35641 50 35700 53 35840 39 35898 49 35957 52 36096 37 36155 48 36214 51 36352 35 36411 48 36471 49 36608 33 36668 47 36729 47 36864 32 36924 46 36987 45 37121 29 37180 35 37221 2 37247 40 37377 28 37437 33 37504 39 37634 27 37693 32 37762 36 37891 26 37949 32 38019 34 38149 2 38155 18 38206 31 38275 31 38415 14 38463 6 38474 2 38481 11 38531 28 38676 9 38719 5 38738 9 38787 26 38933 7 38975 4 38995 7 39044 25 39231 3 39301 23 39484 6 39557 21 39739 7 39994 8 40249 9 40445 3 40504 10 40699 5 40760 9 40775 6 40783 2 40953 7 41016 9 41029 9 41039 3 41209 7 41272 9 41284 15 41464 8 41528 31 41719 9 41785 32 41975 10 42042 31 42231 12 42283 10 42297 34 42487 13 42539 48 42743 13 42793 52 42999 13 43048 53 43255 13 43303 54 43512 12 43559 17 43579 34 43768 11 43813 18 43836 33 44024 11 44068 19 44093 32 44279 9 44321 22 44349 32 44536 8 44576 22 44606 31 44792 8 44831 22 44863 30 45025 2 45049 7 45087 22 45119 30 45280 3 45305 7 45343 22 45375 30 45534 18 45562 6 45599 23 45631 30 45787 22 45819 5 45855 24 45887 29 45939 6 45959 6 46038 27 46078 2 46111 25 46143 29 46195 7 46213 8 46293 29 46365 29 46398 29 46450 9 46467 11 46548 31 46621 30 46653 30 46705 10 46721 14 46745 4 46804 31 46876 63 46960 33 46999 8 47059 33 47132 62 47216 35 47253 11 47311 38 47387 9 47399 50 47471 50 47565 40 47644 7 47655 50 47727 50 47821 41 47902 1 47911 49 47982 51 48076 43 48167 48 48238 55 48332 43 48423 34 48463 8 48495 56 48589 42 48678 34 48720 6 48751 58 48846 41 48933 34 48979 2 48992 2 49007 59 49105 38 49189 33 49234 5 49247 3 49264 59 49362 37 49445 32 49489 7 49501 6 49521 60 49620 35 49701 32 49745 8 49757 6 49777 60 49876 35 49957 32 50000 21 50033 62 50131 36 50213 32 50256 21 50290 61 50387 36 50469 32 50512 25 50547 62 50641 37 50725 32 50767 28 50803 62 50897 36 50981 32 51023 29 51060 61 51152 31 51237 32 51279 30 51316 61 51407 30 51495 30 51535 31 51572 61 51662 29 51751 30 51791 32 51828 60 51918 29 52008 10 52021 16 52047 96 52167 27 52279 14 52303 96 52423 26 52535 14 52561 93 52679 25 52791 14 52818 92 52935 24 53047 14 53076 89 53191 24 53223 1 53303 14 53332 89 53447 25 53477 4 53560 12 53589 88 53703 27 53731 8 53816 11 53845 88 53959 36 54063 5 54073 10 54103 85 54213 39 54318 7 54330 7 54360 83 54469 39 54574 7 54587 4 54618 81 54723 42 54831 6 54875 79 54979 43 55087 4 55131 78 55233 46 55388 76 55489 48 55645 73 55743 50 55901 72 55999 51 56097 7 56158 70 56255 52 56353 10 56414 69 56511 52 56608 11 56675 61 56767 53 56863 12 56931 58 57023 54 57119 12 57188 55 57278 55 57375 12 57445 17 57465 34 57533 56 57600 9 57615 28 57701 16 57729 26 57787 58 57856 43 57959 13 57989 7 57997 14 58039 62 58112 42 58219 8 58257 10 58293 61 58368 42 58477 4 58513 10 58549 60 58624 41 58769 10 58804 60 58880 39 59025 10 59059 60 59136 37 59282 9 59315 60 59392 36 59538 9 59571 60 59648 35 59795 8 59826 60 59904 35 60051 7 60082 59 60160 35 60308 4 60337 58 60416 35 60593 57 60672 34 60847 58 60928 34 61101 58 61184 33 61355 59 61440 33 61611 59 61696 32 61865 60 61952 32 62121 38 62167 13 62207 33 62377 40 62428 4 62462 34 62632 41 62717 34 62889 35 62925 3 62973 34 63145 34 63229 34 63401 32 63484 35 63657 32 63740 35 63913 30 63997 34 64169 30 64254 2 64260 26 64427 27 64511 1 64517 24 64683 26 64767 1 64773 24 64940 24 65029 24 65197 22 65285 24 65456 18
398196,214 5 238 3 473 1 2009 3 2265 5 2520 7 2775 8 3031 8 3287 8 3543 8 3799 8 4055 8 4311 8 4566 7 4821 8 5077 6 5334 5
398477, 
399102,109 8 122 7 133 29 223 1 365 9 378 41 479 1 621 10 633 44 735 1 877 58 977 1 1133 60 1231 4 1389 60 1485 6 1522 1 1645 61 1741 7 1778 3 1901 62 1999 5 2033 6 2157 62 2255 5 2289 6 2412 65 2545 6 2668 65 2777 2 2800 7 2923 68 3033 2 3056 6 3179 69 3313 4 3435 70 3691 70 3947 72 4203 72 4459 72 4716 71 4971 73 5227 73 5483 74 5739 74 5995 75 6251 76 6507 76 6763 76 6897 2 7019 77 7152 3 7167 1 7275 77 7405 6 7531 77 7655 10 7788 76 7911 9 8045 50 8101 20 8132 1 8151 1 8302 49 8357 20 8387 4 8407 4 8559 47 8614 19 8642 5 8663 4 8817 45 8871 18 8898 5 8919 3 9077 41 9127 18 9153 5 9174 2 9333 6 9340 34 9384 17 9411 2 9428 3 9591 4 9599 30 9640 17 9681 5 9698 2 9847 4 9855 30 9897 15 9937 4 9953 6 9967 2 10103 7 10111 29 10154 11 10209 20 10358 37 10411 9 10465 20 10614 37 10669 6 10720 22 10870 37 10927 3 10976 22 11126 13 11141 22 11231 24 11382 37 11487 24 11639 36 11741 28 11895 36 11995 30 12117 2 12152 35 12249 30 12325 1 12373 3 12409 34 12481 1 12504 18 12523 12 12578 5 12628 5 12645 6 12666 33 12760 29 12833 6 12885 3 12900 9 12923 32 13016 29 13087 7 13141 3 13155 13 13179 32 13263 2 13273 28 13342 8 13357 4 13395 5 13411 12 13435 4 13443 24 13518 4 13529 28 13598 7 13612 7 13648 9 13667 12 13685 8 13701 22 13773 6 13786 28 13854 6 13867 9 13901 12 13923 12 13941 8 13957 22 14019 4 14027 8 14042 28 14123 10 14155 14 14179 11 14196 11 14214 23 14273 19 14299 28 14335 1 14378 11 14411 14 14435 11 14452 11 14471 22 14528 21 14555 29 14590 2 14634 11 14667 15 14691 10 14708 13 14727 22 14783 65 14891 10 14923 15 14946 11 14964 13 14984 12 14997 8 15039 65 15147 9 15179 15 15202 10 15220 15 15242 10 15255 6 15294 66 15404 8 15435 14 15458 9 15476 15 15499 10 15513 2 15549 67 15629 4 15661 6 15691 10 15715 8 15732 17 15757 8 15801 71 15885 5 15918 5 15948 8 15971 8 15988 17 16013 8 16057 71 16159 8 16228 7 16243 20 16270 9 16312 72 16415 8 16484 7 16499 20 16526 9 16568 72 16670 9 16742 4 16755 21 16783 8 16824 72 16926 8 17011 22 17039 9 17081 71 17183 4 17267 22 17296 8 17337 71 17439 2 17523 22 17552 7 17593 71 17779 22 17809 6 17850 70 18035 22 18065 5 18106 70 18284 29 18334 1 18362 70 18539 30 18589 3 18618 70 18795 30 18843 4 18875 69 19050 31 19099 4 19131 69 19247 6 19305 32 19355 2 19387 69 19503 6 19562 31 19611 2 19643 69 19759 5 19819 30 19900 68 20015 5 20075 30 20121 1 20156 68 20336 23 20412 68 20594 21 20669 67 20790 5 20851 2 20858 11 20925 67 21045 7 21115 9 21182 66 21300 9 21373 6 21440 64 21555 11 21628 7 21696 64 21810 15 21882 9 21953 63 22065 17 22138 9 22209 63 22311 30 22393 10 22465 63 22566 31 22649 9 22721 63 22816 39 22905 9 22954 6 22977 63 23073 38 23162 7 23209 8 23233 63 23331 36 23419 6 23464 9 23489 63 23586 37 23675 5 23720 9 23745 63 23842 37 23976 9 24001 63 24098 37 24232 9 24257 63 24354 37 24485 10 24515 61 24610 36 24729 4 24739 12 24771 61 24865 37 24939 2 24985 5 24994 12 25029 59 25104 4 25121 38 25195 2 25241 6 25250 12 25287 57 25357 9 25377 38 25451 4 25498 20 25535 4 25544 56 25613 9 25633 38 25707 2 25755 19 25791 5 25801 55 25868 11 25889 39 26011 19 26046 7 26058 54 26124 11 26145 39 26244 3 26267 19 26292 1 26302 7 26315 53 26381 10 26401 41 26497 8 26525 17 26547 4 26557 9 26570 54 26637 10 26657 43 26751 12 26782 15 26803 6 26813 9 26825 55 26896 7 26913 44 27002 18 27039 14 27057 79 27155 3 27169 45 27250 27 27296 12 27313 78 27425 46 27505 28 27553 11 27568 42 27617 30 27682 45 27761 28 27809 12 27823 43 27873 30 27939 44 28017 28 28063 4 28070 53 28128 31 28196 43 28273 28 28318 4 28327 53 28383 32 28453 43 28530 27 28572 6 28581 88 28710 42 28787 11 28802 11 28827 6 28835 88 28969 39 29046 6 29061 8 29083 6 29090 88 29225 39 29305 2 29318 7 29345 89 29482 38 29576 5 29601 88 29739 36 29833 4 29857 88 29995 35 30091 2 30114 61 30177 25 30251 34 30370 61 30435 23 30507 32 30588 6 30628 4 30638 49 30691 29 30763 32 30843 10 30896 47 30947 29 31020 30 31098 13 31153 48 31203 29 31277 29 31353 15 31409 49 31459 29 31541 20 31608 17 31665 9 31680 43 31730 14 31798 19 31863 18 31922 7 31936 39 31988 12 32055 15 32118 19 32191 38 32245 11 32270 3 32312 8 32373 20 32447 38 32502 10 32525 4 32626 24 32702 38 32758 10 32781 4 32881 25 32958 37 33014 10 33134 29 33214 36 33270 10 33390 29 33470 35 33525 15 33646 31 33727 24 33753 7 33777 20 33902 31 33983 22 34011 4 34031 22 34159 21 34182 9 34211 4 34248 12 34287 22 34415 20 34439 8 34466 7 34504 11 34542 23 34673 18 34694 9 34721 10 34761 10 34797 24 34932 15 34949 10 34976 12 35019 8 35041 2 35053 24 35189 14 35205 10 35222 23 35277 4 35295 6 35308 25 35445 14 35461 10 35477 25 35533 4 35549 10 35563 25 35702 12 35719 8 35733 26 35789 4 35804 13 35819 24 35958 11 35975 8 35989 27 36045 3 36060 37 36214 12 36231 10 36243 29 36315 37 36470 12 36487 10 36498 30 36571 37 36726 5 36733 6 36743 40 36827 37 36982 4 36991 6 36999 40 37083 37 37237 4 37247 46 37339 37 37389 2 37493 3 37503 46 37595 37 37645 4 37749 2 37761 42 37839 4 37849 39 37901 4 38005 2 38017 42 38095 5 38105 39 38157 4 38221 2 38277 39 38350 50 38414 3 38473 7 38533 39 38606 50 38729 7 38790 39 38862 50 38985 7 39046 39 39118 50 39211 7 39242 5 39302 39 39374 50 39467 8 39502 1 39558 39 39631 49 39722 11 39768 1 39814 39 39887 49 39977 12 40023 4 40070 39 40144 48 40233 14 40283 1 40326 39 40396 52 40489 15 40539 1 40581 40 40650 46 40699 5 40745 17 40795 2 40837 40 40893 2 40905 10 40920 31 40957 3 41002 16 41051 2 41093 41 41148 5 41161 9 41178 7 41188 19 41213 3 41260 15 41306 4 41349 41 41404 8 41415 11 41436 3 41446 16 41471 1 41517 14 41563 5 41605 41 41660 22 41702 16 41727 1 41774 13 41819 8 41860 41 41917 22 41957 17 42031 13 42076 9 42116 41 42164 1 42173 22 42213 17 42288 11 42333 8 42344 1 42371 41 42418 7 42431 21 42469 17 42548 7 42589 9 42599 4 42627 40 42673 10 42688 20 42724 19 42845 15 42883 38 42929 10 42947 17 42980 19 43003 5 43102 15 43138 39 43185 11 43205 16 43237 27 43364 9 43393 40 43442 10 43462 15 43494 26 43620 9 43649 40 43698 10 43718 15 43750 26 43875 11 43905 40 43954 9 43975 13 44007 25 44131 11 44161 40 44210 9 44231 13 44263 25 44387 12 44418 41 44466 7 44485 14 44519 25 44643 12 44674 42 44721 8 44741 14 44775 25 44898 13 44931 43 44977 8 44996 15 45029 27 45153 14 45187 44 45232 9 45251 16 45284 28 45408 15 45444 53 45507 17 45537 31 45663 15 45699 54 45762 20 45791 33 45917 17 45955 56 46017 26 46045 35 46173 17 46210 57 46273 63 46429 16 46465 60 46528 64 46685 16 46720 128 46941 16 46975 129 47198 15 47230 130 47454 15 47485 50 47539 77 47711 14 47741 52 47794 78 47967 14 47998 130 48223 14 48254 130 48481 10 48509 131 48738 9 48765 131 48996 5 49019 133 49273 135 49526 138 49781 139 50037 139 50293 9 50303 129 50548 7 50560 128 50803 8 50816 128 51059 8 51073 107 51181 19 51302 1 51315 7 51330 126 51557 5 51573 3 51587 106 51695 17 51812 6 51844 105 51953 15 52067 7 52100 106 52211 13 52323 7 52357 105 52467 13 52581 4 52611 108 52723 13 52838 1 52867 108 52979 13 53122 111 53235 13 53378 126 53633 127 53889 127 54145 127 54400 128 54657 127 54913 127 55170 14 55191 105 55305 2 55427 12 55447 107 55559 6 55684 9 55702 109 55815 6 55940 8 55958 111 56071 6 56195 8 56215 110 56326 7 56451 7 56471 118 56707 6 56727 118 56963 5 56983 118 57219 4 57239 118 57475 4 57495 116 57731 4 57751 114 57987 3 58007 112 58263 104 58368 6 58519 104 58624 5 58776 102 58880 5 59033 101 59136 1 59289 26 59327 63 59545 25 59585 62 59741 6 59749 5 59789 2 59801 22 59843 60 59996 15 60043 5 60057 12 60075 2 60099 60 60252 17 60273 5 60292 14 60313 10 60337 7 60355 60 60495 3 60507 18 60527 8 60547 16 60569 8 60593 8 60611 60 60750 5 60764 17 60783 9 60803 18 60824 8 60848 11 60867 60 61005 6 61020 17 61039 10 61057 30 61104 12 61123 60 61254 1 61261 7 61277 14 61295 10 61311 30 61349 7 61359 14 61378 59 61508 5 61517 7 61533 12 61551 11 61566 31 61604 10 61615 16 61632 64 61763 8 61772 8 61791 8 61806 48 61858 94 62019 17 62047 8 62061 50 62112 96 62274 11 62287 6 62304 9 62314 150 62530 11 62544 5 62561 159 62785 12 62801 4 62818 158 63041 13 63057 5 63075 157 63297 14 63313 6 63331 157 63553 14 63570 5 63587 157 63810 14 63827 4 63845 155 64066 14 64085 2 64101 155 64323 12 64357 155 64581 10 64613 155 64841 6 64869 155 65099 2 65125 155 65379 157
402143,32 27 67 50 209 8 223 27 290 27 321 52 466 5 479 27 547 26 577 52 723 3 735 27 805 81 992 26 1061 82 1248 26 1319 82 1504 25 1574 83 1759 26 1829 86 2011 26 2085 86 2266 26 2341 14 2361 66 2520 28 2597 12 2617 66 2776 28 2853 9 2873 66 3031 30 3110 7 3129 65 3288 29 3385 64 3544 31 3583 1 3641 64 3801 30 3838 2 3898 63 4057 30 4091 5 4154 63 4313 30 4347 5 4411 62 4569 39 4667 62 4825 39 4924 61 5083 37 5181 60 5339 37 5438 58 5603 29 5694 58 5859 29 5950 43 5997 9 6115 29 6205 44 6255 6 6371 29 6468 37 6628 28 6725 36 6884 16 6901 11 6982 35 7141 14 7158 10 7239 34 7398 12 7414 10 7495 34 7656 7 7670 10 7751 34 7914 3 7926 10 8007 32 8183 9 8264 31 8439 9 8521 28 8697 7 8777 27 8954 6 9033 26 9211 5 9289 26 9468 4 9545 26 9727 1 9801 26 10057 24 10313 24 10569 10 10584 7 10826 9 10843 1 11083 8 11155 3 11340 6 11409 6 11597 4 11633 2 11663 9 11829 2 11889 4 11919 10 12084 5 12143 8 12173 12 12223 4 12339 7 12398 10 12429 13 12478 7 12593 9 12653 12 12685 14 12723 5 12733 10 12849 9 12909 13 12941 14 12977 8 12989 11 13102 12 13165 15 13197 15 13233 24 13357 14 13421 16 13453 15 13488 26 13613 14 13677 16 13709 14 13744 27 13868 15 13933 17 13965 14 14000 28 14124 15 14187 19 14221 14 14256 30 14379 16 14443 19 14477 14 14513 30 14635 18 14698 23 14736 10 14769 31 14891 19 14953 32 14994 7 15028 28 15147 22 15209 34 15251 3 15287 25 15403 22 15465 34 15543 26 15659 23 15720 36 15800 25 15915 23 15976 36 16056 25 16171 24 16232 36 16313 24 16426 25 16488 37 16569 24 16680 3 16685 22 16745 36 16824 26 16936 3 16945 17 17001 36 17079 30 17191 4 17201 16 17260 33 17334 33 17447 4 17457 16 17517 32 17589 34 17664 5 17702 5 17714 14 17775 31 17843 37 17920 5 17957 6 17970 13 18031 31 18099 37 18176 5 18213 5 18227 12 18287 32 18355 29 18432 5 18469 4 18483 10 18543 32 18610 29 18688 4 18740 5 18797 34 18866 28 18944 3 19050 37 19122 28 19200 1 19303 40 19377 28 19559 39 19633 27 19757 7 19815 38 19889 24 20013 8 20071 37 20145 22 20268 9 20327 35 20400 23 20523 10 20583 32 20655 24 20779 11 20840 15 20858 10 20911 25 21035 12 21087 4 21096 15 21115 8 21167 26 21212 3 21291 12 21341 8 21351 14 21372 5 21423 26 21466 9 21545 16 21597 9 21607 14 21629 2 21679 26 21722 9 21798 27 21853 23 21933 31 21965 4 21977 10 22053 28 22109 23 22188 37 22233 10 22309 29 22365 22 22443 40 22488 12 22565 29 22621 22 22699 41 22744 13 22821 30 22865 3 22877 23 22955 60 23077 30 23120 6 23134 23 23211 62 23334 29 23374 9 23391 22 23468 63 23590 29 23629 11 23647 22 23725 62 23793 7 23843 2 23849 25 23883 14 23903 24 23981 63 24045 15 24098 3 24107 23 24139 14 24159 24 24238 80 24352 7 24364 21 24394 16 24417 23 24492 84 24607 8 24621 19 24650 17 24675 22 24701 2 24747 85 24861 10 24878 17 24906 17 24938 21 25001 22 25026 62 25116 11 25134 17 25162 17 25195 20 25257 22 25282 62 25366 19 25391 15 25418 18 25457 14 25511 22 25538 62 25621 20 25647 15 25675 18 25714 13 25767 22 25794 62 25875 23 25905 13 25932 17 25971 14 26022 24 26049 63 26131 24 26161 13 26189 16 26228 15 26278 25 26305 43 26350 18 26385 28 26418 12 26447 15 26485 16 26533 70 26607 17 26640 31 26675 11 26704 14 26741 16 26789 70 26863 17 26895 35 26932 10 26960 13 26997 16 27045 70 27119 17 27151 36 27188 10 27215 14 27253 16 27301 71 27375 17 27406 37 27444 10 27471 14 27508 18 27557 14 27579 49 27629 19 27662 37 27700 11 27726 14 27762 19 27813 12 27837 67 27918 37 27957 12 27981 13 28016 21 28071 10 28094 66 28174 37 28214 12 28237 12 28271 20 28329 7 28350 66 28429 38 28473 9 28493 11 28527 19 28588 1 28607 39 28649 23 28685 37 28729 9 28750 10 28782 20 28864 36 28905 23 28941 36 28986 8 29007 8 29037 20 29121 34 29161 23 29197 36 29243 6 29263 9 29293 19 29377 34 29417 23 29453 35 29501 4 29520 8 29547 20 29633 34 29675 21 29710 33 29776 8 29803 20 29889 34 29931 21 29967 29 30033 8 30059 22 30145 32 30189 19 30223 22 30290 7 30315 22 30400 32 30446 18 30481 18 30547 8 30571 23 30655 30 30702 18 30738 17 30804 8 30827 24 30911 28 30958 18 30996 13 31061 8 31085 23 31167 24 31214 18 31253 12 31317 8 31344 21 31423 23 31470 18 31573 10 31601 21 31682 17 31725 19 31830 9 31857 21 31939 12 31981 19 32083 3 32087 8 32113 21 32199 5 32237 19 32337 5 32343 8 32369 21 32457 2 32492 20 32592 15 32624 21 32747 21 32848 14 32879 22 33000 24 33103 12 33134 23 33251 29 33359 10 33389 24 33505 31 33615 8 33643 24 33735 4 33757 35 33871 8 33898 25 33991 4 34012 36 34128 6 34153 27 34247 4 34266 38 34385 4 34409 28 34503 3 34521 39 34664 30 34777 39 34920 31 35033 39 35176 32 35288 40 35432 33 35544 40 35688 35 35799 41 35944 35 36055 41 36101 2 36117 7 36199 15 36215 22 36311 41 36356 5 36371 10 36455 12 36473 20 36567 51 36623 14 36711 11 36729 21 36823 40 36864 11 36878 15 36967 11 36985 22 37079 39 37120 30 37222 11 37241 22 37336 37 37376 31 37478 11 37498 21 37592 36 37632 31 37734 10 37755 21 37849 34 37888 32 37988 11 38011 21 38087 3 38105 34 38144 33 38246 9 38270 19 38341 6 38361 33 38400 33 38502 7 38527 18 38583 4 38597 6 38617 32 38656 34 38785 16 38839 4 38853 7 38874 23 38899 4 38912 35 39042 15 39095 3 39109 7 39131 20 39156 2 39168 36 39299 16 39365 8 39424 36 39556 15 39621 8 39680 36 39813 15 39877 8 39936 37 40069 16 40133 8 40192 37 40327 14 40389 8 40448 37 40585 11 40645 8 40704 37 40845 6 40901 7 40960 37 41102 5 41157 7 41216 37 41360 3 41414 5 41472 37 41671 3 41728 37 41984 36 42240 36 42496 36 42752 36 42913 2 42919 3 43008 37 43167 13 43264 37 43404 3 43422 15 43520 39 43677 17 43776 39 43849 4 43933 18 44032 40 44103 8 44188 19 44288 40 44357 12 44443 20 44544 40 44613 13 44699 20 44800 39 44868 15 44954 21 45056 38 45124 15 45210 21 45312 37 45379 15 45466 21 45568 36 45635 15 45722 21 45824 15 45847 12 45891 14 45978 21 46080 13 46103 12 46146 15 46234 21 46336 17 46359 10 46401 17 46491 20 46592 18 46616 9 46657 18 46747 20 46848 28 46913 18 47004 2 47013 9 47104 29 47147 1 47169 18 47272 5 47360 29 47402 5 47426 18 47616 30 47658 5 47682 18 47872 33 47914 5 47939 16 48128 34 48169 6 48195 16 48384 35 48425 7 48451 16 48640 36 48682 7 48707 16 48896 37 48938 7 48963 15 49152 37 49194 6 49220 14 49337 2 49408 36 49451 4 49477 13 49507 2 49583 16 49664 36 49708 3 49733 13 49762 3 49838 17 49920 35 49991 10 50017 4 50093 20 50176 35 50248 8 50273 4 50349 20 50432 35 50507 1 50529 4 50605 21 50688 35 50781 8 50861 21 50944 35 51034 11 51116 23 51200 35 51287 15 51371 24 51456 36 51540 19 51627 24 51712 36 51795 20 51882 25 51968 36 52050 22 52137 26 52224 37 52305 23 52393 26 52480 36 52561 22 52649 26 52736 36 52817 22 52905 26 52992 11 53004 23 53071 24 53160 28 53248 11 53262 21 53325 25 53416 28 53504 11 53519 18 53579 26 53672 28 53760 11 53776 17 53834 27 53927 28 54016 12 54037 12 54091 26 54181 22 54207 3 54272 12 54295 11 54347 25 54437 20 54528 13 54552 9 54603 24 54693 18 54784 13 54809 6 54859 23 54893 2 54949 16 55040 13 55115 20 55148 5 55205 13 55296 13 55371 20 55404 5 55462 11 55552 13 55617 4 55626 20 55659 6 55719 8 55808 13 55872 6 55882 20 55915 6 55975 7 56064 13 56127 32 56173 2 56307 6 56320 14 56382 34 56561 9 56576 15 56637 37 56813 16 56832 15 56893 38 57069 16 57088 17 57149 38 57324 19 57344 18 57405 38 57579 20 57600 5 57609 12 57663 36 57835 20 57856 6 57865 12 57919 36 58090 21 58112 23 58176 33 58340 51 58433 21 58594 56 58698 10 58767 3 58849 60 58955 8 59023 3 59105 62 59213 3 59280 1 59360 63 59616 63 59871 64 60127 63 60383 62 60561 1 60639 60 60817 1 60895 59 61073 2 61150 59 61329 2 61406 59 61585 2 61662 59 61840 5 61917 60 62096 5 62173 59 62351 6 62429 59 62607 6 62684 59 62863 6 62940 59 63121 3 63196 59 63452 35 63488 23 63708 33 63744 23 63964 29 64000 23 64195 4 64219 28 64256 22 64415 2 64449 8 64475 28 64512 22 64669 6 64704 10 64731 27 64768 22 64843 3 64923 10 64944 10 64959 12 64986 27 65024 21 65099 3 65179 11 65199 12 65215 12 65242 27 65280 21 65351 6 65435 33 65471 12 65497 28
402654,0 65536
403524,19 9 33 22 276 7 289 22 532 6 545 22 789 4 801 22 1057 23 1306 30 1561 31 1816 32 2071 34 2323 38 2579 38 2834 39 3090 39 3345 41 3601 42 3857 42 4113 43 4368 45 4624 45 4879 47 5135 48 5391 49 5646 50 5901 52 6157 52 6411 56 6666 57 6921 59 7177 60 7432 61 7688 61 7943 62 8199 62 8449 67 8704 68 8960 68 9216 68 9472 69 9728 69 9984 69 10240 69 10496 69 10753 68 11011 66 11267 66 11524 66 11781 66 12037 67 12293 67 12487 6 12550 67 12742 9 12806 67 12997 10 13063 68 13252 15 13319 68 13508 15 13575 68 13765 14 13831 28 13860 39 14021 14 14088 69 14277 13 14345 68 14533 12 14601 69 14790 9 14856 70 15111 72 15367 72 15623 74 15879 76 16134 79 16390 80 16645 81 16901 81 17156 79 17411 78 17667 75 17922 75 18177 78 18433 80 18689 82 18773 2 18945 82 19028 4 19201 88 19457 88 19712 90 19968 90 20224 87 20480 84 20735 84 20992 83 21248 83 21504 83 21760 83 22016 82 22272 83 22528 83 22785 83 23041 84 23127 4 23297 92 23553 92 23811 92 24067 92 24217 1 24324 91 24465 9 24580 91 24721 9 24753 2 24837 86 24976 9 25007 4 25094 84 25232 9 25263 4 25353 79 25488 9 25519 4 25609 79 25743 10 25776 2 25865 79 25999 8 26122 78 26255 8 26379 76 26514 3 26635 75 26892 72 27148 71 27392 4 27404 70 27648 4 27659 71 27914 73 28170 74 28426 75 28683 74 28940 73 29196 72 29452 70 29708 70 29963 71 30219 71 30475 74 30732 73 30989 75 31245 76 31502 77 31758 77 32014 61 32077 13 32270 60 32333 6 32340 5 32527 58 32590 3 32783 58 32846 3 33039 58 33102 1 33295 58 33550 60 33806 61 34063 60 34319 60 34392 1 34575 58 34647 3 34831 57 34899 2 34903 3 35087 56 35155 3 35159 3 35343 56 35411 2 35415 2 35598 57 35853 58 36109 58 36365 59 36621 61 36877 61 37133 62 37227 2 37389 62 37556 1 37645 61 37810 3 37901 61 38022 1 38065 4 38156 63 38411 64 38669 62 38926 61 39183 60 39439 58 39695 6 39703 47 39951 5 39959 46 40214 45 40470 45 40726 44 40982 43 41038 1 41238 39 41293 5 41493 40 41549 6 41749 40 41797 2 41805 6 42005 40 42051 5 42061 6 42261 40 42304 8 42320 2 42517 24 42543 14 42559 8 42773 24 42799 14 42815 8 43029 4 43035 18 43054 15 43071 8 43292 14 43309 16 43327 7 43447 1 43547 15 43565 17 43583 6 43702 3 43800 19 43821 23 43955 7 44056 9 44069 30 44211 7 44310 9 44321 30 44465 7 44565 8 44577 30 44721 6 44820 9 44833 30 45075 12 45089 30 45325 8 45334 5 45340 4 45345 12 45359 16 45581 6 45591 3 45597 3 45601 30 45838 3 45847 2 45857 30 46095 2 46104 1 46113 30 46360 1 46370 27 46616 2 46621 1 46627 26 46871 8 46883 24 47126 9 47140 23 47379 12 47397 20 47430 1 47566 2 47635 12 47653 20 47686 1 47821 3 47891 12 47908 21 47942 3 48076 4 48147 12 48163 21 48198 3 48331 5 48404 11 48418 17 48436 3 48455 2 48661 30 48712 1 48917 29 49173 29 49429 29 49502 1 49685 29 49758 1 49941 29 50197 29 50452 11 50465 20 50708 11 50722 22 50963 12 50978 24 51219 13 51233 26 51475 21 51500 17 51666 1 51731 20 51757 16 51987 11 52015 8 52025 4 52051 2 52243 10 52271 6 52282 4 52302 1 52306 3 52500 8 52527 4 52537 5 52557 8 52756 7 52782 5 52793 6 52813 8 53037 5 53049 8 53068 8 53295 2 53305 9 53325 2 53562 10 53803 1 53818 11 54060 3 54075 9 54316 3 54335 4 54572 3 54589 4 54845 4 55059 1 55097 1 55100 4 55352 8 55607 10 55862 14 56117 16 56373 16 56629 16 56885 16 57141 3 57145 12 57397 2 57404 9 57661 8 57917 3 61757 4 62013 5 62268 5 62512 1 62523 6 62779 6 63035 5 63291 4 63548 3
403905,0 43 67 133 210 29 256 44 324 134 467 28 512 45 581 134 723 28 768 45 837 136 979 30 1024 45 1093 136 1235 30 1280 45 1350 136 1492 31 1536 45 1606 136 1749 31 1792 46 1861 138 2005 32 2048 46 2117 138 2261 32 2304 46 2373 175 2560 46 2629 174 2816 10 2829 32 2886 172 3072 10 3086 31 3142 171 3328 9 3345 25 3398 169 3584 10 3603 22 3643 6 3654 169 3840 10 3861 18 3897 182 4096 10 4119 14 4152 183 4352 10 4377 8 4409 99 4512 79 4599 4 4608 10 4635 4 4665 98 4771 6 4781 66 4854 6 4864 10 4921 32 4954 65 5039 65 5109 8 5120 9 5178 29 5211 63 5295 64 5364 11 5376 9 5434 27 5468 61 5551 64 5619 22 5691 26 5724 59 5807 64 5875 22 5947 26 5980 53 6059 68 6131 22 6204 25 6236 53 6313 70 6387 21 6460 24 6492 52 6567 72 6643 21 6716 25 6748 51 6821 74 6899 20 6972 24 7004 44 7077 98 7228 24 7261 41 7333 98 7438 5 7484 24 7517 34 7589 99 7692 9 7740 23 7773 32 7845 124 7997 21 8029 31 8101 125 8253 21 8285 30 8353 2 8357 126 8509 21 8539 31 8606 133 8764 23 8795 11 8807 19 8861 136 9020 39 9064 19 9116 29 9152 8 9164 89 9276 64 9372 29 9409 5 9421 31 9454 56 9532 65 9627 28 9680 26 9712 54 9789 66 9861 2 9883 28 9937 24 9968 54 10045 77 10131 2 10142 22 10193 24 10223 55 10301 78 10385 4 10399 20 10449 24 10479 10 10493 41 10559 87 10659 9 10703 26 10736 7 10752 37 10815 88 10917 6 10959 28 10992 7 11008 7 11021 24 11073 86 11213 32 11249 5 11264 5 11277 24 11329 86 11469 33 11505 5 11534 23 11585 86 11724 35 11760 6 11790 23 11841 86 11979 43 12047 22 12096 88 12235 43 12303 22 12352 89 12490 45 12559 21 12607 92 12745 45 12816 20 12862 95 13001 44 13073 19 13117 98 13257 43 13329 19 13372 99 13513 42 13585 20 13627 78 13706 23 13770 41 13842 19 13883 78 13963 23 14026 41 14099 18 14138 105 14283 33 14355 18 14394 105 14539 32 14613 16 14649 107 14797 29 14871 14 14905 107 15053 29 15129 12 15161 108 15311 27 15383 14 15417 110 15568 26 15632 22 15672 115 15826 25 15887 23 15927 117 16083 24 16141 25 16183 119 16338 27 16397 26 16439 120 16594 27 16653 25 16694 123 16849 30 16908 25 16950 124 17103 32 17163 25 17205 126 17356 35 17401 6 17419 26 17461 128 17611 38 17655 9 17675 26 17717 130 17865 55 17931 26 17972 131 18121 55 18187 28 18227 134 18377 55 18443 29 18483 134 18632 56 18699 30 18737 136 18881 2 18888 56 18955 30 18992 137 19135 6 19144 56 19212 30 19246 139 19391 65 19468 31 19501 140 19646 66 19724 244 19980 244 20235 245 20491 245 20746 246 21001 247 21257 74 21332 172 21513 73 21589 171 21769 72 21847 169 22025 16 22043 53 22103 117 22221 51 22281 17 22301 50 22359 169 22537 17 22559 48 22616 168 22791 21 22816 47 22873 170 23047 22 23073 46 23129 199 23331 44 23386 245 23643 240 23893 2 23899 240 24149 3 24156 239 24404 248 24660 209 24870 39 24916 9 24927 198 25127 40 25172 10 25185 195 25385 39 25428 10 25444 192 25643 38 25684 11 25699 192 25901 246 26159 176 26339 66 26415 178 26595 74 26671 38 26711 253 26967 253 27223 252 27481 215 27697 35 27737 215 27954 34 27995 213 28211 33 28251 213 28467 34 28509 211 28722 35 28765 248 29022 247 29279 246 29535 246 29792 245 30049 244 30305 245 30561 246 30816 249 31070 2744 33817 252 34075 250 34331 250 34587 250 34843 250 35099 177 35277 72 35355 176 35535 69 35610 176 35793 66 35866 176 36049 66 36121 249 36377 248 36632 249 36887 249 37143 249 37399 249 37655 249 37911 249 38167 248 38423 248 38679 247 38935 244 39192 243 39447 242 39702 243 39958 243 40209 248 40464 249 40719 59 40781 188 40975 51 41028 5 41037 188 41230 51 41295 187 41486 51 41551 187 41740 53 41807 188 41996 53 42062 189 42252 57 42318 189 42508 59 42574 189 42764 61 42829 252 43085 5376 48465 251 48722 249 48979 248 49235 248 49492 171 49664 74 49748 171 49920 74 50005 170 50176 74 50261 72 50335 96 50432 73 50517 71 50591 96 50688 73 50774 70 50847 96 50944 57 51012 3 51031 69 51103 153 51287 68 51359 150 51543 68 51615 150 51800 67 51873 148 52059 64 52134 144 52317 4 52325 54 52392 143 52583 56 52650 141 52840 56 52907 140 53097 56 53165 13 53183 4 53192 111 53354 57 53421 12 53441 2 53447 113 53611 57 53680 8 53701 115 53867 58 53938 6 53957 116 54086 4 54123 59 54194 7 54211 119 54339 8 54379 59 54450 7 54467 122 54594 10 54635 60 54706 9 54723 123 54849 12 54891 60 54963 8 54978 139 55146 63 55219 8 55232 142 55401 66 55475 8 55487 144 55653 72 55735 4 55741 146 55899 1 55909 73 55996 115 56114 30 56154 4 56166 73 56253 114 56370 31 56409 6 56422 73 56509 114 56626 31 56664 7 56679 74 56765 114 56882 31 56919 7 56935 76 57021 114 57137 33 57174 8 57192 77 57277 115 57393 33 57430 8 57447 80 57533 149 57685 9 57703 82 57789 149 57941 10 57957 84 58046 149 58196 101 58303 250 58559 250 58816 249 59072 249 59329 248 59585 247 59842 246 60099 246 60355 246 60612 247 60869 246 61125 248 61383 246 61639 247 61895 247 62151 247 62407 248 62663 248 62920 247 63176 56 63234 192 63432 56 63495 188 63688 56 63755 245 64011 245 64269 243 64527 241 64785 78 64867 157 65042 75 65123 157 65299 6 65307 64 65379 5 65385 79 65471 65
409913,0 16 44 123 256 13 301 121 512 13 559 118 768 11 813 120 1024 11 1067 122 1280 10 1321 123 1536 10 1577 123 1792 10 1833 123 2048 10 2089 123 2304 9 2347 121 2560 9 2603 121 2816 9 2861 118 3072 8 3119 116 3328 8 3376 113 3584 7 3632 113 3840 7 3887 114 4096 7 4143 113 4352 7 4399 112 4608 6 4655 111 4864 5 4912 109 5120 5 5168 109 5376 2 5425 108 5632 1 5681 108 5939 105 6195 105 6452 103 6708 103 6965 76 7046 21 7222 23 7247 50 7303 20 7481 17 7505 46 7559 19 7737 16 7762 44 7815 18 7995 12 8020 41 8071 17 8255 7 8278 39 8327 16 8537 36 8583 7 8795 34 8839 6 9051 34 9095 5 9307 34 9350 6 9564 15 9581 16 9605 6 9820 14 9839 14 9861 6 10076 13 10095 14 10117 6 10332 13 10352 13 10373 7 10589 12 10610 11 10629 6 10846 11 10867 9 10886 5 11103 9 11143 4 11361 6 11399 4 24831 1 25085 3 25340 4 25595 5 25851 5 26105 7 26360 8 26613 11 26869 11 27124 12 27379 13 27634 14 27890 14 28145 15 28348 2 28401 15 28603 6 28619 6 28657 15 28859 8 28871 11 28913 15 29096 6 29114 25 29167 17 29351 8 29366 2 29370 25 29423 17 29605 47 29679 17 29861 47 29935 17 30117 48 30198 10 30373 48 30455 9 30630 46 30713 7 30887 44 30969 7 31143 44 31225 7 31400 43 31481 7 31539 8 31657 41 31737 7 31795 9 31913 40 31993 7 32049 11 32170 34 32248 8 32305 5 32311 4 32427 30 32503 9 32559 6 32567 5 32683 30 32747 6 32759 9 32814 4 32823 5 32939 30 33002 9 33015 9 33069 4 33079 6 33196 5 33206 19 33257 12 33272 8 33325 3 33335 8 33453 3 33463 19 33512 13 33590 9 33722 17 33767 14 33845 10 33979 16 34022 15 34102 10 34243 7 34278 14 34359 10 34500 6 34533 15 34610 3 34615 10 34733 3 34789 14 34866 3 34871 10 34987 6 35034 1 35045 14 35115 2 35123 2 35127 10 35242 7 35289 2 35301 13 35371 1 35383 4 35391 2 35498 7 35545 2 35558 12 35648 2 35754 6 35801 2 35814 11 35904 3 36011 5 36070 11 36160 3 36326 13 36417 3 36581 14 36673 4 36836 15 36929 4 37091 16 37185 4 37346 17 37440 5 37602 16 37696 5 37857 16 37882 6 37952 5 38113 15 38137 7 38208 4 38296 5 38369 14 38392 8 38465 3 38551 7 38625 12 38648 8 38805 10 38882 11 38903 9 39061 10 39139 9 39158 10 39316 12 39396 8 39413 11 39571 13 39653 6 39669 11 39825 16 39924 12 40081 16 40179 13 40236 5 40253 2 40337 22 40429 19 40491 7 40507 5 40593 22 40684 20 40745 10 40762 8 40782 1 40849 23 40940 20 41000 11 41017 10 41035 5 41105 24 41197 19 41255 43 41361 24 41453 19 41511 44 41617 24 41709 19 41766 47 41872 25 41916 9 41966 18 42022 48 42128 24 42171 11 42223 17 42275 52 42374 34 42425 14 42478 18 42530 53 42591 5 42629 34 42679 16 42733 19 42785 54 42845 8 42884 35 42933 19 42989 19 43042 53 43099 11 43139 36 43189 19 43245 19 43299 52 43354 12 43370 5 43395 37 43444 21 43501 19 43555 67 43625 7 43651 38 43700 21 43757 19 43812 77 43905 40 43956 21 44011 21 44069 77 44161 40 44212 21 44267 21 44324 79 44417 40 44468 21 44522 22 44579 67 44647 12 44673 40 44724 22 44778 22 44834 81 44929 42 44979 23 45033 23 45090 81 45185 44 45235 24 45288 24 45346 81 45442 73 45542 26 45602 81 45699 72 45797 27 45858 80 45955 72 46049 31 46114 80 46211 73 46304 32 46371 78 46466 74 46555 37 46627 78 46721 75 46811 37 46883 77 46975 77 47065 39 47139 77 47230 79 47319 41 47397 75 47485 82 47573 43 47653 75 47741 131 47909 80 47998 5 48004 124 48165 80 48261 123 48422 83 48516 124 48679 84 48771 125 48935 86 49027 125 49191 86 49283 125 49412 2 49449 86 49538 126 49666 6 49705 86 49794 126 49921 13 49961 230 50217 232 50474 232 50731 233 50988 55 51047 174 51246 53 51303 176 51509 45 51560 175 51768 42 51816 25 51842 150 52027 39 52073 22 52101 123 52225 23 52283 39 52329 21 52357 123 52481 23 52539 38 52586 20 52615 121 52737 23 52795 38 52842 20 52873 119 52993 23 53051 38 53098 21 53130 142 53308 38 53353 23 53387 142 53565 38 53608 27 53644 140 53821 38 53863 30 53901 139 54080 71 54160 135 54337 71 54417 134 54594 71 54673 133 54851 72 54929 132 55108 71 55185 132 55364 71 55441 133 55619 72 55697 133 55875 72 55953 134 56122 3 56132 71 56210 133 56375 9 56388 71 56466 134 56625 90 56723 133 56880 91 56980 132 57134 93 57237 54 57296 17 57316 52 57390 93 57494 52 57552 17 57575 49 57645 93 57751 50 57808 19 57833 47 57901 93 58008 49 58064 19 58089 9 58099 36 58163 87 58264 49 58319 18 58347 44 58420 86 58521 48 58575 18 58604 42 58681 81 58777 47 58829 18 58860 42 58940 78 59033 46 59085 17 59117 40 59199 75 59289 44 59341 14 59373 41 59455 75 59547 41 59597 15 59628 43 59685 2 59713 74 59807 35 59853 16 59882 45 59940 3 59971 72 60064 33 60109 17 60132 69 60227 72 60319 32 60366 19 60387 70 60483 73 60575 32 60623 92 60737 76 60830 31 60879 19 60899 82 60991 78 61086 31 61136 17 61158 81 61245 81 61341 32 61397 11 61415 82 61501 81 61596 33 61657 7 61671 168 61851 33 61916 2 61928 167 62105 35 62184 167 62360 36 62427 180 62615 37 62676 187 62871 38 62926 193 63127 38 63181 192 63382 40 63436 194 63637 42 63691 196 63890 46 63945 248 64201 248 64456 250 64710 510 65221 254 65477 59
416208,6655 1 6910 2 7164 4 7419 5 7670 10 7922 14 8173 19 8427 21 8679 25 8933 27 9186 30 9441 31 9693 35 9947 37 10200 40 10452 44 10705 47 10961 47 11215 49 11471 49 11725 51 11981 51 12237 51 12493 51 12749 51 13005 51 13260 52 13515 53 13770 54 14025 55 14277 59 14529 63 14785 63 15040 64 15295 65 15551 65 15805 67 16059 69 16313 71 16567 73 16822 74 17077 75 17275 5 17332 76 17528 9 17588 76 17781 14 17843 77 18036 15 18071 1 18099 77 18289 21 18355 77 18543 25 18611 77 18797 30 18867 77 19052 32 19123 77 19303 38 19379 77 19557 40 19635 77 19809 44 19891 77 20063 47 20147 77 20316 50 20404 76 20569 53 20661 75 20822 56 20917 75 21077 57 21173 75 21329 61 21429 75 21583 62 21686 74 21836 65 21944 72 22091 66 22201 71 22343 68 22457 71 22598 69 22713 71 22852 70 22969 71 23102 75 23225 71 23348 85 23481 71 23602 87 23737 71 23853 93 23993 71 24108 95 24249 71 24362 97 24505 71 24617 98 24762 70 24869 104 24980 1 25018 70 25123 106 25275 69 25377 114 25494 1 25523 4 25531 69 25627 120 25749 3 25756 1 25771 6 25778 7 25787 69 25881 128 26010 3 26024 88 26135 134 26280 88 26386 142 26532 92 26641 239 26890 135 27026 110 27145 136 27282 110 27394 141 27538 253 27793 6155 33949 254 34212 247 34471 244 34727 244 34983 242 35237 4 35245 236 35491 7 35502 234 35746 9 35760 231 36002 9 36017 230 36259 6 36276 227 36515 4 36533 224 36789 224 37045 222 37301 222 37557 222 37813 222 38069 222 38324 223 38569 4 38579 225 38824 6 38833 228 39080 6 39089 228 39335 240 39591 4 39598 237 39854 247 40110 248 40364 1 40368 247 40619 3 40626 254 40882 255 41139 254 41395 758 42154 10 42165 502 42669 4 42675 248 42926 2 42931 248 43187 246 43435 3 43443 252 43699 253 43955 253 44211 254 44467 254 44723 254 44979 254 45235 254 45492 24 45519 229 45749 22 45776 250 46033 246 46290 245 46547 244 46804 243 47061 241 47317 241 47575 238 47831 238 48088 237 48345 233 48601 222 48824 5 48857 221 49114 220 49370 219 49627 218 49885 216 50142 214 50399 212 50655 212 50911 212 51167 212 51424 211 51681 210 51937 210 52193 210 52449 209 52706 207 52943 1 52963 206 53195 6 53220 205 53450 7 53477 204 53701 12 53734 203 53956 13 53990 205 54211 13 54247 204 54466 13 54505 204 54720 15 54763 204 54975 15 55019 206 55230 15 55277 204 55486 14 55534 203 55742 13 55791 202 55997 14 56047 220 56304 219 56561 218 56817 217 57073 6 57081 208 57329 4 57339 205 57585 4 57595 203 57842 1 57854 199 58098 1 58111 192 58367 192 58624 189 58880 189 59135 188 59386 1 59391 187 59648 184 59892 1 59904 183 60148 1 60160 184 60403 3 60416 184 60626 5 60659 4 60672 183 60881 9 60915 4 60928 183 61137 15 61170 5 61184 182 61393 16 61426 5 61440 182 61649 17 61682 4 61696 181 61905 18 61952 181 62161 18 62208 180 62417 18 62464 180 62673 17 62720 180 62928 18 62976 180 63183 18 63232 180 63439 18 63488 180 63694 19 63744 180 63940 7 63949 20 64000 180 64195 9 64205 18 64256 180 64449 32 64512 181 64703 34 64768 181 64959 35 65024 181 65215 2 65218 33 65280 184 65475 32
416662,57 5 75 10 103 3 114 19 161 90 313 6 329 12 369 20 417 90 568 7 583 14 624 21 673 90 823 9 836 17 878 23 931 87 1078 10 1090 19 1133 24 1187 86 1331 35 1387 26 1446 82 1586 35 1643 26 1702 83 1841 36 1899 25 1958 83 2097 36 2155 24 2214 83 2352 37 2411 24 2470 84 2559 1 2608 37 2667 22 2726 90 2865 36 2923 20 2981 91 3121 37 3179 20 3237 91 3377 38 3435 19 3492 92 3633 40 3691 19 3748 92 3873 8 3888 45 3938 6 3947 18 4005 91 4129 9 4143 47 4194 6 4204 17 4261 20 4282 70 4383 72 4461 16 4518 17 4539 69 4639 72 4717 15 4774 17 4797 67 4895 70 4975 12 5031 15 5054 66 5151 70 5231 11 5288 14 5311 65 5407 68 5491 2 5547 8 5576 12 5589 43 5663 68 5803 8 5832 56 5919 69 6004 3 6058 12 6088 56 6175 69 6260 3 6313 14 6344 17 6363 37 6433 68 6516 6 6569 16 6600 17 6621 35 6689 69 6772 7 6825 17 6856 17 6877 35 6948 67 7027 9 7080 20 7111 19 7133 35 7205 67 7283 10 7335 22 7367 20 7389 35 7461 68 7536 13 7591 24 7622 58 7718 69 7791 14 7847 10 7858 14 7885 51 7974 88 8103 8 8115 14 8145 10 8158 34 8230 88 8359 7 8371 16 8401 10 8415 33 8486 88 8615 6 8629 14 8659 5 8671 33 8742 88 8871 6 8885 14 8916 3 8928 32 8998 88 9128 3 9141 14 9185 31 9254 88 9385 1 9397 14 9441 31 9510 88 9653 14 9697 31 9767 87 9909 15 9952 32 10023 87 10165 15 10206 34 10279 87 10421 15 10461 35 10535 87 10678 14 10709 43 10790 88 10935 12 10964 44 11043 92 11193 10 11218 46 11299 92 11450 7 11474 46 11553 94 11730 46 11809 94 11986 46 12067 92 12177 1 12244 44 12323 91 12432 3 12501 43 12581 62 12651 19 12687 5 12757 43 12838 60 12908 18 12943 6 13013 43 13095 58 13165 17 13199 7 13269 43 13351 58 13421 17 13445 3 13453 18 13524 44 13609 56 13677 18 13699 30 13779 45 13865 59 13933 19 13954 32 14035 45 14122 59 14191 52 14290 46 14379 58 14447 52 14546 46 14634 3 14641 52 14703 52 14802 46 14889 4 14897 52 14959 52 15059 45 15140 9 15155 40 15199 5 15215 52 15315 45 15395 10 15411 40 15471 52 15571 45 15651 10 15669 15 15689 18 15727 51 15826 46 15907 10 15925 12 15948 14 15984 49 16082 46 16161 12 16205 12 16241 46 16337 47 16417 12 16461 10 16497 45 16593 47 16671 14 16755 43 16849 47 16927 14 17011 9 17021 33 17105 47 17180 18 17277 34 17361 47 17435 19 17533 34 17617 47 17689 21 17767 6 17787 37 17873 47 17943 23 17987 4 18011 18 18043 37 18129 47 18199 22 18234 15 18261 26 18299 36 18384 48 18455 22 18489 16 18515 29 18554 37 18640 48 18710 22 18743 19 18770 31 18810 37 18895 49 18966 21 18999 20 19025 32 19066 37 19151 49 19222 19 19255 20 19279 34 19322 37 19407 49 19477 21 19511 59 19578 37 19663 49 19732 23 19767 60 19835 37 19919 49 19987 24 20023 60 20091 37 20164 2 20175 49 20244 23 20279 60 20348 36 20420 1 20431 49 20500 23 20535 60 20605 35 20676 1 20687 35 20724 12 20749 5 20756 23 20791 60 20861 35 20932 1 20943 34 20982 10 21005 30 21047 60 21117 34 21199 34 21238 10 21260 31 21303 60 21373 34 21454 29 21487 2 21494 10 21516 31 21559 60 21629 34 21699 2 21709 29 21751 3 21755 4 21772 32 21815 60 21886 31 21953 5 21965 28 22028 32 22071 60 22142 31 22209 6 22221 27 22284 31 22328 58 22398 30 22463 11 22475 28 22539 32 22584 7 22596 46 22655 28 22717 41 22796 15 22812 15 22860 37 22911 27 22972 41 23053 13 23069 13 23116 37 23167 27 23227 43 23310 10 23328 8 23372 36 23424 24 23483 44 23567 8 23585 6 23629 34 23681 22 23739 44 23885 33 23938 17 23996 43 24142 30 24194 14 24252 43 24401 26 24452 10 24508 43 24660 21 24709 8 24764 43 24919 18 25020 43 25177 15 25275 44 25441 6 25526 49 25698 5 25779 53 26033 55 26288 57 26543 58 26799 58 26993 1 27054 59 27248 3 27310 58 27501 7 27565 59 27757 8 27821 59 28011 10 28076 60 28267 10 28331 61 28523 11 28587 60 28779 12 28842 61 29006 4 29034 14 29095 64 29180 4 29232 3 29261 8 29290 14 29338 7 29348 67 29435 5 29486 12 29514 13 29545 16 29588 83 29689 7 29742 13 29769 15 29791 2 29801 16 29844 83 29945 7 29998 15 30025 26 30055 18 30091 4 30101 81 30199 9 30255 14 30281 48 30345 7 30357 81 30454 10 30511 15 30537 52 30601 7 30613 84 30709 11 30767 15 30793 52 30857 6 30869 93 30963 13 31023 15 31048 54 31115 4 31125 107 31251 1 31279 15 31304 54 31371 2 31381 107 31505 6 31536 13 31561 54 31637 107 31760 7 31792 13 31817 54 31893 107 32016 8 32047 14 32073 53 32151 105 32271 9 32303 14 32329 53 32407 105 32527 9 32559 14 32585 52 32663 105 32783 9 32815 14 32841 52 32919 105 33039 10 33071 14 33097 45 33143 4 33176 104 33295 10 33327 14 33352 45 33433 103 33551 10 33583 14 33607 45 33691 101 33807 10 33838 15 33862 29 33892 16 33948 100 34064 8 34094 15 34117 14 34139 4 34149 14 34208 5 34218 42 34262 42 34320 8 34349 16 34373 13 34405 14 34465 2 34475 40 34518 42 34576 8 34605 16 34629 10 34663 10 34734 37 34774 42 34832 8 34861 16 34885 10 34920 8 34991 28 35023 2 35029 43 35088 8 35115 18 35141 8 35179 2 35254 19 35285 43 35344 8 35370 18 35397 7 35511 18 35541 43 35600 7 35625 18 35653 7 35768 15 35797 43 35856 7 35881 17 35909 8 36024 14 36053 43 36112 7 36135 18 36164 9 36281 11 36309 43 36368 6 36391 18 36420 10 36538 9 36565 43 36626 2 36647 17 36675 12 36795 6 36820 44 36903 17 36930 15 37052 4 37075 45 37159 18 37185 17 37329 47 37415 18 37441 18 37585 47 37672 17 37695 22 37839 49 37928 17 37951 22 38095 49 38185 16 38207 23 38351 49 38441 16 38463 24 38607 49 38698 14 38719 24 38863 49 38955 12 38975 25 39119 49 39213 8 39231 25 39375 49 39469 8 39488 24 39632 48 39727 3 39745 23 39889 47 40001 22 40145 47 40231 6 40258 21 40403 45 40486 8 40514 21 40659 45 40740 11 40771 20 40919 41 40996 11 41027 19 41176 34 41214 2 41251 12 41284 17 41434 30 41470 2 41507 12 41539 17 41690 26 41726 2 41762 14 41795 10 41946 21 41981 3 42018 14 42051 9 42202 21 42237 3 42274 15 42306 10 42455 8 42468 13 42491 5 42530 16 42562 9 42711 6 42725 13 42747 5 42786 17 42817 10 42965 8 42982 26 43042 17 43073 10 43221 8 43238 26 43299 16 43328 11 43370 5 43469 17 43493 27 43555 15 43584 11 43625 7 43723 19 43749 27 43814 10 43841 11 43879 10 43896 8 43978 20 44004 28 44073 6 44098 10 44135 10 44152 9 44233 21 44259 29 44355 9 44390 11 44405 13 44488 22 44512 32 44612 8 44645 12 44660 14 44743 21 44766 34 44869 6 44901 30 44999 15 45021 35 45125 5 45157 30 45255 14 45277 35 45413 30 45512 13 45532 36 45668 31 45772 8 45787 37 45877 6 45924 32 46043 37 46131 8 46179 33 46299 37 46385 14 46432 36 46555 38 46641 16 46687 37 46811 39 46897 18 46940 40 47067 40 47153 18 47195 40 47323 40 47409 18 47437 4 47449 42 47579 40 47665 18 47693 5 47703 44 47835 43 47921 17 47949 54 48091 45 48177 16 48203 55 48348 45 48433 16 48458 55 48604 46 48652 3 48689 15 48714 55 48860 51 48933 2 48945 15 48969 55 49116 51 49189 4 49201 15 49225 55 49373 51 49443 8 49455 18 49481 54 49629 16 49651 12 49664 17 49699 10 49711 18 49737 54 49883 17 49910 7 49920 17 49954 31 49993 54 50138 17 50176 17 50210 31 50249 54 50393 17 50432 18 50466 31 50506 9 50519 40 50607 1 50647 17 50688 19 50721 32 50763 8 50775 39 50861 5 50903 16 50944 19 50977 31 51021 3 51034 35 51111 12 51159 14 51200 19 51233 31 51291 34 51366 14 51415 14 51456 20 51489 31 51549 30 51606 1 51621 15 51671 16 51712 19 51745 31 51805 29 51862 1 51876 16 51927 18 51968 19 52002 18 52023 8 52062 31 52130 18 52183 18 52213 30 52258 16 52281 6 52307 4 52319 26 52346 5 52385 20 52439 19 52468 31 52515 15 52540 3 52562 5 52577 30 52616 5 52630 6 52639 22 52695 19 52723 33 52771 14 52817 6 52835 28 52871 6 52885 32 52949 20 52979 34 53028 13 53072 8 53092 13 53107 13 53126 48 53198 27 53234 37 53285 12 53327 9 53349 10 53364 13 53381 49 53453 28 53489 39 53542 13 53583 9 53605 9 53621 12 53634 52 53708 29 53745 39 53799 12 53839 10 53862 8 53879 63 53963 30 54001 40 54057 9 54095 10 54119 8 54136 62 54219 29 54256 41 54313 8 54351 11 54376 7 54392 63 54475 29 54512 42 54571 5 54607 12 54633 10 54647 63 54731 79 54827 4 54863 13 54889 76 54988 79 55119 14 55145 76 55245 77 55375 14 55401 75 55502 76 55627 18 55657 74 55765 59 55825 9 55881 20 55913 74 56022 67 56135 22 56169 73 56281 6 56289 54 56391 22 56425 73 56546 49 56644 23 56680 73 56803 48 56891 30 56935 74 57059 48 57146 26 57191 74 57315 46 57401 27 57443 78 57570 46 57654 30 57697 79 57825 46 57909 31 57952 80 58081 44 58162 33 58207 79 58297 2 58337 43 58417 34 58463 74 58552 3 58592 40 58671 36 58719 72 58807 5 58848 39 58927 36 58973 74 59061 7 59104 38 59181 38 59228 74 59315 9 59359 39 59437 38 59483 75 59570 10 59615 38 59692 38 59737 76 59825 14 59871 38 59947 38 59993 56 60053 16 60081 15 60127 37 60203 39 60247 56 60311 10 60337 21 60383 36 60458 40 60503 55 60568 9 60593 22 60640 32 60713 42 60758 55 60824 9 60849 24 60896 32 60969 42 61013 55 61079 12 61105 24 61153 31 61225 42 61268 55 61335 13 61360 25 61409 31 61480 42 61525 54 61590 15 61616 26 61666 30 61736 41 61781 54 61845 18 61871 27 61923 29 61992 40 62037 54 62101 18 62126 29 62179 29 62248 39 62294 53 62356 21 62381 30 62437 27 62505 37 62551 51 62612 55 62694 26 62761 36 62807 50 62867 57 62952 24 63019 34 63063 50 63123 58 63209 23 63277 32 63321 48 63378 61 63465 23 63533 32 63576 49 63633 64 63722 22 63788 33 63830 52 63887 68 63978 22 64044 33 64085 54 64142 70 64235 21 64300 32 64341 128 64491 21 64555 32 64597 128 64747 21 64811 32 64853 128 65003 21 65067 32 65109 128 65259 21 65323 30 65366 127 65515 15
417960,0 65536
418853,0 65536
421383,49 50 103 28 163 16 203 44 305 50 359 28 418 20 451 51 561 50 614 28 674 21 707 51 817 48 870 28 929 24 963 50 1073 48 1125 28 1183 27 1218 51 1309 2 1329 47 1381 28 1437 29 1473 52 1565 2 1584 48 1637 28 1693 29 1729 52 1821 1 1839 11 1861 26 1893 28 1949 29 1984 52 2085 4 2095 10 2118 25 2149 27 2205 30 2239 53 2349 13 2375 25 2404 27 2460 88 2605 14 2631 14 2647 10 2659 28 2716 88 2859 16 2887 12 2905 34 2970 90 3113 18 3143 11 3161 34 3224 92 3367 20 3399 9 3417 32 3478 95 3622 22 3654 10 3673 32 3734 94 3877 24 3907 15 3927 32 3989 92 4133 24 4161 18 4183 30 4244 91 4387 80 4500 89 4643 79 4756 88 4897 80 5012 88 5152 81 5268 89 5407 82 5525 90 5618 3 5663 82 5781 97 5917 84 6037 99 6165 4 6173 84 6293 99 6419 94 6549 100 6669 100 6805 101 6925 100 7061 101 7181 99 7317 101 7436 99 7574 100 7692 99 7831 38 7872 58 7948 96 8088 36 8129 56 8204 94 8345 34 8386 55 8461 90 8561 2 8604 31 8640 57 8717 89 8815 6 8851 2 8861 30 8895 58 8976 79 9071 6 9106 4 9117 30 9149 59 9233 76 9327 7 9361 6 9373 91 9489 74 9583 9 9597 6 9616 8 9629 90 9745 74 9839 9 9853 6 9872 9 9887 88 9999 76 10095 10 10106 11 10128 9 10145 87 10254 76 10352 21 10384 9 10402 86 10505 81 10611 4 10617 12 10639 8 10660 83 10759 83 10873 13 10895 4 10917 82 11013 84 11129 14 11150 4 11173 82 11269 84 11386 13 11405 5 11430 81 11525 84 11613 6 11642 24 11687 80 11781 84 11869 6 11899 23 11943 80 12036 85 12125 8 12155 24 12201 79 12292 84 12381 8 12412 23 12463 74 12548 84 12637 8 12668 24 12721 72 12804 84 12893 8 12923 26 12978 71 13060 83 13149 7 13178 27 13219 5 13237 4 13243 64 13316 84 13406 5 13434 28 13473 8 13494 3 13499 64 13573 84 13690 29 13728 11 13751 1 13755 67 13829 84 13946 29 13983 13 14007 1 14011 68 14087 82 14202 29 14234 21 14261 75 14343 82 14457 30 14488 23 14517 75 14600 8 14609 72 14714 53 14773 75 14855 9 14865 48 14918 19 14971 52 15029 75 15109 10 15123 44 15175 18 15227 52 15285 75 15365 11 15379 44 15431 18 15484 51 15542 74 15619 13 15636 9 15646 32 15689 16 15741 22 15765 27 15798 74 15874 14 15893 7 15903 30 15946 15 15998 20 16021 27 16054 92 16159 29 16201 16 16255 17 16277 28 16311 92 16415 28 16457 16 16512 16 16533 28 16567 92 16672 25 16712 18 16769 15 16789 28 16825 90 16928 23 16967 19 17025 16 17045 28 17081 92 17185 19 17223 20 17281 16 17301 28 17339 36 17378 51 17441 18 17479 20 17538 16 17557 28 17595 36 17634 51 17699 15 17735 20 17759 4 17795 16 17813 28 17851 35 17891 51 17956 14 17991 19 18013 6 18051 16 18069 28 18107 35 18147 51 18215 10 18248 29 18307 46 18364 35 18403 28 18432 22 18475 6 18504 30 18564 45 18621 34 18659 14 18675 12 18688 21 18761 30 18820 46 18877 35 18916 8 18934 7 18944 21 19019 29 19077 45 19132 37 19174 5 19192 3 19200 20 19278 27 19333 46 19387 4 19395 31 19456 20 19533 28 19588 48 19643 4 19652 30 19712 19 19789 27 19844 49 19897 6 19910 29 19968 19 20044 28 20100 50 20152 7 20167 28 20224 19 20299 28 20356 49 20407 9 20424 25 20480 19 20555 28 20613 48 20663 9 20681 24 20736 19 20811 28 20869 47 20917 12 20937 22 20992 20 21067 27 21125 45 21173 12 21193 20 21248 21 21323 26 21383 42 21429 12 21450 17 21487 2 21504 21 21578 28 21640 41 21685 13 21707 15 21741 6 21760 21 21834 28 21863 7 21871 5 21898 15 21914 22 21941 15 21958 3 21965 12 21992 12 22016 21 22090 43 22155 10 22171 21 22197 20 22221 10 22247 13 22272 21 22346 47 22411 8 22427 20 22453 22 22479 7 22502 16 22528 22 22602 48 22667 7 22683 20 22709 22 22737 3 22758 17 22784 28 22857 49 22924 5 22939 20 22965 23 23013 18 23040 30 23112 49 23180 5 23195 20 23221 23 23270 17 23296 31 23363 29 23394 23 23450 21 23477 24 23526 18 23552 31 23619 29 23649 24 23694 2 23703 24 23733 24 23782 18 23808 32 23874 55 23950 34 23989 24 24037 19 24064 32 24129 56 24205 35 24245 24 24291 21 24320 33 24385 18 24404 36 24445 50 24501 26 24545 23 24576 33 24640 19 24660 36 24699 52 24757 26 24801 23 24832 33 24883 2 24895 20 24916 35 24955 49 25013 28 25056 25 25088 33 25139 4 25150 21 25172 35 25211 48 25269 28 25312 25 25344 33 25394 5 25404 23 25428 35 25466 49 25524 31 25567 26 25600 33 25650 6 25659 60 25722 49 25781 30 25823 27 25856 32 25905 7 25914 61 25977 51 26037 30 26079 28 26112 32 26161 7 26169 61 26233 51 26293 12 26307 15 26335 28 26368 33 26417 69 26489 52 26549 10 26563 14 26591 28 26624 34 26673 5 26679 62 26745 52 26805 8 26819 14 26847 28 26880 37 26929 4 26935 62 27001 52 27061 7 27076 11 27102 30 27136 53 27191 25 27217 36 27257 52 27317 6 27332 9 27357 31 27391 80 27473 36 27514 51 27575 3 27589 6 27613 114 27729 36 27770 50 27845 5 27869 88 27961 21 27985 34 28027 48 28102 2 28125 88 28217 21 28242 33 28283 48 28381 87 28473 21 28498 33 28539 46 28637 86 28730 20 28754 31 28795 44 28893 86 28987 18 29010 29 29051 33 29148 86 29243 18 29266 28 29307 33 29404 78 29485 4 29500 17 29521 28 29563 34 29660 78 29741 3 29756 17 29777 27 29819 36 29915 79 30013 14 30033 26 30077 37 30169 25 30195 55 30271 12 30289 26 30333 38 30423 26 30451 54 30529 8 30545 24 30590 39 30675 30 30707 54 30787 3 30801 24 30847 38 30927 35 30963 52 31019 4 31057 21 31104 38 31182 88 31275 4 31313 20 31361 37 31437 88 31531 4 31569 19 31618 36 31693 88 31787 4 31825 18 31874 35 31949 89 32043 4 32083 16 32130 35 32203 91 32300 2 32339 15 32386 35 32452 100 32553 5 32601 8 32643 33 32705 109 32859 4 32899 33 32960 111 33156 31 33215 112 33413 30 33470 114 33669 30 33725 116 33926 29 33981 116 34183 28 34235 118 34441 26 34491 119 34675 4 34699 24 34747 120 34931 5 34956 24 35003 120 35186 7 35214 23 35259 121 35442 7 35467 26 35515 121 35699 6 35720 29 35770 123 35955 6 35975 30 36026 123 36212 4 36229 33 36282 123 36468 4 36484 34 36539 122 36726 2 36739 35 36795 123 36939 1 36994 36 37051 123 37191 7 37240 3 37249 36 37309 121 37447 8 37495 6 37504 37 37565 120 37701 13 37751 45 37824 117 37957 14 38007 44 38081 114 38212 18 38265 42 38338 111 38465 21 38521 41 38595 60 38656 46 38720 23 38777 36 38851 58 38912 45 38975 24 39033 34 39107 57 39168 43 39231 25 39289 34 39363 54 39424 43 39487 25 39518 1 39545 34 39619 52 39680 43 39732 9 39743 26 39771 7 39801 33 39875 34 39936 42 39987 38 40026 10 40045 4 40057 33 40131 32 40192 42 40241 64 40313 34 40387 32 40447 44 40495 67 40569 34 40643 31 40702 117 40826 35 40899 30 40957 89 41049 26 41082 37 41155 29 41211 88 41305 26 41338 40 41411 27 41466 89 41562 26 41594 41 41666 27 41721 7 41731 78 41819 26 41849 44 41921 26 41974 10 41987 78 42075 26 42105 44 42177 26 42229 11 42244 77 42333 25 42359 47 42433 25 42475 21 42500 76 42589 74 42689 24 42731 21 42757 75 42847 72 42946 23 42984 24 43013 75 43103 72 43203 22 43237 27 43270 6 43281 62 43360 71 43460 22 43488 32 43528 2 43537 62 43616 71 43715 61 43795 1 43799 55 43871 72 43971 61 44055 54 44127 72 44227 61 44311 52 44383 71 44483 61 44567 52 44639 71 44739 61 44824 49 44895 71 44995 61 45080 49 45151 70 45251 61 45337 47 45406 70 45507 61 45593 47 45662 70 45763 61 45850 46 45919 67 46019 61 46107 45 46175 63 46275 61 46363 45 46429 63 46533 59 46619 45 46685 63 46790 58 46875 45 46940 64 47048 56 47131 45 47195 65 47306 54 47386 47 47451 14 47466 51 47566 50 47643 46 47706 67 47823 49 47899 46 47961 69 48080 48 48155 45 48217 70 48336 48 48411 44 48473 72 48593 47 48667 44 48729 74 48849 47 48924 41 48985 78 49109 43 49180 41 49241 79 49367 41 49437 38 49498 20 49521 6 49531 46 49625 39 49693 38 49743 3 49754 20 49778 3 49787 46 49881 39 49950 39 49998 5 50013 4 50020 10 50042 47 50137 39 50207 40 50253 6 50277 9 50298 47 50394 38 50467 4 50474 31 50509 8 50533 10 50554 48 50651 37 50731 32 50765 8 50789 10 50810 49 50907 37 50988 41 51046 9 51066 49 51163 37 51244 40 51301 10 51321 50 51419 37 51500 39 51554 12 51577 51 51673 4 51680 32 51756 39 51809 12 51833 51 51926 2 51937 31 52012 39 52063 13 52088 53 52181 4 52195 29 52268 39 52319 12 52344 53 52436 5 52451 29 52524 40 52571 16 52600 53 52709 27 52780 41 52826 18 52856 53 52968 24 53036 65 53112 53 53225 23 53292 65 53368 53 53482 22 53548 66 53624 52 53700 1 53740 20 53804 66 53880 52 53955 4 53997 19 54059 67 54137 51 54207 10 54221 6 54254 18 54315 67 54394 50 54454 21 54477 6 54510 18 54570 67 54651 50 54707 33 54767 17 54826 67 54908 3 54915 44 54962 35 55004 3 55023 17 55081 68 55172 81 55259 6 55280 16 55337 68 55429 81 55515 6 55536 16 55593 67 55686 81 55771 7 55793 15 55849 68 55943 80 56026 9 56050 14 56105 68 56200 95 56308 12 56361 68 56456 97 56565 10 56619 66 56713 100 56823 7 56875 66 56969 102 57080 5 57133 64 57225 104 57389 64 57482 103 57645 64 57738 104 57902 62 57994 105 58159 60 58251 105 58415 9 58426 49 58509 104 58673 4 58684 46 58768 102 58931 2 58940 46 59026 101 59196 45 59287 96 59452 45 59544 96 59701 3 59708 32 59743 10 59801 96 59956 6 59964 9 59975 20 60000 8 60057 96 60211 18 60233 17 60257 6 60287 2 60314 96 60467 17 60491 6 60501 3 60515 4 60541 8 60571 96 60723 17 60748 5 60797 12 60829 95 60979 17 61004 6 61014 1 61052 13 61087 94 61235 18 61261 13 61306 17 61349 88 61491 18 61515 16 61560 19 61605 88 61746 19 61768 19 61813 22 61861 89 62001 42 62069 22 62117 89 62255 46 62324 23 62373 90 62510 47 62580 23 62629 90 62765 49 62836 23 62885 90 63021 50 63091 24 63140 91 63276 52 63347 23 63395 11 63408 80 63532 53 63604 21 63651 93 63789 54 63861 18 63907 93 64045 54 64117 18 64163 93 64301 24 64327 30 64374 14 64417 95 64557 20 64585 28 64631 12 64672 96 64813 18 64843 26 64889 8 64927 97 65069 18 65099 26 65147 4 65183 97 65325 17 65355 27 65438 30 65477 59
423047,67 6 76 8 93 4 177 7 324 17 351 3 435 4 580 17 607 3 692 3 836 19 864 2 1092 20 1121 1 1347 22 1595 29 1849 31 1917 2 1977 1 2102 34 2173 3 2232 3 2353 38 2427 9 2489 1 2556 4 2595 4 2609 38 2683 10 2745 1 2811 5 2849 8 2863 26 2890 11 2939 10 2996 1 3067 5 3105 39 3149 6 3195 9 3324 4 3361 38 3451 7 3581 3 3617 38 3708 5 3837 3 3859 3 3873 38 4114 5 4128 38 4179 1 4371 4 4384 37 4433 4 4627 4 4640 37 4689 4 4885 2 4895 38 4941 8 5151 38 5196 9 5405 40 5451 10 5659 42 5707 10 5911 46 5962 9 6167 46 6218 9 6423 46 6474 9 6679 46 6730 9 6935 46 6986 8 7191 46 7243 7 7449 45 7500 5 7537 12 7706 45 7756 5 7793 14 7963 54 8048 16 8220 53 8303 18 8477 52 8558 19 8733 52 8813 20 8990 51 9068 23 9148 9 9235 5 9246 51 9324 23 9404 10 9490 9 9501 52 9581 6 9589 18 9660 13 9745 10 9756 53 9839 4 9847 16 9916 14 9999 64 10106 12 10172 15 10255 64 10364 9 10428 15 10509 64 10621 8 10684 16 10765 62 10877 7 10940 16 11021 60 11135 4 11196 16 11276 59 11391 4 11452 15 11532 57 11649 3 11708 5 11714 7 11788 57 11905 3 11964 5 11971 5 12044 56 12220 10 12299 57 12477 8 12554 57 12736 3 12808 58 12992 3 13062 59 13249 2 13317 60 13570 17 13591 42 13729 2 13824 19 13847 43 13984 5 14080 67 14239 8 14311 3 14336 68 14495 8 14566 5 14592 68 14750 9 14822 5 14848 68 15006 9 15078 5 15104 68 15220 3 15263 8 15335 3 15360 68 15476 3 15519 7 15591 1 15616 67 15731 6 15769 11 15796 1 15872 67 15987 6 16025 6 16033 1 16051 2 16128 3 16135 60 16245 3 16280 7 16307 3 16351 6 16384 2 16392 59 16502 1 16535 8 16562 4 16607 8 16640 1 16649 56 16790 10 16818 4 16863 10 16877 7 16905 55 17046 10 17074 3 17119 11 17132 9 17161 53 17301 12 17329 2 17375 23 17417 53 17557 12 17577 1 17585 2 17631 24 17665 60 17814 13 17831 7 17839 3 17888 23 17921 60 18070 28 18144 23 18176 62 18327 24 18353 1 18400 25 18432 72 18584 22 18609 1 18656 25 18688 74 18841 20 18911 27 18944 74 19097 20 19167 27 19201 73 19355 18 19421 29 19457 73 19611 18 19677 29 19714 72 19871 14 19931 31 19970 72 20128 13 20187 31 20226 73 20389 8 20441 33 20481 74 20560 1 20645 8 20697 33 20737 4 20743 76 20902 7 20953 33 20993 4 21001 47 21049 26 21159 6 21209 33 21249 3 21259 44 21307 25 21419 2 21464 35 21503 1 21505 3 21516 44 21562 25 21719 37 21758 2 21761 3 21774 68 21975 41 22017 3 22031 67 22231 41 22273 3 22288 63 22487 41 22529 3 22544 62 22743 41 22785 3 22801 61 22999 41 23041 3 23057 61 23255 41 23297 4 23313 62 23511 26 23539 13 23554 3 23569 62 23767 26 23796 12 23811 4 23825 62 23978 5 24023 26 24054 10 24067 5 24081 62 24233 7 24279 26 24310 10 24323 6 24335 65 24488 8 24536 25 24567 7 24579 7 24591 65 24744 8 24793 24 24823 5 24835 8 24847 66 24999 9 25050 23 25078 4 25091 8 25102 67 25255 9 25306 23 25333 4 25347 78 25497 22 25562 31 25603 78 25753 22 25818 31 25858 79 26008 22 26072 26 26099 6 26114 79 26263 22 26327 27 26355 5 26369 86 26507 11 26519 21 26583 26 26624 89 26762 34 26839 26 26880 89 27013 39 27095 25 27137 88 27269 42 27351 24 27395 86 27524 46 27601 4 27608 23 27651 86 27780 46 27857 29 27909 84 28037 45 28112 28 28165 84 28293 44 28367 28 28421 13 28438 22 28463 42 28548 42 28623 27 28676 13 28695 21 28719 42 28804 41 28879 26 28931 13 28952 20 28976 41 29059 38 29136 23 29186 14 29209 20 29232 41 29315 38 29392 23 29441 14 29466 19 29487 42 29568 41 29649 20 29695 1 29697 14 29722 19 29743 41 29822 42 29905 19 29951 1 29953 15 29980 59 30075 44 30163 18 30205 19 30241 54 30329 45 30410 6 30421 16 30461 3 30465 16 30498 12 30511 6 30522 28 30585 45 30665 8 30677 16 30718 2 30721 16 30754 11 30769 3 30779 26 30840 47 30921 8 30933 16 30975 1 30977 16 30999 5 31010 10 31035 24 31095 50 31167 4 31175 11 31189 17 31233 16 31254 7 31267 8 31291 24 31351 51 31423 20 31445 16 31490 30 31525 2 31547 22 31605 34 31640 19 31678 39 31746 31 31803 22 31861 32 31899 17 31934 39 32001 33 32059 22 32116 30 32165 8 32191 38 32257 33 32315 22 32371 19 32397 4 32421 9 32447 37 32513 34 32573 3 32583 9 32627 18 32654 3 32678 8 32704 36 32769 34 32830 1 32840 7 32883 18 32911 3 32935 7 32960 36 33025 12 33041 18 33139 19 33168 3 33191 6 33215 37 33282 11 33297 18 33395 19 33425 4 33447 6 33471 37 33543 4 33555 16 33651 19 33681 5 33704 5 33727 38 33799 4 33811 17 33875 1 33907 19 33937 5 33960 5 33982 39 34049 12 34068 16 34130 5 34163 19 34193 6 34216 5 34237 40 34304 13 34324 17 34374 1 34386 5 34410 3 34419 19 34449 7 34472 5 34492 42 34560 13 34579 18 34629 6 34642 11 34665 4 34674 21 34705 8 34727 9 34746 44 34816 13 34835 18 34885 7 34899 12 34921 5 34930 21 34962 7 34983 10 35001 45 35072 14 35089 20 35141 8 35156 13 35177 5 35187 20 35219 9 35238 12 35256 15 35275 27 35328 37 35397 8 35412 13 35434 4 35444 19 35475 9 35493 14 35511 18 35530 28 35584 37 35654 7 35669 13 35703 16 35737 4 35748 16 35765 49 35840 37 35910 7 35925 14 35960 14 35993 4 36003 66 36096 37 36168 5 36182 13 36219 8 36251 72 36352 37 36425 4 36438 13 36477 4 36507 71 36608 38 36694 13 36763 72 36864 38 36950 14 37019 72 37120 39 37206 15 37274 74 37376 39 37462 15 37529 76 37632 40 37718 15 37783 79 37888 40 37974 15 38026 3 38039 79 38144 40 38231 14 38281 4 38295 78 38400 41 38488 13 38536 5 38551 78 38656 47 38746 11 38791 6 38806 79 38912 48 39003 8 39047 6 39062 79 39168 50 39281 4 39303 4 39317 80 39409 2 39424 51 39537 4 39573 80 39663 6 39680 52 39792 6 39828 82 39917 11 39936 53 40047 8 40083 84 40172 13 40192 53 40303 8 40339 84 40427 16 40448 53 40559 8 40595 86 40683 16 40704 54 40815 9 40851 106 40960 55 41070 10 41107 106 41216 55 41326 10 41363 108 41472 56 41583 9 41619 108 41728 58 41839 8 41875 108 41984 59 42095 7 42131 168 42353 5 42388 168 42644 169 42900 169 43156 169 43411 170 43667 171 43921 173 44177 174 44390 4 44432 131 44567 40 44645 6 44688 13 44704 113 44824 41 44901 7 44943 13 44961 111 45080 42 45157 7 45200 12 45219 108 45336 43 45412 9 45457 11 45493 90 45593 43 45668 9 45713 11 45749 89 45849 44 45925 8 45971 8 46007 86 46105 44 46182 7 46227 8 46263 79 46361 45 46439 6 46483 8 46519 78 46617 45 46696 5 46740 7 46751 3 46775 77 46866 53 46953 4 46996 5 47007 4 47031 77 47121 54 47211 2 47251 4 47264 3 47287 77 47377 9 47393 38 47507 2 47542 77 47633 10 47649 38 47763 2 47797 77 47889 10 47905 23 47929 14 48020 1 48053 76 48145 10 48161 21 48185 14 48276 1 48302 82 48401 10 48418 19 48443 10 48559 81 48656 11 48674 9 48688 5 48699 10 48815 81 48908 15 48931 6 48957 7 49072 80 49164 15 49187 6 49213 5 49329 79 49419 19 49445 1 49591 73 49675 20 49848 72 49931 22 49993 3 50105 71 50187 24 50248 5 50361 71 50443 24 50504 5 50542 2 50617 71 50700 23 50760 5 50798 3 50873 71 50958 21 51017 3 51053 6 51129 19 51149 51 51214 19 51309 6 51384 19 51405 51 51471 16 51566 6 51639 19 51662 50 51727 16 51822 8 51894 21 51918 50 51983 9 52079 12 52146 78 52240 7 52335 12 52390 90 52592 11 52644 92 52792 2 52848 11 52899 93 53047 3 53104 11 53143 2 53155 93 53303 3 53359 12 53397 6 53410 94 53559 4 53610 17 53652 108 53803 6 53815 5 53865 17 53907 109 54059 6 54071 3 54121 16 54162 110 54315 6 54327 3 54336 1 54377 15 54417 44 54464 64 54571 5 54591 2 54633 14 54673 43 54721 63 54827 5 54847 2 54889 14 54928 44 54977 63 55085 2 55103 2 55145 12 55184 45 55233 63 55315 3 55341 2 55360 1 55401 12 55441 66 55509 43 55569 6 55597 2 55619 1 55656 15 55699 62 55768 40 55825 7 55853 2 55874 3 55911 16 55955 62 56025 39 56083 7 56131 3 56165 15 56184 2 56211 62 56280 40 56339 8 56387 3 56421 12 56440 3 56467 63 56536 40 56597 6 56643 4 56677 10 56723 64 56792 40 56853 6 56899 4 56935 3 56979 64 57047 41 57111 3 57139 2 57155 3 57235 65 57301 43 57395 6 57411 2 57491 109 57650 7 57743 113 57906 7 57997 115 58163 5 58249 119 58419 4 58505 119 58760 120 59015 121 59271 121 59527 121 59685 1 59697 3 59783 121 59939 3 59953 3 60038 122 60294 122 60549 123 60805 123 61061 123 61315 125 61571 125 61826 126 62075 2 62079 129 62330 134 62585 135 62841 135 63098 134 63355 133 63615 129 63873 127 64130 126 64387 125 64644 124 64827 5 64901 123 65082 7 65157 123 65336 12 65413 123
423050,0 65536
432006,0 169 176 4 187 3 197 30 249 4 256 181 443 6 453 30 502 192 699 41 757 194 955 42 1012 197 1210 43 1268 242 1523 244 1779 246 2033 250 2287 10202 12493 255 12749 195 12949 7 12957 58 13021 176 13221 42 13264 5 13278 175 13477 47 13532 176 13733 44 13786 177 13989 44 14041 178 14244 47 14299 176 14499 48 14555 168 14725 4 14747 3 14755 49 14813 164 15002 5 15011 49 15069 163 15257 8 15267 50 15326 162 15513 8 15522 51 15580 164 15771 60 15834 19 15854 146 16027 81 16111 146 16284 79 16368 145 16540 72 16614 4 16625 144 16797 70 16881 144 17053 70 17137 144 17310 70 17393 144 17566 70 17650 142 17823 71 17907 141 18080 66 18147 3 18164 139 18338 64 18413 1 18421 138 18595 63 18668 3 18677 136 18853 61 18924 3 18933 136 19110 60 19180 3 19187 126 19318 7 19367 59 19436 3 19441 128 19574 6 19623 60 19693 131 19831 4 19879 60 19949 27 19977 103 20135 60 20205 24 20234 101 20343 4 20392 59 20460 25 20491 100 20599 4 20649 58 20716 25 20747 99 20856 3 20907 54 20971 26 21004 98 21113 1 21118 1 21165 52 21227 26 21261 92 21355 4 21373 4 21423 48 21482 27 21517 94 21612 4 21629 5 21679 48 21738 27 21773 94 21869 4 21882 13 21935 48 21995 26 22030 93 22125 4 22137 15 22191 48 22251 27 22288 90 22393 16 22446 49 22507 28 22549 84 22648 17 22702 48 22763 28 22806 84 22904 23 22958 47 23019 28 23062 85 23161 24 23214 47 23274 29 23317 86 23423 10 23437 6 23470 45 23528 31 23573 86 23676 1 23679 10 23692 7 23726 44 23785 30 23829 88 23931 25 23983 40 24041 30 24085 89 24176 6 24186 6 24194 19 24240 38 24297 32 24342 103 24451 20 24497 36 24552 35 24599 102 24707 20 24753 35 24807 37 24856 101 24963 20 25009 34 25063 38 25113 100 25220 19 25265 32 25319 40 25369 99 25477 19 25522 29 25575 40 25625 99 25733 19 25779 28 25832 41 25881 100 25987 14 26005 5 26035 26 26088 41 26137 100 26243 14 26261 5 26291 26 26345 42 26393 100 26499 14 26516 7 26547 25 26601 44 26647 102 26755 25 26803 24 26857 148 27010 10 27021 16 27059 11 27073 8 27113 148 27265 10 27277 6 27284 9 27315 10 27369 148 27520 9 27533 6 27541 9 27571 9 27625 160 27789 17 27828 8 27881 44 27926 136 28085 5 28138 43 28183 135 28394 43 28439 92 28532 43 28651 42 28695 92 28788 43 28907 42 28951 136 29163 42 29207 136 29419 180 29675 180 29931 42 29979 100 30085 24 30188 12 30208 21 30235 100 30342 22 30445 10 30464 21 30493 97 30601 18 30702 9 30720 21 30749 96 30857 18 30959 8 30976 20 31006 95 31114 16 31218 3 31232 21 31262 96 31371 15 31488 22 31518 97 31627 16 31744 23 31774 97 31882 17 32000 24 32030 125 32188 3 32256 24 32286 126 32443 15 32511 25 32543 126 32689 1 32699 20 32767 25 32799 126 32945 2 32955 22 33023 25 33055 126 33199 6 33211 24 33278 26 33313 124 33455 6 33467 24 33535 26 33571 122 33712 7 33722 26 33791 26 33827 122 33968 36 34048 25 34085 121 34224 36 34304 25 34341 122 34481 35 34560 25 34597 124 34737 36 34816 25 34853 131 34994 36 35072 25 35109 75 35189 52 35252 37 35328 25 35365 75 35446 51 35509 36 35584 26 35622 74 35703 51 35767 36 35840 27 35879 73 35960 51 36023 37 36096 29 36136 73 36215 54 36281 36 36352 30 36393 72 36469 58 36539 35 36608 33 36651 133 36796 35 36864 34 36908 133 37052 35 37120 35 37165 136 37308 39 37376 35 37421 138 37562 42 37606 2 37632 35 37677 192 37888 35 37934 192 38144 35 38189 195 38400 35 38445 196 38656 35 38699 199 38912 37 38954 201 39168 243 39424 244 39680 246 39936 246 40192 246 40448 247 40704 246 40960 53 41019 187 41216 51 41277 184 41472 51 41533 185 41728 53 41791 184 41984 53 42047 184 42240 54 42303 184 42496 54 42559 184 42752 54 42815 184 43008 54 43071 184 43265 52 43326 185 43520 53 43581 186 43776 53 43837 186 44032 53 44092 187 44288 246 44544 245 44800 243 45056 243 45312 241 45568 242 45824 242 46080 242 46336 242 46592 27 46620 214 46848 25 46878 213 47104 24 47135 212 47360 23 47395 2 47399 205 47616 23 47655 206 47872 5 47883 10 47911 206 48128 5 48139 9 48166 208 48384 5 48397 5 48420 210 48640 5 48653 4 48674 212 48896 4 48909 2 48927 216 49152 4 49165 2 49183 216 49408 4 49421 2 49438 197 49637 18 49664 3 49677 2 49694 193 49893 19 49920 3 49932 3 49951 162 50114 29 50150 18 50176 3 50187 4 50207 160 50371 28 50406 19 50432 1 50442 5 50462 161 50629 26 50663 20 50697 6 50718 161 50886 24 50919 20 50951 8 50974 162 51144 22 51175 20 51207 8 51230 163 51402 19 51431 20 51458 13 51487 163 51687 20 51713 15 51744 163 51943 20 51969 16 52004 160 52205 4 52212 7 52225 16 52261 160 52469 5 52480 17 52518 159 52695 2 52736 17 52774 160 52950 4 52992 17 53036 155 53205 6 53248 17 53292 156 53461 5 53504 17 53545 4 53554 157 53717 4 53760 17 53800 5 53811 158 53973 4 54016 18 54054 7 54068 162 54272 19 54309 8 54324 161 54528 27 54565 9 54577 165 54784 28 54822 177 55017 2 55040 29 55079 176 55266 11 55296 29 55336 153 55490 20 55520 14 55552 29 55593 151 55748 17 55775 16 55808 29 55850 3 55855 144 56006 13 56029 18 56065 27 56111 144 56264 3 56285 19 56322 25 56367 144 56521 2 56541 6 56549 12 56579 23 56623 144 56775 4 56807 10 56835 16 56856 1 56880 144 57029 6 57064 9 57091 12 57137 144 57284 7 57323 5 57347 13 57393 153 57580 4 57600 17 57630 3 57651 149 57856 17 57885 5 57907 148 58112 13 58127 2 58139 7 58165 17 58183 127 58368 12 58383 2 58395 7 58421 14 58439 127 58571 2 58624 7 58651 7 58679 6 58697 133 58880 3 58907 7 58954 132 59136 3 59164 6 59183 3 59212 131 59392 3 59421 4 59437 9 59468 131 59615 2 59648 5 59679 2 59693 12 59725 3 59735 119 59869 6 59904 6 59936 1 59948 14 59981 2 59992 118 60125 6 60191 2 60203 15 60251 115 60382 4 60404 2 60447 3 60459 15 60509 113 60639 2 60659 4 60680 3 60703 4 60715 14 60769 30 60802 77 60881 2 60916 2 60935 4 60959 4 60971 14 61025 30 61058 81 61191 6 61214 5 61226 15 61282 29 61315 81 61447 6 61471 4 61483 13 61538 31 61570 82 61703 6 61728 2 61739 11 61756 3 61794 113 61958 7 61984 1 61996 9 62011 4 62050 113 62213 10 62253 8 62266 5 62305 112 62469 10 62482 4 62509 6 62522 5 62560 111 62725 18 62816 109 62981 18 63072 108 63237 19 63328 3 63335 99 63493 20 63585 2 63591 99 63749 20 63773 2 63845 102 63953 3 64005 20 64029 2 64101 102 64209 4 64261 2 64267 16 64284 3 64355 113 64504 8 64517 2 64525 18 64610 114 64756 12 64781 19 64865 114 65009 15 65037 20 65121 114 65259 21 65298 21 65377 104 65482 8 65513 23
432339,0 65536
433193,0 188 192 250 447 250 703 249 959 248 1215 234 1455 6 1471 235 1713 4 1727 236 1985 234 2241 234 2497 235 2733 6 2754 241 3010 242 3266 242 3521 243 3777 244 4032 245 4288 147 4437 96 4543 148 4695 94 4799 147 4952 93 5055 146 5209 91 5311 146 5467 89 5567 146 5723 90 5823 146 5983 87 6079 146 6241 85 6334 149 6500 240 6759 239 7016 241 7273 244 7531 243 7788 245 8045 245 8302 245 8559 244 8815 245 9073 245 9329 250 9587 248 9843 248 10100 247 10356 247 10612 247 10868 247 11123 248 11379 248 11635 248 11891 249 12146 251 12402 175 12587 67 12657 175 12845 66 12913 173 13103 25 13132 209 13360 24 13388 203 13619 19 13642 203 13877 17 13897 204 14136 221 14393 218 14651 216 14907 201 15113 9 15163 201 15371 6 15391 2 15420 199 15646 5 15677 198 15902 5 15934 198 16191 198 16447 198 16703 198 16959 199 17216 198 17473 196 17685 5 17729 196 17939 8 17985 195 18191 13 18242 193 18445 16 18498 191 18700 19 18753 191 18955 22 19009 191 19211 27 19251 41 19296 160 19467 34 19506 206 19722 87 19812 156 19978 87 20070 154 20233 89 20327 153 20488 91 20583 153 20743 92 20839 153 20998 93 21095 153 21253 95 21351 153 21509 96 21607 153 21765 228 21999 17 22020 226 22256 16 22276 222 22513 15 22532 221 22769 15 22789 219 23025 15 23045 219 23281 15 23302 198 23501 19 23537 15 23559 196 23757 20 23793 15 23818 191 24013 21 24049 15 24077 188 24269 21 24305 15 24335 4 24342 179 24525 22 24563 13 24599 178 24781 22 24820 12 24855 178 25037 22 25079 9 25111 178 25293 22 25336 8 25368 177 25549 22 25623 178 25804 24 25869 4 25879 208 26125 6 26134 209 26380 222 26627 4 26636 223 26880 236 27136 237 27392 240 27648 241 27904 242 28160 243 28416 247 28672 1756 30429 253 30685 252 30941 250 31197 250 31453 250 31709 250 31961 252 32216 7 32225 7 32235 233 32471 7 32492 231 32727 7 32748 231 32983 7 33004 231 33240 5 33260 230 33497 4 33515 230 33771 230 34027 216 34248 7 34281 217 34505 6 34537 216 34791 218 35047 216 35303 216 35559 209 35814 209 36069 209 36325 208 36581 12 36597 191 36838 205 37095 186 37352 184 37609 180 37865 178 38121 176 38377 176 38633 174 38817 4 38889 174 39073 4 39145 172 39329 4 39403 170 39585 2 39659 169 39916 168 40172 168 40428 168 40684 169 40939 170 41195 170 41449 172 41705 172 41961 172 42217 172 42472 173 42727 173 42982 174 43237 174 43492 175 43747 176 44002 177 44257 178 44514 177 44770 177 45001 4 45029 174 45258 2 45287 173 45546 169 45801 160 46057 160 46313 160 46559 2 46567 162 46813 6 46822 161 47069 170 47324 166 47580 165 47835 164 48091 163 48346 164 48529 1 48599 167 48782 5 48847 174 49035 9 49099 39 49142 135 49291 9 49353 41 49399 132 49547 9 49607 42 49655 124 49784 1 49804 7 49863 42 49912 121 50118 43 50171 118 50373 43 50428 117 50628 44 50687 113 50883 45 50944 110 51137 47 51200 107 51392 48 51456 105 51645 51 51699 6 51712 105 51901 60 51968 104 52157 64 52224 104 52413 170 52667 172 52921 174 53139 9 53163 2 53175 176 53395 9 53415 7 53431 170 53604 3 53649 11 53669 11 53686 170 53861 2 53905 12 53925 11 53942 168 54162 12 54181 10 54199 166 54418 12 54437 10 54455 165 54674 13 54691 11 54711 164 54929 14 54946 12 54967 68 55040 91 55183 30 55223 52 55283 6 55296 91 55437 31 55479 52 55539 6 55552 90 55691 33 55734 9 55748 38 55808 91 55946 34 55990 9 56005 18 56027 15 56064 92 56199 38 56246 7 56261 18 56285 12 56320 93 56455 40 56502 7 56517 18 56541 11 56576 95 56709 42 56759 7 56770 22 56797 10 56832 95 56964 43 57017 37 57056 7 57088 96 57219 45 57274 36 57315 8 57344 96 57474 46 57529 38 57571 12 57600 97 57729 42 57773 4 57781 42 57827 14 57856 97 57985 42 58029 50 58083 15 58112 97 58211 1 58241 88 58331 2 58341 14 58368 103 58497 88 58597 15 58624 109 58754 87 58853 16 58880 57 58939 52 59011 86 59109 17 59136 56 59197 51 59269 84 59365 18 59392 55 59453 51 59525 85 59621 21 59643 4 59648 55 59709 52 59783 84 59877 82 59965 52 60039 84 60133 80 60221 52 60297 82 60387 81 60477 52 60554 81 60642 79 60733 58 60812 7 60823 68 60896 80 60989 60 61080 68 61150 81 61244 61 61337 150 61499 62 61593 150 61752 66 61849 150 62007 68 62105 150 62262 69 62363 147 62517 70 62620 146 62773 70 62881 141 63029 71 63138 140 63285 72 63395 138 63541 73 63652 137 63797 76 63909 136 64053 78 64165 137 64309 80 64422 136 64564 82 64679 137 64818 85 64936 223 65193 223 65453 83
435772,0 78 82 84 192 21 256 165 449 19 512 165 705 18 768 165 961 18 1024 164 1217 18 1280 163 1472 20 1536 163 1729 20 1792 163 1985 21 2048 163 2241 22 2304 161 2497 23 2560 161 2754 23 2816 160 3011 23 3072 159 3267 23 3328 157 3525 6 3537 8 3584 157 3782 5 3794 7 3840 157 4041 1 4096 157 4352 156 4551 6 4608 156 4807 8 4864 155 5062 10 5120 155 5318 11 5376 153 5573 12 5632 152 5829 12 5888 150 6085 12 6144 149 6341 12 6400 149 6597 12 6656 148 6853 12 6912 145 7109 11 7168 143 7366 8 7424 101 7527 38 7680 100 7783 38 7936 99 8040 37 8192 99 8297 35 8448 99 8553 34 8704 98 8809 34 8960 98 9065 30 9216 98 9322 26 9472 97 9579 12 9728 97 9837 4 9984 97 10240 97 10496 98 10752 99 11008 100 11264 3 11271 96 11532 94 11791 92 12049 90 12305 90 12562 97 12819 99 13076 100 13332 101 13589 100 13845 100 14103 99 14359 99 14616 99 14873 98 15131 96 15360 3 15387 96 15616 6 15645 12 15660 80 15872 7 15901 11 15917 80 16128 7 16162 5 16176 79 16384 7 16433 78 16640 7 16691 77 16896 7 16947 78 17152 7 17203 78 17408 8 17459 78 17664 9 17715 78 17920 9 17971 79 18176 11 18227 80 18432 11 18484 79 18688 12 18740 79 18944 15 18996 80 19200 18 19252 81 19456 19 19508 81 19712 23 19763 83 19968 24 20019 83 20224 25 20275 84 20480 25 20531 84 20736 25 20786 85 20992 25 21042 85 21248 25 21298 85 21504 25 21554 85 21760 24 21810 85 22016 23 22066 84 22272 23 22324 81 22528 22 22581 80 22784 21 22838 78 23040 21 23095 76 23296 21 23352 73 23552 20 23608 73 23808 19 23862 74 24064 18 24117 74 24320 19 24371 74 24576 19 24625 76 24832 24 24881 75 25088 25 25135 76 25344 28 25389 78 25600 30 25645 78 25856 37 25899 80 26112 38 26154 81 26368 38 26410 81 26624 38 26666 81 26880 123 27136 122 27392 121 27648 121 27904 117 28160 116 28416 115 28672 115 28928 115 29184 115 29440 115 29696 114 29952 113 30208 113 30464 112 30720 112 30976 110 31232 109 31488 105 31744 103 32000 101 32256 101 32512 99 32768 99 33024 97 33280 96 33536 81 33623 4 33792 81 34048 83 34304 83 34560 86 34816 87 35072 87 35328 87 35584 87 35840 87 36096 87 36352 87 36608 87 36864 87 37120 87 37329 5 37376 87 37585 6 37632 86 37841 9 37851 2 37888 86 38097 13 38144 86 38353 15 38400 86 38609 16 38656 86 38866 15 38912 86 39122 15 39168 86 39379 16 39424 87 39635 16 39680 88 39893 15 39936 88 40149 15 40192 87 40405 16 40448 87 40661 16 40704 86 40917 17 40960 85 41173 17 41216 85 41429 18 41472 85 41684 19 41728 85 41940 19 41984 85 42196 19 42240 85 42453 18 42496 87 42709 18 42752 89 42935 3 42964 19 43008 89 43191 3 43219 20 43264 92 43446 5 43474 22 43520 93 43617 4 43702 5 43713 9 43729 24 43776 106 43958 5 43966 43 44032 107 44214 6 44221 45 44288 111 44405 2 44468 54 44544 121 44723 56 44800 121 44978 57 45056 121 45233 60 45312 122 45484 69 45568 122 45739 72 45824 122 45995 75 46080 122 46250 77 46336 123 46504 80 46592 123 46759 82 46848 123 47014 83 47104 124 47270 83 47360 124 47525 86 47616 124 47781 86 47872 124 48037 89 48128 124 48292 91 48384 124 48547 217 48801 219 49055 222 49310 223 49565 224 49821 224 50076 226 50332 227 50587 228 50843 228 51099 229 51354 231 51602 143 51747 94 51857 141 52006 91 52113 140 52263 90 52369 141 52520 89 52624 142 52777 89 52879 144 53033 89 53132 147 53289 88 53388 148 53544 89 53644 148 53800 89 53900 149 54056 7 54071 74 54156 149 54311 6 54328 73 54411 149 54565 3 54583 74 54667 149 54820 3 54839 74 54923 148 55074 5 55093 76 55178 149 55330 3 55349 76 55433 148 55585 2 55604 77 55689 148 55859 78 55945 147 56114 79 56200 147 56369 80 56455 147 56617 88 56711 146 56873 88 56966 147 57127 90 57221 148 57383 90 57476 150 57637 92 57731 152 57893 92 57986 153 58147 92 58242 153 58403 92 58498 151 58659 92 58754 151 58915 91 59010 147 59172 90 59265 148 59428 240 59685 238 59941 238 60197 238 60453 84 60540 150 60710 81 60796 149 60967 80 61052 149 61224 78 61308 148 61480 78 61564 132 61697 14 61737 76 61819 133 61955 11 61993 76 62075 133 62211 11 62249 76 62330 134 62467 10 62506 74 62586 134 62724 9 62762 74 62842 134 62979 9 63018 73 63098 138 63239 4 63275 72 63353 138 63495 3 63531 72 63609 136 63787 72 63865 136 64043 72 64121 135 64299 72 64376 136 64555 71 64632 136 64811 70 64888 136 65067 70 65144 136 65325 68 65400 136
442157,6 50 263 48 520 47 778 44 1037 41 1295 28 1327 7 1551 28 1582 8 1808 39 2065 38 2323 36 2587 28 2844 27 3100 26 3357 24 3613 23 3867 23 3903 6 4122 23 4158 7 4375 26 4413 8 4631 26 4669 8 4886 27 4925 8 5142 28 5181 8 5397 30 5437 8 5535 1 5653 30 5693 8 5789 4 5909 31 6045 6 6165 31 6300 8 6421 32 6556 9 6677 32 6812 9 6933 32 7068 10 7189 32 7324 9 7445 31 7580 9 7701 30 7836 10 7957 29 8093 12 8213 28 8349 12 8469 28 8503 4 8605 14 8725 28 8759 5 8861 14 8981 26 9015 5 9118 15 9237 26 9271 5 9374 15 9493 18 9527 4 9631 16 9749 18 9887 17 10006 16 10143 18 10263 14 10399 18 10523 10 10655 19 10781 7 10911 19 11040 1 11167 19 11422 20 11677 21 11933 21 12189 20 12446 19 12702 18 12959 17 13215 16 13472 15 13729 14 13986 12 14237 16 14493 7 14750 5 15007 4 15265 2 16233 4 16461 2 16489 6 16715 4 16744 7 16971 4 17000 7 17227 3 17255 9 17512 7 17768 7 18024 2 18777 6 19033 9 19288 11 19544 10 19799 10 20055 10 20313 6 28560 3 28815 4 29070 5 29327 4 31655 4 31911 4 32167 6 32389 3 32423 6 32606 4 32641 8 32681 2 32861 6 32878 6 32895 10 33115 9 33133 11 33149 13 33371 10 33389 30 33626 11 33645 30 33882 11 33901 31 34139 10 34157 32 34395 10 34412 33 34656 3 34668 33 34733 5 34924 33 34988 7 35180 34 35243 8 35436 34 35499 8 35691 35 35755 8 35947 35 36011 8 36203 35 36258 7 36459 35 36512 9 36716 34 36769 8 36973 7 36983 23 37028 3 37230 4 37239 22 37496 21 37754 19 38011 18 38268 17 38524 16 38780 13 39036 12 39293 10 39549 9 39809 4 40875 2 41123 12 41379 14 41635 14 41891 13 42147 13 42403 12 42659 10 42918 5 51463 4 51717 7 51970 11 52225 12 52480 13 52736 14 52992 14 53248 14 53504 14 53760 14 54016 15 54272 15 54528 15 54784 15 55040 15 55296 15 55552 15 55808 15 56064 15 56320 14 56576 13 56832 13 57088 12 57344 12 57600 11 57856 10 58112 7 58368 5 62051 2 62306 7 62319 4 62561 10 62575 5 62817 20 63072 20 63328 20 63584 19 63840 19 64096 19 64353 17 64610 15 64867 14 65124 13 65382 11
442220,0 14602 14605 253 14863 250 15121 247 15377 245 15634 243 15891 238 16149 235 16406 234 16669 227 16931 8 16943 209 17203 19 17228 180 17461 16 17485 179 17719 14 17743 177 17976 13 18000 176 18236 7 18258 136 18397 35 18492 7 18515 134 18655 33 18749 5 18772 133 18913 31 19029 132 19170 30 19286 131 19429 27 19543 131 19685 27 19799 133 19947 21 20056 133 20190 3 20203 21 20313 167 20570 166 20827 165 21084 92 21183 65 21341 90 21440 64 21598 87 21697 63 21855 86 21953 63 22111 49 22163 34 22209 63 22369 39 22421 31 22469 59 22625 38 22678 30 22727 57 22881 36 22934 30 22985 55 23137 36 23189 31 23241 55 23394 35 23443 33 23496 56 23651 34 23700 32 23743 4 23751 57 23907 34 23961 27 23996 68 24163 34 24217 27 24251 69 24419 33 24472 29 24506 70 24675 32 24728 29 24761 71 24931 31 24983 10 24994 94 25187 28 25216 1 25239 10 25250 94 25442 28 25492 13 25506 45 25553 2 25557 43 25699 28 25747 60 25813 43 25955 29 26001 60 26069 43 26211 29 26256 60 26325 43 26467 30 26511 21 26537 32 26581 43 26634 3 26723 32 26766 21 26794 31 26837 43 26883 22 26979 39 27021 20 27053 27 27093 43 27137 26 27235 62 27310 6 27320 15 27349 74 27491 51 27546 6 27569 1 27577 8 27605 75 27747 51 27803 5 27835 5 27859 80 27940 5 27985 4 28002 52 28113 89 28239 7 28258 52 28369 90 28494 8 28513 52 28623 92 28749 9 28769 52 28879 93 29005 9 29025 51 29135 93 29260 10 29282 49 29337 1 29391 94 29515 12 29539 48 29593 4 29647 94 29771 11 29795 48 29848 7 29905 94 30015 5 30026 12 30051 48 30103 12 30162 93 30270 7 30282 12 30307 48 30358 13 30419 94 30525 9 30538 10 30559 70 30675 95 30781 9 30795 7 30813 73 30919 4 30931 96 31035 11 31066 77 31153 6 31173 8 31187 96 31290 11 31322 78 31408 9 31429 10 31442 99 31543 14 31577 82 31663 10 31685 127 31833 97 31941 126 32087 100 32198 125 32343 100 32454 125 32597 103 32709 126 32852 105 32965 126 33107 110 33218 129 33363 241 33619 241 33875 242 34129 245 34385 250 34637 30899
447372,5 1 15 12 79 92 182 14 203 21 271 11 335 92 435 16 460 19 530 8 592 91 691 16 717 18 790 3 848 91 946 17 976 15 1104 90 1202 16 1234 13 1293 1 1360 89 1458 14 1493 11 1549 1 1616 89 1714 15 1749 11 1805 2 1872 90 1970 15 2005 11 2061 4 2128 90 2227 14 2261 12 2316 7 2384 91 2483 14 2517 10 2572 7 2640 91 2739 14 2773 10 2827 9 2895 92 2995 15 3029 9 3083 10 3151 92 3252 15 3285 8 3332 2 3339 10 3407 93 3510 14 3541 6 3589 1 3595 10 3663 94 3767 13 3797 6 3845 1 3851 10 3918 95 4023 13 4055 1 4101 1 4107 11 4173 97 4279 14 4365 9 4429 97 4535 14 4622 9 4684 98 4791 14 4880 6 4940 98 5047 15 5196 97 5303 16 5453 93 5558 17 5709 91 5815 16 5965 82 6076 11 6221 82 6333 9 6477 82 6593 2 6656 1 6733 82 6912 1 6990 84 7168 1 7247 84 7503 85 7759 85 7936 1 8015 84 8192 1 8271 84 8448 1 8527 69 8608 2 8704 1 8783 69 9039 69 9293 71 9548 71 9803 72 10058 73 10285 2 10313 73 10511 2 10539 4 10567 74 10765 10 10795 5 10823 72 11020 12 11050 7 11079 70 11276 12 11306 7 11335 70 11532 11 11561 8 11591 61 11787 12 11817 8 11847 58 12043 11 12058 24 12103 57 12299 10 12313 25 12359 57 12557 2 12569 26 12615 31 12647 26 12825 26 12872 29 12903 26 13080 27 13128 29 13160 25 13335 29 13385 28 13416 25 13590 31 13641 29 13671 26 13841 36 13898 28 13927 26 14094 39 14156 25 14184 23 14349 40 14413 24 14440 22 14603 42 14671 20 14697 19 14859 42 14928 5 14953 18 15115 42 15209 16 15371 42 15465 15 15628 41 15722 13 15885 41 15978 12 16141 41 16234 12 16397 42 16456 1 16490 12 16654 41 16711 3 16747 10 16911 41 16967 2 17004 9 17156 3 17167 42 17210 7 17410 7 17423 42 17468 5 17478 1 17664 10 17679 41 17725 10 17920 10 17935 40 17981 11 18176 10 18193 38 18235 14 18432 10 18449 39 18490 21 18688 10 18707 2 18721 48 18944 10 18978 47 19200 9 19238 44 19456 10 19495 43 19712 11 19753 42 19911 4 19968 12 20009 42 20166 6 20224 14 20267 40 20421 7 20480 16 20523 40 20677 8 20736 18 20781 38 20932 9 20992 17 21036 39 21188 9 21248 16 21292 39 21443 16 21504 16 21548 38 21699 16 21760 20 21803 28 21955 18 22016 21 22059 24 22211 18 22272 25 22316 21 22467 18 22528 26 22572 20 22723 18 22784 28 22829 17 22979 18 23040 29 23085 7 23097 4 23235 18 23296 31 23343 3 23492 17 23525 4 23552 31 23600 1 23749 16 23780 7 23811 28 23843 7 23867 1 24017 2 24035 10 24067 28 24098 9 24121 4 24291 10 24323 29 24353 10 24378 3 24415 10 24546 16 24579 16 24596 12 24609 10 24634 4 24669 15 24793 2 24801 18 24834 17 24853 22 24891 2 24923 18 25047 7 25056 21 25090 41 25179 18 25303 30 25346 21 25375 10 25433 20 25557 33 25603 21 25632 9 25688 21 25811 35 25859 22 25890 5 25943 22 26065 38 26115 22 26198 23 26321 39 26373 20 26453 24 26575 43 26629 20 26709 24 26829 46 26891 14 26964 26 27083 48 27147 14 27219 27 27339 49 27403 12 27421 5 27437 4 27474 29 27596 49 27659 11 27677 5 27693 4 27730 29 27851 51 27915 9 27933 5 27952 1 27976 2 27985 29 28105 54 28171 8 28189 5 28231 4 28240 30 28361 55 28427 7 28486 5 28495 31 28616 56 28683 6 28742 5 28749 32 28871 57 28939 6 28998 5 29005 30 29127 57 29196 7 29254 4 29261 30 29297 2 29382 58 29453 7 29517 28 29551 8 29637 59 29709 7 29773 28 29807 8 29893 59 29965 8 30029 28 30063 9 30147 61 30220 9 30285 27 30319 9 30397 67 30474 12 30541 27 30575 8 30650 70 30729 14 30797 27 30832 6 30903 73 30985 14 31052 28 31158 74 31241 13 31307 29 31415 74 31499 2 31563 29 31673 72 31819 29 31929 74 32076 28 32185 74 32332 28 32442 75 32589 27 32699 74 32845 27 32957 75 33102 26 33214 75 33359 24 33470 76 33617 22 33726 77 33876 19 33981 78 34133 18 34237 79 34389 18 34493 80 34647 16 34748 81 34903 17 35004 49 35055 30 35161 16 35259 50 35313 27 35417 16 35515 50 35570 26 35607 5 35617 12 35674 15 35771 51 35830 21 35862 7 35871 14 35931 14 36027 52 36087 19 36117 24 36191 9 36282 53 36343 18 36372 25 36447 8 36481 4 36538 53 36599 17 36627 25 36704 7 36736 6 36793 54 36855 17 36882 25 36961 3 36983 6 36991 8 37048 55 37111 14 37137 26 37237 20 37301 59 37367 22 37391 32 37493 20 37555 61 37623 56 37748 23 37809 63 37878 58 38003 24 38064 65 38135 58 38258 25 38319 66 38391 58 38513 25 38574 67 38647 59 38768 25 38829 68 38905 58 39023 26 39085 68 39161 58 39267 4 39279 24 39341 68 39419 57 39523 5 39535 24 39597 53 39651 14 39677 3 39683 50 39779 5 39792 23 39853 49 39908 13 39940 49 40035 6 40048 24 40109 46 40164 12 40195 50 40291 11 40303 25 40365 44 40420 11 40451 50 40549 35 40621 12 40637 28 40675 12 40706 51 40806 35 40878 8 40893 28 40931 12 40962 51 41063 34 41135 6 41149 28 41187 12 41217 52 41323 30 41405 28 41443 12 41473 52 41581 27 41661 28 41699 13 41729 52 41838 26 41918 28 41955 14 41985 52 42095 24 42175 28 42210 15 42241 50 42353 23 42433 48 42497 50 42609 23 42691 14 42710 27 42752 49 42866 23 42950 8 42967 26 43008 48 43123 23 43209 2 43223 26 43264 45 43380 23 43479 26 43521 43 43637 22 43736 25 43779 10 43790 15 43807 11 43895 20 43992 23 44035 7 44048 11 44065 8 44151 20 44176 2 44249 22 44304 11 44325 2 44410 15 44432 2 44505 21 44560 11 44667 14 44687 4 44762 20 44816 10 44931 4 44944 3 45020 17 45066 3 45073 9 45201 2 45276 17 45320 7 45330 7 45458 3 45533 17 45575 9 45586 7 45714 3 45789 16 45829 11 45843 6 45971 2 46046 15 46084 13 46099 5 46227 2 46302 15 46339 14 46357 2 46484 1 46559 12 46594 15 46613 1 46815 12 46849 16 47073 8 47105 16 47330 5 47361 16 47497 10 47513 2 47617 16 47752 13 47873 16 48006 15 48129 16 48261 16 48385 16 48517 17 48641 15 48773 17 48813 3 48896 15 49029 18 49069 4 49152 15 49285 18 49325 4 49408 15 49541 18 49581 4 49664 15 49797 19 49837 4 49920 15 50053 20 50176 14 50286 3 50309 20 50432 14 50541 6 50565 21 50688 14 50797 9 50821 22 50944 13 51051 13 51076 25 51200 12 51307 14 51332 26 51419 6 51456 7 51563 18 51588 27 51673 11 51712 7 51819 18 51844 27 51929 12 51968 6 52075 20 52100 29 52185 12 52224 6 52331 20 52357 28 52441 13 52480 5 52589 22 52612 29 52699 12 52736 5 52847 50 52955 12 52992 5 53104 49 53212 12 53248 4 53360 50 53469 11 53504 3 53616 50 53729 7 53760 3 53872 50 53987 5 54016 1 54128 50 54375 5 54384 50 54614 4 54630 60 54869 12 54885 61 55125 14 55140 62 55380 78 55635 79 55891 79 56146 79 56401 80 56657 64 56726 9 56912 65 56985 5 57167 64 57423 64 57679 64 57934 65 58189 67 58427 1 58445 68 58680 5 58699 71 58935 7 58945 6 58954 73 59189 94 59445 94 59701 95 59958 94 60215 93 60473 91 60726 94 60905 2 60921 2 60982 94 61159 5 61175 7 61237 94 61413 9 61430 10 61493 94 61667 12 61685 11 61749 94 61901 4 61920 32 61953 5 62005 93 62156 5 62167 48 62260 89 62411 61 62515 89 62667 61 62770 90 62923 61 63022 1 63025 90 63166 3 63180 5 63187 54 63275 96 63419 8 63443 53 63530 97 63668 16 63699 52 63784 99 63921 20 63956 51 64039 100 64177 21 64212 50 64293 103 64432 22 64467 50 64527 3 64548 104 64688 23 64723 48 64780 10 64803 105 64944 23 64977 50 65035 14 65057 107 65200 25 65233 48 65287 20 65312 108 65457 26 65488 48
451709,9 42 53 50 111 96 266 41 309 52 369 94 522 41 566 51 625 94 779 40 820 57 881 94 1035 195 1291 195 1547 195 1803 195 2059 194 2315 194 2570 195 2825 196 3081 196 3321 7 3335 199 3576 8 3590 200 3830 10 3844 202 4082 14 4099 203 4337 15 4354 123 4480 78 4592 140 4737 77 4848 83 4932 58 4993 76 5103 84 5189 136 5359 84 5447 134 5615 84 5703 134 5871 86 5964 128 6129 84 6223 125 6387 83 6471 133 6645 216 6901 216 7140 7 7156 218 7395 9 7411 221 7650 12 7665 223 7905 240 8161 240 8417 240 8673 239 8929 237 9185 236 9440 235 9695 237 9951 238 10208 238 10465 238 10721 174 10898 61 10977 171 11154 61 11234 169 11409 62 11491 168 11664 21 11689 38 11747 168 11919 20 11946 37 12003 188 12202 37 12261 180 12459 36 12523 174 12714 39 12780 33 12814 140 12969 41 13037 30 13071 140 13223 44 13295 28 13328 195 13552 27 13584 197 13809 25 13840 197 14065 24 14097 197 14324 21 14356 194 14586 15 14614 193 14844 13 14870 193 15101 12 15127 193 15359 10 15383 138 15525 51 15616 7 15641 136 15783 50 15872 5 15898 135 16039 50 16128 4 16154 135 16295 50 16384 4 16410 135 16551 50 16640 3 16667 134 16807 50 16896 3 16923 136 17061 52 17152 1 17181 188 17408 1 17437 189 17695 188 17953 186 18208 188 18464 189 18719 197 18975 198 19231 199 19487 199 19744 199 20001 4 20007 192 20263 192 20519 192 20776 191 20992 1 21032 191 21248 3 21288 190 21504 3 21545 190 21760 4 21801 192 22016 5 22058 194 22272 11 22314 197 22528 12 22570 198 22784 13 22833 192 23040 13 23090 191 23296 13 23325 1 23348 87 23438 99 23552 14 23581 2 23604 86 23695 98 23808 15 23835 4 23861 84 23951 98 24064 16 24091 4 24117 83 24208 97 24320 16 24347 6 24374 81 24463 51 24515 48 24577 14 24602 11 24631 80 24719 49 24773 46 24835 12 24857 14 24888 77 24975 31 25009 10 25034 43 25092 11 25113 14 25145 76 25231 30 25267 6 25291 42 25348 12 25363 23 25403 69 25487 28 25524 5 25547 44 25605 11 25618 25 25659 68 25743 28 25781 3 25803 46 25861 38 25915 10 25928 55 25999 28 26059 48 26118 37 26171 9 26185 53 26255 28 26315 48 26375 36 26426 9 26441 53 26511 28 26571 48 26632 35 26681 8 26697 52 26767 28 26827 48 26889 34 26937 8 26953 52 27024 27 27076 1 27082 47 27145 35 27194 7 27207 53 27281 25 27329 55 27400 37 27451 54 27511 4 27537 24 27583 55 27655 38 27707 54 27768 2 27795 22 27838 55 27910 39 27965 52 28053 22 28093 56 28162 43 28221 52 28310 21 28349 56 28419 42 28477 44 28567 10 28578 18 28605 57 28675 42 28733 40 28823 7 28835 19 28861 58 28933 40 28989 40 29079 6 29091 21 29117 58 29190 39 29246 40 29335 7 29346 22 29373 58 29447 37 29503 40 29590 35 29630 55 29704 36 29759 41 29846 35 29887 54 29961 35 30015 42 30101 36 30144 54 30218 33 30271 42 30357 36 30401 20 30424 30 30475 32 30527 44 30619 32 30658 17 30681 29 30731 32 30784 13 30801 26 30877 31 30914 15 30937 29 30989 30 31041 6 31060 25 31133 33 31171 11 31193 39 31245 30 31298 3 31315 27 31389 34 31429 9 31450 38 31493 1 31503 28 31571 7 31581 19 31643 38 31686 8 31707 25 31733 11 31749 1 31759 28 31827 7 31838 17 31898 39 31942 9 31963 25 31989 11 32015 28 32083 8 32092 19 32153 42 32198 10 32217 26 32245 11 32270 29 32339 27 32409 42 32453 11 32473 26 32501 11 32527 27 32596 27 32664 56 32727 41 32783 27 32853 26 32919 57 32981 43 33040 25 33111 25 33165 4 33173 60 33235 45 33296 25 33367 25 33419 117 33552 24 33622 27 33673 66 33743 49 33809 23 33877 28 33928 67 33999 49 34066 22 34128 33 34182 69 34256 48 34322 22 34366 52 34429 78 34513 47 34578 23 34621 54 34684 80 34769 47 34834 25 34876 56 34939 81 35026 46 35087 30 35131 146 35283 45 35342 36 35386 148 35539 45 35597 223 35823 17 35853 222 36079 17 36109 223 36336 16 36365 223 36593 15 36620 227 36851 13 36875 228 37107 13 37131 228 37363 13 37386 231 37619 13 37641 232 37877 11 37897 147 38047 82 38133 11 38153 147 38304 83 38390 10 38409 147 38560 84 38647 9 38666 146 38817 84 38904 8 38923 145 39072 96 39180 145 39328 96 39436 145 39583 97 39693 27 39721 215 39949 27 39977 215 40206 125 40334 114 40463 22 40487 100 40591 113 40721 14 40743 99 40848 112 40976 15 41000 97 41104 112 41231 16 41257 56 41315 38 41360 112 41489 14 41513 55 41573 36 41616 112 41747 11 41769 54 41830 34 41871 113 42004 10 42025 54 42087 32 42127 113 42263 8 42281 55 42341 34 42383 113 42520 7 42537 56 42597 34 42638 114 42779 4 42793 95 42893 115 43013 4 43036 3 43049 96 43148 116 43268 5 43305 200 43507 13 43524 5 43561 198 43765 11 43779 6 43815 200 44022 10 44035 5 44071 200 44279 9 44293 2 44325 202 44537 7 44579 204 44795 5 44833 207 45054 2 45088 209 45311 1 45343 210 45595 215 45849 217 46105 218 46343 8 46359 219 46597 11 46615 219 46852 14 46870 219 47108 15 47124 221 47363 238 47608 6 47618 140 47759 98 47861 10 47872 141 48016 98 48115 154 48272 2415 50688 143 50834 109 50944 141 51090 107 51200 141 51346 107 51456 141 51602 107 51712 141 51858 107 51968 143 52113 108 52224 253 52480 252 52736 251 52992 247 53248 236 53485 9 53504 213 53722 11 53761 211 53980 8 54018 143 54164 65 54239 2 54275 142 54421 64 54533 140 54678 63 54790 139 54935 63 55050 136 55191 63 55307 135 55446 64 55565 201 55822 200 56079 198 56335 198 56576 1 56587 199 56832 1 56842 199 57088 2 57097 200 57344 3 57352 201 57600 177 57778 31 57856 177 58035 30 58112 172 58293 29 58368 171 58549 29 58619 3 58624 170 58809 25 58875 176 59069 21 59131 176 59325 5 59333 13 59387 176 59582 3 59590 11 59644 175 59839 1 59850 5 59901 175 60158 175 60415 174 60672 173 60928 173 61184 174 61440 175 61696 175 61952 176 62187 3 62208 177 62455 1 62464 177 62711 2 62720 126 62847 50 62967 4 62976 125 63103 50 63223 4 63232 122 63359 50 63488 121 63615 50 63738 1 63744 120 63870 50 63993 2 64000 119 64126 50 64249 2 64256 119 64381 52 64512 118 64637 52 64768 115 64893 52 65024 113 65149 52 65280 111 65405 53
455136,0 65536
460549,235 12 492 10 749 8 1005 7 1261 6 1517 5 1774 3 1807 3 2002 3 2063 4 2257 5 2316 8 2513 6 2554 5 2572 9 2768 8 2810 6 2827 10 3024 8 3066 6 3083 9 3280 9 3322 6 3339 9 3537 8 3580 3 3595 9 3793 8 3852 7 4051 5 4109 6 4309 3 16717 6 16972 8 17227 10 17483 11 17738 13 17994 13 18250 13 18507 12 18760 15 19014 17 19267 13 19335 8 19524 13 19591 9 19781 12 19847 10 20037 13 20103 11 20293 17 20359 10 20549 18 20615 10 20806 18 20870 13 21063 17 21125 15 21320 16 21381 16 21576 16 21636 19 21833 14 21891 21 22089 13 22147 22 22347 8 22403 22 22440 2 22604 6 22659 22 22695 4 22915 23 22950 6 23170 25 23206 7 23425 26 23462 7 23680 28 23718 8 23935 34 23975 8 24063 1 24190 37 24232 8 24319 1 24446 51 24702 51 24837 4 24958 51 25093 4 25215 51 25346 7 25472 50 25602 7 25729 49 25859 5 25995 38 26115 4 26251 38 26508 34 26765 31 27021 31 27091 3 27277 30 27347 3 27533 16 27551 12 27603 4 27789 15 27808 11 27860 1 28046 13 28067 8 28302 13 28324 6 28557 14 28581 6 28813 15 28838 7 28947 1 29068 17 29095 6 29202 3 29324 17 29349 9 29456 7 29580 18 29605 9 29712 7 29837 17 29860 11 29969 6 30093 18 30114 13 30225 5 30349 18 30370 13 30434 1 30607 38 30690 1 30864 37 31123 35 31381 34 31638 33 31895 32 32151 32 32187 5 32407 34 32442 6 32547 1 32664 41 32803 4 32921 41 33058 6 33065 6 33178 41 33315 4 33321 8 33435 40 33577 8 33619 4 33691 40 33833 9 33875 4 33947 32 33981 5 34087 13 34131 6 34204 29 34328 4 34343 14 34387 6 34460 29 34583 7 34597 21 34643 5 34716 29 34840 7 34853 22 34900 4 34972 29 35096 37 35158 1 35228 29 35353 36 35485 27 35587 4 35609 36 35741 26 35843 6 35865 23 35891 10 35997 26 36098 9 36121 20 36147 11 36255 24 36354 10 36377 18 36403 11 36511 24 36609 12 36634 17 36659 11 36769 23 36865 12 36890 16 36915 10 37025 24 37121 13 37146 15 37172 9 37281 26 37376 15 37402 17 37427 9 37538 27 37632 15 37657 33 37735 2 37795 28 37856 4 37888 16 37910 34 37990 4 38051 6 38059 20 38111 6 38144 56 38245 6 38319 17 38367 6 38400 56 38501 9 38577 16 38623 6 38656 57 38757 15 38835 14 38880 5 38912 59 39013 16 39093 12 39137 4 39168 61 39269 17 39350 11 39393 4 39424 61 39525 18 39607 9 39650 1 39680 63 39781 24 39865 5 39895 3 39936 63 40037 25 40149 6 40192 64 40293 25 40405 8 40448 65 40549 26 40661 9 40704 65 40805 26 40918 9 40960 66 41061 27 41174 9 41216 67 41319 18 41338 9 41431 8 41472 67 41577 8 41586 6 41594 9 41687 7 41728 67 41851 9 41943 6 41984 67 42108 9 42199 5 42240 66 42363 10 42451 7 42496 66 42619 10 42707 6 42752 65 42875 10 42913 6 42962 8 43008 65 43130 11 43168 9 43218 9 43264 66 43384 11 43422 13 43475 8 43520 66 43640 11 43678 15 43731 9 43776 67 43895 12 43924 26 43987 9 44032 67 44151 12 44179 28 44243 12 44288 69 44407 12 44435 28 44500 13 44544 69 44663 12 44691 28 44757 12 44800 71 44884 7 44919 11 44946 30 45013 12 45056 71 45139 10 45175 11 45201 31 45270 10 45312 73 45393 14 45431 10 45457 32 45527 8 45568 73 45649 15 45688 8 45713 32 45783 7 45824 75 45905 16 45968 35 46039 6 46080 75 46161 16 46224 35 46295 5 46336 77 46417 17 46480 36 46553 2 46592 78 46672 19 46736 37 46809 2 46848 8 46857 90 46992 37 47104 7 47113 90 47248 38 47360 6 47371 87 47504 38 47616 5 47628 15 47647 67 47760 39 47872 5 47888 9 47905 65 48016 39 48128 4 48149 4 48161 65 48271 40 48384 3 48418 63 48527 40 48674 63 48782 41 48931 61 49035 43 49188 61 49289 45 49445 60 49543 46 49701 60 49799 46 49958 60 50054 45 50215 60 50310 43 50471 62 50566 42 50727 63 50822 25 50849 14 50984 64 51079 22 51109 9 51241 64 51334 23 51366 7 51499 62 51590 23 51755 62 51846 23 52015 57 52102 23 52177 3 52273 55 52358 23 52431 7 52537 46 52614 23 52686 10 52795 43 52871 21 52942 11 53053 40 53128 9 53145 1 53179 4 53197 14 53309 38 53385 8 53435 5 53453 14 53565 37 53642 4 53683 2 53691 8 53707 17 53821 35 53863 6 53899 2 53938 3 53947 8 53963 17 54076 26 54117 10 54194 6 54204 7 54219 18 54332 17 54373 10 54449 8 54461 6 54475 18 54588 15 54629 11 54706 11 54721 1 54732 17 54845 14 54885 11 54904 5 54962 11 54988 18 55101 14 55140 13 55158 8 55188 7 55219 11 55245 18 55357 14 55396 14 55413 10 55444 9 55464 6 55475 12 55500 19 55612 15 55652 28 55699 11 55716 12 55731 12 55755 24 55868 15 55908 28 55955 11 55971 14 55987 13 56011 25 56125 4 56132 7 56164 17 56183 9 56211 11 56227 14 56243 12 56265 28 56381 3 56389 6 56421 16 56441 7 56467 11 56483 14 56499 12 56521 29 56638 2 56677 16 56698 5 56723 10 56737 16 56759 8 56777 29 56894 1 56899 1 56933 16 56955 2 56980 10 56992 16 57017 5 57033 30 57154 2 57197 8 57230 1 57243 3 57247 17 57275 2 57289 30 57454 7 57485 4 57499 3 57503 17 57531 2 57546 7 57554 21 57679 4 57711 6 57739 6 57759 16 57787 2 57811 19 57935 5 57968 5 57995 6 58015 16 58042 3 58067 19 58189 9 58253 2 58271 16 58295 6 58323 12 58337 2 58445 10 58527 17 58550 8 58580 9 58701 10 58783 17 58805 9 58837 8 58957 10 59039 17 59061 8 59079 1 59093 9 59152 3 59213 10 59295 18 59316 9 59333 12 59347 12 59408 3 59470 9 59551 29 59589 26 59665 4 59672 1 59727 6 59806 13 59822 13 59844 27 59921 4 59927 2 59985 4 60062 13 60078 12 60099 28 60177 8 60195 3 60236 13 60319 26 60355 28 60433 9 60451 4 60488 21 60578 23 60611 28 60690 7 60707 4 60743 28 60835 22 60867 28 60946 7 60963 4 60998 31 61091 22 61124 26 61203 4 61235 3 61253 33 61349 11 61377 2 61381 24 61460 2 61491 3 61509 34 61605 10 61633 3 61637 22 61748 2 61765 35 61863 7 61889 4 61899 14 62005 1 62021 36 62119 6 62145 4 62155 14 62277 36 62411 12 62444 1 62533 36 62667 12 62698 3 62789 37 62922 11 62953 4 63045 37 63178 11 63208 5 63301 37 63387 1 63393 1 63433 11 63460 9 63557 37 63639 6 63649 2 63656 3 63689 10 63717 8 63813 37 63885 5 63894 23 63945 7 64069 37 64139 8 64150 24 64201 6 64325 39 64395 8 64405 26 64457 2 64571 50 64651 8 64661 29 64826 53 64907 8 64917 30 65081 54 65163 3 65167 4 65173 30 65336 55 65420 1 65425 1 65431 28
461675,0 65536
468422,0 65536
470274,0 26 81 49 182 5 256 25 339 48 482 1 512 25 595 48 737 2 768 24 852 52 992 4 1024 24 1109 53 1247 6 1280 23 1365 56 1499 11 1536 23 1621 56 1755 12 1792 21 1825 5 1877 57 2011 12 2048 21 2081 6 2133 57 2266 14 2304 21 2337 6 2387 60 2523 6 2533 3 2560 20 2593 6 2641 62 2779 4 2791 1 2816 19 2849 6 2869 6 2895 64 3072 19 3099 5 3105 6 3117 5 3125 8 3151 65 3328 18 3354 11 3371 18 3405 67 3584 17 3609 37 3662 66 3840 16 3865 38 3919 65 4096 15 4121 38 4175 65 4352 13 4376 27 4406 9 4433 64 4608 13 4632 27 4663 8 4690 64 4864 11 4882 33 4919 6 4947 66 5024 2 5120 11 5137 44 5203 67 5279 3 5332 5 5376 10 5392 42 5459 79 5587 7 5632 10 5649 41 5715 79 5843 8 5888 10 5906 41 5972 77 6099 9 6144 10 6163 41 6228 77 6355 9 6400 11 6421 40 6473 4 6485 76 6611 11 6656 11 6679 40 6727 6 6741 76 6867 12 6912 12 6935 55 6997 75 7122 19 7168 12 7191 54 7253 75 7378 20 7424 13 7447 54 7509 74 7633 22 7680 13 7703 54 7765 74 7889 22 7936 13 7959 55 8021 72 8143 24 8169 2 8192 13 8215 55 8277 72 8399 24 8424 4 8447 13 8472 55 8533 71 8654 30 8704 12 8729 54 8789 71 8910 30 8960 11 8985 55 9046 70 9165 31 9216 12 9241 56 9303 68 9421 31 9472 13 9497 56 9559 28 9589 38 9678 29 9728 13 9753 57 9815 28 9845 38 9934 29 9984 13 10009 58 10072 27 10101 38 10189 30 10240 14 10265 58 10329 25 10356 39 10445 30 10496 15 10521 59 10585 26 10612 39 10700 27 10752 17 10777 60 10842 65 10956 26 11008 17 11033 62 11099 63 11211 26 11264 17 11291 127 11467 26 11520 17 11551 122 11722 27 11776 17 11807 122 11978 28 12032 17 12064 61 12127 57 12234 29 12288 17 12320 60 12383 56 12490 29 12544 17 12576 60 12641 11 12657 39 12746 30 12800 17 12831 61 12897 11 12913 40 13002 30 13056 16 13087 61 13155 8 13171 14 13187 22 13259 30 13312 15 13342 62 13411 8 13427 12 13444 21 13515 30 13568 11 13597 64 13685 10 13701 21 13746 5 13772 29 13824 10 13852 65 13942 9 13957 20 14001 6 14029 28 14079 10 14107 68 14200 6 14213 20 14257 7 14286 28 14333 12 14363 68 14459 2 14469 18 14513 7 14542 28 14589 10 14618 70 14725 17 14769 6 14799 27 14843 12 14873 72 14981 17 15028 1 15055 27 15098 11 15128 73 15237 16 15311 27 15353 11 15383 74 15493 16 15567 27 15608 8 15639 74 15748 17 15825 25 15863 9 15895 74 16003 18 16081 25 16119 9 16151 57 16211 16 16259 18 16339 23 16373 11 16407 55 16468 15 16514 19 16597 21 16629 11 16665 52 16725 15 16770 19 16855 19 16884 12 16921 52 16981 15 17026 19 17111 19 17139 13 17179 49 17239 13 17282 19 17367 19 17395 13 17435 50 17497 11 17538 19 17623 19 17650 14 17691 50 17755 7 17794 18 17879 21 17905 15 17947 51 18012 5 18050 18 18135 22 18161 15 18202 53 18269 5 18306 17 18392 18 18416 16 18457 54 18525 6 18562 17 18649 16 18672 16 18713 55 18782 13 18817 17 18907 13 18928 16 18969 56 19026 3 19038 13 19073 17 19163 12 19183 17 19210 4 19225 63 19295 13 19329 16 19381 6 19421 4 19439 17 19465 11 19482 64 19549 16 19585 16 19635 9 19677 4 19695 17 19718 16 19739 82 19833 2 19842 14 19890 11 19950 41 19995 82 20088 4 20098 13 20145 13 20205 42 20250 83 20356 11 20401 14 20461 43 20505 85 20613 9 20656 15 20717 129 20870 7 20911 17 20973 130 21128 3 21167 17 21230 90 21325 34 21423 18 21487 89 21583 32 21679 18 21743 59 21805 27 21840 30 21934 19 21999 59 22063 25 22096 29 22190 19 22255 59 22321 23 22352 28 22446 19 22511 59 22577 23 22608 27 22646 1 22702 19 22767 59 22835 16 22864 27 22899 7 22958 19 23023 60 23091 16 23119 28 23155 8 23213 20 23279 60 23348 13 23375 29 23409 10 23469 20 23535 62 23605 12 23631 30 23664 11 23725 20 23791 63 23862 11 23887 44 23981 20 24047 63 24120 8 24143 44 24237 20 24302 66 24379 2 24399 45 24493 20 24530 3 24558 67 24655 25 24683 17 24749 20 24785 5 24813 70 24911 23 24941 16 25006 18 25041 8 25069 71 25168 22 25197 24 25262 18 25297 11 25325 18 25344 53 25413 5 25426 19 25454 24 25518 17 25552 14 25581 14 25600 54 25668 6 25683 18 25710 24 25774 17 25808 15 25837 13 25856 54 25922 9 25939 18 25967 23 26031 15 26063 18 26093 12 26112 54 26177 10 26195 18 26223 22 26287 14 26319 18 26349 12 26368 55 26433 10 26452 18 26479 22 26543 14 26575 19 26607 10 26624 55 26689 10 26708 18 26733 24 26800 12 26831 19 26863 9 26880 48 26930 5 26944 10 26965 18 26986 27 27057 11 27087 20 27121 6 27136 47 27186 5 27200 10 27221 48 27313 11 27343 20 27379 3 27392 44 27443 3 27456 10 27477 48 27571 10 27599 21 27648 43 27699 1 27712 11 27733 42 27779 1 27827 9 27854 22 27903 44 27967 16 27989 31 28023 4 28085 6 28105 27 28157 46 28223 17 28245 30 28341 6 28361 27 28412 48 28476 22 28503 26 28617 27 28668 50 28728 27 28759 26 28873 28 28924 51 28983 29 29016 23 29130 28 29180 51 29238 31 29272 22 29386 29 29436 52 29494 32 29527 21 29643 30 29692 52 29750 53 29900 30 29948 51 30007 50 30155 37 30204 47 30263 50 30404 1 30411 38 30461 46 30521 46 30659 5 30667 39 30717 46 30779 44 30915 48 30975 43 31037 40 31170 49 31232 42 31293 39 31426 49 31488 42 31550 37 31683 48 31744 42 31806 37 31939 48 32000 41 32050 7 32060 28 32091 8 32196 47 32256 41 32305 36 32348 7 32452 47 32512 39 32561 16 32581 14 32604 6 32709 46 32768 38 32817 16 32837 14 32860 6 32965 46 33024 36 33072 17 33093 13 33117 4 33221 47 33281 34 33328 18 33348 14 33373 3 33477 47 33537 34 33583 36 33628 3 33734 51 33793 34 33839 36 33885 2 33991 52 34049 36 34093 39 34154 3 34247 52 34304 38 34349 40 34409 5 34504 51 34560 39 34604 41 34665 5 34760 53 34816 39 34859 43 34921 5 35016 53 35072 40 35114 45 35179 2 35272 55 35328 40 35369 46 35527 56 35584 53 35639 33 35783 57 35841 51 35895 12 35909 19 36038 58 36097 51 36151 11 36165 21 36293 59 36353 37 36391 13 36407 11 36422 21 36549 59 36610 34 36648 12 36667 6 36677 22 36769 1 36805 59 36867 32 36905 10 36925 2 36931 24 37025 2 37060 60 37125 6 37132 22 37163 8 37187 24 37279 4 37316 60 37390 20 37421 4 37442 25 37533 6 37572 60 37646 18 37698 25 37787 6 37794 3 37828 59 37902 17 37954 25 38043 6 38050 3 38084 59 38158 16 38210 15 38226 9 38299 10 38340 59 38414 15 38467 13 38484 7 38554 11 38596 3 38603 52 38661 1 38669 16 38723 12 38741 4 38809 12 38852 2 38862 49 38917 1 38925 16 38980 11 39065 12 39108 2 39119 48 39181 15 39237 8 39304 9 39320 13 39350 2 39364 1 39379 44 39437 16 39494 4 39560 11 39576 13 39606 3 39635 45 39692 17 39815 13 39832 13 39862 5 39892 44 39948 17 40071 14 40088 13 40118 6 40149 43 40204 18 40327 15 40345 14 40375 6 40405 43 40459 20 40582 16 40601 14 40631 7 40662 42 40716 18 40838 17 40857 14 40887 8 40919 41 40973 16 41094 17 41113 14 41143 9 41175 41 41229 15 41351 32 41400 8 41443 29 41487 12 41607 32 41656 8 41699 29 41863 32 41913 7 41953 31 42119 32 42169 7 42209 31 42374 31 42426 6 42467 29 42630 31 42683 6 42723 29 42886 31 42939 7 42980 15 43001 7 43142 31 43194 8 43237 12 43257 7 43399 31 43449 10 43496 6 43513 7 43655 31 43705 10 43770 6 43912 30 43961 11 44026 6 44169 29 44218 11 44283 5 44424 30 44475 10 44539 5 44679 31 44731 11 44795 5 44935 31 44987 12 45051 5 45191 31 45243 12 45307 5 45447 31 45500 11 45563 5 45703 30 45756 11 45819 5 45935 6 45960 29 46013 10 46075 5 46190 7 46216 29 46269 10 46322 3 46330 6 46445 10 46473 28 46527 7 46577 5 46585 7 46699 12 46729 27 46783 6 46833 6 46840 8 46954 13 46985 27 47040 5 47090 14 47209 14 47241 28 47295 5 47347 13 47462 16 47497 28 47549 6 47604 12 47717 17 47753 27 47805 6 47859 13 47971 18 48009 19 48032 2 48049 1 48063 4 48115 13 48227 18 48266 17 48305 2 48319 4 48370 14 48483 18 48523 16 48560 5 48571 8 48625 15 48739 18 48779 16 48817 4 48827 8 48881 15 48919 8 48995 18 49037 13 49072 19 49137 15 49171 13 49225 2 49251 18 49294 9 49328 19 49392 16 49425 17 49477 8 49507 18 49583 20 49648 16 49672 1 49681 18 49733 8 49763 18 49839 19 49904 16 49925 5 49937 19 49989 8 50021 16 50094 20 50160 16 50181 6 50193 19 50244 10 50277 16 50350 19 50416 16 50437 8 50449 20 50499 11 50535 14 50607 18 50673 15 50693 8 50706 19 50755 12 50791 14 50864 16 50929 15 50949 9 50965 16 51010 13 51047 14 51121 14 51185 14 51205 10 51228 11 51265 14 51303 14 51377 15 51441 14 51461 10 51490 7 51520 15 51558 15 51634 17 51657 2 51697 12 51717 10 51746 8 51776 15 51813 16 51890 18 51913 2 51953 10 51973 10 52002 9 52032 15 52068 17 52147 24 52209 9 52230 9 52258 9 52288 16 52323 18 52403 24 52465 9 52487 8 52514 9 52544 16 52579 18 52660 19 52720 9 52743 8 52770 9 52800 16 52836 17 52917 18 52975 9 52999 8 53026 9 53057 15 53092 17 53174 17 53230 9 53255 8 53282 8 53313 15 53349 16 53430 17 53486 9 53511 8 53539 6 53570 14 53605 15 53687 15 53742 9 53768 7 53796 5 53827 13 53861 15 53944 14 53998 9 54026 3 54087 8 54119 12 54201 12 54255 8 54345 4 54376 11 54457 12 54484 5 54511 8 54714 9 54739 8 54769 6 54902 1 54971 7 54995 14 55027 3 55157 3 55248 20 55413 3 55500 24 55670 1 55755 26 56010 9 56024 13 56265 9 56279 13 56521 9 56535 13 56769 3 56776 11 56789 16 57024 37 57088 2 57279 40 57344 3 57535 42 57600 4 57791 44 57856 4 58046 45 58112 3 58302 46 58368 3 58558 47 58813 48 59067 50 59321 53 59576 54 59830 56 60085 57 60341 56 60597 56 60849 3 60855 54 61105 3 61111 59 61360 5 61368 61 61616 70 61871 71 62127 72 62383 72 62639 72 62895 46 62945 22 63151 45 63202 21 63407 22 63435 16 63459 20 63663 21 63691 16 63715 20 63920 20 63949 10 63970 22 64177 19 64206 8 64226 22 64409 6 64435 18 64460 10 64481 24 64664 9 64692 17 64715 11 64736 25 64919 10 64950 15 64971 11 64990 27 65175 10 65207 6 65216 5 65227 12 65245 28 65431 11 65482 14 65500 29
474754,77 8 227 4 333 8 589 7 845 6 1100 6 1322 4 1355 4 1557 2 1578 3 1813 3 1834 3 2069 3 2091 2 2325 3 2581 3 2837 2 3093 2 5108 3 5363 6 5618 10 5874 11 6131 12 6387 13 6643 13 6715 2 6900 12 6971 2 7161 7 7227 2 7419 5 7443 6 7482 3 7677 3 7699 6 7738 3 7744 2 7836 3 7933 3 7958 3 7993 2 7999 5 8091 6 8162 1 8189 3 8215 2 8249 2 8255 5 8347 6 8385 1 8417 4 8445 3 8511 5 8602 8 8673 4 8701 3 8767 5 8855 12 8930 1 8958 2 9023 5 9109 14 9279 5 9365 14 9535 4 9620 15 9791 4 9876 16 10132 16 10389 15 10645 16 10902 15 11165 8 11421 7 11679 3 16335 1 16591 2 16847 1 21539 1 21794 5 22050 5 22307 3 22563 2 38887 4 39102 3 39143 6 39357 4 39399 7 39416 7 39612 6 39655 8 39667 12 39868 12 39911 24 40124 13 40167 24 40380 15 40404 5 40425 23 40636 16 40657 10 40670 6 40683 21 40825 3 40895 29 40925 9 40939 21 41080 5 41151 28 41181 10 41195 21 41335 9 41408 26 41438 10 41452 20 41592 9 41664 25 41695 8 41709 14 41848 12 41920 25 41953 6 41967 4 42104 12 42176 24 42211 3 42223 2 42359 12 42433 22 42615 12 42689 22 42797 4 42871 12 42947 19 43051 5 43127 12 43203 19 43306 6 43333 2 43383 12 43461 17 43563 4 43588 3 43639 12 43717 16 43819 4 43842 7 43895 12 43975 14 44020 3 44077 1 44097 8 44151 12 44235 10 44276 4 44353 8 44409 8 44492 8 44609 8 44665 7 44749 7 44865 8 44999 14 45121 8 45253 17 45349 2 45362 5 45379 6 45403 1 45491 6 45508 20 45603 5 45618 5 45635 6 45745 8 45764 22 45858 8 45875 7 45893 3 45999 12 46019 28 46114 9 46131 7 46149 2 46255 12 46275 29 46369 10 46388 7 46511 13 46532 29 46624 11 46645 6 46767 14 46789 28 46875 16 46901 6 47023 15 47045 30 47131 16 47157 6 47280 14 47301 32 47386 17 47413 6 47537 14 47558 37 47643 16 47669 5 47794 12 47814 37 47899 17 47924 5 48051 9 48069 40 48155 17 48179 6 48230 3 48308 7 48324 42 48411 18 48435 6 48485 4 48565 5 48579 46 48666 19 48691 7 48741 4 48823 1 48835 48 48921 20 48947 7 48997 4 49089 53 49176 21 49203 8 49253 5 49343 55 49431 20 49460 7 49510 5 49572 1 49598 57 49687 20 49716 6 49766 6 49828 2 49854 57 49943 6 49951 11 49975 2 50022 7 50084 14 50111 58 50199 5 50209 9 50232 1 50279 6 50340 15 50367 58 50455 4 50467 5 50537 1 50599 12 50622 61 50711 4 50723 4 50859 8 50878 62 50966 4 50981 1 51000 1 51094 3 51118 5 51133 64 51222 4 51255 2 51350 4 51376 2 51389 65 51477 4 51510 3 51605 6 51645 66 51733 4 51767 2 51861 7 51901 66 51991 4 52023 2 52119 6 52157 66 52247 4 52279 2 52375 7 52412 68 52503 4 52632 6 52666 70 52759 4 52889 5 52921 71 53014 7 53145 2 53176 72 53269 8 53432 72 53524 9 53688 72 53780 9 53943 73 54035 10 54200 72 54291 10 54456 72 54547 8 54711 73 54803 8 54967 73 55059 7 55222 74 55315 7 55477 75 55571 7 55731 77 55827 7 55987 77 56072 1 56083 6 56107 4 56241 79 56327 4 56340 5 56363 6 56495 81 56583 5 56617 10 56751 81 56840 4 56873 14 57007 81 57096 3 57126 19 57264 80 57352 2 57381 21 57521 79 57608 1 57636 22 57781 75 57861 2 57892 22 58037 82 58147 23 58292 83 58403 23 58548 83 58659 23 58772 4 58803 84 58914 25 59027 7 59049 1 59059 84 59169 26 59283 8 59305 5 59315 84 59425 26 59539 8 59561 6 59570 85 59681 36 59794 10 59815 96 59937 38 60050 10 60069 98 60193 39 60305 117 60448 40 60561 116 60704 41 60815 113 60961 40 61069 115 61217 41 61324 116 61473 41 61579 117 61731 40 61834 118 61987 40 62089 119 62243 40 62344 120 62499 40 62599 121 62755 40 62853 123 63010 41 63107 125 63265 42 63362 126 63521 41 63617 127 63777 41 63872 128 64033 41 64126 130 64289 40 64377 135 64546 39 64595 2 64632 136 64803 38 64851 4 64887 137 65059 38 65107 4 65143 137 65317 35 65362 5 65398 138
478603,0 65536
487585,0 51 55 18 124 37 222 12 253 54 311 18 381 35 476 15 510 53 567 18 637 34 731 16 767 52 822 21 894 33 987 17 1023 52 1077 22 1151 6 1159 24 1243 18 1279 79 1409 2 1418 21 1499 19 1535 80 1675 20 1754 21 1790 81 1935 16 2007 26 2043 84 2192 15 2261 30 2297 86 2449 13 2515 124 2706 12 2769 126 2963 10 3021 130 3219 9 3276 94 3373 34 3476 7 3530 93 3629 34 3733 6 3785 93 3886 33 3991 1 4040 93 4142 33 4295 95 4397 33 4552 94 4653 33 4808 41 4851 52 4908 33 5064 38 5107 52 5163 34 5321 37 5362 53 5418 34 5577 37 5617 55 5674 34 5833 38 5872 56 5929 34 6091 93 6185 34 6347 128 6605 126 6861 126 7118 125 7375 125 7631 126 7888 126 8144 127 8400 129 8656 129 8912 83 8999 42 9168 82 9255 43 9302 3 9424 77 9502 3 9512 51 9565 8 9673 3 9681 74 9759 2 9768 61 9929 4 9937 80 10024 62 10184 5 10194 79 10279 63 10440 5 10451 80 10535 39 10575 24 10696 6 10707 82 10791 38 10831 25 10952 6 10964 121 11088 25 11209 5 11222 80 11305 36 11344 25 11465 4 11479 78 11563 33 11600 27 11739 74 11819 32 11856 27 11997 110 12112 27 12253 110 12367 28 12509 109 12623 28 12766 107 12879 28 13023 68 13093 34 13135 28 13280 67 13351 32 13391 28 13537 66 13609 28 13647 28 13793 66 13865 28 13903 28 14050 65 14121 29 14157 31 14307 64 14377 29 14411 33 14563 64 14633 67 14821 62 14889 67 15079 61 15145 66 15337 60 15401 67 15594 131 15787 6 15851 130 16042 8 16107 88 16196 43 16295 12 16363 87 16452 43 16549 15 16620 85 16707 44 16804 16 16877 84 16962 45 17058 18 17133 130 17309 24 17390 129 17564 25 17646 127 17819 26 17902 127 18075 25 18158 126 18330 25 18415 124 18586 25 18672 123 18841 26 18929 122 19097 26 19185 104 19293 14 19351 27 19441 104 19549 15 19606 29 19698 41 19743 52 19804 16 19861 30 19954 41 19999 47 20060 16 20117 30 20210 41 20256 45 20317 15 20373 30 20466 40 20513 43 20573 15 20630 29 20723 38 20769 40 20829 15 20887 28 20977 37 21026 36 21085 15 21145 26 21231 35 21283 10 21297 18 21331 5 21341 14 21403 22 21483 38 21539 10 21553 18 21586 25 21659 22 21739 38 21796 9 21810 10 21840 27 21915 21 21993 39 22052 8 22066 9 22095 27 22171 19 22249 40 22309 6 22325 2 22351 27 22428 13 22473 2 22503 42 22566 5 22607 27 22685 9 22727 6 22757 44 22862 28 22943 4 22981 11 23011 46 23118 29 23235 14 23266 47 23373 30 23489 18 23521 48 23629 30 23744 20 23769 2 23776 48 23886 27 23999 24 24024 55 24142 27 24254 81 24397 28 24509 82 24653 27 24764 83 24909 28 25019 83 25166 27 25274 84 25422 29 25521 92 25679 28 25777 92 25936 30 26033 92 26193 30 26289 91 26453 27 26545 90 26711 26 26801 90 26968 32 27057 90 27225 32 27313 90 27481 34 27555 8 27569 89 27737 34 27811 9 27825 88 27939 8 27994 34 28058 20 28080 89 28192 12 28250 35 28305 1 28311 115 28445 15 28505 37 28556 7 28565 118 28699 18 28742 5 28761 38 28809 10 28821 120 28954 19 28997 8 29017 42 29062 11 29077 120 29210 19 29253 8 29273 43 29317 10 29332 124 29465 19 29507 11 29528 53 29587 126 29721 19 29763 12 29784 53 29843 153 30016 16 30039 54 30099 153 30270 19 30294 55 30355 152 30525 80 30611 152 30781 80 30867 151 31036 81 31122 152 31292 81 31377 153 31547 82 31633 152 31803 82 31889 151 32057 84 32145 150 32313 84 32401 151 32568 85 32658 10 32674 136 32823 85 32915 8 32931 138 33079 88 33189 137 33333 91 33445 236 33703 70 33776 161 33961 67 34033 160 34216 69 34296 153 34472 69 34553 82 34637 68 34712 6 34727 70 34811 80 34893 68 34967 11 34981 72 35071 75 35151 66 35223 86 35328 75 35405 68 35479 86 35584 144 35735 86 35840 144 35991 86 36100 19 36121 62 36185 54 36247 87 36357 17 36378 57 36443 52 36503 87 36614 15 36635 56 36699 53 36759 88 36871 14 36891 56 36955 54 37015 88 37128 11 37147 56 37212 55 37271 88 37385 10 37403 56 37468 56 37525 91 37643 6 37657 60 37723 150 37912 62 37977 152 38166 220 38421 222 38677 222 38932 223 39188 223 39444 224 39700 224 39955 225 40210 226 40465 227 40721 227 40978 225 41235 21 41263 195 41491 21 41521 193 41747 21 41778 192 42003 20 42035 191 42259 20 42291 193 42515 20 42547 194 42772 19 42804 193 43028 19 43060 193 43285 18 43317 192 43540 19 43573 192 43791 23 43828 193 44046 24 44083 194 44301 25 44339 194 44557 24 44594 196 44813 24 44850 196 45069 24 45106 197 45325 24 45361 198 45581 24 45617 198 45837 23 45870 201 46093 22 46125 201 46349 22 46381 201 46605 21 46637 51 46690 147 46861 20 46892 50 46948 145 47117 20 47148 50 47205 144 47373 19 47403 51 47463 142 47629 19 47659 51 47720 141 47885 19 47913 54 47977 140 48142 18 48169 54 48234 139 48384 5 48398 18 48423 56 48489 140 48640 5 48654 19 48679 56 48745 140 48896 7 48909 20 48935 56 49001 142 49152 6 49165 20 49190 57 49256 144 49408 5 49420 21 49445 58 49511 146 49664 5 49675 22 49702 57 49767 146 49929 24 49959 56 50021 149 50185 24 50215 55 50277 149 50437 27 50472 53 50533 148 50693 26 50729 52 50788 149 50947 24 50985 51 51044 149 51201 24 51241 51 51300 148 51456 24 51498 49 51556 148 51712 24 51754 49 51812 148 51968 24 52011 205 52224 24 52267 206 52480 25 52525 24 52551 178 52736 25 52782 21 52807 178 52992 26 53043 8 53063 178 53248 26 53281 3 53300 7 53319 33 53355 141 53504 27 53534 9 53557 5 53575 32 53619 123 53760 39 53813 5 53831 32 53878 119 54016 40 54069 5 54083 2 54086 33 54135 118 54272 40 54325 6 54337 38 54391 118 54528 41 54579 51 54647 118 54784 42 54833 52 54903 118 55040 43 55086 54 55157 120 55296 100 55413 120 55552 101 55667 121 55808 101 55922 122 56064 103 56177 83 56261 37 56320 103 56433 67 56501 13 56518 35 56576 104 56687 69 56757 12 56776 31 56832 105 56943 69 57013 12 57033 30 57088 180 57272 9 57291 28 57344 182 57529 6 57549 26 57600 183 57814 17 57856 183 58072 14 58112 184 58339 2 58368 185 58624 185 58880 186 59136 187 59392 188 59648 126 59778 59 59904 125 60035 59 60160 125 60291 59 60416 125 60547 60 60672 124 60803 60 60928 123 61059 60 61184 100 61287 19 61315 60 61440 121 61571 60 61696 113 61810 5 61828 58 61952 113 62067 3 62084 58 62208 119 62341 58 62464 119 62597 58 62720 127 62853 59 62976 127 63108 61 63232 194 63488 195 63744 197 64000 197 64256 197 64512 197 64768 198 65024 197 65281 186 65469 8
487629,0 16 31 13 55 78 144 5 153 118 285 15 312 5 319 63 403 2 408 119 540 16 568 4 575 62 664 119 794 17 831 60 919 120 1049 18 1087 60 1174 119 1305 18 1343 59 1429 120 1561 18 1600 58 1683 122 1814 21 1857 56 1938 123 2068 23 2113 56 2194 122 2321 25 2370 54 2449 122 2577 25 2627 43 2673 6 2705 122 2831 26 2883 42 2961 122 3086 26 3140 40 3217 122 3340 27 3397 38 3473 149 3653 38 3729 147 3909 38 3985 114 4100 5 4107 24 4166 37 4241 111 4365 19 4423 36 4497 111 4621 18 4679 35 4753 111 4878 15 4935 34 5009 111 5134 15 5191 34 5265 111 5391 10 5447 8 5462 17 5521 111 5646 11 5704 6 5719 16 5777 111 5901 14 5961 3 5976 14 6032 112 6156 15 6232 14 6287 113 6411 18 6489 12 6542 114 6667 18 6747 5 6797 115 6923 19 7052 116 7179 20 7232 5 7307 117 7435 20 7487 8 7563 117 7691 20 7742 11 7819 117 7949 18 7997 14 8074 118 8211 11 8252 16 8330 118 8469 8 8507 18 8585 119 8727 4 8763 19 8841 119 9019 20 9097 119 9275 20 9353 119 9533 18 9609 119 9789 18 9835 4 9864 120 10047 16 10090 7 10102 1 10117 123 10303 14 10345 8 10357 2 10371 125 10559 13 10602 14 10622 130 10815 12 10859 13 10877 131 11071 10 11117 12 11131 133 11327 10 11375 10 11386 134 11583 9 11631 8 11641 135 11840 8 11887 8 11897 135 12097 6 12144 6 12153 135 12296 1 12354 4 12401 4 12409 135 12551 3 12657 5 12664 136 12807 3 12914 142 13063 4 13170 142 13320 1 13424 144 13677 147 13933 147 14189 147 14445 147 14701 147 14957 147 15215 145 15471 145 15729 143 15987 2 15995 133 16190 1 16253 131 16444 4 16509 131 16699 6 16765 131 16954 7 17021 131 17209 8 17267 2 17275 133 17465 8 17522 142 17722 6 17776 144 17978 5 18031 145 18287 145 18543 145 18798 146 19053 147 19308 148 19564 148 19819 149 20074 150 20330 150 20587 149 20843 149 21099 149 21340 4 21356 148 21595 5 21612 148 21850 7 21868 148 22105 8 22124 148 22361 8 22377 151 22617 8 22629 155 22872 168 23128 168 23384 168 23640 168 23896 168 24152 168 24409 167 24666 166 24923 165 25179 165 25435 165 25692 164 25948 164 26205 163 26460 164 26715 165 26971 165 27227 165 27483 5 27491 157 27739 5 27747 157 27997 163 28225 1 28253 163 28510 162 28767 161 29024 160 29281 159 29539 157 29795 157 30051 157 30307 157 30564 156 30821 155 31077 155 31333 155 31589 155 31845 155 32075 2 32079 4 32099 157 32329 12 32355 157 32583 25 32611 157 32839 26 32866 158 33095 185 33351 185 33607 185 33863 185 34121 183 34383 177 34641 175 34898 174 35105 5 35155 173 35359 9 35411 173 35613 13 35669 12 35684 156 35848 1 35868 15 35927 9 35940 156 36099 16 36123 16 36185 4 36196 156 36353 20 36379 16 36452 156 36609 23 36635 17 36707 157 36865 24 36892 17 36963 157 37121 25 37148 17 37219 157 37377 26 37404 17 37475 157 37633 44 37732 202 37988 203 38245 202 38502 201 38759 4 38767 192 39024 192 39281 191 39537 191 39792 192 40048 192 40304 192 40559 194 40816 193 41072 195 41328 195 41585 194 41842 193 42100 193 42360 189 42617 190 42875 189 43131 190 43395 57 43455 122 43653 47 43701 6 43712 122 43911 34 43971 120 44168 32 44229 119 44425 32 44470 1 44487 118 44681 32 44724 4 44745 116 44937 34 44980 4 45003 114 45193 36 45237 3 45259 115 45449 37 45494 2 45517 114 45705 38 45773 115 45961 39 46031 113 46217 40 46288 113 46474 39 46545 113 46731 39 46801 114 46989 38 47058 113 47247 37 47315 112 47504 38 47574 2 47580 27 47611 72 47750 1 47760 38 47838 25 47867 72 47993 5 48003 6 48017 37 48096 23 48123 72 48248 7 48259 7 48273 37 48353 22 48379 72 48504 20 48525 40 48612 19 48635 72 48759 62 48870 17 48891 72 49015 61 49127 16 49149 71 49271 60 49384 14 49405 72 49527 59 49640 13 49664 69 49783 59 49896 13 49920 69 50037 28 50069 29 50153 10 50176 69 50293 28 50326 28 50409 10 50432 70 50547 30 50583 27 50665 8 50688 70 50803 30 50839 27 50922 5 50944 71 51057 32 51095 27 51200 73 51313 33 51351 27 51456 74 51569 34 51607 27 51712 75 51824 66 51968 75 52080 67 52224 75 52336 67 52480 75 52592 67 52736 75 52847 68 52992 75 53103 68 53248 76 53360 67 53504 77 53616 68 53760 77 53871 70 54016 31 54051 42 54126 72 54272 30 54308 41 54381 74 54528 31 54565 40 54635 76 54784 32 54822 38 54890 77 55040 33 55079 36 55145 77 55296 35 55336 34 55400 78 55552 37 55594 32 55655 78 55772 5 55808 38 55851 30 55911 77 56028 5 56064 41 56111 26 56166 77 56284 6 56320 42 56368 24 56421 78 56541 5 56576 41 56626 21 56677 78 56799 1 56832 41 56883 19 56933 78 57088 39 57140 17 57188 79 57344 31 57397 14 57444 79 57601 27 57699 80 57861 5 57868 15 57955 80 58211 79 58355 3 58467 78 58609 6 58723 78 58864 8 58979 78 59120 8 59235 77 59376 8 59491 77 59632 7 59749 74 59889 5 60005 74 60145 4 60267 69 60525 68 60783 68 61039 70 61295 71 61551 71 61808 71 62064 71 62319 72 62575 72 62831 72 63087 72 63344 71 63601 70 63858 69 64114 69 64373 66 64629 66 64870 3 64887 63 65125 8 65143 63 65379 11 65401 60
489967,0 65536
490941,7 48 136 12 153 8 162 16 199 57 261 49 392 11 411 5 417 18 456 56 517 48 648 11 668 1 673 18 712 56 773 48 905 9 923 24 967 57 1029 49 1161 8 1175 28 1223 57 1283 54 1417 7 1429 32 1479 57 1540 53 1673 7 1685 32 1734 58 1797 54 1931 3 1939 34 1989 59 2053 54 2133 4 2188 1 2194 36 2245 60 2310 53 2386 9 2448 38 2501 61 2567 53 2641 10 2661 2 2704 38 2756 65 2825 52 2893 15 2915 6 2959 39 3011 66 3081 52 3145 20 3171 8 3212 42 3267 93 3365 25 3399 22 3426 20 3465 46 3523 94 3621 26 3655 23 3682 21 3720 46 3779 94 3877 26 3909 25 3937 23 3975 47 4036 93 4133 27 4163 29 4193 23 4230 48 4293 180 4485 50 4550 179 4741 50 4807 178 4996 51 5064 177 5251 52 5320 179 5506 53 5577 178 5761 54 5833 146 5980 31 6015 56 6089 146 6237 89 6345 145 6495 86 6601 144 6751 86 6857 142 7009 83 7112 143 7267 80 7368 136 7529 74 7624 135 7786 73 7880 133 8043 71 8136 130 8299 70 8392 130 8556 69 8649 130 8812 69 8905 130 9069 68 9161 130 9325 68 9417 134 9581 69 9653 8 9675 133 9837 81 9931 134 10092 84 10188 133 10348 85 10445 133 10605 84 10701 133 10861 84 10958 134 11117 84 11214 137 11373 84 11470 138 11629 84 11727 138 11885 83 11983 142 12140 83 12239 143 12396 70 12469 9 12495 146 12653 68 12726 7 12752 145 12909 68 12985 2 13008 145 13166 67 13265 11 13281 128 13423 66 13521 11 13537 129 13679 67 13779 6 13795 127 13935 68 14036 4 14053 125 14193 66 14307 127 14449 66 14563 128 14707 16 14725 47 14817 130 14964 15 14981 32 15015 13 15071 132 15223 11 15238 29 15274 11 15326 135 15480 9 15495 28 15530 11 15581 142 15739 6 15751 26 15787 10 15837 142 15995 6 16008 23 16043 10 16092 145 16253 4 16264 21 16301 10 16314 9 16348 79 16431 62 16510 2 16521 20 16559 21 16605 76 16687 63 16777 20 16815 38 16860 77 16943 65 17010 3 17026 2 17033 20 17071 41 17115 79 17198 75 17281 4 17288 22 17326 204 17537 29 17581 206 17793 29 17837 207 18049 29 18093 208 18305 30 18347 210 18560 31 18603 211 18815 34 18858 250 19114 252 19369 3555 22925 255 23181 1394 24576 255 24832 248 25088 248 25344 249 25600 250 25856 39680
491029,0 52587 52593 248 52851 244 53109 241 53364 241 53620 241 53875 242 54131 242 54387 242 54642 243 54898 239 55153 239 55409 238 55665 236 55921 230 56155 2 56176 229 56411 1 56431 228 56686 229 56942 229 57197 230 57452 232 57707 233 57963 230 58219 230 58474 231 58731 230 58987 230 59248 226 59505 226 59767 220 60025 220 60249 2 60284 217 60504 3 60540 224 60796 225 61053 224 61300 7 61309 224 61557 6 61565 225 61814 239 62071 240 62327 5 62341 227 62583 4 62597 229 62839 4 62855 228 63094 5 63112 227 63350 5 63369 227 63606 5 63625 228 63861 6 63881 228 64117 6 64129 2 64136 230 64372 6 64385 237 64627 7 64641 238 64883 7 64897 239 65139 7 65151 246 65399 4 65405 131
494025,17 26 132 114 255 1 273 26 388 113 511 1 528 27 644 113 767 1 783 28 900 113 1023 1 1038 29 1155 114 1291 32 1411 112 1545 34 1667 112 1799 36 1923 111 2054 37 2178 112 2310 39 2434 112 2566 41 2689 113 2821 43 2945 113 3077 43 3201 113 3332 45 3455 93 3549 20 3588 45 3711 93 3806 19 3843 45 3942 9 3967 93 4063 18 4099 45 4197 12 4223 93 4320 17 4355 46 4453 14 4478 94 4576 17 4611 46 4709 15 4733 95 4832 17 4867 46 4965 16 4989 95 5089 16 5124 45 5221 17 5245 95 5346 15 5380 46 5477 19 5500 96 5604 12 5637 46 5733 19 5755 97 5893 46 5990 117 6149 46 6247 116 6406 45 6504 114 6663 44 6761 112 6919 43 7016 112 7175 43 7267 117 7431 43 7523 116 7687 43 7778 116 7936 5 7943 43 8033 115 8192 50 8288 33 8322 78 8448 6 8461 36 8540 2 8543 33 8579 76 8704 6 8718 35 8794 38 8836 75 8960 5 8976 29 9049 38 9094 73 9216 5 9233 5 9245 16 9305 38 9350 73 9472 4 9505 9 9560 39 9606 72 9762 7 9815 41 9862 71 9995 3 10053 4 10067 48 10117 71 10250 5 10309 5 10321 122 10505 7 10565 8 10575 122 10761 8 10820 132 11016 10 11075 88 11167 40 11270 13 11320 3 11331 86 11423 40 11524 16 11574 7 11586 87 11681 38 11779 18 11830 9 11841 88 11937 38 12035 18 12087 98 12192 39 12291 18 12343 99 12447 40 12547 18 12600 100 12701 42 12803 19 12857 141 13059 20 13114 140 13315 20 13371 139 13571 20 13627 138 13827 21 13883 138 14083 21 14139 137 14337 23 14395 137 14592 25 14651 136 14848 25 14907 106 15015 28 15104 26 15136 3 15162 103 15275 24 15360 27 15391 5 15418 103 15531 24 15616 38 15673 96 15789 21 15868 2 15872 38 15929 94 16045 21 16123 4 16128 39 16185 92 16302 19 16378 46 16442 90 16558 9 16571 6 16633 47 16698 88 16815 6 16889 48 16954 87 17073 2 17144 49 17211 82 17399 50 17453 4 17467 81 17654 60 17723 80 17907 64 17979 79 18163 66 18235 77 18417 68 18490 74 18673 145 18929 144 19185 143 19442 142 19698 142 19953 142 20209 141 20462 144 20717 144 20972 145 21228 143 21484 142 21740 33 21780 100 21997 24 22023 5 22037 98 22253 22 22293 96 22508 23 22549 90 22763 22 22805 89 23015 28 23061 89 23271 28 23317 38 23356 7 23369 38 23525 30 23573 37 23629 33 23781 27 23809 2 23829 18 23849 14 23887 31 24036 28 24065 2 24085 16 24106 12 24144 30 24291 29 24341 12 24362 11 24401 29 24547 29 24596 13 24618 9 24658 28 24802 30 24851 14 24873 7 24915 27 25057 31 25107 15 25129 7 25171 28 25313 31 25362 18 25383 8 25428 27 25551 3 25569 31 25617 31 25685 25 25803 8 25825 31 25873 33 25942 10 25955 11 26057 10 26081 31 26128 35 26199 7 26213 8 26313 10 26337 31 26373 1 26383 38 26456 5 26471 6 26569 10 26594 30 26629 2 26639 39 26713 4 26825 10 26850 30 26883 4 26893 44 26970 3 27081 11 27107 29 27139 5 27148 47 27227 1 27337 11 27363 29 27393 60 27594 11 27619 29 27649 61 27851 10 27875 29 27905 62 28107 10 28133 91 28363 10 28389 27 28418 64 28611 2 28618 11 28645 27 28675 64 28867 3 28874 11 28902 26 28932 66 29123 17 29159 25 29188 67 29379 16 29399 4 29415 25 29445 68 29636 12 29653 11 29673 20 29701 69 29892 11 29909 12 29930 18 29958 69 30149 9 30165 15 30189 14 30214 69 30305 2 30405 9 30420 16 30447 10 30471 14 30486 54 30560 4 30662 8 30676 17 30727 14 30743 53 30816 3 30918 8 30931 19 30984 12 31000 51 31073 1 31175 8 31187 20 31240 12 31257 50 31431 8 31443 20 31499 10 31514 48 31687 10 31699 22 31743 1 31755 10 31770 47 31943 34 31999 1 32005 16 32026 45 32198 35 32255 1 32261 17 32282 44 32454 35 32517 19 32537 44 32708 37 32773 64 32963 38 33029 63 33198 5 33219 38 33285 63 33454 6 33475 38 33541 52 33597 7 33709 8 33731 36 33797 51 33853 7 33965 9 33988 35 34053 50 34109 8 34157 4 34217 12 34246 33 34309 49 34365 8 34413 5 34471 14 34503 32 34564 48 34622 7 34669 5 34723 18 34760 31 34815 1 34820 17 34839 28 34879 6 34924 7 34979 19 35016 32 35069 3 35075 16 35097 24 35136 4 35180 7 35234 21 35272 32 35325 3 35331 16 35353 25 35435 8 35490 20 35528 33 35581 3 35588 15 35611 24 35691 8 35745 20 35783 34 35837 3 35844 14 35867 25 35947 8 36001 20 36039 34 36093 3 36101 12 36123 26 36202 11 36216 5 36236 1 36245 5 36258 20 36295 35 36351 1 36364 3 36379 26 36457 13 36471 6 36491 17 36515 19 36551 36 36607 1 36633 29 36711 23 36747 19 36771 19 36807 36 36889 30 36963 28 37004 18 37029 17 37062 37 37144 31 37217 30 37261 18 37287 15 37318 36 37399 33 37473 30 37517 18 37543 15 37574 36 37651 37 37729 29 37773 22 37797 4 37802 12 37829 36 37902 43 37985 28 38029 28 38058 12 38085 36 38148 54 38241 20 38287 38 38341 36 38403 56 38461 1 38497 18 38543 38 38597 36 38657 62 38755 16 38801 36 38854 35 38913 62 39011 16 39057 36 39110 37 39168 63 39269 12 39313 28 39366 38 39424 63 39525 12 39569 28 39622 39 39680 62 39781 10 39825 28 39877 41 39936 61 40037 9 40081 28 40133 42 40192 61 40275 2 40293 8 40336 29 40389 42 40448 61 40528 9 40549 8 40592 29 40644 43 40704 61 40783 11 40806 5 40848 29 40901 43 40960 29 40993 27 41039 11 41104 28 41157 44 41216 29 41251 24 41294 11 41315 1 41361 24 41393 5 41413 44 41472 29 41508 18 41527 3 41549 12 41571 3 41617 24 41648 6 41669 44 41728 29 41766 13 41805 12 41826 6 41873 25 41903 7 41926 44 41984 29 42023 12 42060 12 42082 6 42129 25 42158 8 42182 44 42240 29 42283 5 42317 10 42339 6 42384 38 42439 42 42494 31 42574 7 42595 6 42637 40 42695 42 42749 32 42853 3 42889 44 42950 38 43005 34 43110 1 43144 45 43205 38 43261 39 43398 48 43461 36 43517 40 43654 48 43716 37 43773 40 43910 48 43971 37 44028 41 44107 6 44123 2 44166 48 44227 36 44284 43 44351 21 44422 48 44484 34 44539 46 44605 24 44678 48 44741 33 44794 37 44834 10 44860 25 44933 49 44998 31 45049 38 45090 11 45115 26 45189 49 45255 29 45305 38 45347 10 45369 28 45399 3 45443 50 45513 27 45561 38 45602 12 45624 30 45655 4 45699 50 45771 24 45816 55 45880 37 45926 6 45955 48 46037 12 46072 55 46135 38 46181 8 46211 48 46293 12 46328 56 46391 38 46437 8 46452 3 46466 47 46550 9 46583 58 46647 28 46678 7 46693 8 46707 4 46721 48 46806 7 46838 62 46903 28 46935 6 46950 7 46963 6 46973 51 47092 95 47193 3 47207 5 47219 61 47347 94 47475 60 47599 98 47731 60 47855 97 47989 58 48067 4 48116 91 48231 2 48246 57 48321 7 48373 90 48505 54 48577 8 48630 89 48762 53 48833 9 48887 88 49018 53 49089 10 49143 88 49274 53 49345 11 49359 1 49397 90 49521 1 49530 54 49600 19 49652 92 49777 1 49786 54 49856 19 49906 96 50031 3 50043 28 50072 23 50113 18 50153 2 50158 101 50286 4 50299 27 50332 19 50369 18 50403 111 50540 7 50555 10 50568 14 50591 14 50625 18 50657 113 50795 8 50809 9 50825 13 50849 10 50881 18 50913 113 51049 12 51064 8 51084 9 51137 17 51168 80 51249 32 51304 13 51319 10 51337 1 51341 8 51394 15 51423 65 51494 7 51506 31 51552 3 51559 28 51589 6 51651 14 51676 68 51751 5 51763 30 51807 4 51815 35 51907 13 51931 68 52019 29 52059 43 52163 12 52185 70 52276 27 52315 42 52419 12 52440 70 52533 26 52570 42 52676 10 52694 71 52789 26 52826 10 52839 12 52855 12 52933 8 52949 70 53045 26 53081 11 53096 9 53113 9 53133 4 53191 4 53204 70 53301 26 53336 12 53354 7 53371 5 53387 8 53459 70 53556 27 53590 14 53613 2 53641 15 53714 70 53811 29 53845 15 53897 16 53970 69 54047 4 54059 1 54065 18 54087 9 54100 17 54151 19 54225 70 54303 5 54312 27 54343 10 54355 18 54407 20 54481 47 54529 20 54559 36 54599 30 54661 22 54735 49 54787 17 54815 36 54855 30 54917 22 54982 2 54990 50 55045 13 55071 70 55172 23 55237 6 55245 51 55301 13 55328 69 55417 4 55427 25 55493 59 55563 6 55584 69 55670 39 55748 60 55840 71 55925 40 56004 60 56097 70 56180 43 56259 61 56353 70 56436 43 56515 61 56609 8 56620 55 56677 2 56692 43 56771 61 56865 9 56876 55 56948 43 57026 62 57121 10 57132 54 57204 43 57282 62 57377 64 57460 43 57538 62 57634 62 57712 43 57795 61 57890 61 57967 43 58051 65 58145 61 58221 44 58306 67 58401 61 58477 44 58562 68 58657 60 58733 44 58817 70 58913 60 58990 43 59073 70 59169 60 59247 42 59328 71 59425 60 59503 41 59584 71 59682 58 59760 40 59804 7 59839 72 59938 58 60017 39 60059 9 60094 73 60193 58 60272 63 60350 73 60449 57 60528 65 60606 75 60695 6 60704 57 60783 70 60862 78 60950 67 61039 72 61119 65 61187 83 61271 2 61295 74 61376 64 61441 88 61551 74 61631 154 61806 78 61887 154 62061 80 62143 152 62318 233 62575 231 62831 231 63089 229 63346 228 63603 227 63860 20 63890 196 64117 18 64147 196 64375 14 64403 196 64659 196 64915 196 65171 196 65371 1 65427 109
500314,64 43 143 11 159 6 321 42 399 23 577 42 655 24 776 1 835 11 848 27 911 28 1029 6 1092 9 1105 26 1167 32 1283 10 1362 25 1423 34 1538 11 1618 25 1679 36 1792 15 1875 22 1936 37 2011 3 2048 15 2132 21 2192 37 2267 4 2304 16 2390 19 2449 37 2521 11 2560 16 2647 18 2705 37 2777 12 2816 17 2904 16 2962 37 3022 24 3072 17 3160 16 3219 36 3277 25 3328 18 3417 14 3477 35 3532 27 3584 19 3675 12 3733 35 3788 27 3840 19 3990 34 4043 28 4096 19 4247 33 4299 28 4352 19 4503 34 4555 28 4608 20 4760 33 4811 28 4864 20 5016 33 5066 29 5120 21 5272 33 5321 30 5376 21 5528 32 5577 30 5633 20 5783 32 5832 31 5890 19 6039 30 6088 29 6147 18 6295 30 6344 27 6405 16 6549 31 6599 26 6662 14 6804 32 6855 26 6919 12 7059 32 7111 24 7176 9 7315 32 7367 22 7571 32 7624 17 7800 5 7827 32 7880 16 8054 8 8084 28 8135 14 8309 10 8341 25 8377 2 8387 18 8565 10 8597 23 8633 27 8821 10 8853 23 8887 29 9076 12 9108 24 9140 32 9332 12 9364 24 9396 32 9588 13 9619 24 9651 32 9844 13 9875 24 9907 32 10100 15 10131 6 10141 12 10163 33 10329 6 10356 15 10377 1 10387 5 10397 12 10419 33 10583 9 10611 24 10643 3 10655 8 10675 33 10839 9 10867 24 10899 2 10913 5 10931 33 11095 10 11124 25 11187 33 11351 10 11380 25 11443 33 11607 11 11637 24 11699 32 11861 13 11893 24 11955 32 12115 16 12150 23 12211 31 12371 16 12406 23 12467 30 12626 18 12663 22 12723 30 12881 20 12921 20 12979 30 13135 22 13183 14 13235 30 13389 24 13439 14 13492 28 13642 27 13696 14 13757 18 13897 28 13952 14 14015 16 14150 31 14209 12 14273 6 14281 4 14405 31 14465 12 14661 30 14721 11 14916 31 14978 9 15092 4 15171 30 15235 7 15341 14 15359 1 15428 29 15491 7 15594 22 15685 28 15747 6 15848 24 15941 27 16003 6 16104 24 16199 24 16259 7 16357 27 16456 22 16515 8 16612 28 16715 16 16772 6 16867 29 16972 13 17029 5 17044 1 17123 29 17231 8 17296 9 17378 30 17489 4 17550 10 17634 30 17696 1 17805 10 17889 31 17951 4 18061 10 18145 31 18205 8 18317 10 18401 31 18461 8 18513 6 18573 10 18650 38 18717 10 18766 10 18829 11 18894 50 18973 10 19022 11 19085 12 19148 52 19229 10 19277 12 19341 13 19403 53 19485 11 19533 12 19597 13 19659 53 19741 12 19789 12 19853 13 19915 53 19997 12 20045 12 20109 14 20171 53 20232 1 20253 14 20301 12 20365 12 20426 23 20451 29 20488 3 20510 13 20557 12 20621 12 20682 23 20709 27 20744 3 20767 12 20813 11 20879 10 20937 24 20968 24 21000 4 21023 12 21069 10 21136 8 21193 24 21225 23 21255 5 21281 10 21327 8 21396 1 21449 24 21488 16 21511 6 21537 10 21583 6 21705 24 21745 15 21765 10 21795 7 21961 24 22010 6 22021 10 22052 6 22217 24 22271 1 22275 14 22474 23 22530 15 22731 21 22785 18 22987 20 23040 19 23242 20 23296 20 23497 18 23552 21 23751 20 23777 8 23808 23 24006 21 24031 12 24064 23 24261 20 24286 16 24320 24 24516 19 24542 17 24576 25 24681 3 24771 20 24798 18 24832 25 24935 8 25027 20 25054 19 25088 25 25190 10 25283 19 25310 19 25344 24 25445 12 25540 18 25566 19 25600 24 25680 1 25701 14 25797 17 25822 20 25856 24 25935 5 25957 16 26054 15 26078 21 26112 23 26191 5 26214 15 26310 15 26334 21 26368 23 26447 6 26471 15 26567 15 26589 22 26624 5 26635 12 26703 6 26727 15 26824 14 26845 22 26880 5 26892 10 26959 7 26985 13 27081 14 27101 22 27135 6 27149 8 27215 7 27241 12 27337 15 27357 22 27389 10 27407 4 27471 6 27498 11 27565 6 27594 15 27613 22 27639 17 27728 5 27755 9 27821 7 27851 15 27869 45 28073 12 28107 16 28125 47 28328 14 28363 16 28381 50 28583 15 28621 14 28638 49 28838 16 28877 14 28894 51 29036 10 29051 5 29093 17 29135 12 29152 7 29163 38 29291 22 29349 17 29391 13 29409 4 29419 40 29547 23 29605 17 29647 13 29675 41 29803 24 29861 17 29903 13 29931 44 30058 25 30117 16 30161 10 30187 46 30313 26 30373 16 30417 8 30443 48 30570 25 30629 14 30699 48 30826 25 30887 11 30955 49 31071 2 31082 25 31211 50 31327 2 31339 24 31467 50 31596 23 31723 50 31838 1 31853 22 31979 50 32042 8 32094 3 32109 22 32235 50 32296 12 32349 4 32365 22 32491 49 32550 21 32606 4 32622 21 32747 49 32805 22 32862 5 32878 21 33003 49 33061 23 33119 4 33135 20 33259 20 33280 27 33316 24 33376 2 33391 20 33462 2 33515 20 33536 27 33571 25 33649 17 33717 6 33773 17 33792 27 33827 25 33905 17 33973 6 34029 16 34048 27 34082 26 34163 14 34228 9 34288 10 34304 27 34338 26 34419 13 34483 10 34546 5 34560 27 34593 27 34656 4 34676 10 34739 11 34816 27 34849 26 34911 6 34933 8 34995 12 35072 28 35103 28 35166 9 35251 12 35328 59 35422 11 35507 13 35584 57 35678 15 35711 5 35762 15 35840 57 35934 19 35966 15 36017 16 36096 55 36189 23 36221 19 36265 24 36352 55 36445 24 36475 21 36519 26 36608 23 36633 30 36701 57 36772 28 36864 22 36889 30 36956 60 37026 29 37120 21 37145 30 37211 63 37280 27 37376 21 37401 31 37467 64 37535 28 37632 19 37658 30 37722 95 37888 18 37914 31 37978 95 38144 14 38169 32 38236 94 38400 12 38425 32 38493 94 38656 10 38681 33 38717 6 38751 62 38815 28 38912 9 38937 34 38972 13 39007 62 39071 28 39192 52 39265 60 39328 29 39448 53 39520 61 39584 31 39633 4 39679 1 39704 53 39775 62 39840 33 39885 10 39935 1 39960 54 40030 64 40097 1 40102 28 40141 10 40190 2 40215 56 40285 66 40361 26 40395 13 40445 3 40471 56 40541 67 40618 25 40651 14 40701 3 40727 56 40796 69 40878 21 40907 14 40957 3 40983 56 41052 69 41135 20 41163 14 41213 3 41239 56 41307 70 41392 19 41419 14 41471 1 41496 55 41563 70 41648 18 41675 14 41727 1 41753 54 41820 69 41905 14 41931 12 42009 54 42076 53 42130 15 42161 13 42187 12 42266 53 42333 52 42387 13 42418 11 42443 11 42522 53 42589 51 42644 11 42675 9 42698 11 42779 51 42845 50 42901 9 42933 5 42953 12 43037 48 43101 49 43159 6 43209 11 43295 14 43311 30 43358 43 43417 2 43465 11 43551 45 43614 43 43720 11 43809 42 43871 42 43945 5 43976 11 44066 40 44127 41 44200 7 44232 11 44323 40 44383 40 44455 9 44486 13 44579 40 44640 39 44709 12 44741 14 44835 40 44899 36 44960 18 44997 14 45089 42 45157 42 45215 20 45252 15 45344 43 45415 6 45429 28 45469 23 45508 15 45599 44 45673 1 45686 28 45725 23 45763 16 45854 44 45944 27 45979 26 46019 16 46110 44 46200 27 46233 28 46275 15 46365 45 46456 27 46488 31 46531 14 46621 45 46712 27 46743 33 46787 14 46877 44 46968 28 46998 37 47043 12 47133 44 47224 28 47253 42 47300 11 47389 29 47423 9 47480 28 47509 44 47557 9 47646 27 47680 7 47736 27 47765 45 47815 7 47903 26 47992 25 48022 45 48160 25 48249 24 48278 45 48418 23 48506 22 48533 46 48675 22 48763 20 48789 46 48934 19 49021 16 49045 46 49191 18 49277 15 49301 46 49451 2 49456 8 49533 12 49558 46 49712 8 49789 12 49814 46 49967 9 50047 10 50071 46 50223 9 50304 9 50328 49 50480 7 50513 7 50561 8 50584 52 50736 7 50768 9 50817 8 50840 53 50962 11 50993 6 51023 14 51074 6 51096 54 51216 15 51250 4 51279 16 51331 4 51351 56 51471 18 51533 19 51607 57 51709 1 51727 18 51779 7 51789 20 51863 58 51961 7 51982 20 52033 33 52118 60 52215 9 52238 20 52288 34 52373 62 52470 10 52493 22 52542 37 52629 62 52725 11 52749 22 52797 38 52885 62 52981 11 53005 23 53049 42 53140 63 53237 11 53261 23 53305 43 53395 63 53493 11 53517 23 53559 46 53651 62 53749 11 53773 23 53815 46 53907 62 54006 10 54028 24 54071 48 54163 63 54263 9 54283 25 54327 48 54420 62 54521 7 54538 25 54583 49 54677 61 54793 26 54840 48 54933 61 55048 25 55096 49 55189 61 55304 24 55352 49 55445 61 55559 24 55607 50 55701 61 55815 23 55853 4 55863 51 55957 61 56071 22 56107 63 56213 61 56327 22 56363 63 56469 62 56583 22 56618 63 56727 60 56839 22 56874 63 56985 2 56993 2 56997 47 57095 22 57130 62 57256 45 57350 23 57387 61 57512 45 57605 24 57643 61 57737 2 57769 44 57861 24 57900 60 57992 5 58025 44 58117 25 58164 55 58221 2 58247 6 58281 44 58373 26 58421 59 58502 8 58537 43 58630 25 58677 60 58757 9 58793 43 58887 25 58934 60 59011 11 59049 42 59144 24 59191 60 59267 10 59306 42 59401 23 59448 59 59522 11 59563 42 59657 22 59705 59 59776 13 59819 44 59914 21 59962 58 60031 14 60076 44 60170 20 60222 57 60286 15 60335 8 60347 31 60385 2 60427 18 60480 57 60541 16 60605 30 60639 6 60679 21 60738 76 60865 38 60934 21 60994 77 61119 42 61189 21 61251 76 61374 44 61445 22 61507 76 61628 47 61700 24 61765 75 61883 52 61955 26 62021 75 62139 52 62211 27 62242 8 62277 76 62394 57 62466 43 62534 75 62650 58 62722 45 62791 74 62903 63 62979 45 63047 74 63158 65 63235 46 63304 72 63413 68 63491 46 63561 71 63669 68 63749 45 63817 70 63925 7 63935 59 64007 43 64074 69 64181 6 64192 58 64259 4 64268 39 64331 67 64447 59 64515 4 64524 39 64587 66 64703 59 64768 7 64781 38 64844 64 64913 4 64959 58 65024 6 65037 38 65100 64 65168 7 65215 58 65280 5 65293 38 65357 62 65423 9 65471 57
504868,0 65536
513583,27 27 141 12 160 62 225 4 234 15 253 3 281 28 397 11 418 60 492 13 510 2 537 28 654 10 675 59 749 12 766 2 791 30 912 5 931 64 1006 11 1022 2 1045 32 1187 65 1262 11 1277 3 1298 35 1444 65 1518 12 1533 3 1553 36 1700 65 1775 11 1789 3 1809 36 1957 66 2031 10 2046 2 2064 38 2213 66 2287 10 2303 1 2321 36 2395 2 2468 67 2544 9 2559 1 2577 36 2651 4 2723 68 2801 8 2834 33 2905 8 2979 70 3057 8 3091 32 3161 8 3235 72 3314 6 3326 2 3357 21 3416 11 3491 19 3515 53 3579 5 3613 2 3617 16 3659 1 3671 12 3747 18 3771 56 3835 6 3881 8 3914 5 3927 12 4003 16 4028 57 4091 7 4138 6 4170 7 4181 14 4259 14 4284 57 4347 10 4425 26 4515 12 4541 58 4603 12 4681 25 4728 3 4771 11 4797 60 4859 14 4936 25 4982 7 5027 10 5049 81 5179 2 5192 25 5237 8 5283 8 5303 84 5433 6 5447 26 5492 9 5540 5 5559 84 5689 6 5703 26 5747 11 5797 2 5815 85 5943 8 5957 28 6003 13 6071 86 6199 8 6211 30 6259 14 6327 86 6415 5 6454 10 6465 32 6514 17 6584 85 6670 6 6709 44 6769 18 6840 93 6964 45 7025 19 7096 93 7220 45 7280 21 7353 79 7433 12 7475 46 7535 23 7609 74 7689 11 7731 46 7790 25 7865 71 7943 13 7987 46 8045 28 8121 17 8141 51 8199 12 8243 46 8299 30 8377 17 8398 50 8454 14 8491 1 8498 47 8554 33 8633 16 8658 46 8709 16 8746 5 8754 47 8809 39 8890 15 8916 44 8965 16 9001 56 9064 42 9147 14 9172 44 9220 17 9257 56 9319 44 9403 14 9428 44 9476 18 9513 56 9575 44 9661 11 9684 44 9732 18 9768 58 9831 44 9918 9 9940 44 9987 19 10024 59 10086 45 10197 43 10243 19 10280 59 10342 45 10453 64 10536 59 10596 47 10712 61 10792 107 10969 60 11048 107 11226 59 11304 108 11483 58 11560 115 11740 57 11817 115 11997 56 12073 31 12106 83 12253 56 12323 2 12330 30 12363 83 12509 56 12578 5 12587 30 12619 83 12766 55 12823 2 12833 6 12845 28 12877 81 13023 58 13089 7 13104 27 13133 80 13249 6 13280 57 13345 7 13362 25 13388 71 13504 8 13537 31 13569 24 13601 7 13620 93 13727 2 13758 11 13795 15 13813 11 13825 24 13857 7 13877 25 13903 66 13982 5 14013 13 14052 7 14070 10 14082 23 14114 6 14133 24 14159 67 14237 6 14269 14 14328 8 14339 22 14371 4 14389 23 14415 68 14493 7 14524 15 14585 7 14596 21 14646 21 14671 34 14712 27 14748 9 14779 18 14843 5 14852 21 14903 20 14927 33 14971 24 15003 10 15034 19 15099 5 15110 10 15148 4 15159 18 15184 30 15235 16 15259 11 15288 23 15356 4 15367 8 15403 6 15416 17 15441 13 15455 15 15491 17 15514 13 15543 25 15611 5 15648 5 15657 8 15673 15 15699 9 15717 2 15725 2 15746 20 15769 14 15797 28 15867 5 15902 19 15929 14 15981 4 16001 39 16053 28 16122 6 16157 21 16186 13 16237 5 16257 40 16306 31 16375 9 16412 22 16443 12 16493 5 16513 42 16560 33 16630 10 16668 22 16700 10 16749 6 16769 80 16884 12 16924 23 16957 8 17006 5 17025 80 17140 12 17181 22 17214 7 17264 5 17281 80 17395 13 17437 22 17471 5 17521 5 17537 80 17651 13 17693 24 17777 10 17793 79 17907 13 17949 24 18033 12 18049 79 18163 13 18206 24 18288 96 18419 13 18462 24 18543 96 18675 13 18719 23 18799 96 18932 12 18975 23 19055 96 19189 11 19232 21 19310 97 19447 9 19489 20 19566 97 19703 9 19747 18 19823 96 19960 8 20005 16 20079 96 20217 7 20262 15 20336 95 20474 6 20519 14 20593 94 20730 6 20775 14 20851 92 20989 3 21029 16 21109 90 21281 20 21367 32 21404 51 21534 23 21623 30 21662 49 21788 25 21881 26 21920 46 22043 26 22138 25 22176 46 22231 1 22299 26 22394 23 22432 46 22485 6 22555 26 22650 22 22688 46 22740 7 22811 26 22905 21 22944 45 22995 8 23067 26 23161 21 23200 45 23251 9 23323 26 23417 21 23456 44 23507 10 23540 2 23579 26 23672 22 23712 44 23762 12 23795 5 23833 32 23925 25 23969 42 24017 25 24049 8 24065 4 24083 39 24179 27 24225 41 24272 27 24303 10 24320 7 24338 40 24433 29 24482 40 24527 42 24576 8 24594 40 24687 32 24739 40 24783 43 24832 9 24849 41 24941 34 24995 40 25038 44 25086 12 25105 42 25196 36 25252 39 25293 62 25361 42 25449 40 25510 38 25549 62 25617 42 25703 43 25767 101 25873 43 25957 46 26024 11 26039 86 26129 43 26212 47 26281 8 26295 86 26385 43 26467 50 26540 3 26552 85 26641 43 26723 50 26809 84 26899 42 26979 51 27067 3 27077 72 27156 42 27235 51 27333 72 27414 47 27490 52 27589 72 27671 48 27746 52 27845 72 27927 50 28000 55 28101 72 28183 50 28256 55 28357 72 28439 50 28511 57 28613 72 28695 50 28767 57 28868 72 28950 51 29023 58 29123 73 29206 51 29279 58 29377 74 29461 52 29535 58 29625 82 29715 54 29792 57 29871 3 29877 148 30050 54 30125 157 30307 52 30381 160 30565 50 30635 163 30821 50 30891 165 31078 49 31146 166 31335 48 31402 97 31502 67 31593 46 31658 97 31759 66 31849 46 31914 97 32018 64 32105 45 32170 97 32277 61 32362 43 32427 98 32535 60 32618 42 32683 99 32792 59 32874 41 32940 99 33048 59 33131 38 33197 100 33305 59 33387 38 33454 14 33477 59 33539 15 33561 60 33645 34 33711 12 33735 57 33795 16 33817 60 33901 34 33968 11 33991 57 34054 13 34073 61 34150 1 34158 33 34229 5 34251 53 34311 12 34330 60 34404 3 34415 32 34487 2 34508 52 34569 10 34586 61 34659 6 34673 30 34707 4 34766 50 34825 9 34842 61 34913 8 34930 30 34962 8 35023 49 35083 6 35098 61 35168 9 35188 39 35279 49 35340 5 35354 61 35424 9 35445 38 35495 3 35536 48 35611 60 35680 11 35702 23 35728 12 35749 10 35793 47 35867 60 35936 13 35959 20 35984 12 36003 12 36049 47 36124 57 36193 13 36217 16 36239 15 36258 15 36307 45 36381 55 36449 13 36473 15 36495 15 36514 15 36565 43 36637 54 36705 14 36730 14 36751 36 36822 42 36893 53 36961 15 36986 14 37006 37 37079 41 37149 35 37187 14 37217 15 37242 15 37261 39 37336 40 37406 34 37444 13 37473 15 37498 15 37516 40 37592 40 37663 33 37701 11 37727 18 37754 60 37845 43 37920 32 37958 9 37983 18 38011 61 38099 45 38179 29 38239 19 38267 65 38353 47 38437 27 38495 20 38524 65 38609 47 38694 27 38751 21 38783 64 38864 48 38950 27 39007 22 39041 62 39120 48 39207 26 39263 23 39304 57 39375 10 39390 34 39463 25 39518 24 39560 57 39631 10 39647 33 39721 22 39773 26 39817 18 39839 36 39887 10 39903 33 39977 11 39993 4 40029 26 40073 18 40096 35 40143 10 40159 33 40235 6 40284 27 40330 17 40354 35 40399 49 40540 27 40586 17 40610 35 40655 49 40741 2 40795 28 40843 14 40867 35 40912 48 40997 4 41051 29 41099 14 41123 36 41169 47 41253 5 41306 30 41355 14 41379 37 41426 46 41509 4 41562 30 41611 14 41635 38 41683 45 41817 32 41869 11 41892 37 41941 13 41955 29 42072 33 42125 11 42148 37 42199 10 42212 28 42328 32 42383 6 42405 36 42456 8 42471 25 42544 7 42583 33 42661 36 42713 6 42729 23 42795 17 42822 1 42839 32 42918 35 42990 18 43049 20 43076 7 43095 32 43174 35 43247 17 43302 39 43351 31 43431 36 43505 13 43555 42 43607 31 43687 36 43763 8 43809 45 43863 30 43943 37 44065 46 44119 30 44199 38 44320 47 44375 29 44455 37 44576 48 44631 29 44711 37 44832 48 44887 28 44966 38 45018 5 45087 50 45143 28 45222 37 45270 9 45343 50 45400 27 45478 35 45524 13 45599 50 45655 28 45734 33 45779 14 45855 50 45910 9 45921 13 45948 5 45990 31 46035 15 46111 50 46166 7 46179 9 46203 7 46246 30 46291 16 46368 62 46438 5 46451 4 46458 10 46502 29 46547 17 46624 62 46707 18 46758 21 46781 4 46803 18 46881 62 46963 18 47014 20 47059 18 47112 4 47137 62 47219 19 47269 20 47315 18 47365 9 47393 61 47464 4 47475 20 47525 19 47572 18 47621 10 47649 61 47720 4 47730 21 47781 18 47829 17 47875 14 47906 59 47976 4 47983 23 48009 6 48035 20 48086 15 48130 16 48163 58 48233 2 48237 25 48264 7 48290 20 48343 14 48385 19 48420 57 48491 27 48519 10 48538 27 48599 13 48641 20 48677 56 48747 27 48775 10 48794 27 48855 13 48897 21 48935 54 49003 72 49111 12 49153 22 49193 52 49259 72 49367 12 49408 23 49451 50 49514 70 49622 13 49664 22 49707 50 49770 69 49878 12 49920 21 49964 49 50025 70 50134 11 50176 21 50221 8 50233 35 50281 29 50311 40 50390 10 50432 22 50490 33 50537 71 50621 6 50644 11 50688 23 50747 32 50793 71 50877 8 50899 12 50944 26 51004 13 51018 15 51050 71 51131 11 51155 12 51200 27 51261 11 51275 14 51307 70 51388 10 51411 12 51456 29 51519 6 51532 11 51565 70 51644 11 51665 15 51712 29 51777 1 51789 10 51823 68 51899 36 51968 29 52045 10 52081 69 52154 37 52224 29 52301 10 52337 110 52480 30 52559 6 52594 108 52736 31 52817 2 52850 108 52992 33 53107 106 53248 35 53363 106 53504 36 53620 44 53666 59 53759 38 53877 42 53923 58 54015 39 54134 41 54179 58 54267 44 54391 40 54435 58 54522 46 54647 39 54691 58 54777 48 54903 39 54947 58 55023 4 55033 50 55159 39 55203 5 55213 48 55271 14 55289 50 55415 39 55459 4 55469 48 55525 17 55544 51 55671 38 55715 2 55725 49 55778 76 55927 38 55981 132 56184 36 56237 132 56441 35 56494 132 56698 19 56720 11 56750 132 56955 18 56977 10 57006 132 57212 16 57234 9 57262 132 57469 15 57490 9 57515 135 57728 11 57747 8 57769 137 57985 10 58004 7 58025 137 58242 9 58281 137 58499 8 58537 137 58755 8 58793 11 58807 123 59013 4 59049 11 59065 123 59305 11 59323 122 59561 11 59579 122 59815 14 59837 120 60069 16 60093 67 60161 52 60324 18 60349 67 60417 52 60579 19 60605 67 60675 51 60834 21 60862 22 60887 41 60931 52 61089 22 61118 21 61144 40 61188 52 61345 22 61376 17 61401 39 61444 53 61599 24 61632 16 61658 38 61700 53 61771 1 61854 27 61889 2 61915 37 61956 54 62025 4 62109 28 62143 2 62171 37 62212 54 62279 6 62365 28 62397 9 62427 37 62468 54 62534 7 62621 30 62653 10 62683 37 62725 40 62769 9 62789 9 62875 44 62939 37 62981 40 63025 8 63044 13 63131 45 63195 37 63237 35 63283 6 63299 17 63386 46 63452 33 63494 33 63540 3 63555 18 63642 46 63708 33 63751 30 63810 20 63897 32 63933 10 63965 34 64008 29 64066 21 64153 32 64189 10 64223 32 64272 17 64321 24 64409 32 64448 6 64481 31 64530 13 64577 26 64665 32 64707 2 64739 29 64789 6 64833 28 64921 32 64995 29 65047 2 65089 28 65177 31 65252 28 65345 28 65433 30 65513 23
516869,0 65536
521139,0 65536
524214,0 38121 38123 254 38379 253 38636 251 38893 250 39149 250 39405 254 39661 25875
529350, 
534313,4 51 173 12 261 50 429 12 517 50 685 12 773 50 942 11 1029 50 1167 3 1198 11 1284 52 1421 6 1455 9 1511 2 1540 51 1676 8 1711 9 1767 3 1796 51 1931 10 1969 5 2014 3 2021 6 2051 37 2094 9 2187 10 2225 5 2269 4 2276 7 2308 35 2347 10 2444 9 2527 2 2532 9 2564 35 2602 10 2700 9 2788 9 2820 35 2857 10 2957 9 3045 8 3076 36 3113 10 3213 9 3301 8 3333 46 3471 8 3558 7 3589 46 3727 8 3815 6 3846 44 3982 11 4037 3 4074 1 4103 42 4238 15 4293 6 4359 41 4494 18 4549 8 4615 40 4749 20 4804 11 4871 38 5005 20 5059 23 5127 38 5262 19 5315 26 5376 2 5383 28 5415 6 5519 18 5570 28 5632 4 5639 27 5671 6 5775 18 5827 27 5888 5 5895 25 5927 6 6033 16 6083 26 6144 31 6183 5 6293 12 6339 25 6400 6 6409 21 6439 5 6499 8 6550 10 6595 22 6656 6 6666 19 6695 4 6754 11 6807 8 6851 22 6912 6 6923 18 6951 3 7009 13 7063 8 7108 21 7168 7 7178 18 7265 14 7319 8 7365 20 7424 8 7433 19 7511 4 7520 16 7575 8 7604 4 7621 20 7680 28 7766 27 7831 7 7859 5 7877 20 7937 26 8022 28 8087 6 8115 5 8133 20 8193 15 8216 1 8278 29 8343 6 8371 5 8389 20 8451 10 8534 29 8601 2 8629 2 8646 20 8708 9 8790 29 8903 19 8965 8 9046 29 9160 17 9223 7 9302 29 9417 14 9480 7 9532 9 9558 29 9680 4 9736 8 9787 10 9814 29 9937 2 9991 10 10043 11 10070 29 10247 11 10299 12 10326 29 10503 11 10556 12 10582 28 10759 11 10813 12 10839 26 11015 10 11071 10 11095 26 11272 9 11327 11 11351 25 11529 7 11583 18 11608 22 11786 5 11839 22 11864 21 12095 23 12121 20 12347 28 12378 18 12601 32 12634 17 12857 50 13111 52 13367 52 13623 39 13663 14 13879 38 13919 14 14137 36 14175 14 14394 35 14431 14 14651 16 14668 15 14687 14 14908 14 14924 14 14943 13 15165 12 15181 11 15200 11 15422 7 15437 11 15457 9 15694 9 15714 5 15951 7 15971 2 16208 5 16420 7 16465 3 16675 10 16687 4 16930 11 16943 5 17185 12 17199 5 17442 11 17454 6 17699 8 17708 7 17919 1 17955 7 17965 6 18175 1 18213 6 18220 5 18429 3 18471 4 18476 5 18685 3 18727 8 18940 4 18983 8 19196 4 19238 9 19452 4 19494 9 19709 3 19729 10 19747 2 19750 12 19967 1 19984 13 20002 3 20006 5 20012 8 20240 14 20258 3 20263 4 20268 9 20496 14 20515 2 20519 3 20524 10 20751 15 20771 2 20776 15 21007 15 21027 1 21032 15 21263 15 21283 1 21288 15 21519 14 21546 13 21774 14 21792 1 21803 12 22005 5 22021 3 22030 13 22047 2 22059 12 22260 7 22277 4 22287 12 22303 2 22321 3 22517 4 22533 4 22543 12 22559 2 22774 3 22799 12 22815 2 23031 2 23055 12 23071 2 23286 3 23311 19 23542 3 23568 17 23799 2 23825 16 23865 3 24082 14 24120 5 24341 11 24375 5 24598 10 24631 5 24855 9 24887 3 25111 9 25143 2 25341 2 25366 10 25596 4 25623 8 25853 3 25879 7 26135 6 30489 3 30744 6 30999 8 31255 9 31510 11 31766 12 32021 20 32277 22 32533 24 32790 23 33047 22 33303 23 33558 24 33813 26 34067 28 34322 29 34577 30 34832 31 35087 32 35343 32 35599 32 35855 32 36110 33 36366 33 36622 32 36753 5 36781 2 36878 31 37009 6 37035 5 37109 2 37135 29 37265 6 37290 7 37364 7 37391 28 37521 6 37545 8 37619 8 37648 26 37801 8 37871 14 37905 24 38056 9 38127 14 38163 22 38293 6 38312 9 38383 13 38421 19 38549 8 38568 10 38639 13 38684 11 38791 5 38805 12 38824 11 38895 11 38943 6 39045 8 39061 14 39081 10 39149 12 39299 12 39316 15 39337 10 39404 11 39423 1 39555 33 39594 9 39659 11 39679 1 39810 35 39851 8 39915 10 40066 35 40107 8 40170 11 40322 35 40364 7 40426 11 40569 4 40578 35 40621 6 40683 10 40824 6 40834 35 40879 3 40939 10 41080 7 41091 34 41195 9 41336 8 41347 32 41453 7 41592 9 41604 31 41709 7 41847 10 41861 30 41967 6 42016 1 42103 11 42119 28 42224 5 42358 13 42375 28 42477 9 42613 15 42631 28 42731 12 42869 15 42889 27 42986 13 43125 15 43145 27 43241 14 43381 15 43402 25 43497 13 43637 14 43659 24 43753 14 43894 12 43915 24 44009 14 44151 10 44171 24 44265 14 44384 4 44404 14 44429 22 44522 22 44633 12 44658 16 44685 22 44778 22 44886 17 44913 18 44941 21 45035 21 45141 18 45168 19 45198 8 45210 8 45292 20 45395 22 45423 20 45455 6 45467 7 45486 2 45551 1 45558 10 45651 24 45676 23 45713 2 45723 6 45741 4 45814 10 45907 47 45995 8 46071 9 46163 47 46250 9 46327 9 46401 1 46419 46 46505 14 46585 7 46656 3 46675 46 46761 15 46841 7 46911 4 46930 48 47016 17 47097 7 47167 4 47187 48 47273 16 47353 7 47423 4 47443 52 47529 18 47609 7 47679 4 47699 53 47785 18 47865 7 47935 4 47957 52 48043 18 48121 7 48191 4 48213 52 48299 18 48377 7 48446 5 48469 52 48555 18 48634 6 48702 6 48725 52 48811 18 48891 5 48942 3 48958 6 48980 53 49067 18 49147 5 49198 4 49215 4 49235 54 49323 18 49404 4 49455 6 49471 4 49489 56 49577 19 49660 4 49706 2 49711 6 49745 56 49833 19 49917 3 49961 12 50001 55 50088 21 50173 3 50217 12 50257 55 50343 22 50429 3 50471 14 50487 2 50512 56 50597 24 50633 10 50685 3 50726 15 50743 3 50765 58 50851 26 50888 11 50941 3 50980 22 51019 59 51107 26 51142 14 51196 4 51235 23 51275 51 51362 28 51397 15 51423 1 51451 5 51485 29 51521 60 51618 50 51677 4 51705 7 51741 30 51776 60 51873 52 51933 4 51961 7 51995 34 52031 60 52130 51 52189 4 52217 7 52248 99 52374 1 52386 51 52445 3 52472 8 52503 88 52642 52 52701 4 52729 7 52759 87 52898 53 52957 4 52985 7 53013 87 53155 52 53213 6 53241 7 53269 86 53411 52 53469 8 53497 7 53525 84 53669 50 53725 12 53753 7 53781 82 53925 50 53981 12 54009 7 54038 77 54182 49 54237 13 54265 7 54294 76 54439 48 54493 15 54520 8 54551 44 54602 25 54695 47 54749 19 54775 9 54807 44 54859 24 54951 47 55005 20 55031 9 55064 43 55117 24 55207 46 55260 21 55284 12 55319 44 55373 24 55463 47 55515 23 55539 13 55575 46 55624 1 55631 23 55719 89 55831 52 55887 23 55975 88 56081 4 56087 52 56142 25 56232 83 56336 87 56489 29 56529 42 56590 89 56745 28 56788 3 56792 35 56845 90 57000 29 57051 32 57100 91 57254 31 57307 32 57356 90 57510 31 57564 31 57612 90 57765 32 57821 30 57869 89 58021 32 58077 30 58125 90 58277 32 58333 13 58354 8 58381 60 58447 24 58533 32 58589 12 58611 6 58629 5 58636 61 58704 23 58790 31 58843 14 58871 1 58885 67 58961 23 59046 31 59099 14 59140 68 59217 24 59303 30 59345 2 59355 13 59395 69 59473 24 59559 30 59599 5 59611 12 59650 70 59730 23 59816 28 59854 7 59867 10 59905 72 59986 23 60072 28 60110 7 60123 9 60160 73 60244 21 60328 28 60366 7 60380 7 60416 73 60501 19 60585 27 60622 6 60637 6 60672 73 60759 17 60841 26 60879 4 60928 73 61016 16 61097 26 61137 2 61184 74 61275 14 61353 16 61370 9 61440 74 61531 14 61609 16 61627 8 61696 74 61786 16 61865 16 61884 7 61952 74 62041 17 62121 15 62141 6 62208 75 62296 17 62328 4 62378 14 62397 5 62464 75 62552 17 62583 6 62635 14 62653 5 62720 75 62807 18 62839 7 62891 14 62909 5 62976 74 63063 17 63095 8 63146 15 63165 5 63232 74 63320 15 63350 9 63401 16 63421 4 63488 73 63576 7 63585 6 63605 10 63657 14 63678 2 63744 72 63833 6 63845 2 63861 11 63913 13 64000 71 64089 2 64116 12 64169 13 64256 70 64371 18 64425 12 64512 69 64627 20 64681 12 64768 67 64882 21 64934 15 65024 67 65137 23 65189 16 65280 65 65393 24 65443 17
534649,6655 1 6911 1 7167 1 7423 1
535798,0 21 67 6 83 8 139 11 175 7 256 17 324 6 341 6 397 6 432 7 506 1 512 13 528 1 580 7 597 5 653 6 689 7 762 3 768 12 836 8 854 3 944 12 1017 5 1024 11 1091 10 1199 17 1272 7 1280 11 1347 12 1454 19 1525 21 1603 11 1709 20 1781 21 1859 11 1873 3 1965 20 1995 4 2036 21 2115 10 2129 4 2221 20 2250 6 2291 12 2304 9 2371 8 2386 2 2477 23 2503 12 2547 12 2560 9 2627 8 2733 40 2803 12 2816 9 2883 8 2989 40 3059 10 3072 9 3139 8 3245 41 3315 10 3328 10 3394 10 3501 41 3562 1 3571 11 3584 9 3650 11 3758 40 3817 3 3827 12 3840 9 3905 12 3996 6 4015 38 4073 4 4082 14 4099 6 4161 12 4251 8 4271 38 4328 5 4337 15 4417 12 4507 10 4524 3 4531 32 4583 25 4673 12 4763 20 4789 26 4839 25 4929 12 5019 22 5045 25 5096 24 5185 12 5275 51 5353 23 5441 10 5530 52 5609 23 5697 9 5786 51 5866 22 5954 7 6033 6 6042 49 6123 21 6211 4 6288 9 6299 39 6380 19 6467 3 6485 2 6539 14 6555 39 6637 10 6723 3 6740 4 6788 1 6795 14 6811 39 6893 8 6979 4 6993 8 7043 2 7051 14 7067 39 7151 1 7235 5 7248 9 7307 14 7322 40 7491 8 7501 12 7531 2 7563 55 7747 8 7758 11 7787 2 7820 54 7952 6 8004 7 8015 10 8039 5 8078 11 8090 40 8208 7 8260 6 8271 10 8294 5 8335 10 8346 40 8463 11 8517 6 8528 10 8592 6 8602 41 8648 5 8719 13 8773 7 8785 9 8848 5 8858 41 8903 6 8975 14 9020 3 9029 8 9041 9 9105 1 9115 41 9157 8 9231 14 9276 5 9285 8 9297 9 9361 1 9371 50 9488 12 9531 8 9541 8 9554 7 9617 1 9627 50 9700 4 9745 11 9788 7 9796 9 9811 6 9873 2 9883 49 9956 5 10045 16 10128 5 10141 44 10205 2 10211 6 10301 16 10383 6 10398 43 10459 14 10559 12 10639 6 10655 39 10715 14 10816 9 10859 1 10895 6 10912 37 10971 14 11021 4 11072 7 11113 4 11152 3 11168 37 11227 12 11277 5 11328 7 11368 5 11408 3 11423 36 11483 10 11532 7 11584 7 11624 7 11677 36 11741 7 11788 7 11840 7 11879 8 11932 36 11997 7 12043 6 12096 5 12135 7 12187 34 12253 8 12299 4 12353 3 12391 6 12443 28 12509 8 12647 4 12698 28 12765 8 12903 3 12954 27 13021 8 13083 6 13157 4 13210 26 13278 7 13338 7 13413 3 13466 26 13534 7 13593 10 13657 1 13668 3 13722 26 13848 11 13912 3 13925 2 13978 26 14105 10 14169 2 14233 28 14361 10 14425 3 14489 28 14618 9 14745 27 14875 8 15001 27 15257 26 15513 23 15770 17 16027 16 16283 16 16540 15 16731 1 16797 13 16987 1 17055 10 17241 4 17313 5 17497 3 17753 3 18011 1 18902 2 19156 6 19411 8 19553 2 19667 10 19809 4 19922 15 20053 4 20065 4 20177 17 20309 3 20321 4 20432 19 20565 3 20577 4 20681 26 20822 1 20835 2 20851 6 20937 26 21107 6 21193 25 21363 6 21447 26 21619 6 21703 26 21779 5 21873 2 21959 26 21992 3 22034 7 22128 3 22215 26 22247 4 22279 6 22289 8 22385 1 22472 25 22503 6 22533 20 22728 24 22759 6 22788 23 22984 25 23015 8 23043 27 23152 3 23240 25 23270 10 23297 30 23395 2 23407 6 23496 26 23525 14 23553 31 23662 6 23753 26 23781 15 23808 33 23917 6 24009 45 24064 34 24173 5 24265 45 24320 34 24429 4 24523 44 24576 34 24685 3 24779 44 24832 33 24941 2 24985 1 25035 44 25088 33 25197 2 25239 4 25291 44 25344 33 25453 2 25493 8 25547 43 25600 33 25710 1 25731 2 25749 8 25803 43 25856 34 25987 5 26005 9 26019 4 26057 44 26112 34 26243 6 26261 9 26274 6 26308 2 26313 44 26368 35 26498 7 26517 9 26529 8 26563 3 26569 44 26624 35 26754 7 26773 9 26785 9 26819 3 26825 44 26880 37 27009 8 27030 7 27040 11 27074 3 27081 46 27131 4 27136 37 27264 8 27286 6 27296 11 27332 1 27338 91 27518 10 27541 4 27551 12 27595 90 27774 9 27796 7 27807 12 27852 89 28034 3 28050 10 28064 11 28110 87 28305 11 28320 11 28367 86 28499 1 28559 13 28576 10 28625 85 28753 4 28814 14 28833 8 28882 87 28995 2 29007 8 29069 15 29089 8 29141 85 29249 6 29263 8 29324 16 29346 6 29397 87 29504 25 29571 2 29578 18 29604 3 29655 32 29691 49 29759 27 29825 7 29833 19 29912 30 29947 50 30015 28 30068 7 30081 28 30169 30 30204 49 30270 29 30323 9 30336 30 30426 29 30460 49 30525 30 30565 7 30578 11 30591 32 30682 29 30717 48 30780 31 30820 9 30834 12 30847 32 30937 30 30973 49 31023 2 31035 31 31074 61 31193 30 31230 48 31280 1 31290 31 31330 61 31449 30 31487 46 31544 33 31587 42 31632 15 31704 31 31743 46 31800 33 31843 41 31889 13 31961 30 31999 46 32055 34 32098 42 32147 11 32217 29 32256 45 32311 34 32353 43 32403 11 32473 28 32512 47 32567 36 32607 45 32659 12 32730 27 32768 48 32823 86 32915 13 32991 23 33023 1 33031 2 33036 37 33079 86 33169 16 33248 13 33265 6 33275 5 33292 38 33335 107 33505 11 33522 5 33529 7 33550 37 33589 110 33761 11 33779 13 33803 40 33845 110 34018 9 34035 13 34056 19 34083 14 34101 112 34222 7 34277 7 34291 13 34311 20 34340 13 34356 113 34477 10 34535 6 34546 14 34567 21 34597 11 34611 115 34733 12 34793 23 34822 22 34853 11 34866 116 34989 12 35050 16 35071 1 35078 22 35109 11 35121 74 35202 36 35243 15 35309 8 35335 21 35365 85 35458 36 35498 16 35566 4 35591 20 35621 84 35714 37 35753 17 35782 1 35847 12 35878 83 35970 36 36008 18 36037 3 36105 9 36134 83 36225 36 36264 19 36292 6 36361 8 36391 82 36481 34 36520 19 36547 8 36621 2 36646 83 36737 27 36776 20 36803 9 36901 83 36993 27 37032 21 37059 10 37155 85 37249 28 37287 23 37315 11 37411 84 37505 28 37542 24 37571 12 37667 84 37760 33 37797 25 37829 10 37843 5 37923 80 38016 62 38085 11 38099 5 38179 80 38272 61 38342 10 38355 4 38435 78 38528 61 38599 8 38674 5 38684 83 38783 62 38858 5 38928 10 38939 83 39039 61 39118 2 39183 94 39295 60 39375 1 39439 95 39551 60 39695 95 39806 60 39876 1 39951 95 40062 59 40131 2 40207 95 40317 60 40383 7 40463 95 40573 60 40638 8 40718 51 40773 40 40828 41 40872 17 40893 9 40974 51 41029 40 41084 40 41129 16 41147 11 41228 40 41272 9 41287 34 41339 39 41385 29 41483 41 41530 8 41543 30 41596 37 41641 29 41736 44 41789 6 41801 26 41852 37 41898 28 41953 2 41991 45 42047 4 42061 20 42108 37 42155 27 42209 2 42247 44 42317 19 42365 34 42413 24 42464 3 42504 42 42573 18 42621 33 42669 22 42719 4 42760 38 42829 17 42877 28 42926 19 42974 5 43015 38 43085 18 43133 28 43182 18 43229 6 43271 36 43341 18 43388 27 43433 3 43437 18 43484 7 43525 38 43597 18 43644 27 43689 22 43740 6 43781 38 43852 19 43893 2 43899 28 43943 23 43996 5 44037 38 44107 20 44147 36 44199 23 44251 6 44293 38 44337 3 44363 21 44402 37 44455 23 44508 4 44549 38 44589 7 44607 4 44619 22 44657 37 44711 23 44765 2 44805 38 44844 9 44861 8 44874 23 44913 36 44967 25 45061 38 45101 8 45116 9 45130 23 45169 34 45224 25 45317 37 45358 8 45371 11 45385 25 45425 27 45481 25 45564 1 45573 36 45614 9 45625 14 45641 22 45682 25 45737 24 45829 34 45871 46 45939 24 45994 23 46085 34 46127 45 46197 22 46251 22 46342 33 46381 46 46454 20 46507 22 46598 32 46637 44 46710 20 46763 22 46818 3 46855 31 46891 45 46967 18 47019 21 47073 5 47112 29 47146 46 47223 18 47275 20 47328 6 47369 28 47400 48 47450 7 47479 17 47532 16 47582 9 47625 28 47656 59 47736 15 47788 15 47837 10 47883 26 47913 63 47992 15 48044 15 48093 10 48140 25 48169 64 48249 13 48299 16 48349 10 48399 21 48425 66 48505 12 48555 15 48604 12 48656 20 48681 66 48761 12 48811 15 48860 12 48914 19 48936 70 49018 9 49066 16 49115 13 49170 93 49275 8 49323 14 49371 14 49427 93 49532 3 49579 14 49626 15 49647 1 49683 94 49838 11 49883 14 49903 2 49908 1 49940 93 50097 6 50140 13 50159 8 50196 93 50355 3 50396 13 50415 9 50453 92 50653 12 50668 11 50711 90 50910 12 50923 12 50969 89 51166 9 51177 14 51221 93 51423 8 51433 14 51477 48 51528 43 51679 7 51691 12 51732 48 51784 44 51936 5 51947 12 51987 46 52040 45 52194 1 52207 6 52229 4 52243 30 52276 11 52296 46 52485 4 52498 31 52531 8 52552 47 52741 2 52753 31 52786 7 52808 47 53009 31 53041 8 53064 49 53265 31 53297 7 53319 50 53521 29 53553 7 53574 51 53777 29 53809 7 53829 52 54032 29 54066 6 54082 56 54288 29 54322 6 54338 56 54422 3 54543 28 54579 6 54593 57 54677 4 54795 32 54835 6 54849 57 54933 5 54945 4 55050 33 55092 6 55104 58 55189 5 55200 6 55306 33 55348 7 55359 59 55445 5 55456 7 55541 1 55562 32 55603 70 55702 3 55711 8 55794 7 55818 32 55859 70 55959 4 55967 8 56049 9 56063 1 56073 33 56115 69 56214 16 56303 12 56317 3 56329 32 56370 69 56470 15 56557 19 56585 32 56626 69 56725 13 56812 20 56841 32 56882 68 56981 12 57068 20 57098 31 57137 68 57235 14 57324 20 57354 31 57393 68 57491 16 57513 1 57581 19 57611 30 57649 68 57745 28 57839 16 57867 30 57906 67 58001 28 58095 8 58107 4 58124 30 58163 66 58257 29 58381 29 58419 66 58513 29 58639 27 58679 67 58769 29 58887 2 58896 25 58937 66 59024 31 59143 3 59155 22 59196 5 59208 52 59280 31 59399 3 59412 21 59465 51 59536 31 59656 1 59671 16 59722 51 59792 32 59929 14 59979 51 60047 34 60189 8 60236 51 60303 34 60445 7 60493 51 60558 35 60751 50 60813 38 61009 48 61068 39 61266 47 61324 40 61523 46 61580 41 61779 35 61818 7 61837 40 62035 34 62075 6 62093 41 62197 3 62293 30 62331 7 62347 43 62550 27 62587 7 62602 44 62809 23 62842 8 62856 47 63068 20 63097 9 63111 48 63327 12 63346 15 63366 49 63584 33 63621 50 63843 2 63847 77 63983 4 64104 75 64238 6 64263 5 64359 66 64428 4 64495 5 64515 11 64615 23 64641 38 64751 6 64768 15 64871 20 64898 32 65007 6 65024 16 65127 18 65155 28 65265 4 65280 17 65368 3 65383 10 65395 4 65411 26 65524 4
544420,2 1 8 63471 63483 252 63739 766 64507 254 64763 244 65009 7 65019 243 65265 6 65275 242 65523 3 65531 5
548413,0 65536
562305,47429 2 47685 2 47942 2 48198 3
563581,0 355 356 255 612 2385 3000 253 3257 253 3515 251 3771 165 3937 86 4026 165 4195 8 4207 72 4282 165 4463 240 4719 240 4973 241 5227 243 5481 244 5737 242 5991 243 6247 240 6503 240 6759 240 7015 241 7271 153 7425 89 7528 152 7683 88 7784 152 7941 88 8039 153 8198 87 8295 153 8455 87 8550 154 8711 87 8805 156 8967 88 9061 158 9223 89 9316 5195 14514 253 14771 252 15027 252 15283 252 15539 254 15795 3435 19233 254 19489 5562 25054 9 25074 234 25309 10 25331 242 25587 7 25595 234 25843 26 25873 213 26095 8 26104 17 26130 212 26351 8 26360 15 26386 138 26535 65 26605 25 26642 135 26791 94 26898 133 27049 91 27154 133 27306 88 27411 130 27563 86 27667 130 27819 85 27922 131 28074 86 28178 131 28330 86 28433 132 28585 87 28689 133 28840 88 28944 134 29094 90 29199 136 29349 92 29454 77 29533 58 29603 94 29709 78 29789 59 29858 95 29964 79 30047 58 30115 94 30219 80 30303 58 30372 93 30475 82 30559 58 30629 92 30731 142 30885 92 30987 143 31142 92 31242 144 31398 95 31498 144 31654 96 31753 146 31910 245 32166 101 32270 141 32422 101 32527 140 32678 101 32783 140 32935 100 33039 140 33191 101 33295 140 33447 102 33553 138 33706 39 33749 56 33809 138 33963 38 34005 198 34221 15 34241 15 34263 196 34477 14 34497 14 34519 196 34734 11 34755 8 34778 193 34990 11 35013 5 35037 191 35247 10 35295 47 35345 139 35497 16 35551 45 35602 140 35750 19 35808 44 35858 141 36005 20 36064 44 36115 166 36320 45 36371 166 36576 45 36627 166 36832 29 36864 15 36883 141 37026 24 37088 28 37120 155 37283 24 37344 28 37376 155 37539 24 37600 28 37632 154 37797 23 37856 30 37888 154 38053 24 38112 188 38307 26 38369 119 38489 68 38563 27 38625 28 38654 88 38746 101 38881 26 38912 86 39002 101 39137 25 39168 88 39257 104 39393 23 39424 194 39648 25 39680 197 39903 26 39936 197 40158 27 40192 198 40413 28 40448 199 40669 28 40704 199 40924 29 40960 199 41179 29 41216 199 41435 24 41472 199 41691 23 41728 200 41940 27 41984 200 42195 26 42240 201 42450 29 42496 201 42705 30 42752 203 42960 32 43008 203 43216 32 43264 241 43509 5 43520 242 43764 7 43776 251 44032 252 44288 252 44545 251 44801 100 44903 149 45057 100 45159 148 45313 98 45416 146 45568 99 45673 145 45824 99 45929 144 46080 99 46186 143 46336 99 46442 143 46592 99 46698 143 46848 100 46953 144 47104 99 47209 144 47360 99 47464 140 47607 2 47616 97 47720 140 47862 3 47872 92 47977 145 48128 91 48233 145 48384 91 48490 143 48640 91 48747 30 48789 100 48896 92 49004 28 49048 97 49152 93 49261 26 49305 96 49408 93 49518 25 49562 94 49663 94 49773 26 49817 94 49918 96 50027 28 50072 89 50174 75 50252 19 50283 28 50328 88 50430 74 50509 19 50537 32 50581 88 50686 73 50765 20 50789 38 50836 88 50941 73 51021 64 51091 89 51197 73 51277 66 51346 72 51421 16 51453 73 51533 140 51679 17 51709 73 51789 139 51935 19 51965 74 52045 139 52191 24 52220 75 52301 138 52447 25 52475 75 52559 140 52701 104 52815 234 53053 7 53072 233 53309 6 53328 19 53353 204 53585 17 53610 92 53705 108 53841 17 53866 92 53961 108 54076 5 54097 17 54120 95 54219 106 54331 7 54353 16 54375 96 54475 108 54587 8 54608 119 54731 109 54843 8 54863 120 54987 120 55117 238 55356 7 55372 238 55613 6 55626 240 55870 4 55882 239 56137 240 56393 242 56647 249 56897 888 57786 21 57811 227 58043 20 58067 222 58300 19 58324 220 58557 19 58581 214 58814 18 58838 213 59071 18 59096 210 59328 17 59360 201 59585 15 59618 75 59697 120 59843 11 59875 74 59954 119 60100 9 60132 75 60215 114 60389 74 60472 113 60645 75 60729 112 60901 76 60986 111 61157 76 61242 110 61413 77 61497 111 61668 80 61750 110 61861 3 61924 192 62118 1 62180 197 62437 196 62693 198 62949 198 63155 2 63206 165 63377 38 63462 163 63634 37 63718 159 63891 38 63973 159 64147 38 64187 4 64229 157 64403 46 64473 8 64483 158 64660 46 64728 167 64916 47 64984 165 65172 47 65240 164 65428 48 65496 40
563999,0 7 129 26 207 32 243 19 385 26 464 31 501 17 641 26 720 31 758 17 856 4 897 25 929 2 977 30 1015 16 1111 7 1151 26 1185 4 1233 31 1275 14 1366 11 1391 6 1401 32 1440 7 1489 37 1533 12 1622 11 1646 43 1697 5 1746 36 1791 12 1877 13 1900 47 2003 35 2048 11 2066 2 2132 15 2155 48 2259 35 2304 13 2321 4 2387 16 2410 50 2516 32 2560 13 2577 4 2643 16 2665 52 2772 31 2819 19 2898 63 2965 9 3016 5 3028 31 3075 19 3154 63 3221 11 3271 7 3284 32 3331 20 3409 62 3477 13 3525 11 3541 32 3585 22 3665 62 3733 14 3781 12 3795 34 3840 23 3921 63 3988 16 4035 50 4096 23 4141 5 4177 64 4244 17 4290 51 4352 23 4393 11 4433 84 4544 54 4608 23 4647 14 4689 84 4799 55 4864 23 4898 19 4945 85 5054 56 5120 22 5153 20 5201 90 5309 58 5376 20 5407 23 5457 93 5563 60 5632 20 5663 22 5714 92 5817 62 5888 19 5918 23 5970 93 6069 66 6144 19 6174 22 6226 93 6323 68 6400 19 6431 20 6482 92 6578 68 6656 19 6687 19 6738 91 6833 69 6912 19 6943 18 6994 90 7089 68 7168 21 7198 19 7250 89 7345 68 7424 23 7453 21 7507 88 7601 68 7680 50 7763 88 7857 68 7936 51 8021 86 8113 69 8192 51 8278 85 8368 71 8448 53 8536 159 8704 53 8793 159 8960 53 9050 159 9216 53 9306 159 9472 54 9562 159 9728 54 9817 160 9984 54 10073 160 10240 54 10329 159 10496 54 10585 158 10752 54 10841 158 11008 53 11079 4 11097 157 11264 53 11335 5 11353 157 11520 53 11589 8 11603 2 11609 156 11776 52 11845 8 11857 5 11865 156 12032 52 12100 9 12112 7 12121 155 12288 51 12356 8 12368 7 12379 153 12544 52 12612 6 12625 4 12637 150 12800 53 12881 3 12895 148 13056 53 13153 146 13312 53 13409 146 13568 53 13666 133 13824 54 13886 4 13922 131 14080 58 14141 7 14179 129 14336 69 14435 129 14592 19 14615 47 14691 128 14848 19 14873 47 14947 128 15104 17 15131 48 15203 126 15360 17 15388 47 15458 126 15616 16 15647 44 15714 121 15872 15 15903 44 15969 121 16128 14 16157 47 16221 124 16384 13 16413 47 16475 126 16640 13 16667 48 16731 126 16896 13 16923 48 16986 127 17152 13 17179 48 17241 128 17408 13 17435 47 17497 128 17664 13 17691 46 17753 128 17920 13 17947 45 18009 128 18176 13 18204 43 18266 128 18432 13 18461 40 18512 2 18522 129 18684 17 18718 39 18768 3 18778 129 18939 18 18975 38 19024 3 19034 129 19195 18 19231 32 19266 5 19280 4 19290 130 19451 17 19488 29 19521 6 19537 2 19546 15 19562 114 19707 16 19745 26 19777 8 19802 15 19819 113 19965 13 20001 25 20033 9 20058 15 20075 2 20079 110 20223 9 20253 30 20288 9 20313 15 20335 109 20480 6 20507 32 20543 10 20569 14 20593 107 20736 5 20761 34 20799 10 20824 14 20853 102 20992 4 21017 34 21055 10 21080 13 21109 102 21248 1 21271 51 21337 11 21365 102 21527 58 21593 11 21621 101 21756 3 21784 64 21850 6 21877 101 22005 11 22040 65 22107 2 22134 99 22261 11 22296 68 22391 98 22516 12 22552 67 22647 98 22772 12 22809 68 22903 97 23028 12 23065 68 23159 97 23284 12 23323 67 23415 96 23540 12 23579 70 23671 96 23796 12 23823 2 23834 75 23924 99 24051 13 24077 5 24089 76 24179 100 24307 13 24333 6 24345 77 24436 99 24563 13 24589 6 24599 80 24693 101 24819 13 24845 90 24949 104 25075 13 25101 90 25205 104 25330 14 25361 87 25462 105 25585 15 25615 90 25718 105 25841 15 25869 92 25974 107 26097 15 26125 92 26231 107 26352 16 26379 96 26487 108 26607 17 26634 98 26744 107 26862 18 26889 100 27001 106 27117 20 27143 102 27257 91 27351 12 27375 19 27398 102 27513 64 27578 24 27610 5 27633 123 27769 61 27835 23 27889 126 28025 57 28091 22 28147 124 28282 53 28347 22 28403 125 28538 52 28603 23 28659 126 28794 52 28859 24 28915 126 29051 51 29115 26 29171 128 29307 52 29371 26 29427 130 29563 54 29626 27 29683 130 29819 4 29827 50 29881 29 29940 123 30067 2 30075 2 30083 84 30197 121 30331 2 30339 84 30453 121 30579 2 30597 94 30710 120 30835 4 30854 94 30967 119 31090 8 31111 94 31224 118 31347 8 31367 94 31481 117 31603 8 31624 94 31741 113 31860 7 31880 94 31999 110 32118 4 32137 41 32181 50 32256 109 32374 3 32393 1 32397 36 32437 50 32512 107 32649 1 32655 34 32693 52 32768 105 32905 2 32911 32 32949 52 33024 105 33161 2 33170 23 33205 54 33280 104 33417 4 33427 22 33461 55 33536 104 33675 2 33687 18 33717 13 33735 38 33792 104 33931 2 33944 16 33973 12 33992 37 34048 103 34201 14 34231 9 34248 37 34304 102 34458 13 34487 9 34504 37 34560 101 34715 10 34744 7 34760 38 34816 100 34971 8 35001 6 35016 39 35072 96 35229 2 35257 5 35272 39 35328 94 35516 1 35528 41 35584 92 35784 42 35840 91 36040 52 36096 87 36296 141 36552 141 36808 142 37064 143 37264 13 37320 144 37519 16 37576 147 37775 18 37832 147 38030 20 38088 154 38286 21 38331 3 38344 154 38542 21 38585 6 38601 154 38798 22 38839 10 38857 156 39053 24 39083 2 39094 11 39113 156 39308 34 39349 12 39367 159 39563 35 39605 13 39623 159 39799 3 39819 36 39859 16 39878 160 40053 6 40074 39 40114 17 40134 160 40308 9 40329 58 40389 161 40563 11 40584 60 40645 160 40818 14 40839 222 41073 17 41093 63 41157 160 41327 84 41416 157 41582 85 41674 155 41836 86 41932 153 42091 87 42189 40 42231 110 42347 86 42445 38 42488 108 42602 87 42701 38 42745 108 42857 87 42958 33 43002 198 43214 32 43260 3 43264 191 43471 29 43520 191 43727 29 43776 191 43983 29 44032 190 44239 29 44288 190 44496 27 44544 189 44752 27 44800 189 45009 25 45056 189 45265 24 45312 189 45522 22 45556 11 45568 189 45775 26 45811 202 46029 29 46064 205 46285 29 46319 206 46540 241 46795 241 47051 241 47307 242 47563 243 47819 246 48075 246 48331 246 48587 246 48844 245 49099 246 49354 247 49609 248 49865 94 49962 151 50119 94 50219 150 50374 93 50474 151 50629 94 50730 151 50883 94 50983 154 51138 700 51841 250 52099 248 52357 244 52618 239 52875 238 53132 8 53141 230 53388 8 53397 231 53643 9 53653 232 53900 7 53909 233 54157 4 54165 95 54264 134 54414 1 54421 94 54521 134 54677 94 54777 134 54933 94 55033 134 55189 94 55291 132 55445 95 55547 131 55701 96 55803 131 55957 96 56059 130 56213 98 56315 130 56470 27 56501 66 56571 5 56577 124 56727 26 56759 73 56834 123 56984 11 56997 11 57015 73 57091 121 57241 6 57256 8 57271 73 57347 121 57499 2 57512 8 57527 73 57603 121 57769 7 57783 196 58003 2 58025 8 58039 196 58257 14 58281 8 58291 200 58509 19 58537 210 58762 23 58795 208 59017 24 59053 206 59271 26 59311 204 59527 26 59568 203 59778 31 59824 203 60032 33 60080 241 60336 241 60592 241 60849 240 61105 240 61362 239 61618 149 61769 88 61874 149 62025 88 62130 147 62281 88 62386 147 62536 89 62641 145 62791 90 62897 144 63047 90 63153 144 63303 89 63408 145 63559 89 63663 148 63813 90 63919 148 64068 90 64175 239 64430 240 64686 240 64942 57 65004 179 65198 57 65259 180 65455 53 65515 21
565798,171 6 3595 2 3850 5 4106 5 4363 1 20883 3 21139 6 21395 7 21650 8 21906 7 22161 8 22391 7 22417 8 22645 13 22672 9 22901 14 22926 10 23157 14 23181 11 23374 1 23413 15 23436 11 23629 2 23669 15 23692 11 23884 5 23925 16 23947 12 24139 6 24180 17 24202 13 24395 6 24437 34 24649 8 24694 32 24904 3 24908 5 24950 32 25165 4 25206 32 25421 3 25461 32 25677 2 25707 2 25717 32 25934 1 25961 6 25973 32 26179 4 26217 7 26229 32 26435 1 26471 10 26485 32 26727 10 26741 32 26944 2 26981 12 26997 32 27200 2 27216 1 27235 14 27253 32 27454 3 27471 4 27491 16 27509 31 27709 5 27727 5 27747 49 27963 8 27982 9 28001 50 28218 9 28238 10 28257 50 28473 12 28492 13 28512 50 28729 13 28745 16 28767 50 28960 7 28977 4 28982 36 29023 50 29216 7 29233 42 29277 51 29471 8 29488 96 29606 1 29727 8 29741 99 29983 7 29996 100 30116 1 30238 7 30251 101 30372 1 30495 5 30506 101 30751 2 30761 101 31015 37 31055 62 31271 37 31312 61 31512 1 31525 38 31570 58 31781 38 31826 58 32036 40 32081 59 32141 2 32291 105 32397 2 32546 65 32613 39 32801 67 32869 39 33055 106 33311 106 33565 104 33819 106 34075 106 34328 92 34421 16 34583 92 34679 14 34838 94 34935 15 35091 98 35193 13 35349 95 35450 12 35605 2 35609 56 35668 31 35707 11 35861 2 35865 55 35925 30 35964 9 36123 53 36182 29 36379 10 36391 41 36439 28 36636 9 36647 41 36695 28 36892 33 36929 14 36951 28 37149 22 37186 13 37208 28 37405 21 37443 12 37464 29 37651 5 37658 2 37664 8 37673 7 37699 12 37719 32 37906 10 37920 8 37929 6 37956 11 37975 32 38162 9 38175 7 38185 4 38212 12 38231 30 38417 9 38431 6 38441 4 38468 13 38485 32 38673 9 38687 5 38725 12 38739 26 38929 10 38944 3 38981 12 38995 24 39185 10 39239 9 39252 21 39441 10 39495 9 39508 21 39697 9 39752 7 39764 19 39953 8 39992 4 40009 5 40020 18 40189 3 40209 7 40249 3 40281 4 40430 3 40465 6 40505 4 40598 1 40673 2 40684 5 40720 5 40763 1 40849 1 40853 2 40929 4 40939 11 40976 5 41110 1 41175 2 41186 5 41194 13 41232 4 41429 7 41443 22 41487 4 41685 8 41699 22 41741 6 41795 2 41939 12 41955 21 41996 5 42051 6 42195 13 42211 20 42307 6 42451 14 42467 20 42563 6 42584 2 42706 36 42823 2 42839 4 42869 5 42962 33 43080 1 43095 4 43117 3 43124 11 43217 33 43274 4 43349 10 43368 25 43473 32 43605 12 43623 27 43729 32 43851 6 43860 47 43982 35 44094 4 44106 58 44237 36 44349 5 44359 62 44491 38 44605 5 44613 64 44747 37 44800 1 44860 7 44869 64 45002 37 45056 3 45115 8 45125 64 45257 38 45312 4 45370 75 45504 24 45532 19 45568 4 45625 76 45759 26 45787 20 45824 3 45881 76 46013 48 46080 3 46137 76 46268 11 46280 31 46393 75 46524 9 46537 30 46649 75 46780 9 46793 31 46904 76 47036 5 47050 30 47161 75 47291 6 47305 31 47417 76 47535 5 47545 6 47561 31 47673 76 47790 16 47817 31 47929 76 48044 18 48070 34 48185 76 48292 4 48299 18 48326 35 48440 77 48547 26 48580 37 48695 78 48803 26 48835 38 48951 80 49059 26 49091 40 49207 80 49314 27 49347 40 49463 80 49569 29 49602 42 49719 80 49825 29 49858 41 49975 81 50080 31 50114 41 50231 81 50335 34 50370 41 50486 82 50591 75 50741 84 50846 76 50996 86 51088 89 51251 88 51343 91 51506 11 51521 69 51592 8 51603 90 51762 9 51778 68 51849 8 51858 91 52019 7 52036 64 52107 99 52275 6 52294 61 52363 100 52531 5 52551 58 52619 99 52787 4 52807 58 52875 99 53064 57 53131 98 53320 57 53387 96 53576 57 53643 88 53833 56 53898 87 54088 56 54153 87 54344 56 54409 86 54601 54 54665 83 54857 54 54921 81 55116 50 55178 70 55279 1 55371 51 55434 69 55535 1 55552 3 55622 2 55625 52 55691 67 55791 4 55808 4 55877 56 55947 67 56047 4 56064 5 56135 54 56203 67 56303 2 56320 5 56391 53 56459 67 56559 2 56577 4 56646 54 56716 66 56833 4 56901 55 56972 65 57155 57 57228 65 57412 57 57483 67 57669 57 57739 68 57925 57 57994 70 58181 56 58249 73 58437 55 58505 74 58694 53 58765 60 58826 9 58951 52 59023 58 59083 8 59209 50 59283 28 59313 2 59317 8 59333 3 59339 8 59467 47 59539 28 59573 7 59589 3 59595 8 59724 45 59795 26 59830 4 59845 3 59851 7 59980 45 60051 26 60086 3 60101 3 60107 6 60236 45 60308 25 60363 5 60492 45 60567 22 60619 4 60749 43 60824 11 60876 1 61005 43 61081 10 61261 43 61337 10 61517 42 61593 9 61773 41 61852 5 62029 40 62109 4 62285 40 62366 3 62541 39 62623 2 62626 3 62797 39 62883 3 63053 39 63139 3 63309 10 63322 27 63395 4 63566 9 63579 26 63652 2 63825 5 63835 27 64081 4 64092 27 64349 28 64606 29 64865 28 65121 29 65376 31
566885,154 49 222 5 251 5 411 48 477 6 508 4 667 48 733 7 765 3 924 47 988 9 1181 46 1242 12 1405 6 1417 10 1441 43 1495 24 1659 11 1671 12 1699 42 1751 26 1913 28 1960 4 1965 33 2007 28 2169 28 2224 31 2263 30 2425 32 2481 30 2518 35 2681 34 2738 29 2774 37 2937 36 2995 12 3011 12 3029 43 3194 39 3251 11 3268 11 3285 43 3453 42 3507 10 3527 7 3540 44 3711 42 3756 17 3783 7 3797 43 3957 4 3970 59 4044 1 4053 43 4211 7 4226 59 4309 43 4467 10 4481 61 4566 42 4723 75 4822 42 4951 4 4979 76 5078 42 5200 3 5207 6 5219 1 5236 77 5335 41 5454 5 5464 13 5492 81 5591 41 5709 6 5720 13 5748 82 5847 41 5963 9 5977 14 6003 92 6104 40 6218 11 6233 14 6259 93 6360 40 6473 10 6488 16 6514 95 6615 41 6723 1 6728 11 6743 17 6769 96 6871 41 6978 3 6983 12 6999 18 7023 99 7127 41 7230 7 7239 11 7255 20 7277 102 7384 40 7484 21 7511 124 7640 40 7738 23 7767 124 7896 40 7987 15 8005 11 8022 127 8152 40 8242 16 8261 10 8278 128 8408 40 8499 12 8518 11 8533 171 8757 2 8775 185 9031 146 9181 28 9211 5 9287 146 9437 28 9467 5 9543 146 9694 27 9725 3 9798 147 9950 27 9981 3 10053 148 10207 26 10238 2 10309 149 10463 26 10494 2 10561 154 10719 27 10749 3 10816 156 10975 33 11071 193 11327 193 11583 193 11839 193 12096 192 12353 191 12608 192 12863 193 13098 5 13117 195 13353 7 13373 195 13609 10 13629 195 13865 11 13885 195 14116 220 14370 222 14625 223 14881 223 15136 224 15393 223 15649 223 15905 223 16160 224 16416 224 16671 225 16897 4 16926 235 17181 227 17409 10 17437 227 17665 12 17692 228 17921 13 17948 228 18178 14 18202 230 18435 16 18455 233 18691 253 18947 253 19202 29 19236 220 19457 30 19492 252 19748 252 20004 988 20993 255 21249 255 21505 255 21761 255 22017 255 22273 255 22529 1279 23811 253 24068 252 24326 250 24582 250 24839 246 25095 247 25351 248 25607 248 25859 252 26113 1405 27523 251 27780 251 28038 249 28295 250 28551 124 28681 120 28807 123 28937 250 29193 251 29450 80 29537 157 29696 4 29706 81 29793 156 29952 5 29963 242 30208 5 30219 242 30464 4 30476 248 30733 244 30989 243 31246 242 31503 241 31760 240 32017 239 32273 147 32423 89 32529 146 32681 87 32785 146 32937 87 33041 146 33194 86 33297 147 33451 84 33553 147 33707 84 33808 149 33963 83 34063 238 34319 232 34552 5 34571 48 34623 184 34826 49 34881 182 35081 48 35138 181 35337 49 35395 179 35594 49 35652 178 35850 49 35909 54 35965 121 36107 48 36166 51 36221 121 36363 49 36423 50 36477 121 36620 47 36679 49 36733 121 36877 38 36918 5 36935 48 36989 120 37133 36 37192 47 37245 98 37349 16 37389 36 37448 47 37501 119 37646 33 37705 46 37757 117 37903 32 37961 46 38012 117 38159 30 38218 46 38267 110 38415 6 38429 16 38475 45 38523 110 38672 5 38686 15 38733 43 38778 109 38929 4 38942 14 38989 43 39034 108 39187 1 39199 13 39245 42 39290 105 39454 14 39502 40 39546 102 39709 14 39759 38 39803 97 39964 15 40016 37 40059 97 40219 16 40272 37 40315 96 40474 17 40529 36 40571 96 40729 17 40784 37 40827 96 40985 16 41039 39 41083 95 41241 15 41289 45 41339 94 41498 14 41544 46 41595 94 41756 11 41799 47 41852 91 42014 9 42055 12 42068 33 42109 90 42275 5 42309 14 42324 34 42365 91 42531 6 42562 53 42623 90 42789 6 42805 68 42879 90 43045 8 43061 164 43301 10 43314 167 43558 179 43815 178 44071 178 44328 89 44419 84 44585 87 44678 71 44752 5 44841 85 44935 70 45055 1 45098 71 45171 8 45191 70 45310 2 45355 39 45397 27 45447 70 45563 5 45611 26 45643 6 45653 14 45669 11 45703 71 45817 7 45869 18 45912 6 45927 9 45959 76 46069 11 46125 17 46169 3 46183 8 46214 17 46234 61 46324 12 46383 14 46441 6 46469 17 46491 62 46579 13 46639 14 46698 3 46725 16 46747 63 46833 15 46897 12 46980 17 47005 5 47014 53 47085 19 47153 12 47236 16 47262 2 47271 53 47340 20 47411 10 47492 15 47528 54 47595 21 47668 9 47748 14 47785 54 47849 23 47927 6 48005 12 48042 29 48072 56 48184 4 48261 10 48298 27 48332 52 48518 7 48555 25 48589 51 48811 25 48845 51 49067 24 49101 51 49323 24 49357 51 49581 22 49613 51 49837 21 49869 51 50094 19 50125 51 50350 18 50381 51 50608 15 50637 51 50865 12 50893 51 51089 10 51123 6 51149 51 51343 14 51405 51 51598 18 51661 51 51853 20 51917 51 52109 21 52173 51 52365 22 52429 51 52621 22 52685 51 52876 24 52941 51 53131 25 53195 53 53387 25 53447 57 53644 24 53701 59 53900 23 53957 59 54157 22 54212 60 54413 23 54443 5 54467 61 54669 23 54699 6 54723 61 54925 28 54954 8 54979 61 55182 36 55235 61 55438 15 55457 17 55490 62 55696 12 55715 15 55745 63 55952 11 55971 9 55981 4 56001 63 56209 10 56226 10 56256 64 56466 9 56482 10 56512 64 56723 6 56737 11 56769 63 56980 5 56993 11 57025 63 57247 13 57282 62 57502 14 57539 61 57757 14 57795 61 58012 14 58052 60 58267 15 58307 55 58366 2 58523 15 58553 6 58563 54 58623 1 58779 16 58809 62 59034 17 59065 61 59275 4 59290 17 59323 58 59531 6 59546 18 59579 57 59773 5 59786 9 59801 20 59835 56 60029 6 60042 9 60057 21 60091 56 60279 14 60297 11 60312 23 60347 54 60534 15 60553 12 60567 24 60602 48 60651 6 60789 17 60808 39 60857 48 60907 6 61045 58 61112 50 61163 5 61299 60 61367 51 61419 5 61554 61 61623 58 61808 64 61880 57 62063 65 62136 57 62319 64 62392 27 62423 25 62575 64 62648 27 62680 23 62830 61 62897 34 62936 17 63086 60 63152 9 63162 25 63192 17 63341 61 63407 10 63419 24 63447 17 63597 62 63663 10 63675 24 63702 17 63851 66 63919 10 63933 42 64107 80 64189 41 64362 127 64617 94 64712 33 64873 40 64917 48 64969 33 65129 38 65175 44 65225 34 65384 39 65431 40 65481 5 65489 26
567096,0 65536
567220, 
567636,0 5 27 12 44 46 256 7 281 15 301 44 512 7 537 16 557 44 606 3 768 9 789 21 813 44 861 5 1024 10 1044 23 1068 45 1115 8 1280 99 1495 4 1536 100 1751 4 1792 101 1964 7 2007 4 2048 101 2219 10 2263 4 2304 101 2470 16 2520 2 2560 102 2725 17 2777 1 2816 102 2949 7 2981 18 3072 103 3203 10 3237 18 3328 103 3458 12 3492 20 3584 103 3714 13 3748 21 3840 103 3970 15 4004 21 4096 103 4226 15 4261 20 4352 103 4481 17 4516 25 4608 103 4737 18 4771 27 4864 103 4987 24 5027 28 5120 103 5241 26 5283 28 5376 59 5438 41 5497 26 5539 29 5632 59 5693 43 5752 27 5795 29 5888 104 6006 30 6051 28 6144 56 6203 46 6261 31 6307 28 6400 56 6458 47 6517 31 6562 27 6656 55 6713 48 6773 31 6818 27 6912 105 7027 34 7074 24 7168 105 7283 34 7331 22 7424 104 7537 38 7587 21 7680 103 7793 38 7843 21 7936 102 8048 41 8099 20 8192 101 8304 41 8355 19 8448 99 8560 42 8613 15 8704 5 8710 92 8816 43 8869 14 8967 89 9072 43 9125 13 9223 89 9328 43 9381 12 9479 87 9584 42 9638 10 9735 86 9841 41 9895 8 9991 87 10097 40 10151 8 10247 87 10354 38 10407 7 10496 49 10548 43 10611 36 10664 5 10752 47 10804 44 10867 36 10920 5 11008 45 11060 45 11125 33 11177 1 11188 1 11264 45 11317 45 11381 34 11520 45 11573 45 11637 37 11776 44 11829 46 11893 38 12032 44 12085 45 12149 38 12288 44 12341 45 12406 37 12544 43 12598 43 12663 36 12800 43 12855 40 12919 35 13056 43 13111 28 13145 4 13176 33 13312 42 13367 28 13433 32 13568 41 13626 23 13693 27 13824 40 13884 15 13950 25 14080 39 14145 8 14209 4 14219 10 14241 2 14336 39 14403 4 14476 8 14497 4 14592 37 14733 8 14753 4 14848 37 14944 2 14990 8 15008 5 15104 36 15198 7 15246 10 15263 6 15360 36 15439 3 15453 10 15486 5 15502 11 15518 9 15616 37 15693 6 15709 14 15736 13 15758 28 15872 7 15881 18 15900 9 15948 7 15965 15 15991 14 16013 30 16128 5 16137 16 16157 7 16205 6 16221 17 16241 21 16269 32 16384 5 16393 15 16413 6 16461 6 16478 16 16495 23 16524 33 16640 5 16649 14 16717 5 16735 40 16778 36 16896 4 16905 14 16973 4 16993 77 17152 3 17161 12 17253 74 17408 3 17417 12 17510 73 17664 3 17674 8 17768 72 17920 1 17930 7 18025 72 18187 3 18282 28 18311 41 18539 27 18567 41 18795 27 18823 12 18838 25 19051 26 19080 11 19095 24 19306 27 19336 9 19352 23 19562 27 19593 7 19608 23 19818 28 19865 21 20074 28 20121 21 20330 27 20379 18 20586 26 20636 17 20841 26 20894 14 21066 3 21097 25 21151 12 21319 8 21350 26 21407 12 21575 8 21605 26 21663 12 21829 11 21860 27 21919 14 22084 12 22099 4 22116 25 22175 15 22326 4 22333 28 22371 26 22431 17 22580 38 22627 25 22687 18 22833 41 22883 23 22943 20 23088 42 23139 21 23199 22 23343 43 23395 19 23447 3 23455 29 23599 44 23651 19 23703 3 23711 30 23852 49 23907 19 23961 2 23968 29 24107 50 24164 18 24217 2 24225 29 24363 50 24421 17 24483 28 24618 52 24677 16 24740 29 24874 52 24934 15 24996 31 25129 53 25191 14 25252 32 25385 54 25448 13 25507 34 25641 54 25705 11 25763 35 25898 53 25962 9 26019 37 26154 53 26219 7 26275 38 26368 1 26411 51 26529 42 26624 1 26667 51 26781 46 26880 1 26923 50 27035 48 27136 1 27179 50 27291 48 27392 1 27411 6 27435 50 27547 48 27648 1 27667 6 27690 51 27803 8 27813 37 27904 1 27923 6 27945 52 28062 2 28071 34 28160 1 28179 7 28200 52 28328 33 28416 1 28436 5 28455 52 28586 31 28672 1 28692 5 28711 52 28843 30 28928 1 28968 50 29069 3 29101 28 29184 1 29225 49 29323 6 29358 27 29483 8 29497 32 29576 10 29591 5 29616 25 29739 6 29753 31 29832 22 29873 24 30009 30 30088 27 30133 19 30265 29 30343 28 30389 19 30522 28 30599 28 30647 16 30779 27 30855 28 30904 15 31035 27 31110 29 31161 12 31292 26 31365 30 31418 11 31555 18 31617 34 31675 8 31813 16 31872 35 31931 7 32071 13 32125 38 32188 5 32328 11 32381 39 32444 5 32475 5 32586 7 32635 42 32729 8 32843 4 32891 42 32985 8 33146 44 33241 8 33402 45 33497 8 33657 46 33755 6 33913 47 34011 6 34169 49 34268 6 34282 1 34425 50 34524 7 34535 6 34679 53 34780 17 34934 55 35035 19 35189 57 35291 19 35444 59 35546 21 35698 62 35801 22 35953 63 36057 22 36209 63 36312 21 36465 63 36568 21 36721 63 36824 19 36977 62 37080 19 37233 62 37336 17 37488 63 37593 15 37679 3 37743 64 37849 10 37935 4 37999 63 38106 6 38254 65 38458 5 38510 65 38672 3 38713 8 38766 65 38928 4 38968 11 39022 65 39184 5 39223 14 39279 37 39317 27 39440 6 39479 14 39535 37 39573 27 39697 6 39735 14 39791 37 39832 5 39842 15 39954 5 39991 14 40048 36 40089 2 40099 14 40185 2 40211 4 40247 13 40304 35 40356 13 40440 6 40467 5 40503 12 40560 35 40613 12 40695 8 40724 3 40759 12 40817 34 40870 11 40925 4 40947 13 40981 2 41016 11 41036 4 41073 34 41126 11 41178 7 41203 13 41275 4 41283 1 41291 8 41330 32 41384 9 41427 26 41459 13 41539 1 41545 12 41587 31 41625 2 41640 9 41681 28 41714 14 41795 1 41799 16 41843 30 41879 4 41896 8 41933 34 41968 16 42051 2 42055 16 42100 29 42135 5 42152 7 42188 52 42307 20 42356 28 42391 6 42443 53 42563 21 42612 27 42646 7 42699 53 42819 20 42868 27 42901 8 42955 53 43076 19 43125 26 43157 8 43211 53 43333 13 43381 27 43413 7 43467 53 43589 12 43638 27 43669 7 43723 53 43845 12 43895 28 43925 6 43981 51 44101 11 44151 28 44181 6 44237 51 44309 1 44357 11 44408 27 44437 5 44495 49 44563 5 44613 11 44664 27 44694 3 44751 49 44817 8 44869 11 44921 26 45008 48 45072 10 45125 11 45177 25 45264 48 45327 12 45365 2 45381 11 45435 22 45521 47 45584 10 45620 3 45637 10 45691 20 45777 47 45843 5 45873 9 45894 9 45947 18 46034 46 46101 2 46129 10 46150 8 46204 17 46290 46 46385 10 46409 3 46442 6 46461 13 46547 45 46641 11 46696 10 46717 12 46804 44 46897 12 46950 14 46974 9 47061 43 47154 11 47205 16 47317 43 47373 3 47383 4 47410 12 47459 18 47575 41 47627 8 47636 9 47667 11 47715 18 47831 41 47881 22 47923 12 47970 19 48087 32 48121 7 48136 23 48179 12 48225 20 48344 29 48378 6 48391 25 48427 7 48443 3 48481 20 48600 29 48635 5 48647 26 48682 8 48737 19 48856 28 48891 5 48903 26 48937 10 48992 19 49112 27 49148 4 49159 27 49193 10 49245 22 49367 28 49405 3 49416 27 49447 12 49497 26 49623 26 49672 27 49703 13 49753 26 49879 25 49928 46 50007 29 50134 25 50184 46 50263 29 50390 25 50439 48 50519 28 50647 23 50694 50 50775 28 50833 1 50903 22 50944 59 51031 27 51089 4 51160 19 51200 62 51288 25 51345 4 51417 16 51456 65 51545 23 51601 4 51676 3 51712 65 51803 20 51857 5 51968 67 52061 16 52111 20 52224 67 52319 14 52366 24 52480 67 52575 12 52620 29 52736 67 52832 11 52875 30 52992 67 53090 6 53128 35 53248 67 53347 4 53383 36 53504 67 53638 37 53760 67 53894 37 53940 1 54016 67 54149 38 54193 6 54272 67 54405 39 54448 7 54528 66 54659 53 54784 65 54915 54 55040 54 55170 55 55296 53 55426 55 55552 53 55681 56 55808 52 55937 56 56064 49 56192 57 56320 47 56447 59 56576 45 56702 60 56833 44 56957 61 57092 40 57157 6 57173 2 57212 62 57349 39 57413 6 57429 2 57467 63 57607 37 57669 8 57685 2 57722 64 57801 2 57864 35 57925 8 57940 4 57977 65 58056 3 58122 33 58180 19 58231 67 58310 6 58378 21 58402 9 58436 19 58486 68 58565 8 58637 2 58641 12 58659 7 58692 19 58741 68 58820 9 58899 10 58915 6 58937 4 58947 20 58997 68 59075 10 59157 6 59172 4 59189 33 59252 53 59309 12 59331 10 59415 2 59429 2 59444 35 59508 53 59565 12 59587 10 59698 37 59764 51 59824 8 59843 10 59878 4 59890 6 59953 38 60020 49 60081 6 60099 10 60133 6 60145 10 60207 42 60277 46 60355 8 60389 6 60401 13 60456 2 60463 42 60533 20 60556 23 60611 7 60645 6 60656 15 60710 52 60789 18 60819 15 60901 6 60909 19 60965 54 61045 17 61076 13 61159 2 61165 19 61219 56 61302 15 61336 9 61421 19 61475 56 61559 14 61593 6 61677 19 61731 57 61816 11 61901 5 61933 19 61987 58 62073 10 62155 7 62189 19 62245 56 62331 6 62409 7 62445 19 62503 54 62663 8 62702 18 62760 53 62919 8 62958 18 63017 52 63174 9 63215 17 63273 52 63430 9 63471 17 63530 50 63687 7 63727 17 63787 49 63908 6 63944 5 63984 16 64043 49 64163 7 64201 2 64241 15 64298 49 64414 13 64497 15 64553 50 64669 14 64753 15 64809 50 64863 3 64915 2 64923 16 65009 15 65065 50 65117 6 65169 26 65265 15 65321 60 65422 29 65521 15
570211,0 65536
578073,1001 7 1255 10 1452 1 1510 13 1581 1 1766 14 1835 5 2011 6 2021 16 2091 6 2267 6 2277 17 2346 6 2522 29 2602 6 2778 29 2858 7 3033 31 3114 7 3289 32 3370 7 3543 34 3626 7 3799 34 3883 5 4054 35 4142 1 4309 36 4564 39 4820 39 5075 40 5331 40 5586 41 5841 42 6097 42 6353 40 6609 34 6834 3 6864 34 7089 4 7121 32 7345 2 7377 32 7464 4 7600 3 7635 30 7721 2 7856 3 7892 29 8113 1 8151 26 8369 1 8409 24 8667 21 8923 21 9180 20 9436 20 9693 18 9950 17 10024 7 10206 17 10274 13 10462 18 10528 15 10719 16 10784 15 10975 16 11039 16 11231 15 11295 15 11487 14 11552 12 11743 13 11809 10 11999 12 12069 6 12256 10 12326 5 12513 6 12769 4 13026 1 13729 4 13985 5 14241 6 14496 10 14752 12 15008 13 15263 14 15285 3 15322 1 15519 15 15541 3 15576 4 15774 17 15795 8 15828 9 16030 17 16051 10 16083 10 16285 20 16306 13 16339 10 16541 34 16595 10 16797 34 16850 10 17053 34 17105 11 17309 33 17361 11 17565 33 17617 11 17822 31 17873 10 18079 30 18129 10 18335 28 18385 9 18591 28 18643 5 18848 14 18868 1 19104 14 19361 12 19601 2 19617 12 19852 11 19871 12 20107 14 20126 12 20277 5 20285 8 20362 17 20381 10 20533 6 20540 11 20617 30 20788 21 20872 30 21044 22 21128 30 21283 40 21383 31 21539 40 21639 32 21794 41 21895 32 22049 42 22151 32 22305 41 22407 33 22560 41 22663 33 22816 27 22847 10 22919 33 23072 27 23103 9 23175 33 23329 25 23362 4 23431 32 23585 24 23619 1 23687 32 23842 15 23944 24 24099 14 24201 22 24349 22 24459 18 24603 25 24716 9 24729 3 24857 29 24973 6 25113 30 25230 6 25369 31 25487 5 25625 31 25743 5 25880 32 25999 5 26136 32 26256 3 26393 30 26512 2 26649 29 26907 25 27165 22 27422 14 27679 11 27935 4 28192 2 29689 5 29945 6 30200 7 30229 2 30455 9 30485 4 30710 10 30740 6 30867 2 30965 11 30995 8 31123 2 31220 12 31251 8 31379 2 31476 12 31504 19 31636 1 31731 13 31759 21 31987 13 32014 22 32140 1 32147 2 32243 13 32269 23 32395 2 32403 2 32499 13 32525 22 32651 3 32755 13 32781 22 32907 3 33013 11 33036 21 33163 4 33271 9 33291 22 33419 4 33529 7 33547 22 33653 4 33677 4 33791 1 33803 22 33909 5 33934 2 34059 22 34165 6 34314 24 34421 6 34571 23 34677 7 34829 21 34933 7 35087 18 35189 7 35343 18 35445 8 35599 16 35700 9 35855 16 35955 10 36109 18 36212 9 36365 18 36468 9 36619 20 36725 9 36875 20 36982 8 37131 20 37238 9 37388 19 37494 8 37645 17 37750 7 37901 16 38005 8 38161 6 38261 7 38517 7 38701 1 38773 6 38859 8 38957 1 39029 6 39115 10 39285 5 39369 14 39541 4 39625 14 39880 17 40135 18 40391 20 40647 20 40903 20 41159 21 41415 21 41671 21 41925 22 42180 23 42435 24 42691 23 42947 22 43007 1 43203 20 43263 1 43368 5 43459 16 43518 2 43624 5 43716 15 43773 3 43879 6 43973 14 44028 4 44134 7 44230 13 44283 5 44389 8 44487 12 44538 6 44644 9 44743 13 44793 7 44899 10 45000 12 45047 9 45155 10 45256 13 45303 9 45410 10 45513 12 45557 11 45665 10 45769 12 45813 11 45921 10 46024 13 46069 11 46176 10 46280 12 46325 11 46433 8 46537 10 46581 11 46689 7 46793 10 46837 11 46945 6 47049 10 47093 11 47201 6 47305 10 47348 12 47458 3 47561 10 47585 4 47603 13 47715 2 47818 7 47841 6 47860 12 48075 4 48094 13 48117 11 48349 15 48374 10 48605 15 48630 10 48859 17 48887 9 49113 19 49143 9 49369 19 49400 8 49624 21 49657 7 49880 21 49913 7 50137 22 50171 5 50393 22 50428 4 50647 25 50903 26 51158 27 51413 28 51668 29 51924 29 52179 30 52433 32 52686 35 52941 36 53196 36 53452 36 53708 35 53964 35 54220 35 54476 34 54573 4 54697 2 54701 5 54733 29 54829 4 54951 12 54990 27 55085 5 55205 14 55247 24 55341 4 55461 14 55503 23 55597 4 55673 6 55716 16 55760 21 55853 4 55929 6 55971 17 56015 22 56109 2 56185 5 56216 3 56227 20 56267 27 56364 3 56442 3 56471 4 56482 21 56523 27 56619 4 56727 4 56736 25 56775 32 56874 5 56982 5 56991 26 57031 33 57129 6 57238 5 57245 28 57285 36 57385 4 57494 4 57501 28 57541 36 57640 4 57757 28 57796 37 57896 3 58013 28 58052 38 58260 2 58269 28 58307 42 58515 4 58525 28 58562 44 58771 5 58781 28 58817 46 59028 5 59037 29 59073 46 59284 5 59294 27 59329 47 59541 4 59550 27 59585 47 59797 4 59805 26 59841 47 60054 3 60060 24 60097 47 60317 22 60353 47 60573 22 60609 47 60823 4 60832 19 60862 44 60907 5 61078 5 61089 18 61117 44 61163 5 61333 6 61348 15 61372 45 61419 4 61588 8 61604 14 61629 44 61843 10 61860 13 61886 43 62099 10 62116 12 62142 44 62354 11 62374 7 62397 46 62609 13 62631 3 62652 47 62865 14 62907 49 63121 14 63163 49 63377 15 63418 49 63633 16 63673 50 63829 5 63891 16 63929 48 64085 6 64148 17 64184 49 64339 8 64405 19 64441 46 64548 3 64595 9 64662 19 64697 46 64802 7 64850 11 64918 19 64954 43 65057 9 65106 11 65175 18 65211 10 65224 29 65312 11 65361 13 65431 18 65481 26
580255,45 16 65 28 98 57 301 16 322 25 357 54 557 16 579 23 615 52 813 15 835 23 871 52 1068 15 1092 22 1127 52 1323 16 1351 19 1383 53 1580 15 1607 19 1639 54 1837 12 1865 17 1895 56 2093 11 2122 17 2151 58 2351 8 2378 21 2407 58 2607 7 2634 22 2662 59 2863 6 2891 24 2917 60 3121 4 3151 82 3337 3 3410 79 3591 5 3667 78 3845 8 3926 16 3943 57 4101 8 4184 14 4199 57 4357 7 4440 14 4455 56 4613 6 4696 71 4790 5 4869 6 4952 70 5044 9 5125 4 5210 68 5299 12 5473 62 5554 15 5572 1 5731 60 5809 22 5987 60 6065 24 6243 60 6320 25 6498 61 6575 26 6753 63 6830 27 7005 67 7082 32 7261 67 7336 34 7509 74 7589 38 7764 75 7845 38 8018 74 8099 41 8192 1 8274 72 8355 41 8448 3 8519 4 8528 71 8611 42 8704 3 8775 7 8783 72 8867 43 8960 4 9029 82 9123 44 9216 4 9285 81 9379 44 9472 5 9539 82 9635 46 9728 5 9795 82 9891 46 9984 5 10050 82 10146 49 10240 5 10305 80 10402 49 10496 5 10560 77 10657 50 10752 5 10815 75 10913 50 11008 5 11071 71 11168 51 11264 5 11326 71 11424 51 11520 5 11581 72 11680 50 11776 5 11837 72 11936 51 12032 5 12092 73 12192 51 12286 7 12347 74 12447 52 12541 7 12603 75 12704 52 12796 7 12858 76 12960 52 13052 4 13114 76 13217 52 13307 5 13369 77 13473 52 13563 5 13625 76 13729 52 13819 5 13881 76 13986 52 14075 5 14137 76 14242 54 14331 5 14393 76 14498 55 14587 5 14649 76 14753 56 14842 6 14906 76 15007 58 15098 6 15162 76 15262 60 15353 7 15419 75 15517 61 15610 6 15677 73 15772 62 15866 6 15934 72 16027 62 16122 6 16191 71 16283 62 16379 5 16448 70 16539 62 16636 4 16705 68 16795 61 16893 3 16961 68 17051 60 17149 3 17217 67 17308 58 17405 3 17474 65 17568 54 17659 5 17731 4 17738 56 17827 51 17914 6 17995 54 18083 51 18169 7 18178 1 18253 50 18341 50 18425 7 18433 2 18510 49 18599 1 18602 46 18681 11 18768 47 18861 26 18888 16 18937 11 19025 46 19118 24 19144 16 19193 10 19284 43 19379 18 19400 16 19449 9 19539 44 19635 18 19657 14 19705 7 19793 45 19894 14 19914 9 19962 6 20049 44 20153 10 20171 6 20218 6 20294 53 20412 7 20475 5 20549 53 20609 4 20670 3 20731 5 20803 54 20864 5 20987 5 21059 54 21120 6 21243 5 21314 55 21377 6 21397 4 21499 5 21570 55 21633 6 21646 12 21755 5 21825 55 21891 3 21899 16 22012 4 22081 54 22148 1 22154 18 22269 3 22335 54 22405 24 22527 1 22590 53 22661 25 22844 55 22917 25 23094 62 23172 26 23349 64 23428 26 23604 65 23683 27 23859 67 23939 26 24115 68 24195 26 24225 4 24371 69 24451 26 24480 5 24627 69 24707 26 24735 6 24882 71 24963 34 25137 72 25218 35 25391 118 25647 117 25903 116 26159 116 26415 115 26671 115 26927 114 27183 114 27435 118 27691 118 27946 118 28202 117 28458 115 28714 109 28969 109 29226 109 29482 109 29738 110 29994 113 30172 5 30250 113 30427 8 30506 113 30681 11 30762 113 30936 12 31019 112 31191 14 31275 112 31446 15 31531 69 31603 39 31701 16 31788 67 31860 38 31957 17 32045 66 32125 28 32213 18 32301 66 32381 28 32469 18 32559 63 32637 27 32725 18 32816 62 32894 26 32981 18 33075 58 33151 24 33237 18 33331 58 33407 23 33493 18 33589 55 33663 20 33748 19 33845 54 33919 19 34003 20 34101 54 34175 15 34259 20 34357 54 34431 11 34515 20 34613 54 34687 10 34770 21 34869 54 34943 9 35026 22 35125 53 35199 8 35282 18 35301 5 35381 52 35456 6 35539 17 35558 4 35637 48 35797 14 35893 47 36054 13 36163 32 36311 12 36420 31 36568 10 36677 30 36825 9 36934 28 37081 8 37198 19 37337 8 37455 17 37593 8 37714 13 37851 4 37971 11 38107 4 38734 1 38989 4 39245 5 39501 5 39757 5 40013 5 43520 4 43776 7 44032 7 44288 8 44544 9 44800 9 45056 8 45313 5
580290,0 65536
584567,0 42 95 3 223 74 479 73 606 1 736 71 862 1 992 71 1119 2 1248 70 1361 3 1375 3 1504 70 1616 5 1632 2 1760 67 1871 7 2016 63 2126 9 2271 64 2364 4 2381 10 2527 64 2619 5 2637 10 2783 64 2872 8 2893 11 3039 64 3127 10 3149 11 3295 66 3383 10 3405 12 3551 68 3638 10 3662 11 3807 70 3893 11 3919 12 4061 4 4068 65 4148 12 4175 12 4316 4 4325 64 4403 13 4431 12 4507 2 4573 2 4581 56 4641 4 4659 13 4686 13 4763 4 4837 55 4914 14 4942 13 5017 7 5093 53 5170 13 5197 14 5273 9 5349 36 5388 8 5426 13 5453 13 5528 11 5606 31 5647 3 5682 13 5709 13 5783 13 5863 30 5927 3 5937 12 5965 13 6037 16 6121 28 6183 4 6193 11 6221 14 6291 18 6378 27 6440 2 6449 10 6477 14 6547 19 6639 22 6705 10 6733 14 6803 19 6895 21 6961 9 6989 15 7059 20 7149 23 7217 9 7245 15 7301 2 7313 22 7404 22 7473 9 7502 15 7553 8 7569 22 7659 22 7729 8 7758 16 7808 9 7825 22 7915 21 7987 6 8015 16 8063 12 8080 24 8106 6 8171 21 8243 5 8271 16 8318 13 8336 32 8413 3 8427 21 8501 2 8527 17 8573 14 8592 33 8668 5 8684 20 8758 1 8783 17 8829 14 8849 32 8924 5 8940 20 9039 18 9083 17 9105 32 9180 5 9196 20 9294 18 9339 17 9362 30 9435 6 9452 14 9467 5 9526 1 9549 18 9595 18 9619 28 9687 9 9709 12 9782 1 9805 16 9850 19 9875 28 9943 9 9965 12 10061 14 10099 24 10131 28 10197 11 10221 11 10317 14 10354 25 10388 27 10453 11 10477 11 10573 14 10609 26 10644 27 10709 12 10734 9 10829 14 10865 25 10900 26 10965 12 10990 9 11085 14 11120 23 11156 25 11221 14 11246 7 11341 14 11375 24 11411 26 11477 15 11502 7 11596 15 11631 24 11667 24 11733 16 11758 2 11852 14 11887 24 11923 24 11989 16 12105 16 12143 23 12179 23 12243 18 12360 15 12399 23 12435 22 12498 19 12615 16 12654 24 12692 21 12754 19 12871 16 12907 27 12948 21 13009 20 13127 16 13161 30 13206 18 13265 20 13312 1 13384 15 13417 30 13466 13 13521 19 13568 3 13645 10 13673 31 13777 16 13809 4 13824 3 13902 9 13929 31 14033 14 14065 4 14080 1 14159 8 14186 31 14289 12 14321 4 14415 8 14442 31 14546 10 14578 3 14671 8 14696 33 14802 9 14926 9 14951 34 15059 8 15180 7 15205 37 15309 4 15315 8 15435 8 15460 38 15564 5 15573 4 15690 9 15715 40 15817 8 15945 10 15970 41 16073 8 16200 9 16226 42 16329 8 16456 9 16482 43 16585 8 16712 7 16738 43 16841 8 16969 6 16993 44 17097 8 17211 1 17225 6 17249 43 17297 5 17353 8 17467 1 17483 1 17505 43 17552 7 17609 8 17759 44 17808 8 17865 8 17875 5 18014 45 18063 9 18121 8 18131 5 18269 46 18319 9 18386 7 18525 46 18575 9 18641 8 18780 46 18832 7 18897 9 19035 46 19088 7 19153 10 19289 48 19344 6 19408 14 19545 47 19601 4 19664 13 19800 46 19857 4 19920 11 19967 1 20055 46 20114 3 20176 11 20223 1 20311 44 20372 1 20428 15 20478 2 20567 43 20683 16 20733 3 20823 42 20939 9 20952 3 20989 3 21080 41 21194 9 21209 2 21244 4 21336 41 21449 9 21499 5 21592 40 21705 9 21756 4 21849 39 21961 10 22105 39 22217 10 22265 2 22361 39 22474 9 22570 4 22617 39 22731 7 22762 7 22825 6 22873 26 22904 9 22934 4 23017 14 23084 2 23130 23 23161 14 23191 4 23274 13 23387 19 23418 14 23441 2 23447 6 23530 12 23645 16 23675 14 23696 3 23704 5 23787 11 23909 7 23932 13 23951 4 23961 5 24045 9 24166 5 24188 23 24217 5 24302 8 24446 21 24475 2 24560 5 24703 19 24732 1 24817 4 24926 4 24962 15 25181 6 25221 12 25437 6 25478 11 25693 6 25735 9 25949 6 25992 8 26144 1 26205 6 26249 7 26400 3 26432 4 26463 2 26507 5 26515 2 26537 2 26656 4 26687 6 26764 4 26770 5 26792 3 26911 6 26941 9 27026 8 27048 4 27167 6 27197 9 27283 8 27304 3 27423 8 27448 1 27453 10 27539 8 27560 3 27679 8 27703 3 27709 10 27796 7 27815 4 27935 9 27958 17 28071 3 28191 9 28214 17 28324 6 28380 1 28448 9 28471 17 28706 8 28727 18 28965 6 28983 18 29046 9 29221 8 29239 19 29302 9 29339 2 29478 8 29496 19 29559 8 29593 7 29734 9 29752 19 29815 9 29848 9 29989 11 30009 17 30071 9 30103 11 30245 12 30266 16 30327 9 30358 13 30501 13 30524 13 30583 9 30613 15 30697 2 30757 13 30781 12 30840 8 30869 17 30953 2 31012 14 31039 10 31096 7 31125 19 31209 2 31268 14 31296 8 31343 4 31351 8 31381 20 31523 14 31554 5 31595 18 31638 21 31699 5 31779 13 31811 4 31851 16 31895 22 31955 6 32035 11 32107 15 32131 13 32151 28 32212 4 32291 10 32363 14 32385 16 32407 28 32469 3 32547 10 32619 13 32637 21 32663 29 32726 3 32803 10 32875 13 32892 23 32919 29 32981 6 32994 1 33058 11 33130 13 33146 26 33174 30 33237 19 33314 11 33386 74 33491 22 33570 10 33642 74 33746 24 33826 10 33898 74 34001 26 34082 9 34153 75 34257 26 34338 8 34409 75 34505 2 34512 27 34595 6 34665 75 34759 4 34767 28 34853 2 34922 74 35014 5 35023 28 35178 74 35269 7 35277 29 35434 74 35524 37 35690 74 35779 37 35945 74 36035 37 36201 74 36287 41 36457 74 36542 42 36713 74 36796 44 36968 75 37051 45 37223 76 37306 46 37481 7 37489 66 37561 47 37734 1 37745 67 37815 48 37990 1 38001 67 38069 50 38259 116 38515 116 38771 116 39027 116 39284 115 39540 115 39797 114 40053 114 40309 114 40565 114 40821 113 41077 113 41333 113 41589 113 41845 113 42102 112 42358 111 42614 5 42621 104 42873 1 42878 102 43129 2 43133 103 43384 106 43641 105 43897 104 44153 103 44409 102 44665 102 44922 101 45028 1 45047 2 45179 100 45283 3 45301 5 45435 109 45556 7 45692 107 45812 7 45950 105 46068 9 46206 105 46324 11 46464 102 46581 11 46721 101 46837 11 46979 33 47015 12 47035 43 47093 11 47236 21 47258 9 47271 12 47292 42 47349 11 47493 16 47527 10 47551 21 47573 16 47606 10 47749 16 47783 10 47807 21 47830 15 47862 10 48005 14 48039 10 48063 19 48087 14 48118 10 48261 13 48294 11 48319 18 48343 14 48374 10 48516 13 48550 9 48575 18 48600 14 48631 9 48771 14 48806 9 48831 19 48857 13 48887 9 49009 6 49025 16 49062 7 49087 19 49113 13 49145 6 49265 7 49281 18 49318 7 49343 20 49369 14 49522 8 49536 20 49574 6 49599 20 49627 13 49779 7 49792 21 49830 7 49854 21 49883 13 50037 7 50049 20 50085 9 50110 20 50135 4 50141 10 50295 7 50305 20 50341 9 50366 19 50391 4 50399 8 50553 6 50565 16 50596 12 50622 19 50656 7 50777 4 50809 6 50823 4 50829 8 50852 13 50879 17 50913 5 51027 11 51065 6 51081 2 51085 8 51108 14 51134 17 51171 2 51283 12 51321 7 51337 2 51341 8 51364 14 51389 18 51539 12 51577 10 51593 2 51598 7 51619 15 51645 17 51795 12 51834 9 51849 2 51854 6 51873 17 51901 17 52056 5 52090 17 52110 5 52129 17 52156 17 52346 25 52385 16 52412 15 52603 24 52643 13 52668 14 52859 4 52866 18 52900 11 52923 15 53123 18 53158 6 53179 14 53380 17 53416 2 53435 13 53640 13 53692 11 53897 12 53949 8 54155 10 54209 1 54413 8 54670 2 54925 2 55180 4 55193 4 55436 5 55449 4 55692 7 55706 3 55766 5 55948 8 55962 3 56021 7 56204 9 56217 4 56275 10 56460 9 56473 4 56531 10 56716 9 56787 11 56972 9 57042 12 57227 10 57287 4 57298 12 57484 9 57542 5 57554 11 57740 9 57795 8 57809 11 57997 8 58009 4 58051 8 58066 9 58251 10 58265 5 58307 8 58323 8 58507 10 58521 6 58563 8 58579 8 58763 10 58776 8 58819 6 58835 10 59019 10 59032 8 59075 6 59089 14 59275 7 59287 10 59332 3 59343 18 59542 11 59598 20 59798 10 59854 20 60054 9 60110 21 60312 7 60368 5 60376 10 60569 2 60573 2 60634 7 60829 2 61085 2 61332 1 61341 2 61598 1 63956 2 64211 4 64468 1 64702 3 64957 6 65085 2 65213 6 65339 7 65468 7
596931,0 34 84 13 155 17 204 3 231 58 341 12 411 18 460 3 487 58 598 10 667 18 716 4 744 56 859 6 921 20 973 3 985 4 1003 53 1115 7 1177 20 1239 8 1261 50 1371 8 1432 22 1492 17 1519 48 1626 15 1646 3 1687 23 1747 20 1780 43 1881 27 1943 23 1999 26 2041 4 2048 30 2137 28 2199 23 2255 26 2304 30 2393 28 2456 21 2511 28 2560 30 2646 31 2712 7 2722 11 2766 29 2816 31 2899 36 2969 2 2978 9 3022 30 3072 33 3155 36 3229 14 3277 31 3328 34 3410 40 3484 15 3517 5 3533 31 3584 34 3666 41 3739 16 3769 10 3789 31 3840 34 3922 43 3995 17 4023 14 4045 32 4096 34 4178 44 4251 18 4279 14 4301 32 4352 35 4435 44 4507 19 4534 15 4557 32 4608 35 4692 43 4763 20 4790 15 4813 32 4864 36 4949 43 5018 22 5046 15 5070 31 5120 38 5205 43 5274 23 5302 16 5327 30 5376 40 5461 44 5529 27 5558 17 5584 28 5632 41 5716 45 5784 47 5841 28 5888 42 5972 45 6039 49 6097 30 6144 42 6227 46 6294 50 6353 30 6400 42 6483 46 6550 51 6609 32 6656 42 6739 46 6806 51 6865 33 6912 41 6976 2 6992 55 7062 51 7123 32 7167 42 7247 57 7317 52 7379 32 7423 41 7502 59 7569 56 7635 32 7677 43 7758 59 7825 56 7891 32 7933 3 7942 34 8014 59 8081 56 8147 32 8189 3 8198 33 8270 60 8337 57 8403 31 8445 3 8455 34 8526 60 8593 58 8659 31 8701 3 8711 34 8781 62 8849 58 8915 30 8958 2 8968 27 8998 3 9037 63 9107 56 9171 30 9215 1 9225 26 9255 2 9292 65 9365 54 9427 30 9471 1 9482 24 9546 67 9621 54 9684 27 9739 22 9797 72 9877 55 9940 26 9995 22 10050 75 10132 56 10196 25 10234 6 10251 22 10305 76 10387 57 10452 25 10489 7 10508 20 10559 78 10644 56 10708 24 10745 7 10765 18 10815 77 10900 56 10963 25 11000 8 11022 15 11070 78 11157 54 11219 24 11255 9 11279 13 11326 77 11414 53 11475 24 11511 9 11535 10 11583 76 11671 50 11731 23 11766 10 11792 9 11839 76 11928 47 11987 23 12022 10 12051 4 12095 76 12186 42 12244 21 12277 11 12350 77 12443 40 12501 7 12511 10 12533 11 12605 78 12699 39 12758 5 12769 8 12788 12 12849 3 12861 78 12956 37 13015 4 13025 8 13043 13 13103 7 13117 78 13213 36 13299 13 13358 9 13372 79 13469 36 13555 13 13614 10 13627 80 13725 36 13811 13 13869 11 13882 81 13982 35 14067 13 14125 94 14239 34 14325 11 14381 94 14495 34 14581 11 14637 93 14753 32 14839 9 14893 84 14978 8 15010 31 15095 9 15147 32 15180 51 15235 7 15268 15 15289 8 15352 8 15401 34 15436 51 15491 7 15525 13 15547 5 15607 9 15655 36 15692 50 15746 7 15781 12 15863 9 15911 36 15949 49 16002 7 16038 11 16118 10 16165 88 16259 6 16296 7 16372 12 16421 88 16515 5 16627 13 16675 89 16883 13 16929 90 17139 13 17163 6 17184 86 17394 14 17419 6 17440 85 17649 15 17673 9 17697 82 17846 2 17905 15 17929 10 17953 82 18100 5 18160 19 18185 8 18210 79 18345 2 18353 9 18411 25 18441 8 18467 76 18600 5 18607 11 18665 28 18697 6 18724 66 18855 18 18921 38 18981 65 19110 19 19176 36 19237 64 19364 21 19432 37 19493 64 19619 21 19688 37 19737 4 19749 64 19875 20 19944 38 19993 5 20000 68 20131 12 20147 2 20201 37 20249 74 20387 12 20455 39 20505 60 20569 10 20643 12 20711 40 20761 57 20827 8 20899 12 20965 42 21017 57 21085 6 21155 13 21221 42 21273 57 21415 9 21477 42 21529 57 21671 9 21733 43 21785 57 21929 7 21987 45 22041 57 22185 8 22243 46 22295 58 22441 8 22497 48 22550 59 22698 8 22752 106 22953 9 23004 109 23209 10 23257 111 23413 6 23464 11 23511 113 23669 7 23720 10 23767 41 23823 56 23925 8 23976 9 24022 42 24079 54 24180 9 24232 9 24278 42 24335 46 24435 10 24487 10 24535 41 24591 45 24691 10 24743 11 24791 41 24846 45 24947 10 24999 14 25047 41 25102 44 25157 3 25202 13 25254 16 25304 40 25358 42 25413 7 25458 14 25510 18 25561 17 25581 19 25614 31 25648 7 25669 8 25713 16 25766 18 25817 16 25839 17 25870 30 25924 9 25967 20 26022 19 26074 15 26097 15 26126 30 26180 10 26214 29 26278 19 26331 14 26355 13 26382 31 26426 6 26436 11 26469 32 26534 19 26587 16 26613 11 26638 31 26681 8 26692 12 26724 33 26790 19 26844 15 26870 55 26937 10 26948 13 26977 37 27041 3 27045 20 27101 15 27136 45 27192 11 27204 14 27233 38 27296 25 27357 15 27392 45 27447 29 27489 39 27551 26 27613 16 27648 45 27703 29 27745 39 27807 26 27837 5 27869 16 27904 45 27958 30 27999 42 28063 36 28123 19 28160 16 28177 18 28199 4 28213 31 28255 42 28319 36 28377 21 28416 15 28434 15 28470 31 28511 42 28575 37 28631 23 28672 15 28691 13 28727 30 28767 42 28831 37 28887 22 28928 15 28949 8 28985 10 28997 16 29023 43 29086 39 29140 25 29184 15 29207 2 29241 9 29255 13 29279 42 29342 40 29395 26 29440 15 29499 6 29511 12 29534 43 29597 42 29649 27 29696 16 29755 5 29768 9 29790 43 29853 43 29905 27 29942 5 29952 17 30011 5 30025 4 30046 43 30109 44 30161 26 30197 8 30208 17 30267 6 30283 1 30301 44 30365 44 30417 26 30452 10 30464 18 30524 9 30551 4 30558 43 30620 47 30673 26 30707 12 30720 19 30780 9 30805 6 30814 44 30876 47 30929 26 30963 12 30976 20 31037 9 31058 9 31071 44 31131 49 31185 26 31219 34 31292 10 31313 10 31327 44 31387 50 31441 26 31475 37 31547 11 31568 11 31583 45 31641 83 31729 40 31803 10 31825 9 31841 44 31897 56 31954 27 31985 40 32059 10 32081 8 32099 42 32154 54 32214 24 32241 40 32315 10 32337 7 32355 42 32410 54 32472 7 32480 15 32497 37 32571 10 32595 4 32612 41 32666 53 32732 2 32737 52 32826 13 32869 41 32923 52 32993 52 33081 14 33125 42 33179 52 33249 52 33337 14 33374 1 33378 46 33435 51 33505 54 33593 14 33629 53 33691 49 33761 54 33849 13 33885 54 33947 48 34017 55 34108 8 34141 39 34185 10 34204 45 34273 56 34365 6 34397 38 34441 10 34461 44 34530 55 34653 37 34697 10 34717 42 34786 56 34909 36 34953 9 34973 40 35042 57 35166 33 35210 7 35229 30 35298 57 35426 28 35465 7 35484 31 35555 29 35593 20 35684 25 35721 6 35738 31 35811 29 35849 20 35941 23 35977 4 35993 32 36067 29 36105 20 36199 20 36233 4 36251 31 36323 29 36361 20 36455 20 36489 4 36507 31 36579 29 36617 20 36654 3 36711 20 36768 26 36829 35 36873 20 36909 5 36965 22 37029 21 37085 35 37129 20 37163 8 37215 27 37289 16 37339 37 37385 20 37412 3 37417 11 37469 30 37547 14 37595 37 37637 24 37665 20 37723 32 37851 37 37893 24 37919 22 37978 33 38107 37 38146 53 38227 42 38327 8 38363 37 38401 54 38482 44 38576 16 38610 5 38619 93 38737 48 38827 22 38865 8 38875 93 38993 49 39083 22 39121 102 39249 50 39338 23 39376 103 39505 50 39593 25 39631 102 39761 50 39849 26 39887 102 40017 50 40105 27 40142 51 40195 35 40233 11 40273 50 40361 28 40397 51 40452 33 40489 11 40530 48 40591 3 40617 29 40651 36 40688 16 40709 32 40747 8 40785 43 40829 4 40847 4 40874 31 40907 34 40945 15 40965 32 41004 6 41041 42 41104 3 41131 30 41163 34 41201 15 41221 22 41245 8 41295 44 41363 16 41388 29 41418 36 41459 12 41477 22 41501 8 41551 44 41620 15 41644 65 41715 13 41733 22 41759 6 41807 44 41877 15 41901 64 41973 3 41983 1 41989 21 42015 6 42063 44 42133 16 42158 63 42239 1 42245 21 42272 3 42320 41 42375 2 42390 17 42414 63 42501 20 42528 1 42577 40 42630 4 42647 20 42670 43 42716 17 42757 21 42833 40 42886 5 42903 64 42973 15 43013 22 43089 26 43116 12 43143 4 43159 64 43228 16 43263 1 43269 23 43347 10 43363 4 43375 8 43400 3 43415 64 43484 15 43519 1 43525 24 43602 10 43631 8 43657 1 43671 64 43740 15 43775 1 43781 26 43855 12 43891 1 43923 68 43997 14 44030 2 44037 26 44110 5 44119 3 44175 1 44178 70 44253 15 44286 2 44291 28 44339 1 44366 5 44431 74 44510 15 44541 3 44545 30 44594 2 44622 4 44687 74 44766 15 44797 35 44850 2 44877 5 44943 74 45023 14 45053 35 45106 2 45133 6 45199 74 45279 14 45308 36 45362 2 45387 8 45455 75 45537 13 45564 36 45619 1 45645 6 45662 5 45711 29 45743 22 45767 19 45793 12 45820 36 45903 2 45917 9 45966 29 46000 9 46025 17 46051 8 46077 35 46173 10 46221 30 46257 8 46281 18 46307 6 46334 33 46429 16 46447 6 46477 28 46514 5 46539 14 46592 30 46685 24 46732 27 46771 3 46795 14 46848 27 46940 26 46988 26 47055 8 47104 25 47196 27 47245 25 47313 4 47360 23 47451 31 47503 23 47616 23 47707 32 47760 22 47872 23 47964 32 48017 20 48128 11 48141 10 48169 1 48184 4 48220 33 48273 20 48384 9 48401 6 48424 6 48440 3 48475 34 48530 19 48619 3 48640 9 48659 1 48680 8 48695 4 48731 34 48787 16 48873 6 48896 8 48936 11 48951 4 48961 11 48986 35 49043 14 49128 9 49152 7 49192 11 49206 7 49215 16 49241 36 49303 10 49383 10 49408 5 49448 41 49497 36 49638 13 49664 5 49704 42 49753 36 49895 14 49920 2 49961 42 50009 36 50155 12 50176 1 50217 43 50265 36 50412 13 50473 43 50520 37 50669 14 50728 44 50776 37 50925 15 50981 46 51031 38 51181 19 51237 46 51287 38 51437 19 51493 44 51541 41 51692 20 51749 44 51797 41 51913 4 51947 21 52005 44 52052 42 52169 6 52202 22 52261 44 52307 44 52425 6 52457 23 52515 92 52680 9 52713 23 52771 92 52935 10 52969 23 53027 93 53191 10 53209 4 53224 24 53283 93 53448 10 53464 7 53480 24 53539 93 53705 25 53731 29 53795 93 53961 55 54051 94 54218 54 54307 94 54474 54 54564 44 54609 48 54730 54 54820 42 54866 47 54986 54 55076 41 55123 46 55242 54 55333 40 55380 44 55498 54 55590 37 55637 36 55754 54 55842 2 55847 36 55893 34 56011 53 56098 31 56152 29 56268 52 56353 32 56409 26 56525 51 56609 32 56667 22 56781 51 56859 2 56865 32 56923 16 56941 2 57038 50 57113 41 57182 10 57295 49 57369 41 57439 8 57551 49 57625 28 57659 8 57806 50 57881 27 57917 7 58062 50 58138 25 58175 7 58317 51 58394 25 58431 8 58573 51 58651 22 58688 7 58828 52 58907 22 58945 5 59039 1 59083 53 59164 19 59201 4 59293 9 59337 55 59421 8 59435 4 59459 1 59548 13 59593 55 59792 6 59799 22 59841 63 60047 30 60097 63 60301 34 60353 63 60557 34 60609 63 60813 35 60865 63 61059 5 61069 36 61120 64 61307 15 61325 36 61363 2 61376 64 61561 18 61581 41 61632 64 61729 9 61815 64 61888 64 61984 11 62071 65 62144 64 62239 15 62326 66 62401 63 62495 15 62582 56 62639 10 62659 61 62751 16 62837 55 62896 9 62915 58 62974 2 63006 18 63093 55 63153 7 63173 55 63231 1 63250 2 63261 20 63347 57 63411 4 63430 51 63505 5 63517 20 63582 2 63602 59 63668 1 63687 50 63760 8 63772 22 63836 12 63857 61 63944 48 64015 36 64091 14 64113 61 64200 45 64267 40 64347 14 64369 62 64457 40 64519 45 64603 14 64625 62 64713 36 64770 51 64859 14 64881 62 64975 30 65025 52 65115 14 65137 62 65233 28 65280 53 65371 13 65393 61 65492 8 65511 7
597667,0 91 105 242 363 240 620 238 867 3 877 236 1121 7 1133 236 1377 10 1392 233 1633 12 1647 234 1889 248 2145 247 2401 247 2658 245 2915 244 3171 242 3427 242 3682 243 3937 244 4193 244 4448 177 4627 66 4703 178 4885 65 4959 179 5141 66 5215 138 5355 39 5399 66 5472 137 5613 38 5655 66 5729 136 5870 39 5911 67 5985 136 6127 38 6166 68 6242 136 6384 107 6498 137 6640 107 6754 137 6896 109 7011 137 7153 109 7266 138 7409 250 7667 82 7753 162 7923 78 8011 8 8028 143 8180 76 8269 5 8285 6 8292 136 8437 70 8508 3 8526 3 8541 146 8693 69 8782 3 8798 147 8949 67 9054 217 9278 2 9310 215 9532 6 9566 215 9788 7 9822 214 10045 5 10078 214 10301 5 10333 163 10497 18 10525 22 10590 162 10753 18 10785 18 10847 161 11010 15 11043 15 11103 161 11266 15 11300 14 11359 161 11522 15 11557 13 11615 161 11778 16 11815 11 11850 5 11871 161 12034 10 12047 7 12072 7 12104 10 12126 162 12290 9 12303 8 12333 2 12359 12 12381 163 12547 8 12559 8 12615 12 12637 163 12803 8 12815 9 12871 12 12893 163 13060 6 13071 10 13126 15 13149 163 13317 5 13327 10 13381 16 13405 163 13584 12 13637 18 13663 161 13841 12 13892 19 13920 160 14099 15 14148 19 14177 159 14357 14 14403 20 14433 153 14587 5 14618 9 14660 19 14691 5 14698 144 14845 3 14875 7 14916 19 14949 4 14954 144 15101 3 15132 5 15172 19 15205 150 15357 3 15428 19 15461 149 15613 3 15684 20 15717 149 15867 5 15940 20 15963 1 15973 149 16123 5 16197 24 16229 155 16453 24 16485 155 16709 24 16740 156 16965 17 16983 6 16995 157 17220 16 17241 3 17249 159 17475 16 17505 160 17729 17 17757 168 17984 17 18013 171 18240 18 18267 174 18496 19 18522 176 18751 20 18777 177 19007 20 19031 180 19263 20 19285 182 19519 204 19764 216 20019 220 20275 96 20373 123 20530 96 20629 124 20785 98 20885 124 21041 225 21296 226 21552 227 21808 227 22064 227 22321 226 22578 225 22835 224 23091 224 23328 4 23348 224 23584 5 23604 225 23839 9 23857 229 24095 13 24112 231 24351 248 24606 49 24659 250 24919 246 25174 231 25407 14 25429 232 25663 14 25685 232 25921 12 25939 234 26177 12 26194 1351 27546 255 27802 256 28061 253 28317 255 28573 2131 30708 252 30967 249 31225 246 31481 246 31737 5 31744 239 31993 4 32000 241 32247 6 32256 241 32503 6 32512 243 32758 7 32768 244 33015 6 33024 245 33272 5 33280 245 33529 252 33787 250 34043 1252 35299 252 35555 250 35811 250 36067 17156 53237 240 53495 237 53756 232 54012 232 54269 231 54525 232 54783 230 55039 231 55296 230 55552 231 55808 231 56064 231 56320 231 56576 230 56832 229 57088 227 57344 226 57600 224 57856 224 58112 224 58368 225 58624 225 58880 225 59136 226 59392 59 59452 166 59648 57 59710 165 59904 56 59966 165 60160 57 60221 166 60416 57 60476 167 60672 227 60928 226 61184 225 61440 225 61696 225 61952 225 62208 33 62243 190 62464 32 62501 188 62720 31 62759 187 62976 31 63015 188 63232 31 63273 186 63488 30 63529 186 63744 30 63786 185 64000 13 64014 15 64043 184 64256 29 64299 184 64512 29 64555 184 64768 29 64811 183 65024 29 65067 183 65280 29 65323 182
602248,0 6938 6939 254 7196 252 7452 252 7708 252 7965 251 8221 252 8476 255 8732 56804
607765,0 65536
609763,29 26 120 4 155 52 288 23 377 3 411 51 545 22 633 3 667 51 802 21 889 4 923 50 1058 21 1145 4 1180 49 1313 21 1399 6 1443 42 1534 2 1569 21 1655 6 1699 41 1787 5 1825 20 1907 12 1920 7 1955 39 2039 9 2080 20 2163 21 2212 27 2245 4 2294 10 2335 20 2419 23 2456 2 2468 25 2503 1 2514 4 2524 3 2548 12 2591 18 2675 24 2711 4 2724 1 2736 13 2761 14 2780 5 2803 13 2847 14 2931 27 2965 6 2995 8 3015 18 3035 7 3059 13 3103 14 3187 28 3219 8 3251 6 3271 28 3315 13 3361 9 3445 38 3526 29 3571 13 3617 8 3701 38 3781 31 3827 13 3873 4 3961 34 4036 33 4083 13 4130 1 4217 34 4292 34 4339 13 4474 33 4549 34 4593 15 4731 32 4805 36 4849 15 4928 2 4988 31 5061 38 5103 17 5183 4 5246 13 5260 15 5318 38 5358 18 5439 4 5505 8 5517 14 5575 57 5695 4 5761 8 5773 14 5831 57 5949 5 6017 26 6086 3 6091 53 6205 5 6272 27 6313 1 6339 5 6349 51 6460 6 6525 30 6569 6 6606 50 6716 5 6777 16 6795 17 6825 8 6863 49 6941 2 6971 6 7031 18 7053 15 7081 10 7120 48 7197 2 7227 6 7287 18 7314 10 7338 11 7377 47 7451 5 7483 4 7506 4 7544 17 7571 10 7595 16 7637 43 7705 7 7739 4 7762 5 7800 18 7827 10 7851 16 7893 43 7959 10 8017 8 8055 20 8083 9 8109 14 8149 43 8214 11 8273 8 8311 20 8339 8 8365 14 8405 43 8469 12 8530 7 8568 17 8596 7 8622 13 8661 43 8725 12 8786 7 8825 16 8853 6 8878 12 8917 43 8980 13 9043 5 9081 14 9134 11 9173 43 9235 15 9298 6 9337 14 9390 11 9429 43 9491 25 9553 4 9566 1 9573 5 9591 5 9599 6 9645 11 9685 43 9745 27 9810 3 9820 3 9829 6 9845 6 9855 5 9901 10 9942 42 10000 29 10071 20 10097 8 10111 3 10161 3 10165 4 10199 41 10255 31 10326 21 10352 9 10367 3 10422 3 10433 1 10456 40 10511 31 10581 22 10607 10 10622 5 10677 14 10713 39 10767 31 10837 22 10862 11 10877 7 10931 17 10970 38 11023 31 11091 24 11117 12 11131 10 11185 20 11227 37 11279 31 11347 23 11373 24 11441 20 11483 37 11535 30 11583 4 11602 23 11629 25 11697 21 11740 36 11791 30 11839 4 11858 23 11885 25 11952 22 11996 36 12049 26 12096 1 12113 53 12208 23 12253 35 12307 24 12369 53 12464 23 12509 35 12563 24 12626 52 12721 21 12763 37 12819 23 12882 53 12977 21 13019 37 13073 24 13139 53 13233 21 13275 37 13329 24 13396 53 13489 21 13530 38 13583 26 13653 52 13744 22 13785 39 13839 25 13909 52 14000 22 14041 39 14093 25 14169 48 14255 24 14296 40 14349 24 14427 46 14511 27 14552 40 14605 23 14685 44 14767 33 14807 41 14861 23 14942 43 15021 36 15063 41 15117 22 15198 43 15275 38 15319 3 15326 34 15373 21 15455 42 15531 38 15574 3 15583 33 15630 17 15712 11 15725 29 15786 39 15829 4 15841 31 15887 14 15968 10 15981 30 16042 47 16098 30 16143 10 16227 6 16237 30 16283 2 16297 48 16356 28 16402 6 16483 5 16492 31 16538 3 16553 48 16613 27 16747 8 16758 21 16791 6 16807 50 16869 27 17003 8 17014 21 17046 7 17063 50 17119 2 17125 27 17259 8 17269 22 17299 10 17317 52 17373 7 17382 26 17515 8 17525 22 17555 10 17573 52 17629 35 17773 30 17809 12 17827 54 17884 21 17907 13 18032 27 18065 12 18083 9 18093 44 18140 21 18163 13 18290 25 18321 12 18338 10 18349 42 18396 21 18419 13 18547 25 18578 7 18593 11 18605 42 18652 19 18675 13 18746 7 18803 24 18834 6 18848 9 18861 40 18909 18 18931 13 19001 10 19059 24 19091 4 19104 9 19116 41 19165 20 19187 13 19232 11 19256 12 19315 23 19355 12 19372 39 19421 21 19443 13 19487 12 19512 13 19570 24 19611 57 19677 35 19741 16 19768 13 19825 14 19845 4 19866 59 19933 18 19953 15 19997 16 20024 13 20080 13 20101 4 20122 59 20189 17 20209 15 20251 18 20279 14 20331 17 20358 1 20375 64 20442 19 20465 15 20506 18 20535 15 20555 2 20586 18 20614 1 20631 85 20721 15 20756 23 20791 24 20829 2 20840 20 20887 84 20977 15 21011 24 21047 24 21085 3 21095 22 21143 85 21233 15 21261 30 21302 27 21340 5 21351 22 21399 85 21489 15 21517 30 21558 27 21597 4 21605 24 21655 85 21745 15 21772 30 21814 29 21860 26 21911 84 22001 15 22027 30 22070 29 22115 28 22144 3 22168 74 22243 8 22257 15 22282 31 22327 28 22370 34 22425 82 22516 12 22537 32 22583 28 22625 36 22681 82 22777 7 22792 33 22840 27 22881 36 22937 82 23039 1 23047 34 23097 26 23137 36 23191 84 23303 34 23355 24 23392 37 23445 87 23559 35 23610 25 23647 38 23701 88 23814 36 23864 27 23903 38 23956 90 24070 37 24119 28 24159 38 24211 91 24325 37 24373 30 24417 37 24456 3 24467 92 24580 38 24623 36 24676 40 24722 93 24835 39 24877 38 24935 38 24977 95 25092 79 25192 38 25233 96 25348 79 25450 137 25604 79 25706 138 25861 17 25889 48 25963 138 26111 1 26117 16 26149 44 26219 138 26367 1 26375 15 26407 40 26475 92 26575 38 26621 3 26633 13 26663 40 26731 92 26834 35 26876 4 26891 12 26918 39 26986 71 27061 16 27092 33 27131 5 27149 10 27173 39 27241 72 27318 15 27339 3 27349 34 27386 6 27405 11 27428 37 27496 9 27506 63 27576 8 27593 6 27606 42 27662 10 27684 37 27753 8 27762 64 27833 7 27849 6 27863 41 27918 13 27940 37 28013 71 28092 4 28104 8 28119 41 28174 14 28196 28 28226 7 28270 71 28350 2 28360 8 28376 40 28429 16 28453 24 28485 4 28527 70 28607 1 28616 9 28633 39 28685 16 28709 22 28783 70 28872 9 28889 39 28941 16 28967 12 28983 2 29039 70 29128 8 29145 39 29197 16 29223 10 29295 70 29384 8 29402 38 29454 18 29479 9 29551 69 29640 7 29659 37 29710 19 29735 8 29779 1 29807 68 29896 7 29915 37 29966 20 29989 10 30033 6 30065 66 30151 7 30171 37 30222 20 30245 9 30287 9 30321 66 30407 7 30428 36 30479 19 30501 8 30537 15 30578 64 30663 7 30683 37 30735 19 30757 8 30793 15 30835 62 30919 8 30938 38 30991 30 31038 5 31047 17 31071 4 31092 56 31174 9 31194 38 31247 29 31293 8 31303 18 31327 4 31345 59 31430 9 31451 37 31493 8 31502 28 31548 9 31559 18 31584 2 31597 8 31607 53 31686 7 31707 37 31748 38 31804 29 31840 3 31853 8 31863 53 31942 8 31963 37 32002 39 32061 30 32093 7 32105 2 32108 70 32189 4 32197 18 32218 38 32257 40 32317 30 32349 86 32443 7 32453 18 32472 40 32513 40 32573 119 32699 109 32829 119 32955 109 33085 120 33211 109 33341 234 33597 113 33712 120 33853 113 33968 120 34095 6 34109 113 34226 119 34349 10 34365 113 34483 252 34738 3927 38669 251 38926 249 39183 246 39438 246 39694 245 39950 242 40207 241 40463 241 40721 227 40949 11 40978 238 41241 56 41308 164 41497 56 41564 164 41754 55 41819 165 42010 55 42075 165 42267 54 42330 55 42389 107 42524 53 42585 56 42645 107 42782 52 42841 56 42901 107 43039 51 43097 56 43157 107 43296 51 43353 4 43359 51 43413 107 43553 50 43609 4 43615 9 43626 41 43669 107 43810 51 43867 2 43872 7 43882 150 44067 51 44123 1 44129 5 44139 149 44325 50 44379 1 44387 157 44583 49 44635 1 44643 157 44841 48 44891 1 44898 158 45099 46 45152 160 45359 42 45404 164 45615 209 45871 62 45938 142 46127 62 46195 141 46383 60 46452 140 46639 39 46681 18 46710 138 46895 39 46937 18 46968 136 47151 38 47192 26 47223 137 47407 37 47447 28 47479 128 47608 8 47663 36 47703 28 47735 128 47864 8 47919 36 47957 31 47992 136 48175 31 48207 3 48213 31 48249 135 48431 28 48467 35 48505 135 48688 26 48722 36 48760 136 48946 22 48979 62 49042 110 49203 20 49235 62 49299 109 49465 12 49492 59 49556 108 49721 11 49748 59 49813 107 49977 6 50004 59 50068 89 50158 18 50233 4 50260 59 50324 88 50415 17 50515 60 50580 89 50671 17 50770 61 50836 89 50927 17 51014 3 51021 66 51092 108 51270 3 51277 67 51348 108 51526 5 51532 69 51603 94 51701 11 51783 74 51858 94 51958 10 52019 4 52044 162 52215 9 52275 5 52300 6 52308 153 52471 9 52562 9 52572 145 52726 10 52818 9 52831 142 52977 15 53074 9 53087 142 53230 18 53330 9 53344 160 53586 10 53603 137 53741 19 53843 9 53859 157 54099 8 54116 156 54285 9 54356 6 54373 155 54529 3 54541 12 54629 155 54785 4 54797 13 54885 155 55041 5 55052 15 55088 5 55141 162 55308 15 55344 5 55399 160 55563 18 55599 6 55657 158 55819 18 55855 5 55914 66 55982 89 56076 19 56111 5 56123 1 56172 64 56238 89 56332 20 56367 4 56378 3 56429 9 56439 53 56494 89 56587 22 56621 7 56633 6 56689 2 56698 141 56843 24 56877 8 56888 9 56955 140 57098 27 57131 11 57143 11 57213 138 57353 28 57386 26 57469 138 57609 28 57641 29 57725 168 57896 31 57982 167 58151 32 58239 166 58407 32 58495 164 58663 32 58751 164 58919 32 59006 165 59175 32 59261 202 59517 201 59773 86 59862 112 60029 86 60119 111 60285 86 60375 110 60541 86 60631 110 60797 87 60887 111 61053 88 61143 112 61309 204 61565 88 61655 116 61822 86 61912 115 62079 84 62169 114 62340 79 62425 114 62597 77 62681 114 62853 76 62938 113 63109 76 63194 113 63366 28 63403 25 63432 9 63450 114 63621 30 63659 25 63689 8 63707 114 63877 30 63915 25 63946 7 63966 111 64133 31 64171 24 64203 5 64223 110 64389 32 64427 26 64459 4 64479 33 64513 76 64598 5 64605 7 64645 32 64683 26 64726 3 64735 33 64774 71 64849 20 64900 33 64939 28 64979 8 64991 33 65031 70 65104 21 65155 35 65195 28 65235 9 65247 33 65289 69 65359 23 65407 71 65491 45
614290,14845 3 15100 4 15353 7 15607 9 15858 14 16111 17 16364 20 16619 21 16873 23 17128 24 17379 29 17634 30 17880 3 17889 31 18135 5 18144 32 18390 42 18645 43 18893 51 19147 53 19398 58 19653 59 19903 65 20157 67 20407 73 20660 76 20913 79 21168 80 21419 85 21670 90 21919 97 22173 99 22425 103 22679 105 22932 108 23187 109 23437 115 23693 115 23947 117 24201 119 24450 126 24705 127 24957 131 25209 135 25463 137 25710 146 25963 149 26217 151 26469 155 26723 157 26975 161 27230 162 27483 165 27733 171 27986 174 28242 174 28495 177 28743 3 28749 179 28997 187 29253 187 29494 2 29509 187 29748 7 29765 187 29997 15 30023 185 30251 18 30272 1 30281 183 30505 21 30539 181 30760 23 30796 180 31013 26 31054 178 31268 27 31310 178 31515 4 31521 30 31567 96 31665 79 31771 36 31823 96 31922 78 32025 38 32077 99 32178 78 32279 41 32333 99 32434 78 32527 50 32588 100 32691 77 32781 52 32844 100 32947 77 33027 2 33030 63 33099 102 33203 254 33459 136 33597 253 33853 253 34109 253 34365 253 34621 254 34877 254 35133 254 35390 253 35647 252 35903 253 36159 254 36415 939 37358 251 37613 250 37869 249 38125 249 38381 186 38571 59 38636 186 38827 250 39083 248 39339 248 39595 246 39851 246 40107 93 40204 149 40362 93 40461 147 40618 92 40719 145 40872 93 40975 144 41126 94 41231 144 41379 97 41488 88 41578 53 41634 97 41746 86 41836 151 42003 84 42093 148 42260 83 42349 135 42486 11 42517 3 42521 78 42605 135 42744 8 42773 2 42778 5 42788 68 42861 134 43001 7 43029 3 43033 6 43044 69 43116 135 43257 7 43285 8 43300 84 43386 120 43513 7 43540 8 43556 84 43642 120 43769 7 43796 7 43812 84 43899 119 44025 7 44052 7 44068 84 44155 120 44281 7 44291 6 44319 213 44536 8 44545 9 44574 215 44792 19 44830 237 45085 240 45341 241 45596 244 45851 246 46107 246 46361 249 46617 249 46872 251 47127 252 47383 252 47638 3144 50784 253 51041 253 51296 254 51551 2561 54117 250 54373 249 54629 248 54885 248 55141 248 55397 247 55653 247 55909 248 56165 230 56397 17 56421 227 56653 19 56676 227 56909 249 57165 249 57421 249 57675 1 57683 244 57930 2 57939 246 58194 247 58450 247 58706 247 58962 247 59218 246 59475 244 59731 244 59987 244 60243 244 60499 244 60753 245 61008 246 61263 247 61518 248 61773 250 62029 250 62285 250 62541 250 62797 92 62890 157 63053 88 63147 155 63308 71 63386 6 63405 152 63564 71 63642 5 63661 152 63819 71 63899 4 63917 151 64075 71 64156 1 64173 152 64331 73 64411 6 64429 152 64587 74 64667 7 64685 153 64842 89 64940 155 65097 90 65195 241 65437 99
614416,0 65536
623676,0 5 218 4 239 23 496 23 752 23 1009 22 1265 24 1521 23 1777 23 2033 23 2289 22 2545 22 2801 20 3057 19 3313 15 3569 15 3825 15 4082 10 4338 9 4596 3 5098 1 5353 2 5609 4 5865 4 6121 5 6377 5 6635 2 7949 3 8205 5 8459 9 8714 11 8969 14 9224 15 9479 16 9735 16 9990 17 10217 2 10245 18 10471 6 10498 21 10725 10 10753 22 10981 10 11008 23 11236 13 11264 24 11491 14 11520 25 11747 16 11776 25 12003 16 12037 20 12259 16 12295 18 12515 16 12565 2 12771 16 13026 17 13281 16 13537 16 13791 16 14047 16 14303 14 14559 14 14815 14 15072 13 15329 12 15585 11 15842 10 16029 3 16099 8 16280 12 16357 5 16535 14 16615 2 16789 17 17043 19 17299 20 17555 20 17810 21 18066 21 18323 19 18579 19 18835 18 19092 15 19349 8 19428 4 19607 4 19681 8 19935 13 20191 14 20447 18 20703 19 20959 20 21216 19 21473 18 21729 18 21986 17 22242 16 22499 14 22755 14 23013 11 23271 8 24276 3 24531 6 24787 6 25043 6 25298 7 25521 10 25553 7 25777 13 25807 9 26031 18 26061 10 26286 19 26315 12 26542 19 26570 14 26799 18 26826 14 27055 19 27081 15 27313 18 27335 17 27570 37 27827 36 27868 1 28083 47 28339 48 28597 47 28853 48 29113 45 29371 44 29417 2 29629 49 29885 49 30143 46 30404 41 30662 19 30683 18 30919 16 30939 18 31150 2 31175 16 31195 18 31405 4 31431 17 31450 19 31660 7 31687 36 31915 8 31943 36 32171 7 32197 37 32427 6 32435 2 32449 40 32683 5 32691 2 32703 43 32940 3 32947 2 32959 44 33203 3 33214 47 33459 2 33470 49 33716 1 33726 55 33982 57 34238 61 34494 61 34749 63 35005 63 35261 63 35517 63 35774 63 36031 63 36287 65 36544 64 36799 65 37055 65 37310 66 37565 67 37821 67 38077 67 38332 68 38587 69 38842 70 39097 71 39352 72 39607 73 39863 73 40119 73 40375 73 40631 73 40887 73 41143 73 41399 4 41408 64 41656 3 41664 64 41921 63 42177 63 42433 63 42689 63 42945 63 43201 63 43457 63 43713 63 43925 4 43969 63 44181 5 44195 3 44225 63 44438 3 44449 6 44479 65 44649 4 44704 8 44729 71 44904 5 44960 8 44983 20 45008 48 45160 5 45216 8 45238 20 45266 46 45417 3 45472 9 45491 22 45529 5 45541 27 45728 9 45745 25 45785 5 45799 25 45984 9 46000 26 46037 8 46059 21 46240 9 46255 28 46292 9 46316 15 46335 1 46496 8 46511 28 46547 10 46573 13 46753 7 46767 29 46803 10 46829 12 47009 6 47022 32 47059 9 47085 10 47265 6 47278 32 47316 8 47342 9 47520 7 47533 34 47573 6 47778 4 47789 34 47831 4 47863 1 48045 32 48117 7 48301 29 48331 2 48373 8 48557 27 48629 8 48813 26 48884 10 49069 26 49141 10 49227 4 49325 26 49397 10 49482 6 49583 24 49653 10 49738 6 49839 24 49909 11 49993 7 50097 3 50104 15 50167 9 50249 7 50353 2 50361 11 50423 9 50505 7 50619 6 50681 7 50762 5 50875 4 50937 7 51019 4 51097 1 51132 1 51194 6 51275 3 51352 3 51451 5 51606 7 51709 3 51862 7 51966 2 52117 9 52369 14 52623 16 52878 17 53134 18 53390 18 53491 6 53647 18 53745 9 53905 16 53931 3 54001 9 54165 12 54187 7 54257 10 54421 12 54443 8 54513 10 54677 13 54698 13 54712 11 54770 8 54933 13 54954 27 55028 5 55189 51 55435 6 55445 52 55689 64 55761 2 55945 65 56016 4 56200 13 56217 2 56221 58 56282 4 56456 13 56477 67 56713 10 56734 67 56970 9 56990 69 57229 4 57247 72 57502 74 57757 78 58013 80 58268 83 58523 85 58778 87 58902 4 59031 90 59157 7 59285 92 59413 7 59531 5 59541 92 59669 8 59785 104 59924 9 60040 105 60180 9 60296 105 60435 10 60552 105 60691 10 60809 104 60947 10 61066 103 61202 11 61325 100 61458 11 61581 100 61713 13 61837 98 61969 14 62093 98 62226 14 62351 98 62483 14 62609 97 62740 15 62867 96 62996 16 63123 97 63253 17 63380 97 63509 18 63637 96 63765 18 63893 97 64021 18 64149 97 64278 17 64406 95 64535 16 64663 94 64793 14 64920 92 65049 14 65177 91 65309 10 65339 6 65435 88
632056,0 142 152 25 185 19 256 142 409 22 445 14 512 142 665 22 702 13 768 143 922 19 957 14 1024 143 1178 19 1212 14 1280 143 1434 16 1467 14 1536 143 1690 15 1723 14 1792 143 1946 15 1980 11 2048 143 2202 15 2236 10 2304 143 2458 15 2495 3 2560 143 2714 15 2816 144 2970 14 3072 145 3226 14 3293 3 3328 145 3483 12 3546 10 3584 145 3739 12 3801 12 3840 145 3995 11 4053 18 4096 145 4251 11 4305 22 4352 145 4507 11 4554 35 4608 145 4762 12 4809 38 4864 145 5017 13 5063 42 5120 146 5273 13 5319 44 5376 148 5527 14 5575 45 5632 165 5831 46 5888 165 6087 47 6144 165 6343 47 6400 164 6599 47 6656 163 6855 47 6912 163 7111 47 7168 163 7366 47 7424 163 7621 48 7680 163 7877 47 7936 163 8132 48 8192 163 8388 47 8448 163 8643 48 8704 131 8837 29 8899 48 8960 128 9093 28 9156 47 9216 128 9349 29 9413 46 9472 128 9606 28 9671 1 9679 36 9728 128 9861 30 9935 36 9984 129 10116 30 10191 35 10240 162 10447 34 10496 162 10703 34 10752 162 10959 33 11008 161 11214 33 11264 162 11469 34 11520 162 11721 37 11776 162 11975 39 12032 162 12229 40 12288 162 12484 41 12544 132 12679 26 12739 41 12800 131 12937 24 12995 40 13056 129 13194 23 13250 35 13312 129 13450 23 13506 33 13568 129 13706 23 13760 33 13824 129 13962 22 14015 33 14080 128 14218 22 14269 34 14336 127 14474 22 14524 33 14592 121 14714 4 14731 9 14745 7 14780 31 14848 120 14987 8 15003 5 15036 29 15104 119 15245 4 15279 12 15293 23 15360 119 15534 14 15549 20 15616 119 15789 34 15872 119 16044 34 16128 119 16298 17 16318 13 16384 119 16553 18 16575 11 16640 119 16808 18 16833 4 16896 119 17063 18 17152 120 17317 15 17408 120 17573 14 17664 121 17828 15 17920 122 18083 15 18176 123 18331 21 18432 125 18587 19 18688 125 18842 11 18944 126 19098 10 19200 127 19354 8 19456 128 19611 3 19712 130 19968 130 20224 130 20480 129 20736 130 20992 131 21248 131 21504 132 21760 132 22016 133 22272 130 22528 129 22784 125 23040 125 23296 123 23552 122 23808 117 24064 114 24320 108 24576 107 24832 105 25088 94 25183 8 25344 93 25600 92 25856 91 26112 90 26368 82 26624 81 26880 79 27136 78 27392 75 27648 73 27904 68 28160 65 28416 61 28672 59 28928 53 29184 52 29440 45 29696 43 29952 39 30208 37 30464 35 30720 33 30976 31 31232 29 31488 27 31744 25 32000 20 32256 19 32512 16 32768 14 33024 12 33280 11 33536 5 33792 4
636405,0 65536
636648,0 128 256 128 512 128 768 127 1024 127 1280 127 1536 128 1792 128 2048 128 2304 128 2560 129 2816 129 3072 129 3328 129 3584 129 3840 129 4096 129 4352 129 4608 130 4864 130 5120 130 5376 131 5632 131 5888 131 6144 131 6400 131 6656 132 6912 132 7168 132 7424 132 7680 132 7936 133 8192 133 8448 133 8704 133 8960 133 9216 133 9472 134 9728 134 9984 134 10240 134 10496 135 10752 135 11008 135 11264 135 11520 135 11776 136 12032 136 12288 136 12544 137 12800 137 13056 137 13312 137 13568 137 13824 137 14080 137 14336 138 14592 138 14848 138 15104 139 15360 139 15616 139 15872 139 16128 139 16384 139 16640 140 16896 141 17152 141 17408 141 17664 142 17920 142 18176 142 18432 142 18688 142 18944 143 19200 143 19456 143 19712 143 19968 143 20224 143 20480 143 20736 144 20992 144 21248 144 21504 145 21760 145 22016 145 22272 145 22528 145 22784 145 23040 145 23296 145 23552 146 23808 147 24064 147 24320 147 24576 147 24832 147 25088 147 25344 147 25600 147 25856 147 26112 147 26368 148 26624 148 26880 148 27136 149 27392 149 27648 149 27904 150 28160 150 28416 150 28672 150 28928 151 29184 151 29440 151 29696 151 29952 151 30208 151 30464 152 30720 152 30976 152 31232 153 31488 153 31744 153 32000 153 32256 153 32512 153 32768 153 33024 154 33280 154 33536 155 33792 155 34048 155 34304 155 34560 155 34816 156 35072 156 35328 156 35584 156 35840 156 36096 157 36352 157 36608 157 36864 157 37120 157 37376 157 37632 158 37888 158 38144 158 38400 158 38656 159 38912 159 39168 159 39424 159 39680 160 39936 161 40192 161 40448 161 40704 161 40960 161 41216 161 41472 161 41728 162 41984 162 42240 163 42496 163 42752 163 43008 163 43264 163 43520 163 43776 163 44032 163 44288 163 44544 164 44800 164 45056 164 45312 165 45568 165 45824 165 46080 165 46336 165 46592 166 46848 166 47104 166 47360 167 47616 167 47872 167 48128 167 48384 167 48640 167 48896 167 49152 167 49408 168 49664 168 49920 168 50176 168 50432 169 50688 169 50944 169 51200 169 51456 169 51712 169 51968 169 52224 169 52480 169 52736 169 52992 169 53248 170 53504 171 53760 171 54016 171 54272 171 54528 171 54784 171 55040 171 55296 172 55552 173 55808 173 56064 173 56320 173 56576 173 56832 173 57088 173 57344 173 57600 174 57856 174 58112 174 58368 174 58624 174 58880 174 59136 174 59392 175 59648 175 59904 176 60160 177 60416 177 60672 177 60928 177 61184 177 61440 177 61696 178 61952 179 62208 179 62464 179 62720 179 62976 179 63232 179 63488 179 63744 179 64000 179 64256 180 64512 181 64768 181 65024 181 65280 181
650818,39 217 296 216 553 215 809 215 1065 215 1322 214 1578 214 1834 214 2091 213 2347 213 2603 213 2860 212 3117 211 3373 211 3629 211 3885 211 4142 210 4397 211 4653 211 4909 211 5165 211 5421 211 5678 210 5935 209 6191 209 6447 209 6704 208 6960 208 7216 208 7472 208 7728 208 7984 208 8240 208 8496 208 8752 208 9009 207 9265 207 9521 207 9777 207 10034 206 10290 206 10546 206 10802 206 11058 206 11314 206 11570 206 11826 206 12083 205 12339 205 12595 205 12851 205 13108 204 13364 204 13620 204 13877 203 14133 203 14388 204 14645 203 14901 203 15157 203 15414 202 15671 201 15927 201 16183 201 16440 200 16697 199 16953 199 17209 199 17465 199 17721 199 17977 199 18233 199 18489 199 18746 198 19003 197 19259 197 19515 197 19772 196 20028 196 20285 195 20541 195 20797 195 21053 195 21307 197 21564 196 21820 196 22076 196 22333 195 22589 195 22846 194 23102 194 23359 193 23615 193 23871 193 24127 193 24383 193 24638 194 24894 194 25150 194 25406 194 25663 193 25919 193 26175 193 26432 192 26688 192 26944 192 27200 192 27455 193 27711 193 27967 193 28223 193 28479 193 28735 193 28992 192 29248 192 29505 191 29761 191 30018 190 30274 190 30530 190 30786 190 31042 190 31298 190 31554 190 31810 190 32067 189 32323 189 32579 189 32835 189 33093 187 33349 187 33605 187 33861 187 34117 187 34373 187 34629 187 34885 187 35141 187 35397 187 35653 187 35909 187 36167 185 36423 185 36680 184 36936 184 37193 183 37449 183 37704 184 37960 184 38216 184 38472 184 38728 184 38984 184 39241 183 39497 183 39753 183 40009 183 40265 183 40522 182 40778 182 41034 182 41289 183 41546 182 41802 182 42058 182 42315 181 42571 181 42827 181 43083 181 43340 180 43596 180 43852 180 44108 180 44364 180 44620 180 44876 180 45132 180 45389 179 45645 179 45901 179 46157 179 46413 179 46670 178 46926 178 47182 178 47439 177 47695 177 47950 178 48206 178 48462 178 48718 178 48975 177 49231 177 49487 177 49743 177 50000 176 50256 176 50513 175 50769 175 51025 175 51281 175 51537 175 51793 175 52049 175 52305 175 52561 175 52817 175 53074 174 53331 173 53587 173 53843 173 54099 173 54355 173 54612 172 54868 172 55125 171 55381 171 55637 171 55893 171 56149 171 56405 171 56662 170 56918 170 57174 170 57431 169 57687 169 57943 169 58199 169 58455 169 58711 169 58967 169 59223 169 59480 168 59736 168 59993 167 60249 167 60505 167 60761 167 61017 167 61273 167 61530 166 61786 166 62042 166 62299 165 62555 165 62811 165 63067 165 63324 164 63580 164 63836 164 64093 163 64348 164 64604 164 64860 164 65116 164 65372 164
652005,0 65536
655919,0 225 256 225 512 225 768 223 1024 223 1280 223 1536 223 1792 99 1895 119 2048 98 2152 118 2304 98 2409 118 2560 98 2666 117 2816 99 2923 116 3072 101 3179 116 3328 102 3435 116 3584 103 3691 116 3840 104 3948 114 4096 105 4204 114 4352 105 4460 114 4608 105 4716 113 4864 105 4973 113 5120 106 5229 114 5376 107 5485 115 5632 107 5741 116 5888 107 5997 116 6144 108 6253 116 6400 225 6656 109 6767 113 6912 109 7025 110 7168 109 7281 110 7424 109 7538 109 7680 109 7794 109 7936 108 8049 110 8192 108 8305 110 8448 109 8560 113 8689 5 8704 110 8815 116 8945 6 8960 50 9011 59 9071 117 9201 7 9216 49 9268 177 9457 8 9472 49 9527 85 9615 90 9715 6 9728 50 9782 85 9873 88 9971 6 9984 139 10131 88 10228 4 10240 139 10387 89 10485 1 10496 139 10645 88 10752 139 10901 89 11008 107 11116 32 11158 89 11264 107 11373 31 11414 90 11520 107 11631 29 11671 90 11776 107 11888 28 11930 87 12032 65 12101 38 12145 27 12187 87 12288 64 12357 38 12401 27 12443 87 12544 64 12614 37 12658 25 12695 1 12703 83 12800 64 12871 36 12915 24 12950 3 12961 82 13056 64 13127 36 13171 24 13205 6 13219 80 13312 64 13383 36 13428 23 13461 7 13475 80 13568 63 13639 36 13685 3 13695 15 13715 10 13733 80 13822 66 13894 37 13951 18 13970 11 13989 80 14078 112 14207 33 14246 81 14333 114 14463 34 14502 81 14589 116 14719 37 14757 82 14846 116 14975 120 15103 116 15231 47 15285 67 15360 115 15487 47 15541 68 15616 115 15742 47 15797 68 15872 115 15998 47 16053 68 16128 115 16253 50 16307 72 16384 115 16509 52 16563 72 16640 115 16764 61 16827 65 16896 115 17020 61 17084 64 17152 114 17275 61 17341 63 17408 114 17532 60 17596 64 17664 115 17788 59 17851 66 17920 115 18044 58 18107 66 18176 115 18294 2 18300 59 18362 68 18432 121 18556 61 18618 68 18688 117 18813 130 18944 117 19069 130 19200 117 19325 130 19456 117 19581 130 19712 117 19837 248 20092 250 20345 253 20599 1021 21621 254 21877 139 22017 96 22116 13 22133 139 22273 95 22373 12 22389 139 22529 94 22629 11 22645 139 22785 94 22887 7 22901 139 23041 94 23144 2 23157 139 23299 92 23413 139 23555 92 23669 139 23813 91 23924 140 24069 91 24180 80 24262 58 24325 92 24436 79 24519 57 24581 92 24692 79 24776 56 24838 91 24949 77 25032 56 25094 92 25205 78 25287 57 25351 92 25461 139 25607 91 25717 139 25863 90 25975 137 26119 90 26233 135 26375 88 26491 133 26631 86 26749 131 26887 85 27007 129 27143 86 27263 129 27399 86 27518 130 27655 86 27773 131 27913 84 28029 21 28057 99 28169 84 28284 21 28315 90 28426 83 28540 22 28574 81 28682 84 28796 22 28832 77 28939 84 29052 23 29091 72 29194 84 29308 23 29347 71 29449 85 29564 23 29605 31 29637 22 29705 85 29819 24 29861 30 29895 19 29962 84 30075 25 30115 30 30153 1 30157 11 30218 84 30331 25 30371 30 30415 8 30475 82 30587 26 30627 28 30731 82 30843 26 30883 28 30987 82 31099 27 31139 27 31243 81 31356 26 31396 25 31499 78 31613 25 31653 10 31666 10 31756 76 31869 25 31909 8 31924 6 32012 76 32099 9 32125 25 32268 75 32355 10 32382 24 32524 75 32611 12 32639 22 32781 73 32868 12 32897 20 33037 73 33125 12 33156 12 33293 72 33381 12 33412 11 33550 71 33637 13 33669 7 33806 70 33893 14 33925 6 34062 69 34151 12 34183 2 34318 68 34407 12 34573 68 34664 11 34829 68 34921 10 35085 52 35143 9 35178 9 35341 51 35399 10 35435 7 35603 45 35655 11 35859 44 35911 12 36114 44 36165 16 36369 44 36421 16 36625 44 36677 16 36880 45 36933 16 37135 44 37189 14 37391 44 37445 4 37455 2 37648 42 37904 42 38161 40 38417 32 38452 3 38674 30 38930 29 39187 20 39443 19 39700 17 39956 17 40213 13 40471 7
659565,0 65536
661320,0 65536
664566,0 47 67 236 323 236 579 235 835 235 1091 234 1346 235 1602 236 1858 236 2114 237 2370 237 2626 237 2882 237 3138 237 3394 237 3650 236 3907 235 4163 235 4420 234 4676 234 4933 234 5189 234 5427 3 5445 235 5682 5 5701 242 5955 244 6211 244 6466 245 6721 245 6977 245 7233 244 7489 244 7744 752 8497 253 8754 250 9009 144 9154 105 9263 146 9410 104 9519 144 9666 104 9774 145 9922 103 10029 146 10178 103 10285 146 10435 103 10540 148 10692 103 10796 148 10949 252 11205 255 11461 2243 13706 8 13717 252 13973 252 14227 254 14483 1372 15857 252 16114 250 16384 235 16640 234 16896 233 17152 232 17408 232 17664 231 17920 231 18176 231 18432 232 18688 232 18944 232 19196 237 19451 238 19707 240 19964 239 20221 238 20477 238 20735 236 20991 236 21245 238 21499 240 21755 239 22010 240 22266 239 22523 238 22780 236 23037 235 23293 235 23550 233 23807 232 24063 232 24320 232 24576 232 24832 233 25088 241 25344 243 25600 244 25856 245 26112 245 26368 245 26624 245 26879 245 27134 246 27389 247 27645 247 27901 248 28157 248 28413 248 28670 246 28927 245 29184 243 29440 242 29696 241 29951 241 30204 243 30459 244 30715 243 30971 243 31225 245 31480 247 31731 33805
666091,11 245 271 241 527 241 784 240 1040 240 1296 240 1552 240 1809 239 2065 239 2321 239 2578 238 2834 238 3090 238 3346 238 3602 162 3765 75 3858 161 4025 71 4114 161 4282 70 4370 162 4543 65 4626 163 4803 61 4883 162 5062 58 5139 162 5319 57 5397 160 5575 57 5653 160 5832 56 5909 162 6090 54 6165 162 6347 53 6421 163 6605 51 6677 164 6861 51 6933 164 7119 49 7189 164 7375 49 7445 164 7632 48 7701 164 7888 48 7958 163 8145 47 8215 162 8401 26 8429 19 8472 161 8657 3 8661 20 8687 17 8728 161 8911 2 8917 20 8945 15 8984 162 9165 4 9174 17 9204 1 9240 162 9421 4 9430 16 9496 162 9675 6 9686 10 9699 3 9753 162 9931 6 9942 9 9955 3 10009 161 10187 7 10199 4 10212 1 10265 161 10442 8 10455 2 10521 161 10697 10 10778 160 10953 11 11035 160 11208 12 11291 160 11464 11 11547 160 11721 6 11803 161 11977 4 12059 162 12316 162 12573 161 12829 161 13085 161 13341 161 13598 159 13854 158 14110 157 14367 156 14623 156 14879 156 15135 156 15391 156 15647 157 15903 158 16159 159 16415 160 16671 162 16928 161 17184 161 17441 160 17697 161 17953 161 18209 161 18465 161 18721 161 18977 161 19234 159 19490 159 19658 3 19746 159 19913 6 20002 160 20168 8 20258 174 20455 4 20514 174 20709 8 20770 174 20963 12 21027 173 21219 12 21283 172 21473 15 21539 173 21729 15 21797 171 21980 20 22053 172 22232 25 22271 1 22309 173 22485 28 22526 2 22565 204 22781 3 22821 206 23037 3 23077 206 23292 4 23334 207 23547 5 23589 219 23845 219 24101 219 24358 218 24615 217 24871 217 25127 217 25383 217 25639 217 25896 216 26153 215 26409 215 26666 214 26923 213 27179 213 27436 212 27692 212 27949 211 28205 211 28461 211 28717 211 28974 210 29229 211 29485 211 29741 211 29997 211 30253 211 30509 211 30765 211 31022 210 31278 210 31534 210 31791 209 32047 209 32304 208 32561 207 32817 207 33073 207 33329 207 33585 207 33841 207 34097 207 34353 207 34609 207 34865 207 35121 207 35377 207 35634 206 35890 206 36146 206 36402 206 36659 205 36914 206 37170 206 37427 205 37683 205 37939 205 38195 205 38452 204 38709 203 38965 203 39221 203 39477 203 39733 203 39989 203 40245 203 40501 203 40758 202 41015 201 41271 201 41527 201 41783 201 42040 200 42296 200 42552 200 42809 199 43065 199 43321 199 43578 198 43835 197 44091 197 44347 197 44603 197 44859 197 45115 197 45371 197 45628 196 45884 196 46140 196 46396 196 46653 195 46909 195 47165 195 47421 195 47677 195 47933 195 48189 195 48445 195 48701 195 48958 194 49214 194 49471 193 49727 193 49984 192 50241 191 50497 191 50753 191 51009 191 51266 190 51522 190 51779 189 52035 189 52291 189 52547 189 52804 188 53060 188 53316 188 53571 189 53827 189 54084 188 54341 187 54597 187 54853 187 55110 186 55367 185 55623 185 55879 185 56135 185 56391 185 56648 184 56905 183 57161 183 57417 183 57673 101 57777 79 57929 100 58033 79 58185 99 58290 78 58442 98 58546 78 58698 97 58802 78 58954 96 59057 79 59210 95 59313 79 59467 93 59569 79 59723 92 59824 80 59980 75 60058 12 60080 80 60236 76 60315 10 60335 81 60491 77 60573 8 60590 82 60748 77 60832 3 60843 85 61004 77 61099 85 61260 78 61354 86 61516 79 61610 86 61772 79 61865 87 62028 79 62121 87 62284 79 62377 87 62541 77 62633 87 62797 77 62889 87 63054 76 63146 86 63311 74 63402 86 63567 74 63659 85 63825 70 63915 85 64081 70 64171 85 64337 68 64429 83 64592 68 64685 83 64848 67 64942 82 65103 68 65198 82 65359 66 65455 81
672675,0 197 256 135 394 59 512 134 651 58 768 135 909 56 1024 136 1165 56 1280 137 1423 54 1536 138 1679 54 1792 139 1936 54 2048 139 2192 55 2304 139 2448 55 2560 140 2705 54 2816 139 2961 54 3072 139 3218 53 3328 139 3475 53 3584 138 3732 11 3744 41 3840 136 4002 39 4082 2 4096 135 4258 40 4337 4 4352 134 4515 38 4593 4 4608 123 4736 6 4771 38 4849 4 4864 122 5028 35 5105 5 5120 122 5279 2 5285 34 5360 6 5376 121 5534 5 5543 31 5616 6 5632 121 5790 5 5799 31 5872 6 5888 120 6047 3 6057 29 6128 3 6144 120 6303 2 6313 29 6400 119 6570 28 6656 119 6826 28 6912 119 7083 26 7168 119 7339 24 7424 118 7565 2 7597 20 7680 118 7820 3 7854 19 7936 117 8078 1 8120 7 8192 103 8298 11 8448 103 8704 103 8960 102 9216 102 9472 69 9543 30 9728 70 9799 30 9984 100 10240 83 10324 15 10496 99 10752 98 11008 97 11264 97 11520 97 11775 98 12030 99 12285 99 12541 98 12797 98 13053 97 13309 98 13565 98 13815 2 13821 99 14070 3 14077 16 14100 81 14332 17 14357 81 14588 17 14614 80 14847 13 14871 79 15111 4 15135 71 15360 1 15368 1 15392 70 15616 1 15651 68 15872 1 15908 67 16128 1 16167 64 16384 1 16425 62 16685 56 16749 3 16895 1 16943 54 17004 4 17151 1 17199 52 17259 5 17406 2 17455 52 17515 4 17662 2 17712 51 17771 2 17918 2 17968 51 18027 2 18174 2 18222 53 18283 1 18429 3 18477 54 18685 3 18732 55 18941 3 18988 55 19197 3 19243 55 19453 3 19485 2 19501 53 19709 3 19739 9 19761 48 19964 4 19989 1 19995 10 20018 45 20070 5 20220 4 20276 42 20325 8 20427 2 20477 3 20533 33 20567 6 20581 8 20682 3 20734 2 20791 30 20836 9 20937 6 20990 2 21047 30 21083 4 21091 10 21192 7 21247 1 21305 26 21339 4 21346 9 21447 10 21503 2 21561 26 21593 4 21602 9 21704 9 21760 3 21819 24 21847 5 21859 8 21961 8 22016 3 22075 24 22103 4 22116 7 22217 8 22272 4 22332 22 22360 5 22372 9 22474 7 22528 5 22589 21 22617 6 22631 6 22731 5 22784 5 22845 20 22875 4 22883 11 23012 1 23040 5 23101 20 23131 4 23138 12 23257 14 23296 5 23358 19 23387 3 23391 14 23465 2 23510 18 23552 4 23614 18 23643 18 23721 2 23766 19 23808 3 23869 19 23901 14 23918 1 23923 1 23972 7 24021 21 24125 19 24157 12 24174 7 24227 8 24277 22 24301 6 24380 21 24413 26 24484 5 24531 33 24627 2 24635 26 24668 27 24740 1 24787 34 24881 38 24923 30 25038 3 25042 35 25135 40 25179 32 25213 7 25293 40 25390 41 25435 42 25549 30 25581 9 25637 2 25645 41 25691 42 25805 30 25838 7 25891 6 25899 43 25946 49 26064 28 26097 2 26147 51 26201 50 26314 1 26321 27 26367 1 26389 2 26401 53 26456 52 26577 28 26622 2 26645 3 26657 53 26711 53 26766 1 26833 29 26877 3 26901 3 26911 109 27021 2 27089 30 27133 3 27157 2 27167 109 27277 2 27345 31 27389 3 27422 110 27533 2 27599 36 27645 3 27677 110 27790 1 27855 37 27901 3 27933 110 28065 7 28111 40 28157 3 28189 110 28308 1 28320 8 28367 41 28413 3 28445 121 28571 13 28622 43 28671 1 28701 122 28824 16 28878 44 28927 1 28958 138 29133 45 29184 3 29215 138 29389 45 29440 5 29473 136 29644 47 29696 5 29732 4 29741 124 29900 47 29952 5 29998 124 30159 44 30208 5 30255 124 30416 43 30464 5 30510 126 30673 43 30720 5 30766 126 30931 41 30976 5 31021 46 31068 81 31188 40 31232 5 31277 129 31444 40 31488 6 31533 130 31701 39 31744 6 31789 130 31957 38 32000 7 32046 129 32213 37 32256 9 32303 127 32469 36 32512 11 32524 3 32559 127 32725 36 32768 16 32815 127 32982 35 33024 18 33071 127 33239 32 33280 19 33326 128 33497 30 33536 20 33581 129 33755 28 33792 20 33837 129 34011 28 34048 21 34089 133 34269 25 34304 22 34345 133 34525 24 34560 24 34601 132 34782 22 34816 25 34845 2 34856 133 34998 1 35039 20 35072 34 35111 133 35253 3 35296 16 35328 172 35552 15 35584 107 35692 63 35809 12 35840 107 35948 63 36066 10 36096 106 36204 62 36325 4 36352 91 36444 13 36460 61 36608 91 36700 74 36864 165 37120 156 37277 4 37376 155 37563 2 37632 83 37716 59 37816 7 37877 89 37967 4 37973 57 38071 10 38131 95 38229 58 38325 14 38348 2 38385 95 38485 58 38580 16 38602 6 38641 158 38834 21 38856 11 38895 159 39090 33 39151 55 39209 7 39217 25 39245 65 39345 36 39405 56 39465 31 39501 65 39600 38 39661 56 39721 30 39757 64 39853 44 39917 56 39977 30 40013 64 40107 48 40173 56 40231 102 40358 55 40428 57 40487 102 40613 56 40684 154 40869 57 40940 154 41124 59 41196 153 41379 60 41451 154 41635 60 41705 156 41871 4 41890 61 41961 156 42125 6 42145 63 42216 157 42377 18 42397 66 42473 156 42632 87 42729 157 42887 88 42985 157 43143 88 43243 155 43399 88 43500 243 43757 161 43920 79 44021 153 44177 78 44279 140 44421 10 44432 79 44537 138 44677 90 44793 136 44934 89 45051 134 45190 89 45308 133 45447 88 45567 224 45823 222 46080 219 46336 217 46591 216 46847 215 47103 214 47359 213 47615 213 47871 212 48125 214 48379 215 48617 2 48629 220 48872 4 48884 219 49127 6 49139 220 49383 6 49394 221 49639 232 49894 50 49945 4 49950 177 50149 45 50206 176 50405 45 50457 182 50661 45 50712 183 50916 235 51171 163 51337 70 51431 158 51594 70 51688 157 51850 71 51925 3 51945 156 52106 78 52201 157 52361 79 52457 242 52713 244 52970 246 53227 154 53386 87 53483 152 53643 3 53647 82 53739 152 53899 2 53903 82 53995 152 54155 88 54252 151 54412 87 54509 142 54653 6 54669 86 54766 141 54909 5 54925 86 55024 138 55165 2 55181 86 55284 134 55437 86 55541 132 55692 87 55799 130 55948 87 56057 128 56203 88 56314 127 56457 90 56571 125 56712 92 56829 123 56968 92 57086 121 57223 92 57343 118 57480 91 57600 117 57736 91 57856 117 57993 89 58112 117 58241 1 58249 88 58368 117 58496 3 58506 87 58624 117 58748 10 58761 85 58880 117 59003 97 59136 118 59257 71 59331 22 59392 191 59588 21 59648 190 59845 18 59904 189 60101 16 60160 181 60357 14 60416 181 60613 4 60672 181 60867 5 60928 181 61123 5 61184 181 61379 6 61440 180 61635 6 61696 179 61893 4 61952 179 62150 4 62208 178 62464 177 62720 177 62976 177 63232 177 63488 176 63744 175 64000 175 64256 175 64512 175 64768 177 65024 178 65280 179
675111,0 81 93 81 256 85 349 80 512 86 605 80 768 173 1024 173 1280 173 1536 173 1792 173 2048 173 2304 174 2560 174 2816 175 3072 175 3328 175 3584 175 3840 176 4096 176 4352 177 4608 177 4864 177 5120 177 5376 178 5632 178 5888 178 6144 179 6400 179 6656 179 6912 179 7168 179 7424 179 7680 179 7936 180 8192 180 8448 181 8704 181 8960 181 9216 181 9472 182 9728 182 9984 183 10240 183 10496 183 10752 183 11008 5 11014 178 11264 5 11273 175 11520 4 11537 168 11776 4 11793 8 11804 157 12032 4 12051 5 12060 157 12288 3 12307 4 12316 157 12544 3 12563 6 12570 159 12800 3 12818 167 13056 1 13073 168 13329 168 13585 169 13841 169 14097 169 14353 170 14609 170 14864 171 15119 172 15371 176 15620 183 15875 184 16131 185 16386 186 16642 186 16898 186 17154 187 17411 186 17668 185 17924 185 18180 185 18436 185 18692 185 18948 186 19203 187 19459 187 19714 189 19970 189 20224 191 20480 191 20736 191 20992 191 21248 191 21504 191 21760 192 22016 192 22272 193 22528 193 22784 193 23040 193 23296 194 23552 194 23808 194 24064 195 24320 195 24576 195 24832 195 25088 195 25344 196 25600 196 25856 196 26112 197 26368 197 26624 197 26880 197 27136 197 27392 197 27648 197 27904 197 28160 198 28416 197 28672 197 28928 197 29184 197 29440 196 29696 197 29952 198 30208 199 30464 199 30720 200 30976 201 31232 201 31488 201 31744 201 32000 201 32256 202 32512 202 32768 201 33024 201 33280 202 33536 147 33685 53 33792 146 33942 52 34048 147 34199 51 34304 147 34455 51 34560 148 34711 51 34816 150 34967 51 35072 202 35328 202 35584 82 35677 110 35840 40 35882 41 35935 108 36096 33 36143 42 36192 31 36226 73 36352 13 36366 15 36399 42 36450 29 36482 74 36608 13 36625 12 36655 43 36708 13 36730 73 36806 7 36864 13 36881 12 36911 44 36957 4 36965 10 36987 72 37063 6 37120 13 37138 11 37167 52 37222 7 37243 71 37319 5 37376 15 37395 10 37423 62 37499 81 37632 16 37651 21 37677 57 37735 6 37755 81 37888 18 37907 22 37933 64 38011 81 38144 106 38259 91 38400 105 38513 93 38656 107 38767 96 38912 207 39168 208 39424 208 39680 209 39936 209 40192 209 40448 209 40704 209 40960 209 41216 209 41472 209 41728 210 41984 210 42240 210 42496 210 42752 211 43008 211 43264 211 43520 211 43776 211 44032 211 44288 212 44544 212 44800 212 45056 212 45312 213 45568 213 45824 213 46080 213 46336 213 46592 213 46848 214 47104 214 47360 215 47616 215 47872 215 48128 215 48384 169 48558 41 48640 169 48815 40 48896 169 49071 40 49152 169 49328 40 49408 169 49584 40 49664 170 49840 41 49920 217 50176 217 50432 217 50688 217 50944 217 51200 217 51456 217 51712 100 51816 113 51968 102 52074 112 52224 102 52330 112 52480 103 52587 111 52736 104 52843 30 52878 76 52992 105 53103 25 53141 70 53248 109 53359 25 53395 72 53504 109 53616 24 53650 73 53760 109 53872 24 53905 74 54016 109 54127 26 54159 76 54272 110 54383 26 54414 77 54528 139 54668 79 54784 220 55040 220 55296 220 55552 220 55808 220 56064 221 56320 221 56576 221 56832 221 57088 222 57344 222 57600 222 57856 223 58112 96 58215 120 58368 95 58472 120 58624 95 58729 119 58880 68 58951 24 58987 118 59136 67 59209 23 59243 118 59392 67 59465 24 59497 120 59648 69 59721 152 59908 67 59977 152 60167 218 60425 216 60683 214 60940 214 61197 214 61452 215 61706 217 61961 23 61985 194 62212 26 62244 191 62467 26 62501 190 62721 28 62758 190 62977 28 63014 190 63232 29 63271 189 63488 29 63527 189 63744 29 63783 189 64000 29 64039 189 64256 24 64282 4 64295 190 64512 23 64539 4 64550 191 64768 21 64796 5 64805 193 65024 21 65052 6 65061 193 65280 19 65308 8 65318 192
677723,0 65536
680771,0 65536
682813,0 91 256 91 512 91 768 91 1024 91 1280 91 1536 91 1792 91 2048 91 2304 91 2560 91 2816 92 3072 92 3328 93 3584 93 3840 93 4096 93 4352 94 4608 94 4864 95 5120 95 5376 95 5632 95 5888 95 6144 95 6400 95 6656 95 6912 96 7168 96 7424 96 7680 97 7936 97 8192 97 8448 97 8704 97 8960 97 9216 97 9472 98 9728 98 9984 99 10240 99 10496 99 10752 99 11008 99 11264 99 11520 99 11776 99 12032 99 12288 99 12544 100 12800 101 13056 101 13312 101 13568 101 13824 101 14080 102 14336 102 14592 102 14848 102 15104 102 15360 103 15616 103 15872 103 16128 103 16384 103 16640 104 16896 104 17152 105 17408 105 17664 105 17920 105 18176 105 18432 105 18688 105 18944 105 19200 106 19456 106 19712 106 19968 107 20224 107 20480 107 20736 107 20992 107 21248 107 21504 107 21760 108 22016 108 22272 109 22528 109 22784 109 23040 109 23296 109 23552 109 23808 109 24064 110 24320 110 24576 110 24832 110 25088 110 25344 110 25600 110 25856 111 26112 111 26368 111 26624 111 26880 111 27136 111 27392 112 27648 112 27904 112 28160 112 28416 113 28672 113 28928 113 29184 113 29440 112 29696 112 29952 112 30208 112 30464 112 30720 112 30976 113 31232 113 31488 113 31744 113 32000 114 32256 115 32512 115 32768 115 33024 115 33280 115 33536 116 33792 117 34048 117 34304 117 34560 117 34816 117 35072 117 35328 117 35584 117 35840 118 36096 118 36352 118 36608 119 36864 119 37120 120 37376 120 37632 120 37888 120 38144 120 38400 120 38656 120 38912 120 39168 121 39424 121 39680 121 39936 121 40192 121 40448 122 40704 122 40960 123 41216 123 41472 123 41728 123 41984 123 42240 124 42496 124 42752 125 43008 125 43264 125 43520 125 43776 126 44032 126 44288 126 44544 127 44800 127 45056 127 45312 127 45568 127 45824 127 46080 127 46336 128 46592 128 46848 128 47104 129 47360 129 47616 129 47872 129 48128 129 48384 129 48640 129 48896 129 49152 129 49408 129 49664 130 49920 131 50176 131 50432 131 50688 131 50944 131 51200 131 51456 131 51712 131 51968 131 52224 131 52480 131 52736 131 52992 131 53248 131 53504 132 53760 132 54016 132 54272 133 54528 132 54784 132 55040 131 55296 131 55552 131 55808 131 56064 131 56320 131 56576 131 56832 131 57088 131 57344 131 57600 131 57856 131 58112 131 58368 131 58624 131 58880 132 59136 133 59392 133 59648 133 59904 133 60160 133 60416 133 60672 132 60928 132 61184 131 61440 131 61696 131 61952 131 62208 131 62464 131 62720 130 62976 125 63233 122 63489 122 63745 35 63783 12 63797 69 64002 33 64040 10 64054 68 64259 32 64297 4 64307 69 64517 30 64555 1 64562 69 64773 30 64816 68 65028 32 65071 28 65104 34 65282 35 65327 22 65365 14
688285,195 33 233 5 453 30 490 4 709 30 747 2 968 27 1225 26 1483 25 1739 25 1998 22 2257 19 2514 19 2770 19 3027 19 3055 3 3283 20 3311 3 3539 22 3566 4 3795 31 4052 30 4308 27 4336 3 4565 30 4822 29 5079 28 5335 28 5591 29 5847 29 6103 30 6359 30 6615 30 6871 30 7128 29 7385 28 7643 26 7901 24 8159 21 8415 21 8673 19 8922 1 8929 19 9177 3 9186 17 9433 4 9442 18 9689 6 9697 20 9946 28 10203 28 10459 28 10716 27 10972 27 11229 26 11485 26 11742 25 11998 25 12255 24 12511 23 12769 12 12782 7 13025 10 13040 5 13282 7 13297 2 13539 6 13554 1 17049 1 17304 4 17560 3 17836 1 18089 5 18337 2 18345 6 18592 5 18601 7 18847 7 18857 8 19103 8 19113 8 19360 7 19369 8 19616 6 19625 8 19872 5 19881 7 20129 1 20137 7 20385 2 20393 6 20641 4 20649 6 20900 1 20906 5 21162 5 21419 4 21675 4 21931 5 22187 5 22445 3 22701 3 22958 1 30953 9 31209 11 31464 13 31719 15 31975 15 32231 15 32488 13 32744 13 33000 13 33255 13 33511 13 33765 15 34020 16 34272 20 34527 21 34783 21 35039 21 35295 21 35551 20 35807 19 36051 6 36062 19 36303 34 36559 34 36814 36 37069 38 37324 45 37580 46 37836 47 38093 47 38299 3 38350 35 38388 7 38553 6 38607 34 38645 6 38809 6 38863 34 38903 4 39065 7 39119 33 39321 7 39374 33 39423 1 39577 8 39629 34 39679 1 39833 8 39883 36 39935 1 40089 8 40139 36 40191 1 40346 7 40395 31 40428 1 40602 7 40652 28 40859 6 40911 1 40915 20 41115 6 41171 19 41372 4 41429 12 41628 3 41685 8 41884 1 49060 1 49315 2 49569 4 49825 4 50081 5 50337 5 50592 7 50799 2 50848 7 51053 4 51103 9 51309 4 51359 9 51563 5 51616 9 51819 6 51872 9 52075 6 52129 8 52332 5 52385 8 52587 7 52641 9 52843 8 52898 8 53097 10 53158 2 53353 9 53609 5 53865 2 55659 5 55913 8 56169 10 56424 12 56681 10 56937 10 57197 5 57453 4 57947 2 58203 4 58458 5 58713 6 58731 4 58971 4 58987 4 59215 2 59229 3 59242 5 59471 3 59485 4 59497 7 59727 3 59743 4 59751 9 59984 3 59999 5 60007 10 60241 4 60254 7 60263 10 60498 4 60509 8 60519 10 60754 6 60764 9 60775 9 61010 7 61020 8 61031 9 61266 17 61287 8 61521 18 61543 8 61777 17 61800 5 62032 17 62056 5 62288 15 62544 11 62800 10 63056 9 63313 8 63569 7
689810,0 65536
692688,0 6912 6917 251 7174 250 7430 250 7687 249 7943 249 8199 249 8455 249 8712 248 8969 247 9225 247 9482 246 9738 246 9995 245 10251 245 10509 243 10765 243 11021 243 11277 243 11533 243 11789 243 12045 243 12302 242 12558 242 12814 242 13071 241 13327 241 13583 241 13839 241 14095 241 14352 240 14609 239 14865 239 15121 239 15377 239 15633 239 15890 238 16146 238 16403 237 16659 237 16915 237 17172 236 17428 236 17685 235 17941 235 18197 235 18453 235 18710 234 18966 234 19223 233 19479 233 19735 233 19991 233 20247 233 20503 233 20760 232 21017 231 21273 231 21529 231 21786 230 22043 229 22299 229 22555 229 22812 228 23068 228 23324 228 23580 228 23837 227 24093 227 24349 227 24605 227 24862 226 25118 226 25375 225 25631 225 25887 225 26143 225 26400 224 26656 224 26913 223 27169 223 27425 223 27681 223 27938 222 28194 222 28451 221 28707 221 28964 220 29220 220 29476 220 29732 220 29988 220 30244 220 30501 219 30757 219 31014 218 31270 218 31527 217 31783 217 32039 217 32295 217 32552 216 32809 215 33065 215 33321 215 33578 214 33835 213 34091 213 34347 213 34603 213 34859 213 35115 213 35371 213 35628 212 35884 212 36141 211 36397 211 36654 210 36911 209 37167 209 37423 209 37680 208 37936 208 38193 207 38449 207 38705 207 38961 207 39218 206 39474 206 39731 205 39987 205 40244 204 40500 204 40756 204 41013 203 41269 203 41525 203 41781 203 42037 203 42294 202 42551 201 42807 201 43063 201 43321 199 43577 199 43833 199 44089 199 44345 199 44601 199 44858 198 45115 197 45372 196 45628 196 45885 195 46141 195 46397 195 46653 195 46910 194 47166 194 47423 193 47679 193 47935 193 48192 192 48448 192 48705 191 48961 191 49218 190 49475 189 49731 189 49987 189 50243 189 50499 189 50755 189 51012 188 51269 187 51525 187 51781 187 52037 187 52293 187 52550 186 52807 185 53064 184 53320 184 53576 184 53832 184 54088 184 54344 184 54601 183 54857 183 55114 182 55371 181 55627 181 55883 181 56139 181 56395 181 56652 180 56908 180 57165 179 57421 179 57677 179 57933 179 58190 178 58446 178 58703 177 58959 177 59216 176 59472 176 59728 176 59984 176 60241 175 60499 173 60756 172 61011 173 61267 173 61523 173 61783 169 62039 169 62296 168 62553 167 62810 166 63066 166 63322 3 63331 157 63578 3 63587 157 63835 2 63842 158 64091 1 64097 159 64355 157 64615 3 64622 146 64878 146 65129 151 65385 151
694806,75 2 86 22 127 32 185 30 330 7 343 21 383 32 441 30 586 8 599 20 639 32 697 29 841 10 856 19 896 31 954 25 1082 3 1094 13 1113 18 1152 31 1211 24 1239 3 1336 29 1369 18 1408 31 1469 23 1493 7 1592 29 1625 18 1665 30 1726 31 1848 31 1881 18 1923 28 1966 1 1983 31 2104 33 2139 16 2181 26 2221 3 2239 31 2360 35 2397 12 2439 24 2477 3 2496 30 2533 6 2616 35 2657 4 2695 24 2733 3 2753 29 2788 8 2871 36 2952 23 3009 30 3042 10 3127 36 3209 22 3264 31 3297 11 3379 40 3467 11 3483 4 3520 44 3635 40 3723 10 3740 3 3775 45 3891 40 3984 2 4029 47 4147 40 4284 48 4403 40 4538 49 4659 39 4793 50 4915 37 5049 50 5171 35 5305 50 5428 31 5561 48 5685 30 5817 48 5941 30 6071 49 6199 28 6327 48 6400 1 6463 20 6583 38 6656 1 6721 2 6731 8 6841 35 6912 2 6992 2 7104 28 7168 2 7361 27 7424 2 7617 27 7680 2 7873 27 7936 1 8129 26 8192 1 8385 26 8448 1 8641 26 8704 1 8896 27 8959 2 9150 29 9214 4 9405 32 9469 5 9659 37 9725 5 9915 38 9981 6 10171 38 10239 4 10426 40 10495 4 10685 37 10752 3 10942 36 11008 3 11198 36 11249 4 11264 3 11454 36 11504 5 11520 3 11709 10 11723 24 11757 9 11775 4 11966 9 11980 23 12013 9 12031 2 12223 7 12243 10 12285 4 12479 6 12541 3 12619 2 12748 1 12797 3 12875 2 13001 4 13054 2 13130 2 13256 5 13311 1 13385 3 13512 6 13607 8 13639 4 13768 6 13779 7 13863 10 13896 2 14025 5 14033 11 14117 14 14289 14 14372 16 14545 16 14627 18 14801 18 14881 20 15057 18 15134 22 15314 17 15387 24 15571 16 15641 26 15827 16 15896 26 16084 15 16127 1 16153 26 16323 5 16343 10 16409 29 16579 6 16600 9 16665 33 16835 6 16856 9 16921 34 17091 6 17112 10 17177 36 17297 4 17347 6 17367 12 17434 35 17552 6 17603 6 17623 12 17690 35 17806 9 17862 1 17879 11 17946 36 18061 10 18135 9 18203 36 18316 11 18459 36 18570 13 18715 36 18824 17 18843 4 18971 36 19079 18 19098 5 19227 35 19335 24 19483 35 19591 23 19737 37 19847 22 19993 36 20103 22 20248 37 20359 21 20503 38 20615 20 20759 38 20873 17 21015 38 21130 14 21271 38 21527 38 21782 39 22038 39 22293 40 22549 40 22805 39 23061 38 23317 37 23573 37 23831 34 24088 3 24094 27 24351 27 24608 27 24869 22 25125 22 25383 20 25639 21 25895 22 26151 22 26408 21 26665 20 26813 2 26903 3 26921 20 27067 10 27141 2 27157 8 27178 19 27323 11 27393 9 27411 13 27435 17 27579 12 27649 9 27667 14 27693 14 27835 12 27904 11 27921 17 27953 7 28091 13 28160 12 28175 20 28347 13 28416 13 28431 20 28603 14 28672 13 28687 20 28859 14 28928 35 29115 14 29184 35 29371 14 29440 35 29627 14 29696 35 29884 13 29952 35 30097 8 30141 10 30208 35 30353 9 30397 9 30464 35 30607 13 30655 6 30720 35 30863 15 30912 3 30976 35 31118 20 31232 35 31374 20 31488 35 31630 20 31744 34 31886 20 32000 33 32141 7 32151 10 32256 33 32397 6 32408 7 32512 31 32651 7 32768 31 32907 6 33024 29 33163 5 33280 25 33419 4 33536 21 33792 21 34048 21 34113 11 34304 20 34369 13 34416 6 34560 21 34625 14 34671 9 34707 10 34816 21 34882 13 34927 9 34963 10 35035 4 35072 22 35139 12 35183 10 35217 13 35289 8 35328 22 35396 11 35439 10 35473 13 35545 10 35579 3 35584 21 35656 5 35696 9 35729 12 35801 11 35833 7 35841 20 35953 8 35985 12 36057 11 36089 7 36101 14 36209 7 36241 12 36313 12 36345 7 36358 13 36466 6 36497 12 36569 12 36600 8 36615 11 36722 6 36753 13 36825 12 36857 6 36873 7 36978 6 37009 14 37081 12 37107 3 37113 4 37130 3 37234 7 37264 16 37339 10 37361 7 37489 8 37520 17 37595 10 37617 8 37745 10 37775 18 37851 8 37873 8 38000 11 38031 18 38107 8 38129 8 38252 17 38287 18 38348 5 38365 13 38379 15 38507 19 38543 18 38602 9 38621 30 38762 22 38799 22 38852 18 38875 31 39017 24 39055 24 39107 54 39205 4 39272 25 39311 28 39363 50 39461 6 39527 26 39567 28 39618 51 39711 15 39782 27 39823 29 39873 52 39967 16 40037 28 40079 29 40129 52 40223 16 40292 29 40336 29 40385 51 40481 14 40547 30 40592 29 40640 51 40740 12 40802 31 40848 29 40895 51 40997 10 41057 32 41104 30 41149 52 41254 9 41310 35 41361 29 41399 58 41511 8 41566 35 41617 29 41655 58 41768 5 41821 35 41875 30 41909 60 42026 2 42077 35 42131 31 42165 61 42333 36 42389 95 42590 35 42646 94 42773 2 42846 35 42906 91 43025 7 43102 35 43164 90 43275 14 43314 3 43337 6 43358 36 43422 89 43528 18 43569 4 43592 8 43614 36 43678 89 43771 5 43781 24 43824 7 43845 12 43870 36 43934 98 44036 27 44079 8 44101 13 44125 37 44190 98 44291 29 44335 12 44356 15 44382 35 44447 97 44547 33 44591 14 44612 15 44639 3 44645 28 44703 97 44802 35 44847 14 44868 17 44903 25 44960 96 45058 35 45103 15 45124 28 45159 25 45218 94 45313 36 45359 16 45379 30 45417 22 45478 90 45569 35 45615 16 45635 32 45673 21 45735 120 45870 17 45890 38 45929 18 45991 120 46125 3 46129 14 46146 39 46186 12 46248 118 46385 70 46503 118 46641 70 46759 118 46897 71 47015 118 47152 74 47271 118 47408 76 47525 120 47664 77 47781 120 47921 78 48035 122 48177 79 48275 2 48290 123 48433 82 48527 142 48689 82 48781 144 48945 83 49035 117 49153 28 49201 85 49289 119 49409 28 49456 208 49665 28 49711 209 49921 26 49965 180 50147 29 50177 26 50221 180 50403 29 50433 25 50477 107 50588 69 50663 25 50689 25 50733 106 50845 69 50923 21 50947 22 50989 104 51103 68 51179 21 51205 19 51246 102 51359 68 51435 21 51462 18 51503 99 51616 68 51691 21 51719 17 51759 99 51871 70 51947 21 51975 16 52015 99 52125 76 52202 22 52231 16 52271 99 52380 100 52487 16 52527 100 52634 102 52743 16 52783 100 52889 103 52999 16 53038 210 53254 16 53295 14 53313 191 53505 20 53553 10 53571 210 53809 10 53828 206 54084 55 54141 8 54157 130 54339 53 54413 130 54595 52 54669 130 54851 18 54871 32 54924 116 55041 14 55105 14 55128 30 55179 117 55297 14 55359 15 55384 31 55435 117 55553 15 55613 16 55640 33 55691 117 55809 15 55869 16 55896 33 55947 117 56066 13 56125 16 56153 32 56203 117 56323 12 56380 17 56409 6 56421 20 56445 4 56459 117 56579 12 56637 16 56682 15 56698 9 56715 117 56836 10 56895 15 56939 24 56970 118 57093 7 57143 4 57154 13 57195 26 57225 97 57331 13 57350 5 57400 2 57410 13 57451 126 57588 12 57667 14 57707 126 57846 10 57923 14 57963 126 58102 10 58179 15 58219 126 58359 9 58435 15 58475 125 58615 9 58691 14 58731 134 58870 10 58946 14 58988 148 59201 12 59244 148 59457 10 59501 147 59714 8 59758 146 59971 6 60014 146 60228 4 60271 145 60485 3 60527 145 60687 4 60742 1 60783 145 60943 5 61039 145 61197 7 61293 147 61453 6 61549 147 61707 6 61804 61 61874 5 61884 68 61963 4 62060 59 62132 1 62141 67 62316 58 62398 66 62571 58 62655 65 62828 56 62913 63 63085 28 63114 26 63169 63 63342 27 63371 24 63429 59 63598 27 63627 24 63685 59 63811 4 63853 26 63883 24 63942 58 64023 2 64065 7 64108 26 64139 24 64198 58 64277 4 64321 11 64361 28 64396 21 64454 58 64532 6 64577 16 64616 27 64653 20 64710 58 64787 7 64833 2 64836 14 64871 28 64911 18 64965 59 65043 7 65072 1 65089 17 65128 26 65170 15 65221 59 65300 5 65325 9 65346 15 65384 25 65429 12 65476 60
695503,0 65536
701596,7 68 97 55 161 1 183 38 239 17 263 66 353 55 439 38 495 17 519 65 609 55 696 37 751 17 775 64 865 54 945 2 953 35 1007 17 1031 62 1120 55 1200 6 1210 33 1263 17 1286 62 1375 56 1454 10 1467 27 1520 21 1542 63 1631 55 1697 2 1709 12 1723 12 1738 11 1777 84 1887 44 1949 9 1965 14 1982 7 1999 4 2033 55 2089 28 2143 43 2205 10 2220 15 2239 6 2256 3 2290 51 2346 27 2401 40 2459 32 2495 6 2512 3 2556 30 2587 10 2602 27 2658 39 2715 33 2752 6 2768 3 2816 9 2828 13 2846 7 2859 26 2921 32 2970 34 3008 6 3025 2 3072 8 3085 12 3104 4 3115 25 3178 31 3226 35 3264 5 3281 2 3328 8 3342 12 3372 22 3435 29 3481 36 3521 4 3584 8 3598 12 3629 18 3691 29 3737 36 3779 2 3840 8 3855 10 3885 15 3947 28 3993 36 4096 8 4111 10 4144 11 4203 28 4250 35 4352 8 4369 5 4459 22 4507 34 4608 8 4722 14 4763 34 4864 7 4981 8 5019 34 5120 7 5239 6 5274 35 5376 7 5529 38 5583 4 5625 16 5785 38 5839 4 5881 17 6039 40 6094 7 6135 20 6289 47 6349 8 6362 3 6390 21 6544 47 6607 6 6617 6 6646 22 6799 48 6865 2 6873 7 6902 23 7052 47 7129 8 7158 23 7307 46 7386 7 7415 22 7561 46 7643 6 7673 21 7816 46 7899 6 7930 21 8013 2 8064 6 8071 34 8109 8 8156 5 8187 20 8269 2 8319 41 8365 6 8412 5 8444 21 8575 40 8622 5 8665 8 8701 20 8831 40 8879 4 8917 12 8957 21 9087 40 9171 14 9213 20 9343 40 9427 14 9466 1 9469 18 9599 40 9684 13 9721 18 9855 40 9940 13 9977 17 10111 40 10196 13 10233 17 10367 40 10452 13 10488 18 10623 39 10708 11 10745 17 10879 39 10965 10 11001 17 11135 39 11221 6 11258 16 11391 39 11477 2 11515 15 11619 8 11647 38 11731 2 11771 14 11875 8 11903 38 11982 7 12028 13 12129 11 12158 37 12237 8 12287 10 12355 1 12384 12 12403 1 12414 37 12493 8 12544 7 12609 5 12640 14 12656 6 12669 36 12724 1 12749 9 12800 7 12864 7 12895 24 12925 36 12977 4 13005 9 13056 7 13119 10 13151 25 13181 35 13232 7 13261 10 13312 7 13375 12 13408 24 13437 35 13488 7 13517 10 13568 6 13631 14 13654 3 13664 25 13693 32 13744 10 13773 10 13824 6 13887 14 13909 5 13920 25 13949 31 13999 12 14029 10 14080 6 14127 10 14143 15 14165 6 14176 27 14205 30 14255 14 14287 7 14336 5 14382 13 14399 16 14420 7 14432 59 14509 16 14529 1 14543 7 14592 6 14635 38 14676 8 14688 58 14763 25 14800 6 14848 6 14889 40 14932 9 14943 47 14995 6 15019 26 15057 5 15104 6 15144 99 15261 2 15273 28 15313 5 15358 8 15400 99 15515 5 15529 29 15570 3 15613 10 15656 45 15706 39 15746 7 15770 7 15785 30 15867 12 15912 45 15963 38 16005 2 16025 8 16040 32 16123 12 16165 48 16219 38 16281 10 16295 33 16378 13 16419 50 16475 38 16537 47 16633 14 16674 45 16723 1 16732 37 16793 47 16889 13 16930 44 16988 38 17049 47 17145 7 17161 6 17185 44 17245 37 17305 47 17401 10 17417 6 17441 44 17501 38 17561 47 17657 10 17673 7 17697 43 17757 38 17816 48 17911 12 17928 8 17953 42 18013 38 18072 48 18166 13 18185 9 18210 41 18270 37 18328 48 18409 26 18442 8 18466 41 18529 34 18584 41 18627 4 18664 27 18698 9 18723 40 18765 2 18789 31 18840 41 18886 1 18919 28 18954 9 18979 39 19021 2 19045 31 19096 42 19141 2 19173 27 19209 13 19235 32 19277 2 19301 32 19352 44 19397 3 19421 35 19458 3 19467 11 19490 32 19558 31 19608 49 19677 35 19713 5 19724 9 19738 39 19814 31 19864 50 19933 35 19969 5 19981 7 19993 40 20070 31 20120 50 20189 42 20249 42 20327 30 20377 48 20442 45 20505 42 20584 19 20605 8 20633 43 20677 4 20695 50 20760 44 20842 16 20862 6 20890 37 20933 3 20950 51 21015 45 21098 15 21119 5 21147 36 21206 52 21269 47 21355 14 21377 1 21405 32 21462 52 21523 48 21612 12 21661 32 21718 108 21869 9 21917 32 21975 107 22126 7 22173 32 22231 106 22343 6 22368 5 22429 32 22489 103 22598 7 22624 5 22685 33 22745 102 22853 10 22879 6 22942 33 23003 101 23109 10 23135 6 23199 32 23259 37 23297 63 23365 12 23391 6 23464 5 23472 16 23517 35 23553 63 23621 12 23647 5 23721 4 23729 8 23739 5 23773 35 23811 62 23877 12 23904 3 23926 1 23977 1 23987 4 24015 6 24029 35 24068 61 24133 12 24161 1 24179 5 24233 1 24244 1 24271 6 24285 35 24325 34 24367 20 24389 10 24435 6 24489 4 24519 15 24540 35 24581 25 24611 1 24623 20 24644 11 24683 4 24691 6 24745 6 24769 21 24796 35 24838 18 24879 26 24937 16 24999 12 25013 4 25024 23 25048 37 25095 17 25135 24 25193 16 25254 19 25279 62 25351 16 25391 24 25447 18 25509 23 25533 62 25607 15 25647 24 25703 19 25764 86 25864 9 25903 24 25957 22 26017 88 26121 7 26159 24 26212 23 26271 89 26377 3 26414 25 26467 24 26515 100 26629 4 26669 26 26723 26 26770 100 26884 5 26923 28 26978 33 27025 100 27139 7 27177 30 27234 35 27280 100 27395 7 27432 32 27490 35 27535 100 27651 8 27687 35 27746 36 27791 100 27906 9 27943 37 28001 38 28045 102 28161 10 28199 37 28256 39 28300 103 28417 10 28455 37 28511 42 28555 104 28672 11 28712 36 28766 43 28810 105 28928 12 28968 30 28999 5 29021 150 29184 12 29224 36 29277 146 29425 2 29440 12 29479 38 29532 147 29696 13 29735 38 29788 147 29952 14 29991 39 30043 152 30208 15 30247 40 30299 152 30464 15 30503 40 30555 45 30602 107 30720 15 30759 40 30811 44 30858 109 30976 16 31015 40 31067 44 31115 110 31232 16 31271 40 31323 44 31371 111 31491 12 31527 40 31580 45 31627 117 31747 10 31784 38 31836 45 31882 118 32002 7 32041 36 32093 163 32257 7 32300 25 32327 6 32349 170 32559 3 32567 12 32584 3 32605 170 32789 1 32811 1 32824 9 32861 170 33043 4 33065 5 33117 170 33298 5 33308 3 33320 7 33373 170 33551 9 33561 8 33575 8 33629 158 33790 8 33805 21 33831 9 33885 157 34046 2 34049 6 34061 22 34087 10 34140 158 34301 3 34308 3 34317 24 34342 11 34395 159 34557 3 34562 47 34650 160 34814 51 34906 160 35071 14 35087 35 35158 164 35327 15 35345 33 35413 165 35583 15 35603 32 35669 165 35840 14 35859 32 35925 165 36096 13 36115 31 36185 54 36243 55 36309 37 36352 13 36371 30 36441 54 36499 5 36506 47 36565 37 36608 13 36627 30 36698 53 36756 1 36764 45 36821 37 36864 13 36883 29 36954 57 37022 43 37077 37 37120 9 37139 26 37211 57 37279 44 37333 36 37376 9 37395 25 37467 59 37534 45 37588 37 37632 7 37647 27 37723 61 37789 46 37844 35 37888 7 37903 26 37979 62 38045 47 38100 35 38144 11 38161 23 38211 10 38235 112 38355 35 38400 11 38417 22 38466 11 38492 111 38610 35 38656 11 38673 20 38721 14 38748 111 38865 36 38912 12 38929 19 38977 15 39005 108 39121 36 39168 13 39184 17 39233 17 39261 96 39362 7 39376 37 39424 13 39439 18 39489 18 39518 94 39619 5 39632 37 39680 25 39709 2 39745 18 39775 93 39888 37 39936 23 40001 18 40031 92 40145 36 40192 21 40257 20 40288 91 40401 34 40449 20 40513 20 40545 89 40657 33 40708 15 40747 1 40769 20 40803 6 40813 75 40915 30 40965 2 40969 10 41003 1 41023 22 41069 74 41171 30 41226 9 41259 1 41278 24 41326 19 41346 50 41428 27 41461 11 41482 8 41533 25 41583 18 41603 48 41685 26 41716 12 41737 8 41776 38 41839 18 41861 46 41941 43 41993 7 42031 39 42095 18 42118 45 42197 43 42249 6 42287 38 42353 15 42376 43 42453 43 42505 6 42543 38 42611 12 42633 43 42709 43 42762 5 42799 38 42847 8 42869 10 42889 43 42965 43 43018 5 43054 38 43102 9 43125 10 43145 43 43221 43 43275 4 43310 37 43357 10 43382 8 43401 5 43407 37 43477 43 43531 4 43565 38 43613 9 43639 6 43657 6 43664 36 43733 43 43815 44 43869 8 43912 7 43923 8 43937 18 43982 6 43991 41 44067 48 44125 8 44168 7 44180 6 44194 17 44237 7 44248 40 44319 53 44381 6 44425 7 44453 13 44492 11 44506 38 44575 54 44639 4 44681 7 44709 12 44747 12 44763 37 44831 54 44938 6 44967 10 45005 11 45021 35 45086 55 45195 6 45224 9 45262 11 45277 35 45341 55 45452 5 45481 4 45505 1 45519 10 45535 33 45597 55 45709 4 45737 4 45759 4 45775 10 45791 33 45853 55 45996 5 46009 11 46033 9 46047 33 46109 55 46179 1 46252 5 46264 13 46289 10 46302 34 46365 58 46508 25 46545 47 46621 58 46764 27 46801 47 46877 60 46938 5 47020 28 47057 47 47133 69 47276 29 47313 47 47389 70 47531 31 47569 47 47647 71 47784 36 47824 48 47907 69 48038 90 48165 68 48294 90 48423 66 48537 1 48549 91 48679 67 48791 4 48805 91 48904 15 48936 67 49045 7 49059 93 49159 24 49192 67 49301 8 49315 93 49414 27 49449 66 49539 13 49557 107 49670 27 49704 67 49795 14 49813 107 49927 28 49959 68 50049 16 50069 107 50183 28 50215 67 50304 17 50325 107 50439 98 50560 128 50694 97 50816 128 50949 94 51072 128 51205 93 51328 128 51460 93 51584 128 51715 94 51841 127 51969 96 52099 222 52362 215 52618 215 52874 117 52992 97 53129 117 53248 97 53385 116 53504 98 53628 3 53640 115 53760 98 53883 7 53896 115 54016 98 54138 10 54152 113 54272 98 54394 11 54408 113 54528 98 54649 13 54664 112 54784 98 54905 126 55040 39 55081 32 55118 20 55156 130 55296 37 55337 32 55374 20 55410 132 55552 35 55603 13 55621 4 55631 20 55662 136 55808 35 55859 12 55877 4 55887 20 55917 136 56064 35 56115 12 56131 4 56143 20 56173 136 56320 35 56371 12 56387 4 56398 21 56429 136 56576 37 56627 21 56655 20 56685 114 56802 19 56832 37 56883 22 56911 7 56919 12 56942 110 57058 20 57088 37 57140 21 57167 6 57175 12 57199 106 57314 21 57344 37 57397 20 57423 4 57432 11 57455 105 57569 22 57600 37 57653 20 57689 10 57711 104 57824 25 57856 36 57910 19 57945 10 57966 105 58079 26 58113 34 58167 18 58203 7 58221 107 58335 26 58370 31 58424 17 58461 4 58477 110 58590 27 58628 29 58681 16 58733 140 58885 28 58937 17 58990 139 59142 27 59193 18 59246 139 59399 26 59450 16 59500 140 59669 13 59708 13 59729 12 59755 140 59925 14 59965 12 59985 12 60011 140 60168 1 60181 13 60227 6 60242 13 60267 140 60416 9 60437 13 60486 4 60498 13 60523 140 60672 9 60693 12 60744 3 60754 13 60779 140 60928 9 60949 11 61000 4 61010 13 61037 138 61185 8 61205 10 61257 5 61263 16 61293 136 61441 6 61462 8 61513 10 61525 10 61549 137 61697 4 61772 5 61781 10 61801 2 61805 137 62029 4 62038 5 62045 2 62056 142 62281 5 62287 16 62309 147 62537 5 62543 14 62560 3 62564 149 62792 21 62816 65 62882 56 62944 25 63048 21 63073 64 63138 47 63201 24 63298 3 63303 22 63332 34 63369 24 63395 42 63459 7 63467 14 63554 4 63559 21 63588 33 63625 24 63651 43 63716 5 63723 14 63810 24 63843 32 63881 69 63979 14 64066 23 64099 32 64138 68 64235 15 64253 3 64323 20 64353 19 64378 7 64395 67 64493 20 64541 2 64579 15 64608 19 64635 5 64651 68 64749 25 64780 3 64797 2 64835 12 64863 20 64894 1 64908 67 65008 23 65035 6 65053 2 65091 10 65119 20 65164 67 65267 32 65349 4 65374 13 65388 7 65421 30 65455 32 65527 9
702433,0 182 231 207 488 206 745 205 1001 205 1257 205 1513 205 1769 204 2025 202 2236 1 2282 198 2491 4 2539 170 2714 10 2725 10 2746 6 2795 169 3002 6 3051 169 3258 6 3308 167 3515 4 3565 166 3771 4 3821 166 4078 165 4334 167 4537 10 4590 167 4791 14 4846 168 5045 22 5103 168 5301 22 5359 169 5557 24 5616 168 5813 24 5873 168 6070 23 6130 167 6327 22 6387 167 6583 22 6647 164 6840 22 6907 160 7097 20 7167 156 7354 19 7424 156 7611 18 7680 157 7868 17 7936 157 8125 16 8192 158 8381 16 8448 159 8638 14 8704 161 8895 13 8960 164 9153 10 9216 165 9409 10 9472 167 9657 5 9665 10 9728 167 9912 19 9984 168 10157 31 10240 169 10413 32 10496 168 10667 36 10752 167 10923 36 11008 166 11179 44 11264 165 11435 46 11520 163 11691 50 11776 163 11947 50 12032 163 12205 48 12288 163 12461 49 12544 163 12719 46 12800 163 12975 18 12997 24 13056 163 13235 10 13254 23 13312 163 13493 5 13511 22 13568 163 13769 20 13824 162 14027 18 14080 162 14257 1 14285 15 14336 162 14513 2 14541 15 14592 161 14767 6 14797 14 14848 161 15023 6 15053 14 15104 161 15278 8 15309 12 15360 161 15534 8 15565 11 15616 161 15789 11 15822 8 15872 161 16045 12 16078 7 16128 161 16300 14 16335 4 16384 161 16556 15 16640 162 16811 16 16833 4 16896 162 17067 17 17087 7 17101 2 17152 162 17322 29 17355 5 17408 163 17578 31 17611 4 17664 163 17833 37 17920 163 18089 37 18176 165 18343 45 18432 213 18688 214 18944 215 19200 215 19456 215 19712 215 19968 215 20224 214 20480 214 20736 215 20992 215 21248 217 21466 6 21504 225 21760 225 22016 225 22272 225 22528 225 22784 223 23040 223 23296 223 23552 222 23808 222 24064 222 24320 222 24576 222 24832 222 25088 221 25344 221 25600 220 25856 219 26112 217 26368 217 26624 217 26862 6 26870 5 26880 217 27116 17 27136 218 27371 18 27392 219 27625 22 27648 220 27878 25 27904 255 28160 255 28416 3598 32017 6 32031 238 32289 238 32546 237 32803 237 33060 115 33178 118 33316 114 33435 117 33573 111 33691 117 33829 110 33947 117 34085 110 34205 114 34341 110 34461 114 34598 108 34718 113 34855 106 34975 112 35112 105 35233 109 35368 105 35489 109 35624 105 35746 107 35880 105 36002 107 36136 106 36259 105 36392 106 36515 104 36648 107 36771 104 36904 107 37028 103 37160 107 37285 102 37417 106 37541 102 37673 106 37797 102 37929 106 38053 104 38185 106 38308 106 38440 107 38564 108 38695 108 38820 109 38951 108 39077 109 39205 110 39333 109 39459 113 39589 110 39713 116 39847 108 39969 118 40103 109 40225 124 40366 103 40481 124 40623 102 40737 124 40880 101 40993 124 41137 100 41249 124 41393 100 41506 123 41652 97 41762 123 41889 2 41912 93 42018 123 42144 4 42169 91 42274 122 42430 86 42531 120 42689 82 42787 16 42804 102 42947 81 43043 16 43061 100 43205 79 43298 17 43319 96 43464 75 43555 16 43577 93 43721 74 43811 16 43837 64 43906 17 43978 73 44067 16 44093 64 44163 16 44234 73 44323 16 44351 61 44422 11 44491 72 44580 15 44607 61 44679 9 44747 72 44836 14 44864 60 44939 2 45003 73 45093 13 45120 60 45259 75 45349 12 45375 60 45515 76 45605 12 45631 60 45771 77 45861 12 45888 57 46029 76 46117 12 46144 57 46285 76 46374 11 46401 55 46541 77 46631 9 46657 55 46797 77 46889 6 46913 55 47053 77 47170 54 47309 77 47426 54 47564 78 47683 53 47819 79 47939 52 48073 81 48195 52 48329 81 48452 50 48585 81 48709 48 48841 81 48966 46 49097 81 49221 47 49353 81 49467 6 49476 47 49609 82 49722 57 49865 82 49977 58 50120 83 50232 59 50376 83 50487 60 50631 84 50743 60 50886 85 50999 60 51141 86 51255 60 51397 85 51509 64 51653 84 51765 33 51799 30 51909 84 52021 30 52056 32 52165 84 52277 29 52312 33 52420 85 52534 8 52549 12 52568 35 52677 84 52791 4 52806 10 52824 36 52933 85 53064 7 53080 37 53189 85 53320 6 53336 38 53445 85 53577 4 53593 44 53703 82 53832 5 53849 44 53959 81 54087 6 54105 46 54217 78 54343 6 54361 46 54475 72 54599 6 54617 47 54731 71 54855 6 54872 49 54987 69 55111 6 55127 50 55243 69 55369 4 55383 50 55499 68 55635 54 55755 68 55889 57 56011 69 56143 59 56268 68 56399 60 56525 67 56655 60 56782 67 56911 59 57039 66 57166 60 57297 64 57422 60 57553 65 57678 61 57811 64 57934 61 58067 67 58189 62 58325 66 58445 62 58582 67 58701 63 58839 66 58957 63 59096 66 59213 64 59353 38 59392 26 59469 64 59609 37 59648 27 59726 63 59867 34 59904 27 59983 61 60123 34 60160 27 60238 62 60382 29 60416 28 60494 62 60639 27 60672 29 60750 62 60828 5 60895 26 60928 29 61007 62 61083 7 61151 25 61184 29 61263 62 61338 9 61407 24 61440 29 61520 63 61594 8 61662 25 61696 29 61777 63 61851 7 61918 25 61952 29 62033 64 62107 6 62174 25 62208 29 62289 64 62431 24 62464 29 62544 65 62687 24 62720 30 62799 68 62943 22 62976 30 63055 70 63199 20 63232 30 63309 76 63454 15 63488 30 63565 78 63710 14 63744 31 63820 79 63965 14 64000 31 64075 80 64221 13 64256 31 64329 82 64476 14 64512 32 64584 83 64731 14 64768 33 64839 83 64971 6 64986 15 65024 33 65095 83 65227 7 65241 15 65280 33 65351 82 65482 9 65496 15
711772,21281 4 21537 4 21795 1 23077 2 23331 5 23587 6 23842 9 24097 10 24127 4 24353 12 24376 13 24609 13 24632 13 24865 14 24888 13 25121 14 25145 13 25377 14 25401 14 25633 14 25658 13 25888 15 25915 11 26144 15 26171 11 26400 15 26430 4 26656 14 26912 13 27169 12 27427 2
715702,0 65536
719371,0 12 131 42 210 58 387 44 466 58 644 43 722 58 900 43 978 37 1017 19 1156 43 1234 36 1275 17 1412 43 1489 36 1536 13 1668 43 1745 36 1792 15 1924 43 2002 35 2048 17 2180 44 2258 35 2304 22 2436 43 2516 33 2560 24 2688 47 2772 33 2816 27 2941 50 3029 32 3072 28 3139 2 3197 51 3287 30 3328 29 3392 7 3446 1 3451 54 3547 25 3584 29 3647 8 3704 57 3803 25 3840 28 3882 5 3903 8 3959 58 4060 23 4096 27 4137 6 4159 8 4215 58 4316 23 4352 27 4393 6 4415 8 4472 57 4573 22 4608 26 4648 7 4670 9 4728 57 4829 22 4864 25 4904 7 4926 8 4984 56 5086 19 5120 24 5182 7 5240 55 5342 19 5376 23 5439 5 5496 54 5598 19 5632 23 5751 55 5854 18 5888 23 6007 55 6109 18 6144 22 6263 56 6365 18 6400 22 6518 61 6621 16 6656 25 6774 61 6876 16 6912 27 7030 62 7130 17 7168 27 7285 64 7385 17 7424 28 7541 64 7640 17 7680 28 7795 66 7895 18 7936 28 8049 68 8149 20 8192 28 8304 69 8405 20 8448 29 8559 70 8660 20 8704 30 8815 70 8916 20 8960 31 9071 69 9171 8 9181 10 9215 32 9326 69 9427 6 9437 8 9471 32 9581 67 9682 1 9685 4 9693 5 9726 33 9837 64 9942 3 9949 4 9981 34 10093 60 10198 10 10237 33 10349 60 10455 8 10493 30 10605 4 10614 51 10709 11 10748 31 10862 1 10871 50 10965 12 11004 29 11127 44 11173 5 11221 12 11260 28 11383 42 11431 3 11477 11 11516 26 11638 42 11734 9 11772 26 11893 42 11990 9 12028 26 12147 42 12247 7 12284 27 12403 38 12505 4 12540 27 12658 45 12796 27 12914 51 13039 2 13051 29 13169 54 13292 14 13307 29 13425 55 13547 45 13681 56 13788 4 13802 46 13937 56 14043 6 14058 47 14194 55 14299 6 14313 49 14450 29 14482 23 14555 6 14569 56 14707 26 14737 24 14813 4 14825 56 14965 22 14993 23 15070 2 15081 57 15228 12 15248 23 15337 58 15485 11 15504 23 15593 58 15741 10 15761 21 15847 60 15997 10 16017 11 16032 5 16101 18 16124 39 16196 5 16253 9 16274 8 16354 15 16382 37 16451 8 16510 7 16531 6 16609 15 16640 34 16707 8 16767 6 16865 14 16896 34 16963 8 17024 4 17121 13 17152 32 17219 8 17377 12 17408 31 17475 8 17491 1 17633 11 17664 30 17703 5 17734 3 17745 4 17890 10 17920 29 17958 7 18000 5 18146 9 18176 29 18212 9 18256 6 18403 8 18428 33 18467 10 18512 6 18659 8 18683 34 18723 10 18769 6 18873 2 18881 2 18916 4 18939 33 18979 9 19025 6 19129 3 19136 3 19195 33 19237 5 19282 5 19384 11 19450 34 19538 3 19640 11 19706 33 19849 1 19896 11 19962 32 20105 2 20142 2 20153 10 20217 32 20359 5 20397 4 20413 6 20436 6 20473 31 20615 6 20652 6 20671 4 20691 8 20728 31 20870 6 20908 6 20946 9 20978 36 21126 5 21165 5 21202 9 21233 36 21381 6 21421 5 21458 12 21486 39 21637 5 21677 5 21713 18 21741 38 21893 3 21935 3 21969 20 21995 40 22137 1 22149 2 22191 2 22225 20 22251 39 22481 22 22505 40 22724 1 22736 65 22965 4 22971 10 22991 65 23220 17 23247 64 23357 5 23475 18 23503 64 23613 5 23731 16 23759 62 23869 5 23987 13 24015 61 24125 5 24243 9 24270 59 24382 3 24398 8 24500 7 24526 57 24639 2 24653 10 24756 6 24782 56 24908 12 25013 5 25038 56 25163 13 25269 6 25293 57 25402 5 25417 16 25456 6 25526 5 25544 62 25657 7 25669 20 25712 7 25783 4 25799 62 25913 32 25967 9 26040 4 26055 62 26169 32 26223 9 26297 4 26311 61 26423 36 26479 9 26553 5 26567 60 26679 36 26735 9 26809 6 26823 59 26927 4 26933 38 26991 9 27066 6 27079 66 27181 46 27246 10 27322 7 27335 57 27393 10 27413 4 27435 48 27500 12 27579 6 27592 56 27649 10 27667 6 27691 49 27755 13 27835 6 27848 10 27863 1 27872 32 27906 24 27944 53 28006 18 28091 6 28105 7 28131 29 28162 24 28199 54 28261 18 28347 6 28361 6 28387 29 28421 20 28455 57 28515 22 28605 4 28617 5 28643 29 28677 20 28710 86 28862 3 28873 5 28900 28 28936 16 28965 88 29119 2 29129 5 29156 28 29194 13 29221 88 29375 6 29384 6 29413 27 29451 11 29477 88 29630 17 29669 27 29708 10 29733 88 29886 19 29925 27 29964 10 29988 89 30142 25 30181 27 30221 9 30241 86 30331 1 30398 26 30438 26 30477 10 30493 89 30665 16 30694 26 30733 12 30747 91 30921 16 30950 26 30989 105 31178 21 31206 26 31245 105 31434 23 31462 26 31501 106 31621 6 31690 25 31718 26 31757 107 31877 6 31946 25 31973 27 32013 112 32132 8 32203 53 32268 113 32388 9 32459 53 32524 113 32643 10 32667 7 32715 53 32780 114 32899 10 32923 8 32971 53 33036 114 33154 11 33178 10 33227 53 33291 115 33409 12 33433 12 33483 53 33541 2 33546 115 33665 12 33689 12 33739 53 33795 122 33920 13 33945 13 33995 53 34051 139 34199 14 34250 54 34307 139 34455 14 34506 54 34563 139 34711 14 34762 54 34819 140 34968 13 35018 54 35074 141 35229 7 35274 54 35331 140 35486 3 35531 53 35589 138 35794 46 35849 134 36050 46 36106 127 36307 45 36363 125 36563 45 36619 125 36810 4 36819 45 36875 126 37065 7 37075 45 37131 126 37320 9 37331 45 37386 128 37576 56 37641 130 37831 57 37896 131 38087 57 38150 131 38343 57 38406 131 38600 56 38660 133 38856 12 38873 39 38916 133 39113 11 39130 38 39172 133 39369 9 39389 35 39429 131 39625 8 39645 35 39685 130 39901 36 39942 129 40157 168 40412 167 40652 3 40668 167 40907 6 40923 167 41163 7 41179 166 41419 182 41677 180 41936 176 42193 177 42450 177 42707 176 42964 175 43221 175 43483 168 43739 168 43995 168 44251 57 44312 106 44506 57 44569 104 44761 57 44827 102 45016 58 45083 102 45271 59 45339 102 45527 60 45595 102 45783 60 45849 104 46039 48 46089 10 46105 104 46295 48 46347 8 46361 104 46551 48 46604 7 46616 105 46807 48 46860 6 46871 106 47063 48 47116 6 47126 107 47319 48 47373 6 47381 108 47577 46 47629 116 47834 45 47887 114 48096 39 48143 114 48353 38 48401 112 48609 38 48657 112 48864 41 48914 111 49119 42 49171 110 49374 44 49428 109 49629 46 49684 109 49884 48 49941 108 50139 49 50197 108 50395 49 50453 108 50651 49 50709 108 50907 49 50965 108 51164 48 51222 107 51420 49 51479 6 51487 98 51676 49 51735 6 51743 98 51933 47 51992 107 52189 46 52249 106 52445 47 52505 106 52699 50 52761 106 52954 51 53018 105 53207 54 53273 106 53393 2 53463 55 53529 105 53649 4 53718 56 53785 104 53905 4 53974 57 54041 103 54161 5 54231 56 54296 103 54417 6 54487 56 54551 104 54673 6 54729 2 54743 56 54807 103 54929 6 54985 3 54999 56 55063 4 55075 91 55185 5 55240 5 55255 56 55319 4 55332 91 55444 1 55497 2 55510 58 55575 3 55589 90 55766 50 55817 8 55831 3 55845 90 56022 60 56086 5 56101 93 56277 54 56332 7 56341 6 56357 94 56533 70 56613 96 56788 57 56849 10 56869 96 57044 57 57106 9 57127 95 57289 1 57300 57 57362 8 57383 95 57545 1 57557 56 57619 7 57640 95 57800 2 57814 55 57876 6 57897 94 58056 3 58071 54 58132 7 58154 93 58312 3 58327 54 58388 7 58410 93 58568 3 58583 53 58645 6 58667 8 58676 83 58825 2 58841 51 58901 7 58923 6 58933 82 59081 3 59097 50 59160 5 59180 4 59189 80 59337 2 59357 46 59416 5 59437 2 59445 80 59613 46 59667 1 59671 5 59701 78 59870 44 59923 1 59928 4 59957 78 60126 43 60178 2 60186 2 60215 75 60382 42 60434 2 60443 1 60472 73 60638 42 60690 2 60712 1 60730 71 60893 46 60987 70 61149 47 61244 69 61405 46 61455 3 61500 69 61661 46 61711 4 61757 68 61917 46 61967 4 61973 1 62013 67 62173 48 62223 3 62269 67 62428 49 62480 1 62526 66 62684 49 62785 62 62940 48 63041 62 63197 47 63299 61 63453 47 63555 60 63709 46 63760 1 63811 60 63965 46 64015 4 64066 61 64222 45 64322 61 64477 46 64577 62 64732 47 64835 59 64985 53 65093 57 65241 54 65351 54 65496 40
722180,0 231 256 231 512 231 768 231 1024 231 1280 25 1312 199 1536 26 1568 199 1792 27 1824 201 2048 28 2080 201 2304 28 2335 202 2560 28 2591 202 2816 233 3072 233 3328 233 3584 234 3840 234 4096 234 4352 234 4608 235 4864 235 5120 236 5376 236 5632 236 5888 237 6144 237 6400 237 6656 237 6912 237 7168 237 7424 237 7680 238 7936 238 8192 239 8448 239 8704 239 8960 239 9216 239 9472 240 9728 240 9984 240 10240 240 10496 240 10752 240 11008 241 11264 241 11520 241 11776 241 12032 241 12288 241 12544 242 12800 242 13056 242 13312 242 13568 242 13824 242 14080 242 14336 243 14592 243 14848 244 15104 244 15360 244 15616 245 15872 245 16128 245 16384 245 16640 246 16896 246 17152 247 17408 247 17664 247 17920 247 18176 247 18431 248 18687 249 18942 250 19198 251 19454 251 19710 251 19967 250 20223 251 20479 251 20735 251 20991 251 21248 250 21504 251 21760 251 22016 251 22272 251 22528 251 22784 251 23040 251 23296 251 23552 252 23808 252 24064 253 24320 253 24576 253 24832 253 25088 253 25344 254 25600 255 25856 255 26112 18695 44811 250 45069 244 45327 241 45583 241 45840 240 46097 239 46355 240 46613 242 46859 6 46871 250 47129 250 47391 244 47648 245 47905 244 48161 244 48417 244 48673 243 48930 241 49186 238 49443 237 49701 235 49961 231 50219 230 50475 230 50731 230 50987 230 51243 230 51499 230 51755 229 52011 228 52267 226 52524 165 52693 56 52781 163 52949 55 53039 150 53205 56 53296 149 53461 56 53553 148 53716 58 53809 148 53971 60 54064 151 54221 66 54319 224 54575 224 54830 224 55084 226 55339 226 55593 228 55849 198 56060 18 56104 199 56320 14 56359 200 56576 15 56615 202 56832 15 56871 202 57088 15 57126 203 57344 16 57382 203 57600 17 57638 204 57856 17 57894 204 58112 18 58151 203 58368 19 58407 202 58624 19 58663 202 58880 19 58919 202 59136 18 59175 202 59392 17 59432 201 59648 16 59691 197 59904 15 59948 78 60029 115 60160 15 60205 27 60234 47 60288 111 60416 13 60461 26 60492 44 60545 110 60672 12 60717 24 60749 42 60804 109 60928 11 60973 24 61007 39 61060 109 61184 1 61229 22 61264 37 61316 111 61440 3 61485 22 61519 37 61571 112 61696 4 61743 20 61775 35 61825 116 61945 12 61999 20 62031 34 62081 132 62258 16 62285 36 62337 133 62516 13 62541 36 62592 134 62773 12 62797 36 62847 135 63031 9 63053 38 63103 135 63309 184 63565 184 63821 184 64076 184 64332 183 64525 2 64588 181 64779 5 64844 181 65035 5 65100 180 65292 4 65356 180
726981,31 22 109 8 121 4 292 19 364 8 548 19 620 7 805 19 875 8 1061 20 1131 8 1317 21 1386 8 1507 4 1573 21 1641 8 1762 6 1829 21 1897 8 2017 8 2085 21 2152 9 2272 10 2341 21 2408 8 2527 12 2597 20 2664 8 2782 15 2854 19 2920 7 3036 20 3110 18 3176 7 3292 21 3367 15 3433 5 3449 1 3547 22 3623 14 3689 4 3803 22 3880 10 4059 22 4089 4 4137 8 4315 22 4345 4 4571 22 4598 7 4825 23 4853 8 5077 26 5109 8 5332 27 5365 7 5433 2 5587 17 5605 8 5621 6 5683 10 5843 26 5877 6 5935 16 6100 21 6133 7 6191 16 6356 19 6389 7 6400 1 6446 17 6611 22 6645 7 6656 2 6701 18 6867 22 6901 7 6912 3 6955 20 7122 24 7157 6 7168 3 7211 20 7372 31 7413 6 7424 2 7465 22 7626 34 7671 1 7680 1 7721 22 7881 35 7977 27 8137 36 8233 28 8393 38 8489 29 8649 44 8745 30 8905 45 9001 31 9160 51 9257 31 9416 51 9512 32 9672 51 9767 33 9928 51 10023 33 10184 51 10278 33 10440 51 10533 34 10695 52 10789 34 10951 52 11044 35 11207 52 11299 36 11463 52 11555 35 11719 50 11810 36 11975 50 12065 37 12230 48 12321 37 12485 48 12576 38 12699 3 12743 2 12746 26 12781 6 12831 39 12953 7 13002 25 13087 38 13201 18 13259 22 13343 38 13455 21 13515 21 13598 39 13709 24 13771 18 13854 39 13963 27 14026 18 14110 40 14217 30 14281 18 14366 40 14472 31 14537 18 14623 40 14727 32 14793 16 14847 1 14879 40 14981 34 15048 15 15102 2 15135 40 15237 33 15303 15 15325 5 15345 15 15391 40 15492 34 15559 15 15581 8 15601 15 15646 41 15740 1 15747 35 15815 14 15837 15 15856 16 15901 42 15994 45 16072 12 16093 35 16154 45 16247 48 16329 10 16349 35 16409 46 16500 51 16585 9 16605 35 16664 47 16753 54 16821 5 16843 5 16861 35 16920 47 17008 55 17076 9 17100 1 17114 38 17176 47 17262 56 17330 12 17369 39 17432 46 17517 58 17577 22 17624 40 17688 45 17773 82 17879 41 17945 44 18028 83 18135 41 18200 44 18285 82 18390 42 18456 43 18541 82 18646 42 18711 43 18797 82 18901 43 18966 43 19053 82 19157 43 19221 44 19309 82 19413 43 19477 43 19565 82 19669 43 19732 44 19821 83 19923 45 19988 43 20076 84 20179 45 20243 44 20330 87 20433 47 20499 43 20585 89 20688 48 20753 44 20840 91 20943 49 21007 46 21095 92 21199 49 21261 47 21351 91 21455 49 21516 48 21606 91 21711 49 21770 50 21861 90 21966 49 22025 51 22117 90 22222 48 22280 53 22373 90 22477 51 22535 54 22629 90 22731 53 22791 54 22884 91 22987 53 23047 54 23139 92 23242 54 23303 54 23394 92 23497 55 23558 55 23649 92 23753 55 23813 56 23904 91 24008 56 24069 50 24121 3 24159 90 24263 57 24325 48 24414 90 24518 58 24583 46 24669 60 24730 29 24772 60 24846 38 24925 57 24988 2 24994 21 25024 64 25103 37 25181 56 25244 1 25250 21 25279 65 25359 36 25436 55 25506 21 25535 65 25616 35 25692 55 25762 21 25791 65 25871 34 25947 54 26018 23 26046 66 26127 32 26203 52 26274 25 26301 67 26384 22 26409 4 26459 52 26530 94 26640 21 26715 51 26786 94 26896 21 26972 49 27043 13 27058 78 27151 22 27228 48 27299 10 27314 79 27405 24 27485 46 27555 3 27571 81 27661 24 27741 46 27812 1 27827 86 27916 24 27997 46 28083 113 28254 44 28339 104 28445 4 28511 42 28597 102 28767 42 28853 6 28862 95 29024 34 29110 3 29119 94 29285 28 29366 3 29376 93 29543 25 29623 1 29632 94 29800 23 29878 2 29888 94 30057 21 30134 2 30145 93 30313 20 30390 3 30401 93 30569 20 30646 3 30656 94 30825 19 30902 3 30911 95 31076 23 31159 103 31331 23 31415 104 31583 18 31671 104 31833 24 31928 103 32087 27 32184 103 32342 29 32440 103 32598 29 32696 103 32854 29 32952 104 33110 28 33209 102 33367 26 33465 102 33623 25 33722 101 33880 24 33979 98 34136 23 34235 97 34393 22 34491 96 34651 19 34749 93 34908 17 35005 93 35149 6 35167 12 35262 92 35395 2 35405 7 35424 11 35518 92 35649 7 35661 8 35773 93 35904 9 35916 10 36028 95 36159 24 36283 96 36414 25 36538 97 36670 26 36793 98 36927 26 37049 98 37179 1 37184 25 37304 98 37441 24 37559 98 37698 23 37815 56 37873 14 37888 25 37955 21 38071 55 38130 13 38144 25 38221 11 38326 56 38388 10 38400 24 38478 10 38582 55 38645 8 38656 24 38735 10 38838 55 38903 5 38912 24 38991 10 39094 55 39159 5 39168 24 39247 10 39350 55 39416 4 39424 24 39503 10 39607 54 39673 3 39680 23 39759 10 39786 3 39863 56 39930 29 40015 10 40040 6 40119 57 40187 28 40272 9 40294 9 40376 57 40443 27 40528 9 40549 11 40633 56 40699 26 40784 9 40803 14 40891 54 40954 27 41040 10 41058 17 41147 38 41187 19 41209 28 41297 10 41313 22 41396 2 41405 34 41453 40 41553 9 41568 25 41651 3 41662 31 41707 41 41810 6 41823 35 41907 3 41923 19 41961 43 42066 5 42079 36 42127 5 42163 3 42181 15 42217 40 42323 2 42335 38 42382 7 42417 6 42438 13 42472 40 42579 1 42591 38 42637 8 42673 6 42695 11 42727 38 42847 39 42893 8 42927 8 42953 2 42983 37 43091 1 43103 39 43149 8 43181 9 43238 37 43346 2 43358 40 43405 8 43435 10 43494 37 43603 2 43614 40 43661 8 43691 10 43749 38 43859 2 43868 42 43919 4 43947 11 44005 38 44115 4 44122 44 44175 4 44203 11 44261 37 44371 50 44463 6 44494 5 44516 38 44627 50 44719 6 44749 6 44771 39 44882 50 44958 7 44977 2 45005 6 45027 38 45138 49 45213 8 45261 6 45283 38 45393 50 45469 7 45518 5 45538 39 45649 49 45725 7 45774 5 45793 39 45905 47 45981 7 46031 4 46046 41 46141 2 46160 47 46238 6 46287 4 46301 41 46397 2 46416 45 46494 3 46541 6 46555 42 46652 3 46672 45 46750 2 46796 7 46810 43 46907 4 46928 45 47052 10 47063 45 47163 4 47184 45 47307 56 47421 2 47440 45 47563 55 47697 44 47819 54 47953 44 48075 53 48209 44 48331 53 48466 42 48586 54 48722 41 48787 6 48840 56 48978 35 49041 10 49059 2 49094 24 49121 31 49230 37 49297 11 49316 1 49349 59 49485 37 49552 13 49572 1 49604 60 49741 36 49809 12 49859 61 49997 35 50065 11 50115 46 50253 34 50322 10 50371 45 50508 34 50579 8 50627 44 50761 36 50837 6 50882 44 51015 28 51095 1 51138 43 51272 24 51393 43 51529 21 51649 40 51785 22 51905 40 52041 22 52159 42 52298 21 52413 44 52553 23 52662 53 52809 24 52917 54 53064 25 53173 55 53319 26 53429 55 53569 32 53605 2 53685 56 53824 33 53861 2 53941 56 54079 33 54124 5 54173 6 54196 57 54333 34 54379 6 54428 7 54451 58 54583 41 54635 6 54683 10 54707 58 54837 43 54890 7 54939 10 54963 58 55092 45 55147 6 55195 11 55220 56 55347 47 55405 3 55451 11 55476 56 55603 48 55707 12 55729 2 55733 54 55859 48 55964 15 55985 2 55989 53 56113 49 56221 23 56247 50 56369 49 56477 24 56504 49 56623 50 56734 74 56878 51 56991 73 57133 17 57151 34 57249 70 57388 17 57408 34 57505 70 57642 18 57665 33 57761 70 57897 18 57921 34 58018 69 58152 59 58275 18 58296 47 58408 59 58532 15 58553 45 58663 59 58788 14 58810 43 58919 58 59045 13 59066 43 59174 51 59301 12 59322 41 59428 52 59557 12 59578 41 59647 1 59679 56 59811 15 59833 42 59902 2 59935 55 60067 16 60089 42 60157 3 60191 54 60324 64 60413 3 60447 53 60580 64 60669 3 60701 55 60838 49 60891 10 60925 3 60956 56 61097 46 61148 9 61181 3 61211 57 61355 43 61405 8 61437 3 61466 58 61611 44 61661 8 61693 3 61722 58 61867 45 61918 6 61949 3 61977 59 62123 45 62174 5 62205 3 62234 57 62378 40 62422 2 62460 4 62490 57 62633 41 62716 4 62747 54 62888 41 62972 4 63003 53 63143 40 63228 4 63263 47 63397 41 63484 4 63519 46 63653 41 63741 3 63777 42 63888 6 63908 40 63999 1 64033 42 64143 7 64164 39 64290 41 64397 10 64419 40 64546 41 64652 12 64673 42 64803 40 64908 15 64925 45 65059 40 65164 63 65316 15 65333 21 65421 62
732471, 
734470,118 3 373 6 629 7 884 10 1139 12 1345 7 1394 15 1597 12 1649 17 1851 20 1901 22 2105 24 2157 22 2360 27 2413 24 2445 2 2615 28 2668 25 2699 5 2868 31 2923 38 3123 33 3179 38 3379 34 3434 41 3634 35 3691 40 3890 35 3948 39 4146 35 4204 40 4402 35 4461 52 4658 35 4718 53 4913 35 4974 55 5169 35 5231 54 5419 40 5487 55 5674 41 5743 56 5929 42 5997 60 6185 42 6253 60 6440 43 6509 60 6695 44 6749 4 6764 61 6950 45 7005 6 7019 63 7205 45 7261 6 7275 63 7457 47 7517 6 7531 63 7713 46 7773 6 7787 63 7941 8 7967 47 8042 64 8192 14 8223 46 8297 65 8448 15 8479 45 8553 65 8704 15 8735 44 8808 67 8960 16 8991 41 9063 68 9216 17 9246 41 9319 68 9472 18 9497 42 9574 69 9728 18 9751 44 9829 70 9984 19 10005 46 10085 72 10240 67 10340 73 10496 67 10595 76 10752 67 10851 76 11008 66 11106 77 11264 66 11340 3 11362 77 11520 66 11592 9 11618 76 11776 66 11847 10 11874 75 12032 65 12103 9 12131 74 12288 65 12358 10 12387 73 12544 63 12615 8 12643 73 12800 61 12873 4 12899 73 13056 59 13155 74 13312 58 13411 74 13568 57 13667 75 13824 56 13923 76 14080 56 14177 78 14336 56 14433 78 14592 55 14688 80 14848 55 14944 81 15104 55 15199 48 15251 30 15360 55 15454 49 15508 29 15616 53 15707 52 15765 12 15778 15 15872 53 15963 52 16022 8 16035 13 16128 50 16219 52 16275 10 16295 8 16384 48 16453 4 16475 53 16531 10 16640 47 16708 7 16732 66 16896 47 16963 8 16988 66 17153 45 17219 10 17245 66 17409 45 17475 8 17501 66 17667 42 17731 6 17757 66 17923 42 17987 5 18013 66 18179 42 18243 4 18257 4 18267 68 18435 42 18500 3 18512 6 18523 67 18691 43 18768 8 18777 68 18947 26 18975 14 19024 77 19203 26 19233 12 19281 76 19458 29 19489 12 19537 76 19713 31 19747 9 19783 3 19793 78 19969 32 20004 7 20039 4 20049 79 20225 31 20294 6 20305 82 20481 31 20550 7 20561 82 20737 31 20805 9 20817 85 20992 32 21061 11 21073 86 21248 32 21317 12 21330 87 21504 33 21573 100 21760 35 21830 100 22016 35 22087 100 22272 36 22341 102 22528 36 22597 102 22784 37 22851 105 23040 37 23106 106 23296 37 23361 107 23552 37 23617 107 23808 39 23864 1 23873 107 24064 39 24118 5 24129 106 24320 39 24371 10 24384 108 24576 40 24626 122 24832 41 24877 64 24945 59 25088 42 25132 65 25201 60 25344 107 25459 58 25539 2 25600 107 25715 58 25794 4 25856 106 25971 58 26049 7 26112 104 26227 58 26304 9 26368 101 26483 57 26560 9 26624 99 26739 57 26816 9 26880 99 26994 57 27071 10 27136 99 27249 56 27327 10 27392 99 27501 58 27583 10 27648 98 27757 58 27839 10 27904 97 28013 11 28035 30 28092 13 28160 97 28269 10 28291 28 28347 14 28416 95 28525 6 28547 28 28601 14 28672 93 28781 6 28803 28 28857 13 28928 91 29037 4 29059 29 29112 13 29184 90 29314 31 29367 13 29440 89 29569 33 29623 12 29696 89 29824 35 29879 12 29952 88 30077 38 30135 12 30208 87 30331 40 30392 10 30464 87 30587 40 30649 9 30720 87 30843 40 30905 9 30976 5 30985 79 31100 40 31161 10 31232 3 31243 78 31356 41 31418 9 31499 79 31613 40 31675 9 31756 79 31869 41 31930 10 32013 80 32125 41 32183 14 32270 7 32278 71 32381 41 32438 15 32529 76 32638 40 32693 16 32785 76 32894 39 32949 15 33041 76 33151 38 33205 14 33297 76 33407 38 33461 14 33553 76 33656 3 33663 37 33717 14 33809 76 33911 6 33919 37 33973 13 34065 76 34167 45 34228 13 34320 77 34422 46 34484 12 34562 2 34575 77 34677 49 34740 8 34817 6 34831 77 34933 50 34996 8 35072 91 35189 51 35253 6 35328 92 35443 54 35509 6 35584 92 35697 56 35840 92 35953 56 36096 93 36207 59 36352 93 36462 61 36608 94 36712 67 36813 2 36864 95 36967 68 37069 2 37120 96 37221 70 37325 3 37376 96 37477 68 37583 1 37632 97 37734 65 37888 97 37990 65 38144 99 38246 64 38400 99 38501 64 38656 164 38912 164 39168 163 39353 4 39424 163 39609 7 39680 163 39863 10 39936 163 40119 10 40192 163 40374 11 40448 162 40629 12 40704 161 40885 13 40960 160 41140 15 41216 95 41315 59 41395 16 41428 1 41472 95 41571 59 41651 16 41728 94 41828 58 41906 17 41984 94 42085 57 42162 17 42240 94 42341 58 42419 15 42496 94 42597 58 42675 14 42752 93 42853 58 42932 13 43008 93 43109 58 43189 13 43264 93 43365 58 43446 14 43520 93 43621 58 43701 16 43776 92 43877 58 43956 20 44032 80 44114 9 44134 57 44211 22 44288 79 44372 6 44397 48 44466 23 44544 78 44629 4 44655 42 44721 25 44800 77 44911 41 44975 28 45056 76 45167 40 45230 29 45312 73 45423 40 45485 30 45568 72 45680 39 45740 31 45825 68 45936 38 45995 33 46082 60 46193 37 46251 34 46339 57 46450 37 46505 37 46595 56 46707 38 46761 37 46852 54 46965 38 47016 39 47108 54 47222 37 47272 40 47363 54 47479 38 47527 42 47620 52 47736 37 47783 42 47876 51 47994 36 48039 42 48132 50 48251 35 48294 43 48389 48 48512 31 48550 43 48646 47 48770 29 48805 44 48903 45 49029 26 49061 44 49160 45 49243 4 49285 26 49317 44 49417 47 49481 4 49497 10 49543 23 49573 44 49674 51 49736 7 49753 11 49799 22 49828 44 49931 55 49991 9 50009 12 50056 21 50082 37 50187 56 50247 9 50264 13 50313 19 50338 37 50443 70 50520 13 50569 19 50594 35 50699 70 50776 13 50825 19 50850 35 50955 25 50987 38 51032 12 51082 17 51107 34 51211 70 51288 12 51338 17 51364 32 51467 70 51544 11 51596 13 51621 30 51723 2 51727 66 51799 13 51855 10 51879 28 51979 1 51983 66 52055 14 52115 4 52138 23 52240 65 52310 15 52396 20 52492 3 52500 81 52654 17 52748 3 52756 82 52911 16 53004 3 53013 82 53168 14 53260 3 53269 82 53423 14 53517 2 53525 84 53668 3 53677 12 53773 2 53782 84 53923 8 53933 11 54039 84 54178 21 54295 84 54433 21 54551 84 54689 21 54806 85 54945 20 55061 86 55202 17 55296 1 55316 86 55552 3 55571 72 55644 13 55808 3 55826 71 55901 12 56064 3 56081 70 56161 8 56179 1 56320 3 56337 68 56419 6 56434 2 56576 3 56592 69 56675 7 56689 4 56832 3 56847 70 56931 8 56945 4 57091 4 57101 72 57187 10 57200 6 57347 4 57356 74 57441 12 57455 8 57603 84 57696 23 57859 84 57952 24 58115 85 58209 23 58371 85 58465 23 58627 86 58722 23 58883 86 58980 21 59139 86 59238 19 59395 86 59495 18 59652 85 59753 16 59908 85 60010 15 60165 84 60267 20 60421 84 60523 21 60677 84 60778 23 60933 84 61033 25 61189 84 61289 26 61445 84 61544 27 61701 86 61800 27 61897 4 61957 86 62055 28 62153 4 62212 89 62311 28 62395 4 62406 7 62467 90 62567 27 62649 8 62658 11 62720 93 62821 22 62844 3 62905 20 62976 94 63077 20 63161 20 63232 94 63332 19 63418 18 63488 94 63587 20 63674 18 63744 94 63843 20 63930 17 64000 94 64099 20 64187 16 64256 7 64265 84 64354 20 64439 20 64512 5 64521 83 64610 20 64694 21 64768 3 64777 82 64866 18 64949 21 65024 1 65033 81 65122 17 65205 21 65290 79 65381 14 65460 21
737692,0 65536
747518,0 65536
748680,0 65536
769836,83 25 340 25 596 25 849 28 1085 5 1104 30 1340 7 1357 33 1596 8 1611 35 1851 10 1864 38 2107 11 2119 40 2363 52 2620 51 2876 52 3133 52 3389 52 3645 52 3896 58 4151 59 4406 60 4661 62 4917 62 5120 1 5174 61 5376 3 5430 61 5632 3 5687 60 5888 4 5943 61 6144 4 6199 62 6400 5 6456 61 6656 5 6712 61 6912 5 6969 60 7168 5 7224 61 7424 5 7478 63 7680 5 7733 64 7936 3 7989 66 8192 1 8245 66 8501 66 8757 67 9015 8 9029 51 9272 6 9285 52 9543 50 9799 50 10055 51 10312 50 10569 50 10759 7 10826 49 11013 12 11082 49 11269 13 11338 49 11524 16 11593 50 11776 20 11849 50 12032 5 12038 14 12105 50 12288 5 12295 13 12360 52 12544 5 12559 3 12616 53 12800 5 12872 53 13056 5 13077 1 13127 54 13312 6 13333 2 13383 54 13568 7 13589 2 13639 53 13824 7 13845 2 13895 53 14080 7 14150 53 14336 7 14405 54 14592 7 14661 54 14848 7 14917 54 15104 8 15174 53 15360 8 15431 53 15616 9 15688 54 15872 9 15944 55 16128 9 16202 56 16384 9 16405 1 16459 56 16643 6 16658 6 16717 54 16913 16 16973 54 17168 18 17230 53 17424 18 17487 52 17680 18 17745 51 17935 19 18002 50 18190 20 18261 48 18445 10 18459 7 18517 48 18700 9 18716 5 18776 46 18955 10 18972 5 19033 45 19208 13 19229 4 19293 41 19462 15 19486 3 19549 42 19712 19 19805 42 19968 19 20061 42 20224 19 20252 5 20318 41 20480 19 20507 6 20574 41 20736 19 20763 6 20831 40 20992 19 21019 6 21087 40 21248 19 21275 7 21344 39 21504 19 21532 5 21600 39 21760 20 21856 39 22016 20 22113 38 22272 22 22369 40 22528 23 22625 40 22784 24 22882 41 23040 24 23138 41 23296 25 23395 40 23552 25 23651 40 23808 25 23908 39 24064 25 24114 2 24165 38 24320 27 24368 5 24419 39 24576 28 24624 7 24675 38 24832 30 24869 4 24879 8 24929 39 25088 31 25125 5 25135 9 25181 43 25344 32 25379 22 25435 44 25600 32 25635 23 25690 43 25856 32 25889 26 25945 39 26112 32 26145 27 26201 38 26368 31 26401 30 26457 15 26479 15 26624 23 26657 30 26705 2 26713 13 26735 14 26880 21 26913 32 26955 27 26993 12 27136 21 27169 33 27209 29 27249 12 27392 20 27425 34 27461 33 27507 8 27648 20 27681 69 27763 8 27904 17 27939 67 28019 7 28160 16 28195 67 28275 7 28416 15 28453 67 28530 8 28672 15 28709 68 28785 9 28928 15 28967 66 29041 9 29066 6 29184 15 29223 66 29297 9 29321 9 29440 15 29479 66 29554 8 29577 10 29696 15 29735 66 29810 8 29832 11 29952 15 29991 66 30067 6 30088 13 30208 15 30247 66 30325 3 30344 13 30464 15 30502 67 30600 13 30720 15 30758 67 30856 13 30976 15 31011 70 31112 13 31232 15 31265 72 31359 6 31368 14 31488 14 31519 74 31613 9 31626 13 31744 14 31773 75 31869 9 31883 12 32000 14 32028 76 32125 10 32139 12 32256 14 32283 66 32351 8 32380 11 32396 11 32512 15 32538 65 32610 5 32636 11 32653 10 32768 16 32793 66 32892 11 32909 10 33024 90 33136 3 33148 11 33164 11 33280 89 33391 5 33403 28 33536 89 33647 6 33658 29 33792 89 33903 7 33913 30 34048 89 34159 41 34304 89 34415 41 34560 89 34671 43 34816 89 34927 44 35072 90 35183 44 35328 89 35440 43 35584 89 35698 42 35840 89 35955 41 36096 87 36211 42 36352 85 36467 42 36608 83 36723 43 36864 82 36978 44 37120 81 37223 6 37233 46 37376 81 37479 56 37632 81 37734 57 37888 81 37989 59 38144 73 38219 5 38243 61 38400 73 38499 61 38656 73 38753 64 38912 72 38993 11 39007 66 39168 72 39249 80 39424 72 39505 80 39680 72 39761 80 39936 73 40017 80 40192 73 40273 81 40448 74 40530 80 40704 75 40787 80 40960 75 41043 80 41216 75 41299 80 41472 59 41536 9 41555 80 41728 58 41811 80 41984 58 42067 81 42240 58 42321 84 42496 58 42577 84 42753 57 42833 84 43009 57 43088 85 43267 56 43344 85 43524 55 43599 86 43781 57 43855 87 44038 57 44111 87 44295 57 44367 87 44552 57 44623 87 44809 56 44879 38 44924 43 45067 53 45135 36 45181 41 45325 2 45331 42 45391 36 45437 41 45588 41 45648 35 45694 40 45844 41 45904 35 45952 37 46101 40 46160 35 46209 18 46231 14 46357 40 46416 35 46469 13 46488 13 46613 40 46672 35 46729 8 46745 12 46868 42 46928 35 46987 6 47002 12 47124 43 47184 35 47243 6 47258 12 47379 50 47441 33 47499 7 47515 12 47635 52 47697 33 47754 9 47770 13 47889 56 47952 34 48007 12 48026 16 48145 58 48208 34 48257 18 48282 17 48401 59 48465 34 48513 18 48538 17 48657 60 48721 35 48770 17 48795 16 48913 60 48978 35 49026 17 49051 4 49061 6 49171 59 49235 35 49283 16 49318 5 49435 52 49492 35 49539 14 49575 3 49692 52 49751 32 49795 13 49920 5 49950 51 50011 28 50052 10 50176 6 50207 50 50268 27 50310 6 50432 7 50465 49 50525 26 50688 7 50722 23 50748 23 50781 14 50797 10 50944 9 50981 4 50989 8 51004 23 51039 12 51055 9 51200 11 51245 7 51260 23 51296 11 51308 12 51344 4 51456 11 51503 4 51516 23 51553 24 51587 4 51598 8 51712 11 51758 6 51772 23 51809 24 51843 7 51853 10 51968 9 52009 12 52028 23 52065 24 52097 24 52224 9 52265 12 52284 23 52321 24 52352 25 52382 9 52397 3 52480 7 52519 47 52575 28 52605 52 52736 7 52775 48 52831 82 52992 5 53030 51 53082 87 53248 5 53280 2 53284 141 53504 4 53535 146 53760 4 53790 147 54016 1 54046 147 54302 147 54451 2 54559 150 54815 125 54941 24 55071 125 55197 25 55328 150 55585 150 55841 150 56098 149 56354 149 56610 150 56867 150 57123 150 57379 150 57635 150 57891 150 58146 152 58401 154 58656 155 58912 155 59167 156 59424 155 59657 3 59681 154 59912 5 59938 153 60167 8 60195 152 60422 9 60451 152 60678 10 60707 153 60935 9 60963 153 61191 10 61219 154 61448 9 61475 154 61696 3 61705 6 61732 154 61952 4 61963 4 61988 155 62208 5 62245 154 62464 5 62501 154 62720 5 62758 153 62976 5 63004 5 63015 150 63232 6 63258 9 63271 149 63488 6 63514 10 63528 147 63744 7 63769 14 63785 144 64000 7 64025 14 64041 144 64256 7 64280 163 64512 8 64536 163 64768 10 64791 165 65024 11 65047 165 65280 13 65303 166
772465,0 65536
777433,4006 7 4262 9 4517 11 4773 11 5028 13 5283 14 5539 16 5795 16 6051 16 6307 16 6563 15 6819 15 7053 5 7075 14 7309 4 7331 15 7561 8 7587 16 7819 6 7844 17 8077 3 8101 16 8333 3 8358 15 8615 14 8871 14 9128 12 9385 10 9641 8 9881 4 9898 7 10135 9 10154 5 10390 11 10411 3 10646 11 10667 3 10903 11 10923 2 11159 12 11180 1 11415 11 11671 11 11927 11 12186 9 12442 9 12697 10 12953 11 13209 12 13457 4 13465 12 13710 8 13721 13 13959 1 13965 9 13977 13 14215 15 14232 14 14471 15 14488 14 14729 13 14743 14 14986 12 14999 14 15243 10 15255 12 15310 7 15500 7 15511 12 15565 8 15767 10 15821 10 16023 9 16077 11 16279 8 16333 11 16535 7 16589 11 16793 3 16845 11 17101 11 17358 10 17615 8 17811 2 18067 3 18324 1 20873 1 21127 6 21381 9 21635 12 21887 16 22142 18 22397 19 22653 19 22909 19 23165 19 23421 19 23677 19 23933 18 24189 18 24444 18 24686 2 24700 18 24937 13 24956 17 25191 17 25213 16 25444 21 25469 15 25700 21 25726 11 25955 22 26211 22 26467 21 26724 19 26980 19 27021 2 27235 19 27275 6 27491 18 27528 11 27747 18 27783 12 28004 17 28037 14 28260 16 28293 15 28519 12 28548 17 28777 8 28803 18 29037 2 29057 20 29312 21 29567 22 29822 23 30078 22 30334 22 30590 22 30847 21 31103 22 31358 23 31614 23 31870 23 32125 24 32381 24 32637 23 32893 22 33149 17 33405 15 33541 4 33661 13 33917 12 34174 11 34431 10 34689 6 34948 1 50949 7 51204 9 51459 10 51715 11 51969 13 52225 13 52323 4 52341 3 52481 12 52579 4 52597 5 52737 12 52835 4 52852 7 52993 12 53091 4 53108 11 53249 11 53347 2 53365 9 53509 6 53621 8 53877 8 54133 6 54389 6 54617 3 54645 5 54873 4 54901 5 55129 4 55157 4 55385 4 55413 4 55641 3 55669 4 55926 2 58128 1 58383 3 58639 4 58895 5 59150 7 59407 7 59663 10 59690 7 59919 10 59945 8 60175 10 60200 9 60431 10 60455 10 60688 7 60711 12 60944 8 60967 12 61204 6 61223 14 61460 8 61479 14 61716 9 61736 14 61972 9 61994 13 62227 10 62253 9 62480 13 62510 7 62736 12 62767 6 62992 7 63001 3 63022 8 63253 1 63258 2 63278 9 63533 10 63788 11 64044 11 64303 8 64552 2 64561 6 64807 3 64821 2 65063 2
778684,903 6 1158 7 1412 12 1667 18 1923 21 2179 22 2435 22 2691 23 2947 24 3203 24 3459 24 3716 23 3974 23 4231 22 4489 25 4747 24 5004 25 5261 24 5518 24 5774 25 6031 26 6192 10 6288 25 6443 19 6544 27 6698 22 6800 27 6953 27 7056 28 7208 29 7312 29 7463 32 7569 29 7719 32 7825 29 7975 34 8081 30 8231 34 8337 30 8488 34 8593 30 8744 35 8850 29 9001 34 9107 7 9119 16 9258 33 9364 5 9376 15 9516 31 9641 4 9779 24 10035 23 10291 23 10548 21 10804 21 11061 8 11321 2 18208 2 18463 5 18717 8 18973 8 19228 10 19484 9 19741 8 19970 7 19997 8 20224 11 20244 6 20253 6 20397 2 20480 12 20499 7 20550 1 20652 5 20736 13 20754 9 20803 8 20907 7 20992 14 21010 8 21057 10 21162 9 21248 16 21265 9 21307 18 21417 10 21504 25 21563 19 21673 11 21760 23 21817 22 21928 15 22016 23 22072 24 22184 16 22272 22 22329 22 22439 18 22528 22 22585 22 22695 18 22784 22 22842 21 22870 1 22951 18 23040 21 23099 19 23126 1 23208 17 23296 21 23356 16 23381 4 23465 15 23552 21 23611 17 23637 3 23721 14 23808 21 23863 7 23876 8 23980 9 24064 21 24118 7 24133 7 24320 21 24373 9 24388 11 24576 20 24628 10 24643 12 24832 20 24880 14 24899 16 25088 19 25135 15 25154 18 25344 18 25389 17 25409 20 25600 18 25645 17 25665 20 25856 16 25901 41 26112 15 26156 43 26368 13 26411 45 26534 5 26625 10 26667 46 26789 7 26884 5 26922 48 27045 8 27141 2 27178 49 27301 9 27419 3 27433 51 27556 11 27675 4 27688 53 27812 11 27931 5 27942 55 28068 11 28186 7 28198 55 28325 9 28443 6 28452 58 28582 7 28699 5 28708 58 28838 7 28955 5 28963 59 29095 2 29211 5 29219 59 29350 2 29467 4 29475 59 29600 7 29723 4 29730 60 29855 9 29978 3 29983 62 30110 13 30233 4 30239 62 30365 14 30489 4 30495 62 30617 19 30744 5 30751 62 30871 21 30999 70 31123 26 31255 72 31377 28 31510 75 31632 29 31739 5 31766 75 31888 30 31994 6 32023 75 32143 34 32248 8 32279 75 32399 34 32503 9 32537 73 32655 36 32757 11 32793 73 32911 36 33013 11 33051 70 33167 37 33269 11 33307 70 33422 38 33525 11 33564 68 33676 40 33781 11 33820 67 33931 42 34037 11 34076 66 34185 45 34292 12 34331 67 34441 45 34548 12 34588 67 34695 48 34803 13 34844 67 34951 48 35059 13 35101 66 35206 50 35315 13 35357 67 35461 52 35571 13 35615 65 35717 52 35827 13 35871 65 35972 53 36083 13 36134 59 36227 54 36339 13 36391 58 36483 53 36595 13 36649 56 36739 52 36851 13 36907 54 36994 53 37107 13 37168 16 37185 33 37250 51 37364 12 37425 15 37442 32 37506 51 37621 11 37685 10 37699 31 37763 50 37879 9 37943 6 37956 31 38019 50 38137 7 38213 30 38275 52 38469 30 38532 52 38726 29 38788 53 38983 28 39044 53 39241 26 39300 53 39497 25 39556 53 39753 25 39812 53 40009 24 40068 54 40266 21 40325 53 40522 17 40581 54 40779 16 40835 56 41035 16 41091 56 41291 15 41346 57 41547 14 41601 58 41803 14 41855 58 42059 13 42111 58 42315 12 42366 59 42571 12 42621 60 42828 11 42877 60 43013 2 43084 10 43134 59 43268 5 43341 8 43391 58 43523 7 43599 4 43647 58 43779 8 43904 56 44033 10 44161 55 44288 13 44417 55 44544 13 44674 54 44800 13 44931 52 45056 13 45187 52 45312 13 45443 52 45498 7 45568 14 45700 51 45753 9 45824 15 45957 49 46007 12 46080 15 46213 41 46263 13 46336 15 46471 38 46516 17 46592 15 46727 37 46771 18 46848 15 46985 34 47025 20 47104 15 47242 33 47280 21 47329 4 47360 15 47501 28 47534 23 47581 11 47616 15 47758 27 47790 23 47836 13 47872 14 48017 24 48046 22 48087 18 48128 13 48275 22 48302 21 48342 20 48387 9 48532 23 48558 20 48597 22 48645 6 48788 23 48813 21 48853 22 49045 23 49069 21 49109 22 49301 45 49365 22 49557 44 49620 24 49814 43 49876 24 49925 3 50072 41 50131 30 50180 5 50329 6 50337 32 50387 30 50435 7 50601 24 50643 32 50691 7 50858 23 50897 34 50947 8 51114 23 51151 26 51179 8 51203 8 51371 22 51407 25 51437 6 51459 10 51627 22 51664 21 51696 3 51715 10 51884 21 51920 21 51953 2 51973 10 52143 18 52177 19 52229 11 52405 11 52433 18 52485 12 52661 10 52689 20 52741 13 52917 10 52944 21 52997 14 53173 8 53200 22 53253 15 53430 7 53456 22 53509 16 53712 23 53765 17 53967 23 54023 14 54223 22 54279 14 54479 22 54538 10 54735 21 54798 3 54980 3 54991 20 55089 6 55229 12 55247 20 55341 10 55441 4 55484 13 55503 19 55576 1 55596 13 55693 11 55739 15 55759 6 55768 9 55832 2 55851 14 55948 13 55995 15 56016 4 56025 7 56088 16 56105 16 56203 16 56251 15 56273 2 56284 1 56343 35 56458 17 56507 15 56599 36 56714 19 56763 14 56856 35 56970 19 57003 7 57018 14 57113 36 57226 20 57255 14 57274 12 57369 37 57482 21 57509 17 57530 11 57626 38 57666 7 57738 46 57787 9 57882 50 57994 46 58045 6 58139 51 58251 46 58303 2 58395 52 58507 46 58652 53 58765 43 58911 50 59021 43 59173 5 59182 36 59280 40 59375 4 59429 4 59439 35 59537 38 59631 5 59695 35 59795 36 59887 10 59951 35 60051 36 60143 15 60198 4 60206 36 60307 35 60398 18 60453 45 60563 35 60654 18 60709 46 60758 1 60818 35 60909 19 60965 52 61073 36 61165 19 61221 55 61328 37 61396 3 61419 21 61477 56 61584 37 61651 5 61675 21 61732 58 61839 39 61905 9 61931 21 61988 58 62095 39 62160 11 62187 21 62243 60 62352 39 62415 12 62443 21 62498 61 62609 38 62670 13 62698 22 62753 62 62865 38 62925 15 62953 23 63009 30 63041 31 63121 37 63181 15 63208 24 63264 29 63299 30 63378 35 63436 16 63463 25 63519 30 63555 32 63635 34 63692 17 63719 25 63775 30 63811 42 63891 29 63949 16 63975 25 64031 29 64067 46 64147 28 64205 16 64231 25 64287 30 64322 49 64403 27 64461 16 64487 25 64543 32 64577 50 64659 27 64703 3 64717 16 64742 26 64799 84 64915 26 64959 4 64973 15 64998 26 65055 85 65171 26 65215 1 65229 14 65253 27 65311 86 65427 25 65485 12 65508 28
787614,0 6135 6136 254 6393 252 6649 252 6905 252 7161 253 7417 254 7673 254 7931 252 8187 253 8443 226 8672 23 8701 224 8930 21 8958 223 9189 16 9215 223 9446 15 9472 222 9705 8 9728 222 9963 6 9984 223 10240 223 10496 222 10752 222 11008 222 11259 4 11264 221 11515 4 11520 219 11770 224 12027 219 12284 217 12541 214 12800 211 13056 207 13312 207 13568 208 13824 207 14080 207 14336 207 14592 206 14848 206 15104 205 15360 205 15616 205 15872 205 16129 204 16387 202 16646 199 16903 198 17161 15 17179 178 17417 15 17434 180 17676 12 17689 181 17933 11 17945 181 18176 3 18192 190 18432 5 18449 9 18460 177 18688 5 18707 6 18717 176 18944 6 18965 2 18974 175 19200 7 19231 174 19456 7 19487 174 19712 7 19745 172 19968 2 20003 170 20253 3 20264 3 20273 156 20509 4 20530 9 20540 146 20765 5 20788 5 20799 143 21020 6 21045 2 21056 143 21276 7 21313 142 21533 6 21570 141 21791 2 21828 99 21931 37 22085 97 22190 34 22342 95 22449 32 22599 94 22706 31 22855 93 22963 30 23112 92 23221 28 23369 91 23478 27 23626 89 23734 27 23884 87 23989 30 24141 86 24245 30 24397 86 24501 31 24654 85 24757 32 24911 84 25013 19 25036 10 25167 84 25270 17 25293 9 25423 85 25536 7 25549 10 25677 88 25793 5 25805 10 25932 89 26062 9 26187 91 26318 8 26443 91 26575 7 26699 92 26831 7 26956 9 26970 77 27087 7 27212 10 27228 75 27343 7 27468 10 27487 72 27600 7 27725 9 27743 72 27856 7 27982 7 27999 72 28113 6 28239 6 28255 72 28369 6 28511 72 28628 1 28767 72 29023 71 29280 70 29536 69 29793 69 30049 69 30305 70 30463 1 30561 70 30716 4 30817 70 30971 5 31073 70 31217 4 31227 5 31328 72 31472 7 31483 5 31584 73 31727 17 31839 74 31983 17 32095 75 32240 16 32350 76 32496 16 32605 78 32752 16 32861 78 33008 16 33115 80 33265 15 33369 82 33521 15 33621 85 33778 14 33877 85 34035 13 34133 85 34292 12 34389 86 34549 11 34645 86 34806 10 34901 86 35063 9 35158 85 35314 3 35320 8 35414 85 35570 14 35671 83 35825 15 35927 83 36081 15 36183 81 36337 15 36439 80 36593 15 36695 80 36849 15 36911 4 36951 79 37105 15 37166 7 37207 79 37361 15 37423 6 37463 79 37618 14 37679 7 37719 61 37781 4 37787 10 37875 13 37936 7 37975 60 38048 5 38131 13 38193 6 38232 60 38389 11 38450 5 38489 60 38645 11 38707 4 38746 59 38902 10 38963 4 39002 59 39159 9 39259 58 39415 9 39515 46 39562 11 39673 7 39771 26 39805 10 39821 7 39933 3 40027 21 40062 8 40077 6 40191 1 40285 19 40321 3 40541 18 40797 18 41053 18 41309 18 41565 17 41821 16 42076 16 42333 14 42589 12 42845 10 43101 10 43358 8 43615 6 43875 1 46335 1 61153 2 61409 4 61665 5 61921 5 62177 5 62434 4 62691 4 62947 4 63203 5 63459 6 63715 6 63971 6 64227 6 64472 4 64483 6 64727 6 64739 6 64982 8 64995 6 65237 9 65251 5 65493 10 65507 4
797883,137 119 394 118 650 118 907 117 1163 117 1419 117 1675 117 1933 24 1965 83 2189 24 2221 83 2446 25 2477 83 2702 26 2733 83 2960 3 2968 19 2989 83 3226 102 3486 98 3745 95 4003 93 4259 93 4517 91 4778 5 4786 78 5043 58 5104 16 5301 56 5360 16 5557 56 5617 15 5814 54 5873 15 6072 51 6131 13 6337 42 6387 13 6595 39 6642 14 6852 37 6897 15 7109 36 7153 15 7367 33 7409 15 7625 30 7665 15 7881 30 7921 15 8140 26 8177 15 8397 24 8433 15 8659 16 8691 13 8918 11 8947 13 9203 13 9460 12 9717 11 9974 10 10231 9 10491 5 10749 3 11007 1 23031 2
798199,0 65536
798724,0 57 74 239 328 241 583 242 839 242 1091 183 1275 64 1341 108 1452 77 1535 170 1707 79 1790 6871 8665 252 8921 248 9177 248 9434 244 9693 240 9949 240 10205 239 10461 238 10714 241 10969 238 11225 6 11232 230 11479 8 11489 225 11733 8 11747 23 11771 198 11988 9 12005 21 12029 196 12235 18 12261 10 12272 8 12285 196 12491 18 12518 9 12529 6 12542 195 12746 18 12775 8 12785 5 12798 196 13001 18 13031 8 13043 3 13054 196 13257 18 13287 9 13310 197 13513 18 13543 9 13567 197 13769 18 13798 10 13823 198 14025 18 14054 10 14079 198 14281 17 14311 4 14318 3 14336 126 14463 70 14538 16 14575 2 14592 198 14794 15 14830 3 14848 198 15051 14 15086 4 15104 199 15309 12 15342 4 15360 199 15562 16 15599 2 15616 199 15816 21 15872 223 16096 3 16128 207 16337 18 16384 207 16593 18 16640 206 16849 18 16896 207 17105 19 17152 198 17355 4 17360 20 17408 197 17609 27 17664 196 17864 27 17920 195 18120 27 18176 196 18373 30 18432 227 18688 227 18919 1 18944 233 19200 234 19456 218 19675 15 19712 215 19936 9 19968 215 20192 9 20224 215 20449 8 20480 167 20649 45 20705 8 20736 166 20906 44 20962 7 20992 166 21161 45 21219 6 21248 164 21413 49 21476 4 21504 215 21733 1 21760 161 21923 52 21976 2 22016 161 22179 56 22272 161 22434 57 22528 161 22690 58 22784 220 23040 219 23296 215 23552 214 23808 213 24064 151 24221 55 24320 151 24479 53 24576 151 24735 53 24832 151 24991 52 25088 151 25247 52 25344 151 25503 53 25560 5 25600 150 25758 55 25815 7 25856 150 26013 65 26112 150 26265 1 26269 40 26313 2 26317 18 26368 151 26525 40 26573 6 26583 7 26624 151 26781 41 26827 8 26840 5 26880 151 27036 42 27084 1 27097 2 27136 152 27291 43 27392 152 27547 43 27648 152 27803 43 27855 2 27904 197 28110 4 28160 196 28366 4 28416 195 28623 3 28672 195 28879 3 28928 195 29184 191 29376 2 29440 190 29651 3 29696 186 29907 3 29952 185 30153 2 30164 3 30208 185 30409 3 30421 2 30464 185 30659 2 30664 5 30720 185 30913 6 30920 5 30976 185 31169 12 31232 185 31424 13 31488 187 31677 15 31744 204 32000 203 32256 203 32465 2 32512 203 32768 203 33024 203 33280 202 33536 199 33792 199 34048 198 34267 3 34304 197 34522 5 34560 197 34777 6 34816 198 35033 6 35072 201 35289 5 35328 201 35545 5 35584 203 35801 4 35840 203 36056 5 36096 203 36330 1 36352 203 36585 2 36608 203 36841 2 36864 203 37120 202 37332 5 37351 2 37376 202 37587 6 37607 2 37632 202 37841 12 37862 4 37888 193 38084 6 38096 14 38117 6 38144 193 38341 7 38350 16 38375 4 38400 191 38597 26 38633 3 38656 189 38853 26 38890 1 38912 188 39108 26 39168 187 39361 29 39424 187 39616 30 39680 185 39866 35 39936 185 40122 34 40177 2 40192 220 40431 4 40448 219 40682 1 40686 5 40700 2 40704 219 40927 1 40937 10 40955 4 40960 219 41192 10 41211 4 41216 217 41447 11 41466 5 41472 217 41701 14 41721 224 41953 18 41977 223 42205 22 42232 224 42460 23 42487 224 42716 22 42743 224 42971 14 42986 5 42999 224 43227 12 43243 4 43255 223 43484 11 43507 227 43739 12 43753 2 43761 230 43994 17 44015 252 44270 254 44525 1008 45537 6 45545 244 45793 6 45801 246 46051 2 46056 247 46312 4101 50414 4365 54784 251 55040 250 55296 250 55552 251 55807 252 56063 250 56319 250 56575 248 56831 248 57087 246 57343 246 57599 246 57855 246 58111 244 58367 244 58623 238 58879 237 59135 236 59391 236 59647 235 59903 235 60159 236 60415 236 60671 236 60928 235 61184 235 61440 235 61696 234 61952 234 62195 2 62208 235 62451 2 62463 236 62707 3 62718 237 62963 5 62973 238 63219 5 63229 239 63475 6 63484 241 63731 6 63739 756 64499 252 64755 252 65012 253 65268 268
799155,0 77 79 254 337 207 545 44 593 253 849 255 1105 767 1877 251 2136 247 2393 246 2649 246 2905 245 3161 244 3416 246 3671 2473 6145 255 6403 253 6659 253 6917 251 7173 251 7429 251 7685 251 7941 251 8197 251 8455 249 8713 247 8986 230 9242 230 9499 229 9755 229 10011 229 10268 228 10525 227 10781 8 10790 218 11018 5 11037 5 11047 217 11273 8 11296 1 11303 217 11527 12 11559 217 11783 12 11815 217 12039 12 12072 7 12083 205 12295 13 12329 6 12339 205 12552 17 12589 1 12596 204 12809 16 12853 203 13067 5 13073 9 13110 202 13329 10 13366 202 13585 10 13622 202 13841 10 13878 202 14099 8 14134 202 14355 7 14390 202 14614 1 14646 202 14903 201 15159 201 15414 202 15669 203 15925 203 16181 203 16437 81 16524 116 16647 3 16693 27 16725 45 16782 114 16903 4 16949 26 16983 43 17039 113 17158 6 17179 1 17205 19 17243 39 17297 111 17413 8 17432 6 17461 19 17499 40 17554 6 17562 102 17668 11 17683 12 17708 4 17718 18 17757 44 17821 99 17922 29 17962 7 17975 17 18013 45 18078 130 18215 12 18231 17 18259 1 18271 45 18334 130 18471 12 18487 16 18513 4 18528 45 18590 130 18726 13 18743 16 18762 11 18786 43 18846 130 18981 14 18999 16 19017 13 19042 44 19102 129 19237 15 19255 17 19273 14 19299 43 19358 129 19493 16 19512 31 19555 43 19614 129 19749 16 19769 33 19812 42 19870 129 20005 17 20025 36 20068 42 20127 128 20260 19 20282 57 20341 25 20382 153 20539 56 20599 23 20638 153 20797 54 20855 23 20894 153 21053 54 21111 23 21150 153 21311 52 21367 23 21406 152 21568 51 21622 23 21661 150 21828 47 21877 24 21917 149 22085 46 22133 24 22173 142 22342 45 22389 10 22401 12 22428 142 22599 42 22645 8 22659 10 22684 142 22855 54 22918 6 22938 144 23111 54 23193 120 23315 24 23355 4 23367 53 23448 112 23561 7 23571 24 23610 6 23623 54 23703 112 23828 8 23840 15 23866 67 23959 112 24084 5 24097 16 24122 68 24214 113 24340 5 24349 22 24379 68 24469 114 24596 5 24605 24 24635 68 24717 123 24852 5 24860 26 24891 70 24973 124 25109 3 25116 27 25146 71 25229 126 25365 2 25372 28 25401 74 25485 127 25621 2 25628 104 25741 128 25877 2 25885 104 25996 129 26131 4 26141 105 26252 131 26397 106 26507 134 26653 106 26763 136 26909 246 27164 249 27420 249 27676 249 27932 249 28188 249 28445 248 28701 247 28959 244 29215 243 29472 242 29728 241 29984 241 30240 241 30497 4 30503 233 30761 230 31018 229 31275 227 31533 224 31790 210 32003 8 32049 207 32261 1 32306 206 32563 97 32661 107 32821 95 32917 107 33078 93 33173 107 33333 94 33429 107 33589 92 33685 107 33844 93 33941 107 34077 8 34099 94 34197 107 34332 10 34355 93 34453 107 34587 14 34610 95 34709 107 34842 16 34865 97 34966 106 35097 20 35121 98 35223 105 35353 123 35479 105 35607 127 35735 105 35863 128 35992 104 36117 235 36371 134 36506 102 36627 134 36763 101 36882 135 37019 101 37137 135 37275 101 37393 135 37531 101 37648 135 37787 101 37903 136 38042 102 38152 1 38159 134 38298 102 38407 2 38415 134 38554 102 38663 2 38670 134 38809 103 38919 2 38926 133 39066 102 39182 130 39322 109 39438 133 39578 110 39695 136 39836 108 39951 136 40093 108 40206 139 40349 108 40462 139 40606 107 40718 141 40863 106 40974 141 41119 107 41230 107 41340 32 41376 106 41486 107 41596 32 41632 106 41743 106 41852 34 41893 101 41999 106 42108 35 42149 100 42255 145 42405 100 42512 144 42661 99 42769 143 42917 99 43025 143 43173 98 43282 141 43429 98 43538 142 43685 97 43793 144 43942 95 44049 145 44199 89 44289 3 44305 239 44561 239 44811 5 44819 237 45065 8 45079 159 45240 72 45320 9 45340 152 45507 48 45566 2 45575 11 45597 151 45763 48 45831 11 45855 149 46020 8 46034 32 46086 12 46111 149 46277 5 46291 31 46341 13 46367 149 46548 29 46597 13 46623 148 46805 28 46844 4 46852 15 46879 148 47063 24 47098 6 47108 15 47134 148 47321 22 47353 7 47365 14 47390 124 47526 7 47549 5 47579 16 47607 9 47621 14 47645 120 47783 6 47805 6 47836 13 47859 13 47877 16 47900 119 48041 2 48059 8 48113 15 48133 19 48153 122 48297 1 48315 8 48369 15 48390 141 48571 8 48625 15 48646 141 48827 8 48881 15 48902 141 49083 8 49137 15 49156 143 49339 9 49393 15 49409 146 49595 10 49649 15 49665 146 49851 10 49905 161 50078 3 50107 10 50160 161 50333 5 50363 10 50416 64 50488 90 50588 7 50612 4 50621 8 50672 64 50745 90 50843 9 50868 5 50877 8 50928 64 51001 91 51096 13 51123 6 51137 2 51184 63 51257 93 51351 14 51379 6 51441 62 51514 109 51635 7 51697 62 51770 111 51891 7 51953 62 52025 114 52146 9 52219 52 52281 114 52401 11 52477 52 52537 115 52657 12 52734 53 52791 117 52913 12 52990 175 53168 14 53247 174 53424 14 53503 175 53680 15 53739 8 53760 191 53988 5 53994 9 54016 191 54242 23 54272 191 54497 25 54528 191 54753 28 54784 192 55009 28 55040 193 55264 29 55296 193 55520 27 55552 193 55774 27 55808 193 56026 31 56064 195 56278 34 56320 195 56534 34 56576 196 56789 36 56832 197 57045 36 57088 198 57300 39 57344 198 57555 41 57600 199 57810 43 57856 199 58066 44 58112 199 58322 245 58577 246 58834 245 59090 244 59347 243 59603 242 59859 242 60115 241 60373 239 60630 61 60693 174 60887 60 60950 174 61144 59 61207 173 61401 58 61463 174 61657 58 61722 34 61761 132 61915 56 61979 32 62017 133 62174 53 62237 28 62273 134 62431 53 62494 27 62529 10 62541 122 62687 54 62751 21 62786 8 62800 120 62945 3 62949 48 63008 19 63042 7 63056 120 63202 1 63205 48 63265 18 63298 7 63312 120 63461 48 63521 18 63554 7 63569 119 63715 51 63778 18 63810 7 63825 120 63967 55 64034 19 64066 7 64081 120 64223 16 64240 38 64291 19 64321 136 64462 5 64477 16 64497 37 64548 19 64576 139 64717 8 64733 15 64754 35 64806 19 64831 155 64987 17 65010 35 65063 20 65087 173 65266 35 65320 196 65521 15
799282,49 35 113 24 305 34 369 29 562 33 625 30 819 30 881 32 1075 29 1136 35 1332 27 1378 6 1391 36 1435 5 1587 28 1635 5 1645 39 1690 7 1843 29 1891 3 1895 46 1943 12 2099 30 2147 2 2151 60 2356 29 2412 55 2613 28 2669 54 2869 28 2925 54 3126 27 3181 54 3384 24 3437 54 3641 22 3693 54 3898 20 3949 52 4154 19 4205 52 4411 17 4461 48 4667 16 4717 46 4883 1 4924 15 4973 45 5138 3 5181 13 5229 46 5393 6 5438 4 5485 46 5566 1 5650 5 5741 46 5821 2 5907 4 5995 48 6163 4 6251 48 6332 1 6507 48 6763 48 7020 47 7276 47 7532 32 7571 8 7788 31 7828 6 7841 2 8044 29 8097 4 8300 28 8353 5 8451 2 8555 28 8609 4 8705 10 8772 5 8811 28 8867 2 8960 15 9026 10 9067 28 9216 16 9282 11 9323 28 9361 1 9472 18 9512 12 9537 13 9578 30 9615 4 9728 18 9768 13 9793 14 9834 30 9871 4 9984 19 10024 13 10048 15 10090 31 10129 1 10240 19 10281 12 10304 15 10346 31 10496 19 10537 12 10560 17 10579 8 10591 4 10602 30 10752 19 10793 12 10817 26 10845 6 10858 29 11008 19 11034 5 11049 13 11073 35 11114 28 11264 19 11289 14 11305 14 11329 35 11371 24 11520 19 11545 30 11586 34 11627 20 11776 19 11801 31 11842 34 11884 18 12032 19 12056 32 12098 35 12141 12 12288 18 12311 33 12354 35 12397 11 12544 18 12567 34 12610 35 12655 6 12800 18 12822 35 12865 36 13056 17 13077 37 13121 36 13312 18 13332 38 13377 35 13568 59 13631 36 13824 59 13887 31 13920 1 14080 59 14143 30 14336 46 14383 12 14399 29 14592 58 14655 26 14848 58 14912 23 15104 57 15169 12 15360 57 15426 11 15618 56 15685 5 15875 55 16133 54 16390 53 16647 51 16905 42 16948 5 17161 39 17419 36 17678 30 17939 24 18195 22 18451 20 18708 16 18964 6 19222 3 19480 1
804179,0 65536
809952,1535 1 1791 1 2559 1 2808 8 3059 13 3313 15 3566 18 3821 19 4071 25 4325 27 4578 30 4833 31 5086 34 5339 37 5591 41 5845 43 6096 48 6350 50 6599 57 6855 57 7105 63 7358 66 7611 69 7863 73 8113 79 8367 81 8619 85 8874 86 9123 93 9379 93 9631 97 9885 99 10137 103 10391 105 10643 109 10897 111 11147 117 11402 118 11653 123 11907 125 12161 127 12416 128 12668 132 12923 133 13177 135 13428 140 13681 143 13935 145 14187 149 14442 150 14695 153 14949 155 15203 157 15458 158 15709 163 15963 165 16213 171 16467 173 16719 177 16969 183 17220 188 17473 191 17726 194 17979 197 18232 200 18486 202 18739 205 18992 208 19245 211 19499 213 19751 217 20005 219 20256 224 20511 225 20765 227 21016 232 21270 234 21524 236 21777 239 22031 241 22279 249 22534 43002
810943,0 2 17 239 273 239 529 239 787 2 793 231 1048 232 1303 233 1560 232 1817 231 2073 231 2325 235 2580 236 2834 238 3089 239 3344 240 3600 240 3855 241 4111 241 4367 241 4623 241 4880 240 5137 239 5395 237 5651 237 5907 237 6163 237 6418 238 6673 239 6928 249 7183 251 7439 252 7694 255 7950 512 8465 252 8721 252 8978 251 9235 249 9491 248 9747 245 9993 2 10002 243 10250 1 10257 242 10513 242 10770 238 11027 237 11283 237 11538 238 11795 237 12039 6 12052 236 12295 7 12309 235 12552 1 12565 235 12821 235 13079 233 13337 231 13593 231 13849 7 13857 223 14114 222 14370 222 14627 221 14884 220 15120 5 15141 219 15377 4 15383 8 15396 220 15633 14 15652 220 15889 15 15908 136 16045 83 16145 15 16164 220 16401 15 16420 220 16658 14 16675 221 16915 12 16931 221 17173 8 17187 221 17430 7 17443 221 17687 6 17699 221 17944 5 17955 221 18200 5 18210 222 18450 2 18455 9 18465 223 18706 2 18713 4 18721 223 18970 3 18979 6 18988 212 19227 1 19245 211 19483 1 19502 210 19761 207 20018 5 20027 197 20273 7 20281 199 20525 11 20537 199 20781 211 21037 211 21293 212 21520 1 21549 214 21772 5 21809 210 22027 8 22066 211 22284 6 22319 214 22541 5 22575 216 22797 5 22829 218 23055 2 23084 220 23337 223 23567 4 23592 226 23820 8 23847 238 24103 239 24357 242 24613 242 24867 243 25119 246 25372 249 25627 250 25881 252 26136 63 26202 2761 28964 35 29006 212 29222 31 29262 211 29480 27 29517 212 29737 25 29773 212 29993 24 30028 214 30250 23 30284 213 30506 19 30538 214 30762 17 30793 209 31005 2 31019 1 31027 5 31045 212 31285 3 31300 212 31555 189 31745 4 31750 18 31810 190 32002 22 32041 3 32066 190 32261 19 32296 6 32321 192 32518 20 32541 4 32552 10 32577 193 32777 25 32809 13 32833 194 33033 25 33066 13 33087 196 33288 26 33323 10 33343 198 33542 27 33579 10 33596 201 33798 25 33835 10 33851 202 34054 23 34091 9 34105 227 34346 7 34360 228 34601 8 34613 231 34857 244 35113 244 35368 244 35623 245 35878 246 36133 246 36387 248 36642 249 36897 250 37153 250 37408 7979 45388 254 45646 251 45903 249 46159 249 46415 249 46669 252 46924 2693 49619 254 49875 254 50133 251 50390 250 50647 249 50905 247 51162 245 51418 245 51673 246 51929 246 52185 246 52441 246 52697 246 52953 246 53209 246 53465 246 53722 246 53978 247 54235 246 54492 246 54749 246 55006 246 55263 246 55518 249 55773 251 56027 3260 59293 249 59549 248 59805 248 60061 250 60317 250 60573 250 60829 251 61085 252 61340 253 61596 253 61851 254 62106 231 62339 252 62597 248 62853 248 63109 247 63366 246 63623 223 63847 22 63881 221 64103 22 64140 242 64397 242 64653 245 64909 247 65166 217 65387 26 65423 113
822622,4601 6 4848 7 4856 8 5101 19 5356 20 5609 23 5863 25 6115 29 6363 4 6371 29 6617 39 6873 39 7123 45 7377 47 7632 7 7640 40 7888 48 8131 4 8144 48 8386 6 8399 49 8641 7 8656 48 8897 6 8913 47 9152 7 9168 48 9407 10 9419 53 9644 3 9661 67 9899 5 9916 68 10155 3 10167 73 10412 1 10422 74 10657 2 10665 87 10899 5 10912 3 10917 91 11153 8 11163 2 11167 97 11409 8 11418 102 11659 14 11674 102 11915 117 12171 117 12427 117 12683 117 12938 118 13169 10 13189 123 13425 9 13441 127 13675 14 13695 129 13931 14 13951 129 14187 14 14207 129 14443 15 14463 129 14699 14 14718 130 14954 15 14974 130 15189 2 15209 16 15229 131 15465 16 15485 131 15699 1 15720 17 15741 131 15955 1 15976 16 15997 131 16232 16 16251 133 16488 16 16506 134 16745 151 17001 136 17139 13 17247 4 17259 133 17401 7 17503 6 17516 131 17658 6 17757 8 17774 5 17780 123 17915 5 18013 9 18031 4 18037 122 18171 5 18269 9 18291 124 18525 9 18547 124 18781 8 18803 123 19037 8 19059 123 19293 8 19315 22 19341 96 19549 7 19571 22 19597 96 19827 22 19854 91 19954 3 20083 22 20110 91 20209 5 20339 22 20366 91 20465 4 20595 11 20607 10 20622 93 20722 3 20851 10 20865 8 20878 95 21107 10 21121 7 21133 96 21364 8 21378 5 21388 24 21413 72 21619 9 21634 4 21643 98 21875 8 21890 4 21898 99 22131 8 22146 4 22154 99 22266 1 22385 10 22397 8 22410 98 22522 1 22638 22 22667 97 22778 1 22893 22 22923 97 23149 22 23179 97 23403 11 23415 4 23423 4 23435 98 23543 1 23659 10 23672 3 23678 4 23692 97 23799 1 23915 3 23929 1 23933 4 23949 95 24171 2 24185 1 24189 3 24205 95 24427 2 24446 2 24459 97 24565 1 24575 1 24683 2 24702 2 24713 98 24820 2 24825 2 24830 2 24939 2 24959 2 24966 101 25075 4 25081 7 25195 2 25214 5 25222 101 25331 4 25337 3 25341 3 25432 1 25469 110 25585 8 25598 2 25707 2 25725 112 25841 6 25854 2 25961 5 25977 6 25988 105 26097 4 26110 2 26217 5 26232 7 26245 88 26335 15 26353 3 26367 1 26473 5 26488 7 26500 105 26609 4 26623 1 26710 2 26729 4 26744 6 26755 106 26864 5 26879 1 26965 4 27001 5 27011 8 27023 93 27119 7 27135 1 27220 5 27249 5 27257 18 27279 93 27376 5 27391 1 27475 6 27505 7 27514 18 27536 91 27635 2 27646 2 27731 5 27760 28 27791 92 27892 1 27901 3 27987 2 28014 123 28146 3 28157 3 28269 122 28401 4 28412 4 28517 131 28655 8 28668 4 28772 132 28911 9 28924 4 29028 29 29058 103 29166 11 29179 5 29285 28 29314 103 29421 12 29436 4 29541 149 29694 2 29797 149 29950 2 30047 4 30053 31 30085 123 30289 1 30301 6 30309 30 30341 98 30440 4 30445 19 30557 163 30813 163 31069 163 31324 164 31580 164 31835 164 32090 166 32346 133 32481 31 32601 132 32739 29 32856 133 32996 3 33000 24 33099 4 33112 133 33252 3 33257 23 33354 5 33368 133 33507 4 33513 23 33607 8 33625 133 33763 4 33770 22 33862 9 33881 134 34019 4 34026 22 34117 10 34138 133 34275 4 34280 24 34373 8 34383 3 34394 133 34531 8 34545 15 34629 6 34639 8 34650 135 34786 9 34801 15 34884 7 34895 8 34906 145 35057 15 35140 6 35151 9 35162 31 35198 108 35313 15 35396 5 35407 42 35454 109 35569 15 35651 6 35661 44 35710 110 35823 17 35907 6 35917 45 35965 85 36052 44 36163 4 36173 121 36296 9 36311 41 36419 1 36430 116 36553 8 36568 40 36685 116 36813 3 36823 41 36941 116 37071 2 37079 41 37192 3 37196 117 37327 4 37334 42 37452 117 37583 49 37708 117 37838 50 37964 117 38094 50 38219 118 38347 53 38474 119 38599 1 38603 53 38730 119 38853 59 38987 118 39107 61 39243 116 39361 63 39498 182 39754 182 40009 183 40239 6 40265 183 40495 6 40521 183 40749 9 40775 185 41005 8 41031 185 41260 9 41277 4 41284 188 41517 8 41533 4 41541 176 41718 10 41773 8 41787 6 41797 175 41975 9 42029 8 42043 5 42053 170 42224 4 42232 8 42284 9 42297 7 42309 168 42487 9 42539 10 42553 6 42566 167 42743 2 42747 5 42795 9 42808 7 42823 165 43051 6 43065 7 43079 164 43321 7 43335 164 43577 7 43589 166 43833 8 43844 167 44089 8 44100 168 44345 7 44354 171 44601 6 44609 174 44857 5 44865 176 45113 5 45121 176 45355 1 45375 180 45611 1 45632 177 45889 174 46125 2 46146 173 46401 174 46634 3 46657 174 46890 2 46901 2 46913 174 47147 1 47156 4 47168 175 47412 7 47423 176 47667 188 47922 189 48178 188 48434 187 48690 186 48945 186 49201 185 49453 188 49696 1 49709 188 49951 2 49965 188 50205 4 50221 67 50291 118 50429 1 50461 2 50475 68 50549 116 50685 3 50717 1 50731 68 50805 116 50941 3 50973 1 50986 69 51061 114 51197 3 51229 2 51241 71 51317 113 51452 4 51485 2 51496 73 51573 111 51707 5 51741 2 51752 73 51829 110 51963 5 51997 2 52007 74 52085 108 52219 5 52253 2 52263 74 52341 108 52475 5 52519 73 52597 97 52697 8 52731 5 52774 73 52854 95 52955 6 52987 5 53027 75 53110 94 53212 7 53244 4 53275 4 53285 73 53365 96 53469 7 53500 4 53529 7 53545 68 53617 102 53727 6 53756 4 53784 9 53802 68 53871 104 53983 7 54012 4 54040 10 54058 173 54239 7 54267 5 54295 11 54315 32 54349 140 54495 6 54522 6 54551 11 54570 32 54604 58 54663 92 54777 7 54807 11 54825 31 54860 58 54919 90 55033 7 55056 5 55064 9 55079 32 55115 149 55287 9 55312 5 55321 8 55335 184 55543 9 55568 3 55583 2 55589 186 55797 11 55823 4 55840 1 55845 186 56053 11 56079 6 56102 183 56309 11 56335 6 56349 2 56358 183 56566 10 56591 6 56614 79 56695 99 56823 9 56847 6 56869 79 56952 97 57081 7 57105 3 57125 78 57212 92 57341 3 57381 78 57467 92 57597 3 57637 18 57658 55 57723 90 57854 2 57893 18 57915 52 57979 3 57983 86 58110 2 58151 13 58169 20 58191 18 58212 11 58235 2 58239 86 58365 3 58407 12 58425 19 58447 17 58469 8 58491 1 58495 86 58620 4 58665 4 58679 7 58687 12 58704 11 58716 3 58727 3 58751 86 58877 3 58922 2 58931 11 58943 12 58960 11 58973 2 59007 10 59019 74 59133 3 59179 1 59186 12 59199 7 59207 4 59218 3 59230 1 59263 9 59277 72 59389 3 59433 4 59443 11 59455 11 59470 2 59473 9 59485 2 59519 9 59533 73 59647 1 59687 7 59700 19 59725 18 59775 7 59789 73 59943 7 59952 1 59956 19 59981 16 60032 5 60045 73 60198 7 60208 21 60236 13 60288 3 60301 72 60415 1 60453 8 60464 21 60490 15 60545 1 60555 74 60671 1 60709 8 60720 19 60745 16 60811 74 60927 1 60965 8 60976 19 61001 16 61067 2 61071 71 61183 1 61221 9 61231 19 61257 13 61272 1 61315 8 61328 71 61438 2 61477 7 61489 16 61513 12 61568 12 61583 72 61694 2 61745 14 61769 9 61819 2 61823 89 61951 1 62001 14 62025 8 62073 95 62207 1 62257 5 62266 2 62281 8 62330 95 62488 1 62513 4 62537 7 62563 1 62586 95 62744 1 62769 1 62793 5 62802 8 62819 1 62843 94 63000 1 63024 2 63050 3 63057 10 63099 93 63280 2 63307 1 63313 10 63329 1 63336 4 63355 92 63536 1 63569 10 63585 2 63592 7 63611 92 63743 1 63824 10 63840 5 63847 8 63867 91 63998 2 64080 10 64096 5 64103 10 64123 20 64146 68 64253 3 64335 8 64351 6 64361 7 64385 14 64404 66 64507 5 64591 7 64605 10 64619 5 64627 1 64641 14 64663 64 64761 7 64806 3 64848 5 64861 8 64876 4 64883 4 64898 13 64922 61 65016 8 65061 5 65095 3 65106 3 65117 8 65134 1 65138 7 65155 12 65177 62 65271 9 65306 5 65315 8 65348 7 65357 2 65363 2 65374 7 65392 11 65411 12 65429 66 65525 11
826515,0 110 117 252 370 3809 4182 253 4438 253 4694 253 4948 60588
830714,0 32196 32199 252 32455 251 32710 251 32966 249 33221 250 33477 249 33733 249 33988 249 34244 249 34500 249 34755 250 35011 250 35267 250 35523 249 35778 250 36034 2303 38341 252 38597 250 38856 247 39113 245 39371 244 39626 246 39881 248 40137 248 40393 248 40649 249 40903 251 41159 740 41904 249 42160 249 42416 249 42671 251 42927 7111 50041 253 50298 235 50535 15 50556 233 50791 15 50812 233 51050 12 51069 9 51081 220 51306 11 51325 9 51339 218 51563 10 51581 8 51603 211 51820 8 51837 8 51860 210 52078 3 52092 8 52117 210 52347 8 52373 211 52604 7 52629 212 52860 6 52885 212 53117 5 53141 213 53372 7 53396 215 53628 7 53652 216 53884 7 53907 218 54140 7 54161 222 54396 7 54416 223 54645 5 54654 4 54671 226 54900 7 54927 236 55182 236 55438 236 55693 236 55949 237 56205 237 56460 238 56716 237 56972 210 57183 25 57228 235 57485 233 57741 234 57998 235 58254 235 58511 159 58673 74 58766 160 58930 75 59021 161 59187 76 59275 163 59443 77 59528 165 59697 54 59753 196 59952 40 59993 13 60010 237 60252 8 60268 235 60509 6 60524 234 60782 232 61039 231 61297 229 61553 229 61809 230 62065 230 62323 229 62579 229 62837 226 63094 225 63351 224 63607 223 63864 222 64120 223 64376 224 64632 225 64888 225 65144 225 65401 135
839719,0 65536
841484,6585 10 6839 12 7093 17 7113 1 7348 23 7603 26 7858 27 8112 29 8367 30 8621 32 8877 32 9133 31 9389 31 9645 30 9901 30 10157 30 10413 29 10669 28 10925 28 11181 27 11437 27 11693 26 11950 25 12205 28 12461 28 12717 28 12973 28 13229 29 13484 30 13739 30 13995 30 14253 26 14509 23 14767 19 15024 18 15283 14 15539 14 15794 15 16050 16 16303 19 16559 19 16814 21 17070 23 17325 25 17582 25 17839 24 18095 24 18352 24 18608 24 18865 23 19123 20 19381 18 19638 17 19897 14 20154 13 20411 12 20668 10 20925 9 21182 7 21439 6 21697 2 27589 7 27844 9 28099 11 28355 11 28611 12 28867 13 29109 6 29121 16 29363 10 29377 16 29589 2 29617 32 29658 8 29843 6 29872 33 29912 11 30095 12 30128 32 30165 16 30189 6 30350 13 30383 33 30420 19 30443 9 30605 16 30639 34 30675 34 30861 17 30895 70 31115 20 31151 71 31371 20 31406 72 31627 20 31661 74 31883 22 31907 2 31917 74 32113 6 32141 25 32173 74 32368 9 32398 3 32410 13 32429 74 32523 3 32625 10 32665 14 32685 75 32778 5 32870 1 32881 10 32921 14 32940 77 33034 5 33125 3 33138 10 33176 17 33194 81 33290 4 33380 5 33396 8 33432 101 33547 1 33635 6 33654 6 33687 105 33891 6 33910 5 33943 105 34146 7 34167 4 34199 107 34401 8 34424 2 34454 113 34657 8 34679 4 34711 114 34913 8 34935 5 34967 116 35169 7 35190 7 35209 1 35223 117 35425 7 35446 7 35465 1 35479 118 35681 7 35701 9 35720 3 35735 118 35938 6 35957 10 35976 2 35991 118 36193 6 36214 9 36247 118 36449 6 36470 10 36503 117 36705 6 36727 9 36758 117 36962 5 36983 9 37013 117 37218 5 37240 8 37269 116 37475 2 37497 7 37525 107 37755 3 37781 107 38036 108 38228 6 38291 109 38477 2 38483 7 38547 109 38733 14 38803 109 38989 14 39059 109 39243 17 39317 107 39499 17 39573 107 39753 20 39829 107 40009 20 40085 84 40174 18 40264 22 40297 1 40343 80 40429 19 40519 24 40551 6 40599 80 40685 19 40775 26 40806 9 40857 78 40940 20 41030 27 41061 11 41113 78 41195 21 41284 29 41317 12 41357 3 41370 75 41451 21 41539 30 41573 13 41612 5 41627 74 41706 22 41780 5 41793 32 41829 14 41867 8 41884 71 41961 11 41979 5 42035 6 42049 32 42085 15 42122 9 42141 70 42217 10 42237 3 42290 8 42305 32 42341 15 42377 11 42399 34 42434 31 42475 7 42546 9 42561 32 42597 15 42633 11 42658 30 42691 28 42731 6 42801 10 42817 32 42853 15 42887 14 42917 27 42948 23 42987 6 43055 12 43073 32 43109 15 43143 14 43173 28 43205 21 43245 2 43309 14 43328 33 43365 15 43397 16 43429 28 43465 15 43565 16 43583 34 43622 13 43649 20 43685 28 43723 12 43820 53 43879 12 43903 22 43941 30 43983 5 44075 53 44137 9 44159 22 44197 31 44332 51 44396 6 44415 22 44453 31 44588 49 44653 5 44671 21 44709 32 44845 40 44910 5 44928 20 44965 32 45102 37 45165 8 45184 20 45221 32 45360 33 45409 3 45420 12 45442 17 45477 34 45617 32 45663 7 45676 13 45698 17 45734 33 45874 30 45917 10 45932 16 45953 19 45990 32 46131 28 46172 12 46188 40 46247 30 46393 22 46427 58 46503 28 46650 21 46683 58 46759 27 46907 20 46938 59 47016 17 47164 19 47193 42 47237 16 47273 14 47423 16 47449 42 47493 17 47529 11 47681 14 47704 43 47749 16 47786 9 47940 9 47958 63 48197 8 48213 28 48242 34 48456 1 48469 28 48501 29 48669 4 48725 28 48759 26 48923 8 48981 28 49016 21 49178 9 49237 29 49272 19 49432 11 49493 29 49529 17 49687 12 49749 29 49785 17 49943 12 50006 29 50042 15 50198 13 50263 12 50276 15 50298 15 50453 13 50519 10 50534 12 50555 14 50709 13 50776 7 50791 11 50812 13 50963 14 51048 9 51073 7 51219 14 51306 7 51331 4 51453 3 51473 16 51682 1 51705 7 51729 17 51938 3 51961 7 51984 18 52193 6 52215 9 52240 19 52449 8 52471 9 52497 18 52705 10 52727 9 52753 18 52960 11 52983 9 53011 16 53215 13 53239 9 53267 15 53470 16 53495 9 53529 8 53724 21 53751 9 53786 7 53979 23 54007 9 54045 2 54227 35 54265 7 54482 37 54523 5 54735 49 54989 51 55243 53 55499 53 55753 55 56009 55 56265 55 56521 55 56777 55 57033 55 57290 54 57547 53 57805 51 58062 41 58104 8 58321 38 58363 5 58456 3 58578 37 58619 5 58709 8 58835 36 58875 5 58964 10 59091 35 59131 5 59219 12 59349 33 59387 5 59475 12 59606 31 59643 5 59731 12 59870 23 59899 5 59987 12 60127 22 60154 6 60243 11 60384 21 60409 7 60499 10 60641 20 60665 7 60755 10 60898 19 60921 7 61011 8 61157 16 61177 7 61267 6 61420 8 61433 7 61690 6 61947 5 62203 5 62459 5 62715 5 62971 5 63227 5 63483 5 63739 5 63852 3 63997 3 64105 6 64253 3 64359 10 64614 11 64870 11 65126 11 65382 11
842508,166 6 181 8 196 8 212 8 234 17 435 10 451 26 491 16 691 9 707 26 747 16 945 11 962 35 1003 16 1201 11 1218 36 1259 15 1456 12 1473 38 1516 13 1712 12 1729 38 1772 13 1968 12 1985 38 2029 11 2224 12 2241 38 2286 9 2479 12 2497 37 2544 11 2735 12 2753 37 2802 11 2990 13 3009 37 3062 9 3245 13 3265 36 3318 10 3501 13 3520 37 3574 10 3757 13 3776 37 3831 9 4012 14 4031 38 4087 9 4267 15 4287 37 4343 9 4523 16 4543 37 4601 7 4779 16 4799 36 4858 5 5035 16 5055 36 5270 4 5291 16 5311 36 5525 6 5547 16 5568 9 5582 19 5781 6 5803 16 5825 8 5839 18 6037 6 6059 15 6098 9 6293 6 6315 15 6355 6 6547 8 6571 13 6801 10 6827 12 7057 10 7082 12 7313 9 7337 13 7569 8 7593 13 7825 8 7849 13 8083 4 8105 13 8339 4 8362 12 8619 10 8876 9 9136 3 13737 4 13776 8 13993 4 14031 10 14248 6 14285 14 14504 7 14541 14 14750 8 14759 8 14797 15 15004 19 15053 15 15257 16 15275 3 15285 4 15308 17 15513 21 15540 6 15563 18 15769 22 15795 8 15817 19 16025 22 16051 9 16072 20 16281 24 16306 9 16321 26 16537 34 16577 26 16793 34 16831 26 17049 26 17077 7 17085 28 17306 23 17334 33 17562 24 17590 35 17819 23 17845 38 18075 23 18101 39 18330 24 18357 40 18586 24 18613 40 18842 68 19098 68 19354 68 19611 67 19867 17 19888 45 20123 15 20145 44 20380 13 20402 41 20637 11 20658 41 20895 8 20914 39 21151 8 21170 39 21407 8 21427 37 21663 9 21683 37 21919 10 21941 34 22175 10 22199 32 22431 10 22457 28 22687 10 22714 26 22943 10 22971 6 22978 17 23199 9 23230 21 23455 7 23489 18 23712 5 23745 18 24001 18 24257 18 24513 17 24770 15 25027 13 25284 10 27065 7 27321 8 27575 19 27831 20 28087 21 28343 21 28600 24 28856 25 29113 26 29142 2 29370 30 29628 28 29884 28 30141 28 30398 27 30653 28 30909 28 31163 30 31418 31 31673 32 31929 32 32185 33 32441 40 32697 40 32953 40 33209 40 33465 40 33721 40 33977 41 34232 43 34488 43 34743 44 34999 45 35254 47 35511 37 35553 2 35767 34 36024 33 36281 31 36537 31 36795 30 37051 30 37309 28 37565 28 37823 26 38080 25 38336 21 38592 20 38848 19 39104 18 39360 17 39616 16 39872 13 40128 11 40384 8 40641 5 40897 2 41152 3 41407 4 41663 4 41918 7 42174 7 42430 7 42686 7 42942 7 43198 8 43454 8 43710 8 43967 6 44223 5 44481 1 45260 1 45514 15 45767 19 46017 27 46063 7 46273 27 46319 7 46529 28 46574 10 46785 28 46829 12 47040 29 47085 12 47297 28 47340 14 47553 28 47595 16 47809 28 47851 16 48066 26 48106 17 48323 25 48361 18 48580 23 48618 16 48839 19 48875 15 49096 15 49136 9 49352 15 49393 7 49609 12 49865 12 50124 7 50382 3 51683 4 51939 4 52195 3 52450 4 53189 4 53199 2 53214 4 53444 7 53454 3 53469 8 53699 15 53723 13 53955 16 53979 14 54211 18 54231 18 54468 37 54725 36 54768 4 54981 37 55023 6 55238 38 55277 9 55494 49 55751 49 56007 50 56264 49 56521 48 56777 48 57033 48 57290 34 57326 11 57545 34 57583 10 57797 35 57839 10 58052 35 58095 10 58306 35 58351 10 58561 30 58593 4 58606 11 58816 29 58861 12 59071 30 59117 11 59326 30 59372 10 59582 30 59626 11 59838 28 59879 14 60094 27 60133 16 60350 27 60389 18 60606 26 60644 19 60671 1 60863 24 60900 20 60927 1 61119 24 61157 20 61182 2 61375 24 61413 20 61437 3 61631 24 61669 20 61694 2 61888 22 61927 18 62144 22 62184 17 62401 21 62441 17 62658 20 62698 16 62915 20 62954 17 63172 19 63209 20 63429 18 63465 22 63686 17 63720 23 63946 12 63976 23 64203 10 64231 19 64251 5 64459 9 64484 21 64714 9 64739 22 64969 9 64994 23 65225 9 65249 24 65481 9 65505 25
844747,0 58 83 1 98 5 115 2 119 56 233 3 253 62 339 1 355 4 373 57 510 61 595 1 606 1 612 3 629 57 767 66 851 2 858 7 869 2 884 57 1013 7 1023 71 1107 2 1113 8 1125 2 1137 59 1269 10 1280 71 1363 3 1367 11 1381 2 1393 58 1524 11 1536 71 1619 16 1636 3 1649 58 1780 11 1792 71 1873 23 1904 59 2035 84 2129 23 2160 59 2291 84 2385 24 2415 60 2546 85 2641 24 2671 61 2802 85 2897 24 2927 58 3057 86 3154 23 3184 54 3312 89 3412 21 3443 49 3567 91 3669 20 3700 47 3823 92 3925 18 3959 43 4079 95 4182 17 4216 41 4335 97 4439 14 4473 40 4590 99 4695 13 4730 39 4836 2 4846 100 4953 10 4987 36 5091 7 5099 104 5209 10 5244 19 5267 10 5347 112 5466 9 5504 7 5513 5 5603 113 5723 8 5761 4 5770 3 5859 36 5900 73 6049 2 6115 34 6157 72 6305 2 6372 33 6414 71 6561 3 6628 34 6671 70 6816 11 6884 34 6927 70 7019 3 7072 14 7141 33 7184 69 7275 4 7328 15 7398 32 7441 67 7531 8 7541 5 7585 16 7655 31 7697 66 7786 17 7841 17 7911 30 7954 65 8041 18 8096 19 8168 29 8210 65 8296 20 8351 20 8425 28 8467 64 8550 23 8607 20 8655 4 8681 28 8725 62 8805 24 8863 20 8910 6 8918 4 8937 27 8982 21 9005 38 9051 2 9059 27 9119 19 9159 2 9165 14 9195 25 9239 20 9262 37 9307 1 9315 27 9375 19 9415 4 9422 14 9451 24 9498 14 9519 36 9565 2 9571 28 9631 18 9671 5 9680 13 9709 21 9757 11 9776 35 9821 3 9826 30 9887 18 9928 3 9937 12 9967 17 10019 4 10032 34 10076 37 10143 18 10197 10 10227 13 10288 24 10315 6 10332 37 10398 19 10454 9 10483 13 10544 31 10588 37 10653 20 10711 8 10741 11 10800 31 10844 36 10909 20 10967 8 10999 9 11045 22 11068 19 11094 41 11165 22 11224 15 11257 7 11301 21 11324 20 11350 40 11421 22 11477 20 11515 5 11555 21 11580 21 11606 37 11678 21 11703 1 11732 23 11810 21 11836 21 11862 37 11934 21 11958 2 11988 23 12065 21 12092 21 12119 36 12191 18 12214 2 12242 27 12321 20 12348 21 12377 34 12448 17 12469 2 12497 28 12577 20 12605 20 12635 31 12705 22 12750 31 12833 12 12846 7 12861 20 12891 30 12961 22 13004 34 13089 8 13103 6 13117 20 13143 26 13219 8 13229 11 13259 35 13346 6 13360 4 13374 19 13398 27 13475 8 13485 12 13516 34 13631 18 13653 26 13714 6 13741 13 13772 34 13887 18 13909 26 13969 8 13997 14 14029 33 14141 22 14164 26 14225 8 14253 14 14285 34 14397 48 14481 8 14491 2 14509 14 14541 34 14652 48 14737 12 14765 14 14797 34 14908 47 14993 12 15009 1 15021 14 15052 36 15164 40 15235 8 15249 12 15263 6 15277 14 15308 37 15420 40 15490 10 15506 20 15533 14 15564 37 15677 38 15740 17 15763 22 15789 14 15820 37 15933 38 15995 19 16019 25 16045 14 16076 37 16193 35 16249 66 16333 36 16450 34 16505 66 16589 36 16707 34 16761 66 16845 36 16891 4 16963 34 17016 37 17055 28 17101 35 17143 9 17219 34 17271 38 17312 29 17356 35 17397 11 17475 35 17526 39 17568 31 17611 36 17652 12 17731 36 17781 40 17825 32 17865 38 17905 15 17987 36 18037 40 18081 33 18121 55 18242 38 18293 40 18336 35 18377 55 18449 6 18497 40 18550 40 18592 21 18615 13 18633 55 18704 7 18751 42 18806 40 18847 21 18873 71 18961 7 19005 45 19063 39 19103 21 19130 70 19217 8 19260 47 19319 61 19388 68 19475 6 19516 47 19575 37 19615 22 19645 67 19773 46 19831 36 19873 20 19903 65 20029 46 20087 34 20130 19 20160 64 20285 46 20339 38 20387 18 20416 64 20541 47 20594 39 20643 18 20672 64 20797 47 20850 39 20901 16 20927 65 21053 46 21106 39 21158 17 21183 65 21263 2 21308 47 21363 38 21416 17 21439 65 21518 4 21536 1 21564 47 21620 37 21673 19 21693 67 21773 8 21784 10 21819 48 21878 35 21915 2 21933 4 21938 78 22029 22 22075 48 22135 34 22170 3 22195 77 22284 22 22331 49 22391 38 22451 77 22539 23 22567 9 22587 49 22647 39 22706 78 22794 23 22823 12 22841 52 22903 40 22961 79 23050 24 23078 72 23159 42 23216 80 23305 25 23333 75 23415 46 23471 38 23511 41 23561 25 23589 74 23671 46 23727 37 23767 41 23816 27 23844 75 23929 46 23983 36 24022 42 24072 27 24100 75 24185 46 24238 37 24277 43 24328 103 24442 47 24493 83 24584 102 24699 133 24840 25 24867 76 24957 131 25097 23 25124 75 25214 130 25353 22 25381 74 25473 43 25517 83 25610 20 25638 74 25729 42 25773 83 25867 3 25873 12 25895 73 25986 39 26031 81 26131 8 26151 73 26242 38 26287 81 26407 74 26497 41 26544 80 26663 74 26751 44 26801 79 26921 72 27006 46 27057 79 27177 72 27261 48 27314 78 27434 71 27517 49 27571 77 27690 71 27773 49 27827 76 27949 8 27960 56 28029 50 28085 34 28122 37 28210 2 28217 54 28285 52 28341 33 28379 34 28472 55 28543 53 28597 32 28635 34 28727 55 28800 85 28891 34 28983 52 29059 82 29148 32 29239 52 29315 81 29405 32 29496 47 29571 80 29671 22 29753 44 29827 80 29927 22 30010 42 30083 54 30141 21 30183 21 30267 40 30339 54 30397 20 30440 20 30523 39 30595 54 30655 18 30697 17 30781 36 30851 54 30913 16 30953 17 31037 28 31105 56 31170 13 31211 14 31291 22 31361 56 31427 13 31468 13 31493 4 31545 23 31617 56 31683 19 31727 8 31749 4 31801 24 31873 56 31939 20 31985 6 32005 4 32057 26 32129 56 32196 21 32245 2 32255 1 32261 5 32313 26 32385 55 32453 21 32501 3 32511 1 32517 6 32569 28 32640 55 32710 20 32757 4 32765 3 32773 6 32825 28 32895 55 32967 19 33013 4 33020 4 33029 6 33081 28 33149 55 33223 19 33269 11 33285 6 33337 29 33379 2 33404 56 33480 18 33503 3 33524 12 33542 5 33593 30 33633 6 33659 56 33737 17 33758 5 33779 13 33799 4 33849 32 33888 7 33914 57 33994 16 34013 6 34032 16 34106 35 34143 10 34170 56 34250 15 34269 6 34284 20 34363 35 34399 10 34426 56 34506 14 34525 6 34539 21 34619 45 34682 49 34763 12 34781 6 34795 21 34876 43 34938 47 34998 3 35019 12 35037 7 35051 21 35133 41 35194 31 35230 11 35253 6 35276 11 35294 6 35306 22 35390 40 35450 31 35488 8 35507 8 35533 9 35549 7 35562 22 35649 37 35707 30 35761 10 35793 3 35804 7 35817 23 35905 37 35962 31 36017 10 36059 8 36073 23 36159 39 36217 32 36272 12 36313 10 36330 22 36409 45 36469 37 36527 13 36569 10 36586 22 36664 46 36723 38 36781 14 36822 14 36842 22 36920 46 36979 38 37037 14 37077 43 37175 47 37233 39 37293 13 37333 43 37431 47 37489 38 37549 10 37588 44 37687 47 37746 34 37805 6 37843 11 37859 29 37942 48 38002 33 38062 2 38099 10 38115 29 38198 48 38257 34 38356 9 38370 30 38416 1 38454 48 38513 34 38613 8 38625 31 38671 3 38711 46 38769 33 38869 43 38927 4 38967 46 39025 32 39126 42 39183 4 39223 44 39280 33 39383 41 39440 3 39479 44 39537 31 39640 40 39735 43 39793 28 39899 36 39991 42 40049 28 40155 36 40210 3 40247 43 40306 27 40412 36 40465 5 40503 43 40562 27 40669 35 40721 6 40759 44 40819 26 40925 35 40977 6 41016 43 41075 26 41181 35 41233 6 41273 42 41332 25 41437 35 41489 7 41529 42 41589 24 41694 34 41745 8 41786 41 41846 23 41892 1 41951 33 42002 8 42042 41 42103 21 42147 4 42207 33 42258 9 42299 39 42365 14 42401 7 42445 2 42463 33 42515 8 42555 38 42627 2 42657 7 42699 4 42720 32 42771 8 42811 37 42883 2 42913 7 42953 7 42970 1 42976 32 43027 9 43067 36 43139 4 43169 7 43209 8 43225 39 43284 9 43324 25 43394 7 43412 4 43426 6 43464 9 43479 41 43540 9 43581 22 43650 9 43667 6 43683 4 43719 10 43735 41 43797 9 43838 19 43905 12 43922 8 43975 57 44053 9 44095 17 44161 12 44177 10 44230 58 44309 8 44355 12 44417 26 44485 59 44564 9 44613 10 44672 27 44741 59 44820 9 44872 5 44927 28 44994 62 45076 10 45182 29 45249 63 45333 10 45437 30 45504 64 45589 10 45692 31 45760 64 45845 11 45945 34 46017 52 46077 3 46101 11 46201 34 46273 51 46334 2 46357 12 46454 37 46529 50 46590 2 46613 12 46709 38 46785 50 46846 2 46869 12 46961 42 47040 51 47102 2 47125 12 47217 42 47296 51 47358 2 47381 12 47427 4 47471 44 47551 51 47615 1 47638 11 47681 8 47727 44 47806 52 47871 1 47895 10 47937 11 47983 43 48061 54 48127 1 48152 9 48192 13 48239 42 48316 55 48409 7 48448 13 48495 42 48572 55 48666 5 48704 13 48751 42 48828 55 48925 1 48961 12 49008 40 49068 9 49084 55 49217 11 49264 39 49322 13 49341 54 49474 9 49519 40 49577 16 49597 52 49730 9 49774 40 49831 18 49853 52 49987 6 50029 41 50083 23 50109 52 50243 4 50285 40 50339 24 50365 52 50499 4 50515 1 50541 40 50593 80 50686 2 50755 3 50771 4 50797 40 50848 81 50941 3 51009 10 51025 8 51052 41 51102 83 51197 3 51264 25 51307 42 51357 84 51453 3 51507 2 51517 28 51561 44 51613 84 51709 3 51763 2 51772 29 51818 43 51869 84 51964 4 52022 35 52075 42 52125 85 52217 7 52278 35 52331 42 52381 85 52471 9 52533 38 52588 40 52637 84 52727 9 52789 38 52845 39 52893 84 52982 10 53044 41 53101 39 53150 83 53237 11 53299 42 53357 39 53407 81 53493 11 53555 44 53613 38 53663 69 53734 7 53749 11 53811 44 53869 38 53919 68 53991 2 54005 11 54067 44 54125 37 54176 65 54259 13 54324 44 54381 36 54432 63 54515 13 54579 45 54637 37 54689 51 54761 2 54768 16 54835 45 54894 36 54945 50 55002 3 55016 24 55091 45 55151 36 55201 48 55257 3 55271 25 55347 44 55407 36 55457 48 55513 2 55528 24 55603 44 55663 36 55713 48 55769 1 55785 23 55859 44 55920 35 55969 48 56041 23 56117 41 56176 35 56226 47 56297 23 56373 41 56433 34 56482 45 56553 23 56629 41 56689 33 56738 44 56809 23 56885 41 56946 31 56995 41 57065 23 57141 41 57203 29 57251 40 57302 2 57318 26 57396 42 57459 28 57507 39 57574 26 57652 42 57715 26 57763 31 57829 27 57907 43 57971 26 58019 30 58085 27 58164 41 58229 22 58275 30 58340 28 58420 41 58485 22 58531 30 58595 29 58677 38 58744 18 58789 28 58851 29 58933 37 59001 16 59045 27 59106 30 59189 34 59259 12 59303 25 59361 31 59445 34 59517 8 59561 22 59617 31 59701 32 59818 19 59873 31 59958 29 60074 18 60128 32 60215 27 60331 14 60385 31 60473 24 60587 12 60641 31 60730 22 60844 9 60895 33 60987 20 61101 8 61151 33 61245 16 61359 4 61406 11 61419 21 61503 14 61615 4 61662 11 61675 21 61762 9 61873 2 61917 35 62020 6 62129 2 62172 36 62429 35 62685 35 62941 35 63198 34 63455 33 63711 33 63969 22 63992 8 64225 20 64249 7 64471 4 64482 21 64505 7 64718 2 64725 7 64739 29 64830 4 64974 16 64995 29 65086 4 65230 16 65252 28 65341 5 65487 17 65510 26
846389,80 12 146 22 248 8 337 12 402 21 503 9 593 12 657 22 759 9 849 12 913 22 1015 9 1106 11 1169 22 1271 9 1363 10 1424 22 1526 10 1619 10 1680 21 1782 10 1877 7 1936 21 2038 10 2134 5 2192 21 2294 10 2448 22 2549 11 2704 23 2805 11 2869 2 2960 23 3060 12 3125 2 3216 23 3316 12 3381 4 3472 23 3572 12 3637 3 3728 23 3828 12 3943 4 3984 23 4084 12 4198 5 4240 23 4340 12 4454 6 4496 23 4595 13 4709 8 4753 22 4851 13 4966 7 5009 21 5107 13 5223 5 5263 22 5362 14 5518 23 5617 15 5773 24 5873 15 6028 24 6129 15 6284 23 6385 15 6539 25 6641 15 6795 26 6897 15 7052 25 7155 13 7309 24 7411 13 7565 25 7649 4 7669 11 7822 24 7905 4 7925 11 8078 25 8182 10 8335 24 8438 10 8501 2 8591 24 8694 10 8755 5 8847 25 8950 10 9010 7 9103 25 9205 11 9266 7 9359 25 9460 12 9521 9 9615 25 9702 26 9777 9 9871 24 9956 28 10034 7 10127 24 10209 31 10290 7 10383 23 10465 31 10640 21 10721 31 10896 21 10977 31 11153 18 11233 31 11409 16 11491 29 11665 14 11749 27 11921 14 12005 27 12179 11 12261 27 12436 3 12442 4 12517 27 12698 4 12773 27 12954 4 13029 27 13210 4 13285 27 13467 2 13535 1 13539 29 13790 34 14046 34 14301 35 14557 35 14813 35 15069 35 15325 35 15582 34 15840 32 16097 31 16354 30 16611 29 16694 4 16867 29 16950 5 17124 28 17206 5 17381 27 17463 4 17637 27 17755 4 17893 27 18011 4 18149 27 18267 5 18405 27 18524 5 18662 26 18781 4 18918 26 19037 4 19175 25 19431 25 19688 24 19944 24 20201 23 20457 23 20712 24 20968 24 21223 25 21479 25 21735 25 21857 3 21991 25 22112 5 22247 25 22367 10 22457 5 22503 25 22623 10 22712 7 22759 25 22878 13 22968 9 23014 26 23135 12 23225 8 23269 27 23391 12 23481 10 23524 28 23647 14 23737 10 23779 29 23903 14 23995 8 24031 33 24160 14 24252 8 24286 34 24416 14 24541 35 24671 15 24797 35 24925 17 25053 35 25179 18 25309 35 25435 18 25567 33 25690 19 25823 33 25946 18 26080 29 26202 18 26337 27 26459 16 26593 27 26715 10 26727 3 26849 27 26971 8 27106 27 27227 8 27362 28 27485 5 27619 27 27742 3 27875 27 28132 19 28155 4 28388 19 28412 3 28645 18 28901 17 29017 7 29159 14 29273 8 29416 12 29528 11 29674 7 29784 11 29930 7 30040 11 30107 3 30186 7 30296 11 30362 5 30414 3 30442 7 30551 14 30617 6 30671 2 30698 6 30807 14 30871 8 30927 3 30955 4 31061 16 31125 9 31183 3 31317 17 31381 9 31395 3 31573 18 31637 20 31829 18 31893 21 32088 16 32153 18 32345 15 32410 19 32604 12 32667 18 32861 11 32923 19 33119 8 33183 16 33245 3 33376 8 33439 16 33497 10 33633 7 33697 14 33752 13 33889 7 33953 13 34008 14 34144 9 34211 4 34265 13 34399 10 34521 13 34655 11 34778 12 34910 12 35035 10 35165 14 35292 9 35390 3 35421 14 35549 8 35643 10 35677 14 35805 8 35899 10 35933 14 36061 8 36155 12 36189 14 36318 6 36411 13 36445 14 36513 4 36575 5 36667 14 36701 14 36767 7 36833 2 36925 11 36953 18 37022 9 37120 1 37184 8 37207 20 37277 10 37365 3 37376 1 37439 9 37461 22 37533 10 37632 1 37695 8 37715 24 37788 12 37888 1 37950 9 37970 25 38043 13 38117 1 38203 14 38225 27 38299 13 38337 1 38375 6 38458 17 38479 29 38555 13 38591 6 38631 8 38713 51 38810 14 38845 9 38875 5 38887 9 38969 51 39066 13 39101 10 39131 6 39143 10 39224 51 39321 13 39356 11 39386 10 39398 11 39481 50 39577 13 39611 12 39641 24 39671 1 39738 33 39773 11 39833 12 39867 12 39896 26 39927 1 39995 32 40030 9 40089 12 40123 12 40151 34 40255 30 40346 11 40377 16 40405 39 40511 30 40573 5 40603 9 40632 19 40657 44 40769 30 40827 8 40860 7 40887 71 41025 31 41083 8 41117 4 41142 73 41283 30 41338 10 41397 75 41539 31 41594 9 41653 75 41792 35 41850 9 41879 6 41909 75 42048 35 42107 8 42134 8 42165 75 42303 36 42352 6 42365 4 42389 9 42420 76 42558 37 42607 8 42643 11 42675 77 42813 37 42862 9 42895 16 42931 77 43069 36 43118 9 43149 18 43187 77 43307 5 43324 35 43375 9 43400 27 43442 61 43504 3 43509 11 43561 8 43579 34 43631 9 43655 30 43698 61 43767 9 43800 7 43815 12 43834 29 43888 8 43911 31 43954 61 44025 7 44055 9 44069 14 44089 22 44115 1 44145 8 44167 31 44210 61 44282 6 44311 9 44328 11 44345 27 44401 7 44423 32 44466 61 44539 5 44566 9 44585 10 44600 28 44657 7 44679 35 44722 60 44797 3 44822 9 44841 12 44855 30 44913 6 44936 36 44978 62 45055 1 45079 8 45097 13 45111 31 45169 6 45192 37 45235 62 45335 6 45353 46 45424 8 45449 37 45491 63 45593 3 45609 29 45641 15 45679 8 45705 37 45747 64 45864 16 45881 12 45897 20 45932 11 45960 39 46002 66 46120 16 46137 12 46153 22 46187 11 46216 39 46256 68 46375 30 46407 26 46443 9 46472 108 46631 31 46663 32 46699 8 46728 109 46887 76 46985 108 47143 76 47241 108 47379 4 47398 21 47427 48 47497 108 47634 5 47653 22 47683 48 47744 3 47754 106 47889 7 47906 25 47939 48 47998 7 48010 12 48024 91 48144 9 48161 26 48196 47 48254 8 48266 12 48280 90 48397 12 48416 27 48450 49 48509 116 48648 17 48671 29 48705 51 48765 116 48903 18 48927 29 48960 51 49021 116 49145 7 49160 17 49183 30 49215 51 49277 116 49400 8 49417 16 49438 31 49471 47 49532 117 49654 10 49673 16 49694 79 49787 118 49909 11 49929 18 49948 80 50043 133 50185 98 50299 133 50439 98 50554 134 50694 98 50809 135 50949 24 50978 69 51054 4 51064 136 51204 25 51234 69 51309 6 51320 136 51459 25 51491 68 51564 10 51575 137 51715 24 51747 68 51819 149 51970 24 52002 222 52226 23 52258 194 52454 26 52482 23 52514 194 52710 26 52737 25 52771 152 52925 39 52965 27 52993 25 53026 127 53157 21 53183 91 53281 128 53413 118 53535 131 53669 118 53790 133 53925 118 54044 966 55013 252 55269 252 55525 253 55780 299 56087 248 56345 246 56600 247 56856 249 57111 196 57309 55 57366 197 57565 252 57821 38 57863 210 58077 35 58119 249 58375 249 58630 250 58886 45 58932 204 59141 45 59189 203 59397 45 59445 203 59653 44 59702 202 59909 44 59958 202 60165 43 60212 204 60421 42 60467 205 60678 34 60721 207 60934 33 60975 209 61189 33 61230 210 61445 33 61485 248 61741 248 61996 179 62176 69 62252 177 62433 68 62507 178 62689 68 62763 178 62945 68 63019 178 63201 68 63274 179 63457 69 63530 254 63786 1750
850742,0 2166 2168 13992 16162 253 16419 251 16675 251 16931 250 17187 250 17442 242 17697 242 17953 242 18208 243 18463 244 18721 241 18979 238 19236 235 19492 232 19747 232 20003 232 20257 234 20511 236 20767 235 21023 235 21279 235 21534 236 21789 237 22045 237 22301 237 22556 239 22811 240 23066 242 23320 245 23576 245 23832 245 24087 247 24343 247 24599 248 24854 248 25109 248 25364 249 25620 173 25794 75 25876 173 26051 74 26132 172 26308 75 26387 152 26543 16 26565 229 26801 12 26821 223 27065 2 27079 14 27100 199 27321 2 27336 12 27358 10 27371 182 27577 2 27596 6 27629 180 27853 4 27884 181 28139 182 28393 185 28646 192 28901 194 29153 198 29406 200 29657 205 29903 1 29911 207 30158 2 30165 209 30413 4 30419 211 30674 212 30930 212 31185 213 31441 214 31675 2 31697 214 31915 2 31931 2 31952 223 32200 231 32449 240 32705 240 32950 1 32962 246 33220 245 33473 5949 39424 254 39680 250 39936 250 40192 249 40448 248 40703 248 40957 249 41212 248 41467 249 41721 250 41975 251 42230 23306
863209,0 13818 13819 254 14076 249 14336 239 14592 237 14848 235 15104 229 15360 227 15616 224 15872 219 16128 209 16384 207 16640 203 16896 199 17152 195 17408 193 17664 186 17920 181 18176 176 18432 171 18688 166 18944 165 19200 162 19456 161 19712 157 19968 154 20224 147 20480 145 20736 141 20992 136 21248 131 21504 128 21760 123 22016 122 22272 119 22528 117 22784 111 23040 109 23296 105 23552 103 23808 98 24064 93 24320 86 24576 83 24832 79 25088 77 25344 74 25600 73 25856 71 26112 65 26368 59 26624 57 26880 53 27136 50 27392 41 27648 39 27904 35 28160 33 28416 31 28672 26 28928 21 29184 19 29440 15 29696 5 29703 5 29952 3 30208 3
863364,8 5 73 104 186 70 264 7 329 104 442 70 520 7 585 104 698 70 775 8 842 104 953 71 1031 8 1098 105 1208 72 1286 9 1354 182 1542 9 1609 183 1798 10 1865 183 2053 11 2121 83 2205 99 2309 11 2377 183 2565 11 2633 183 2820 12 2888 184 3076 13 3144 184 3331 17 3400 184 3587 17 3656 184 3844 16 3912 184 4100 17 4167 185 4355 17 4423 185 4609 19 4679 205 4934 207 5190 207 5445 208 5701 208 5919 6 5957 208 6175 7 6213 200 6418 1 6430 9 6471 198 6686 9 6727 197 6941 19 6983 196 7197 20 7230 1 7239 196 7452 22 7485 2 7495 196 7707 24 7741 2 7751 195 7961 26 7995 4 8005 196 8213 29 8250 5 8259 197 8467 31 8505 6 8515 197 8722 31 8760 7 8771 197 8977 32 9015 9 9027 198 9233 32 9271 9 9283 199 9489 31 9528 8 9539 200 9744 32 9784 213 9999 33 10045 208 10254 33 10301 241 10557 240 10812 209 11022 31 11068 209 11278 30 11324 207 11535 29 11581 206 11791 29 11837 204 12047 30 12093 194 12288 8 12303 30 12349 194 12544 7 12558 32 12606 193 12800 7 12813 38 12862 193 13056 5 13067 41 13119 192 13312 5 13321 43 13375 192 13568 51 13631 244 13887 242 14144 241 14401 191 14593 47 14657 190 14849 47 14913 190 15105 46 15167 192 15361 46 15423 192 15616 45 15678 192 15872 44 15934 192 16128 44 16190 191 16384 44 16446 191 16640 43 16701 192 16896 43 16957 82 17042 106 17152 43 17213 79 17301 14 17318 86 17408 43 17468 79 17557 13 17575 85 17664 41 17723 37 17762 41 17814 11 17831 86 17920 41 17979 37 18020 39 18071 10 18087 86 18176 41 18235 1 18240 33 18277 38 18326 10 18343 86 18433 40 18491 1 18497 32 18533 37 18582 10 18599 86 18689 39 18753 34 18789 36 18838 9 18855 84 18945 38 19009 34 19045 35 19094 9 19111 82 19200 38 19264 38 19303 31 19351 8 19367 80 19456 37 19520 69 19607 9 19623 80 19712 35 19775 70 19865 10 19878 79 19968 34 20031 64 20099 2 20121 91 20224 33 20287 63 20375 92 20480 32 20532 3 20542 64 20631 92 20733 34 20786 5 20797 64 20886 92 20987 36 21042 5 21053 64 21141 93 21243 34 21297 6 21309 63 21397 92 21497 36 21553 5 21565 62 21653 92 21753 36 21810 3 21821 61 21909 92 22008 37 22067 2 22076 61 22165 92 22264 36 22332 60 22421 93 22520 36 22588 59 22677 93 22775 36 22844 57 22933 95 23030 35 23100 55 23190 123 23355 52 23447 119 23611 53 23703 117 23865 56 23959 116 24120 57 24215 116 24375 57 24471 115 24631 57 24726 106 24833 8 24887 56 24982 113 25143 56 25237 109 25401 51 25491 112 25656 51 25747 113 25912 51 26003 113 26168 50 26259 113 26423 50 26515 114 26633 2 26679 50 26771 114 26886 7 26935 50 27027 122 27191 50 27283 123 27447 50 27537 125 27703 50 27793 126 27959 49 28050 125 28215 49 28307 125 28469 54 28569 4 28576 113 28725 62 28832 115 28980 64 29089 114 29237 2 29241 58 29345 115 29499 56 29601 115 29755 56 29857 115 30013 54 30114 113 30269 53 30370 112 30526 52 30627 110 30785 49 30883 108 31027 2 31041 26 31068 22 31139 108 31283 3 31297 24 31326 21 31395 108 31539 4 31552 22 31583 20 31652 106 31795 4 31808 22 31840 19 31908 106 32043 1 32052 3 32064 21 32096 19 32165 104 32282 2 32299 2 32308 4 32315 1 32320 21 32352 19 32421 104 32536 5 32565 3 32569 28 32608 20 32629 8 32677 104 32792 6 32821 32 32864 29 32933 105 33047 8 33061 4 33077 32 33120 30 33189 104 33303 7 33317 4 33333 32 33376 30 33445 104 33559 6 33571 7 33587 34 33632 30 33701 104 33815 6 33828 6 33843 35 33888 30 33957 81 34042 19 34071 6 34085 3 34099 13 34113 21 34144 30 34213 78 34300 17 34327 6 34349 3 34356 11 34371 1 34377 14 34399 30 34469 76 34557 16 34581 8 34605 11 34617 4 34635 12 34655 31 34725 71 34815 15 34837 9 34861 10 34875 1 34883 3 34891 13 34911 32 34980 71 35072 14 35093 10 35116 11 35139 8 35148 13 35166 40 35236 69 35328 13 35349 10 35372 10 35395 22 35421 42 35492 70 35584 12 35606 11 35627 11 35650 23 35677 44 35749 70 35840 11 35863 11 35883 11 35905 25 35933 44 36005 71 36096 9 36121 11 36139 10 36160 27 36189 45 36261 73 36352 8 36377 12 36395 10 36415 28 36445 46 36517 74 36608 7 36634 12 36651 10 36671 28 36700 47 36773 76 36864 7 36890 13 36908 9 36927 76 37029 80 37120 6 37147 12 37164 8 37183 76 37285 82 37376 6 37403 12 37421 7 37439 76 37541 83 37632 5 37661 10 37679 4 37695 4 37700 23 37724 3 37734 36 37796 85 37888 5 37901 4 37917 10 37936 2 37952 2 37957 22 37991 34 38052 85 38144 4 38156 7 38171 2 38174 10 38217 19 38247 33 38308 85 38400 4 38411 9 38425 4 38430 11 38473 19 38503 32 38563 86 38656 3 38666 11 38680 18 38729 19 38759 28 38820 85 38912 3 38922 11 38936 19 38985 19 39015 26 39076 85 39168 1 39177 12 39191 22 39242 17 39271 24 39332 85 39424 1 39433 12 39447 22 39498 4 39503 13 39527 24 39588 85 39687 14 39703 23 39727 2 39759 14 39783 23 39843 86 39943 13 39959 26 40015 14 40039 23 40099 86 40199 12 40216 25 40273 12 40295 22 40355 86 40455 11 40473 24 40515 1 40529 12 40551 21 40611 86 40710 11 40730 23 40771 7 40786 12 40805 22 40867 86 40965 12 40987 22 41026 9 41042 13 41059 24 41123 86 41220 13 41246 19 41282 10 41298 41 41379 86 41476 14 41505 14 41538 10 41554 41 41636 85 41731 16 41763 9 41793 10 41810 40 41893 84 41987 16 42020 7 42049 9 42066 9 42076 29 42150 83 42243 16 42279 3 42296 5 42304 11 42322 8 42333 28 42407 83 42499 16 42536 1 42551 6 42559 12 42578 7 42590 26 42663 77 42741 5 42756 15 42807 20 42834 7 42850 21 42919 76 42999 1 43012 15 43063 20 43090 7 43107 20 43176 75 43269 14 43318 21 43346 7 43363 20 43433 74 43525 14 43574 21 43602 9 43619 20 43689 73 43781 15 43829 22 43859 8 43876 18 43947 64 44037 16 44085 22 44115 8 44133 16 44203 63 44293 17 44341 22 44371 8 44387 18 44462 59 44549 18 44597 20 44627 8 44643 16 44720 57 44807 18 44854 19 44883 8 44898 17 44983 48 45063 18 45111 18 45140 7 45154 17 45239 48 45321 16 45368 18 45397 6 45410 17 45497 44 45577 16 45625 16 45653 7 45666 17 45699 2 45753 44 45833 15 45883 14 45908 9 45922 18 45955 2 46009 42 46089 15 46139 14 46160 3 46164 9 46178 18 46211 3 46265 42 46347 11 46397 10 46420 10 46435 16 46466 5 46521 39 46603 10 46653 9 46675 12 46691 16 46721 6 46777 37 46861 6 46910 7 46931 12 46947 16 46977 6 47034 23 47059 8 47117 6 47166 6 47186 12 47203 16 47232 7 47291 22 47316 7 47422 5 47440 13 47459 6 47469 6 47477 9 47487 8 47552 15 47572 6 47678 5 47696 6 47703 6 47715 6 47725 26 47809 13 47828 6 47932 7 47961 1 47971 4 47981 28 48067 10 48084 5 48185 10 48227 4 48237 28 48323 8 48340 5 48430 21 48491 31 48547 6 48581 6 48597 4 48683 24 48745 34 48803 6 48837 6 48854 2 48938 25 48997 38 49057 9 49094 7 49193 26 49251 43 49295 4 49313 9 49350 9 49427 4 49449 24 49507 50 49566 13 49607 10 49654 10 49683 6 49704 25 49763 51 49819 16 49862 11 49910 10 49938 7 49958 27 50018 74 50113 16 50165 11 50194 7 50213 27 50274 75 50367 18 50421 11 50449 8 50470 27 50529 77 50624 17 50677 11 50705 9 50726 27 50784 78 50880 17 50933 11 50959 11 50982 28 51037 82 51137 14 51189 11 51211 1 51215 11 51238 28 51291 84 51393 3 51403 2 51445 11 51465 17 51491 1 51495 27 51545 87 51701 11 51721 17 51747 1 51750 27 51800 88 51957 11 51978 15 52005 28 52054 91 52213 11 52234 14 52261 27 52310 91 52469 11 52490 13 52519 25 52566 91 52724 12 52746 13 52776 23 52822 91 52979 13 53002 12 53033 22 53078 91 53234 15 53258 12 53290 21 53334 91 53492 13 53514 12 53549 17 53591 91 53751 10 53770 12 53806 16 53847 92 54010 7 54026 11 54061 17 54105 94 54268 5 54282 11 54317 18 54361 94 54524 4 54541 2 54573 17 54617 95 54781 3 54829 17 54873 95 55037 3 55085 17 55128 96 55293 3 55341 16 55384 96 55549 3 55598 15 55639 96 55807 1 55854 15 55895 96 56063 1 56112 13 56150 97 56369 12 56405 98 56625 12 56661 98 56882 11 56917 98 57139 8 57173 56 57231 40 57395 7 57429 98 57651 4 57685 98 57907 3 57941 98 58197 98 58453 98 58710 98 58966 98 59127 2 59223 98 59382 5 59479 98 59639 4 59685 1 59736 99 59895 3 59941 1 59952 3 59992 100 60151 1 60205 8 60248 101 60461 8 60504 102 60716 9 60760 103 60972 9 61015 104 61228 9 61270 105 61484 9 61526 104 61740 7 61781 104 61898 7 61911 4 61997 6 62036 103 62153 8 62166 6 62253 6 62291 101 62407 22 62510 4 62546 101 62663 22 62801 101 62918 24 63057 100 63174 24 63312 99 63430 24 63568 98 63686 24 63823 93 63942 24 64079 92 64197 25 64335 92 64453 25 64591 91 64709 25 64847 90 64964 26 65103 90 65220 26 65359 88 65475 26
863933,0 65536
863998,12529 4 12781 10 13035 12 13289 14 13543 16 13793 23 14049 23 14303 25 14559 26 14815 25 15071 25 15327 23 15583 22 15811 9 15839 19 16067 10 16095 18 16313 20 16351 20 16568 21 16607 20 16824 22 16863 20 17080 22 17119 19 17337 21 17375 19 17592 22 17631 18 17848 22 17888 17 18103 23 18144 17 18335 4 18359 22 18399 17 18589 8 18615 22 18655 17 18844 9 18871 22 18910 17 19099 10 19127 21 19166 17 19353 12 19383 20 19421 17 19607 14 19639 20 19677 16 19861 16 19894 21 19933 16 20117 16 20150 20 20189 16 20373 14 20406 20 20445 15 20629 14 20662 19 20700 16 20885 13 20918 19 20955 16 21141 12 21175 2 21181 12 21211 16 21361 14 21397 11 21440 7 21467 14 21617 14 21654 9 21697 4 21723 14 21873 16 21980 14 22011 5 22129 16 22236 15 22266 6 22386 17 22407 4 22493 17 22521 7 22643 17 22662 5 22749 18 22776 8 22899 25 23005 19 23031 9 23155 26 23261 20 23287 9 23410 27 23518 19 23543 9 23662 31 23702 3 23774 19 23799 9 23916 33 23957 6 24031 18 24056 8 24171 34 24213 6 24289 16 24313 7 24427 34 24467 8 24546 15 24569 7 24683 34 24723 8 24803 14 24825 7 24939 34 24977 10 25061 12 25081 7 25195 10 25207 23 25233 8 25318 11 25337 7 25451 8 25466 9 25476 10 25489 6 25575 11 25594 6 25706 9 25723 6 25731 11 25745 5 25833 10 25851 5 25857 4 25961 10 25987 10 26090 13 26107 4 26112 5 26217 10 26243 10 26347 12 26368 6 26473 10 26489 4 26502 5 26603 14 26624 6 26729 11 26744 6 26859 14 26880 7 26985 22 27116 14 27136 7 27241 22 27360 3 27372 14 27392 7 27496 23 27613 9 27628 15 27648 7 27751 24 27869 10 27884 15 27904 7 28007 24 28124 13 28139 15 28160 6 28263 24 28379 14 28395 15 28416 3 28519 23 28583 2 28635 15 28653 12 28775 22 28837 6 28892 14 28909 12 29032 20 29092 8 29149 14 29165 11 29288 20 29348 9 29405 27 29545 18 29603 11 29663 16 29681 3 29687 1 29801 18 29859 12 29919 16 29943 1 30058 17 30115 13 30176 16 30196 5 30315 15 30371 13 30432 17 30452 6 30571 14 30627 14 30688 27 30829 10 30883 14 30944 27 31086 7 31138 15 31200 28 31343 6 31394 15 31455 30 31650 13 31700 6 31710 31 31789 2 31906 13 31955 8 31966 31 32045 4 32162 10 32210 44 32301 5 32419 9 32465 46 32557 5 32665 1 32675 10 32717 50 32813 5 32918 9 32931 10 32972 51 33071 2 33173 12 33188 9 33227 52 33429 24 33483 52 33685 23 33738 43 33786 4 33941 22 33994 42 34043 2 34198 17 34247 42 34454 17 34502 43 34593 8 34710 17 34757 44 34847 12 34967 17 35014 43 35101 21 35223 17 35270 44 35357 22 35479 16 35527 43 35612 24 35737 14 35785 42 35867 26 35959 4 35993 13 36041 42 36123 26 36213 8 36252 2 36299 40 36378 27 36469 10 36555 40 36634 28 36724 11 36813 38 36889 29 36979 12 37073 34 37145 30 37235 12 37333 13 37349 14 37401 30 37491 12 37589 13 37605 14 37657 32 37747 11 37845 9 37861 14 37914 31 38003 10 38101 8 38118 13 38171 32 38259 10 38358 7 38370 1 38377 10 38427 32 38515 10 38615 4 38626 1 38635 8 38684 32 38771 10 38895 3 38940 32 39028 9 39197 31 39285 7 39453 31 39541 6 39711 28 39968 27 40148 3 40226 24 40403 7 40483 23 40658 9 40741 11 40754 7 40901 3 40913 13 40998 9 41011 6 41156 4 41169 14 41257 5 41270 1 41411 5 41424 16 41512 5 41526 1 41668 4 41680 16 41767 6 41782 4 41925 3 41936 14 42023 6 42037 6 42181 3 42192 13 42279 6 42293 6 42448 12 42535 5 42549 6 42704 11 42805 6 42961 10 43061 6 43217 9 43318 3 43473 8 43729 7 43986 5 43993 4 44243 4 44249 5 44285 2 44498 14 44538 5 44606 3 44753 16 44793 6 44860 6 45002 3 45009 17 45048 7 45115 7 45171 5 45256 5 45265 16 45303 8 45361 4 45370 9 45416 17 45508 10 45521 14 45553 14 45615 6 45627 7 45672 18 45763 11 45776 14 45809 8 45819 4 45870 8 45883 6 45927 20 46019 26 46077 3 46125 9 46140 5 46183 20 46275 26 46334 2 46381 10 46439 22 46531 27 46636 11 46695 23 46787 28 46891 12 46951 30 47043 28 47146 14 47206 31 47298 30 47399 17 47462 33 47503 3 47537 4 47549 36 47654 18 47717 34 47759 4 47793 6 47803 38 47908 19 47973 34 48014 7 48049 48 48163 20 48229 34 48270 8 48304 49 48417 20 48484 34 48526 8 48560 39 48600 9 48672 21 48740 25 48768 5 48782 8 48815 40 48857 8 48927 22 48995 25 49038 8 49071 40 49115 6 49182 23 49251 26 49294 8 49326 41 49371 7 49407 1 49436 26 49507 27 49550 8 49581 42 49627 8 49663 1 49692 26 49763 27 49806 9 49837 42 49883 8 49919 1 49947 28 50020 27 50063 8 50093 42 50141 5 50175 1 50203 29 50277 27 50319 8 50349 42 50398 3 50431 1 50459 33 50533 27 50575 7 50605 44 50686 2 50715 34 50790 26 50832 6 50861 44 50942 2 50971 35 51047 25 51089 4 51117 46 51196 4 51227 35 51303 25 51373 46 51442 4 51449 7 51483 36 51559 24 51629 47 51695 17 51739 36 51816 23 51885 48 51951 17 51995 36 52073 22 52141 48 52205 19 52252 34 52331 20 52397 48 52461 19 52508 34 52589 18 52654 46 52717 19 52764 33 52846 17 52910 46 52972 20 53020 31 53105 3 53114 5 53167 45 53228 20 53277 29 53423 45 53484 20 53533 24 53680 45 53740 20 53789 23 53937 44 53997 19 54047 20 54194 43 54255 17 54303 19 54451 42 54511 17 54561 17 54708 41 54771 13 54818 16 54974 30 55027 13 55076 13 55233 2 55240 9 55283 13 55333 12 55500 5 55539 13 55595 4 55795 13 56051 13 56305 15 56561 15 56816 16 57071 17 57245 5 57326 18 57501 6 57581 19 57757 6 57837 19 58013 6 58092 20 58269 13 58345 23 58526 13 58599 25 58786 10 58853 27 59043 10 59065 2 59109 27 59300 9 59318 9 59364 28 59557 9 59571 12 59620 28 59816 25 59875 29 60073 24 60100 1 60131 29 60328 25 60355 2 60388 28 60514 6 60584 25 60611 2 60644 28 60767 12 60839 26 60867 4 60901 27 61021 14 61094 27 61123 11 61157 31 61276 17 61349 28 61379 15 61415 29 61532 16 61605 46 61671 30 61783 21 61860 47 61929 28 62038 22 62086 1 62116 47 62185 28 62293 23 62339 5 62371 48 62443 26 62549 22 62595 6 62627 48 62699 26 62804 23 62850 7 62884 47 62956 25 63059 23 63106 7 63141 46 63212 24 63315 22 63362 8 63398 45 63469 23 63570 25 63618 8 63655 44 63725 22 63826 27 63875 8 63921 34 63981 21 64081 28 64131 8 64178 33 64237 20 64338 29 64387 8 64435 32 64493 19 64595 28 64643 9 64691 32 64749 19 64851 29 64899 10 64947 33 65006 18 65109 27 65156 9 65203 33 65263 17 65370 21 65413 8 65460 32 65519 11 65531 5
867180,1 46 61 9 260 41 318 5 517 40 575 3 775 38 1033 35 1290 11 1302 21 1547 10 1559 20 1804 5 1817 16 1867 1 1951 2 2061 1 2074 15 2122 3 2205 8 2331 12 2377 4 2460 9 2587 11 2633 4 2716 11 2734 3 2844 9 2879 3 2889 4 2971 13 2989 6 3101 7 3134 5 3144 5 3227 14 3245 7 3357 4 3387 18 3483 26 3643 18 3738 27 3903 9 3913 4 3992 15 4013 8 4160 7 4170 3 4243 2 4248 15 4269 9 4417 5 4427 1 4499 34 4683 1 4755 34 5011 34 5267 34 5523 34 5781 32 5963 4 6037 29 6219 5 6293 28 6475 5 6549 27 6731 4 6805 26 7061 24 7312 3 7316 24 7566 26 7601 3 7822 26 7857 2 7995 4 8077 26 8117 3 8218 2 8251 4 8333 25 8373 3 8473 3 8507 1 8587 26 8629 3 8729 3 8842 27 8885 3 8986 1 9097 28 9141 4 9219 3 9352 29 9397 3 9475 4 9531 1 9605 33 9643 2 9730 4 9787 1 9801 1 9859 35 9897 5 9986 1 10056 3 10113 46 10242 1 10312 4 10367 50 10568 4 10621 53 10823 4 10875 51 10927 4 11035 1 11078 4 11131 44 11177 2 11184 3 11379 2 11387 44 11439 5 11634 3 11644 5 11652 35 11695 6 11889 4 11901 2 11909 33 11951 6 12111 4 12145 4 12165 4 12170 28 12207 4 12367 5 12396 1 12400 3 12421 3 12427 17 12445 9 12463 4 12609 1 12622 5 12651 2 12673 1 12678 1 12683 25 12710 5 12717 6 12865 3 12878 5 12907 2 12928 3 12939 25 12966 13 13121 4 13134 5 13159 6 13183 4 13195 24 13222 13 13377 4 13390 6 13414 7 13439 4 13451 5 13459 16 13479 10 13635 4 13646 8 13666 11 13695 4 13707 2 13720 5 13729 4 13736 7 13821 3 13893 2 13902 8 13920 13 13950 5 13963 2 13977 2 13987 2 13993 4 14075 5 14158 10 14175 16 14202 9 14217 6 14327 9 14338 1 14413 12 14430 18 14457 10 14472 9 14583 9 14594 1 14669 14 14684 53 14769 2 14837 11 14925 68 15024 3 15093 11 15109 1 15181 68 15270 2 15279 5 15348 12 15435 69 15526 2 15535 5 15604 13 15623 4 15689 70 15792 4 15859 14 15878 6 15943 59 16007 8 16048 4 16115 13 16134 7 16196 60 16263 8 16283 3 16293 6 16301 7 16370 14 16390 7 16450 61 16519 8 16539 4 16548 16 16599 1 16625 15 16645 10 16705 62 16775 8 16790 9 16803 17 16881 15 16901 10 16962 61 17030 9 17045 30 17137 15 17155 12 17218 61 17284 13 17301 29 17393 15 17409 15 17474 61 17540 14 17557 28 17649 15 17665 15 17731 76 17808 31 17906 30 17987 76 18064 29 18163 30 18232 1 18243 74 18319 23 18344 5 18419 31 18487 3 18499 72 18575 23 18600 5 18675 32 18739 6 18755 72 18829 25 18856 5 18921 2 18931 32 18995 6 19010 69 19083 34 19177 2 19187 32 19225 3 19251 4 19263 72 19339 34 19401 1 19433 2 19443 34 19478 7 19507 4 19518 73 19595 34 19689 2 19698 45 19747 4 19763 4 19773 76 19850 10 19863 23 19945 2 19951 49 20003 5 20019 4 20027 88 20120 23 20201 2 20206 59 20277 93 20383 18 20438 6 20456 65 20533 93 20639 18 20693 8 20711 66 20789 92 20896 18 20948 10 20966 67 21044 94 21157 14 21204 10 21221 67 21298 96 21414 13 21433 1 21459 12 21475 69 21553 97 21669 15 21715 12 21730 71 21807 96 21913 1 21923 22 21970 12 21986 71 22063 96 22168 3 22179 22 22226 11 22242 73 22319 96 22421 4 22434 23 22476 1 22483 11 22499 74 22574 97 22677 4 22689 25 22732 1 22739 11 22755 172 22932 5 22944 25 22987 2 22995 11 23011 171 23188 4 23200 25 23243 2 23251 11 23266 171 23443 3 23456 25 23497 5 23507 11 23520 174 23699 2 23711 26 23753 4 23763 187 23954 3 23965 28 24009 2 24015 198 24218 31 24265 2 24271 198 24471 34 24516 2 24523 238 24771 3 24779 240 25027 3 25034 241 25284 1 25289 244 25543 248 25792 3 25799 1714 27514 38022
874368,10905 9 11159 13 11414 14 11669 15 11925 14 12181 13 12437 12 12693 12 12948 12 13203 12 13457 14 13712 14 13791 1 13967 14 14047 1 14223 12 14478 13 14734 12 14990 11 15246 10 15503 8 16327 6 16582 7 16837 8 17093 8 17350 7 17609 2 21276 4 21531 6 21786 7 22042 7 22298 7 22555 6 22811 5 22880 4 23068 4 23135 6 23389 8 23645 8 23899 11 24155 11 24409 14 24662 17 24917 18 25173 18 25429 18 25685 18 25941 18 26197 18 26452 19 26708 19 26961 22 27216 23 27469 25 27725 25 27980 26 28235 27 28492 25 28749 24 29006 23 29263 21 29521 18 29588 4 29779 16 29844 5 30038 11 30100 5 30295 9 30355 7 30612 8 30868 9 31124 10 31335 4 31380 10 31589 8 31635 12 31845 9 31859 4 31891 12 32100 20 32147 11 32356 20 32403 11 32611 21 32659 10 32867 22 32914 11 33123 22 33167 13 33379 21 33421 15 33635 21 33674 17 33891 20 33929 18 34147 18 34186 17 34403 16 34442 17 34660 14 34698 15 34916 13 34954 15 35172 12 35210 13 35429 10 35466 11 35685 9 35722 10 35941 8 35978 10 36199 3 36235 9 36268 6 36491 9 36523 8 36747 8 36778 9 37002 9 37033 10 37257 8 37289 9 37513 7 37544 10 37768 7 37800 9 38023 8 38056 9 38262 3 38279 10 38312 9 38517 5 38535 10 38568 9 38772 7 38791 11 38823 9 39027 8 39047 12 39079 9 39282 9 39303 12 39333 12 39538 9 39559 12 39589 12 39794 9 39815 10 39845 12 40050 9 40071 10 40101 12 40305 9 40328 8 40357 11 40561 9 40585 6 40613 11 40815 11 40868 11 41071 10 41123 12 41327 10 41379 11 41583 9 41634 12 41838 7 41866 5 41889 14 41915 2 42093 8 42121 7 42145 14 42170 3 42349 6 42376 8 42401 21 42428 1 42605 6 42632 8 42657 22 42859 8 42888 8 42913 22 43115 7 43144 8 43168 23 43370 7 43401 6 43423 24 43452 4 43626 6 43657 6 43679 25 43707 6 43884 1 43933 38 44189 38 44445 38 44700 39 44955 41 45211 40 45467 40 45723 40 45978 41 46234 41 46490 39 46746 39 47002 37 47257 37 47513 34 47769 34 48025 32 48280 33 48536 32 48792 32 48933 5 49049 30 49189 5 49305 30 49443 7 49562 29 49699 8 49819 28 49955 8 50075 29 50211 9 50331 29 50467 11 50587 30 50723 12 50843 30 50978 14 51099 30 51233 16 51355 30 51489 16 51611 31 51745 16 51867 31 52003 14 52125 30 52259 14 52381 30 52515 13 52639 26 52771 13 52897 23 53027 12 53159 14 53283 11 53416 13 53538 11 53674 9 53760 1 53793 12 53931 8 54016 2 54035 4 54049 12 54188 6 54272 2 54291 5 54305 12 54445 4 54528 3 54545 8 54561 12 54701 4 54784 3 54797 3 54801 9 54817 12 55040 3 55052 15 55074 11 55227 4 55296 3 55307 16 55330 11 55483 8 55552 4 55563 17 55585 12 55685 2 55737 15 55808 4 55818 19 55841 12 55941 4 55993 16 56064 5 56074 21 56097 10 56197 6 56249 18 56320 5 56329 34 56453 6 56505 18 56576 7 56585 34 56709 6 56761 18 56832 7 56841 23 56865 8 56966 3 57017 18 57088 8 57097 22 57121 6 57273 18 57344 31 57378 5 57529 18 57600 30 57785 18 57856 29 58039 20 58112 29 58293 21 58368 29 58549 21 58624 29 58805 21 58880 29 59061 22 59136 29 59316 23 59392 28 59572 24 59648 27 59828 25 59904 27 60084 25 60160 26 60340 25 60416 25 60525 3 60596 25 60672 19 60779 7 60853 24 60928 16 61035 8 61109 24 61184 7 61290 9 61366 23 61395 2 61440 6 61535 4 61546 9 61623 22 61651 2 61696 5 61786 12 61801 10 61885 15 61907 2 61952 5 62041 26 62143 12 62164 1 62208 5 62296 27 62401 8 62464 5 62552 27 62720 3 62807 28 62976 1 63063 29 63319 29 63575 28 63831 28 64087 28 64343 26 64600 25 64857 23 65113 23 65371 20
877548,0 172 181 246 439 244 697 241 954 239 1211 236 1467 236 1723 220 1951 6 1979 218 2235 218 2489 164 2655 54 2745 92 2839 69 2913 53 3000 12 3013 80 3097 67 3169 54 3257 10 3272 75 3355 66 3425 56 3490 6 3513 9 3531 72 3611 128 3743 10 3769 9 3787 71 3867 143 4025 8 4035 3 4043 71 4123 143 4281 7 4291 81 4379 143 4534 95 4635 143 4789 87 4878 7 4890 145 5040 90 5135 6 5146 146 5293 91 5392 3 5401 238 5657 237 5913 236 6169 238 6423 240 6677 243 6931 245 7185 247 7440 248 7695 248 7951 248 8207 247 8461 248 8717 247 8971 248 9227 248 9481 250 9736 3063 12800 255 13056 255 13312 255 13568 195 13765 24 13792 225 14022 21 14048 206 14257 15 14278 19 14304 206 14514 14 14534 19 14560 224 14787 22 14816 225 15042 23 15072 249 15329 221 15551 26 15586 214 15807 26 15845 211 16063 25 16102 211 16320 23 16358 211 16576 23 16615 210 16832 22 16871 210 17088 21 17127 210 17344 21 17383 210 17600 21 17625 2 17639 210 17855 16 17873 13 17895 210 18111 14 18129 14 18151 210 18367 14 18386 13 18408 208 18623 14 18642 14 18664 207 18878 15 18898 14 18921 206 19133 16 19154 14 19177 205 19389 16 19409 14 19434 203 19645 16 19665 14 19691 202 19901 33 19947 202 20157 32 20204 201 20413 28 20460 19 20480 181 20669 27 20717 17 20736 181 20925 16 20943 6 20973 14 20992 181 21181 15 21229 12 21248 181 21436 15 21486 7 21504 182 21691 16 21743 4 21759 192 21955 6 22013 194 22241 2 22269 194 22492 3 22523 196 22747 6 22778 197 23003 6 23032 199 23259 6 23287 200 23515 5 23542 201 23772 4 23797 202 24029 4 24052 203 24287 2 24307 206 24561 210 24817 216 25038 3 25069 228 25324 230 25569 5 25576 235 25824 243 26079 244 26335 246 26591 247 26846 2614 29462 253 29718 253 29974 253 30230 253 30486 253 30742 253 30997 254 31253 252 31509 252 31765 252 32020 253 32276 33260
890795,0 81 91 246 341 254 596 10 607 255 863 2465 3329 255 3585 255 3842 254 4098 254 4354 254 4610 254 4865 2675 7545 251 7803 249 8060 248 8317 248 8573 248 8829 249 9085 131 9217 117 9341 131 9473 118 9598 130 9731 116 9854 130 9988 114 10107 133 10244 114 10362 5 10369 127 10501 113 10615 8 10626 126 10757 122 10882 126 11013 122 11138 126 11269 122 11394 126 11525 121 11651 125 11780 122 11907 125 12036 121 12163 125 12291 122 12419 125 12547 121 12675 125 12803 121 12931 125 13059 121 13187 125 13315 121 13442 126 13571 122 13698 126 13827 122 13953 127 14083 253 14339 253 14595 253 14851 253 15107 253 15363 253 15619 253 15875 253 16132 252 16388 252 16645 251 16901 251 17157 251 17413 251 17670 250 17926 250 18181 251 18437 251 18693 251 18948 252 19202 869 20074 721 20796 527 21327 252 21583 205 21793 42 21841 202 22051 40 22098 201 22306 43 22355 200 22561 44 22612 199 22816 47 22869 199 23071 48 23126 199 23327 50 23387 246 23644 245 23900 246 24156 247 24413 249 24669 182 24858 63 24925 181 25115 64 25180 181 25371 246 25627 245 25883 245 26139 245 26396 244 26652 243 26909 242 27165 237 27421 236 27678 233 27936 230 28192 229 28448 229 28704 227 28960 59 29020 167 29216 225 29472 224 29728 224 29983 225 30239 225 30495 225 30751 225 30997 1 31005 227 31249 9 31259 155 31417 71 31503 60 31570 98 31675 38 31717 27 31759 59 31827 96 31931 36 31973 27 32014 60 32083 94 32191 32 32229 27 32269 60 32339 92 32451 28 32486 26 32524 61 32596 91 32709 27 32742 26 32779 62 32853 90 32967 25 32998 26 33035 62 33109 91 33225 24 33253 27 33292 61 33365 92 33482 22 33507 29 33549 59 33621 92 33740 19 33763 27 33805 59 33877 92 33996 19 34018 27 34063 57 34133 93 34253 16 34273 26 34319 57 34389 93 34509 14 34529 25 34575 56 34645 94 34767 10 34785 23 34831 56 34901 94 35041 22 35077 3 35086 55 35157 94 35297 14 35332 5 35342 56 35413 94 35553 13 35573 2 35584 11 35597 62 35668 95 35809 10 35827 6 35840 76 35923 96 36064 10 36083 6 36096 179 36319 10 36338 9 36352 178 36574 10 36593 10 36608 179 36829 12 36849 10 36864 179 37083 15 37105 11 37120 55 37177 124 37338 18 37359 13 37376 54 37433 125 37594 35 37632 53 37689 38 37729 72 37804 11 37849 92 37945 37 37987 70 38061 10 38105 92 38199 38 38245 68 38321 1 38362 130 38501 68 38618 77 38698 49 38757 69 38873 78 38955 49 39013 70 39128 78 39219 42 39271 68 39379 83 39474 44 39519 3 39527 68 39634 83 39730 49 39784 66 39889 84 39986 49 40041 65 40134 3 40145 47 40195 32 40241 50 40297 63 40387 61 40453 26 40497 50 40554 61 40643 61 40707 26 40742 1 40752 52 40810 58 40898 62 40961 27 40997 3 41007 40 41051 11 41065 58 41154 83 41251 6 41263 38 41309 68 41409 84 41507 8 41518 39 41565 68 41665 82 41763 48 41822 67 41919 84 42019 48 42079 66 42175 82 42275 46 42337 65 42417 1 42428 85 42531 46 42593 65 42673 2 42683 82 42787 45 42851 63 42928 3 42937 84 43043 44 43107 63 43185 1 43193 84 43299 43 43364 62 43448 85 43555 43 43621 6 43631 51 43695 1 43704 85 43811 40 43889 32 43923 14 43949 6 43961 85 44068 38 44145 32 44181 11 44205 6 44217 85 44322 39 44402 31 44438 8 44461 97 44577 40 44658 31 44694 7 44717 97 44833 40 44915 30 44951 4 44973 96 45089 40 45171 30 45209 1 45229 96 45345 40 45428 28 45485 95 45602 39 45685 26 45741 93 45862 35 45943 22 45997 91 46120 32 46200 19 46253 89 46378 30 46431 2 46456 17 46509 88 46634 29 46686 4 46712 17 46765 88 46891 28 46942 4 46967 17 47021 88 47147 28 47199 3 47222 18 47277 88 47404 4 47409 13 47423 6 47476 19 47533 88 47660 17 47679 6 47731 20 47789 89 47916 17 47986 21 48044 91 48172 17 48241 21 48300 91 48424 19 48497 20 48555 92 48679 19 48753 20 48811 92 48931 18 49009 18 49067 92 49186 19 49265 9 49322 93 49441 21 49521 8 49575 96 49697 21 49771 1 49778 7 49830 96 49952 22 49989 5 50025 5 50085 96 50208 22 50245 6 50281 5 50341 96 50464 29 50499 10 50537 6 50597 97 50719 32 50755 10 50793 6 50853 98 50976 46 51050 4 51109 98 51210 2 51232 47 51307 2 51365 105 51491 2 51494 41 51621 106 51750 41 51877 106 52007 40 52133 106 52263 40 52389 106 52515 2 52518 40 52645 107 52771 2 52774 26 52803 11 52901 107 53025 30 53060 9 53156 109 53281 30 53317 8 53412 101 53515 6 53535 31 53575 3 53667 101 53772 5 53791 31 53922 101 54030 3 54045 33 54177 102 54287 2 54301 33 54433 102 54557 34 54688 102 54813 34 54944 101 55069 34 55199 102 55325 34 55455 101 55581 7 55593 22 55710 101 55836 7 55849 22 55965 100 56089 10 56106 22 56221 100 56343 11 56362 22 56477 99 56597 12 56619 22 56713 4 56734 98 56853 8 56863 2 56875 23 56968 7 56990 98 57109 8 57133 22 57223 9 57247 97 57365 8 57389 21 57479 10 57503 97 57645 11 57664 1 57735 10 57760 96 57902 9 57991 10 58016 96 58159 8 58246 11 58272 96 58416 7 58502 11 58528 96 58671 9 58757 11 58784 96 58927 10 59011 12 59041 95 59182 13 59264 14 59297 95 59438 13 59519 16 59554 94 59693 15 59774 17 59811 93 59949 15 60029 20 60068 92 60205 14 60285 28 60325 91 60460 15 60541 29 60581 91 60703 10 60716 14 60796 31 60838 90 60959 10 60973 13 61051 33 61094 90 61214 11 61231 10 61301 41 61351 89 61469 12 61487 10 61554 44 61607 89 61725 7 61736 1 61744 9 61805 43 61862 90 61981 6 61992 1 62001 7 62060 43 62109 4 62115 93 62237 5 62247 4 62259 4 62314 150 62493 5 62503 6 62517 2 62569 151 62749 4 62759 7 62825 151 63005 2 63015 8 63081 151 63261 2 63271 14 63336 152 63517 2 63526 17 63591 153 63765 10 63781 18 63843 157 64020 11 64037 18 64097 159 64276 10 64293 10 64305 6 64351 161 64531 10 64549 8 64561 5 64606 162 64787 8 64805 6 64861 163 65043 8 65062 4 65117 162 65285 6 65299 8 65372 163
891930,212 20 469 18 725 17 921 1 981 15 1177 1 1237 14 1433 4 1494 11 1689 4 1750 11 1943 7 2008 7 2199 8 2265 4 2989 3 3245 3 3501 3 3757 3 4013 4 4269 4 5572 7 5827 8 6083 8 6139 4 6270 1 6339 8 6394 6 6525 4 6551 1 6595 8 6649 7 6781 6 6806 3 6852 7 6904 8 7035 8 7061 5 7099 2 7108 7 7151 17 7291 8 7317 6 7353 6 7365 6 7405 19 7547 6 7574 6 7607 10 7621 7 7659 21 7804 4 7830 6 7862 11 7877 7 7915 21 8062 1 8087 5 8116 13 8132 8 8172 20 8371 14 8388 7 8428 20 8627 14 8645 6 8684 20 8882 15 8914 9 8925 5 8941 19 9091 1 9138 15 9167 23 9197 19 9343 5 9393 16 9423 25 9452 20 9598 6 9644 1 9648 17 9678 50 9854 6 9900 1 9903 18 9934 50 10110 5 10155 22 10189 51 10366 5 10411 22 10445 51 10624 2 10665 24 10701 51 10921 24 10957 51 11178 23 11213 51 11435 3 11441 17 11469 51 11698 17 11725 51 11955 16 11981 51 12211 16 12233 55 12467 16 12488 56 12723 77 12979 77 13235 63 13302 10 13491 62 13559 9 13746 63 13817 7 14002 62 14073 7 14258 61 14331 5 14513 62 14587 5 14769 60 14844 4 15024 61 15100 4 15279 60 15357 3 15535 60 15613 3 15791 60 15870 2 16046 61 16127 1 16266 7 16302 63 16521 9 16558 63 16776 10 16793 6 16813 70 17032 11 17049 6 17069 70 17287 12 17303 10 17325 70 17543 12 17559 10 17581 70 17799 12 17815 11 17836 71 18055 12 18071 12 18091 72 18309 13 18326 13 18347 72 18557 21 18582 13 18603 68 18674 1 18811 22 18837 14 18857 70 18930 3 19065 25 19093 14 19113 72 19187 2 19319 44 19367 75 19443 2 19575 127 19817 2 19829 129 20071 5 20085 130 20328 3 20341 131 20585 1 20597 132 20852 133 21107 134 21357 90 21453 44 21612 90 21709 44 21866 89 21966 43 22121 89 22222 42 22377 88 22479 31 22633 88 22735 30 22890 87 22992 28 23146 87 23249 26 23403 86 23506 25 23659 86 23763 22 23915 86 24021 13 24171 86 24278 11 24427 86 24536 7 24573 3 24683 85 24828 4 24940 83 25083 5 25197 82 25338 6 25454 80 25593 7 25710 79 25849 7 25967 77 26105 7 26223 76 26361 7 26479 74 26616 8 26735 74 26872 8 26992 71 27128 8 27248 71 27383 9 27505 69 27639 9 27761 69 27895 9 28018 69 28150 10 28275 68 28405 11 28531 69 28661 11 28786 70 28917 11 29042 71 29173 11 29299 69 29429 11 29555 57 29614 10 29686 10 29811 56 29871 8 29942 10 30068 53 30130 3 30198 10 30324 51 30454 10 30581 49 30710 10 30837 48 30910 2 30966 10 31093 47 31165 4 31222 10 31349 47 31420 6 31477 11 31605 46 31675 14 31733 11 31861 45 31931 14 31989 11 32117 44 32187 16 32245 11 32373 43 32443 18 32501 11 32629 42 32700 21 32757 11 32885 42 32956 23 33013 11 33141 42 33212 23 33271 9 33397 42 33466 26 33527 9 33654 41 33720 29 33791 1 33910 41 33975 30 34170 37 34229 32 34427 36 34485 32 34686 32 34741 33 34815 1 34943 30 34996 35 35071 1 35201 26 35251 40 35326 2 35458 25 35507 42 35581 3 35715 22 35759 48 35837 3 35973 20 36015 48 36093 3 36237 11 36270 49 36349 3 36493 10 36525 50 36604 4 36753 3 36782 51 36861 3 37038 51 37117 3 37296 52 37374 2 37552 53 37630 2 37809 56 37887 1 38066 57 38143 1 38323 60 38399 1 38579 63 38655 1 38836 65 39093 65 39332 3 39351 63 39587 6 39608 62 39842 11 39869 57 40097 13 40126 56 40351 17 40380 58 40603 22 40634 60 40856 25 40888 62 41112 25 41143 63 41357 6 41368 14 41387 5 41397 65 41471 1 41612 6 41624 13 41653 65 41725 3 41868 5 41881 9 41907 66 41979 5 42124 5 42137 9 42163 66 42235 5 42393 8 42420 66 42489 7 42649 7 42677 66 42744 8 42904 7 42933 75 43159 8 43180 4 43189 75 43409 13 43435 6 43447 73 43665 15 43690 7 43702 74 43921 8 43931 8 43945 87 44177 8 44187 8 44200 88 44434 3 44454 90 44709 91 44965 91 45221 91 45477 91 45733 91 45989 91 46245 91 46481 8 46495 97 46736 9 46749 99 46992 11 47005 99 47248 12 47261 99 47504 112 47760 112 48018 110 48275 107 48522 7 48531 103 48777 10 48791 98 49033 10 49049 86 49137 7 49289 11 49305 85 49395 5 49545 12 49562 39 49606 17 49629 16 49801 12 49818 38 49863 16 49887 2 49891 9 50058 10 50075 35 50120 15 50315 9 50331 34 50377 14 50571 8 50588 6 50597 23 50635 12 50828 7 50845 4 50854 21 50893 10 51085 6 51111 18 51153 4 51341 6 51369 16 51631 10 51889 7 52147 4 52169 2 52372 9 52404 1 52423 7 52627 12 52669 2 52678 13 52883 12 52924 4 52933 14 53139 13 53181 4 53189 15 53394 14 53438 22 53650 15 53696 21 53906 15 53952 21 54163 14 54209 22 54419 14 54465 22 54676 13 54722 21 54933 11 54978 22 55189 10 55234 23 55445 10 55490 23 55701 10 55746 23 55957 9 56002 24 56213 8 56259 6 56268 15 56469 8 56516 4 56525 14 56551 1 56726 6 56783 12 56806 3 56983 4 57043 8 57062 5 57302 2 57317 6 57573 6 57829 6 58085 7 58343 4 58599 4 59903 1 60157 3 60413 3 60668 4 60923 5 61179 5 61435 5 61691 5 61947 5 62203 5 62459 5 62715 5 62881 1 62971 5 63135 4 63227 5 63390 6 63483 5 63645 8 63738 6 63901 8 63993 7 64157 8 64249 7 64413 8 64504 8 64669 8 64759 9 64926 6 65015 9 65184 3 65271 9 65526 10
892843,45 50 169 18 247 9 301 51 425 19 503 9 557 52 681 19 759 9 813 64 938 19 1015 9 1069 66 1195 18 1271 9 1325 67 1453 16 1502 4 1527 9 1580 68 1709 16 1758 4 1784 8 1835 70 1968 13 2013 6 2040 8 2091 70 2226 11 2269 6 2296 8 2347 70 2477 14 2527 4 2552 8 2604 70 2731 16 2783 3 2808 8 2860 70 2986 17 3064 8 3117 68 3241 18 3320 8 3375 65 3497 18 3576 8 3633 62 3753 18 3833 7 3891 28 3922 27 4009 24 4089 7 4148 26 4179 25 4265 24 4347 5 4405 25 4436 23 4521 25 4607 1 4661 25 4692 21 4777 26 4888 4 4917 25 4949 18 5034 25 5144 4 5174 24 5205 15 5290 25 5353 2 5400 5 5430 25 5461 13 5547 23 5606 9 5656 5 5686 25 5718 11 5803 23 5862 9 5914 1 5943 25 5975 8 6059 22 6117 12 6199 26 6232 6 6316 20 6373 12 6456 24 6572 20 6626 16 6713 23 6828 21 6881 18 6971 20 7085 20 7134 22 7228 18 7341 21 7389 24 7485 4 7499 1 7600 21 7643 27 7857 20 7899 27 8117 16 8155 28 8375 15 8411 28 8634 12 8667 28 8891 11 8923 28 9146 12 9179 28 9387 2 9399 15 9435 27 9472 1 9642 4 9653 17 9691 26 9728 3 9897 6 9909 17 9948 25 9984 4 10151 8 10163 20 10207 21 10240 5 10399 4 10407 9 10419 20 10464 19 10496 5 10652 42 10721 18 10752 5 10907 43 10979 15 11008 5 11161 44 11243 5 11264 5 11417 44 11520 5 11672 44 11725 10 11776 5 11927 44 11980 12 12032 4 12183 42 12235 14 12288 4 12439 39 12491 14 12544 3 12695 38 12747 14 12800 3 12951 37 13003 14 13145 4 13207 37 13259 13 13401 4 13463 37 13515 12 13656 5 13719 38 13770 13 13911 6 13975 39 14026 12 14168 6 14230 41 14283 10 14424 6 14485 42 14539 10 14680 7 14741 42 14797 7 14936 8 14997 42 15055 4 15192 9 15252 42 15448 9 15508 42 15704 11 15765 41 15870 2 15960 11 16021 40 16125 3 16216 12 16278 8 16290 27 16379 5 16471 14 16547 26 16633 7 16727 14 16803 25 16889 7 16983 14 17060 24 17144 8 17239 14 17317 22 17399 9 17495 14 17573 22 17654 10 17691 8 17752 13 17829 22 17909 11 17946 9 18008 13 18086 21 18165 11 18202 10 18264 13 18343 18 18418 14 18458 11 18520 12 18599 18 18673 15 18714 11 18777 11 18857 15 18929 15 18970 10 19033 10 19114 13 19184 16 19227 8 19289 8 19371 10 19439 17 19483 8 19546 6 19628 7 19694 18 19741 4 19930 10 19949 19 20185 12 20205 19 20333 2 20439 14 20461 19 20588 5 20695 14 20717 19 20842 7 20950 15 20973 19 21097 8 21206 15 21229 19 21353 9 21462 14 21486 18 21609 10 21718 14 21742 18 21866 9 21883 8 21975 12 21999 17 22123 8 22139 8 22231 12 22257 6 22268 3 22380 7 22395 10 22489 9 22637 6 22650 13 22746 7 22893 6 22906 13 23004 3 23150 5 23162 14 23417 16 23674 15 23931 14 24187 14 24281 1 24444 11 24527 13 24701 10 24749 2 24781 16 25003 5 25035 18 25258 6 25291 18 25513 7 25546 19 25770 6 25801 20 26026 5 26055 22 26282 5 26311 22 26396 5 26449 8 26537 6 26565 24 26640 5 26649 8 26703 12 26792 7 26821 25 26895 20 26957 16 27047 9 27075 28 27150 21 27213 16 27303 9 27331 28 27405 22 27467 18 27558 11 27585 32 27660 23 27720 22 27814 11 27841 32 27916 23 27973 26 28071 10 28095 34 28159 1 28171 24 28228 28 28327 10 28350 35 28414 2 28427 24 28483 30 28583 9 28605 36 28669 3 28683 23 28738 32 28839 9 28861 36 28924 4 28938 24 28993 34 29096 8 29117 36 29179 5 29194 23 29248 34 29353 6 29373 36 29435 5 29450 23 29503 35 29629 37 29691 5 29706 23 29759 34 29885 37 29947 5 29962 23 30014 34 30141 37 30203 5 30219 22 30269 34 30397 37 30459 5 30476 20 30525 34 30653 37 30715 5 30733 18 30782 33 30910 36 30971 5 30991 14 31038 33 31121 6 31167 34 31227 5 31249 12 31295 32 31375 10 31425 32 31483 5 31510 3 31551 32 31630 13 31682 31 31739 5 31807 31 31885 15 31939 30 31995 5 32063 30 32141 16 32195 30 32253 3 32319 30 32396 17 32451 30 32509 3 32575 28 32651 18 32707 30 32766 2 32831 22 32906 19 32963 30 33023 1 33087 18 33161 18 33219 30 33262 3 33343 18 33417 17 33475 30 33517 5 33534 2 33598 17 33673 14 33705 4 33731 30 33773 6 33788 4 33855 16 33928 15 33960 6 33991 26 34028 8 34044 4 34073 8 34111 18 34184 13 34213 11 34247 24 34283 11 34299 5 34328 10 34367 19 34440 11 34469 12 34503 24 34539 12 34553 7 34582 13 34623 20 34696 9 34723 14 34759 24 34795 21 34837 14 34879 21 34952 8 34978 16 35014 24 35047 25 35093 14 35135 22 35209 4 35234 17 35269 24 35302 26 35349 13 35390 23 35465 4 35490 17 35525 24 35557 27 35605 12 35645 24 35745 18 35781 23 35812 28 35862 11 35901 24 36001 18 36037 22 36068 28 36118 9 36156 26 36258 18 36293 21 36323 29 36374 9 36411 27 36514 18 36550 15 36579 29 36626 3 36631 4 36667 28 36770 19 36807 13 36835 29 36880 7 36922 30 37026 19 37063 13 37091 29 37134 9 37177 32 37281 20 37321 11 37347 29 37389 10 37433 32 37536 21 37577 11 37603 23 37629 3 37643 12 37689 32 37790 23 37835 8 37859 10 37873 5 37899 13 37944 33 38045 24 38091 8 38115 9 38154 14 38200 33 38300 24 38349 6 38364 14 38410 15 38456 32 38555 25 38619 14 38667 15 38712 32 38811 25 38872 17 38923 16 38969 30 39067 25 39127 18 39180 15 39226 28 39322 26 39382 20 39437 14 39483 26 39577 29 39637 22 39694 14 39741 22 39827 40 39889 28 39950 14 39997 22 40082 42 40145 28 40207 14 40254 21 40337 44 40398 32 40463 14 40510 21 40591 47 40653 34 40718 16 40767 19 40839 55 40907 36 40974 17 41023 18 41095 55 41161 38 41230 18 41279 17 41349 56 41417 38 41486 20 41535 16 41605 56 41673 37 41743 20 41792 14 41859 58 41928 38 41999 21 42048 10 42114 59 42184 38 42256 21 42305 6 42367 60 42439 40 42513 20 42562 3 42622 61 42695 40 42770 20 42877 60 42950 45 43027 19 43132 61 43206 47 43285 18 43367 3 43387 61 43462 48 43541 17 43623 3 43643 62 43719 48 43797 17 43839 6 43879 4 43899 63 43983 40 44054 16 44082 5 44093 9 44136 3 44155 63 44240 40 44311 15 44337 23 44411 64 44496 41 44567 15 44593 24 44667 64 44753 40 44805 10 44824 13 44849 24 44923 65 45009 40 45060 15 45080 13 45105 24 45180 63 45265 41 45315 32 45361 24 45442 57 45523 40 45571 32 45618 23 45699 55 45780 39 45825 32 45876 19 45955 54 46019 2 46041 5 46050 25 46081 32 46134 16 46212 52 46274 3 46307 24 46337 25 46392 13 46468 51 46565 27 46593 24 46649 12 46724 51 46821 27 46849 24 46905 13 46919 10 46980 51 47079 25 47105 24 47161 27 47197 2 47236 54 47336 24 47361 23 47418 28 47451 6 47492 55 47599 41 47674 28 47707 6 47748 55 47856 39 47930 28 47963 7 48005 54 48116 35 48186 28 48219 7 48261 55 48373 16 48391 14 48440 31 48476 5 48519 53 48629 16 48649 10 48695 33 48733 4 48775 53 48885 15 48951 34 48989 2 49031 53 49141 15 49205 36 49287 53 49397 11 49410 1 49460 37 49544 51 49598 6 49652 12 49715 39 49800 51 49854 7 49907 13 49971 40 50055 50 50110 8 50163 13 50227 40 50311 50 50366 9 50419 13 50481 42 50565 44 50611 6 50622 9 50675 13 50737 42 50820 43 50869 4 50879 9 50931 13 50993 42 51075 40 51135 10 51187 13 51249 42 51331 40 51391 10 51443 13 51505 41 51586 41 51646 13 51668 4 51701 5 51707 5 51761 41 51842 41 51903 12 51924 4 51959 1 51965 3 52017 41 52098 41 52160 11 52179 6 52221 3 52273 41 52354 41 52417 10 52435 6 52477 3 52528 42 52609 42 52672 12 52691 5 52732 4 52782 44 52865 42 52928 12 52946 5 52988 4 53035 47 53117 44 53184 12 53198 8 53244 4 53290 48 53371 46 53439 23 53501 3 53544 49 53624 46 53685 4 53695 22 53757 3 53800 51 53879 46 53941 4 53951 22 54013 3 54055 54 54133 48 54192 9 54208 21 54271 1 54310 56 54389 47 54447 11 54465 8 54475 10 54527 1 54566 57 54642 49 54701 12 54723 2 54731 10 54822 57 54894 53 54954 15 54987 10 55078 57 55147 55 55209 16 55244 9 55334 57 55403 54 55465 16 55501 8 55591 55 55659 51 55720 16 55757 11 55773 4 55802 6 55847 55 55915 49 55976 16 56014 19 56056 8 56103 54 56171 48 56232 16 56269 21 56309 11 56359 54 56427 47 56489 15 56525 22 56565 11 56617 51 56682 46 56745 16 56780 23 56819 13 56873 51 56938 45 57001 17 57036 23 57075 13 57131 48 57194 44 57258 17 57292 24 57331 13 57387 48 57450 44 57514 18 57549 23 57586 14 57624 7 57646 45 57706 44 57770 19 57805 24 57841 15 57879 9 57904 43 57962 44 58027 19 58061 24 58097 15 58135 10 58162 39 58219 48 58283 20 58319 21 58353 15 58391 10 58419 34 58475 49 58539 20 58576 19 58609 15 58647 8 58669 3 58675 34 58732 49 58795 20 58833 18 58858 3 58864 16 58903 8 58923 43 58989 48 59051 20 59089 18 59112 24 59137 3 59177 46 59247 14 59265 28 59307 18 59348 14 59365 32 59433 46 59503 13 59521 28 59563 19 59606 50 59688 47 59761 10 59781 24 59819 23 59847 1 59867 46 59943 49 60017 10 60038 23 60075 25 60101 8 60124 45 60199 49 60297 21 60329 37 60381 45 60455 49 60553 21 60584 39 60637 28 60667 15 60711 48 60809 22 60840 41 60889 32 60924 14 60968 47 61066 21 61096 81 61181 13 61224 45 61322 21 61352 83 61440 10 61481 45 61578 21 61609 83 61696 10 61737 45 61834 21 61866 83 61952 10 61993 45 62091 20 62122 83 62208 9 62250 45 62346 20 62379 83 62464 8 62507 45 62601 20 62635 84 62722 5 62765 48 62857 20 62890 85 63022 47 63113 19 63145 86 63283 43 63369 18 63399 88 63541 42 63625 18 63654 89 63765 2 63800 39 63882 17 63909 91 64021 2 64057 39 64138 17 64164 92 64315 37 64374 9 64388 1 64391 20 64419 93 64572 36 64629 38 64675 93 64828 36 64883 40 64931 17 64949 75 65084 36 65138 40 65187 16 65205 75 65340 36 65393 40 65445 12 65467 69
904357,139 10 160 11 179 28 394 9 417 10 435 28 650 9 673 10 691 28 906 7 929 10 947 29 1161 7 1185 10 1203 30 1417 6 1441 8 1459 32 1525 5 1673 6 1697 9 1714 33 1779 10 1929 4 1954 9 1966 37 2033 15 2184 5 2211 8 2221 39 2289 15 2435 10 2469 47 2544 16 2689 13 2726 3 2730 42 2800 16 2945 15 2987 40 3056 16 3201 16 3219 1 3243 40 3312 16 3457 20 3498 41 3569 15 3714 19 3755 40 3825 15 3972 17 4000 4 4011 39 4081 15 4228 17 4255 6 4267 38 4337 15 4484 17 4509 9 4525 36 4593 15 4740 17 4765 9 4781 23 4805 10 4849 15 4996 16 5020 11 5037 22 5104 16 5252 16 5275 12 5294 21 5319 7 5359 17 5508 16 5531 12 5551 33 5614 18 5764 16 5787 12 5807 34 5869 19 6020 16 6043 12 6062 37 6124 20 6276 16 6299 12 6317 39 6380 20 6533 15 6556 11 6571 42 6637 19 6789 14 6813 10 6827 43 6893 19 7045 14 7069 57 7132 3 7151 17 7301 14 7326 56 7387 4 7408 16 7558 13 7584 54 7643 5 7665 15 7814 13 7841 53 7899 5 7921 15 8071 12 8098 51 8153 6 8177 15 8327 12 8354 51 8409 6 8433 15 8583 12 8610 50 8665 5 8689 15 8839 12 8866 50 8921 4 8945 15 9094 13 9122 50 9201 15 9349 14 9378 50 9457 15 9545 4 9605 14 9634 50 9713 15 9800 6 9861 14 9890 51 9969 15 10055 8 10117 12 10147 52 10225 15 10311 9 10373 12 10403 55 10482 14 10565 16 10629 12 10660 4 10666 49 10739 12 10821 18 10885 11 10925 47 10996 11 11077 19 11143 8 11184 45 11333 19 11400 7 11443 44 11588 19 11703 41 11844 20 11959 42 12031 1 12099 22 12175 3 12215 43 12287 1 12354 25 12431 3 12470 44 12543 1 12609 30 12687 4 12725 46 12799 1 12864 32 12944 3 12981 46 13119 39 13201 3 13237 46 13375 40 13457 3 13493 47 13630 43 13683 4 13715 2 13749 48 13885 44 13937 6 13971 2 14005 48 14138 51 14193 6 14226 3 14263 47 14393 63 14482 3 14519 47 14649 62 14737 5 14753 1 14776 47 14906 61 14991 8 15007 4 15031 47 15162 60 15246 10 15262 5 15287 47 15419 60 15502 9 15518 5 15543 47 15677 61 15758 9 15775 3 15799 45 15935 60 16014 9 16031 2 16054 46 16192 59 16270 9 16309 47 16449 59 16526 9 16565 47 16704 61 16782 9 16821 48 16959 63 17037 10 17077 49 17213 66 17293 10 17333 51 17469 66 17549 11 17589 52 17725 66 17806 10 17819 4 17843 55 17981 67 18062 11 18075 4 18099 56 18237 68 18319 13 18353 58 18493 68 18576 11 18609 58 18750 69 18833 10 18865 59 19006 73 19089 10 19121 59 19265 71 19347 7 19378 58 19522 71 19604 4 19634 57 19779 70 19891 56 20036 70 20147 56 20293 70 20388 9 20403 56 20549 70 20643 11 20659 55 20805 70 20898 13 20915 54 21062 69 21154 13 21171 54 21319 68 21409 15 21429 52 21575 68 21665 15 21685 51 21832 21 21855 44 21918 17 21943 47 22089 18 22112 42 22173 18 22201 44 22345 17 22369 40 22424 21 22459 36 22602 15 22625 38 22679 8 22690 10 22717 32 22861 10 22882 37 22935 7 22948 7 22974 29 23119 8 23139 36 23191 7 23205 5 23231 28 23377 5 23401 32 23446 8 23462 3 23497 4 23634 3 23657 32 23702 8 23753 3 23897 1 23915 30 23957 11 24014 8 24035 5 24153 3 24171 30 24209 16 24270 8 24291 5 24408 5 24437 20 24463 19 24523 13 24547 6 24664 6 24693 20 24718 21 24778 15 24802 7 24920 7 24951 18 24973 25 25025 42 25087 1 25176 8 25209 15 25229 29 25281 43 25342 2 25432 10 25473 6 25486 30 25535 46 25596 4 25689 9 25729 6 25742 30 25791 46 25851 5 25946 8 25997 32 26047 47 26103 9 26203 7 26222 1 26252 33 26303 48 26357 11 26477 4 26502 39 26562 45 26613 11 26732 6 26757 40 26818 45 26868 12 26988 6 27013 40 27074 46 27123 13 27244 5 27270 39 27331 47 27379 13 27471 4 27500 3 27527 40 27587 61 27727 4 27757 2 27783 41 27843 61 27983 4 28038 44 28099 61 28239 4 28294 44 28355 61 28549 44 28603 2 28613 59 28788 3 28804 45 28859 2 28869 59 29043 4 29057 48 29115 2 29126 43 29177 7 29299 5 29312 49 29382 43 29433 7 29555 6 29563 55 29638 41 29689 7 29811 64 29894 40 29945 7 30067 64 30149 39 30196 12 30323 65 30405 37 30451 13 30579 66 30663 33 30705 15 30835 68 30919 30 30961 15 31091 72 31176 27 31216 16 31347 74 31433 25 31472 16 31604 74 31691 22 31728 16 31860 75 31947 22 31983 17 32115 76 32205 20 32239 17 32369 78 32463 17 32495 17 32624 79 32721 2 32729 6 32751 17 32879 80 32985 6 33006 18 33134 81 33243 4 33261 19 33390 81 33499 3 33517 19 33645 82 33772 20 33897 86 34027 21 34149 91 34284 20 34404 93 34540 20 34659 95 34796 20 34913 98 35053 19 35168 67 35241 27 35309 19 35423 68 35493 32 35565 19 35678 59 35743 38 35821 19 35933 60 36001 37 36076 20 36189 60 36257 38 36332 20 36445 61 36513 38 36588 20 36699 62 36768 40 36844 20 36953 64 37023 41 37100 20 37208 65 37278 43 37356 20 37463 66 37533 44 37612 20 37719 66 37788 44 37869 19 37911 4 37974 66 38044 10 38056 32 38125 19 38165 9 38227 69 38299 11 38314 27 38382 18 38421 10 38478 73 38555 11 38571 25 38639 17 38676 11 38731 76 38811 10 38827 24 38896 16 38931 12 38986 77 39067 10 39083 24 39153 15 39187 12 39242 77 39323 10 39337 26 39409 15 39443 12 39497 78 39579 40 39666 14 39699 12 39751 81 39837 38 39923 13 39955 12 40007 81 40093 38 40179 13 40211 12 40262 83 40349 37 40435 13 40468 11 40517 44 40565 36 40605 37 40691 13 40772 44 40821 36 40861 37 40948 12 41028 43 41077 35 41117 37 41205 11 41283 44 41333 31 41373 37 41461 11 41539 44 41589 30 41629 38 41717 11 41794 44 41845 28 41885 38 41973 11 42050 44 42101 26 42141 38 42229 11 42306 43 42357 27 42397 38 42485 11 42562 43 42613 28 42653 39 42741 11 42818 41 42869 34 42909 39 42997 11 43075 39 43126 35 43165 40 43253 11 43332 36 43383 34 43421 42 43509 11 43588 36 43639 34 43677 42 43765 11 43845 34 43896 33 43933 43 44022 10 44101 33 44153 32 44189 44 44278 10 44357 33 44409 31 44445 44 44533 11 44613 33 44655 4 44666 13 44682 13 44701 44 44789 11 44870 50 44921 13 44938 11 44958 43 45044 12 45127 64 45193 11 45214 43 45299 13 45383 76 45470 43 45555 13 45639 76 45726 43 45810 14 45895 77 45974 6 45983 40 46066 14 46151 86 46239 40 46322 14 46407 86 46496 39 46578 14 46663 86 46752 39 46835 13 46919 86 47009 37 47093 11 47176 85 47265 37 47351 9 47432 86 47522 36 47608 8 47689 86 47778 36 47864 8 47946 124 48114 2 48118 10 48203 123 48369 15 48459 87 48552 30 48625 15 48715 86 48810 28 48881 15 48971 86 49067 26 49137 15 49227 86 49323 24 49393 15 49483 84 49582 15 49649 15 49739 84 49839 14 49905 15 49995 84 50095 12 50162 14 50251 84 50351 11 50419 13 50508 84 50608 9 50675 13 50765 83 50865 8 50931 13 51021 84 51122 5 51188 12 51277 85 51380 2 51444 12 51532 88 51701 11 51787 90 51957 11 52043 92 52213 11 52298 93 52469 11 52496 5 52555 93 52725 11 52752 6 52811 51 52863 42 52981 11 53008 6 53067 51 53121 40 53239 9 53265 4 53323 51 53377 40 53495 9 53522 3 53581 50 53633 44 53753 7 53778 3 53837 49 53889 45 54009 7 54034 4 54093 49 54146 45 54263 9 54290 5 54311 3 54350 47 54402 46 54519 9 54546 7 54563 8 54608 45 54660 45 54773 11 54801 8 54818 10 54865 44 54917 44 55029 11 55059 8 55074 11 55093 4 55123 43 55173 46 55284 12 55316 7 55329 12 55349 5 55379 43 55429 46 55539 13 55573 8 55583 16 55604 7 55635 44 55686 46 55795 13 55829 27 55859 8 55891 44 55942 46 56051 13 56085 37 56153 38 56199 46 56307 13 56342 35 56409 39 56456 45 56563 13 56598 35 56664 41 56713 44 56820 12 56854 34 56919 43 56970 44 57077 11 57110 33 57174 47 57227 43 57333 11 57365 34 57430 97 57590 10 57621 32 57685 99 57847 9 57876 33 57941 99 58103 9 58132 32 58194 102 58359 9 58387 32 58449 103 58615 9 58643 30 58704 104 58869 11 58900 29 58959 105 59123 13 59156 28 59215 104 59378 14 59413 27 59451 4 59470 105 59634 14 59656 1 59671 25 59705 10 59719 112 59889 15 59912 1 59927 25 59961 126 60145 15 60185 23 60216 125 60401 15 60442 22 60472 125 60658 14 60699 21 60728 122 60914 14 60956 20 60985 114 61170 14 61213 18 61241 113 61426 14 61469 18 61497 112 61682 14 61726 15 61753 111 61937 15 61983 14 62009 107 62193 15 62241 12 62265 108 62449 15 62498 10 62520 109 62704 16 62755 8 62775 111 62961 15 63011 8 63031 111 63217 15 63267 8 63287 112 63420 1 63475 13 63523 8 63543 112 63731 13 63780 7 63795 116 63988 12 64036 7 64050 117 64245 11 64305 117 64501 11 64560 118 64759 9 64815 118 65017 7 65071 118 65275 5 65326 119 65535 1
905849,0 65536
907141,0 25 47 59 135 56 209 33 256 27 303 12 319 44 392 54 466 31 512 29 559 11 575 44 649 53 723 30 768 32 816 5 831 46 907 28 938 19 979 30 1024 34 1072 2 1087 46 1169 21 1194 17 1236 29 1280 37 1343 48 1427 18 1451 15 1493 27 1536 37 1599 48 1683 17 1707 14 1749 26 1792 37 1855 10 1866 38 1944 11 1964 11 2005 23 2048 37 2094 1 2111 9 2123 37 2201 10 2220 11 2262 21 2304 37 2366 11 2378 37 2459 8 2477 8 2519 16 2560 37 2621 50 2715 8 2734 6 2776 12 2816 37 2876 50 2971 8 3035 5 3072 37 3131 50 3227 8 3291 4 3328 36 3387 48 3482 7 3584 36 3643 48 3735 13 3840 35 3900 45 3990 15 4096 35 4157 42 4246 16 4352 35 4413 40 4502 18 4608 35 4669 9 4679 20 4701 7 4758 19 4864 35 4925 9 4935 19 4958 7 5014 19 5120 35 5180 31 5213 8 5271 18 5376 34 5416 1 5435 43 5527 20 5591 2 5632 34 5690 44 5784 19 5846 5 5888 34 5945 46 6040 20 6099 10 6144 33 6200 47 6297 20 6354 12 6400 33 6455 47 6518 3 6553 20 6608 22 6656 33 6711 47 6773 6 6808 21 6855 5 6862 26 6911 33 6966 47 7028 8 7064 22 7108 39 7166 33 7222 46 7283 10 7319 23 7363 41 7422 31 7477 41 7539 10 7575 22 7619 43 7678 26 7705 4 7733 40 7795 10 7831 22 7875 44 7935 21 7988 41 8051 10 8086 22 8113 1 8130 45 8192 20 8242 42 8307 10 8342 22 8367 6 8385 47 8448 19 8495 45 8563 9 8598 34 8635 57 8704 19 8751 45 8820 7 8854 35 8890 63 8960 19 9005 47 9111 103 9216 19 9261 42 9367 123 9515 41 9624 121 9771 40 9881 120 10027 40 10096 7 10137 120 10283 39 10351 9 10393 119 10539 39 10604 14 10647 120 10795 40 10843 2 10860 15 10894 1 10903 120 11049 55 11115 16 11146 133 11305 56 11371 17 11401 134 11559 58 11625 20 11655 136 11814 60 11881 20 11911 137 12068 61 12137 20 12166 138 12324 61 12393 20 12421 138 12578 63 12649 18 12677 138 12833 64 12905 18 12933 136 13089 62 13161 18 13189 134 13345 60 13417 17 13445 132 13600 58 13675 14 13701 132 13855 56 13932 12 13955 134 14109 54 14188 11 14207 137 14365 52 14445 9 14462 139 14619 54 14700 9 14717 140 14875 54 14955 10 14973 140 15129 56 15210 9 15229 141 15384 58 15466 10 15484 146 15639 60 15721 11 15739 148 15893 62 15977 12 15995 219 16229 16 16250 221 16485 16 16505 223 16739 245 16995 246 17251 246 17507 246 17762 247 18018 248 18274 249 18529 251 18785 252 19042 252 19299 252 19555 253 19813 252 20070 8472 28549 248 28807 245 29063 244 29315 247 29567 252 29821 15644 45469 44 45516 206 45725 44 45773 206 45981 35 46032 203 46239 32 46289 203 46493 34 46546 237 46803 198 47006 31 47061 196 47264 27 47317 192 47523 2 47531 14 47575 190 47789 11 47830 189 48049 5 48084 39 48128 144 48308 1 48339 35 48384 143 48596 41 48640 143 48852 42 48896 143 49095 6 49108 187 49350 203 49605 204 49861 205 50115 208 50371 208 50617 218 50872 219 51127 220 51382 222 51635 225 51887 231 52134 241 52389 242 52642 39 52683 205 52898 38 52939 206 53151 40 53195 252 53451 251 53705 1034 54745 249 55001 248 55257 248 55513 249 55769 248 56025 247 56281 246 56537 244 56793 244 57049 236 57306 235 57563 232 57819 232 58075 232 58331 232 58587 233 58843 233 59098 235 59353 237 59609 239 59865 240 60121 240 60376 242 60631 244 60885 247 61140 252 61395 253 61651 250 61906 247 62162 245 62418 245 62674 245 62930 29 62962 213 63186 29 63219 213 63442 28 63476 213 63697 29 63733 213 63953 30 63989 214 64208 31 64246 249 64504 248 64762 246 65021 242 65278 239
919234,0 7565 7570 250 7828 1 7831 47 7881 194 8089 46 8139 191 8346 45 8395 190 8602 47 8652 189 8858 49 8909 187 9114 50 9165 190 9370 244 9626 245 9882 245 10139 245 10387 4 10395 254 10650 5271 15924 2688 18613 255 18869 255 19125 255 19381 255 19638 254 19896 252 20153 252 20410 251 20667 252 20925 251 21181 253 21437 255 21693 2120 23817 247 24073 247 24329 247 24585 247 24841 247 25097 247 25353 247 25609 247 25863 249 26119 249 26375 249 26632 248 26889 247 27146 246 27403 245 27659 245 27915 245 28171 245 28427 187 28616 56 28683 186 28873 55 28938 186 29130 54 29193 187 29387 58 29449 186 29644 247 29901 246 30155 248 30411 249 30666 250 30921 251 31177 251 31432 9807 41243 500 41750 179 41930 69 42006 179 42187 66 42261 248 42517 245 42773 244 43029 8 43039 232 43283 10 43297 231 43538 14 43553 15562 59117 233 59353 16 59375 230 59609 16 59631 226 59865 15 59888 223 60122 14 60144 181 60327 40 60380 12 60401 179 60584 39 60637 11 60659 176 60840 39 60895 8 60917 174 61096 39 61153 6 61173 174 61351 40 61393 2 61431 172 61607 40 61648 5 61690 169 61862 48 61946 169 62117 39 62159 8 62202 205 62414 9 62458 203 62670 9 62715 202 62926 8 62971 202 63181 9 63228 171 63400 28 63437 9 63487 167 63657 27 63693 9 63744 165 63914 25 63947 11 64000 165 64171 24 64202 12 64256 166 64427 2 64433 14 64456 15 64512 173 64691 4 64699 3 64711 16 64768 173 64966 18 65024 173 65222 18 65280 173 65478 18
925045,0 65536
927607,195 7 211 3 451 10 707 12 963 16 1219 16 1475 17 1730 19 1984 21 2239 22 2496 21 2752 21 3017 12 3275 9 3534 5 3791 4 4049 2 4305 1 9115 1 9144 5 9369 4 9399 7 9624 6 9652 11 9879 7 9907 12 10135 7 10163 12 10391 7 10418 13 10647 8 10675 12 10903 8 10931 12 11159 10 11189 9 11415 12 11447 7 11670 15 11707 2 11926 15 12181 17 12437 17 12692 18 12723 2 12948 18 12978 3 13205 4 13210 12 13233 6 13462 2 13471 6 13489 6 13710 2 13745 6 13965 4 14001 5 14222 1 14258 3 17087 1 17341 6 17597 7 17853 9 18109 10 18330 3 18365 10 18585 4 18621 10 18841 5 18877 13 19097 6 19133 14 19353 9 19389 19 19610 9 19645 20 19867 10 19902 20 20123 10 20158 20 20378 11 20415 18 20633 12 20673 16 20889 12 21144 13 21399 14 21655 14 21910 15 22165 16 22421 16 22677 16 22934 13 23190 12 23447 10 23704 8 23963 2 31689 2 31944 3 32199 5 32454 6 32709 7 32965 7 33033 4 33220 8 33288 5 33298 5 33475 9 33543 17 33729 11 33798 18 33983 13 34053 20 34237 15 34308 21 34493 15 34563 22 34591 5 34605 7 34748 17 34816 27 34845 8 34861 8 35004 17 35072 37 35116 12 35259 18 35328 37 35371 13 35515 18 35584 38 35626 17 35771 17 35840 40 35881 19 36027 17 36096 61 36285 15 36352 61 36541 15 36608 61 36798 14 36864 61 37054 14 37120 62 37310 14 37376 63 37565 15 37632 65 37820 15 37888 65 38076 15 38144 67 38331 16 38400 4 38406 61 38587 15 38663 60 38843 15 38919 60 39099 15 39175 60 39353 16 39431 60 39610 15 39687 59 39867 14 39943 59 40125 12 40199 58 40382 11 40455 57 40638 10 40710 57 40896 7 40966 55 41153 6 41222 55 41478 55 41735 54 41951 1 41991 54 42206 4 42248 40 42290 11 42462 4 42504 40 42548 9 42718 4 42761 38 42805 7 42975 1 43017 37 43063 5 43274 3 43282 27 43538 26 43793 25 44048 13 44062 11 44303 10 44559 9 44815 7 44983 6 45071 6 45239 6 45327 4 45495 6 45752 5 46933 6 47189 7 47441 12 47695 15 47949 18 48041 5 48205 18 48297 8 48461 19 48551 12 48716 20 48807 13 48972 21 49063 14 49227 22 49318 15 49483 22 49574 15 49737 24 49830 15 49990 27 50087 14 50183 8 50245 28 50343 14 50437 14 50500 29 50601 11 50693 16 50756 29 50858 9 50948 17 51011 29 51090 4 51117 5 51136 3 51204 17 51267 29 51344 8 51392 3 51459 18 51523 28 51589 20 51648 3 51715 18 51779 28 51844 22 51905 1 51970 19 52034 29 52098 25 52225 20 52290 29 52353 26 52481 20 52545 28 52607 29 52737 20 52801 26 52862 30 52902 1 52992 21 53054 26 53116 33 53155 6 53248 21 53302 33 53371 35 53410 7 53504 21 53557 27 53623 51 53760 20 53813 24 53867 4 53877 54 54016 19 54069 23 54119 68 54272 19 54324 23 54374 70 54528 18 54580 20 54629 73 54784 17 54837 18 54885 74 55040 1 55043 12 55093 11 55141 75 55300 9 55348 11 55396 76 55559 2 55604 10 55650 79 55860 9 55905 80 56117 8 56159 83 56373 7 56415 84 56615 8 56667 88 56871 10 56921 90 57126 12 57176 91 57381 13 57432 91 57637 14 57688 91 57871 2 57892 15 57929 3 57944 91 58119 12 58143 20 58181 10 58199 91 58375 12 58398 21 58437 10 58455 90 58629 15 58653 22 58692 11 58711 88 58885 15 58909 22 58948 11 58967 86 59141 15 59165 22 59204 11 59223 77 59301 6 59397 16 59420 24 59461 10 59479 76 59560 2 59653 16 59675 26 59736 73 59908 17 59930 27 59993 72 60161 23 60185 28 60249 71 60376 3 60417 52 60505 70 60587 2 60628 8 60672 53 60761 68 60841 6 60883 9 60928 52 61017 66 61097 6 61139 10 61184 52 61265 4 61274 64 61352 9 61364 1 61395 10 61440 51 61521 4 61529 65 61608 17 61651 10 61696 51 61765 8 61775 6 61785 66 61864 19 61907 9 61952 51 62021 16 62041 66 62119 21 62163 9 62208 50 62277 16 62297 66 62375 24 62421 7 62464 49 62533 16 62553 66 62631 24 62677 6 62720 48 62789 15 62809 66 62886 25 62937 1 62976 47 63046 13 63065 66 63141 26 63232 46 63312 1 63321 66 63396 27 63488 46 63568 2 63578 64 63653 26 63744 45 63824 2 63835 62 63909 26 63989 1 64000 45 64080 2 64091 61 64166 25 64243 4 64256 43 64336 4 64349 58 64427 20 64498 7 64512 43 64592 5 64605 57 64685 18 64753 8 64768 41 64832 7 64848 4 64863 55 64941 18 64999 2 65009 10 65024 40 65085 12 65101 7 65119 54 65197 17 65253 7 65264 11 65280 38 65339 23 65377 42 65424 5 65453 16 65508 24
927691,0 2617 2621 251 2879 248 3137 244 3395 31 3430 207 3651 27 3687 205 3909 24 3947 200 4165 23 4204 199 4422 21 4462 196 4678 19 4719 194 4935 17 4976 191 5191 16 5233 187 5448 12 5489 187 5705 10 5745 187 5963 6 6001 188 6222 1 6257 188 6513 188 6769 188 7025 188 7284 185 7541 183 7799 180 8056 179 8313 177 8574 171 8833 168 9093 163 9351 161 9610 159 9867 158 10123 158 10379 158 10634 159 10889 160 11143 163 11395 168 11645 174 11899 178 12153 181 12408 182 12661 186 12915 188 13165 194 13421 194 13659 1 13676 195 13914 5 13931 196 14167 13 14185 199 14421 220 14654 3 14667 231 14908 7 14922 233 15163 10 15176 235 15418 243 15673 243 15929 240 16183 241 16437 231 16691 234 16947 234 17202 235 17457 236 17713 236 17968 237 18225 236 18481 236 18737 236 18993 235 19249 234 19504 235 19755 240 20010 241 20263 245 20519 246 20774 248 21030 249 21286 251 21542 255 21799 254 22055 3073 25129 242 25386 241 25642 240 25897 240 26153 240 26409 240 26664 241 26919 243 27175 246 27431 248 27687 249 27942 251 28198 252 28453 254 28708 363 29082 245 29337 244 29592 244 29847 244 30101 34 30141 204 30357 33 30399 200 30612 21 30639 4 30657 197 30867 18 30913 194 31123 18 31170 193 31379 18 31426 191 31636 18 31682 191 31893 17 31939 189 32137 5 32149 17 32195 188 32392 7 32405 17 32451 186 32648 11 32662 16 32708 183 32904 12 32918 16 32965 178 33161 13 33181 8 33221 178 33418 13 33438 7 33477 176 33675 12 33733 176 33931 12 33989 174 34188 7 34245 174 34445 5 34501 172 34758 171 35015 168 35273 164 35530 162 35786 161 36042 161 36297 162 36551 76 36633 58 36699 14 36805 77 36890 57 36956 12 37061 75 37147 55 37216 2 37315 77 37404 54 37570 77 37660 53 37825 78 37916 53 38081 78 38173 51 38337 78 38429 51 38593 79 38685 50 38849 80 38942 48 39105 81 39199 46 39335 2 39363 80 39456 45 39593 1 39619 81 39715 40 39849 2 39875 82 39971 40 40105 4 40132 81 40228 38 40361 4 40387 82 40485 36 40617 5 40643 84 40745 31 40873 17 40898 85 41003 29 41129 19 41153 87 41260 26 41384 113 41515 27 41639 116 41770 27 41894 117 42025 26 42056 2 42150 119 42282 39 42404 122 42538 40 42659 125 42794 43 42914 127 43050 43 43168 131 43307 43 43422 134 43562 45 43677 186 43931 188 44187 190 44442 191 44698 192 44951 196 45204 201 45458 203 45714 205 45969 206 46225 209 46481 211 46737 213 46992 215 47247 217 47502 219 47757 221 47989 3 48013 222 48243 7 48268 225 48498 11 48523 228 48753 13 48778 245 49032 248 49287 250 49541 254 49796 7003 56804 14 56821 232 57063 9 57079 228 57337 226 57593 217 57851 214 58107 214 58363 214 58620 214 58875 216 59131 218 59387 219 59643 221 59899 221 60156 221 60412 221 60669 221 60925 221 61183 220 61440 219 61696 219 61952 219 62208 218 62464 216 62720 213 62976 212 63232 211 63488 185 63675 24 63744 181 63939 14 64000 180 64198 11 64256 178 64460 1 64512 177 64768 175 65024 175 65280 173
933048,59 11 135 44 203 7 315 11 391 45 458 7 571 11 647 12 663 29 714 7 828 10 902 13 919 30 970 7 1085 9 1157 14 1175 30 1226 7 1343 7 1413 14 1431 30 1482 7 1599 6 1669 14 1687 31 1739 5 1924 16 1942 32 2179 17 2197 33 2434 18 2455 31 2689 19 2714 27 2945 20 2973 12 3201 21 3229 10 3457 21 3486 6 3713 21 3743 4 3970 21 4227 20 4483 20 4739 21 4995 21 5251 21 5508 21 5764 21 6021 20 6278 19 6537 16 6555 2 6796 13 6810 3 7055 10 7066 3 7313 8 44544 1 44800 1 45056 2 45312 2 45568 3 45824 3 46080 3 46336 2 46592 2 46848 1 62592 3 62846 5 62869 10 63101 6 63123 15 63354 9 63379 18 63609 10 63634 19 63864 11 63890 19 64120 11 64146 19 64376 9 64402 19 64633 8 64659 19 64890 5 64915 19 65171 19 65427 20
938416,14591 1 14831 2 14847 1 15087 4 15103 1 15342 7 15358 2 15597 9 15613 3 15851 12 15868 4 16107 13 16123 5 16361 17 16379 5 16617 23 16873 23 17129 22 17385 22 17641 23 17899 21 18155 21 18411 21 18667 21 18915 4 18923 21 19170 6 19179 21 19424 9 19435 21 19679 11 19691 21 19933 35 20188 36 20442 38 20695 41 20950 42 21206 42 21461 43 21717 43 21974 42 22230 42 22485 43 22741 43 22997 43 23253 43 23509 43 23765 43 24021 43 24277 43 24533 43 24789 42 25046 38 25303 37 25561 34 25817 34 26073 34 26330 33 26581 38 26836 39 27046 3 27091 40 27301 4 27347 40 27556 5 27601 14 27616 28 27812 5 27857 14 27872 28 28068 5 28112 47 28324 5 28368 17 28386 29 28625 47 28882 46 29139 45 29395 44 29651 43 29907 42 30161 38 30417 37 30673 36 30928 37 31183 38 31410 6 31438 39 31663 12 31692 41 31743 1 31919 14 31947 42 31998 2 32174 17 32203 41 32253 3 32429 19 32458 42 32508 4 32683 22 32714 42 32763 5 32937 24 32970 41 33019 5 33189 28 33227 40 33275 5 33445 29 33483 39 33531 5 33700 31 33739 36 33787 5 33956 32 33996 35 34041 7 34213 32 34253 33 34295 9 34470 31 34509 32 34550 10 34718 5 34726 32 34765 32 34806 10 34974 5 34982 32 35021 33 35062 10 35229 41 35277 33 35318 10 35485 42 35531 36 35574 10 35741 83 35830 10 35998 83 36086 10 36255 5 36264 73 36342 10 36512 3 36521 73 36598 10 36778 86 37034 86 37290 76 37371 5 37546 76 37627 5 37779 4 37791 7 37801 77 37884 4 38033 9 38045 89 38140 4 38288 12 38301 90 38397 3 38544 103 38653 3 38798 105 38909 3 39053 107 39165 3 39308 110 39421 3 39564 116 39819 117 40075 117 40331 117 40587 117 40844 16 40861 99 41101 12 41119 97 41375 82 41460 12 41631 82 41715 13 41888 96 42144 96 42401 81 42483 13 42657 19 42679 20 42701 37 42739 13 42912 18 42936 17 42959 34 42995 13 43168 18 43192 17 43217 8 43229 20 43253 11 43422 19 43449 16 43477 3 43488 17 43511 9 43677 20 43705 15 43745 16 43768 8 43933 20 43963 12 44003 3 44015 1 44024 8 44189 20 44219 12 44281 7 44444 22 44478 3 44515 3 44527 1 44536 8 44700 23 44771 3 44781 3 44792 8 44955 24 45027 4 45034 7 45047 9 45211 24 45283 4 45289 23 45467 24 45539 29 45723 24 45796 28 45978 25 46026 6 46055 25 46234 24 46281 8 46311 25 46490 23 46535 11 46567 25 46746 23 46790 13 46823 25 47003 20 47045 15 47078 26 47259 21 47301 17 47334 26 47515 22 47556 28 47590 26 47771 22 47812 30 47845 27 48028 22 48068 60 48285 22 48324 60 48541 22 48581 59 48797 22 48837 59 49053 22 49093 59 49309 22 49349 59 49565 21 49605 59 49821 10 49835 6 49860 60 50078 8 50113 63 50334 7 50367 65 50592 5 50621 67 50877 67 51132 68 51388 68 51644 37 51683 29 51899 36 51939 29 52154 37 52196 28 52409 37 52452 28 52615 11 52664 38 52709 11 52723 13 52870 13 52919 38 52965 10 52980 12 53124 15 53175 38 53222 9 53237 4 53243 5 53380 16 53430 38 53479 10 53491 6 53501 3 53635 18 53686 37 53737 14 53752 3 53759 1 53891 18 53942 37 53994 17 54015 1 54146 20 54198 27 54230 2 54251 15 54402 20 54454 27 54508 14 54657 22 54711 26 54766 12 54913 22 54968 24 55023 10 55169 22 55225 15 55281 8 55424 25 55482 13 55537 8 55549 3 55674 33 55717 6 55739 12 55793 15 55929 34 55973 6 55996 11 56049 15 56182 39 56229 8 56255 7 56301 19 56437 40 56485 9 56513 5 56555 21 56692 43 56741 10 56758 5 56771 2 56810 22 56947 44 56997 12 57013 7 57066 22 57203 46 57254 23 57321 23 57459 48 57509 24 57577 23 57714 74 57833 23 57970 74 58089 23 58226 74 58345 23 58481 74 58601 23 58737 83 58857 23 58993 84 59113 23 59249 86 59369 23 59453 4 59505 88 59625 23 59707 7 59761 89 59883 21 59961 9 60018 89 60141 19 60215 11 60275 88 60399 16 60420 3 60471 11 60489 3 60533 86 60655 16 60672 10 60727 11 60745 3 60789 86 60913 10 60928 11 60983 10 61045 86 61171 4 61184 13 61239 10 61302 85 61440 14 61496 9 61557 85 61696 17 61754 9 61765 2 61813 82 61930 3 61952 18 62011 8 62020 4 62069 81 62185 5 62208 19 62269 12 62325 75 62441 5 62464 20 62526 11 62581 73 62697 4 62720 21 62784 9 62837 72 62953 4 62976 21 63041 8 63094 70 63212 1 63232 21 63299 7 63351 8 63365 54 63488 21 63555 7 63607 7 63621 54 63744 21 63811 7 63867 1 63878 51 64000 21 64067 7 64135 49 64256 22 64323 8 64391 47 64512 23 64549 2 64580 7 64647 45 64768 24 64802 7 64837 6 64889 3 64904 43 65024 27 65057 8 65094 4 65145 4 65160 43 65239 4 65280 42 65382 5 65398 8 65417 2 65421 38 65494 5
942725,0 11 14 21 85 13 155 44 200 9 256 8 270 21 340 13 411 42 460 3 512 8 526 21 595 13 667 41 768 7 782 21 851 12 923 41 1024 6 1038 21 1107 12 1179 40 1280 1 1294 21 1362 12 1435 40 1550 21 1618 11 1692 39 1806 21 1875 9 1949 36 2062 21 2131 8 2205 36 2319 19 2389 5 2463 34 2575 18 2646 1 2721 32 2832 16 2978 30 3089 15 3235 29 3346 14 3425 4 3492 27 3523 6 3602 14 3681 6 3748 27 3778 7 3859 13 3935 8 4004 37 4067 6 4115 13 4191 9 4266 32 4322 9 4334 3 4371 14 4447 9 4511 8 4523 17 4541 16 4575 21 4628 13 4703 8 4767 8 4779 17 4797 20 4822 32 4885 12 4959 8 5022 8 5036 15 5053 59 5141 12 5216 7 5279 7 5293 76 5397 13 5473 2 5476 5 5535 6 5562 64 5653 13 5793 3 5818 65 5909 13 6073 68 6165 13 6329 68 6421 12 6585 71 6675 1 6679 10 6841 71 6928 6 7095 73 7184 8 7350 74 7439 10 7603 77 7696 9 7859 77 7953 9 8020 5 8046 1 8105 6 8113 79 8209 10 8275 8 8301 4 8361 87 8466 10 8529 11 8547 3 8556 6 8617 87 8722 10 8784 13 8803 4 8811 8 8873 87 8978 11 9039 14 9058 6 9067 21 9129 87 9235 10 9295 14 9313 32 9385 87 9491 10 9551 12 9567 37 9641 87 9748 9 9807 12 9823 38 9897 87 10008 5 10063 12 10079 44 10156 84 10265 3 10319 11 10335 46 10418 78 10575 10 10590 47 10676 76 10831 10 10846 47 10933 75 11088 8 11102 47 11189 75 11331 6 11345 7 11358 47 11445 75 11544 8 11567 6 11580 16 11602 5 11615 46 11702 74 11799 12 11823 6 11835 18 11858 5 11871 46 11958 74 12054 15 12077 35 12127 44 12215 73 12310 15 12333 36 12383 44 12471 56 12528 16 12565 17 12588 39 12638 43 12728 53 12782 18 12820 19 12843 42 12894 42 12985 8 12994 42 13037 19 13075 67 13149 41 13241 6 13253 36 13293 19 13330 68 13405 41 13499 4 13510 36 13547 21 13585 70 13661 40 13768 56 13841 70 13917 40 14025 55 14095 73 14173 40 14281 55 14350 74 14429 39 14537 55 14605 74 14685 38 14795 54 14861 73 14940 39 15051 57 15117 72 15196 39 15308 57 15373 70 15453 37 15565 56 15628 66 15709 36 15823 56 15883 66 15965 35 16081 124 16221 12 16234 21 16339 122 16477 11 16492 17 16596 121 16734 9 16751 13 16853 120 16991 8 17009 10 17109 119 17248 7 17267 5 17365 119 17506 3 17525 2 17622 119 17893 104 18150 88 18245 10 18407 86 18501 13 18590 3 18664 85 18764 7 18844 7 18921 84 19020 7 19100 7 19178 83 19276 8 19312 3 19355 9 19436 13 19456 61 19533 7 19568 9 19611 10 19691 12 19712 60 19789 6 19823 16 19867 10 19945 8 19968 59 20045 6 20079 17 20123 11 20201 6 20224 57 20301 6 20336 18 20378 12 20457 8 20480 57 20557 6 20592 19 20634 13 20712 9 20736 21 20760 33 20812 8 20848 20 20890 13 20961 2 20969 8 20992 19 21017 32 21065 11 21104 21 21146 13 21215 4 21225 7 21248 18 21274 30 21320 13 21360 21 21402 13 21470 6 21504 18 21531 28 21575 13 21615 23 21659 11 21726 6 21760 17 21788 25 21830 9 21871 26 21915 9 21982 7 22016 17 22045 24 22086 8 22126 28 22172 7 22238 7 22272 17 22303 21 22343 4 22378 31 22430 3 22495 8 22529 15 22559 21 22599 3 22633 32 22751 8 22789 11 22819 8 22830 5 22873 2 22888 33 23008 8 23046 9 23077 5 23087 3 23127 6 23144 32 23265 6 23383 9 23400 31 23523 4 23639 9 23656 30 23893 12 23913 28 24149 12 24169 26 24261 5 24405 12 24425 26 24514 11 24660 12 24682 25 24769 14 24871 3 24916 11 24938 25 25025 16 25123 9 25172 11 25194 25 25281 16 25377 12 25428 7 25450 25 25537 16 25633 12 25685 5 25706 24 25794 15 25889 12 25962 24 26052 13 26145 12 26218 24 26309 12 26402 11 26474 23 26567 10 26658 11 26730 22 26824 9 26915 10 26985 20 27081 7 27171 9 27241 20 27338 5 27496 17 27751 18 27895 4 27985 8 28005 20 28150 6 28239 11 28260 21 28405 7 28494 18 28513 32 28565 2 28661 8 28750 53 28819 5 28917 8 29006 54 29073 10 29173 9 29262 55 29328 12 29429 9 29518 57 29583 15 29685 10 29775 58 29838 16 29941 10 30031 80 30196 11 30288 79 30452 11 30544 79 30707 12 30800 79 30964 11 31056 79 31220 11 31312 79 31477 10 31568 78 31733 11 31824 77 31990 10 32080 44 32128 29 32247 9 32336 44 32384 29 32503 9 32593 42 32641 27 32849 42 32897 27 33105 34 33141 5 33153 28 33362 33 33397 4 33409 28 33619 29 33653 2 33665 29 33877 26 33922 28 34135 22 34178 28 34392 19 34434 27 34649 17 34689 28 34815 1 34906 16 34945 28 35070 2 35163 14 35201 28 35325 3 35419 13 35457 28 35581 3 35675 11 35713 28 35838 2 35931 11 35970 27 36094 2 36121 4 36188 9 36227 26 36347 5 36376 7 36445 8 36459 1 36485 25 36599 9 36631 8 36701 7 36713 2 36740 26 36853 11 36887 8 36959 4 36969 1 36994 28 37108 12 37143 9 37245 34 37289 2 37361 15 37399 8 37499 36 37540 10 37617 15 37656 7 37754 36 37794 15 37868 20 37913 6 38009 37 38050 15 38122 22 38265 37 38304 19 38376 24 38520 38 38559 21 38631 25 38775 62 38886 26 39031 62 39142 26 39283 41 39325 24 39398 26 39537 43 39581 24 39653 27 39792 44 39837 22 39909 27 40047 45 40093 20 40165 33 40303 44 40349 19 40420 37 40559 43 40607 16 40676 39 40742 11 40814 43 40932 39 40997 16 41070 42 41188 39 41253 19 41326 40 41399 4 41445 39 41509 18 41583 38 41653 14 41701 40 41765 18 41839 36 41907 20 41957 42 42021 18 42097 34 42156 3 42163 22 42213 44 42277 18 42359 28 42399 44 42466 48 42533 18 42617 26 42654 45 42721 50 42789 16 42876 23 42909 46 42977 50 43045 14 43134 7 43144 11 43165 46 43233 50 43301 11 43403 9 43420 47 43490 49 43557 11 43659 8 43675 47 43747 48 43814 10 43915 8 43929 48 44004 6 44013 6 44024 26 44071 9 44171 8 44185 48 44261 4 44281 26 44327 8 44429 6 44439 50 44540 23 44584 7 44687 2 44694 51 44755 3 44797 22 44842 5 44947 73 45054 21 45203 75 45311 22 45459 77 45568 21 45715 78 45824 23 45863 4 45971 79 46080 23 46117 6 46227 80 46336 24 46373 8 46485 78 46592 24 46629 8 46741 79 46848 25 46884 9 46998 79 47104 25 47139 11 47255 1 47261 73 47360 47 47519 72 47616 49 47775 73 47872 24 47897 28 48031 74 48128 24 48153 30 48287 75 48384 24 48409 30 48543 76 48640 24 48665 31 48799 13 48813 63 48896 56 49055 10 49071 8 49086 47 49152 57 49311 9 49329 4 49343 47 49408 57 49568 6 49600 47 49664 57 49824 5 49857 48 49920 15 49943 35 50113 50 50176 13 50199 36 50370 49 50432 13 50455 36 50625 55 50688 13 50710 37 50881 56 50944 13 50965 37 51135 59 51200 13 51219 39 51391 60 51456 12 51475 38 51646 62 51712 11 51730 39 51901 63 51968 7 51985 38 52156 64 52224 4 52241 36 52411 65 52480 5 52497 36 52585 9 52667 64 52736 6 52752 37 52839 12 52923 64 52992 7 53008 37 53064 3 53074 11 53094 15 53180 62 53248 7 53265 19 53286 14 53320 4 53329 14 53350 17 53437 61 53504 7 53522 17 53545 11 53575 26 53605 18 53694 59 53760 6 53779 15 53801 10 53831 26 53860 20 53950 59 54016 5 54039 8 54061 4 54084 52 54208 57 54272 5 54335 58 54466 55 54528 5 54591 62 54726 51 54784 5 54847 64 54983 50 55040 5 55105 63 55241 48 55296 5 55361 64 55497 48 55552 5 55617 65 55757 45 55808 5 55873 65 56015 7 56024 35 56064 5 56128 67 56280 36 56320 5 56383 68 56536 36 56576 5 56639 68 56791 38 56832 5 56895 68 57047 38 57088 3 57151 67 57301 40 57344 1 57407 67 57556 40 57664 65 57811 41 57920 63 58067 41 58175 52 58231 8 58323 40 58430 53 58487 7 58578 40 58685 54 58743 8 58834 39 58941 54 58999 8 59090 39 59196 54 59255 10 59347 38 59452 54 59511 11 59603 37 59708 53 59766 13 59860 35 59948 5 59964 53 60022 14 60117 33 60203 7 60219 53 60278 16 60373 27 60458 8 60474 53 60534 16 60631 23 60713 10 60729 53 60790 17 60888 6 60899 9 60967 12 60984 54 61046 17 61155 8 61222 71 61301 27 61383 7 61412 7 61478 71 61557 28 61638 9 61669 4 61733 71 61813 28 61893 13 61989 71 62069 29 62149 14 62199 1 62245 70 62326 29 62405 15 62501 70 62583 28 62661 15 62720 2 62757 68 62840 27 62889 6 62917 16 62975 5 63013 67 63097 26 63145 7 63173 16 63231 6 63270 63 63355 24 63400 9 63429 16 63488 5 63527 60 63612 23 63655 10 63685 16 63744 5 63787 50 63869 22 63909 12 63942 14 64000 6 64045 46 64126 22 64165 12 64198 13 64256 5 64303 42 64383 21 64411 4 64419 14 64455 11 64512 5 64561 39 64639 21 64665 24 64711 10 64768 5 64819 36 64897 20 64921 24 65024 5 65076 35 65153 20 65177 24 65280 4 65333 34 65411 18 65432 23
944809, 
962767,22 11 133 17 189 67 279 9 389 16 447 65 535 9 645 14 704 64 793 4 901 11 961 63 1157 10 1218 62 1413 9 1477 59 1669 8 1733 59 1991 57 2247 57 2492 1 2503 57 2747 3 2759 59 3003 4 3016 59 3259 4 3272 61 3528 61 3784 61 4040 61 4297 59 4553 59 4809 58 5065 57 5321 55 5571 61 5827 61 6083 61 6339 61 6595 61 6760 5 6851 61 7011 10 7106 62 7264 14 7362 62 7518 16 7618 62 7773 17 7874 62 8025 22 8130 62 8280 24 8386 62 8533 28 8643 61 8788 30 8899 61 9043 32 9155 61 9299 31 9411 61 9556 30 9668 60 9812 30 9924 60 10068 29 10180 60 10324 29 10436 60 10579 30 10693 59 10834 31 10949 59 11086 35 11205 59 11342 35 11462 58 11597 6 11604 28 11718 58 11853 5 11861 26 11974 58 12110 1 12121 21 12231 8 12242 46 12377 20 12487 8 12499 45 12634 19 12744 7 12756 44 12890 19 13001 5 13013 43 13147 17 13271 41 13403 4 13410 9 13528 40 13668 7 13785 39 13925 6 14031 1 14042 38 14287 1 14300 36 14557 35 14813 35 15071 33 15329 31 15586 29 15844 19 16101 18 16366 8 16623 6 16882 1 17257 12 17512 13 17767 16 18023 16 18278 17 18533 18 18790 17 18900 2 19046 16 19155 4 19303 14 19410 6 19560 13 19665 7 19819 8 19921 7 20076 7 20177 8 20432 10 20687 12 20943 13 21198 15 21453 18 21709 18 21959 1 21965 20 22214 3 22221 20 22469 7 22477 21 22725 30 22979 32 23233 35 23485 39 23740 40 23977 3 23995 9 24006 30 24232 5 24250 9 24263 2 24266 26 24487 4 24506 42 24741 6 24762 42 24993 8 25028 33 25123 2 25126 5 25249 8 25290 27 25377 12 25505 7 25547 26 25633 13 25761 6 25803 27 25889 14 26017 4 26028 3 26060 27 26145 14 26273 4 26284 4 26317 26 26401 15 26540 5 26574 25 26657 15 26689 6 26796 5 26830 25 26912 15 26943 18 27052 5 27087 25 27168 15 27199 19 27309 3 27343 25 27423 16 27453 24 27600 25 27679 16 27709 24 27857 24 27935 16 27965 26 28114 22 28191 15 28221 26 28371 21 28448 14 28477 27 28627 20 28704 13 28733 28 28884 19 28961 12 28989 28 29141 17 29216 13 29244 30 29397 17 29471 11 29496 35 29654 7 29665 2 29726 10 29751 36 29909 8 29981 8 29997 46 30079 6 30165 8 30237 7 30253 45 30335 6 30421 7 30493 7 30508 34 30547 6 30590 8 30679 4 30750 6 30764 33 30805 4 30845 9 31008 4 31020 32 31101 9 31140 1 31147 5 31266 1 31276 32 31358 8 31394 14 31533 30 31616 5 31648 17 31789 30 31874 3 31903 18 32045 30 32159 18 32182 5 32303 28 32413 21 32437 6 32559 27 32669 32 32815 26 32925 32 33071 24 33181 35 33316 3 33326 24 33438 35 33569 36 33694 37 33825 35 33950 37 34079 36 34207 36 34335 36 34463 36 34590 39 34719 36 34845 40 34975 36 35100 41 35231 36 35355 44 35487 36 35611 44 35741 38 35866 46 35997 38 36121 48 36251 40 36377 48 36505 42 36633 48 36761 42 36888 49 37017 41 37144 49 37273 40 37400 49 37529 39 37657 48 37785 38 37885 3 37913 47 38041 37 38141 3 38171 5 38181 35 38297 36 38396 4 38428 3 38439 32 38553 36 38652 4 38672 1 38697 30 38807 37 38907 5 38927 2 38955 28 39062 38 39163 5 39181 6 39212 26 39317 38 39419 5 39439 4 39469 24 39572 39 39675 5 39696 3 39725 20 39770 3 39781 8 39827 39 39930 6 39982 17 40025 4 40037 16 40082 39 40185 7 40240 11 40279 6 40293 20 40338 39 40441 7 40497 8 40535 6 40548 22 40594 39 40697 7 40791 7 40803 25 40850 38 40953 7 41048 5 41059 26 41107 38 41209 7 41306 3 41315 26 41363 42 41465 7 41563 2 41571 27 41619 43 41722 6 41829 25 41876 42 41980 4 42087 23 42133 41 42237 3 42344 22 42389 41 42495 1 42601 21 42645 41 42856 22 42902 40 43111 23 43159 39 43361 30 43417 6 43427 28 43614 34 43673 5 43683 28 43869 37 43942 25 44124 39 44199 24 44379 40 44455 23 44635 40 44711 23 44864 4 44891 42 44968 21 45104 21 45147 42 45225 18 45339 2 45357 25 45403 43 45483 2 45490 6 45594 5 45612 26 45659 44 45747 4 45849 8 45864 31 45915 46 46105 9 46119 32 46171 47 46361 12 46374 34 46427 48 46617 47 46683 48 46874 46 46939 48 47075 12 47131 45 47194 49 47327 20 47388 44 47448 51 47582 25 47645 43 47704 51 47837 26 47902 41 47959 51 48092 29 48138 1 48159 40 48215 51 48348 30 48415 40 48470 48 48603 32 48671 39 48726 47 48859 32 48927 38 48981 48 49115 33 49168 5 49184 37 49237 48 49371 32 49423 9 49441 36 49493 48 49627 32 49679 9 49697 36 49750 47 49883 32 49935 8 49951 38 50007 46 50139 31 50191 8 50205 40 50263 46 50396 29 50447 6 50455 46 50519 42 50653 28 50703 6 50711 46 50775 40 50911 26 50961 3 50967 38 51031 39 51168 25 51223 30 51287 39 51425 24 51480 29 51542 37 51681 24 51737 27 51797 38 51937 24 51995 18 52052 37 52192 25 52253 15 52308 37 52448 25 52511 12 52564 37 52606 3 52703 26 52769 10 52820 36 52861 5 52958 27 53026 7 53076 35 53115 8 53213 26 53283 6 53333 35 53370 9 53469 26 53589 17 53607 28 53725 23 53846 16 53863 28 53981 22 54103 15 54119 28 54237 20 54361 42 54493 18 54584 4 54618 41 54748 17 54840 4 54875 40 55005 16 55096 4 55139 8 55149 21 55261 14 55351 5 55395 8 55405 21 55517 14 55607 5 55651 30 55774 11 55863 5 55907 30 56030 11 56120 4 56164 10 56175 16 56289 7 56377 3 56420 9 56431 15 56677 6 56689 12 56934 5 56947 9 57205 6 57462 5 58783 15 59038 17 59191 3 59293 22 59392 2 59447 4 59549 24 59648 5 59703 6 59805 25 59904 5 59958 8 60061 25 60160 14 60214 9 60316 28 60349 3 60416 15 60470 10 60571 30 60603 7 60672 15 60726 10 60827 40 60928 15 60983 9 61083 40 61184 16 61239 8 61339 42 61440 15 61495 8 61595 42 61696 15 61751 8 61851 43 61952 15 62007 7 62107 43 62208 13 62263 8 62363 43 62464 13 62515 12 62619 42 62720 12 62771 12 62874 43 62976 12 63027 12 63129 44 63232 11 63283 12 63385 42 63488 11 63540 11 63641 42 63744 12 63797 10 63898 39 64000 12 64053 10 64155 37 64256 11 64411 36 64512 11 64667 36 64768 11 64923 25 64949 10 65024 10 65180 23 65205 9 65280 9 65430 5 65439 10 65450 7 65461 9
966384,0 43 84 17 119 11 165 20 195 6 246 3 256 45 341 16 375 10 421 20 451 7 502 3 512 45 597 16 632 8 677 19 707 8 758 3 768 46 855 12 891 2 933 18 962 11 1014 3 1024 49 1111 10 1190 16 1217 12 1270 2 1280 51 1446 13 1473 14 1527 1 1536 51 1703 12 1728 15 1792 55 1962 7 1984 17 2048 56 2196 3 2219 5 2239 19 2304 58 2494 24 2560 59 2749 26 2816 59 2878 7 3005 28 3072 71 3260 29 3328 10 3343 58 3515 30 3584 11 3601 57 3771 31 3840 12 3860 57 4026 33 4096 12 4116 59 4281 34 4340 1 4352 15 4371 62 4536 36 4591 9 4608 16 4625 65 4791 38 4846 11 4864 84 5046 39 5100 19 5120 85 5302 40 5355 106 5558 40 5610 107 5814 40 5865 109 6070 41 6120 110 6246 1 6319 3 6326 41 6375 112 6491 1 6500 6 6568 55 6631 113 6746 5 6754 9 6820 59 6887 132 7075 61 7143 132 7332 21 7357 36 7400 132 7589 20 7619 30 7657 131 7845 20 7876 29 7914 130 8051 4 8101 20 8133 28 8171 129 8307 4 8357 20 8389 28 8428 129 8562 6 8612 20 8647 26 8687 126 8818 6 8866 22 8904 25 8948 121 9073 8 9120 23 9161 24 9206 120 9329 8 9375 24 9418 23 9462 132 9629 26 9675 15 9718 133 9883 28 9932 13 9975 132 10135 32 10188 12 10210 5 10240 124 10389 33 10445 11 10465 6 10496 123 10643 34 10700 11 10721 7 10752 123 10898 35 10955 12 10977 8 11008 123 11151 38 11211 12 11233 8 11264 123 11406 39 11467 12 11488 10 11520 122 11661 40 11721 12 11742 13 11776 122 11917 40 11977 11 11993 18 12032 122 12173 40 12235 34 12278 2 12288 122 12429 40 12491 36 12531 6 12544 122 12685 39 12749 44 12800 122 12941 39 13007 43 13056 109 13169 9 13197 39 13265 156 13426 7 13453 40 13521 155 13708 41 13777 154 13964 41 14033 152 14220 42 14289 47 14339 99 14476 42 14545 47 14597 96 14732 42 14801 47 14854 79 14935 12 14988 41 15057 47 15111 76 15243 42 15313 47 15367 75 15500 40 15569 47 15623 72 15757 39 15825 47 15880 69 16013 23 16037 14 16081 47 16138 65 16270 20 16295 12 16338 46 16395 64 16527 11 16553 10 16594 46 16653 62 16721 8 16784 7 16816 3 16851 45 16909 19 16930 41 16976 10 17041 2 17073 1 17107 24 17135 17 17167 15 17187 56 17363 24 17395 7 17403 5 17423 14 17443 56 17620 23 17651 13 17678 15 17701 60 17877 26 17907 9 17934 14 17957 19 17978 40 18134 25 18163 8 18189 16 18214 16 18236 39 18404 23 18445 16 18470 15 18493 38 18661 21 18699 18 18726 14 18749 38 18917 21 18954 20 18982 13 19005 38 19173 21 19209 22 19238 11 19261 38 19428 21 19465 22 19494 9 19517 38 19684 21 19721 23 19772 38 19939 20 19977 23 20028 36 20195 19 20235 18 20285 35 20324 8 20450 20 20493 16 20541 34 20580 9 20706 20 20752 11 20799 33 20834 12 20961 22 21055 48 21218 22 21313 48 21474 24 21500 4 21570 47 21731 29 21831 42 21989 27 22089 40 22247 25 22345 40 22509 19 22601 39 22663 5 22690 6 22766 18 22857 38 22915 11 22937 22 22999 4 23023 17 23113 38 23170 13 23193 24 23255 4 23279 17 23369 37 23422 17 23447 27 23510 5 23535 17 23626 35 23678 18 23704 27 23766 5 23791 17 23883 32 23934 19 23960 29 24023 4 24046 18 24139 19 24162 9 24190 19 24216 29 24279 4 24301 19 24397 16 24420 5 24445 20 24473 30 24534 4 24549 1 24557 19 24653 16 24678 1 24701 20 24729 10 24743 17 24790 3 24803 4 24812 20 24911 13 24951 27 24987 8 24999 18 25045 5 25058 7 25067 21 25167 12 25206 28 25243 9 25255 18 25301 5 25313 8 25323 21 25426 9 25461 29 25501 28 25556 8 25566 34 25683 7 25717 29 25757 28 25811 45 25940 3 25973 30 26015 26 26067 22 26091 21 26228 31 26271 26 26323 22 26347 21 26411 1 26483 34 26526 26 26579 45 26666 5 26739 34 26782 26 26835 8 26845 35 26920 8 26993 36 27037 27 27102 34 27176 9 27248 37 27293 27 27358 34 27431 16 27502 39 27549 27 27614 34 27687 18 27726 3 27757 40 27804 28 27870 34 27942 21 27979 7 28013 39 28060 27 28113 2 28125 35 28198 21 28235 7 28269 39 28315 28 28369 3 28381 35 28452 26 28489 10 28525 39 28571 28 28624 5 28637 35 28707 31 28744 11 28781 40 28826 29 28879 7 28893 38 28962 49 29037 74 29134 8 29150 39 29203 4 29217 50 29293 74 29390 8 29406 43 29457 7 29472 54 29547 76 29645 10 29663 43 29713 8 29727 56 29803 77 29901 10 29920 45 29967 11 29983 56 30059 79 30155 12 30178 57 30238 58 30314 81 30411 12 30435 117 30571 84 30656 2 30667 12 30693 115 30827 88 30923 12 30949 115 31084 32 31119 54 31179 12 31205 115 31340 31 31376 54 31435 11 31461 115 31597 25 31633 54 31690 12 31717 116 31853 24 31890 53 31946 11 31973 117 32109 23 32147 52 32202 11 32230 39 32270 76 32365 22 32403 52 32458 11 32486 39 32527 76 32621 20 32660 51 32715 8 32741 40 32785 74 32877 20 32916 51 32972 7 32996 39 33052 63 33135 16 33173 50 33230 2 33251 40 33308 63 33391 16 33429 50 33507 40 33564 37 33603 24 33648 15 33685 50 33763 41 33819 38 33861 22 33903 16 33941 49 34019 42 34075 37 34122 3 34129 10 34157 22 34180 3 34197 48 34277 40 34331 37 34386 9 34413 27 34453 47 34533 40 34587 37 34642 11 34667 30 34711 43 34791 38 34843 36 34898 13 34923 30 34967 41 35048 4 35053 32 35099 36 35154 15 35177 32 35226 37 35310 30 35355 36 35410 17 35433 32 35482 35 35567 28 35613 33 35665 57 35740 31 35834 3 35840 11 35869 33 35921 58 35997 24 36096 10 36131 26 36176 59 36253 22 36353 8 36387 26 36431 61 36495 6 36509 20 36645 24 36685 74 36766 19 36839 2 36901 23 36939 77 37022 18 37093 6 37163 16 37192 81 37274 4 37285 10 37347 8 37421 13 37447 90 37541 9 37602 10 37681 6 37701 34 37739 54 37798 6 37857 12 37957 34 37995 54 38055 4 38112 14 38135 1 38213 34 38254 53 38367 15 38468 35 38511 23 38537 26 38623 15 38723 37 38771 9 38793 27 38879 15 38920 1 38979 37 39030 2 39049 27 39135 15 39173 8 39235 37 39305 28 39392 14 39429 8 39490 38 39561 28 39648 14 39683 12 39745 38 39818 27 39905 13 39939 12 40000 26 40032 7 40074 28 40161 13 40193 16 40256 25 40331 27 40418 11 40448 21 40511 25 40591 23 40675 10 40704 25 40768 23 40849 21 40932 9 40960 25 41025 22 41107 19 41189 8 41216 26 41282 19 41367 14 41448 4 41472 27 41538 18 41569 5 41623 13 41728 27 41796 15 41822 10 41843 8 41984 27 42053 14 42077 12 42099 8 42232 35 42313 9 42330 15 42353 11 42427 4 42483 40 42571 7 42585 16 42609 12 42683 4 42737 42 42829 3 42841 16 42863 13 42938 7 42990 45 43097 16 43119 13 43194 7 43210 3 43245 46 43352 17 43374 13 43449 10 43464 7 43501 46 43608 17 43630 13 43704 11 43719 8 43757 46 43864 18 43886 11 43957 14 43973 12 44011 48 44119 19 44142 11 44213 13 44229 12 44266 47 44375 19 44399 10 44467 30 44521 48 44631 19 44655 10 44723 30 44777 46 44887 20 44911 8 44978 31 45031 48 45143 20 45165 10 45234 31 45286 47 45399 20 45421 8 45489 33 45541 48 45655 30 45745 37 45796 47 45911 30 45948 8 46001 40 46051 48 46168 5 46175 22 46203 10 46256 41 46306 49 46432 21 46457 14 46513 41 46561 20 46584 4 46592 19 46689 19 46713 18 46769 41 46816 21 46848 18 46946 17 46969 21 47025 26 47055 12 47071 22 47104 17 47202 17 47225 22 47282 25 47311 12 47327 22 47360 17 47465 7 47481 24 47540 22 47569 9 47582 24 47616 10 47629 2 47723 4 47737 24 47797 20 47825 9 47837 25 47872 9 47993 24 48054 19 48082 7 48093 24 48128 9 48249 24 48310 18 48339 4 48348 25 48384 9 48505 25 48567 12 48596 2 48604 26 48640 9 48761 1 48764 22 48824 8 48860 27 48896 8 49017 1 49021 21 49115 28 49152 9 49272 3 49277 21 49362 5 49369 30 49408 9 49527 4 49533 20 49615 8 49624 33 49664 9 49784 3 49789 20 49871 42 49920 8 50046 19 50125 46 50176 8 50302 18 50381 48 50432 7 50559 17 50636 20 50662 23 50688 7 50815 16 50838 4 50882 29 50918 23 50944 5 51071 16 51092 7 51136 31 51175 22 51200 5 51326 17 51347 9 51392 30 51431 20 51456 5 51477 3 51581 32 51647 31 51687 16 51712 6 51732 5 51837 33 51903 31 51943 15 51968 7 51987 7 52091 35 52159 31 52201 12 52224 7 52242 8 52347 36 52415 31 52457 10 52480 8 52498 8 52603 36 52672 31 52715 7 52736 8 52754 9 52859 36 52928 31 52973 4 52992 8 53010 9 53115 36 53184 33 53248 7 53267 7 53371 36 53441 32 53504 7 53524 5 53627 35 53697 32 53760 7 53781 4 53883 34 53953 21 53977 8 54016 7 54075 6 54109 8 54139 34 54211 18 54234 7 54272 6 54329 10 54365 9 54395 34 54467 17 54490 7 54528 2 54584 11 54621 11 54653 6 54664 20 54729 10 54747 4 54839 12 54877 11 54921 18 54987 8 55004 2 55095 12 55133 12 55178 15 55247 1 55351 12 55390 11 55435 14 55607 11 55647 10 55691 11 55863 12 55903 9 55948 9 56120 12 56160 7 56207 4 56377 11 56417 3 56633 12 56741 3 56829 3 56889 13 56993 8 57085 3 57144 15 57247 12 57340 4 57400 15 57503 14 57595 5 57656 15 57757 17 57851 5 57913 14 58012 18 58107 5 58170 13 58267 20 58363 5 58426 12 58523 20 58618 6 58684 9 58779 20 58875 5 58941 7 59035 20 59131 5 59177 4 59289 23 59387 5 59431 7 59545 23 59643 5 59686 9 59800 23 59900 4 59942 9 60056 23 60156 4 60197 10 60312 24 60413 3 60453 11 60568 25 60670 2 60709 12 60824 31 60927 1 60965 12 61080 33 61183 1 61222 12 61337 35 61439 1 61478 12 61595 34 61695 1 61733 13 61855 32 61950 2 61989 13 62112 31 62205 3 62245 12 62349 6 62369 32 62460 4 62501 12 62603 8 62626 31 62715 5 62757 12 62857 10 62883 31 62970 6 63013 11 63109 15 63139 32 63225 7 63269 10 63363 18 63397 30 63470 7 63478 10 63525 10 63619 18 63655 28 63725 19 63779 11 63873 20 63912 27 63979 21 64034 12 64129 19 64168 27 64234 22 64277 26 64383 20 64425 27 64488 24 64533 26 64638 21 64682 26 64744 24 64788 27 64893 21 64939 26 64999 25 65043 29 65148 21 65195 26 65254 26 65299 29 65404 21 65453 24 65509 27
972712,5572 1 13646 1 13901 3 14158 1 14414 1 17155 4 17411 4 17666 7 17921 8 18177 8 18432 9 18688 9 18945 8 19203 5 19461 1 25777 2 26033 9 26289 9 26546 8 26805 5 27062 5 27313 5 27319 4 27569 5 27577 2 27825 4 30987 3 41966 6 42221 8 42477 8 42733 7 42989 7 43246 5 46949 5 47204 7 47459 9 47715 9 47971 10 48227 10 48483 10 48740 9 48997 8 49254 7 49510 7 49766 7 50022 7 50279 6 50535 5 50791 5 51047 4 51303 5 51559 5 51816 5 52073 4 52329 5 52587 4 52845 2
976097,40407 2 40663 4 40919 4 41175 4 41406 7 41431 6 41662 6 41687 6 41918 3 41948 1 42174 3 42972 7 43227 10 43482 13 43737 14 43986 1 43991 16 44241 23 44497 24 44753 24 45009 24 45265 24 45523 6 45538 7 45780 5 45795 6 46053 3
980103,0 183 207 10 219 218 465 6 476 216 721 4 732 216 989 214 1245 214 1501 214 1758 213 2020 207 2278 203 2534 203 2790 201 3045 202 3300 201 3554 203 3810 202 4065 203 4321 204 4581 200 4839 196 5096 7 5104 185 5353 4 5361 183 5619 180 5876 179 6132 179 6389 178 6647 176 6903 176 7161 174 7417 174 7675 172 7931 172 8189 170 8429 2 8446 168 8704 165 8960 163 9148 1 9203 2 9216 163 9388 2 9403 2 9459 4 9472 161 9640 7 9657 3 9715 8 9728 161 9895 9 9913 4 9971 9 9984 161 10147 12 10168 6 10227 10 10240 175 10424 6 10483 10 10496 175 10681 5 10739 10 10752 172 10937 4 10995 9 11008 156 11165 12 11196 1 11252 6 11264 170 11509 4 11520 173 11753 2 11776 175 12010 1 12031 177 12211 2 12285 180 12467 3 12541 186 12797 187 13004 1 13053 189 13259 2 13309 190 13515 2 13565 190 13771 2 13822 189 14027 2 14078 189 14334 188 14589 190 14846 189 15103 188 15360 187 15616 187 15872 187 16062 2 16128 187 16384 187 16640 188 16896 188 17152 188 17408 188 17664 189 17920 190 18113 2 18176 193 18432 193 18688 193 18944 193 19148 1 19200 193 19404 1 19456 193 19712 193 19968 192 20224 191 20452 4 20480 191 20708 5 20732 3 20736 190 20964 6 20985 196 21220 7 21231 2 21243 190 21477 13 21500 189 21733 13 21756 189 21989 14 22013 189 22245 14 22269 189 22500 17 22525 189 22756 17 22781 172 22957 12 23011 18 23036 173 23213 12 23267 18 23292 172 23470 11 23521 22 23547 174 23725 12 23777 218 24033 208 24243 3 24247 4 24289 11 24302 195 24503 3 24546 7 24564 189 24759 1 24803 5 24820 168 24989 16 25014 2 25060 1 25085 150 25236 7 25246 15 25269 3 25347 141 25493 4 25503 1 25506 9 25525 3 25603 4 25611 134 25749 3 25763 7 25860 3 25868 135 26021 3 26080 3 26117 2 26125 134 26278 2 26335 4 26383 133 26592 3 26639 134 26849 2 26895 134 27151 134 27407 134 27662 125 27789 8 27917 126 28051 2 28173 126 28429 126 28684 127 28940 126 29195 126 29451 125 29707 124 29963 124 30109 4 30219 124 30365 5 30474 127 30621 5 30729 128 30881 1 30985 130 31137 1 31241 132 31393 1 31497 134 31696 3 31752 136 31893 2 31949 6 32007 137 32146 5 32205 6 32263 137 32402 5 32461 6 32519 146 32700 1 32712 11 32774 149 32937 2 32956 7 32967 12 33029 155 33191 5 33212 8 33222 12 33285 34 33323 118 33447 5 33467 8 33478 12 33542 30 33580 117 33701 7 33723 7 33734 9 33798 29 33837 118 33957 7 33979 7 33990 8 34001 1 34057 22 34081 3 34094 127 34235 6 34246 13 34314 21 34337 3 34351 127 34491 4 34502 3 34509 6 34589 2 34593 3 34608 127 34744 7 34756 5 34763 8 34845 7 34864 116 34981 10 34999 8 35011 6 35019 9 35101 8 35121 115 35237 11 35253 10 35267 18 35357 8 35377 143 35523 18 35613 9 35633 144 35779 20 35864 1 35869 9 35889 144 36035 20 36118 16 36145 167 36317 4 36373 17 36401 168 36572 5 36629 8 36638 7 36657 168 36829 4 36885 8 36895 6 36913 168 37086 3 37119 1 37141 6 37152 3 37169 166 37343 1 37363 3 37372 4 37398 4 37425 166 37599 3 37620 1 37628 4 37668 5 37681 166 37856 3 37879 9 37924 7 37937 166 38112 3 38134 10 38179 10 38192 167 38367 4 38389 11 38435 10 38447 168 38623 4 38645 11 38691 180 38879 6 38901 11 38947 181 39135 7 39157 11 39204 181 39390 9 39413 11 39447 2 39460 182 39645 10 39669 8 39701 5 39715 196 39925 8 39957 5 39971 197 40181 6 40213 5 40227 196 40469 4 40484 195 40725 4 40740 195 40981 4 40996 195 41235 6 41253 194 41491 6 41509 194 41746 7 41765 193 41983 1 41999 9 42021 192 42239 1 42255 3 42269 5 42276 192 42493 3 42511 3 42524 199 42749 3 42767 3 42780 199 43005 3 43023 3 43037 198 43261 3 43279 2 43297 195 43517 3 43551 197 43774 2 43805 198 44031 1 44061 198 44317 197 44573 197 44821 2 44828 197 45036 3 45077 3 45083 198 45292 3 45330 207 45548 3 45557 1 45585 208 45812 4 45841 208 46065 8 46097 207 46321 8 46353 207 46577 7 46609 207 46834 6 46867 205 47125 11 47137 191 47383 8 47395 189 47640 7 47650 190 47896 201 48152 201 48407 201 48663 200 48918 201 49173 202 49408 3 49429 202 49664 1 49684 203 49941 202 50197 203 50451 2 50461 195 50707 2 50718 194 50962 3 50976 192 51218 3 51233 191 51475 2 51491 1 51497 184 51731 1 51753 184 52010 184 52212 1 52224 4 52266 185 52467 3 52480 8 52521 166 52688 19 52724 1 52736 9 52777 166 52947 16 52992 9 53033 150 53187 12 53203 16 53248 10 53289 148 53443 12 53461 15 53504 10 53545 146 53699 11 53718 15 53760 10 53801 146 53955 11 53974 15 54016 10 54058 137 54210 13 54231 16 54272 10 54314 135 54466 13 54487 17 54528 9 54570 133 54722 13 54743 18 54764 1 54784 9 54827 131 54977 14 54999 18 55019 3 55040 8 55083 130 55233 15 55255 16 55276 1 55296 8 55339 130 55490 14 55511 12 55552 7 55594 130 55748 1 55753 8 55767 8 55808 7 55850 130 56009 8 56023 8 56064 8 56079 10 56105 131 56265 8 56279 9 56320 9 56333 15 56361 131 56521 8 56535 9 56576 31 56617 131 56777 6 56792 8 56832 32 56873 130 57033 4 57088 33 57130 129 57344 33 57385 131 57600 34 57641 131 57794 3 57856 34 57897 132 58049 5 58112 35 58153 132 58305 4 58323 2 58368 36 58408 133 58561 4 58579 4 58625 36 58663 134 58834 5 58882 35 58919 134 59090 4 59139 172 59345 4 59396 170 59601 4 59654 167 59858 3 59912 165 60115 2 60173 161 60369 2 60431 160 60625 2 60690 157 60879 4 60895 1 60947 156 61135 3 61149 3 61203 158 61363 6 61391 1 61405 4 61420 4 61459 167 61661 3 61676 3 61715 168 61917 3 61932 3 61972 167 62173 3 62188 3 62228 168 62446 2 62484 169 62702 2 62740 170 62959 1 62996 171 63251 174 63507 174 63748 6 63762 176 64003 8 64018 176 64218 1 64256 13 64274 177 64473 5 64512 13 64530 177 64727 8 64768 14 64787 176 64983 8 65024 14 65044 15 65060 159 65239 8 65280 14 65319 156 65495 8
981723,23 54 145 70 237 12 255 1 279 54 401 70 493 14 511 1 535 54 657 70 749 15 773 1 791 54 913 71 1005 16 1027 3 1047 54 1169 71 1262 17 1281 6 1303 11 1317 39 1425 72 1518 18 1537 6 1560 9 1575 37 1680 72 1775 24 1835 34 1936 72 2033 14 2048 7 2091 35 2192 72 2289 14 2304 9 2350 33 2448 71 2545 25 2607 33 2705 70 2801 28 2865 32 2961 70 3057 30 3121 32 3187 2 3217 70 3313 32 3377 32 3441 5 3473 71 3569 32 3633 32 3696 7 3729 71 3826 31 3889 32 3949 11 3984 72 4083 30 4145 31 4203 13 4240 72 4339 30 4401 30 4459 14 4495 72 4597 28 4657 30 4714 15 4751 72 4854 28 4913 28 4969 16 5005 73 5112 26 5169 28 5225 17 5261 73 5369 26 5425 27 5481 21 5517 72 5626 25 5680 28 5738 21 5773 72 5883 25 5936 27 5997 20 6030 71 6105 4 6144 20 6192 27 6255 18 6287 69 6361 18 6400 21 6448 27 6512 18 6543 70 6615 23 6656 21 6704 27 6753 2 6769 17 6800 95 6912 22 6961 27 7008 3 7028 14 7057 96 7168 23 7217 13 7231 13 7264 3 7284 13 7313 97 7424 25 7473 10 7511 7 7541 12 7570 97 7680 27 7711 4 7729 10 7767 9 7797 12 7825 98 7936 37 7982 17 8020 15 8054 9 8081 101 8192 39 8237 19 8275 16 8311 6 8336 103 8448 40 8491 22 8520 5 8530 19 8569 2 8591 106 8704 40 8747 22 8776 7 8785 20 8813 5 8847 106 8960 66 9031 31 9065 14 9102 108 9216 67 9287 31 9321 15 9358 110 9472 67 9542 32 9576 16 9606 1 9615 110 9728 102 9832 16 9862 1 9871 111 9984 103 10088 16 10128 110 10240 103 10345 15 10385 109 10496 119 10641 41 10685 65 10752 106 10861 8 10897 40 10942 63 11008 31 11044 70 11157 34 11199 62 11264 31 11301 69 11409 38 11457 2 11462 55 11520 31 11557 69 11663 13 11687 14 11721 52 11776 31 11814 68 11917 15 11945 11 11977 52 12032 31 12070 67 12170 19 12202 9 12237 45 12288 31 12326 67 12423 22 12459 7 12495 42 12544 30 12581 68 12677 26 12717 4 12752 40 12800 29 12837 68 12932 28 12974 2 13009 38 13056 29 13093 68 13186 31 13265 38 13312 29 13349 69 13441 33 13522 37 13568 27 13604 72 13696 36 13779 36 13824 27 13860 73 13951 38 14037 34 14080 25 14115 76 14207 38 14295 31 14336 25 14371 77 14463 39 14551 31 14591 26 14627 77 14719 39 14808 29 14845 26 14882 78 14975 39 15065 28 15100 20 15138 78 15231 40 15308 1 15321 27 15355 21 15394 77 15487 40 15563 4 15577 27 15611 22 15650 77 15744 40 15818 7 15833 26 15867 23 15906 76 16000 41 16073 10 16088 27 16122 27 16162 76 16256 42 16329 42 16376 30 16418 75 16512 43 16586 41 16631 40 16673 75 16769 42 16841 87 16929 70 17025 41 17096 157 17281 40 17350 159 17537 40 17605 160 17794 41 17860 161 18050 41 18115 160 18306 41 18354 3 18371 160 18563 41 18609 5 18626 160 18819 41 18862 9 18878 163 19074 42 19117 10 19131 166 19330 223 19585 224 19814 5 19839 226 20069 8 20095 241 20349 244 20605 246 20859 252 21114 1842 22957 254 23214 251 23473 248 23729 30 23761 215 23988 25 24020 11 24032 200 24245 24 24277 8 24289 198 24503 22 24546 197 24759 22 24802 196 25017 19 25059 194 25274 18 25315 194 25533 14 25571 194 25792 11 25826 196 26081 198 26337 13 26361 178 26594 9 26617 14 26633 162 26850 9 26873 12 26890 17 26915 138 27107 6 27129 12 27148 15 27172 137 27363 6 27385 11 27409 8 27429 136 27641 11 27666 6 27677 3 27685 136 27898 9 27930 8 27943 134 28157 6 28186 9 28199 134 28415 5 28442 9 28455 134 28672 4 28698 9 28711 134 28928 5 28954 9 28968 132 29184 5 29210 9 29223 133 29440 5 29467 8 29477 135 29696 4 29723 6 29733 135 29952 3 29990 135 30208 3 30247 79 30327 56 30464 1 30502 80 30583 58 30758 80 30839 58 31014 80 31095 59 31270 78 31349 61 31526 77 31606 1 31610 55 31783 77 31862 1 31866 55 32041 76 32120 56 32297 76 32376 56 32555 75 32631 56 32811 132 33068 131 33325 129 33581 128 33837 128 34096 1 34101 119 34361 114 34587 1 34591 4 34618 113 34843 10 34875 112 35098 13 35134 107 35353 14 35391 106 35608 15 35654 97 35863 16 35915 91 36115 19 36172 90 36370 20 36429 89 36625 20 36685 89 36863 1 36881 20 36941 88 37118 2 37136 21 37197 88 37370 6 37392 20 37453 88 37625 7 37648 19 37710 86 37880 8 37904 19 37966 86 38136 8 38161 18 38194 5 38222 89 38392 8 38417 19 38449 7 38478 95 38648 8 38673 20 38703 10 38735 98 38905 7 38929 20 38959 11 38991 98 39140 1 39161 7 39184 22 39213 14 39237 2 39249 97 39393 5 39419 5 39439 24 39469 14 39491 6 39505 97 39648 7 39675 5 39682 1 39695 46 39744 11 39760 99 39900 13 39932 8 39950 47 39999 12 40016 99 40135 4 40155 14 40188 10 40207 46 40255 12 40272 99 40393 2 40409 17 40444 10 40463 47 40511 12 40528 100 40649 3 40665 18 40699 12 40719 166 40905 6 40920 21 40955 12 40975 167 41161 36 41211 13 41231 168 41409 4 41416 38 41459 21 41487 169 41663 48 41715 21 41743 224 41971 21 41999 224 42227 22 42255 224 42481 24 42511 224 42736 25 42767 250 43023 250 43281 247 43538 238 43779 3 43799 233 44057 217 44275 13 44312 232 44567 233 44823 233 45079 233 45335 233 45591 233 45847 233 46103 233 46360 232 46617 231 46852 3 46875 229 47106 6 47125 4 47135 225 47361 9 47379 7 47394 105 47504 112 47617 10 47634 8 47651 96 47749 6 47760 112 47873 24 47909 93 48017 136 48166 91 48273 86 48360 24 48385 26 48424 89 48530 85 48616 24 48641 27 48681 88 48786 84 48873 23 48897 28 48938 86 49042 84 49129 23 49153 28 49194 85 49298 83 49385 23 49409 29 49450 79 49554 83 49641 20 49665 30 49707 77 49811 81 49897 20 49920 31 49963 75 50067 80 50153 19 50176 31 50219 74 50324 78 50409 18 50432 31 50477 72 50581 76 50666 17 50688 31 50734 71 50837 76 50923 16 50944 31 50992 68 51094 73 51179 15 51201 30 51250 66 51350 73 51436 13 51458 29 51510 61 51607 12 51621 55 51694 11 51714 29 51767 61 51865 9 51879 52 51951 10 51971 28 52024 64 52126 1 52137 48 52209 6 52227 28 52281 64 52393 48 52466 4 52481 31 52539 64 52650 47 52736 32 52797 62 52906 47 52992 33 53055 61 53163 46 53248 33 53312 60 53418 47 53504 33 53570 59 53673 52 53760 33 53827 58 53929 54 54016 33 54084 56 54185 55 54272 34 54340 56 54441 56 54528 35 54596 56 54697 57 54784 35 54853 55 54953 58 55040 35 55109 55 55210 57 55296 35 55365 55 55467 57 55552 36 55622 55 55724 57 55808 36 55879 54 55981 22 56005 32 56064 24 56089 10 56135 54 56237 18 56267 27 56320 24 56345 10 56392 53 56493 16 56526 24 56576 24 56603 6 56650 52 56749 16 56783 23 56832 24 56861 2 56907 51 57005 16 57039 23 57088 25 57163 50 57262 15 57295 23 57344 25 57420 49 57519 14 57551 23 57600 7 57613 13 57676 49 57781 7 57807 23 57856 7 57870 13 57933 48 58039 4 58063 23 58112 5 58127 12 58189 47 58318 25 58368 5 58383 13 58446 45 58573 27 58624 3 58639 14 58702 44 58829 28 58880 1 58895 14 58959 42 59086 27 59151 14 59215 42 59343 11 59356 13 59407 14 59470 45 59526 3 59599 10 59613 11 59663 13 59725 48 59781 6 59803 7 59855 9 59871 8 59919 13 59981 49 60037 6 60057 10 60111 8 60129 5 60174 13 60237 49 60292 8 60311 13 60365 10 60430 13 60492 50 60548 9 60567 14 60614 17 60685 13 60747 50 60803 12 60821 18 60868 19 60941 13 61002 20 61024 11 61039 14 61059 14 61077 17 61124 19 61197 12 61256 21 61283 6 61296 6 61314 36 61379 20 61454 10 61511 22 61541 3 61552 5 61569 36 61635 20 61710 10 61765 22 61811 1 61823 38 61891 22 61966 10 62020 21 62079 37 62147 22 62221 12 62275 21 62333 36 62404 21 62476 14 62531 20 62587 37 62660 21 62731 16 62786 20 62841 36 62897 5 62916 21 62987 16 63042 19 63097 35 63152 6 63172 21 63243 18 63299 17 63352 35 63403 12 63428 21 63499 19 63555 17 63607 35 63657 16 63684 21 63754 21 63811 2 63814 13 63862 30 63913 19 63940 21 64010 22 64072 7 64115 32 64169 20 64195 22 64255 1 64266 23 64369 34 64425 22 64451 22 64505 7 64522 23 64624 35 64681 48 64759 9 64778 24 64879 36 64937 47 65013 11 65035 23 65135 35 65195 44 65268 12 65282 4 65291 24 65391 34 65456 27 65523 13
982804,0 65536
986585,0 4181 4183 254 4441 252 4697 253 4953 159 5115 252 5371 252 5628 251 5884 251 6140 3 6144 247 6396 2 6400 248 6651 4 6656 249 6907 71 6981 253 7237 252 7493 252 7749 252 8004 253 8259 254 8514 254 8769 253 9025 253 9281 251 9537 250 9793 250 10047 1524 11577 250 11834 251 12091 250 12347 252 12603 253 12858 710 13569 255 13825 255 14083 4 14102 234 14340 3 14359 233 14597 1 14615 233 14870 234 15124 236 15379 238 15633 240 15888 240 16141 243 16395 245 16649 247 16905 247 17160 248 17415 249 17671 249 17926 250 18181 251 18437 251 18691 253 18947 253 19203 253 19457 255 19713 2202 21917 253 22173 254 22432 252 22689 252 22949 250 23205 252 23461 254 23717 5092 28810 255 29067 254 29323 254 29579 336 29917 254 30174 3 30179 248 30431 1 30435 248 30693 247 30950 247 31209 244 31466 243 31726 239 31982 240 32229 1 32237 241 32484 3 32493 251 32752 15 32768 232 33009 14 33024 233 33272 6 33280 233 33529 4 33536 232 33792 233 34048 235 34292 6 34304 242 34547 7 34560 253 34816 254 35072 3484 38557 1221 39783 250 40039 250 40294 251 40549 252 40805 252 41061 252 41315 254 41571 254 41826 254 42081 3309 45393 252 45650 250 45907 248 46163 105 46273 138 46425 99 46530 137 46681 99 46787 134 46937 99 47042 135 47193 100 47297 136 47449 239 47705 238 47961 238 48216 238 48472 237 48728 236 48984 237 49240 237 49495 238 49749 241 49998 249 50253 252 50507 6114 56623 252 56880 251 57137 250 57393 250 57649 250 57905 251 58159 3194 61358 251 61614 251 61869 252 62125 3411
990714,97 13 133 10 178 33 241 7 352 14 390 9 435 32 499 5 608 14 646 9 691 31 756 5 864 15 902 9 947 31 1015 1 1120 15 1158 9 1203 30 1376 16 1414 10 1459 30 1631 18 1671 9 1715 30 1886 19 1927 9 1970 31 2141 21 2184 9 2225 32 2397 21 2440 8 2481 33 2653 22 2696 8 2738 33 2909 22 2953 6 2994 33 3165 21 3209 6 3251 32 3422 20 3507 33 3679 18 3763 33 3936 16 4020 32 4193 14 4277 31 4341 6 4451 6 4533 31 4595 12 4789 32 4851 12 5045 32 5106 14 5301 32 5362 14 5551 38 5617 15 5806 39 5873 15 6062 40 6129 15 6317 42 6385 15 6541 4 6573 44 6642 14 6796 6 6829 46 6899 13 7051 8 7085 46 7155 13 7307 8 7340 47 7412 12 7563 10 7596 47 7671 9 7819 10 7852 47 7928 8 8076 11 8107 48 8185 7 8332 11 8363 48 8441 7 8588 10 8620 45 8693 11 8843 10 8876 45 8947 13 9099 8 9133 42 9202 14 9355 6 9390 41 9458 14 9611 5 9647 36 9713 15 9867 4 9903 35 9969 15 10157 36 10224 16 10413 36 10479 17 10669 37 10735 17 10924 39 10991 17 11179 41 11247 17 11435 41 11503 17 11691 42 11759 17 11947 42 12015 17 12203 43 12270 18 12459 43 12525 19 12615 5 12717 40 12781 19 12869 8 12973 40 13037 19 13124 9 13229 40 13292 20 13379 10 13485 40 13548 20 13635 10 13741 40 13804 20 13891 11 13997 40 14060 20 14147 11 14254 39 14317 19 14403 12 14510 39 14573 19 14660 11 14766 39 14829 19 14917 10 15021 40 15085 19 15174 9 15276 40 15341 19 15431 7 15531 40 15597 19 15667 1 15787 38 15854 18 15921 5 16043 36 16111 17 16174 11 16297 38 16367 17 16429 12 16551 40 16623 17 16685 14 16804 42 16879 17 16941 14 17059 42 17135 1 17139 13 17195 23 17313 43 17398 10 17451 24 17569 42 17646 4 17653 11 17708 24 17825 40 17901 19 17964 25 18080 41 18155 21 18217 28 18337 39 18409 23 18473 28 18597 35 18664 24 18729 28 18836 4 18854 33 18919 25 18984 29 19091 6 19110 31 19167 33 19240 29 19345 10 19367 24 19421 35 19496 29 19601 11 19623 24 19677 35 19753 29 19857 12 19878 25 19931 37 20009 29 20112 13 20134 25 20187 37 20269 24 20363 3 20370 10 20390 19 20439 41 20526 13 20544 3 20619 4 20627 8 20646 17 20694 42 20784 10 20874 6 20903 15 20949 43 21041 8 21129 7 21159 15 21204 44 21283 3 21299 1 21385 8 21415 14 21460 44 21538 3 21565 2 21642 6 21671 15 21715 45 21793 4 21819 6 21899 4 21927 15 21971 45 22048 4 22074 8 22155 3 22183 15 22227 45 22301 6 22331 5 22438 16 22483 45 22556 7 22694 16 22738 46 22812 7 22950 15 22994 46 23069 6 23205 16 23250 46 23327 2 23461 16 23507 45 23717 16 23763 45 23973 16 24019 45 24229 16 24275 45 24486 15 24532 44 24743 14 24788 44 25000 13 25045 43 25256 13 25301 43 25515 11 25559 41 25771 12 25815 41 26027 15 26071 41 26269 3 26284 15 26327 41 26391 5 26540 17 26582 42 26647 6 26796 17 26837 44 26902 8 27052 17 27093 46 27159 7 27308 17 27348 48 27416 6 27441 4 27564 18 27604 43 27648 4 27673 4 27698 4 27820 17 27859 43 27904 5 27955 3 28045 5 28075 18 28115 43 28160 5 28211 3 28300 7 28331 18 28371 42 28416 6 28555 8 28587 17 28627 43 28672 7 28810 10 28844 15 28882 44 28928 9 29065 17 29100 15 29137 46 29184 10 29321 18 29357 14 29393 46 29440 13 29577 20 29613 14 29649 15 29668 27 29696 13 29833 20 29870 14 29905 14 29925 42 30089 20 30127 14 30163 12 30181 42 30345 20 30383 14 30419 12 30437 42 30601 20 30640 13 30677 8 30693 43 30857 20 30897 13 30935 4 30949 43 31112 21 31155 11 31205 43 31368 20 31413 9 31461 43 31624 19 31670 8 31716 44 31880 18 31927 7 31971 44 32137 17 32185 8 32225 46 32393 17 32441 10 32481 46 32659 4 32698 9 32735 48 32954 10 32991 48 33211 10 33245 52 33306 3 33468 7 33501 54 33559 9 33757 56 33814 11 34013 68 34087 5 34268 30 34299 39 34342 7 34461 6 34524 29 34555 40 34597 8 34713 10 34779 72 34853 7 34966 13 35035 80 35219 16 35290 80 35474 17 35515 6 35546 79 35729 17 35770 15 35803 78 35985 17 36025 16 36059 80 36235 22 36281 18 36317 79 36483 29 36537 18 36575 78 36738 30 36793 18 36833 76 36994 30 37049 11 37064 3 37090 45 37145 21 37250 30 37305 10 37321 2 37350 41 37402 21 37507 30 37561 10 37577 2 37608 38 37659 22 37763 30 37815 10 37832 5 37868 34 37915 22 38020 29 38071 10 38088 5 38127 31 38171 23 38277 11 38293 12 38327 12 38343 6 38386 29 38427 23 38533 10 38549 12 38583 12 38599 6 38644 30 38684 22 38790 9 38805 22 38841 20 38901 30 38940 22 39047 8 39061 23 39097 20 39157 31 39196 21 39303 9 39317 24 39353 20 39412 33 39452 20 39560 7 39573 26 39609 20 39668 34 39709 16 39818 4 39829 27 39867 18 39924 35 39965 15 40086 27 40123 17 40180 35 40221 13 40345 24 40385 9 40437 34 40477 12 40602 24 40643 5 40693 35 40733 11 40858 25 40951 34 40989 11 41113 27 41207 2 41212 30 41245 10 41367 31 41446 3 41472 27 41501 10 41622 33 41700 7 41729 27 41759 8 41877 35 41954 10 41986 27 42015 8 42133 36 42210 11 42241 28 42275 1 42389 36 42466 10 42497 28 42645 36 42723 9 42753 30 42903 36 42979 9 43009 30 43159 38 43236 8 43264 31 43415 40 43501 6 43520 32 43671 40 43754 11 43776 33 43928 39 44009 14 44032 33 44184 39 44265 15 44288 33 44441 38 44519 59 44697 39 44775 59 44955 38 45030 60 45213 36 45260 1 45285 60 45371 1 45471 34 45515 3 45540 61 45728 33 45771 3 45795 62 45931 5 45987 31 46028 1 46050 63 46186 7 46243 31 46299 4 46305 64 46442 9 46502 25 46553 72 46698 9 46769 8 46809 71 46933 4 46954 9 47065 71 47187 9 47210 9 47321 70 47442 13 47467 8 47576 71 47698 14 47723 8 47831 70 47953 16 47979 8 48087 70 48209 17 48236 7 48342 70 48465 17 48493 6 48598 70 48721 16 48749 6 48828 3 48854 69 48978 15 49005 6 49083 5 49109 70 49235 14 49261 6 49338 6 49365 68 49493 12 49517 7 49591 9 49621 68 49750 11 49774 5 49846 10 49877 42 49920 26 50007 9 50031 4 50063 3 50099 12 50134 40 50176 27 50264 8 50318 5 50353 13 50391 38 50432 32 50521 6 50574 5 50611 10 50647 37 50688 35 50778 5 50830 5 50867 10 50903 35 50944 37 51086 5 51159 30 51200 38 51342 5 51415 29 51456 40 51599 4 51671 27 51712 41 51855 4 51875 2 51927 26 51968 42 52109 9 52121 14 52183 26 52224 42 52364 28 52439 25 52480 43 52617 31 52697 23 52736 43 52783 3 52872 32 52953 22 52992 43 53036 8 53127 34 53211 20 53248 52 53382 36 53467 20 53504 53 53637 38 53724 20 53760 53 53893 39 53981 18 54016 53 54149 39 54249 2 54272 8 54281 44 54405 39 54539 40 54644 5 54661 40 54795 39 54891 3 54898 8 54917 41 55051 38 55145 18 55173 42 55307 37 55401 18 55429 43 55563 36 55657 20 55685 43 55819 36 55912 21 55941 43 56076 35 56168 21 56198 42 56262 9 56323 3 56332 35 56424 22 56457 39 56517 11 56578 4 56589 30 56679 22 56716 36 56772 15 56834 3 56845 30 56935 22 56972 36 57027 24 57090 3 57102 28 57191 21 57229 34 57282 26 57315 12 57346 5 57358 27 57446 21 57485 34 57537 27 57571 16 57603 4 57614 26 57701 20 57740 35 57791 29 57825 19 57859 4 57870 25 57957 20 57996 35 58047 29 58081 20 58117 1 58127 24 58213 19 58253 34 58301 31 58341 15 58383 24 58469 19 58509 34 58555 33 58598 14 58639 24 58725 19 58765 33 58810 35 58856 11 58895 24 58981 20 59021 33 59065 37 59114 9 59151 25 59238 19 59278 32 59320 39 59371 8 59408 24 59495 19 59535 32 59575 42 59628 6 59665 24 59751 20 59792 31 59830 44 59922 23 60007 20 60049 30 60085 45 60181 20 60264 19 60305 30 60340 47 60439 18 60521 18 60561 30 60595 48 60699 14 60777 18 60818 29 60851 48 60957 12 61034 16 61074 29 61107 48 61215 10 61291 14 61330 12 61351 6 61363 48 61473 8 61547 14 61577 21 61611 2 61619 48 61804 12 61831 22 61876 49 62061 10 62087 22 62132 50 62318 9 62342 22 62389 52 62575 6 62598 21 62645 52 62855 20 62901 54 63111 20 63156 57 63215 4 63368 19 63412 65 63625 18 63668 66 63883 16 63925 68 63998 2 64141 13 64181 71 64254 2 64437 75 64695 73 64794 3 64952 72 65050 4 65208 72 65306 5 65465 71
995278,199 28 235 21 455 30 491 21 711 30 747 21 967 32 1003 21 1222 58 1477 59 1732 60 1987 61 2242 62 2497 63 2752 64 3007 65 3262 66 3517 51 3571 13 3773 51 3827 13 4029 52 4085 11 4285 52 4341 11 4389 1 4543 50 4599 9 4640 7 4802 47 4855 9 4893 11 5058 47 5113 7 5149 11 5314 47 5369 7 5404 12 5569 48 5625 7 5660 11 5825 49 5881 7 5917 9 6081 49 6137 7 6173 8 6337 50 6392 8 6431 5 6592 52 6647 9 6688 3 6848 64 7103 65 7359 65 7615 65 7871 65 8127 65 8382 66 8637 67 8893 67 9149 67 9404 68 9659 69 9915 69 10171 69 10428 68 10684 68 10941 67 11198 66 11454 66 11710 66 11966 66 12213 4 12223 65 12469 4 12479 65 12723 7 12735 65 12979 8 12991 65 13234 9 13247 65 13490 9 13503 65 13745 10 13759 65 14001 10 14015 65 14258 9 14271 65 14515 8 14527 14 14543 49 14772 7 14785 11 14799 49 15007 3 15029 6 15042 9 15056 48 15261 8 15286 5 15301 5 15312 48 15517 8 15543 4 15567 49 15773 9 15801 2 15819 53 16029 10 16057 1 16075 53 16255 11 16285 10 16331 53 16510 14 16541 10 16587 53 16765 17 16798 8 16843 53 17021 19 17054 8 17099 52 17275 24 17311 6 17355 50 17531 24 17569 4 17611 49 17787 25 17868 35 18043 25 18124 35 18298 27 18383 34 18431 1 18554 27 18650 23 18687 1 18811 26 18907 22 18941 3 19067 26 19163 22 19197 3 19327 22 19419 22 19453 3 19584 21 19676 21 19710 2 19819 1 19841 20 19933 20 19967 1 20075 2 20098 19 20189 20 20328 5 20355 18 20447 16 20582 7 20612 17 20835 10 20869 17 21091 10 21126 16 21346 13 21360 2 21383 14 21602 19 21640 13 21857 26 21897 11 22113 26 22156 7 22368 29 22413 6 22623 30 22669 6 22879 31 22926 5 23134 32 23183 3 23390 32 23441 1 23647 32 23906 30 24163 30 24201 5 24421 30 24456 9 24678 29 24711 11 24937 29 24967 12 25195 40 25456 36 25713 36 25969 38 26225 39 26458 9 26482 39 26714 10 26738 40 26953 4 26969 12 26995 40 27209 6 27225 12 27250 5 27257 34 27464 8 27480 14 27505 4 27515 32 27720 8 27736 17 27761 5 27771 32 27975 10 27991 23 28017 7 28026 33 28231 10 28247 25 28273 42 28487 11 28503 25 28531 40 28743 12 28757 27 28787 38 29001 40 29043 36 29258 77 29517 72 29773 72 30029 72 30285 72 30542 71 30798 71 31054 69 31134 1 31309 70 31387 6 31565 70 31641 12 31821 69 31897 12 32077 67 32153 12 32333 67 32409 13 32589 66 32665 13 32845 64 32922 11 33101 62 33179 10 33357 47 33409 10 33435 10 33614 45 33666 9 33692 7 33870 45 33922 9 33948 7 34126 45 34178 15 34204 4 34382 31 34421 6 34433 17 34460 2 34638 29 34677 6 34689 17 34895 26 34933 6 34945 17 35151 15 35189 6 35201 17 35407 15 35446 4 35458 16 35663 14 35715 14 35919 14 35971 14 36174 14 36226 7 36236 4 36430 13 36482 6 36494 1 36686 11 36737 5 36943 8 36993 4 37199 4 37249 3 37457 1 37505 1 37758 2 38013 3 38261 4 38266 6 38515 13 38769 14 39025 10 39255 4 39280 11 39511 4 39536 9 39765 7 39791 8 40021 8 40045 10 40276 9 40299 3 40521 1 40531 11 40555 3 40787 12 41043 12 41299 13 41555 12 41811 11 42068 9 42325 6 42582 3
